Date,Open,High,Low,Close,Adj Close,Volume
2013-10-28,6.5,6.5,6.353332996368408,6.4033331871032715,5.24271297454834,12658800
2013-10-29,6.400000095367432,6.416666030883789,6.283332824707031,6.309999942779541,5.166296482086182,1794300
2013-10-30,6.266665935516357,6.266665935516357,6.170000076293945,6.170000076293945,5.051671981811523,1532100
2013-10-31,6.116665840148926,6.436666011810303,6.116665840148926,6.3933329582214355,5.234525203704834,2972700
2013-11-01,6.323332786560059,6.656665802001953,6.296666145324707,6.633333206176758,5.43102502822876,539700
2013-11-04,6.763332843780518,7.093332767486572,6.703332901000977,6.993332862854004,5.725773811340332,1581600
2013-11-05,6.993332862854004,7.1966657638549805,6.933332920074463,7.166666030883789,5.867689609527588,569100
2013-11-06,7.170000076293945,7.296666145324707,6.949999809265137,6.960000038146973,5.698482036590576,213600
2013-11-07,6.96999979019165,7.166666030883789,6.96999979019165,7.166666030883789,5.867689609527588,316800
2013-11-08,7.166666030883789,7.233333110809326,7.059999942779541,7.179999828338623,5.878607273101807,273900
2013-11-11,7.1533331871032715,7.176665782928467,7.126666069030762,7.176665782928467,5.8758769035339355,25800
2013-11-12,7.133333206176758,7.176665782928467,7.056665897369385,7.150000095367432,5.8540449142456055,696300
2013-11-13,7.156665802001953,7.216666221618652,7.116665840148926,7.216666221618652,5.908627510070801,138600
2013-11-14,7.216666221618652,7.329999923706055,7.150000095367432,7.329999923706055,6.0014190673828125,333300
2013-11-18,7.363333225250244,7.363333225250244,7.243332862854004,7.28000020980835,5.960481643676758,688200
2013-11-19,7.276666164398193,7.28000020980835,7.00666618347168,7.25,5.935919284820557,419400
2013-11-21,7.106666088104248,7.216666221618652,7.00666618347168,7.00666618347168,5.736690521240234,588300
2013-11-22,7.046666145324707,7.096665859222412,6.7733330726623535,6.873332977294922,5.627523899078369,535800
2013-11-25,6.8333330154418945,7.016665935516357,6.813333034515381,6.900000095367432,5.649357318878174,163200
2013-11-26,6.836666107177734,7.2133331298828125,6.736666202545166,7.2133331298828125,5.905898094177246,264000
2013-11-27,7.073332786560059,7.2133331298828125,7.073332786560059,7.199999809265137,5.894981384277344,141900
2013-11-28,7.199999809265137,7.216666221618652,7.116665840148926,7.183332920074463,5.881335735321045,155400
2013-11-29,7.113333225250244,7.25,7.086666107177734,7.183332920074463,5.881335735321045,168000
2013-12-02,7.03000020980835,7.1433329582214355,7.00333309173584,7.1433329582214355,5.848585605621338,137700
2013-12-03,7.013332843780518,7.096665859222412,6.853332996368408,6.996665954589844,5.728503227233887,392100
2013-12-04,6.996665954589844,6.996665954589844,6.8333330154418945,6.916666030883789,5.663002967834473,332400
2013-12-05,6.996665954589844,7.0,6.703332901000977,6.900000095367432,5.649357318878174,567000
2013-12-06,6.860000133514404,6.866665840148926,6.693333148956299,6.866665840148926,5.62206506729126,308700
2013-12-09,6.78000020980835,6.809999942779541,6.72666597366333,6.766665935516357,5.540190696716309,535200
2013-12-10,6.71999979019165,6.769999980926514,6.546666145324707,6.6966657638549805,5.4828782081604,1634100
2013-12-11,6.666666030883789,6.71999979019165,6.646666049957275,6.703332901000977,5.48833703994751,975300
2013-12-12,6.670000076293945,6.736666202545166,6.599999904632568,6.683332920074463,5.471961498260498,670200
2013-12-13,6.686666011810303,6.849999904632568,6.673333168029785,6.849999904632568,5.608419895172119,1134000
2013-12-16,6.813333034515381,6.926665782928467,6.786665916442871,6.926665782928467,5.671189785003662,798000
2013-12-17,6.933332920074463,7.0,6.920000076293945,7.0,5.731232643127441,1034700
2013-12-18,7.0,7.130000114440918,6.8933329582214355,7.130000114440918,5.837669849395752,1007700
2013-12-19,7.090000152587891,7.300000190734863,7.076665878295898,7.300000190734863,5.976856708526611,651000
2013-12-20,7.329999923706055,7.329999923706055,7.010000228881836,7.22666597366333,5.916814804077148,1565700
2013-12-23,7.193333148956299,7.300000190734863,7.159999847412109,7.300000190734863,5.976856708526611,414600
2013-12-26,7.210000038146973,7.300000190734863,7.166666030883789,7.166666030883789,5.867689609527588,228600
2013-12-27,7.199999809265137,7.199999809265137,7.010000228881836,7.066666126251221,5.785815238952637,579600
2013-12-30,7.036665916442871,7.066666126251221,6.936666011810303,7.066666126251221,5.785815238952637,1423200
2014-01-02,7.066666126251221,7.066666126251221,6.800000190734863,6.916666030883789,5.663002967834473,403200
2014-01-03,6.896666049957275,6.996665954589844,6.849999904632568,6.900000095367432,5.649357318878174,565200
2014-01-06,6.866665840148926,6.940000057220459,6.803332805633545,6.8333330154418945,5.5947747230529785,1075800
2014-01-07,6.866665840148926,6.913332939147949,6.716666221618652,6.716666221618652,5.499253749847412,246900
2014-01-08,6.710000038146973,6.776666164398193,6.650000095367432,6.75666618347168,5.532003402709961,339600
2014-01-09,6.736666202545166,6.849999904632568,6.50333309173584,6.599999904632568,5.403732776641846,376800
2014-01-10,6.5833330154418945,6.630000114440918,6.416666030883789,6.516665935516357,5.335503578186035,497700
2014-01-13,6.496665954589844,6.516665935516357,6.420000076293945,6.466666221618652,5.294566631317139,436500
2014-01-14,6.496665954589844,6.533332824707031,6.436666011810303,6.5,5.3218584060668945,274500
2014-01-15,6.5,6.633333206176758,6.5,6.616665840148926,5.4173784255981445,450900
2014-01-16,6.646666049957275,6.716666221618652,6.646666049957275,6.7133331298828125,5.496524333953857,79500
2014-01-17,6.746665954589844,6.829999923706055,6.663332939147949,6.829999923706055,5.592045307159424,67200
2014-01-20,6.75,6.75666618347168,6.5,6.650000095367432,5.444671154022217,643800
2014-01-21,6.633333206176758,6.666666030883789,6.453332901000977,6.5,5.3218584060668945,268200
2014-01-22,6.483333110809326,6.483333110809326,6.353332996368408,6.383333206176758,5.226337909698486,678000
2014-01-23,6.383333206176758,6.383333206176758,6.233333110809326,6.233333110809326,5.1035261154174805,230700
2014-01-24,6.199999809265137,6.396666049957275,6.193333148956299,6.396666049957275,5.2372541427612305,114600
2014-01-27,6.353332996368408,6.449999809265137,6.2133331298828125,6.300000190734863,5.158109188079834,137700
2014-01-28,6.356666088104248,6.489999771118164,6.2733330726623535,6.283332824707031,5.144462585449219,161100
2014-01-29,6.283332824707031,6.283332824707031,6.0833330154418945,6.166666030883789,5.048942565917969,234900
2014-01-30,6.150000095367432,6.313333034515381,6.103332996368408,6.103332996368408,4.99708890914917,135300
2014-01-31,6.0833330154418945,6.300000190734863,5.956665992736816,6.130000114440918,5.018922328948975,1129200
2014-02-03,6.116665840148926,6.116665840148926,5.926665782928467,5.966666221618652,4.885192394256592,218100
2014-02-04,6.033332824707031,6.033332824707031,5.883333206176758,5.9633331298828125,4.882464408874512,266700
2014-02-05,5.97666597366333,6.099999904632568,5.966666221618652,6.066666126251221,4.967067241668701,78300
2014-02-06,6.056665897369385,6.263332843780518,6.056665897369385,6.263332843780518,5.128087520599365,983400
2014-02-07,6.289999961853027,6.5,6.206665992736816,6.416666030883789,5.253629207611084,268200
2014-02-10,6.416666030883789,6.416666030883789,6.22666597366333,6.400000095367432,5.239984512329102,398700
2014-02-11,6.400000095367432,6.433332920074463,6.346665859222412,6.383333206176758,5.226337909698486,582600
2014-02-12,6.376666069030762,6.380000114440918,6.276666164398193,6.3333330154418945,5.185400485992432,444600
2014-02-13,6.3333330154418945,6.389999866485596,6.126666069030762,6.3333330154418945,5.185400485992432,448800
2014-02-14,6.323332786560059,6.346665859222412,6.206665992736816,6.2133331298828125,5.087151050567627,680100
2014-02-17,6.239999771118164,6.323332786560059,6.176665782928467,6.300000190734863,5.158109188079834,154500
2014-02-18,6.289999961853027,6.300000190734863,6.190000057220459,6.28000020980835,5.141733646392822,290100
2014-02-19,6.146666049957275,6.1966657638549805,5.966666221618652,6.0833330154418945,4.980713844299316,1074300
2014-02-20,6.019999980926514,6.099999904632568,5.97666597366333,6.033332824707031,4.9397759437561035,280200
2014-02-21,6.066666126251221,6.159999847412109,6.016665935516357,6.0833330154418945,4.980713844299316,228000
2014-02-24,6.056665897369385,6.133333206176758,6.033332824707031,6.119999885559082,5.010734558105469,524700
2014-02-25,6.056665897369385,6.5,6.056665897369385,6.349999904632568,5.1990461349487305,818100
2014-02-26,6.383333206176758,6.53000020980835,6.329999923706055,6.400000095367432,5.239984512329102,473700
2014-02-27,6.426665782928467,6.466666221618652,6.303332805633545,6.400000095367432,5.239984512329102,332700
2014-02-28,6.406665802001953,6.666666030883789,6.316666126251221,6.666666030883789,5.458315849304199,1349400
2014-03-05,6.526666164398193,6.559999942779541,6.460000038146973,6.516665935516357,5.335503578186035,278100
2014-03-06,6.53000020980835,6.616665840148926,6.400000095367432,6.433332920074463,5.267274856567383,760200
2014-03-07,6.380000114440918,6.5,6.266665935516357,6.400000095367432,5.239984512329102,795000
2014-03-10,6.329999923706055,6.340000152587891,6.1966657638549805,6.1966657638549805,5.073504447937012,370500
2014-03-11,6.210000038146973,6.3333330154418945,6.210000038146973,6.266665935516357,5.13081693649292,333600
2014-03-12,6.21999979019165,6.336666107177734,6.170000076293945,6.286665916442871,5.147192001342773,244500
2014-03-13,6.260000228881836,6.353332996368408,6.186666011810303,6.286665916442871,5.147192001342773,264000
2014-03-14,6.3333330154418945,6.383333206176758,6.203332901000977,6.239999771118164,5.108983993530273,145200
2014-03-17,6.22333288192749,6.383333206176758,6.173333168029785,6.383333206176758,5.226337909698486,454800
2014-03-18,6.3333330154418945,6.383333206176758,6.2733330726623535,6.383333206176758,5.226337909698486,959100
2014-03-19,6.489999771118164,6.533332824707031,6.323332786560059,6.3866658210754395,5.229066371917725,473700
2014-03-20,6.3333330154418945,6.566666126251221,6.293333053588867,6.513332843780518,5.332774639129639,1274700
2014-03-21,6.516665935516357,6.516665935516357,6.3333330154418945,6.456665992736816,5.286379337310791,586200
2014-03-24,6.5,6.5,6.343332767486572,6.4633331298828125,5.291837692260742,917700
2014-03-25,6.4633331298828125,6.5,6.3933329582214355,6.5,5.3218584060668945,2317800
2014-03-26,6.5233330726623535,6.793333053588867,6.436666011810303,6.75,5.526545524597168,1169700
2014-03-27,6.75666618347168,6.8866658210754395,6.733333110809326,6.8866658210754395,5.63844108581543,571800
2014-03-28,6.920000076293945,7.123332977294922,6.8933329582214355,7.113333225250244,5.824023723602295,1124100
2014-03-31,7.170000076293945,7.243332862854004,7.133333206176758,7.163332939147949,5.864960670471191,2911500
2014-04-01,7.166666030883789,7.286665916442871,7.103332996368408,7.103332996368408,5.815835952758789,1393800
2014-04-02,7.073332786560059,7.233333110809326,7.066666126251221,7.166666030883789,5.867689609527588,767400
2014-04-03,7.133333206176758,7.166666030883789,7.036665916442871,7.066666126251221,5.785815238952637,215400
2014-04-04,7.099999904632568,7.199999809265137,6.97333288192749,7.046666145324707,5.769440174102783,246600
2014-04-07,7.116665840148926,7.116665840148926,7.016665935516357,7.046666145324707,5.769440174102783,249600
2014-04-08,7.1366658210754395,7.1366658210754395,6.960000038146973,6.986666202545166,5.720315456390381,85200
2014-04-09,6.949999809265137,6.96999979019165,6.856666088104248,6.933332920074463,5.6766486167907715,367200
2014-04-10,6.960000038146973,6.97666597366333,6.869999885559082,6.869999885559082,5.624794960021973,440400
2014-04-11,7.133333206176758,7.786665916442871,7.133333206176758,7.616665840148926,6.236125469207764,6661500
2014-04-14,7.7133331298828125,7.933332920074463,7.673333168029785,7.853332996368408,6.429896831512451,741300
2014-04-15,7.796666145324707,7.923333168029785,7.733333110809326,7.900000095367432,6.468104839324951,460500
2014-04-16,7.996665954589844,8.166666030883789,7.926665782928467,8.149999618530273,6.672791481018066,800100
2014-04-17,8.146665573120117,8.333333015441895,8.086666107177734,8.333333015441895,6.822895526885986,1577700
2014-04-22,8.283332824707031,8.550000190734863,8.273332595825195,8.300000190734863,6.795604228973389,443700
2014-04-23,8.296666145324707,8.380000114440918,8.220000267028809,8.366665840148926,6.850185871124268,1020300
2014-04-24,8.329999923706055,8.4399995803833,8.100000381469727,8.100000381469727,6.631855487823486,853800
2014-04-25,8.133333206176758,8.156665802001953,8.00333309173584,8.066665649414062,6.604562282562256,1017000
2014-04-28,8.046666145324707,8.260000228881836,7.966666221618652,8.09333324432373,6.626396179199219,1032000
2014-04-29,8.199999809265137,8.406665802001953,8.170000076293945,8.333333015441895,6.822895526885986,663300
2014-04-30,8.229999542236328,8.449999809265137,8.223333358764648,8.383333206176758,6.863833904266357,938400
2014-05-02,8.359999656677246,8.796666145324707,8.350000381469727,8.733332633972168,7.181806564331055,2171700
2014-05-05,8.733332633972168,8.893333435058594,8.666666030883789,8.866665840148926,7.291452407836914,1227000
2014-05-06,8.899999618530273,8.973333358764648,8.833333015441895,8.94333267211914,7.354498863220215,585000
2014-05-07,8.94666576385498,9.523332595825195,8.84333324432373,9.166666030883789,7.5381550788879395,1445700
2014-05-08,9.116665840148926,9.276665687561035,8.783332824707031,8.8100004196167,7.2448530197143555,2828700
2014-05-09,8.666666030883789,8.949999809265137,8.649999618530273,8.916666030883789,7.332569122314453,15556200
2014-05-12,8.94666576385498,9.25666618347168,8.94333267211914,9.123332977294922,7.502520561218262,693600
2014-05-13,9.210000038146973,9.433333396911621,9.170000076293945,9.333333015441895,7.675212860107422,1693800
2014-05-14,9.366665840148926,9.466666221618652,9.283332824707031,9.383333206176758,7.716329574584961,777600
2014-05-15,9.333333015441895,9.430000305175781,9.286665916442871,9.329999923706055,7.672471523284912,255600
2014-05-16,9.326665878295898,9.383333206176758,9.233332633972168,9.383333206176758,7.716329574584961,641700
2014-05-19,9.396665573120117,9.546666145324707,9.366665840148926,9.399999618530273,7.730035305023193,972000
2014-05-20,9.433333396911621,9.533332824707031,9.380000114440918,9.466666221618652,7.7848591804504395,438000
2014-05-21,9.566665649414062,9.583333015441895,9.333333015441895,9.396665573120117,7.727293491363525,279300
2014-05-22,9.44333267211914,9.513333320617676,9.386666297912598,9.489999771118164,7.804047107696533,408900
2014-05-23,9.433333396911621,9.733332633972168,9.433333396911621,9.5,7.812269687652588,385500
2014-05-26,9.550000190734863,9.813332557678223,9.483332633972168,9.683333396911621,7.963032245635986,280200
2014-05-27,9.833333015441895,9.84000015258789,9.386666297912598,9.386666297912598,7.719069957733154,405900
2014-05-28,9.4399995803833,9.569999694824219,9.406665802001953,9.569999694824219,7.869833946228027,972300
2014-05-29,9.566665649414062,9.616665840148926,9.456665992736816,9.486665725708008,7.801305294036865,351000
2014-05-30,9.473333358764648,9.833333015441895,9.456665992736816,9.829999923706055,8.083643913269043,2083200
2014-06-02,9.829999923706055,10.056666374206543,9.6899995803833,9.819999694824219,8.075420379638672,1858500
2014-06-03,9.783332824707031,9.933333396911621,9.783332824707031,9.91333293914795,8.152173042297363,1503600
2014-06-04,9.963333129882812,9.963333129882812,9.776665687561035,9.859999656677246,8.108314514160156,378600
2014-06-05,9.890000343322754,9.966666221618652,9.84333324432373,9.866665840148926,8.113795280456543,440400
2014-06-06,9.949999809265137,9.983332633972168,9.766666412353516,9.770000457763672,8.034303665161133,1508700
2014-06-09,9.773332595825195,9.866665840148926,9.770000457763672,9.8100004196167,8.0671968460083,248700
2014-06-10,9.859999656677246,10.399999618530273,9.773332595825195,10.156665802001953,8.352275848388672,792900
2014-06-11,10.25,10.416666030883789,10.183333396911621,10.319999694824219,8.486592292785645,1037700
2014-06-13,10.326665878295898,10.383333206176758,10.176666259765625,10.226666450500488,8.409839630126953,1170000
2014-06-16,10.199999809265137,10.25,10.133333206176758,10.233332633972168,8.415322303771973,681300
2014-06-17,10.203332901000977,10.273332595825195,10.076665878295898,10.116665840148926,8.319381713867188,409500
2014-06-18,10.113332748413086,10.203332901000977,9.800000190734863,9.866665840148926,8.113795280456543,930000
2014-06-20,9.863332748413086,9.983332633972168,9.833333015441895,9.850000381469727,8.100090980529785,498000
2014-06-23,9.916666030883789,10.063332557678223,9.706665992736816,9.716666221618652,7.990445137023926,360300
2014-06-24,9.703332901000977,10.026665687561035,9.573332786560059,9.899999618530273,8.141207695007324,641100
2014-06-25,9.893333435058594,10.0600004196167,9.733332633972168,9.926666259765625,8.16313648223877,376500
2014-06-26,10.029999732971191,10.109999656677246,9.783332824707031,9.899999618530273,8.141207695007324,409500
2014-06-27,9.869999885559082,9.996665954589844,9.783332824707031,9.936665534973145,8.17136001586914,246000
2014-06-30,9.933333396911621,9.936665534973145,9.803333282470703,9.926666259765625,8.16313648223877,874200
2014-07-01,9.949999809265137,9.949999809265137,9.779999732971191,9.779999732971191,8.042526245117188,784500
2014-07-02,9.770000457763672,9.823332786560059,9.670000076293945,9.75,8.01785659790039,1001400
2014-07-03,9.766666412353516,9.800000190734863,9.466666221618652,9.473333358764648,7.790341377258301,2319000
2014-07-04,9.510000228881836,9.733332633972168,9.486665725708008,9.5,7.812269687652588,540300
2014-07-07,9.556666374206543,9.666666030883789,9.520000457763672,9.550000190734863,7.85338830947876,1242900
2014-07-08,9.5600004196167,9.906665802001953,9.553333282470703,9.666666030883789,7.949326515197754,745500
2014-07-10,9.676666259765625,9.826665878295898,9.50666618347168,9.576665878295898,7.875316143035889,428400
2014-07-11,9.573332786560059,9.683333396911621,9.543333053588867,9.683333396911621,7.963032245635986,383400
2014-07-14,9.716666221618652,9.813332557678223,9.5,9.5,7.812269687652588,595200
2014-07-15,9.533332824707031,9.566665649414062,9.316665649414062,9.366665840148926,7.702624797821045,560100
2014-07-16,9.383333206176758,9.383333206176758,9.010000228881836,9.243332862854004,7.60120153427124,619200
2014-07-17,9.229999542236328,9.260000228881836,9.020000457763672,9.260000228881836,7.614908218383789,334800
2014-07-18,9.243332862854004,9.41333293914795,9.109999656677246,9.140000343322754,7.516225814819336,507000
2014-07-21,9.140000343322754,9.223333358764648,9.010000228881836,9.033332824707031,7.428508281707764,445500
2014-07-22,9.056666374206543,9.386666297912598,9.0,9.359999656677246,7.697141647338867,505500
2014-07-23,9.296666145324707,9.703332901000977,9.273332595825195,9.616665840148926,7.908209800720215,758100
2014-07-24,9.736665725708008,9.890000343322754,9.583333015441895,9.763333320617676,8.028820991516113,982800
2014-07-25,9.766666412353516,9.766666412353516,9.5600004196167,9.680000305175781,7.960291862487793,588600
2014-07-28,9.6899995803833,9.6899995803833,9.273332595825195,9.300000190734863,7.647800922393799,836700
2014-07-29,9.303333282470703,9.34666633605957,9.050000190734863,9.216666221618652,7.5792717933654785,521100
2014-07-30,9.156665802001953,9.316665649414062,8.933333396911621,9.316665649414062,7.661506175994873,517800
2014-07-31,9.226666450500488,9.609999656677246,9.199999809265137,9.609999656677246,7.90272855758667,1202400
2014-08-01,9.613332748413086,9.613332748413086,9.396665573120117,9.526665687561035,7.834198474884033,718200
2014-08-04,9.666666030883789,9.706665992736816,9.300000190734863,9.523332595825195,7.831457614898682,538200
2014-08-05,9.516666412353516,9.516666412353516,9.390000343322754,9.510000228881836,7.820494651794434,528300
2014-08-06,9.496665954589844,9.566665649414062,9.333333015441895,9.333333015441895,7.675212860107422,325500
2014-08-07,9.350000381469727,9.383333206176758,9.203332901000977,9.303333282470703,7.650542736053467,518100
2014-08-08,9.246665954589844,9.263333320617676,8.85666561126709,8.886666297912598,7.3078999519348145,1302000
2014-08-11,8.906665802001953,8.989999771118164,8.85666561126709,8.899999618530273,7.318863391876221,829800
2014-08-12,9.00666618347168,9.260000228881836,8.956665992736816,9.1899995803833,7.557343482971191,2741700
2014-08-13,9.133333206176758,9.19666576385498,9.050000190734863,9.113332748413086,7.494297027587891,333600
2014-08-14,9.140000343322754,9.293333053588867,9.013333320617676,9.116665840148926,7.497037410736084,2544300
2014-08-15,9.140000343322754,9.166666030883789,9.033332824707031,9.156665802001953,7.529930591583252,915900
2014-08-18,9.266666412353516,9.266666412353516,9.010000228881836,9.033332824707031,7.428508281707764,1389300
2014-08-19,9.050000190734863,9.19666576385498,9.0,9.056666374206543,7.447697162628174,1859700
2014-08-20,9.0,9.119999885559082,8.986665725708008,9.103333473205566,7.486073017120361,1628400
2014-08-21,9.086666107177734,9.273332595825195,9.033332824707031,9.25333309173584,7.609426021575928,3251100
2014-08-22,9.180000305175781,9.433333396911621,9.180000305175781,9.426666259765625,7.751965045928955,693300
2014-08-25,9.423333168029785,9.520000457763672,9.25333309173584,9.433333396911621,7.757448196411133,754800
2014-08-26,9.449999809265137,9.476666450500488,9.316665649414062,9.369999885559082,7.705365180969238,708000
2014-08-27,9.376666069030762,9.66333293914795,9.373332977294922,9.646665573120117,7.93287992477417,452100
2014-08-28,9.573332786560059,9.786665916442871,9.553333282470703,9.680000305175781,7.960291862487793,500100
2014-08-29,9.713333129882812,9.986665725708008,9.683333396911621,9.986665725708008,8.212475776672363,2779800
2014-09-01,9.986665725708008,10.363332748413086,9.986665725708008,10.260000228881836,8.437251091003418,778800
2014-09-02,10.266666412353516,10.406665802001953,10.223333358764648,10.399999618530273,8.552380561828613,1744500
2014-09-03,10.460000038146973,10.583333015441895,10.353333473205566,10.399999618530273,8.552380561828613,2968500
2014-09-04,10.390000343322754,10.390000343322754,10.300000190734863,10.333333015441895,8.49755573272705,4256400
2014-09-05,10.41333293914795,10.456665992736816,10.323332786560059,10.396665573120117,8.549637794494629,450600
2014-09-08,10.399999618530273,10.403332710266113,10.25,10.3100004196167,8.478368759155273,323700
2014-09-09,10.25,10.363332748413086,10.116665840148926,10.146665573120117,8.344051361083984,320700
2014-09-10,10.073332786560059,10.103333473205566,9.896665573120117,9.983332633972168,8.209735870361328,602400
2014-09-11,10.023332595825195,10.063332557678223,9.8100004196167,9.873332977294922,8.119277954101562,258900
2014-09-12,9.876666069030762,9.899999618530273,9.666666030883789,9.670000076293945,7.952069282531738,1014300
2014-09-15,9.670000076293945,9.733332633972168,9.460000038146973,9.649999618530273,7.935621738433838,398100
2014-09-16,9.626666069030762,9.763333320617676,9.600000381469727,9.6899995803833,7.968514442443848,411600
2014-09-17,9.770000457763672,9.816665649414062,9.543333053588867,9.626666069030762,7.9164323806762695,705600
2014-09-18,9.653332710266113,9.653332710266113,9.210000038146973,9.600000381469727,7.894505023956299,599400
2014-09-19,9.566665649414062,9.649999618530273,9.146665573120117,9.336666107177734,7.677953243255615,1360500
2014-09-22,9.296666145324707,9.319999694824219,9.140000343322754,9.216666221618652,7.5792717933654785,439200
2014-09-23,9.206665992736816,9.646665573120117,9.183333396911621,9.496665954589844,7.809528827667236,1139400
2014-09-24,9.5,9.69333267211914,9.5,9.653332710266113,7.938362121582031,430500
2014-09-25,9.649999618530273,9.666666030883789,9.529999732971191,9.65999984741211,7.943844318389893,541200
2014-09-26,9.6899995803833,9.763333320617676,9.5,9.75,8.01785659790039,1496100
2014-09-29,9.66333293914795,9.75,9.553333282470703,9.75,8.01785659790039,381900
2014-09-30,9.75,9.863332748413086,9.633333206176758,9.863332748413086,8.111054420471191,643500
2014-10-01,10.300000190734863,10.300000190734863,9.91333293914795,9.993332862854004,8.2179594039917,1252200
2014-10-02,10.100000381469727,10.100000381469727,9.826665878295898,9.829999923706055,8.083643913269043,404700
2014-10-03,9.869999885559082,10.076665878295898,9.8100004196167,10.0,8.223442077636719,729000
2014-10-06,10.40999984741211,10.5,10.183333396911621,10.183333396911621,8.374205589294434,457800
2014-10-07,10.363332748413086,10.363332748413086,10.15999984741211,10.233332633972168,8.415322303771973,425100
2014-10-08,10.34000015258789,10.34000015258789,9.933333396911621,9.960000038146973,8.190549850463867,500400
2014-10-09,9.966666221618652,10.053333282470703,9.926666259765625,9.926666259765625,8.16313648223877,402600
2014-10-10,9.983332633972168,9.983332633972168,9.800000190734863,9.920000076293945,8.157654762268066,100500
2014-10-13,10.053333282470703,10.056666374206543,9.880000114440918,9.9399995803833,8.174101829528809,93600
2014-10-14,9.94666576385498,9.949999809265137,9.710000038146973,9.786665916442871,8.04800796508789,1042500
2014-10-15,9.720000267028809,9.733332633972168,9.543333053588867,9.616665840148926,7.908209800720215,326100
2014-10-16,9.60666561126709,9.619999885559082,9.416666030883789,9.603333473205566,7.897245407104492,226500
2014-10-17,9.523332595825195,9.760000228881836,9.513333320617676,9.760000228881836,8.026079177856445,449100
2014-10-20,9.75,9.819999694824219,9.510000228881836,9.510000228881836,7.820494651794434,199500
2014-10-21,9.426666259765625,9.426666259765625,9.426666259765625,9.426666259765625,7.751965045928955,286200
2014-10-22,9.34000015258789,9.449999809265137,9.086666107177734,9.266666412353516,7.620389461517334,331500
2014-10-23,9.273332595825195,9.273332595825195,8.829999923706055,9.00333309173584,7.403839111328125,623100
2014-10-24,9.00333309173584,9.233332633972168,8.75,9.0,7.401098728179932,463500
2014-10-27,8.5,9.5600004196167,8.5,9.466666221618652,7.7848591804504395,1598100
2014-10-28,9.486665725708008,10.0,9.486665725708008,10.0,8.223442077636719,990900
2014-10-29,9.893333435058594,10.426666259765625,9.773332595825195,9.933333396911621,8.168619155883789,807300
2014-10-30,10.039999961853027,10.260000228881836,9.983332633972168,10.233332633972168,8.415322303771973,519300
2014-10-31,10.289999961853027,10.5,10.276665687561035,10.5,8.634614944458008,288900
2014-11-03,10.359999656677246,10.359999656677246,10.043333053588867,10.186665534973145,8.376945495605469,1064700
2014-11-04,10.133333206176758,10.186665534973145,10.036665916442871,10.046666145324707,8.261817932128906,297600
2014-11-05,10.103333473205566,10.266666412353516,9.930000305175781,10.183333396911621,8.374205589294434,400200
2014-11-06,10.183333396911621,10.263333320617676,10.073332786560059,10.079999923706055,8.289231300354004,138900
2014-11-07,10.166666030883789,10.233332633972168,10.103333473205566,10.166666030883789,8.360499382019043,171900
2014-11-10,10.199999809265137,10.25333309173584,10.039999961853027,10.116665840148926,8.319381713867188,156000
2014-11-11,10.063332557678223,10.233332633972168,9.85666561126709,10.149999618530273,8.346793174743652,131100
2014-11-12,10.130000114440918,10.199999809265137,9.976666450500488,9.976666450500488,8.204254150390625,97500
2014-11-13,10.399999618530273,10.923333168029785,10.399999618530273,10.800000190734863,8.881318092346191,973800
2014-11-14,10.866665840148926,11.296666145324707,10.646665573120117,11.166666030883789,9.182843208312988,1298400
2014-11-17,11.153332710266113,11.153332710266113,10.746665954589844,11.0,9.04578685760498,353400
2014-11-18,10.933333396911621,11.0,10.686665534973145,10.899999618530273,8.96355152130127,324300
2014-11-19,10.869999885559082,11.286665916442871,10.866665840148926,11.25,9.251372337341309,443700
2014-11-21,11.293333053588867,12.0,11.173333168029785,11.800000190734863,9.703662872314453,1183800
2014-11-24,12.146665573120117,12.15999984741211,11.636666297912598,11.75,9.662544250488281,335100
2014-11-25,11.833333015441895,12.116665840148926,11.833333015441895,11.983332633972168,9.854425430297852,677100
2014-11-26,12.00333309173584,12.4399995803833,12.00333309173584,12.333333015441895,10.14224624633789,701700
2014-11-27,12.453332901000977,12.630000114440918,12.34333324432373,12.59666633605957,10.358797073364258,199500
2014-11-28,12.453332901000977,12.600000381469727,12.453332901000977,12.536665916442871,10.309454917907715,980700
2014-12-01,12.25333309173584,12.25666618347168,11.916666030883789,12.0,9.868130683898926,14919780
2014-12-02,12.086666107177734,12.146665573120117,11.803333282470703,12.016666412353516,9.8818359375,15301344
2014-12-03,12.020000457763672,12.1899995803833,11.833333015441895,11.996665954589844,9.865388870239258,1071900
2014-12-04,12.0600004196167,12.126666069030762,11.916666030883789,12.083333015441895,9.936659812927246,1343700
2014-12-05,11.953332901000977,12.146665573120117,11.953332901000977,12.0,9.868130683898926,80700
2014-12-08,12.00333309173584,12.050000190734863,11.666666030883789,11.833333015441895,9.731073379516602,449700
2014-12-09,11.883333206176758,11.933333396911621,11.66333293914795,11.66333293914795,9.591275215148926,244200
2014-12-10,11.666666030883789,11.706665992736816,11.646665573120117,11.646665573120117,9.577568054199219,122400
2014-12-11,11.666666030883789,11.723333358764648,11.523332595825195,11.666666030883789,9.594015121459961,690600
2014-12-12,11.699999809265137,11.720000267028809,11.25,11.266666412353516,9.265077590942383,758700
2014-12-15,11.286665916442871,11.463333129882812,11.109999656677246,11.109999656677246,9.136244773864746,424800
2014-12-16,11.116665840148926,11.133333206176758,10.720000267028809,10.800000190734863,8.881318092346191,1363800
2014-12-17,10.859999656677246,11.366665840148926,10.859999656677246,11.166666030883789,9.182843208312988,1525200
2014-12-18,11.279999732971191,11.533332824707031,11.0,11.3100004196167,9.300713539123535,356100
2014-12-19,11.5,12.699999809265137,11.5,12.466666221618652,10.251891136169434,2436600
2014-12-22,12.476666450500488,12.75666618347168,12.066665649414062,12.100000381469727,9.95036506652832,2007000
2014-12-23,12.100000381469727,12.25,11.920000076293945,11.9399995803833,9.8187894821167,895500
2014-12-26,12.100000381469727,12.166666030883789,12.0,12.153332710266113,9.994222640991211,145800
2014-12-29,12.153332710266113,12.300000190734863,12.09333324432373,12.300000190734863,10.11483383178711,330900
2014-12-30,12.246665954589844,12.333333015441895,11.643333435058594,11.783332824707031,9.689955711364746,855900
2015-01-02,11.766666412353516,11.766666412353516,11.079999923706055,11.183333396911621,9.196549415588379,797100
2015-01-05,10.819999694824219,10.903332710266113,10.399999618530273,10.483332633972168,8.620908737182617,1465500
2015-01-06,10.463333129882812,10.466666221618652,8.833333015441895,9.0,7.401098728179932,3687300
2015-01-07,9.220000267028809,9.603333473205566,8.423333168029785,8.569999694824219,7.047490119934082,5206200
2015-01-08,8.569999694824219,8.866665840148926,8.173333168029785,8.50333309173584,6.992667198181152,3366000
2015-01-09,8.516666412353516,8.653332710266113,8.50666618347168,8.533332824707031,7.017337322235107,1823100
2015-01-12,8.609999656677246,8.609999656677246,7.456665992736816,7.550000190734863,6.2086992263793945,1691700
2015-01-13,7.566666126251221,8.103333473205566,7.383333206176758,7.869999885559082,6.471848964691162,2689500
2015-01-14,7.8933329582214355,7.996665954589844,7.6966657638549805,7.996665954589844,6.576012134552002,707700
2015-01-15,7.9633331298828125,7.97666597366333,7.513332843780518,7.573332786560059,6.227886199951172,1049400
2015-01-16,7.556665897369385,8.166666030883789,7.556665897369385,8.133333206176758,6.688399314880371,2899800
2015-01-19,8.166666030883789,8.166666030883789,7.849999904632568,7.869999885559082,6.471848964691162,875400
2015-01-20,7.916666030883789,8.203332901000977,7.800000190734863,8.09666633605957,6.658246994018555,693300
2015-01-21,8.136666297912598,8.236665725708008,7.960000038146973,8.233332633972168,6.770634174346924,1139100
2015-01-22,8.296666145324707,8.296666145324707,7.0,7.666666030883789,6.304638862609863,5165100
2015-01-23,7.7133331298828125,8.039999961853027,7.646666049957275,7.869999885559082,6.471848964691162,2922000
2015-01-26,8.100000381469727,8.100000381469727,7.420000076293945,7.806665897369385,6.419766902923584,1937100
2015-01-27,7.75333309173584,7.926665782928467,7.570000171661377,7.836666107177734,6.444437026977539,397500
2015-01-28,7.796666145324707,7.806665897369385,7.3333330154418945,7.449999809265137,6.126464366912842,176400
2015-01-29,7.283332824707031,7.489999771118164,7.283332824707031,7.433332920074463,6.112758636474609,1902900
2015-01-30,7.3333330154418945,7.3333330154418945,6.453332901000977,6.916666030883789,5.687880516052246,2396700
2015-02-02,6.666666030883789,6.940000057220459,6.4466657638549805,6.823332786560059,5.611128330230713,1772100
2015-02-03,6.846665859222412,6.863333225250244,6.119999885559082,6.283332824707031,5.167062282562256,4141500
2015-02-04,6.28000020980835,6.53000020980835,6.073332786560059,6.516665935516357,5.358942985534668,3386400
2015-02-05,6.440000057220459,6.866665840148926,6.440000057220459,6.800000190734863,5.591940879821777,1755900
2015-02-06,6.75,6.75,5.97333288192749,6.0,4.934065341949463,2802600
2015-02-09,6.00666618347168,6.059999942779541,5.75666618347168,5.813333034515381,4.7805609703063965,1161600
2015-02-10,5.803332805633545,5.840000152587891,5.3866658210754395,5.493332862854004,4.517411231994629,2102700
2015-02-11,5.50666618347168,5.706665992736816,5.260000228881836,5.706665992736816,4.692843914031982,2640300
2015-02-12,5.816666126251221,6.416666030883789,5.816666126251221,6.283332824707031,5.167062282562256,3492900
2015-02-13,6.456665992736816,6.570000171661377,6.133333206176758,6.380000114440918,5.246556758880615,1438200
2015-02-18,6.289999961853027,6.563333034515381,6.289999961853027,6.559999942779541,5.394578456878662,912600
2015-02-19,6.466666221618652,7.0,6.276666164398193,6.949999809265137,5.715291976928711,1296600
2015-02-20,7.010000228881836,7.179999828338623,6.516665935516357,6.993332862854004,5.750926971435547,1647000
2015-02-23,8.0,8.316665649414062,7.4466657638549805,7.866665840148926,6.469107151031494,6147900
2015-02-24,7.800000190734863,7.869999885559082,7.666666030883789,7.800000190734863,6.414285182952881,1660800
2015-02-25,7.776666164398193,8.109999656677246,7.716666221618652,8.0600004196167,6.628094673156738,2320800
2015-02-26,8.066665649414062,8.09666633605957,7.276666164398193,7.416666030883789,6.099052429199219,3606900
2015-02-27,6.633333206176758,6.699999809265137,5.340000152587891,5.340000152587891,4.391318321228027,10418100
2015-03-02,5.233333110809326,5.663332939147949,5.233333110809326,5.566666126251221,4.577715873718262,4362000
2015-03-03,5.656665802001953,5.656665802001953,5.380000114440918,5.4466657638549805,4.479033946990967,2128200
2015-03-04,5.400000095367432,5.483333110809326,5.013332843780518,5.110000133514404,4.202179431915283,1888800
2015-03-05,5.170000076293945,5.539999961853027,5.099999904632568,5.383333206176758,4.426953315734863,1556100
2015-03-06,5.3333330154418945,5.516665935516357,5.25,5.456665992736816,4.487258434295654,2166600
2015-03-09,5.396666049957275,5.46999979019165,5.0,5.0,4.111721038818359,2398800
2015-03-10,5.0,5.179999828338623,4.926665782928467,5.066666126251221,4.166543960571289,2013000
2015-03-11,5.1366658210754395,5.313333034515381,5.053332805633545,5.216666221618652,4.289895534515381,2065800
2015-03-12,5.263332843780518,5.486666202545166,5.263332843780518,5.3333330154418945,4.385835647583008,2122200
2015-03-13,5.400000095367432,5.4466657638549805,5.086666107177734,5.296666145324707,4.355682849884033,1712700
2015-03-16,5.3333330154418945,5.416666030883789,5.00666618347168,5.0833330154418945,4.1802496910095215,1384800
2015-03-17,5.066666126251221,5.156665802001953,4.966666221618652,5.053332805633545,4.15557861328125,851100
2015-03-18,5.079999923706055,5.413332939147949,5.03000020980835,5.400000095367432,4.440659046173096,1630200
2015-03-19,5.396666049957275,5.599999904632568,5.216666221618652,5.276666164398193,4.339235782623291,2258700
2015-03-20,5.3333330154418945,5.483333110809326,5.316666126251221,5.329999923706055,4.3830952644348145,857400
2015-03-23,5.363333225250244,5.460000038146973,5.3333330154418945,5.416666030883789,4.45436429977417,862800
2015-03-24,5.373332977294922,5.429999828338623,5.323332786560059,5.349999904632568,4.399540901184082,684000
2015-03-25,5.3333330154418945,5.4033331871032715,5.2133331298828125,5.400000095367432,4.440659046173096,1432800
2015-03-26,5.320000171661377,5.353332996368408,4.909999847412109,5.166666030883789,4.248777866363525,1601400
2015-03-27,5.186666011810303,5.186666011810303,4.846665859222412,5.00333309173584,4.114461898803711,1679400
2015-03-30,5.036665916442871,5.1966657638549805,5.033332824707031,5.183332920074463,4.262484073638916,651000
2015-03-31,5.1366658210754395,5.22666597366333,5.070000171661377,5.073332786560059,4.302855014801025,1412700
2015-04-01,5.119999885559082,5.586666107177734,5.119999885559082,5.566666126251221,4.721266746520996,2980200
2015-04-02,5.613333225250244,5.72666597366333,5.366665840148926,5.533332824707031,4.692996025085449,3015900
2015-04-06,5.5,5.710000038146973,5.47333288192749,5.616665840148926,4.763673305511475,4673400
2015-04-07,5.6966657638549805,5.6966657638549805,5.420000076293945,5.633333206176758,4.777809143066406,1213800
2015-04-08,5.670000076293945,5.710000038146973,5.536665916442871,5.5833330154418945,4.735402584075928,1828800
2015-04-09,5.606666088104248,5.860000133514404,5.579999923706055,5.75,4.876758098602295,1591500
2015-04-10,5.699999809265137,5.993332862854004,5.699999809265137,5.989999771118164,5.0803093910217285,2060400
2015-04-13,6.016665935516357,6.156665802001953,5.866665840148926,6.0,5.0887908935546875,2262000
2015-04-14,6.039999961853027,6.059999942779541,5.880000114440918,5.949999809265137,5.046384334564209,1574700
2015-04-15,5.883333206176758,6.126666069030762,5.883333206176758,6.099999904632568,5.1736040115356445,3889200
2015-04-16,6.116665840148926,6.283332824707031,5.966666221618652,6.166666030883789,5.230145454406738,3887100
2015-04-17,6.159999847412109,6.443333148956299,6.066666126251221,6.316666126251221,5.357365608215332,2696100
2015-04-20,6.293333053588867,6.306665897369385,6.066666126251221,6.216666221618652,5.272552490234375,1053000
2015-04-22,6.233333110809326,6.309999942779541,6.113333225250244,6.22333288192749,5.2782063484191895,2120100
2015-04-23,6.400000095367432,7.03000020980835,6.400000095367432,6.666666030883789,5.654211521148682,6225600
2015-04-24,6.7733330726623535,6.916666030883789,6.586666107177734,6.863333225250244,5.821011066436768,1388700
2015-04-27,6.863333225250244,6.863333225250244,6.3333330154418945,6.5,5.512856960296631,3544500
2015-04-28,6.466666221618652,6.703332901000977,6.409999847412109,6.703332901000977,5.685310363769531,2217900
2015-04-29,6.6533331871032715,6.913332939147949,6.5233330726623535,6.570000171661377,5.572226524353027,941400
2015-04-30,6.586666107177734,6.72666597366333,6.483333110809326,6.72666597366333,5.705099582672119,2362200
2015-05-04,6.673333168029785,6.909999847412109,6.533332824707031,6.550000190734863,5.555263042449951,2234100
2015-05-05,6.483333110809326,6.483333110809326,6.206665992736816,6.369999885559082,5.402599811553955,1996500
2015-05-06,6.320000171661377,6.320000171661377,6.21999979019165,6.300000190734863,5.343230724334717,1012500
2015-05-07,6.21999979019165,6.47333288192749,6.166666030883789,6.47333288192749,5.49023962020874,3226500
2015-05-08,6.440000057220459,6.933332920074463,6.440000057220459,6.650000095367432,5.640076160430908,5250600
2015-05-11,6.666666030883789,6.766665935516357,6.3866658210754395,6.433332920074463,5.456314563751221,2077200
2015-05-12,6.429999828338623,6.656665802001953,6.429999828338623,6.6366658210754395,5.628767967224121,1353000
2015-05-13,6.613333225250244,6.813333034515381,6.606666088104248,6.683332920074463,5.668347358703613,1644600
2015-05-14,6.706665992736816,7.063333034515381,6.690000057220459,6.933332920074463,5.880380630493164,4477500
2015-05-15,7.036665916442871,7.683332920074463,7.036665916442871,7.683332920074463,6.5164794921875,4133100
2015-05-18,7.796666145324707,7.796666145324707,6.96999979019165,7.133333206176758,6.050006866455078,2201700
2015-05-19,7.146666049957275,7.146666049957275,6.9633331298828125,6.9633331298828125,5.905824184417725,1105200
2015-05-20,7.039999961853027,7.616665840148926,6.933332920074463,7.3333330154418945,6.219633102416992,2961300
2015-05-21,7.3333330154418945,7.6966657638549805,7.260000228881836,7.666666030883789,6.502344131469727,2368500
2015-05-22,7.663332939147949,7.900000095367432,7.106666088104248,7.116665840148926,6.0358710289001465,2139900
2015-05-25,7.116665840148926,7.166666030883789,6.763332843780518,6.896666049957275,5.8492817878723145,5648700
2015-05-26,6.876666069030762,6.906665802001953,6.683332920074463,6.8333330154418945,5.795567035675049,1732500
2015-05-27,6.916666030883789,6.966666221618652,6.783332824707031,6.880000114440918,5.835147380828857,1351800
2015-05-28,6.933332920074463,7.210000038146973,6.863333225250244,6.866665840148926,5.823837757110596,2437200
2015-05-29,6.8333330154418945,7.233333110809326,6.829999923706055,7.133333206176758,6.050006866455078,1869600
2015-06-01,7.173333168029785,7.173333168029785,6.883333206176758,7.00666618347168,5.9425764083862305,2286000
2015-06-02,7.019999980926514,7.22666597366333,6.986666202545166,7.053332805633545,5.982155799865723,1338300
2015-06-03,7.033332824707031,7.2133331298828125,6.913332939147949,7.0,5.936923027038574,2650500
2015-06-05,7.0,7.073332786560059,6.8933329582214355,6.9633331298828125,5.905824184417725,2030100
2015-06-08,7.039999961853027,7.300000190734863,6.906665802001953,7.300000190734863,6.1913628578186035,2629500
2015-06-09,7.303332805633545,7.559999942779541,7.1966657638549805,7.346665859222412,6.230940818786621,1916700
2015-06-10,7.460000038146973,7.809999942779541,7.460000038146973,7.533332824707031,6.3892598152160645,2035800
2015-06-11,7.599999904632568,7.7733330726623535,7.519999980926514,7.650000095367432,6.488208293914795,1481700
2015-06-12,7.666666030883789,7.8333330154418945,7.566666126251221,7.663332939147949,6.499516010284424,1878600
2015-06-15,7.656665802001953,7.853332996368408,7.626666069030762,7.78000020980835,6.598466396331787,1463400
2015-06-16,7.803332805633545,8.063332557678223,7.75333309173584,7.983333110809326,6.770919322967529,1775400
2015-06-17,7.980000019073486,7.986666202545166,7.536665916442871,7.6966657638549805,6.527787208557129,1989600
2015-06-18,7.693333148956299,7.869999885559082,7.616665840148926,7.656665802001953,6.493861675262451,926400
2015-06-19,7.706665992736816,7.880000114440918,7.619999885559082,7.699999809265137,6.530614852905273,2396400
2015-06-22,7.8333330154418945,8.020000457763672,7.8333330154418945,7.866665840148926,6.671968936920166,2919900
2015-06-23,7.8933329582214355,7.933332920074463,7.703332901000977,7.703332901000977,6.533441543579102,996900
2015-06-24,7.746665954589844,7.766665935516357,7.550000190734863,7.6366658210754395,6.476899147033691,1659600
2015-06-25,7.699999809265137,7.873332977294922,7.366665840148926,7.690000057220459,6.522133827209473,2278800
2015-06-26,7.666666030883789,7.666666030883789,7.166666030883789,7.199999809265137,6.10654878616333,3300600
2015-06-29,7.053332805633545,7.163332939147949,6.940000057220459,7.0,5.936923027038574,992700
2015-06-30,7.063333034515381,7.380000114440918,7.063333034515381,7.186666011810303,6.095239639282227,2172900
2015-07-01,7.193333148956299,7.460000038146973,6.953332901000977,6.996665954589844,5.9340949058532715,1912800
2015-07-02,7.059999942779541,7.383333206176758,7.0233330726623535,7.320000171661377,6.208324909210205,2647200
2015-07-03,7.25333309173584,7.316666126251221,7.066666126251221,7.066666126251221,5.993464469909668,588000
2015-07-06,7.016665935516357,7.2133331298828125,7.0,7.033332824707031,5.965193271636963,723600
2015-07-07,7.0,7.093332767486572,6.793333053588867,6.869999885559082,5.826665878295898,1046400
2015-07-08,6.873332977294922,6.953332901000977,6.766665935516357,6.766665935516357,5.739024639129639,568800
2015-07-10,6.856666088104248,6.933332920074463,6.7733330726623535,6.876666069030762,5.832319259643555,1183200
2015-07-13,6.97333288192749,7.043333053588867,6.906665802001953,6.97333288192749,5.914305686950684,619200
2015-07-14,7.03000020980835,7.033332824707031,6.920000076293945,6.983333110809326,5.922787189483643,570900
2015-07-15,7.0,7.150000095367432,6.936666011810303,6.936666011810303,5.883207321166992,464100
2015-07-16,7.010000228881836,7.039999961853027,6.876666069030762,6.900000095367432,5.852109432220459,726900
2015-07-17,6.9033331871032715,6.920000076293945,6.586666107177734,6.599999904632568,5.59766960144043,1249200
2015-07-20,6.610000133514404,6.630000114440918,6.353332996368408,6.46999979019165,5.487412452697754,2701800
2015-07-21,6.556665897369385,6.556665897369385,6.210000038146973,6.276666164398193,5.3234405517578125,866100
2015-07-22,6.25333309173584,6.25333309173584,6.076665878295898,6.093332767486572,5.167949676513672,2029200
2015-07-23,6.053332805633545,6.053332805633545,5.736666202545166,5.800000190734863,4.919165134429932,1762800
2015-07-24,5.666666030883789,5.739999771118164,5.566666126251221,5.650000095367432,4.791944980621338,1655700
2015-07-27,5.7133331298828125,5.840000152587891,5.483333110809326,5.483333110809326,4.650589942932129,3369300
2015-07-28,5.50666618347168,5.596665859222412,5.206665992736816,5.400000095367432,4.579912185668945,1462800
2015-07-29,5.346665859222412,5.443333148956299,5.236666202545166,5.236666202545166,4.4413838386535645,1056000
2015-07-30,5.233333110809326,5.340000152587891,5.086666107177734,5.216666221618652,4.4244208335876465,1389900
2015-07-31,5.159999847412109,5.283332824707031,5.046666145324707,5.283332824707031,4.480963230133057,1123500
2015-08-03,5.239999771118164,5.25333309173584,4.949999809265137,4.96999979019165,4.21521520614624,1378500
2015-08-04,4.933332920074463,5.050000190734863,4.75,4.936666011810303,4.186943531036377,1287000
2015-08-05,5.033332824707031,5.166666030883789,4.936666011810303,5.150000095367432,4.3678789138793945,905700
2015-08-06,5.183332920074463,5.25333309173584,4.880000114440918,4.883333206176758,4.1417107582092285,2861700
2015-08-07,4.853332996368408,5.123332977294922,4.853332996368408,4.936666011810303,4.186943531036377,841500
2015-08-10,4.926665782928467,5.063333034515381,4.699999809265137,5.0,4.240658760070801,1138500
2015-08-11,4.980000019073486,4.980000019073486,4.72666597366333,4.9466657638549805,4.195425033569336,1240800
2015-08-12,4.866665840148926,5.173333168029785,4.800000190734863,5.173333168029785,4.387668609619141,1921800
2015-08-13,5.2133331298828125,5.436666011810303,5.186666011810303,5.380000114440918,4.562949180603027,2578200
2015-08-14,5.383333206176758,5.3866658210754395,4.866665840148926,4.8866658210754395,4.14453649520874,2197500
2015-08-17,4.900000095367432,5.0,4.706665992736816,4.849999904632568,4.113439083099365,1663800
2015-08-18,4.856666088104248,4.920000076293945,4.559999942779541,4.639999866485596,3.9353318214416504,3706500
2015-08-19,4.596665859222412,4.610000133514404,4.440000057220459,4.599999904632568,3.9014060497283936,1894800
2015-08-20,4.586666107177734,4.650000095367432,4.406665802001953,4.546666145324707,3.856172561645508,1589700
2015-08-21,4.5233330726623535,4.5233330726623535,4.306665897369385,4.313333034515381,3.658275604248047,1102200
2015-08-24,4.199999809265137,4.413332939147949,4.079999923706055,4.2733330726623535,3.624350070953369,1016400
2015-08-25,4.486666202545166,4.820000171661377,4.300000190734863,4.533332824707031,3.8448636531829834,1560600
2015-08-26,4.570000171661377,4.633333206176758,4.186666011810303,4.203332901000977,3.5649807453155518,1971900
2015-08-27,4.300000190734863,4.343332767486572,4.170000076293945,4.22666597366333,3.5847697257995605,3219600
2015-08-28,4.186666011810303,4.186666011810303,3.9533329010009766,4.050000190734863,3.43493390083313,2737200
2015-08-31,3.9466660022735596,3.9466660022735596,3.7166659832000732,3.7666659355163574,3.194629430770874,2403600
2015-09-01,3.7166659832000732,3.873332977294922,3.6700000762939453,3.6700000762939453,3.1126439571380615,2337300
2015-09-02,3.75,3.7633330821990967,3.569999933242798,3.5866661071777344,3.0419657230377197,1310400
2015-09-03,3.609999895095825,3.6333329677581787,3.380000114440918,3.4366660118103027,2.914745807647705,1521000
2015-09-04,3.3866660594940186,3.4666659832000732,3.2200000286102295,3.2200000286102295,2.7309844493865967,1440300
2015-09-08,3.2666659355163574,3.2666659355163574,3.1266660690307617,3.1566660404205322,2.6772689819335938,1883100
2015-09-09,3.200000047683716,3.4000000953674316,3.1700000762939453,3.3499999046325684,2.8412415981292725,2310300
2015-09-10,3.163332939147949,3.3933329582214355,3.123332977294922,3.3933329582214355,2.877993583679199,2200500
2015-09-11,3.366666078567505,3.366666078567505,3.140000104904175,3.166666030883789,2.6857500076293945,2077200
2015-09-14,3.200000047683716,3.200000047683716,3.00333309173584,3.0833330154418945,2.615072727203369,4896300
2015-09-15,3.0999999046325684,3.123332977294922,3.0066659450531006,3.0999999046325684,2.629208564758301,761400
2015-09-16,3.166666030883789,3.433332920074463,3.1600000858306885,3.2733330726623535,2.7762181758880615,994800
2015-09-17,3.233333110809326,3.4700000286102295,3.200000047683716,3.426666021347046,2.906264543533325,1295700
2015-09-18,3.4033329486846924,3.4033329486846924,3.299999952316284,3.299999952316284,2.798834800720215,1008900
2015-09-21,3.3233330249786377,3.3233330249786377,3.2033329010009766,3.22666597366333,2.736638069152832,718800
2015-09-22,3.200000047683716,3.200000047683716,3.00333309173584,3.130000114440918,2.6546525955200195,3009900
2015-09-23,3.1333329677581787,3.390000104904175,3.119999885559082,3.2733330726623535,2.7762181758880615,1672500
2015-09-24,3.176666021347046,3.1933329105377197,3.0833330154418945,3.0833330154418945,2.615072727203369,481200
2015-09-25,3.109999895095825,3.166666030883789,3.00333309173584,3.1466660499572754,2.668787717819214,512100
2015-09-28,3.103332996368408,3.103332996368408,2.9533329010009766,2.993333101272583,2.538740873336792,883200
2015-09-29,2.9733328819274902,3.2100000381469727,2.9666659832000732,3.0766661167144775,2.6094181537628174,594300
2015-09-30,3.1500000953674316,3.2566659450531006,3.1266660690307617,3.2300000190734863,2.7394657135009766,2125500
2015-10-01,3.2833330631256104,3.2833330631256104,3.059999942779541,3.0866661071777344,2.6178998947143555,610200
2015-10-02,3.096666097640991,3.3299999237060547,3.0333330631256104,3.240000009536743,2.7479472160339355,635100
2015-10-05,3.3499999046325684,3.5299999713897705,3.3399999141693115,3.3966660499572754,2.8808205127716064,1670700
2015-10-06,3.3966660499572754,3.6333329677581787,3.359999895095825,3.546665906906128,3.008040189743042,1069200
2015-10-07,3.613332986831665,4.3333330154418945,3.5733330249786377,4.163332939147949,3.531055212020874,1618500
2015-10-08,4.166666030883789,4.933332920074463,4.099999904632568,4.099999904632568,3.4773404598236084,2218500
2015-10-09,4.066666126251221,4.603332996368408,4.066666126251221,4.3333330154418945,3.6752376556396484,1157100
2015-10-13,4.3333330154418945,4.510000228881836,3.993333101272583,4.066666126251221,3.449068784713745,901500
2015-10-14,4.066666126251221,4.466666221618652,4.066666126251221,4.323332786560059,3.6667559146881104,1788300
2015-10-15,4.383333206176758,4.599999904632568,4.380000114440918,4.596665859222412,3.8985788822174072,1427700
2015-10-16,4.630000114440918,4.923333168029785,4.47666597366333,4.923333168029785,4.17563533782959,1258200
2015-10-19,4.996665954589844,5.159999847412109,4.8333330154418945,5.066666126251221,4.297200679779053,1635000
2015-10-20,5.166666030883789,5.326665878295898,5.033332824707031,5.199999809265137,4.410285472869873,1197300
2015-10-21,5.300000190734863,5.323332786560059,5.079999923706055,5.316666126251221,4.5092339515686035,961200
2015-10-22,5.233333110809326,5.449999809265137,4.8866658210754395,4.8866658210754395,4.14453649520874,855000
2015-10-23,5.016665935516357,5.25333309173584,5.016665935516357,5.230000019073486,4.435729026794434,459300
2015-10-26,5.146666049957275,5.3333330154418945,4.909999847412109,5.00666618347168,4.246312618255615,286500
2015-10-27,5.00666618347168,5.070000171661377,4.916666030883789,4.933332920074463,4.184116363525391,454200
2015-10-28,4.796666145324707,4.8866658210754395,4.796666145324707,4.869999885559082,4.130402088165283,110400
2015-10-29,4.75,4.75666618347168,4.613333225250244,4.656665802001953,3.9494667053222656,614100
2015-10-30,4.5833330154418945,4.6966657638549805,4.346665859222412,4.433332920074463,3.7600507736206055,1089600
2015-11-03,4.46999979019165,4.6533331871032715,4.406665802001953,4.539999961853027,3.8505187034606934,2479500
2015-11-04,4.50666618347168,4.9466657638549805,4.423333168029785,4.633333206176758,3.9296772480010986,1763100
2015-11-05,4.666666030883789,4.676665782928467,4.496665954589844,4.5,3.8165929317474365,1842600
2015-11-06,4.493332862854004,4.496665954589844,4.086666107177734,4.116665840148926,3.4914755821228027,1902900
2015-11-09,3.950000047683716,4.099999904632568,3.880000114440918,3.9800000190734863,3.3755645751953125,5241000
2015-11-10,3.9800000190734863,4.056665897369385,3.9200000762939453,4.016665935516357,3.4066622257232666,5162700
2015-11-11,4.063333034515381,4.066666126251221,3.8833329677581787,3.9366660118103027,3.3388118743896484,1896600
2015-11-12,3.890000104904175,4.150000095367432,3.890000104904175,4.099999904632568,3.4773404598236084,1006500
2015-11-13,4.130000114440918,4.133333206176758,3.809999942779541,3.866666078567505,3.279442548751831,1415100
2015-11-16,3.799999952316284,4.010000228881836,3.799999952316284,3.8333330154418945,3.2511720657348633,603900
2015-11-17,3.853332996368408,3.9633328914642334,3.786665916442871,3.8333330154418945,3.2511720657348633,1215300
2015-11-18,3.8366661071777344,4.013332843780518,3.7899999618530273,4.013332843780518,3.4038352966308594,1594800
2015-11-19,4.046666145324707,4.3333330154418945,4.046666145324707,4.276666164398193,3.6271767616271973,800400
2015-11-23,4.366665840148926,4.576665878295898,4.233333110809326,4.276666164398193,3.6271767616271973,736800
2015-11-24,4.313333034515381,4.466666221618652,4.206665992736816,4.466666221618652,3.7883214950561523,1132800
2015-11-25,4.513332843780518,4.543333053588867,4.246665954589844,4.246665954589844,3.6017329692840576,1093500
2015-11-26,4.286665916442871,4.286665916442871,4.066666126251221,4.103332996368408,3.4801671504974365,447000
2015-11-27,4.123332977294922,4.123332977294922,3.880000114440918,4.066666126251221,3.449068784713745,1059300
2015-11-30,4.039999961853027,4.233333110809326,3.9000000953674316,4.183332920074463,3.548018217086792,1503300
2015-12-01,4.216666221618652,4.3333330154418945,3.796665906906128,4.260000228881836,3.613041639328003,1350600
2015-12-02,4.266665935516357,4.363333225250244,4.123332977294922,4.230000019073486,3.5875978469848633,1688700
2015-12-03,4.306665897369385,4.46999979019165,4.206665992736816,4.309999942779541,3.6554477214813232,811500
2015-12-04,4.269999980926514,4.360000133514404,4.096665859222412,4.289999961853027,3.6384856700897217,881400
2015-12-07,4.2733330726623535,4.353332996368408,4.116665840148926,4.233333110809326,3.5904247760772705,1365600
2015-12-08,4.230000019073486,4.236666202545166,4.010000228881836,4.133333206176758,3.5056118965148926,881100
2015-12-09,4.163332939147949,4.260000228881836,4.116665840148926,4.190000057220459,3.5536725521087646,1661700
2015-12-10,4.130000114440918,4.173333168029785,4.039999961853027,4.070000171661377,3.4518966674804688,2686500
2015-12-11,4.066666126251221,4.21999979019165,4.013332843780518,4.026666164398193,3.4151437282562256,1156500
2015-12-14,3.9733328819274902,4.033332824707031,3.7066659927368164,3.7066659927368164,3.1437413692474365,2371500
2015-12-15,3.666666030883789,3.796665906906128,3.423332929611206,3.5,2.968461513519287,1429200
2015-12-16,3.5166659355163574,3.5299999713897705,3.366666078567505,3.4000000953674316,2.88364839553833,1493100
2015-12-17,3.433332920074463,3.5266659259796143,3.299999952316284,3.4066660404205322,2.8893020153045654,1187700
2015-12-18,3.3233330249786377,3.5799999237060547,3.2733330726623535,3.559999942779541,3.0193490982055664,1359600
2015-12-21,3.866666078567505,3.926666021347046,3.666666030883789,3.736665964126587,3.1691854000091553,1310400
2015-12-22,3.759999990463257,3.8833329677581787,3.75333309173584,3.8833329677581787,3.2935783863067627,433200
2015-12-23,3.8966660499572754,3.983333110809326,3.7466659545898438,3.916666030883789,3.3218491077423096,627300
2015-12-28,3.916666030883789,4.216666221618652,3.846666097640991,4.173333168029785,3.539536476135254,552600
2015-12-29,4.173333168029785,4.400000095367432,4.0833330154418945,4.400000095367432,3.7317798137664795,372600
2015-12-30,4.336666107177734,4.599999904632568,4.239999771118164,4.599999904632568,3.9014060497283936,1112700
2016-01-04,4.413332939147949,4.413332939147949,4.110000133514404,4.316666126251221,3.661102533340454,1415400
2016-01-05,4.316666126251221,4.336666107177734,3.869999885559082,3.869999885559082,3.2822701930999756,1452900
2016-01-06,3.869999885559082,3.933332920074463,3.5899999141693115,3.7033329010009766,3.1409144401550293,1762500
2016-01-07,3.733333110809326,3.863332986831665,3.640000104904175,3.736665964126587,3.1691854000091553,1032300
2016-01-08,3.7699999809265137,3.7699999809265137,3.4066660404205322,3.450000047683716,2.9260547161102295,1588800
2016-01-11,3.433332920074463,3.4433329105377197,3.3266661167144775,3.3333330154418945,2.827105760574341,1047000
2016-01-12,3.369999885559082,3.4000000953674316,3.119999885559082,3.1700000762939453,2.6885781288146973,803100
2016-01-13,3.200000047683716,3.346666097640991,3.183332920074463,3.2233328819274902,2.733811378479004,626700
2016-01-14,3.2733330726623535,3.3966660499572754,3.1866660118103027,3.3966660499572754,2.8808205127716064,704100
2016-01-15,3.356666088104248,3.596666097640991,3.2833330631256104,3.3933329582214355,2.877993583679199,657000
2016-01-18,3.433332920074463,3.5766661167144775,3.3166658878326416,3.5333330631256104,2.996732234954834,468600
2016-01-19,3.559999942779541,3.6500000953674316,3.369999885559082,3.4200000762939453,2.90061092376709,763200
2016-01-20,3.286665916442871,3.3866660594940186,3.183332920074463,3.299999952316284,2.798834800720215,1146600
2016-01-21,3.293333053588867,3.450000047683716,3.236665964126587,3.2666659355163574,2.7705631256103516,592500
2016-01-22,3.299999952316284,3.3266661167144775,3.1500000953674316,3.1500000953674316,2.6716153621673584,1201800
2016-01-26,3.1366660594940186,3.4466660022735596,3.0866661071777344,3.1966660022735596,2.7111940383911133,1185900
2016-01-27,3.2699999809265137,3.3966660499572754,3.1366660594940186,3.166666030883789,2.6857500076293945,643500
2016-01-28,3.166666030883789,3.200000047683716,3.0766661167144775,3.103332996368408,2.632035732269287,670200
2016-01-29,3.1500000953674316,3.4666659832000732,3.106666088104248,3.3266661167144775,2.821451425552368,1912500
2016-02-01,3.416666030883789,3.799999952316284,3.359999895095825,3.4433329105377197,2.9204001426696777,1605000
2016-02-02,3.4433329105377197,3.5766661167144775,3.1433329582214355,3.200000047683716,2.714021682739258,744900
2016-02-03,3.2566659450531006,3.5266659259796143,3.173332929611206,3.4033329486846924,2.886474847793579,1011300
2016-02-04,3.5999999046325684,4.133333206176758,3.5733330249786377,3.986665964126587,3.381218194961548,2361900
2016-02-05,3.986665964126587,4.133333206176758,3.7699999809265137,4.059999942779541,3.4434151649475098,1353300
2016-02-10,4.026666164398193,4.0833330154418945,3.9433329105377197,4.033332824707031,3.420797824859619,778800
2016-02-11,3.9733328819274902,4.016665935516357,3.733333110809326,3.733333110809326,3.166358709335327,1066800
2016-02-12,3.8333330154418945,3.8766660690307617,3.640000104904175,3.7566659450531006,3.186147928237915,1419000
2016-02-15,3.8266661167144775,3.950000047683716,3.7033329010009766,3.7033329010009766,3.1409144401550293,387000
2016-02-16,3.72666597366333,3.933332920074463,3.7166659832000732,3.856666088104248,3.270961284637451,1890300
2016-02-17,3.926666021347046,4.046666145324707,3.7566659450531006,3.7566659450531006,3.186147928237915,623400
2016-02-18,3.700000047683716,3.8499999046325684,3.5799999237060547,3.7566659450531006,3.186147928237915,736500
2016-02-19,3.7233328819274902,3.799999952316284,3.6533329486846924,3.799999952316284,3.2229011058807373,209400
2016-02-22,3.866666078567505,3.9000000953674316,3.683332920074463,3.683332920074463,3.1239519119262695,720900
2016-02-23,3.683332920074463,3.8399999141693115,3.6333329677581787,3.7033329010009766,3.1409144401550293,628500
2016-02-24,3.700000047683716,3.700000047683716,3.373332977294922,3.4366660118103027,2.914745807647705,927600
2016-02-25,3.3966660499572754,3.5566658973693848,3.3966660499572754,3.549999952316284,3.0108678340911865,564000
2016-02-26,3.5999999046325684,3.6700000762939453,3.5,3.6700000762939453,3.1126439571380615,602700
2016-02-29,3.72666597366333,3.950000047683716,3.6600000858306885,3.933332920074463,3.335984468460083,1019700
2016-03-01,3.9633328914642334,4.25,3.916666030883789,4.233333110809326,3.5904247760772705,635400
2016-03-02,4.243332862854004,4.389999866485596,4.199999809265137,4.289999961853027,3.6384856700897217,1031400
2016-03-03,4.380000114440918,4.586666107177734,4.309999942779541,4.5,3.8165929317474365,906600
2016-03-04,4.516665935516357,4.683332920074463,4.353332996368408,4.400000095367432,3.7317798137664795,972000
2016-03-07,4.416666030883789,4.5833330154418945,4.0233330726623535,4.033332824707031,3.420797824859619,849900
2016-03-08,4.0,4.22666597366333,3.8299999237060547,3.863332986831665,3.2766153812408447,694800
2016-03-09,3.863332986831665,4.050000190734863,3.7133328914642334,3.809999942779541,3.231381893157959,555600
2016-03-10,3.890000104904175,3.890000104904175,3.6966660022735596,3.869999885559082,3.2822701930999756,589200
2016-03-11,3.880000114440918,3.930000066757202,3.733333110809326,3.75,3.1804943084716797,1245600
2016-03-14,3.796665906906128,3.880000114440918,3.619999885559082,3.683332920074463,3.1239519119262695,2989800
2016-03-15,3.543333053588867,3.700000047683716,3.4633328914642334,3.5333330631256104,2.996732234954834,1082700
2016-03-16,3.5299999713897705,3.616666078567505,3.4200000762939453,3.5666658878326416,3.0250027179718018,1835700
2016-03-17,3.799999952316284,3.799999952316284,3.6433329582214355,3.7666659355163574,3.194629430770874,404400
2016-03-18,3.793333053588867,3.8333330154418945,3.680000066757202,3.8299999237060547,3.248344659805298,296700
2016-03-21,3.8499999046325684,3.890000104904175,3.6866660118103027,3.733333110809326,3.166358709335327,282900
2016-03-22,3.736665964126587,3.8333330154418945,3.6566660404205322,3.8333330154418945,3.2511720657348633,394500
2016-03-23,3.793333053588867,3.793333053588867,3.623332977294922,3.6500000953674316,3.0956814289093018,1213200
2016-03-24,3.6600000858306885,3.683332920074463,3.546665906906128,3.666666030883789,3.109816312789917,1178400
2016-03-28,3.733333110809326,3.740000009536743,3.4666659832000732,3.483333110809326,2.9543256759643555,675900
2016-03-29,3.4700000286102295,3.483333110809326,3.356666088104248,3.390000104904175,2.87516713142395,466500
2016-03-30,3.4000000953674316,3.553333044052124,3.2566659450531006,3.2666659355163574,2.7705631256103516,1421400
2016-03-31,3.3299999237060547,3.3299999237060547,3.3299999237060547,3.3299999237060547,2.8242788314819336,17400
2016-04-01,3.3166658878326416,3.4033329486846924,3.259999990463257,3.2899999618530273,2.790353775024414,423000
2016-04-04,3.176666021347046,3.176666021347046,3.176666021347046,3.176666021347046,2.6942315101623535,1800
2016-04-05,3.3433330059051514,3.3433330059051514,3.3433330059051514,3.3433330059051514,2.8355870246887207,4500
2016-04-06,3.356666088104248,3.3766660690307617,3.1500000953674316,3.2666659355163574,2.7705631256103516,582000
2016-04-07,3.423332929611206,3.423332929611206,3.423332929611206,3.423332929611206,2.903437614440918,1500
2016-04-08,3.5,3.5,3.313333034515381,3.366666078567505,2.855376720428467,477900
2016-04-11,3.413332939147949,3.47666597366333,3.236665964126587,3.25,2.7564284801483154,926700
2016-04-12,3.309999942779541,3.309999942779541,3.309999942779541,3.309999942779541,2.807316303253174,1200
2016-04-13,3.5,3.5,3.5,3.5,2.968461513519287,1200
2016-04-14,3.5333330631256104,3.596666097640991,3.353332996368408,3.596666097640991,3.0504472255706787,762600
2016-04-15,3.6333329677581787,3.683332920074463,3.5399999618530273,3.666666030883789,3.109816312789917,951300
2016-04-18,3.6600000858306885,3.72666597366333,3.603332996368408,3.690000057220459,3.1296064853668213,616200
2016-04-19,3.619999885559082,3.619999885559082,3.619999885559082,3.619999885559082,3.070237159729004,1800
2016-04-20,3.6266660690307617,3.666666030883789,3.5766661167144775,3.663332939147949,3.1069893836975098,426300
2016-04-22,3.606666088104248,3.683332920074463,3.5,3.5999999046325684,3.053274393081665,346500
2016-04-25,3.5399999618530273,3.5999999046325684,3.483333110809326,3.483333110809326,2.9543256759643555,622200
2016-04-26,3.4600000381469727,3.5,3.4433329105377197,3.4800000190734863,3.0054237842559814,1226100
2016-04-27,3.5133330821990967,3.5733330249786377,3.433332920074463,3.5166659355163574,3.0370895862579346,702000
2016-04-28,3.4700000286102295,3.5333330631256104,3.4533329010009766,3.483333110809326,3.0083024501800537,739500
2016-04-29,3.4966659545898438,3.536665916442871,3.4433329105377197,3.4966659545898438,3.0198171138763428,233700
2016-05-02,3.4966659545898438,3.5,3.440000057220459,3.4466660022735596,2.976635694503784,822600
2016-05-03,3.4033329486846924,3.433332920074463,3.3066658973693848,3.353332996368408,2.896030902862549,772200
2016-05-04,3.373332977294922,3.373332977294922,3.2633330821990967,3.3499999046325684,2.8931522369384766,269700
2016-05-05,3.3499999046325684,3.363332986831665,3.2666659355163574,3.3499999046325684,2.8931522369384766,249900
2016-05-06,3.3366661071777344,3.450000047683716,3.2799999713897705,3.309999942779541,2.858607053756714,732900
2016-05-09,3.309999942779541,3.3866660594940186,3.233333110809326,3.2899999618530273,2.841334581375122,117600
2016-05-10,3.3366661071777344,3.440000057220459,3.299999952316284,3.440000057220459,2.970879077911377,332700
2016-05-11,3.440000057220459,3.4800000190734863,3.366666078567505,3.380000114440918,2.9190611839294434,214200
2016-05-12,3.430000066757202,3.5066659450531006,3.3833329677581787,3.4666659832000732,2.993908405303955,640500
2016-05-13,3.440000057220459,3.5,3.3266661167144775,3.450000047683716,2.9795150756835938,787800
2016-05-16,3.433332920074463,3.4600000381469727,3.373332977294922,3.373332977294922,2.9133036136627197,732000
2016-05-17,3.4200000762939453,3.4366660118103027,3.3766660690307617,3.3966660499572754,2.9334542751312256,568500
2016-05-18,3.3966660499572754,3.4666659832000732,3.3966660499572754,3.4466660022735596,2.976635694503784,426600
2016-05-19,3.4466660022735596,3.4800000190734863,3.3933329582214355,3.450000047683716,2.9795150756835938,256800
2016-05-20,3.4366660118103027,3.440000057220459,3.353332996368408,3.366666078567505,2.907545328140259,595800
2016-05-23,3.369999885559082,3.369999885559082,3.2066659927368164,3.2100000381469727,2.772244453430176,1255800
2016-05-24,3.25333309173584,3.4633328914642334,3.25333309173584,3.416666030883789,2.9507269859313965,1570200
2016-05-25,3.450000047683716,3.563333034515381,3.450000047683716,3.4966659545898438,3.0198171138763428,2012400
2016-05-27,3.5266659259796143,3.5766661167144775,3.4666659832000732,3.5,3.0226964950561523,434700
2016-05-30,3.563333034515381,3.5799999237060547,3.4433329105377197,3.5266659259796143,3.0457258224487305,234300
2016-05-31,3.486665964126587,3.5066659450531006,3.4033329486846924,3.4200000762939453,2.953606367111206,1178100
2016-06-01,3.440000057220459,3.4533329010009766,3.3766660690307617,3.433332920074463,2.965121030807495,1111200
2016-06-02,3.5333330631256104,3.553333044052124,3.4733328819274902,3.5,3.0226964950561523,1930500
2016-06-03,3.5666658878326416,3.5866661071777344,3.483333110809326,3.5399999618530273,3.057241678237915,999900
2016-06-06,3.5666658878326416,3.616666078567505,3.5566658973693848,3.5933330059051514,3.1033012866973877,955500
2016-06-07,3.619999885559082,3.683332920074463,3.5866661071777344,3.6600000858306885,3.160876750946045,1330200
2016-06-08,3.6600000858306885,3.799999952316284,3.6333329677581787,3.799999952316284,3.281784772872925,1258500
2016-06-09,3.7833330631256104,4.00666618347168,3.733333110809326,4.00666618347168,3.4602673053741455,861600
2016-06-10,3.9966659545898438,3.9966659545898438,3.873332977294922,3.9533329010009766,3.4142074584960938,348600
2016-06-13,3.993333101272583,3.993333101272583,3.8333330154418945,3.9066660404205322,3.3739047050476074,218400
2016-06-14,3.856666088104248,3.9200000762939453,3.7633330821990967,3.8166658878326416,3.296177864074707,366300
2016-06-15,3.7833330631256104,3.8399999141693115,3.7699999809265137,3.8166658878326416,3.296177864074707,2483100
2016-06-16,3.7633330821990967,4.033332824707031,3.740000009536743,4.033332824707031,3.48329758644104,409500
2016-06-17,4.026666164398193,4.073332786560059,3.869999885559082,3.869999885559082,3.342238426208496,359100
2016-06-20,3.913332939147949,3.9633328914642334,3.869999885559082,3.8833329677581787,3.3537533283233643,537300
2016-06-21,3.880000114440918,4.046666145324707,3.880000114440918,4.046666145324707,3.4948127269744873,303300
2016-06-22,4.066666126251221,4.070000171661377,3.9033329486846924,3.933332920074463,3.396934747695923,231300
2016-06-23,3.950000047683716,4.0233330726623535,3.950000047683716,3.9633328914642334,3.4228434562683105,228900
2016-06-24,3.8166658878326416,4.0,3.7833330631256104,3.97666597366333,3.4343581199645996,248400
2016-06-27,3.950000047683716,4.046666145324707,3.880000114440918,4.010000228881836,3.463146686553955,150900
2016-06-28,4.010000228881836,4.03000020980835,3.9066660404205322,3.990000009536743,3.4458742141723633,370500
2016-06-29,4.070000171661377,4.733333110809326,4.059999942779541,4.5833330154418945,3.9582927227020264,1517400
2016-06-30,4.656665802001953,4.796666145324707,4.480000019073486,4.796666145324707,4.142532825469971,671400
2016-07-01,4.763332843780518,4.800000190734863,4.619999885559082,4.623332977294922,3.99283766746521,195900
2016-07-04,4.623332977294922,4.6966657638549805,4.496665954589844,4.570000171661377,3.9467782974243164,111900
2016-07-05,4.596665859222412,4.596665859222412,4.303332805633545,4.400000095367432,3.799961566925049,168300
2016-07-06,4.416666030883789,4.460000038146973,4.25,4.416666030883789,3.814354658126831,137700
2016-07-07,4.466666221618652,4.566666126251221,4.383333206176758,4.429999828338623,3.8258700370788574,252600
2016-07-08,4.5,4.603332996368408,4.426665782928467,4.603332996368408,3.975564956665039,164700
2016-07-11,4.663332939147949,4.663332939147949,4.50333309173584,4.50333309173584,3.88920259475708,125100
2016-07-12,4.5,4.526666164398193,4.326665878295898,4.433332920074463,3.8287484645843506,828900
2016-07-13,4.433332920074463,4.656665802001953,4.343332767486572,4.646666049957275,4.012989044189453,443400
2016-07-14,4.6533331871032715,5.0,4.6533331871032715,4.966666221618652,4.2893500328063965,210000
2016-07-15,4.926665782928467,5.0833330154418945,4.766665935516357,5.0833330154418945,4.390106678009033,560400
2016-07-18,5.066666126251221,5.130000114440918,4.993332862854004,5.016665935516357,4.332530975341797,247200
2016-07-19,5.016665935516357,5.016665935516357,4.940000057220459,4.940000057220459,4.266319751739502,111900
2016-07-20,4.940000057220459,5.043333053588867,4.9033331871032715,4.909999847412109,4.240411281585693,119100
2016-07-21,4.9633331298828125,5.133333206176758,4.920000076293945,5.133333206176758,4.433287620544434,258600
2016-07-22,5.139999866485596,5.150000095367432,5.039999961853027,5.150000095367432,4.447681427001953,202500
2016-07-25,5.190000057220459,5.286665916442871,5.050000190734863,5.210000038146973,4.499499320983887,255300
2016-07-26,5.206665992736816,5.206665992736816,5.026666164398193,5.096665859222412,4.401620864868164,290700
2016-07-27,5.099999904632568,5.099999904632568,4.913332939147949,4.913332939147949,4.243289947509766,260100
2016-07-28,4.900000095367432,4.966666221618652,4.733333110809326,4.933332920074463,4.260562419891357,186900
2016-07-29,4.9033331871032715,5.073332786560059,4.869999885559082,5.073332786560059,4.3814697265625,372000
2016-08-01,5.106666088104248,5.186666011810303,4.840000152587891,5.0,4.3181376457214355,228000
2016-08-02,4.936666011810303,4.980000019073486,4.78000020980835,4.816666126251221,4.159805774688721,656100
2016-08-03,4.816666126251221,4.8866658210754395,4.766665935516357,4.766665935516357,4.116624355316162,331200
2016-08-04,4.793333053588867,4.920000076293945,4.75666618347168,4.826665878295898,4.168441295623779,173400
2016-08-05,4.826665878295898,4.900000095367432,4.516665935516357,4.543333053588867,3.9237475395202637,547800
2016-08-08,4.570000171661377,4.650000095367432,4.383333206176758,4.466666221618652,3.8575360774993896,1607100
2016-08-09,4.480000019073486,4.516665935516357,4.373332977294922,4.416666030883789,3.814354658126831,213300
2016-08-10,4.449999809265137,4.650000095367432,4.423333168029785,4.426665782928467,3.8229901790618896,322200
2016-08-11,4.429999828338623,4.489999771118164,4.130000114440918,4.156665802001953,3.589811086654663,685800
2016-08-12,4.150000095367432,4.206665992736816,4.046666145324707,4.133333206176758,3.5696604251861572,529800
2016-08-15,4.176665782928467,4.28000020980835,4.066666126251221,4.1966657638549805,3.624356508255005,411000
2016-08-16,4.233333110809326,4.426665782928467,4.046666145324707,4.426665782928467,3.8229901790618896,1287900
2016-08-17,4.426665782928467,4.559999942779541,4.22666597366333,4.5,3.886324167251587,882600
2016-08-18,4.480000019073486,4.760000228881836,4.480000019073486,4.633333206176758,4.001474380493164,929700
2016-08-19,4.666666030883789,4.730000019073486,4.533332824707031,4.533332824707031,3.9151113033294678,322200
2016-08-22,4.46999979019165,4.699999809265137,4.433332920074463,4.563333034515381,3.9410200119018555,686700
2016-08-23,4.553332805633545,4.690000057220459,4.486666202545166,4.630000114440918,3.998595714569092,291600
2016-08-24,4.619999885559082,4.923333168029785,4.619999885559082,4.856666088104248,4.194350242614746,497100
2016-08-25,4.816666126251221,4.906665802001953,4.816666126251221,4.843332767486572,4.182836055755615,369300
2016-08-26,4.843332767486572,4.880000114440918,4.783332824707031,4.8333330154418945,4.17419958114624,382500
2016-08-29,4.883333206176758,4.8866658210754395,4.766665935516357,4.766665935516357,4.116624355316162,397500
2016-08-30,4.739999771118164,4.776666164398193,4.676665782928467,4.693333148956299,4.053291320800781,243600
2016-08-31,4.676665782928467,4.710000038146973,4.606666088104248,4.6966657638549805,4.0561699867248535,375600
2016-09-01,4.646666049957275,4.796666145324707,4.616665840148926,4.616665840148926,3.9870800971984863,166500
2016-09-02,4.646666049957275,4.650000095367432,4.466666221618652,4.556665897369385,3.935262441635132,434400
2016-09-05,4.513332843780518,4.646666049957275,4.496665954589844,4.616665840148926,3.9870800971984863,385800
2016-09-06,4.590000152587891,4.7133331298828125,4.556665897369385,4.7133331298828125,4.0705647468566895,164400
2016-09-08,4.666666030883789,4.730000019073486,4.596665859222412,4.599999904632568,3.972686529159546,325500
2016-09-09,4.603332996368408,4.603332996368408,4.363333225250244,4.466666221618652,3.8575360774993896,266100
2016-09-12,4.440000057220459,4.646666049957275,4.356666088104248,4.550000190734863,3.9295051097869873,406500
2016-09-13,4.550000190734863,4.550000190734863,4.383333206176758,4.383333206176758,3.7855677604675293,473100
2016-09-14,4.3933329582214355,4.420000076293945,4.360000133514404,4.420000076293945,3.8172338008880615,200100
2016-09-15,4.453332901000977,4.526666164398193,4.433332920074463,4.449999809265137,3.8431427478790283,297600
2016-09-16,4.5,4.5,4.353332996368408,4.5,3.886324167251587,222600
2016-09-19,4.510000228881836,4.6533331871032715,4.50666618347168,4.526666164398193,3.909353733062744,163200
2016-09-20,4.550000190734863,4.603332996368408,4.426665782928467,4.426665782928467,3.8229901790618896,59700
2016-09-21,4.453332901000977,4.533332824707031,4.3866658210754395,4.533332824707031,3.9151113033294678,471600
2016-09-22,4.546666145324707,4.803332805633545,4.47666597366333,4.710000038146973,4.067686080932617,146700
2016-09-23,4.703332901000977,4.75333309173584,4.426665782928467,4.496665954589844,3.8834447860717773,596400
2016-09-26,4.5,4.50333309173584,4.366665840148926,4.400000095367432,3.799961566925049,208500
2016-09-27,4.396666049957275,4.396666049957275,4.243332862854004,4.25,3.670417070388794,174000
2016-09-28,4.28000020980835,4.383333206176758,4.199999809265137,4.25666618347168,3.6761739253997803,698400
2016-09-29,4.25,4.309999942779541,4.110000133514404,4.199999809265137,3.6272354125976562,219300
2016-09-30,4.230000019073486,4.266665935516357,4.133333206176758,4.133333206176758,3.5696604251861572,154800
2016-10-03,4.139999866485596,4.199999809265137,4.073332786560059,4.0833330154418945,3.5264790058135986,165300
2016-10-04,4.233333110809326,4.3866658210754395,4.086666107177734,4.090000152587891,3.5322365760803223,620700
2016-10-05,4.086666107177734,4.156665802001953,4.066666126251221,4.099999904632568,3.5408732891082764,195300
2016-10-06,4.130000114440918,4.286665916442871,4.130000114440918,4.233333110809326,3.6560232639312744,1586700
2016-10-07,4.289999961853027,4.396666049957275,4.186666011810303,4.233333110809326,3.6560232639312744,667200
2016-10-10,4.25666618347168,4.289999961853027,4.183332920074463,4.21999979019165,3.644507884979248,188700
2016-10-11,4.193333148956299,4.210000038146973,4.119999885559082,4.133333206176758,3.5696604251861572,253200
2016-10-13,4.119999885559082,4.119999885559082,4.070000171661377,4.096665859222412,3.5379934310913086,372300
2016-10-14,4.099999904632568,4.179999828338623,4.096665859222412,4.1533331871032715,3.586933135986328,669000
2016-10-17,4.2133331298828125,4.326665878295898,4.190000057220459,4.286665916442871,3.702082872390747,140100
2016-10-18,4.303332805633545,4.666666030883789,4.286665916442871,4.666666030883789,4.030261516571045,594300
2016-10-19,4.686666011810303,4.943333148956299,4.686666011810303,4.826665878295898,4.168441295623779,368100
2016-10-20,4.699999809265137,4.783332824707031,4.673333168029785,4.72333288192749,4.079200267791748,171000
2016-10-21,4.72333288192749,4.739999771118164,4.539999961853027,4.566666126251221,3.9438984394073486,1028700
2016-10-24,4.626666069030762,4.646666049957275,4.383333206176758,4.383333206176758,3.7855677604675293,124500
2016-10-25,4.383333206176758,4.3866658210754395,4.25333309173584,4.309999942779541,3.7222352027893066,87000
2016-10-26,4.283332824707031,4.3933329582214355,4.283332824707031,4.353332996368408,3.759658098220825,58200
2016-10-27,4.343332767486572,4.47333288192749,4.3333330154418945,4.373332977294922,3.776930809020996,37800
2016-10-28,4.3333330154418945,4.400000095367432,4.323332786560059,4.400000095367432,3.799961566925049,51000
2016-10-31,4.466666221618652,4.5,4.429999828338623,4.5,3.886324167251587,64500
2016-11-01,4.5,4.663332939147949,4.449999809265137,4.449999809265137,3.8431427478790283,666000
2016-11-03,4.426665782928467,4.590000152587891,4.420000076293945,4.566666126251221,3.9438984394073486,220200
2016-11-04,4.566666126251221,4.606666088104248,4.483333110809326,4.596665859222412,3.9698073863983154,1489200
2016-11-07,4.613333225250244,4.783332824707031,4.550000190734863,4.783332824707031,4.131018161773682,339000
2016-11-08,4.703332901000977,4.7733330726623535,4.6366658210754395,4.6366658210754395,4.00435209274292,215400
2016-11-09,4.433332920074463,4.4633331298828125,4.303332805633545,4.320000171661377,3.7308709621429443,545700
2016-11-10,4.409999847412109,4.409999847412109,4.066666126251221,4.139999866485596,3.57541823387146,279000
2016-11-11,4.1366658210754395,4.139999866485596,3.8966660499572754,4.019999980926514,3.4717824459075928,271800
2016-11-14,4.0,4.166666030883789,4.0,4.166666030883789,3.598447561264038,248400
2016-11-16,4.166666030883789,4.276666164398193,4.050000190734863,4.053332805633545,3.5005698204040527,173700
2016-11-17,4.066666126251221,4.316666126251221,4.066666126251221,4.21999979019165,3.644507884979248,91800
2016-11-18,4.283332824707031,4.429999828338623,4.233333110809326,4.429999828338623,3.8258700370788574,117600
2016-11-21,4.429999828338623,4.5,4.336666107177734,4.5,3.886324167251587,126900
2016-11-22,4.3866658210754395,4.6433329582214355,4.246665954589844,4.3333330154418945,3.7423853874206543,763800
2016-11-23,4.360000133514404,4.563333034515381,4.306665897369385,4.563333034515381,3.9410200119018555,237900
2016-11-24,4.546666145324707,4.6366658210754395,4.409999847412109,4.599999904632568,3.972686529159546,129900
2016-11-25,4.53000020980835,4.550000190734863,4.453332901000977,4.453332901000977,3.8460206985473633,57900
2016-11-28,4.366665840148926,4.599999904632568,4.366665840148926,4.533332824707031,3.9151113033294678,96000
2016-11-29,4.493332862854004,4.550000190734863,4.3933329582214355,4.516665935516357,3.9007174968719482,105300
2016-11-30,4.460000038146973,4.596665859222412,4.406665802001953,4.516665935516357,3.9007174968719482,118800
2016-12-01,4.4466657638549805,4.480000019073486,4.326665878295898,4.416666030883789,3.814354658126831,308700
2016-12-02,4.349999904632568,4.400000095367432,4.286665916442871,4.366665840148926,3.7711730003356934,109200
2016-12-05,4.353332996368408,4.400000095367432,4.25333309173584,4.25333309173584,3.673295497894287,51300
2016-12-06,4.320000171661377,4.326665878295898,4.236666202545166,4.326665878295898,3.7366278171539307,68400
2016-12-07,4.363333225250244,4.4466657638549805,4.186666011810303,4.186666011810303,3.615719795227051,223800
2016-12-08,4.25,4.300000190734863,4.170000076293945,4.300000190734863,3.7135987281799316,53700
2016-12-09,4.313333034515381,4.433332920074463,4.246665954589844,4.433332920074463,3.8287484645843506,61800
2016-12-12,4.376666069030762,4.423333168029785,4.2733330726623535,4.366665840148926,3.7711730003356934,41400
2016-12-13,4.336666107177734,4.4633331298828125,4.313333034515381,4.413332939147949,3.811476230621338,105000
2016-12-14,4.366665840148926,4.460000038146973,4.3333330154418945,4.366665840148926,3.7711730003356934,137100
2016-12-15,4.343332767486572,4.426665782928467,4.316666126251221,4.416666030883789,3.814354658126831,55800
2016-12-16,4.416666030883789,4.433332920074463,4.356666088104248,4.369999885559082,3.774052381515503,866100
2016-12-19,4.329999923706055,4.483333110809326,4.236666202545166,4.456665992736816,3.8488996028900146,1363200
2016-12-20,4.433332920074463,4.460000038146973,4.353332996368408,4.4033331871032715,3.802839994430542,384900
2016-12-21,4.349999904632568,4.349999904632568,4.349999904632568,4.349999904632568,3.756779670715332,79200
2016-12-22,4.5,4.533332824707031,4.5,4.436666011810303,3.831627130508423,2321100
2016-12-23,4.516665935516357,4.633333206176758,4.486666202545166,4.493332862854004,3.880565881729126,246300
2016-12-26,4.53000020980835,4.563333034515381,4.456665992736816,4.466666221618652,3.8575360774993896,232200
2016-12-27,4.513332843780518,4.599999904632568,4.50666618347168,4.556665897369385,3.935262441635132,173400
2016-12-28,4.556665897369385,4.6533331871032715,4.536665916442871,4.616665840148926,3.9870800971984863,216300
2016-12-29,4.599999904632568,4.633333206176758,4.466666221618652,4.543333053588867,3.9237475395202637,636900
2017-01-02,4.519999980926514,4.566666126251221,4.416666030883789,4.416666030883789,3.814354658126831,70200
2017-01-03,4.443333148956299,4.550000190734863,4.426665782928467,4.456665992736816,3.8488996028900146,186300
2017-01-04,4.449999809265137,4.546666145324707,4.433332920074463,4.449999809265137,3.8431427478790283,132900
2017-01-05,4.456665992736816,4.50666618347168,4.456665992736816,4.466666221618652,3.8575360774993896,264900
2017-01-06,4.480000019073486,4.650000095367432,4.46999979019165,4.599999904632568,3.972686529159546,635400
2017-01-09,4.610000133514404,4.856666088104248,4.610000133514404,4.71999979019165,4.076321601867676,758700
2017-01-10,4.766665935516357,4.813333034515381,4.690000057220459,4.6966657638549805,4.0561699867248535,702000
2017-01-11,4.75333309173584,4.75333309173584,4.5833330154418945,4.699999809265137,4.059049129486084,123900
2017-01-12,4.703332901000977,4.796666145324707,4.633333206176758,4.633333206176758,4.001474380493164,480000
2017-01-13,4.656665802001953,4.766665935516357,4.639999866485596,4.75,4.102231025695801,162900
2017-01-16,4.766665935516357,4.880000114440918,4.6966657638549805,4.6966657638549805,4.0561699867248535,132600
2017-01-17,4.793333053588867,4.796666145324707,4.72333288192749,4.783332824707031,4.131018161773682,639600
2017-01-18,4.783332824707031,4.826665878295898,4.733333110809326,4.746665954589844,4.09935188293457,302100
2017-01-19,4.760000228881836,4.760000228881836,4.50666618347168,4.566666126251221,3.9438984394073486,344100
2017-01-20,4.566666126251221,4.730000019073486,4.566666126251221,4.716666221618652,4.0734429359436035,250500
2017-01-23,4.683332920074463,4.72666597366333,4.570000171661377,4.570000171661377,3.9467782974243164,151500
2017-01-24,4.590000152587891,4.633333206176758,4.4466657638549805,4.449999809265137,3.8431427478790283,214800
2017-01-26,4.449999809265137,4.5833330154418945,4.449999809265137,4.546666145324707,3.926626205444336,258600
2017-01-27,4.546666145324707,4.6433329582214355,4.546666145324707,4.619999885559082,3.9899587631225586,183300
2017-01-30,4.666666030883789,4.666666030883789,4.543333053588867,4.599999904632568,3.972686529159546,82200
2017-01-31,4.606666088104248,4.606666088104248,4.4033331871032715,4.466666221618652,3.8575360774993896,432300
2017-02-01,4.493332862854004,4.50666618347168,4.269999980926514,4.269999980926514,3.687689781188965,735300
2017-02-02,4.28000020980835,4.3333330154418945,4.203332901000977,4.300000190734863,3.7135987281799316,358200
2017-02-03,4.300000190734863,4.423333168029785,4.260000228881836,4.329999923706055,3.7395074367523193,229200
2017-02-06,4.336666107177734,4.460000038146973,4.260000228881836,4.436666011810303,3.831627130508423,281700
2017-02-07,4.413332939147949,4.413332939147949,4.293333053588867,4.323332786560059,3.7337493896484375,107400
2017-02-08,4.326665878295898,4.369999885559082,4.309999942779541,4.363333225250244,3.7682945728302,193200
2017-02-09,4.363333225250244,4.433332920074463,4.329999923706055,4.366665840148926,3.7711730003356934,148800
2017-02-10,4.366665840148926,4.433332920074463,4.353332996368408,4.3866658210754395,3.788445234298706,120600
2017-02-13,4.3933329582214355,4.633333206176758,4.3933329582214355,4.566666126251221,3.9438984394073486,120900
2017-02-14,4.536665916442871,4.650000095367432,4.50666618347168,4.546666145324707,3.926626205444336,192600
2017-02-15,4.656665802001953,4.656665802001953,4.483333110809326,4.483333110809326,3.871929883956909,104400
2017-02-16,4.556665897369385,4.633333206176758,4.489999771118164,4.5833330154418945,3.9582927227020264,137700
2017-02-17,4.573332786560059,4.710000038146973,4.53000020980835,4.679999828338623,4.041776657104492,272400
2017-02-20,4.683332920074463,4.699999809265137,4.603332996368408,4.6433329582214355,4.010110378265381,134100
2017-02-21,4.679999828338623,4.710000038146973,4.546666145324707,4.603332996368408,3.975564956665039,133500
2017-02-22,4.610000133514404,4.650000095367432,4.5,4.650000095367432,4.015868186950684,75900
2017-02-23,4.650000095367432,4.650000095367432,4.46999979019165,4.573332786560059,3.9496562480926514,146700
2017-02-24,4.550000190734863,4.650000095367432,4.50333309173584,4.596665859222412,3.9698073863983154,132000
2017-03-01,4.46999979019165,4.670000076293945,4.46999979019165,4.656665802001953,4.021624565124512,232800
2017-03-02,4.670000076293945,4.6966657638549805,4.47333288192749,4.5,3.886324167251587,255000
2017-03-03,4.533332824707031,4.630000114440918,4.5,4.550000190734863,3.9295051097869873,160200
2017-03-06,4.610000133514404,4.96999979019165,4.590000152587891,4.786665916442871,4.133896827697754,1728900
2017-03-07,4.8333330154418945,4.856666088104248,4.786665916442871,4.793333053588867,4.139654159545898,739800
2017-03-08,4.803332805633545,4.8333330154418945,4.6366658210754395,4.650000095367432,4.015868186950684,548700
2017-03-09,4.676665782928467,4.733333110809326,4.619999885559082,4.650000095367432,4.015868186950684,219300
2017-03-10,4.679999828338623,4.823332786560059,4.616665840148926,4.616665840148926,3.9870800971984863,305400
2017-03-13,4.666666030883789,4.746665954589844,4.6433329582214355,4.746665954589844,4.09935188293457,230400
2017-03-14,4.75,4.75,4.666666030883789,4.673333168029785,4.036019325256348,134100
2017-03-15,4.650000095367432,4.650000095367432,4.400000095367432,4.426665782928467,3.8229901790618896,852600
2017-03-16,4.4633331298828125,4.659999847412109,4.4633331298828125,4.5833330154418945,3.9582927227020264,453000
2017-03-17,4.633333206176758,4.766665935516357,4.496665954589844,4.766665935516357,4.116624355316162,376800
2017-03-20,4.8333330154418945,4.960000038146973,4.603332996368408,4.656665802001953,4.021624565124512,801300
2017-03-21,4.670000076293945,4.75666618347168,4.366665840148926,4.409999847412109,3.8085973262786865,306900
2017-03-22,4.413332939147949,4.466666221618652,4.369999885559082,4.466666221618652,3.8575360774993896,261900
2017-03-23,4.46999979019165,4.550000190734863,4.46999979019165,4.47333288192749,3.8632936477661133,172500
2017-03-24,4.50666618347168,4.539999961853027,4.480000019073486,4.493332862854004,3.880565881729126,130200
2017-03-27,4.5233330726623535,4.533332824707031,4.416666030883789,4.423333168029785,3.8201122283935547,224100
2017-03-28,4.456665992736816,4.486666202545166,4.406665802001953,4.406665802001953,3.805718421936035,150000
2017-03-29,4.516665935516357,4.516665935516357,4.420000076293945,4.420000076293945,3.8172338008880615,174000
2017-03-30,4.420000076293945,4.496665954589844,4.336666107177734,4.389999866485596,3.7913246154785156,296700
2017-03-31,4.3933329582214355,4.489999771118164,4.363333225250244,4.466666221618652,3.8575360774993896,188100
2017-04-03,4.46999979019165,4.480000019073486,4.3333330154418945,4.3333330154418945,3.7423853874206543,258000
2017-04-04,4.433332920074463,4.433332920074463,4.3333330154418945,4.3333330154418945,3.7423853874206543,327900
2017-04-05,4.3333330154418945,4.380000114440918,4.300000190734863,4.3333330154418945,3.7423853874206543,586500
2017-04-06,4.4033331871032715,4.406665802001953,4.309999942779541,4.316666126251221,3.727992057800293,751800
2017-04-07,4.3333330154418945,4.3866658210754395,4.3333330154418945,4.3866658210754395,3.788445234298706,121500
2017-04-10,4.4033331871032715,4.406665802001953,4.353332996368408,4.383333206176758,3.7855677604675293,85800
2017-04-11,4.383333206176758,4.389999866485596,4.313333034515381,4.360000133514404,3.765416145324707,255900
2017-04-12,4.356666088104248,4.360000133514404,4.300000190734863,4.3333330154418945,3.7423853874206543,606000
2017-04-13,4.3333330154418945,4.396666049957275,4.313333034515381,4.3333330154418945,3.7423853874206543,296700
2017-04-17,4.349999904632568,4.373332977294922,4.320000171661377,4.320000171661377,3.7308709621429443,475500
2017-04-18,4.316666126251221,4.349999904632568,4.303332805633545,4.3333330154418945,3.7423853874206543,118500
2017-04-19,4.356666088104248,4.570000171661377,4.3333330154418945,4.416666030883789,3.814354658126831,321300
2017-04-20,4.46999979019165,4.526666164398193,4.409999847412109,4.456665992736816,3.8488996028900146,477900
2017-04-24,4.559999942779541,4.623332977294922,4.449999809265137,4.449999809265137,3.8431427478790283,487800
2017-04-25,4.5,4.5833330154418945,4.483333110809326,4.546666145324707,3.926626205444336,405600
2017-04-26,4.550000190734863,4.656665802001953,4.433332920074463,4.493332862854004,3.880565881729126,528300
2017-04-27,4.493332862854004,4.493332862854004,4.269999980926514,4.3333330154418945,3.759650230407715,683700
2017-04-28,4.336666107177734,4.493332862854004,4.336666107177734,4.466666221618652,3.8753316402435303,300900
2017-05-02,4.593332767486572,4.599999904632568,4.5,4.513332843780518,3.9158196449279785,827400
2017-05-03,4.519999980926514,4.736666202545166,4.519999980926514,4.666666030883789,4.048853874206543,747300
2017-05-04,4.650000095367432,4.783332824707031,4.616665840148926,4.733333110809326,4.10669469833374,351900
2017-05-05,4.733333110809326,4.849999904632568,4.733333110809326,4.849999904632568,4.207916259765625,490500
2017-05-08,4.849999904632568,4.933332920074463,4.789999961853027,4.900000095367432,4.2512969970703125,740100
2017-05-09,4.933332920074463,5.063333034515381,4.9033331871032715,4.980000019073486,4.320705890655518,909300
2017-05-10,5.046666145324707,5.066666126251221,4.933332920074463,5.013332843780518,4.349625587463379,4244100
2017-05-11,5.033332824707031,5.383333206176758,5.033332824707031,5.269999980926514,4.572312831878662,1805700
2017-05-12,5.3333330154418945,5.516665935516357,5.3333330154418945,5.400000095367432,4.685102939605713,993300
2017-05-15,5.489999771118164,5.489999771118164,5.243332862854004,5.373332977294922,4.661965847015381,313200
2017-05-16,5.400000095367432,5.776666164398193,5.400000095367432,5.766665935516357,5.003225803375244,769500
2017-05-17,5.766665935516357,5.826665878295898,5.536665916442871,5.676665782928467,4.925141334533691,1209900
2017-05-18,5.0,5.28000020980835,4.896666049957275,5.233333110809326,4.540500164031982,761400
2017-05-19,5.2733330726623535,5.460000038146973,5.2733330726623535,5.449999809265137,4.728483200073242,816300
2017-05-22,5.426665782928467,5.429999828338623,5.113333225250244,5.233333110809326,4.540500164031982,416400
2017-05-23,5.199999809265137,5.426665782928467,5.173333168029785,5.366665840148926,4.656181335449219,319200
2017-05-24,5.449999809265137,5.556665897369385,5.366665840148926,5.5,4.7718634605407715,476400
2017-05-25,5.526666164398193,5.72666597366333,5.4033331871032715,5.606666088104248,4.864408493041992,667200
2017-05-26,5.659999847412109,5.926665782928467,5.623332977294922,5.8333330154418945,5.0610671043396,392700
2017-05-29,5.8333330154418945,5.8333330154418945,5.8333330154418945,5.8333330154418945,5.0610671043396,0
2017-05-30,5.570000171661377,5.683332920074463,5.496665954589844,5.666666030883789,4.916464805603027,362400
2017-05-31,5.639999866485596,5.703332901000977,5.4033331871032715,5.433332920074463,4.714022636413574,507300
2017-06-01,5.460000038146973,5.639999866485596,5.323332786560059,5.566666126251221,4.829704284667969,318900
2017-06-02,5.566666126251221,5.570000171661377,5.426665782928467,5.550000190734863,4.815244197845459,227700
2017-06-05,5.486666202545166,5.486666202545166,5.360000133514404,5.413332939147949,4.696670055389404,172200
2017-06-06,5.406665802001953,5.50666618347168,5.326665878295898,5.483333110809326,4.757403373718262,195900
2017-06-07,5.5233330726623535,5.666666030883789,5.519999980926514,5.596665859222412,4.855732440948486,478800
2017-06-08,5.596665859222412,5.596665859222412,5.46999979019165,5.593332767486572,4.852839946746826,171900
2017-06-09,5.593332767486572,5.646666049957275,5.533332824707031,5.619999885559082,4.875977039337158,218400
2017-06-12,5.616665840148926,5.616665840148926,5.423333168029785,5.466666221618652,4.742942810058594,274200
2017-06-13,5.47333288192749,5.566666126251221,5.406665802001953,5.566666126251221,4.829704284667969,271200
2017-06-14,5.516665935516357,5.590000152587891,5.46999979019165,5.590000152587891,4.849948883056641,230100
2017-06-15,5.590000152587891,5.590000152587891,5.590000152587891,5.590000152587891,4.849948883056641,0
2017-06-16,5.539999961853027,5.666666030883789,5.449999809265137,5.666666030883789,4.916464805603027,213900
2017-06-19,5.666666030883789,5.670000076293945,5.5,5.5,4.7718634605407715,337800
2017-06-20,5.440000057220459,5.496665954589844,5.316666126251221,5.316666126251221,4.6128010749816895,748200
2017-06-21,5.316666126251221,5.353332996368408,5.050000190734863,5.186666011810303,4.500011444091797,1419900
2017-06-22,5.1533331871032715,5.22666597366333,5.086666107177734,5.150000095367432,4.468199729919434,283200
2017-06-23,5.163332939147949,5.296666145324707,5.159999847412109,5.283332824707031,4.58388090133667,157200
2017-06-26,5.25666618347168,5.420000076293945,5.233333110809326,5.380000114440918,4.667750358581543,177000
2017-06-27,5.283332824707031,5.376666069030762,5.283332824707031,5.300000190734863,4.598341464996338,130500
2017-06-28,5.286665916442871,5.316666126251221,5.110000133514404,5.233333110809326,4.540500164031982,174300
2017-06-29,5.233333110809326,5.400000095367432,5.173333168029785,5.396666049957275,4.6822099685668945,198300
2017-06-30,5.396666049957275,5.519999980926514,5.396666049957275,5.460000038146973,4.737159252166748,255600
2017-07-03,5.519999980926514,5.519999980926514,5.366665840148926,5.429999828338623,4.711130619049072,108600
2017-07-04,5.4466657638549805,5.616665840148926,5.366665840148926,5.563333034515381,4.826812267303467,484200
2017-07-05,5.6533331871032715,5.663332939147949,5.539999961853027,5.576665878295898,4.838379859924316,55500
2017-07-06,5.566666126251221,5.599999904632568,5.53000020980835,5.53000020980835,4.7978925704956055,181800
2017-07-07,5.526666164398193,5.590000152587891,5.1433329582214355,5.176665782928467,4.491335391998291,276600
2017-07-10,5.206665992736816,5.3333330154418945,5.179999828338623,5.266665935516357,4.569420337677002,160500
2017-07-11,5.269999980926514,5.316666126251221,5.246665954589844,5.316666126251221,4.6128010749816895,150600
2017-07-12,5.3333330154418945,5.460000038146973,5.326665878295898,5.400000095367432,4.685102939605713,504900
2017-07-13,5.416666030883789,5.416666030883789,5.276666164398193,5.276666164398193,4.578096866607666,404100
2017-07-14,5.316666126251221,5.496665954589844,5.316666126251221,5.47333288192749,4.748726844787598,181800
2017-07-17,5.5,5.5,5.413332939147949,5.449999809265137,4.728483200073242,70500
2017-07-18,5.486666202545166,5.5833330154418945,5.383333206176758,5.383333206176758,4.670642375946045,112800
2017-07-19,5.456665992736816,5.456665992736816,5.276666164398193,5.276666164398193,4.578096866607666,80400
2017-07-20,5.276666164398193,5.3333330154418945,5.233333110809326,5.25,4.55496072769165,205800
2017-07-21,5.25,5.356666088104248,5.25,5.346665859222412,4.638829231262207,105600
2017-07-24,5.353332996368408,5.389999866485596,5.193333148956299,5.303332805633545,4.601233005523682,216900
2017-07-25,5.25666618347168,5.28000020980835,5.216666221618652,5.28000020980835,4.580989360809326,75600
2017-07-26,5.25,5.266665935516357,5.203332901000977,5.216666221618652,4.526040077209473,60600
2017-07-27,5.21999979019165,5.493332862854004,5.216666221618652,5.493332862854004,4.766078948974609,226200
2017-07-28,5.456665992736816,5.659999847412109,5.456665992736816,5.5833330154418945,4.8441643714904785,255000
2017-07-31,5.5833330154418945,5.663332939147949,5.566666126251221,5.663332939147949,4.913573265075684,203100
2017-08-01,5.6533331871032715,5.6533331871032715,5.340000152587891,5.340000152587891,4.6330461502075195,241500
2017-08-02,5.366665840148926,5.550000190734863,5.303332805633545,5.426665782928467,4.708238124847412,383700
2017-08-03,5.449999809265137,5.563333034515381,5.433332920074463,5.563333034515381,4.826812267303467,153600
2017-08-04,5.563333034515381,5.616665840148926,5.496665954589844,5.496665954589844,4.768970966339111,411600
2017-08-07,5.533332824707031,5.599999904632568,5.329999923706055,5.460000038146973,4.737159252166748,411300
2017-08-08,5.433332920074463,5.566666126251221,5.420000076293945,5.539999961853027,4.806568145751953,146400
2017-08-09,5.546666145324707,5.546666145324707,5.433332920074463,5.546666145324707,4.812351703643799,70200
2017-08-10,5.46999979019165,5.5233330726623535,5.3933329582214355,5.46999979019165,4.745834827423096,122100
2017-08-11,5.510000228881836,5.5833330154418945,5.413332939147949,5.5833330154418945,4.8441643714904785,1140900
2017-08-14,5.599999904632568,5.716666221618652,5.539999961853027,5.596665859222412,4.855732440948486,810600
2017-08-15,5.596665859222412,5.646666049957275,5.466666221618652,5.579999923706055,4.841272354125977,156000
2017-08-16,5.599999904632568,5.603332996368408,5.50666618347168,5.566666126251221,4.829704284667969,160200
2017-08-17,5.519999980926514,5.559999942779541,5.486666202545166,5.496665954589844,4.768970966339111,300600
2017-08-18,5.489999771118164,5.550000190734863,5.3333330154418945,5.550000190734863,4.815244197845459,4047000
2017-08-21,5.563333034515381,5.766665935516357,5.480000019073486,5.656665802001953,4.9077887535095215,1652700
2017-08-22,5.730000019073486,5.820000171661377,5.730000019073486,5.763332843780518,5.000334739685059,735600
2017-08-23,5.766665935516357,5.849999904632568,5.746665954589844,5.766665935516357,5.003225803375244,1174800
2017-08-24,5.776666164398193,6.163332939147949,5.7733330726623535,6.163332939147949,5.347379207611084,1110300
2017-08-25,6.166666030883789,6.233333110809326,6.036665916442871,6.166666030883789,5.350270748138428,879900
2017-08-28,6.1433329582214355,6.283332824707031,6.099999904632568,6.230000019073486,5.405220031738281,1494600
2017-08-29,6.2133331298828125,6.230000019073486,6.103332996368408,6.230000019073486,5.405220031738281,430200
2017-08-30,6.230000019073486,6.230000019073486,6.066666126251221,6.159999847412109,5.344486713409424,367200
2017-08-31,6.166666030883789,6.47333288192749,6.073332786560059,6.233333110809326,5.408112049102783,653400
2017-09-01,6.22333288192749,6.286665916442871,6.133333206176758,6.133333206176758,5.321351051330566,484800
2017-09-04,6.126666069030762,6.163332939147949,5.96999979019165,6.099999904632568,5.292430877685547,326100
2017-09-05,6.113333225250244,6.163332939147949,5.993332862854004,6.0,5.205669403076172,319800
2017-09-06,6.050000190734863,6.550000190734863,6.043333053588867,6.550000190734863,5.68285608291626,1309200
2017-09-07,6.550000190734863,6.550000190734863,6.550000190734863,6.550000190734863,5.68285608291626,0
2017-09-08,6.606666088104248,6.856666088104248,6.5833330154418945,6.690000057220459,5.8043212890625,312300
2017-09-11,6.690000057220459,6.75,6.5833330154418945,6.706665992736816,5.818780899047852,895800
2017-09-12,6.666666030883789,6.716666221618652,6.566666126251221,6.566666126251221,5.697315692901611,210000
2017-09-13,6.5833330154418945,6.916666030883789,6.5833330154418945,6.900000095367432,5.986519813537598,1001400
2017-09-14,6.883333206176758,7.130000114440918,6.883333206176758,7.103332996368408,6.162933826446533,240900
2017-09-15,7.130000114440918,7.483333110809326,7.130000114440918,7.400000095367432,6.42032527923584,602100
2017-09-18,7.4033331871032715,7.579999923706055,7.156665802001953,7.443333148956299,6.457921504974365,439800
2017-09-19,7.493332862854004,7.570000171661377,7.340000152587891,7.466666221618652,6.478166103363037,1335600
2017-09-20,7.486666202545166,7.550000190734863,7.266665935516357,7.5,6.507086753845215,285300
2017-09-21,7.4633331298828125,7.630000114440918,7.436666011810303,7.480000019073486,6.489734172821045,298500
2017-09-22,7.513332843780518,7.513332843780518,7.286665916442871,7.316666126251221,6.348024368286133,126300
2017-09-25,7.28000020980835,7.28000020980835,7.053332805633545,7.150000095367432,6.203423023223877,327900
2017-09-26,7.133333206176758,7.449999809265137,7.066666126251221,7.283332824707031,6.319103717803955,171600
2017-09-27,7.349999904632568,7.349999904632568,7.096665859222412,7.099999904632568,6.160041809082031,317100
2017-09-28,7.099999904632568,7.373332977294922,6.953332901000977,7.373332977294922,6.397189140319824,214200
2017-09-29,7.420000076293945,7.766665935516357,7.420000076293945,7.699999809265137,6.680609226226807,657300
2017-10-02,7.706665992736816,7.829999923706055,7.5833330154418945,7.733333110809326,6.709529399871826,531000
2017-10-03,7.776666164398193,7.966666221618652,7.7733330726623535,7.949999809265137,6.897511959075928,245700
2017-10-04,8.0,8.229999542236328,8.0,8.100000381469727,7.02765417098999,3753000
2017-10-05,8.286665916442871,8.313332557678223,7.933332920074463,8.066665649414062,6.998732566833496,585900
2017-10-06,8.050000190734863,8.09666633605957,7.8333330154418945,7.996665954589844,6.937999725341797,794400
2017-10-09,7.996665954589844,7.996665954589844,7.816666126251221,7.816666126251221,6.781829833984375,183900
2017-10-10,7.929999828338623,7.989999771118164,7.836666107177734,7.866665840148926,6.8252105712890625,390900
2017-10-11,7.906665802001953,8.016666412353516,7.716666221618652,7.900000095367432,6.854131698608398,577200
2017-10-12,7.900000095367432,7.900000095367432,7.900000095367432,7.900000095367432,6.854131698608398,0
2017-10-13,8.00333309173584,8.100000381469727,7.806665897369385,8.100000381469727,7.02765417098999,229200
2017-10-16,8.103333473205566,8.109999656677246,7.639999866485596,7.666666030883789,6.651688098907471,894300
2017-10-17,7.670000076293945,7.690000057220459,7.400000095367432,7.5,6.507086753845215,360000
2017-10-18,7.456665992736816,7.800000190734863,7.453332901000977,7.7133331298828125,6.6921772956848145,316800
2017-10-19,7.666666030883789,7.760000228881836,7.579999923706055,7.683332920074463,6.6661481857299805,213000
2017-10-20,7.736666202545166,7.763332843780518,7.630000114440918,7.699999809265137,6.680609226226807,163800
2017-10-23,7.7733330726623535,7.786665916442871,7.646666049957275,7.670000076293945,6.654581069946289,331500
2017-10-24,7.7733330726623535,7.786665916442871,7.606666088104248,7.75,6.723989963531494,872700
2017-10-25,7.75333309173584,8.0,7.666666030883789,8.0,6.940892696380615,6634200
2017-10-26,8.020000457763672,8.199999809265137,8.020000457763672,8.083333015441895,7.013193607330322,524100
2017-10-27,8.133333206176758,8.260000228881836,8.050000190734863,8.216666221618652,7.128875255584717,504000
2017-10-30,8.203332901000977,8.216666221618652,8.053333282470703,8.199999809265137,7.114414691925049,537900
2017-10-31,8.233332633972168,8.233332633972168,8.053333282470703,8.133333206176758,7.056573867797852,2560500
2017-11-01,8.199999809265137,8.210000038146973,8.023332595825195,8.133333206176758,7.056573867797852,513900
2017-11-02,8.133333206176758,8.133333206176758,8.133333206176758,8.133333206176758,7.056573867797852,0
2017-11-03,8.073332786560059,8.19333267211914,7.706665992736816,8.119999885559082,7.045005798339844,717600
2017-11-06,8.19666576385498,8.19666576385498,7.816666126251221,8.0,6.940892696380615,666900
2017-11-07,8.0,8.0,7.7733330726623535,7.966666221618652,6.9119720458984375,1338300
2017-11-08,7.906665802001953,8.066665649414062,7.846665859222412,8.066665649414062,6.998732566833496,444900
2017-11-09,8.050000190734863,8.050000190734863,7.786665916442871,7.866665840148926,6.8252105712890625,379500
2017-11-10,7.836666107177734,7.836666107177734,7.633333206176758,7.75,6.723989963531494,329400
2017-11-13,7.706665992736816,7.763332843780518,7.50666618347168,7.639999866485596,6.628551959991455,261000
2017-11-14,7.7133331298828125,7.7133331298828125,7.186666011810303,7.50333309173584,6.509978771209717,1800600
2017-11-15,7.50333309173584,7.50333309173584,7.50333309173584,7.50333309173584,6.509978771209717,0
2017-11-16,7.466666221618652,7.800000190734863,7.336666107177734,7.666666030883789,6.651688098907471,767700
2017-11-17,7.563333034515381,7.769999980926514,7.556665897369385,7.769999980926514,6.741342067718506,442500
2017-11-20,7.769999980926514,7.769999980926514,7.769999980926514,7.769999980926514,6.741342067718506,0
2017-11-21,7.769999980926514,7.906665802001953,7.656665802001953,7.856666088104248,6.816534519195557,810000
2017-11-22,7.860000133514404,8.0600004196167,7.826665878295898,8.050000190734863,6.984273433685303,309000
2017-11-23,8.010000228881836,8.036665916442871,7.9033331871032715,7.996665954589844,6.937999725341797,213900
2017-11-24,7.966666221618652,8.283332824707031,7.966666221618652,8.266666412353516,7.172255516052246,895800
2017-11-27,8.266666412353516,8.5,8.140000343322754,8.203332901000977,7.117307186126709,837600
2017-11-28,8.233332633972168,8.600000381469727,8.233332633972168,8.600000381469727,7.461459636688232,1022400
2017-11-29,8.65999984741211,8.806666374206543,8.470000267028809,8.600000381469727,7.461459636688232,503700
2017-11-30,8.543333053588867,8.600000381469727,8.449999809265137,8.600000381469727,7.461459636688232,482700
2017-12-01,8.479999542236328,8.680000305175781,8.463333129882812,8.5,7.374698162078857,588300
2017-12-04,8.5,8.926666259765625,8.5,8.699999809265137,7.548221111297607,683700
2017-12-05,8.670000076293945,8.813332557678223,8.553333282470703,8.713333129882812,7.559789180755615,207900
2017-12-06,8.69333267211914,8.773332595825195,8.543333053588867,8.699999809265137,7.548221111297607,1848300
2017-12-07,8.699999809265137,8.746665954589844,8.550000190734863,8.633333206176758,7.490379810333252,525600
2017-12-08,8.66333293914795,8.75666618347168,8.646665573120117,8.676666259765625,7.527976036071777,194100
2017-12-11,8.653332710266113,8.75666618347168,8.543333053588867,8.699999809265137,7.548221111297607,679500
2017-12-12,8.613332748413086,8.686665534973145,8.489999771118164,8.633333206176758,7.490379810333252,248400
2017-12-13,8.633333206176758,8.833333015441895,8.533332824707031,8.833333015441895,7.6639018058776855,975000
2017-12-14,8.726666450500488,8.786665916442871,8.546666145324707,8.600000381469727,7.461459636688232,520500
2017-12-15,8.59666633605957,8.75,8.59000015258789,8.649999618530273,7.5048394203186035,489900
2017-12-18,8.66333293914795,9.053333282470703,8.649999618530273,8.783332824707031,7.620521545410156,2140500
2017-12-19,8.816665649414062,9.033332824707031,8.813332557678223,9.0,7.808504581451416,1567200
2017-12-20,9.016666412353516,9.44666576385498,8.993332862854004,9.383333206176758,8.141088485717773,1587300
2017-12-21,9.363332748413086,9.496665954589844,9.3100004196167,9.399999618530273,8.155549049377441,866700
2017-12-22,9.393333435058594,9.489999771118164,9.136666297912598,9.333333015441895,8.097707748413086,923400
2017-12-25,9.333333015441895,9.333333015441895,9.333333015441895,9.333333015441895,8.097707748413086,0
2017-12-26,9.233332633972168,9.34000015258789,9.229999542236328,9.233332633972168,8.010946273803711,1710300
2017-12-27,9.283332824707031,9.399999618530273,9.233332633972168,9.233332633972168,8.010946273803711,304800
2017-12-28,9.233332633972168,9.5,9.223333358764648,9.433333396911621,8.184469223022461,1488900
2017-12-29,9.433333396911621,9.433333396911621,9.433333396911621,9.433333396911621,8.184469223022461,0
2018-01-02,9.406665802001953,9.563332557678223,9.406665802001953,9.5,8.242310523986816,1162200
2018-01-03,9.476666450500488,9.8100004196167,9.476666450500488,9.566665649414062,8.300149917602539,1660800
2018-01-04,9.520000457763672,9.733332633972168,9.520000457763672,9.666666030883789,8.386910438537598,840000
2018-01-05,9.686665534973145,9.783332824707031,9.529999732971191,9.766666412353516,8.473671913146973,1106400
2018-01-08,9.789999961853027,9.84666633605957,9.6899995803833,9.833333015441895,8.531514167785645,833100
2018-01-09,9.823332786560059,9.933333396911621,9.636666297912598,9.713333129882812,8.427400588989258,808500
2018-01-10,9.716666221618652,9.716666221618652,9.59000015258789,9.666666030883789,8.386910438537598,402300
2018-01-11,9.66333293914795,9.75333309173584,9.350000381469727,9.470000267028809,8.21628189086914,484800
2018-01-12,9.350000381469727,9.430000305175781,9.173333168029785,9.233332633972168,8.010946273803711,411600
2018-01-15,9.233332633972168,9.333333015441895,9.0,9.033332824707031,7.8374247550964355,832500
2018-01-16,8.976666450500488,9.236665725708008,8.966666221618652,9.013333320617676,7.820072174072266,802200
2018-01-17,8.963333129882812,9.333333015441895,8.963333129882812,9.323332786560059,8.089032173156738,807600
2018-01-18,9.216666221618652,9.266666412353516,9.069999694824219,9.083333015441895,7.880804538726807,703800
2018-01-19,9.086666107177734,9.153332710266113,8.873332977294922,8.873332977294922,7.698606967926025,430800
2018-01-22,8.880000114440918,9.083333015441895,8.866665840148926,9.033332824707031,7.8374247550964355,376200
2018-01-23,9.033332824707031,9.033332824707031,8.706665992736816,8.763333320617676,7.603168964385986,360300
2018-01-24,8.833333015441895,8.989999771118164,8.833333015441895,8.966666221618652,7.779582977294922,369600
2018-01-25,8.966666221618652,8.966666221618652,8.966666221618652,8.966666221618652,7.779582977294922,0
2018-01-26,8.926666259765625,9.390000343322754,8.926666259765625,9.329999923706055,8.094815254211426,729600
2018-01-29,9.399999618530273,9.520000457763672,9.00333309173584,9.023332595825195,7.828747272491455,654300
2018-01-30,9.100000381469727,9.100000381469727,8.773332595825195,8.826665878295898,7.65811824798584,418500
2018-01-31,8.956665992736816,9.289999961853027,8.876666069030762,9.166666030883789,7.953105926513672,705600
2018-02-01,9.046666145324707,9.283332824707031,9.046666145324707,9.166666030883789,7.953105926513672,480000
2018-02-02,9.223333358764648,9.373332977294922,9.176666259765625,9.333333015441895,8.097707748413086,1664400
2018-02-05,9.350000381469727,9.353333473205566,8.949999809265137,8.949999809265137,7.765122890472412,463500
2018-02-06,8.803333282470703,9.143333435058594,8.546666145324707,9.143333435058594,7.932861328125,645900
2018-02-07,9.153332710266113,9.293333053588867,8.970000267028809,9.0,7.808504581451416,680400
2018-02-08,9.010000228881836,9.143333435058594,8.873332977294922,9.0,7.808504581451416,423600
2018-02-09,8.963333129882812,9.016666412353516,8.600000381469727,8.833333015441895,7.6639018058776855,723000
2018-02-14,8.890000343322754,9.033332824707031,8.803333282470703,8.883333206176758,7.707282543182373,372000
2018-02-15,8.91333293914795,9.123332977294922,8.84000015258789,8.973333358764648,7.7853684425354,712500
2018-02-16,9.033332824707031,9.133333206176758,8.8100004196167,9.133333206176758,7.9241862297058105,1119300
2018-02-19,9.133333206176758,9.333333015441895,9.066665649414062,9.146665573120117,7.935753345489502,340500
2018-02-20,9.15999984741211,9.15999984741211,8.949999809265137,8.949999809265137,7.765122890472412,642900
2018-02-21,8.960000038146973,9.056666374206543,8.833333015441895,8.893333435058594,7.715958595275879,585000
2018-02-22,8.853333473205566,9.166666030883789,8.853333473205566,9.033332824707031,7.8374247550964355,639900
2018-02-23,9.020000457763672,9.086666107177734,8.949999809265137,9.0,7.808504581451416,348300
2018-02-26,8.989999771118164,9.103333473205566,8.883333206176758,8.883333206176758,7.707282543182373,348300
2018-02-27,8.883333206176758,9.133333206176758,8.636666297912598,9.0,7.808504581451416,969900
2018-02-28,9.086666107177734,9.086666107177734,8.833333015441895,9.013333320617676,7.820072174072266,769500
2018-03-01,8.933333396911621,9.020000457763672,8.75333309173584,8.903332710266113,7.724635124206543,503100
2018-03-02,8.866665840148926,8.899999618530273,8.533332824707031,8.899999618530273,7.721743106842041,1049400
2018-03-05,8.803333282470703,8.949999809265137,8.779999732971191,8.933333396911621,7.750663757324219,672600
2018-03-06,8.933333396911621,9.0,8.800000190734863,8.836666107177734,7.666793346405029,642000
2018-03-07,8.893333435058594,8.893333435058594,8.723333358764648,8.766666412353516,7.606060981750488,423300
2018-03-08,8.766666412353516,8.866665840148926,8.583333015441895,8.726666450500488,7.571357250213623,432900
2018-03-09,8.673333168029785,8.866665840148926,8.673333168029785,8.793333053588867,7.629197120666504,662400
2018-03-12,8.863332748413086,9.083333015441895,8.776665687561035,8.996665954589844,7.8056111335754395,2577600
2018-03-13,9.0,9.039999961853027,8.920000076293945,8.966666221618652,7.779582977294922,369000
2018-03-14,8.94666576385498,9.076665878295898,8.6899995803833,8.833333015441895,7.6639018058776855,736800
2018-03-15,8.863332748413086,8.976666450500488,8.75333309173584,8.850000381469727,7.6783623695373535,269700
2018-03-16,8.783332824707031,8.986665725708008,8.776665687561035,8.850000381469727,7.6783623695373535,997800
2018-03-19,8.813332557678223,9.013333320617676,8.813332557678223,8.926666259765625,7.744878768920898,368100
2018-03-20,8.936665534973145,9.013333320617676,8.873332977294922,8.873332977294922,7.698606967926025,213600
2018-03-21,8.866665840148926,9.0,8.736665725708008,9.0,7.808504581451416,866700
2018-03-22,8.926666259765625,8.926666259765625,8.4399995803833,8.520000457763672,7.392050743103027,2292600
2018-03-23,8.476666450500488,8.66333293914795,8.140000343322754,8.566665649414062,7.432538986206055,2159700
2018-03-26,8.600000381469727,8.683333396911621,8.3100004196167,8.3100004196167,7.20985221862793,1455300
2018-03-27,8.35666561126709,8.366665840148926,7.949999809265137,7.949999809265137,6.897511959075928,710100
2018-03-28,7.956665992736816,8.069999694824219,7.75333309173584,8.033332824707031,6.969812393188477,2065500
2018-03-29,8.206665992736816,8.533332824707031,7.869999885559082,8.436665534973145,7.319749355316162,4391700
2018-04-02,8.466666221618652,8.466666221618652,7.803332805633545,7.803332805633545,6.770261764526367,943200
2018-04-03,7.843332767486572,7.993332862854004,7.75666618347168,7.900000095367432,6.854131698608398,964800
2018-04-04,8.043333053588867,8.40999984741211,7.966666221618652,8.333333015441895,7.230096817016602,1799700
2018-04-05,8.353333473205566,8.553333282470703,8.270000457763672,8.286665916442871,7.1896071434021,562500
2018-04-06,8.323332786560059,8.456665992736816,8.15999984741211,8.233332633972168,7.143335342407227,474000
2018-04-09,8.183333396911621,8.3100004196167,8.100000381469727,8.210000038146973,7.123090744018555,398400
2018-04-10,8.220000267028809,8.313332557678223,8.109999656677246,8.170000076293945,7.088386535644531,540300
2018-04-11,8.170000076293945,8.3100004196167,8.10666561126709,8.223333358764648,7.134659290313721,1163400
2018-04-12,8.300000190734863,8.369999885559082,8.239999771118164,8.333333015441895,7.230096817016602,504000
2018-04-13,8.316665649414062,8.329999923706055,8.046666145324707,8.166666030883789,7.085494041442871,320100
2018-04-16,8.199999809265137,8.236665725708008,7.9633331298828125,7.9633331298828125,6.9090800285339355,393600
2018-04-17,7.983333110809326,8.013333320617676,7.843332767486572,7.889999866485596,6.845455169677734,540900
2018-04-18,7.900000095367432,8.0,7.683332920074463,7.806665897369385,6.773153781890869,1454700
2018-04-19,7.846665859222412,7.849999904632568,7.416666030883789,7.416666030883789,6.43478536605835,1026600
2018-04-20,7.336666107177734,7.533332824707031,7.3333330154418945,7.426665782928467,6.4434614181518555,962700
2018-04-23,7.409999847412109,7.5833330154418945,7.360000133514404,7.366665840148926,6.391404628753662,524400
2018-04-24,7.3333330154418945,7.579999923706055,7.323332786560059,7.3866658210754395,6.408756732940674,343500
2018-04-25,7.380000114440918,7.449999809265137,7.233333110809326,7.426665782928467,6.4434614181518555,390300
2018-04-26,7.323332786560059,7.440000057220459,7.233333110809326,7.236666202545166,6.350903511047363,399600
2018-04-27,7.216666221618652,7.406665802001953,6.716666221618652,7.216666221618652,6.333351135253906,664800
2018-04-30,7.216666221618652,7.303332805633545,6.8333330154418945,6.8333330154418945,5.996938228607178,814500
2018-05-02,6.8333330154418945,7.263332843780518,6.75,7.176665782928467,6.298247337341309,441000
2018-05-03,7.130000114440918,7.130000114440918,6.633333206176758,6.633333206176758,5.821417808532715,585900
2018-05-04,6.666666030883789,6.949999809265137,6.5833330154418945,6.826665878295898,5.991086959838867,624600
2018-05-07,6.829999923706055,6.956665992736816,6.536665916442871,6.639999866485596,5.827268600463867,592200
2018-05-08,6.699999809265137,6.766665935516357,6.566666126251221,6.766665935516357,5.9384307861328125,287700
2018-05-09,6.710000038146973,6.936666011810303,6.693333148956299,6.936666011810303,6.087623119354248,325500
2018-05-10,6.926665782928467,6.926665782928467,6.269999980926514,6.733333110809326,5.909178256988525,1343100
2018-05-11,6.75,6.75,6.366665840148926,6.5,5.704404830932617,1208100
2018-05-14,6.556665897369385,6.559999942779541,6.119999885559082,6.123332977294922,5.373841285705566,1173900
2018-05-15,6.123332977294922,6.216666221618652,5.936666011810303,6.1533331871032715,5.400169372558594,867000
2018-05-16,6.1533331871032715,6.293333053588867,6.086666107177734,6.2133331298828125,5.452825546264648,749700
2018-05-17,6.2133331298828125,6.266665935516357,6.00666618347168,6.019999980926514,5.283156394958496,936600
2018-05-18,6.016665935516357,6.016665935516357,5.889999866485596,5.926665782928467,5.20124626159668,816900
2018-05-21,5.966666221618652,6.106666088104248,5.926665782928467,6.016665935516357,5.280230522155762,450300
2018-05-22,6.043333053588867,6.25666618347168,6.039999961853027,6.199999809265137,5.441124439239502,379200
2018-05-23,6.203332901000977,6.286665916442871,6.110000133514404,6.133333206176758,5.382617473602295,273900
2018-05-24,6.079999923706055,6.47333288192749,6.010000228881836,6.47333288192749,5.681001663208008,359100
2018-05-25,6.47666597366333,6.483333110809326,6.130000114440918,6.130000114440918,5.379692554473877,726000
2018-05-28,6.043333053588867,6.106666088104248,5.906665802001953,6.0,5.265604496002197,680100
2018-05-29,6.066666126251221,6.066666126251221,5.783332824707031,5.816666126251221,5.104710102081299,717000
2018-05-30,5.816666126251221,6.25666618347168,5.786665916442871,6.233333110809326,5.470377445220947,753900
2018-06-01,6.233333110809326,6.360000133514404,6.076665878295898,6.3333330154418945,5.558137893676758,234600
2018-06-04,6.3333330154418945,6.630000114440918,6.2733330726623535,6.550000190734863,5.748284816741943,637500
2018-06-05,6.536665916442871,6.539999961853027,6.366665840148926,6.526666164398193,5.72780704498291,1282800
2018-06-06,6.493332862854004,6.493332862854004,6.236666202545166,6.300000190734863,5.5288848876953125,779100
2018-06-07,6.25,6.263332843780518,6.013332843780518,6.096665859222412,5.350438594818115,1062900
2018-06-08,6.216666221618652,6.230000019073486,5.966666221618652,6.0,5.265604496002197,629100
2018-06-11,6.110000133514404,6.110000133514404,5.956665992736816,5.966666221618652,5.2363505363464355,265800
2018-06-12,5.996665954589844,6.133333206176758,5.853332996368408,5.993332862854004,5.259753227233887,663600
2018-06-13,5.993332862854004,6.206665992736816,5.993332862854004,6.133333206176758,5.382617473602295,322500
2018-06-14,6.079999923706055,6.206665992736816,5.933332920074463,6.043333053588867,5.303633213043213,483900
2018-06-15,6.066666126251221,6.066666126251221,5.699999809265137,5.9033331871032715,5.180769920349121,587400
2018-06-18,5.9033331871032715,5.936666011810303,5.739999771118164,5.789999961853027,5.081308364868164,370500
2018-06-19,5.783332824707031,6.039999961853027,5.733333110809326,5.800000190734863,5.090084552764893,236100
2018-06-20,5.809999942779541,6.0233330726623535,5.613333225250244,5.613333225250244,4.926265239715576,677100
2018-06-21,5.633333206176758,5.710000038146973,5.366665840148926,5.4033331871032715,4.741969108581543,901800
2018-06-22,5.519999980926514,5.579999923706055,5.356666088104248,5.5233330726623535,4.847281455993652,793800
2018-06-25,5.466666221618652,5.599999904632568,5.366665840148926,5.366665840148926,4.709789752960205,340500
2018-06-26,5.423333168029785,5.423333168029785,5.106666088104248,5.25,4.607403755187988,851100
2018-06-27,5.28000020980835,5.416666030883789,5.133333206176758,5.133333206176758,4.505016803741455,259800
2018-06-28,5.173333168029785,5.263332843780518,5.019999980926514,5.053332805633545,4.434808731079102,659100
2018-06-29,5.053332805633545,5.156665802001953,5.013332843780518,5.013332843780518,4.399704933166504,725400
2018-07-02,5.043333053588867,5.186666011810303,4.949999809265137,5.116665840148926,4.490389347076416,353400
2018-07-03,5.123332977294922,5.313333034515381,5.0833330154418945,5.166666030883789,4.534270286560059,428100
2018-07-04,5.170000076293945,5.3333330154418945,5.159999847412109,5.296666145324707,4.648358345031738,239400
2018-07-05,5.296666145324707,5.296666145324707,5.019999980926514,5.019999980926514,4.405555725097656,507600
2018-07-06,5.019999980926514,5.123332977294922,4.97333288192749,5.0,4.388003349304199,3578700
2018-07-10,4.966666221618652,5.123332977294922,4.766665935516357,4.800000190734863,4.212483882904053,1496100
2018-07-11,4.786665916442871,4.8866658210754395,4.75,4.8333330154418945,4.24173641204834,375300
2018-07-12,4.8333330154418945,4.869999885559082,4.716666221618652,4.843332767486572,4.250512599945068,568500
2018-07-13,4.883333206176758,4.960000038146973,4.75,4.949999809265137,4.344123363494873,470100
2018-07-16,4.989999771118164,5.093332767486572,4.953332901000977,5.056665897369385,4.4377336502075195,275100
2018-07-17,5.099999904632568,5.323332786560059,4.880000114440918,5.0833330154418945,4.461136817932129,2126100
2018-07-18,5.033332824707031,5.103332996368408,4.949999809265137,5.070000171661377,4.449435710906982,738000
2018-07-19,5.00666618347168,5.079999923706055,4.97666597366333,5.079999923706055,4.458211421966553,1111800
2018-07-20,5.139999866485596,5.296666145324707,5.056665897369385,5.073332786560059,4.4523606300354,718200
2018-07-23,5.103332996368408,5.210000038146973,5.0,5.0,4.388003349304199,456600
2018-07-24,5.090000152587891,5.156665802001953,5.0,5.066666126251221,4.446509838104248,406800
2018-07-25,5.0833330154418945,5.190000057220459,5.059999942779541,5.0833330154418945,4.461136817932129,2709000
2018-07-26,5.093332767486572,5.400000095367432,5.0833330154418945,5.366665840148926,4.709789752960205,1731900
2018-07-27,5.460000038146973,5.573332786560059,5.416666030883789,5.480000019073486,4.8092522621154785,1224600
2018-07-30,5.559999942779541,5.559999942779541,5.22666597366333,5.266665935516357,4.622029781341553,1050000
2018-07-31,5.21999979019165,5.21999979019165,4.949999809265137,5.0,4.388003349304199,1361400
2018-08-01,4.966666221618652,5.230000019073486,4.916666030883789,5.199999809265137,4.563523769378662,795900
2018-08-02,5.25666618347168,5.283332824707031,5.123332977294922,5.276666164398193,4.630805969238281,739200
2018-08-03,5.25333309173584,5.546666145324707,5.22666597366333,5.346665859222412,4.692237854003906,1020600
2018-08-06,5.353332996368408,5.50333309173584,5.309999942779541,5.320000171661377,4.668835639953613,490200
2018-08-07,5.326665878295898,5.460000038146973,5.210000038146973,5.28000020980835,4.633731842041016,606000
2018-08-08,5.329999923706055,5.396666049957275,5.206665992736816,5.266665935516357,4.622029781341553,576600
2018-08-09,5.269999980926514,5.436666011810303,5.133333206176758,5.166666030883789,4.534270286560059,915900
2018-08-10,5.159999847412109,5.159999847412109,4.800000190734863,4.846665859222412,4.253437519073486,1977000
2018-08-13,4.883333206176758,4.883333206176758,4.703332901000977,4.75666618347168,4.1744537353515625,1228800
2018-08-14,4.793333053588867,5.016665935516357,4.766665935516357,4.8866658210754395,4.288541316986084,737100
2018-08-15,4.8333330154418945,4.883333206176758,4.603332996368408,4.666666030883789,4.0954694747924805,10558200
2018-08-16,4.666666030883789,4.746665954589844,4.373332977294922,4.690000057220459,4.115947723388672,2451600
2018-08-17,4.666666030883789,4.783332824707031,4.46999979019165,4.590000152587891,4.0281877517700195,1525200
2018-08-20,4.616665840148926,4.666666030883789,4.416666030883789,4.590000152587891,4.0281877517700195,2136600
2018-08-21,4.550000190734863,4.706665992736816,4.420000076293945,4.483333110809326,3.9345762729644775,2040900
2018-08-22,4.416666030883789,4.603332996368408,4.340000152587891,4.550000190734863,3.9930834770202637,1101900
2018-08-23,4.590000152587891,4.590000152587891,4.396666049957275,4.466666221618652,3.919949769973755,885300
2018-08-24,4.46999979019165,4.519999980926514,4.363333225250244,4.519999980926514,3.9667551517486572,689700
2018-08-27,4.579999923706055,4.606666088104248,4.453332901000977,4.606666088104248,4.042813301086426,1191000
2018-08-28,4.613333225250244,4.663332939147949,4.4033331871032715,4.4033331871032715,3.864368438720703,1361100
2018-08-29,4.400000095367432,4.513332843780518,4.383333206176758,4.433332920074463,3.8906960487365723,1691700
2018-08-30,4.416666030883789,4.433332920074463,4.243332862854004,4.243332862854004,3.723952054977417,1268100
2018-08-31,4.300000190734863,4.349999904632568,4.203332901000977,4.3333330154418945,3.802936315536499,1310700
2018-09-03,4.349999904632568,4.349999904632568,4.173333168029785,4.173333168029785,3.662520408630371,674700
2018-09-04,4.2133331298828125,4.236666202545166,3.950000047683716,4.016665935516357,3.525028944015503,1420200
2018-09-05,4.016665935516357,4.059999942779541,3.856666088104248,3.9666659832000732,3.4811489582061768,1299600
2018-09-06,3.9533329010009766,3.993333101272583,3.8399999141693115,3.8966660499572754,3.4197168350219727,981000
2018-09-10,3.9066660404205322,4.033332824707031,3.869999885559082,3.9666659832000732,3.4811489582061768,717300
2018-09-11,3.933332920074463,3.9533329010009766,3.8499999046325684,3.9100000858306885,3.4314188957214355,839100
2018-09-12,3.9066660404205322,3.9733328819274902,3.8833329677581787,3.916666030883789,3.4372689723968506,927300
2018-09-13,3.8966660499572754,4.033332824707031,3.793333053588867,4.033332824707031,3.539655923843384,604500
2018-09-14,4.086666107177734,4.166666030883789,3.950000047683716,4.1366658210754395,3.630341053009033,742800
2018-09-17,4.103332996368408,4.353332996368408,4.066666126251221,4.266665935516357,3.744429111480713,1340100
2018-09-18,4.25333309173584,4.296666145324707,4.186666011810303,4.260000228881836,3.738579273223877,2275200
2018-09-19,4.199999809265137,4.46999979019165,4.1966657638549805,4.340000152587891,3.8087873458862305,787200
2018-09-20,4.360000133514404,4.440000057220459,4.276666164398193,4.369999885559082,3.8351151943206787,577800
2018-09-21,4.369999885559082,4.516665935516357,4.263332843780518,4.433332920074463,3.8906960487365723,1747200
2018-09-24,4.400000095367432,4.46999979019165,4.22333288192749,4.263332843780518,3.741503953933716,753000
2018-09-25,4.25666618347168,4.369999885559082,4.173333168029785,4.3333330154418945,3.802936315536499,390600
2018-09-26,4.376666069030762,4.489999771118164,4.316666126251221,4.400000095367432,3.861443519592285,543900
2018-09-27,4.449999809265137,4.50666618347168,4.383333206176758,4.50666618347168,3.9550535678863525,355200
2018-09-28,4.5,4.586666107177734,4.436666011810303,4.566666126251221,4.007709503173828,362100
2018-10-01,4.606666088104248,4.610000133514404,4.366665840148926,4.389999866485596,3.8526670932769775,529500
2018-10-02,4.3933329582214355,4.733333110809326,4.3933329582214355,4.6366658210754395,4.069141387939453,886800
2018-10-03,4.699999809265137,4.923333168029785,4.699999809265137,4.843332767486572,4.250512599945068,827700
2018-10-04,4.816666126251221,5.033332824707031,4.72666597366333,4.9466657638549805,4.341197490692139,531000
2018-10-05,5.026666164398193,5.076665878295898,4.846665859222412,4.896666049957275,4.297317981719971,539100
2018-10-08,5.170000076293945,5.233333110809326,5.0,5.110000133514404,4.48453950881958,551100
2018-10-09,5.123332977294922,5.159999847412109,5.026666164398193,5.050000190734863,4.431883811950684,845400
2018-10-10,5.00333309173584,5.066666126251221,4.866665840148926,4.866665840148926,4.270989418029785,564900
2018-10-11,4.889999866485596,5.056665897369385,4.876666069030762,4.933332920074463,4.32949686050415,371700
2018-10-15,4.940000057220459,4.966666221618652,4.646666049957275,4.746665954589844,4.165677547454834,800700
2018-10-16,4.75,4.940000057220459,4.75,4.856666088104248,4.262213706970215,613500
2018-10-17,4.856666088104248,5.363333225250244,4.829999923706055,5.233333110809326,4.592776775360107,1243200
2018-10-18,5.22666597366333,5.360000133514404,5.210000038146973,5.329999923706055,4.677611827850342,699900
2018-10-19,5.349999904632568,5.426665782928467,5.300000190734863,5.406665802001953,4.744894027709961,536700
2018-10-22,5.5,5.579999923706055,5.436666011810303,5.579999923706055,4.897012233734131,702000
2018-10-23,5.5833330154418945,5.8333330154418945,5.4466657638549805,5.733333110809326,5.0315775871276855,1089900
2018-10-24,5.733333110809326,5.949999809265137,5.733333110809326,5.796666145324707,5.087158203125,1438200
2018-10-25,5.803332805633545,5.866665840148926,5.639999866485596,5.75,5.046204566955566,1326000
2018-10-26,5.75,5.75,5.566666126251221,5.670000076293945,4.975996494293213,4118100
2018-10-29,5.573332786560059,5.666666030883789,5.376666069030762,5.50666618347168,4.8326544761657715,901800
2018-10-30,5.47333288192749,5.623332977294922,5.303332805633545,5.466666221618652,4.797550201416016,892800
2018-10-31,5.466666221618652,5.683332920074463,5.409999847412109,5.550000190734863,4.8706841468811035,894900
2018-11-01,5.593332767486572,5.7733330726623535,5.5833330154418945,5.6533331871032715,4.961369514465332,1384800
2018-11-05,5.716666221618652,5.803332805633545,5.573332786560059,5.593332767486572,4.908712863922119,438900
2018-11-06,5.630000114440918,5.739999771118164,5.533332824707031,5.71999979019165,5.019876003265381,432300
2018-11-07,5.806665897369385,5.923333168029785,5.533332824707031,5.6533331871032715,4.961369514465332,593700
2018-11-08,5.663332939147949,5.693333148956299,5.366665840148926,5.3866658210754395,4.727341651916504,2146200
2018-11-09,5.420000076293945,5.493332862854004,5.166666030883789,5.3866658210754395,4.727341651916504,1165800
2018-11-12,5.516665935516357,5.626666069030762,5.389999866485596,5.539999961853027,4.861907958984375,678000
2018-11-13,5.489999771118164,5.553332805633545,5.263332843780518,5.50333309173584,4.829729080200195,557100
2018-11-14,5.50333309173584,5.823332786560059,5.320000171661377,5.783332824707031,5.0754570960998535,1003200
2018-11-16,5.800000190734863,5.869999885559082,5.650000095367432,5.816666126251221,5.104710102081299,437700
2018-11-19,5.869999885559082,6.039999961853027,5.863333225250244,6.03000020980835,5.291932582855225,899100
2018-11-21,5.933332920074463,6.053332805633545,5.816666126251221,5.8333330154418945,5.11933708190918,756600
2018-11-22,5.906665802001953,5.906665802001953,5.736666202545166,5.8333330154418945,5.11933708190918,466800
2018-11-23,5.8333330154418945,5.8333330154418945,5.559999942779541,5.7133331298828125,5.014025688171387,595800
2018-11-26,5.659999847412109,5.8333330154418945,5.6433329582214355,5.6533331871032715,4.961369514465332,602700
2018-11-27,5.690000057220459,5.733333110809326,5.5833330154418945,5.666666030883789,4.97307014465332,1217100
2018-11-28,5.666666030883789,5.706665992736816,5.586666107177734,5.646666049957275,4.9555182456970215,558600
2018-11-29,5.566666126251221,5.78000020980835,5.559999942779541,5.666666030883789,4.97307014465332,1151100
2018-11-30,5.703332901000977,5.703332901000977,5.610000133514404,5.610000133514404,4.923340320587158,807600
2018-12-03,5.633333206176758,5.72666597366333,5.633333206176758,5.639999866485596,4.949667930603027,735300
2018-12-04,5.6366658210754395,5.75,5.559999942779541,5.559999942779541,4.879460334777832,1234500
2018-12-05,5.563333034515381,5.650000095367432,5.559999942779541,5.630000114440918,4.940892219543457,240300
2018-12-06,5.5833330154418945,5.650000095367432,5.5233330726623535,5.593332767486572,4.908712863922119,338100
2018-12-07,5.6366658210754395,5.6433329582214355,5.553332805633545,5.596665859222412,4.911638259887695,801300
2018-12-10,5.593332767486572,5.593332767486572,5.416666030883789,5.5,4.826804161071777,675300
2018-12-11,5.5233330726623535,5.650000095367432,5.496665954589844,5.519999980926514,4.844356060028076,503700
2018-12-12,5.563333034515381,5.663332939147949,5.519999980926514,5.519999980926514,4.844356060028076,1053000
2018-12-13,5.579999923706055,5.663332939147949,5.553332805633545,5.616665840148926,4.929190158843994,1699800
2018-12-14,5.633333206176758,5.646666049957275,5.563333034515381,5.599999904632568,4.91456413269043,545400
2018-12-17,5.579999923706055,5.639999866485596,5.5,5.50333309173584,4.829729080200195,1511100
2018-12-18,5.493332862854004,5.623332977294922,5.47333288192749,5.603332996368408,4.917489051818848,258000
2018-12-19,5.630000114440918,5.683332920074463,5.590000152587891,5.590000152587891,4.905787944793701,1068900
2018-12-20,5.573332786560059,5.666666030883789,5.550000190734863,5.633333206176758,4.943817615509033,809700
2018-12-21,5.646666049957275,5.816666126251221,5.590000152587891,5.650000095367432,4.958444118499756,1020000
2018-12-26,5.650000095367432,5.650000095367432,5.349999904632568,5.456665992736816,4.788774013519287,739500
2018-12-27,5.4033331871032715,5.590000152587891,5.4033331871032715,5.546666145324707,4.867758274078369,194700
2018-12-28,5.5,5.716666221618652,5.5,5.666666030883789,4.97307014465332,884700
2019-01-02,5.616665840148926,6.053332805633545,5.616665840148926,6.00333309173584,5.268529415130615,724200
2019-01-03,6.0,6.353332996368408,5.986666202545166,6.266665935516357,5.499630928039551,933000
2019-01-04,6.25,6.400000095367432,6.233333110809326,6.25,5.485004425048828,972900
2019-01-07,6.239999771118164,6.380000114440918,6.183332920074463,6.296666145324707,5.525959014892578,1499100
2019-01-08,6.276666164398193,6.543333053588867,6.269999980926514,6.496665954589844,5.701478481292725,1491300
2019-01-09,6.50333309173584,6.563333034515381,6.340000152587891,6.340000152587891,5.56398868560791,739500
2019-01-10,6.340000152587891,6.443333148956299,6.289999961853027,6.440000057220459,5.6517486572265625,406800
2019-01-11,6.440000057220459,6.4466657638549805,6.1966657638549805,6.269999980926514,5.502556324005127,615000
2019-01-14,6.199999809265137,6.316666126251221,6.070000171661377,6.2733330726623535,5.505481719970703,1122900
2019-01-15,6.320000171661377,6.369999885559082,6.156665802001953,6.183332920074463,5.426497459411621,1256100
2019-01-16,6.166666030883789,6.383333206176758,6.126666069030762,6.190000057220459,5.432348251342773,1338900
2019-01-17,6.133333206176758,6.353332996368408,6.133333206176758,6.216666221618652,5.455750942230225,1191900
2019-01-18,6.233333110809326,6.353332996368408,6.116665840148926,6.2133331298828125,5.452825546264648,681300
2019-01-21,6.216666221618652,6.329999923706055,6.099999904632568,6.293333053588867,5.523033618927002,441000
2019-01-22,6.320000171661377,6.616665840148926,6.22666597366333,6.480000019073486,5.68685245513916,2562900
2019-01-23,6.556665897369385,6.666666030883789,6.486666202545166,6.563333034515381,5.75998592376709,1262700
2019-01-24,6.616665840148926,6.733333110809326,6.50333309173584,6.663332939147949,5.847745895385742,989700
2019-01-28,6.630000114440918,6.646666049957275,6.46999979019165,6.556665897369385,5.754134654998779,855000
2019-01-29,6.559999942779541,6.71999979019165,6.533332824707031,6.533332824707031,5.733657360076904,1375800
2019-01-30,6.553332805633545,6.760000228881836,6.553332805633545,6.760000228881836,5.932580947875977,726600
2019-01-31,6.763332843780518,6.826665878295898,6.663332939147949,6.72666597366333,5.903326988220215,799200
2019-02-01,6.72666597366333,6.789999961853027,6.659999847412109,6.769999980926514,5.941357135772705,534300
2019-02-04,6.793333053588867,6.820000171661377,6.670000076293945,6.75,5.923804759979248,305400
2019-02-05,6.75,6.800000190734863,6.539999961853027,6.546666145324707,5.745358943939209,423600
2019-02-06,6.556665897369385,6.590000152587891,6.283332824707031,6.329999923706055,5.555212497711182,807900
2019-02-07,6.373332977294922,6.426665782928467,6.0,6.079999923706055,5.335812091827393,678000
2019-02-08,6.119999885559082,6.166666030883789,5.9033331871032715,6.163332939147949,5.408945560455322,497400
2019-02-11,6.199999809265137,6.449999809265137,6.199999809265137,6.266665935516357,5.499630928039551,795300
2019-02-12,6.303332805633545,6.353332996368408,6.043333053588867,6.25,5.485004425048828,827100
2019-02-13,6.243332862854004,6.260000228881836,6.043333053588867,6.043333053588867,5.303633213043213,505800
2019-02-14,6.073332786560059,6.150000095367432,6.016665935516357,6.119999885559082,5.370916366577148,8563200
2019-02-15,6.159999847412109,6.159999847412109,5.953332901000977,6.043333053588867,5.303633213043213,609900
2019-02-18,6.039999961853027,6.039999961853027,5.78000020980835,5.900000095367432,5.177844524383545,862500
2019-02-19,5.9033331871032715,6.086666107177734,5.846665859222412,6.0833330154418945,5.338737487792969,568200
2019-02-20,6.0833330154418945,6.133333206176758,5.840000152587891,5.860000133514404,5.142740249633789,678900
2019-02-21,5.836666107177734,6.033332824707031,5.816666126251221,5.929999828338623,5.204172134399414,804300
2019-02-22,6.013332843780518,6.186666011810303,5.906665802001953,6.106666088104248,5.359214782714844,682500
2019-02-25,6.099999904632568,6.369999885559082,6.099999904632568,6.266665935516357,5.499630928039551,640800
2019-02-26,6.22333288192749,6.316666126251221,6.1366658210754395,6.263332843780518,5.496705532073975,527400
2019-02-27,6.326665878295898,6.383333206176758,6.246665954589844,6.383333206176758,5.602017879486084,822300
2019-02-28,6.376666069030762,6.376666069030762,6.1533331871032715,6.239999771118164,5.4762282371521,793500
2019-03-01,6.25666618347168,6.3333330154418945,6.086666107177734,6.086666107177734,5.341662406921387,540900
2019-03-06,6.086666107177734,6.086666107177734,5.936666011810303,5.97666597366333,5.245126247406006,466200
2019-03-07,6.0,6.0,5.816666126251221,5.8333330154418945,5.11933708190918,2088900
2019-03-08,5.816666126251221,6.320000171661377,5.816666126251221,6.25333309173584,5.487929821014404,642000
2019-03-11,6.266665935516357,6.433332920074463,6.230000019073486,6.3866658210754395,5.604942321777344,557700
2019-03-12,6.429999828338623,6.429999828338623,6.276666164398193,6.276666164398193,5.508406639099121,278400
2019-03-13,6.276666164398193,6.360000133514404,6.246665954589844,6.346665859222412,5.569838523864746,326100
2019-03-14,6.343332767486572,6.343332767486572,6.146666049957275,6.266665935516357,5.499630928039551,420600
2019-03-15,6.326665878295898,6.3866658210754395,6.156665802001953,6.203332901000977,5.44404935836792,489900
2019-03-18,6.216666221618652,6.289999961853027,6.203332901000977,6.266665935516357,5.499630928039551,303600
2019-03-19,6.289999961853027,6.396666049957275,6.22666597366333,6.309999942779541,5.537660598754883,314100
2019-03-20,6.286665916442871,6.326665878295898,6.170000076293945,6.293333053588867,5.523033618927002,319800
2019-03-21,6.22333288192749,6.276666164398193,5.97333288192749,6.046666145324707,5.306558609008789,586200
2019-03-22,6.0,6.099999904632568,5.953332901000977,6.050000190734863,5.309484481811523,432900
2019-03-25,6.0,6.166666030883789,5.896666049957275,6.119999885559082,5.370916366577148,347400
2019-03-26,6.099999904632568,6.489999771118164,6.086666107177734,6.383333206176758,5.602017879486084,871800
2019-03-27,6.366665840148926,6.366665840148926,6.046666145324707,6.066666126251221,5.324110507965088,546300
2019-03-28,6.079999923706055,6.21999979019165,6.00666618347168,6.119999885559082,5.370916366577148,590400
2019-03-29,6.199999809265137,6.28000020980835,6.046666145324707,6.233333110809326,5.470377445220947,567600
2019-04-01,6.289999961853027,6.289999961853027,6.090000152587891,6.090000152587891,5.344588756561279,941100
2019-04-02,6.119999885559082,6.303332805633545,6.119999885559082,6.303332805633545,5.5318098068237305,585900
2019-04-03,6.296666145324707,6.496665954589844,6.269999980926514,6.329999923706055,5.555212497711182,573900
2019-04-04,6.329999923706055,6.4633331298828125,6.25333309173584,6.3933329582214355,5.610793590545654,307800
2019-04-05,6.480000019073486,6.486666202545166,6.3333330154418945,6.3333330154418945,5.558137893676758,428400
2019-04-08,6.396666049957275,6.613333225250244,6.349999904632568,6.606666088104248,5.798015117645264,2593500
2019-04-09,6.630000114440918,6.829999923706055,6.47666597366333,6.47666597366333,5.683926582336426,2565000
2019-04-10,6.559999942779541,6.593332767486572,6.426665782928467,6.483333110809326,5.689777851104736,675900
2019-04-11,6.53000020980835,6.556665897369385,6.406665802001953,6.466666221618652,5.6751508712768555,539100
2019-04-12,6.453332901000977,6.453332901000977,6.340000152587891,6.373332977294922,5.5932416915893555,2191500
2019-04-15,6.366665840148926,6.486666202545166,6.363333225250244,6.373332977294922,5.5932416915893555,653100
2019-04-16,6.423333168029785,6.423333168029785,5.97333288192749,6.289999961853027,5.520108222961426,1535400
2019-04-17,6.260000228881836,6.343332767486572,6.126666069030762,6.2133331298828125,5.452825546264648,430500
2019-04-18,6.199999809265137,6.380000114440918,6.166666030883789,6.336666107177734,5.561062812805176,522000
2019-04-22,6.336666107177734,6.420000076293945,6.283332824707031,6.320000171661377,5.546436786651611,313200
2019-04-23,6.396666049957275,6.460000038146973,6.329999923706055,6.420000076293945,5.634196758270264,347100
2019-04-24,6.380000114440918,6.389999866485596,6.303332805633545,6.353332996368408,5.575689792633057,232200
2019-04-25,6.316666126251221,6.543333053588867,6.306665897369385,6.543333053588867,5.742434024810791,486900
2019-04-26,6.5833330154418945,6.610000133514404,6.420000076293945,6.420000076293945,5.636178016662598,1385100
2019-04-29,6.366665840148926,6.676665782928467,6.366665840148926,6.663332939147949,5.849802017211914,778500
2019-04-30,6.619999885559082,6.716666221618652,6.570000171661377,6.650000095367432,5.838097095489502,894600
2019-05-02,6.650000095367432,6.693333148956299,6.570000171661377,6.666666030883789,5.852727890014648,2118300
2019-05-03,6.666666030883789,6.666666030883789,6.4633331298828125,6.4633331298828125,5.674220085144043,383400
2019-05-06,6.406665802001953,6.443333148956299,6.343332767486572,6.416666030883789,5.633250713348389,390900
2019-05-07,6.449999809265137,6.449999809265137,6.309999942779541,6.3933329582214355,5.612766265869141,287700
2019-05-08,6.356666088104248,6.5833330154418945,6.356666088104248,6.553332805633545,5.753232002258301,265800
2019-05-09,6.543333053588867,6.666666030883789,6.4466657638549805,6.646666049957275,5.835169792175293,311700
2019-05-10,6.590000152587891,6.663332939147949,6.5,6.593332767486572,5.788348197937012,362700
2019-05-13,6.5833330154418945,6.659999847412109,6.480000019073486,6.630000114440918,5.8205389976501465,528000
2019-05-14,6.630000114440918,6.630000114440918,6.453332901000977,6.513332843780518,5.718115329742432,242700
2019-05-15,6.50333309173584,6.50333309173584,6.303332805633545,6.336666107177734,5.563018321990967,606600
2019-05-16,6.336666107177734,6.389999866485596,6.306665897369385,6.306665897369385,5.536680698394775,392700
2019-05-17,6.306665897369385,6.326665878295898,6.1366658210754395,6.1366658210754395,5.3874359130859375,325500
2019-05-20,6.1366658210754395,6.300000190734863,6.133333206176758,6.2733330726623535,5.507417678833008,541200
2019-05-21,6.353332996368408,6.353332996368408,6.25,6.3333330154418945,5.560091972351074,767100
2019-05-22,6.366665840148926,6.366665840148926,6.116665840148926,6.190000057220459,5.434258460998535,531300
2019-05-23,6.173333168029785,6.246665954589844,6.056665897369385,6.070000171661377,5.328909397125244,566700
2019-05-24,6.076665878295898,6.443333148956299,6.00333309173584,6.246665954589844,5.484005928039551,690900
2019-05-27,6.243332862854004,6.363333225250244,6.22666597366333,6.233333110809326,5.472301006317139,294600
2019-05-28,6.210000038146973,6.433332920074463,6.179999828338623,6.433332920074463,5.64788293838501,776400
2019-05-29,6.396666049957275,6.496665954589844,6.360000133514404,6.433332920074463,5.64788293838501,373500
2019-05-30,6.383333206176758,6.426665782928467,6.306665897369385,6.3866658210754395,5.6069135665893555,311700
2019-05-31,6.286665916442871,6.340000152587891,6.25,6.329999923706055,5.557165622711182,275700
2019-06-03,6.346665859222412,6.346665859222412,6.233333110809326,6.239999771118164,5.478153705596924,448500
2019-06-04,6.233333110809326,6.300000190734863,6.170000076293945,6.173333168029785,5.419626712799072,253800
2019-06-05,6.166666030883789,6.199999809265137,6.079999923706055,6.079999923706055,5.337688446044922,272700
2019-06-06,6.090000152587891,6.123332977294922,6.036665916442871,6.066666126251221,5.325982570648193,247800
2019-06-07,6.0833330154418945,6.190000057220459,5.96999979019165,6.00333309173584,5.270381927490234,530100
2019-06-10,6.00333309173584,6.170000076293945,5.953332901000977,6.170000076293945,5.41670036315918,1416000
2019-06-11,6.179999828338623,6.400000095367432,6.1366658210754395,6.400000095367432,5.618619441986084,14153700
2019-06-12,6.396666049957275,6.616665840148926,6.3933329582214355,6.5233330726623535,5.726894855499268,994200
2019-06-13,6.53000020980835,6.656665802001953,6.5,6.573332786560059,5.770790100097656,380400
2019-06-14,6.603332996368408,6.603332996368408,6.360000133514404,6.360000133514404,5.583503246307373,418800
2019-06-17,6.366665840148926,6.426665782928467,6.300000190734863,6.400000095367432,5.618619441986084,283800
2019-06-18,6.409999847412109,6.489999771118164,6.266665935516357,6.349999904632568,5.574724197387695,383700
2019-06-19,6.323332786560059,6.406665802001953,6.25,6.406665802001953,5.624471664428711,267300
2019-06-21,6.413332939147949,6.416666030883789,6.183332920074463,6.383333206176758,5.603987693786621,527100
2019-06-24,6.396666049957275,6.516665935516357,6.380000114440918,6.416666030883789,5.633250713348389,451500
2019-06-25,6.416666030883789,6.453332901000977,6.233333110809326,6.316666126251221,5.545459747314453,1946100
2019-06-26,6.376666069030762,6.426665782928467,6.293333053588867,6.3333330154418945,5.560091972351074,313800
2019-06-27,6.316666126251221,6.436666011810303,6.2733330726623535,6.3333330154418945,5.560091972351074,360900
2019-06-28,6.3333330154418945,6.486666202545166,6.3333330154418945,6.369999885559082,5.592282295227051,667800
2019-07-01,6.416666030883789,6.4633331298828125,6.320000171661377,6.380000114440918,5.6010613441467285,341100
2019-07-02,6.380000114440918,6.516665935516357,6.380000114440918,6.5,5.7064104080200195,389700
2019-07-03,6.53000020980835,6.5833330154418945,6.513332843780518,6.566666126251221,5.764937400817871,400500
2019-07-04,6.596665859222412,6.599999904632568,6.519999980926514,6.556665897369385,5.756157875061035,419700
2019-07-05,6.596665859222412,6.650000095367432,6.533332824707031,6.550000190734863,5.750306129455566,714300
2019-07-08,6.616665840148926,6.816666126251221,6.550000190734863,6.716666221618652,5.896623611450195,1000200
2019-07-10,6.783332824707031,6.923333168029785,6.670000076293945,6.789999961853027,5.961004257202148,4215900
2019-07-11,6.800000190734863,6.989999771118164,6.7733330726623535,6.929999828338623,6.083911418914795,1506600
2019-07-12,7.0,7.0,6.673333168029785,6.71999979019165,5.899550437927246,1155600
2019-07-15,6.766665935516357,6.856666088104248,6.536665916442871,6.699999809265137,5.881992340087891,1376100
2019-07-16,6.75666618347168,6.846665859222412,6.703332901000977,6.760000228881836,5.934667110443115,466500
2019-07-17,6.840000152587891,6.980000019073486,6.736666202545166,6.933332920074463,6.086837291717529,730800
2019-07-18,6.936666011810303,7.139999866485596,6.9033331871032715,7.093332767486572,6.2273030281066895,983400
2019-07-19,7.139999866485596,7.1966657638549805,6.9633331298828125,7.096665859222412,6.230228900909424,779400
2019-07-22,7.110000133514404,7.286665916442871,6.993332862854004,7.026666164398193,6.16877555847168,648900
2019-07-23,7.010000228881836,7.246665954589844,6.983333110809326,7.246665954589844,6.361915588378906,573900
2019-07-24,7.246665954589844,7.25333309173584,7.090000152587891,7.126666069030762,6.256566524505615,860100
2019-07-25,7.126666069030762,7.216666221618652,6.993332862854004,7.036665916442871,6.177554607391357,605400
2019-07-26,7.0,7.190000057220459,6.866665840148926,7.166666030883789,6.291682720184326,827100
2019-07-29,7.170000076293945,7.263332843780518,7.053332805633545,7.133333206176758,6.262419700622559,613500
2019-07-30,7.133333206176758,7.190000057220459,7.056665897369385,7.159999847412109,6.285830497741699,287700
2019-07-31,7.159999847412109,7.2133331298828125,6.983333110809326,7.173333168029785,6.2975358963012695,2169000
2019-08-01,7.183332920074463,7.303332805633545,7.043333053588867,7.0833330154418945,6.218523979187012,819000
2019-08-02,7.130000114440918,7.159999847412109,6.956665992736816,7.059999942779541,6.198039531707764,404100
2019-08-05,6.97666597366333,7.099999904632568,6.909999847412109,7.0,6.145365238189697,508500
2019-08-06,7.266665935516357,7.496665954589844,7.266665935516357,7.340000152587891,6.443854331970215,4191300
2019-08-07,7.343332767486572,7.480000019073486,7.289999961853027,7.466666221618652,6.555055618286133,745500
2019-08-08,7.466666221618652,7.633333206176758,7.3933329582214355,7.599999904632568,6.672110557556152,1112700
2019-08-09,7.596665859222412,7.599999904632568,7.453332901000977,7.453332901000977,6.5433502197265625,638100
2019-08-12,7.356666088104248,7.363333225250244,7.139999866485596,7.21999979019165,6.338504791259766,1179600
2019-08-13,7.210000038146973,7.329999923706055,7.019999980926514,7.076665878295898,6.212670803070068,1521300
2019-08-14,7.0,7.0,6.72666597366333,6.769999980926514,5.943446159362793,1307400
2019-08-15,6.75,6.793333053588867,6.400000095367432,6.449999809265137,5.662514686584473,1875300
2019-08-16,6.46999979019165,6.566666126251221,6.360000133514404,6.496665954589844,5.703483581542969,620700
2019-08-19,6.599999904632568,6.690000057220459,6.47666597366333,6.5,5.7064104080200195,894900
2019-08-20,6.50333309173584,6.556665897369385,6.283332824707031,6.536665916442871,5.73859977722168,591900
2019-08-21,6.533332824707031,6.746665954589844,6.533332824707031,6.746665954589844,5.9229607582092285,558900
2019-08-22,6.703332901000977,6.880000114440918,6.666666030883789,6.8333330154418945,5.999046802520752,837000
2019-08-23,6.829999923706055,6.829999923706055,6.536665916442871,6.563333034515381,5.7620110511779785,1481400
2019-08-26,6.630000114440918,6.683332920074463,6.466666221618652,6.533332824707031,5.735673427581787,598200
2019-08-27,6.486666202545166,6.706665992736816,6.486666202545166,6.633333206176758,5.823464870452881,1461600
2019-08-28,6.659999847412109,6.96999979019165,6.550000190734863,6.900000095367432,6.057574272155762,906600
2019-08-29,6.956665992736816,7.116665840148926,6.866665840148926,7.0,6.145365238189697,1883100
2019-08-30,7.033332824707031,7.090000152587891,6.816666126251221,7.0,6.145365238189697,1364100
2019-09-02,6.983333110809326,7.059999942779541,6.896666049957275,6.900000095367432,6.057574272155762,520800
2019-09-03,7.00666618347168,7.050000190734863,6.9033331871032715,7.0,6.145365238189697,455700
2019-09-04,7.073332786560059,7.090000152587891,6.916666030883789,6.933332920074463,6.086837291717529,1441200
2019-09-05,7.036665916442871,7.036665916442871,6.849999904632568,6.849999904632568,6.013678550720215,1718400
2019-09-06,6.849999904632568,6.953332901000977,6.673333168029785,6.776666164398193,5.94929838180542,635100
2019-09-09,6.71999979019165,6.813333034515381,6.5,6.533332824707031,5.735673427581787,673500
2019-09-10,6.590000152587891,6.590000152587891,6.400000095367432,6.453332901000977,5.665441036224365,619500
2019-09-11,6.433332920074463,6.733333110809326,6.433332920074463,6.733333110809326,5.911255836486816,1198200
2019-09-12,6.739999771118164,6.7733330726623535,6.573332786560059,6.7733330726623535,5.946372032165527,361800
2019-09-13,6.766665935516357,6.826665878295898,6.650000095367432,6.736666202545166,5.914181709289551,399900
2019-09-16,6.75,6.820000171661377,6.590000152587891,6.650000095367432,5.838097095489502,413700
2019-09-17,6.650000095367432,6.800000190734863,6.616665840148926,6.6533331871032715,5.841022968292236,596700
2019-09-18,6.716666221618652,6.8866658210754395,6.656665802001953,6.849999904632568,6.013678550720215,349800
2019-09-19,6.856666088104248,7.033332824707031,6.846665859222412,6.983333110809326,6.130733013153076,507000
2019-09-20,6.9466657638549805,6.9633331298828125,6.806665897369385,6.9633331298828125,6.113174915313721,348600
2019-09-23,7.016665935516357,7.1433329582214355,6.853332996368408,7.1433329582214355,6.271198272705078,306000
2019-09-24,7.130000114440918,7.156665802001953,6.8333330154418945,6.8333330154418945,5.999046802520752,597000
2019-09-25,6.853332996368408,6.853332996368408,6.7133331298828125,6.8333330154418945,5.999046802520752,321000
2019-09-26,6.856666088104248,6.989999771118164,6.703332901000977,6.900000095367432,6.057574272155762,557700
2019-09-27,6.849999904632568,6.909999847412109,6.776666164398193,6.8333330154418945,5.999046802520752,267900
2019-09-30,6.766665935516357,6.889999866485596,6.716666221618652,6.889999866485596,6.048794746398926,1219200
2019-10-01,6.8933329582214355,6.8933329582214355,6.626666069030762,6.666666030883789,5.852727890014648,480300
2019-10-02,6.650000095367432,6.650000095367432,6.433332920074463,6.610000133514404,5.802980422973633,612000
2019-10-03,6.650000095367432,6.670000076293945,6.466666221618652,6.670000076293945,5.855655193328857,399000
2019-10-04,6.633333206176758,6.72666597366333,6.563333034515381,6.666666030883789,5.852727890014648,381000
2019-10-07,6.666666030883789,6.706665992736816,6.543333053588867,6.663332939147949,5.849802017211914,350700
2019-10-08,6.570000171661377,6.6966657638549805,6.516665935516357,6.6366658210754395,5.826390743255615,510900
2019-10-09,6.619999885559082,6.703332901000977,6.533332824707031,6.533332824707031,5.735673427581787,1412700
2019-10-10,6.513332843780518,6.786665916442871,6.513332843780518,6.736666202545166,5.914181709289551,448500
2019-10-11,6.796666145324707,6.796666145324707,6.619999885559082,6.619999885559082,5.8117594718933105,329700
2019-10-14,6.630000114440918,6.820000171661377,6.590000152587891,6.820000171661377,5.987341403961182,261300
2019-10-15,6.823332786560059,6.826665878295898,6.693333148956299,6.75,5.925887584686279,300000
2019-10-16,6.703332901000977,6.763332843780518,6.666666030883789,6.75,5.925887584686279,264300
2019-10-17,6.75,6.880000114440918,6.746665954589844,6.8333330154418945,5.999046802520752,594300
2019-10-18,6.78000020980835,6.869999885559082,6.72666597366333,6.869999885559082,6.03123664855957,280200
2019-10-21,6.840000152587891,6.960000038146973,6.826665878295898,6.933332920074463,6.086837291717529,527400
2019-10-22,6.983333110809326,7.233333110809326,6.97666597366333,7.1966657638549805,6.318019866943359,627600
2019-10-23,7.193333148956299,7.236666202545166,7.113333225250244,7.206665992736816,6.326798915863037,355200
2019-10-24,7.203332901000977,7.286665916442871,7.070000171661377,7.130000114440918,6.259493350982666,309000
2019-10-25,7.113333225250244,7.1433329582214355,7.050000190734863,7.050000190734863,6.189260959625244,222000
2019-10-28,7.0,7.056665897369385,6.909999847412109,6.943333148956299,6.095616817474365,1182600
2019-10-29,6.900000095367432,7.1533331871032715,6.900000095367432,7.0,6.145365238189697,768000
2019-10-30,6.926665782928467,7.066666126251221,6.926665782928467,7.016665935516357,6.159996509552002,485400
2019-10-31,6.953332901000977,7.133333206176758,6.876666069030762,7.133333206176758,6.262419700622559,566400
2019-11-01,7.1533331871032715,7.1533331871032715,7.00333309173584,7.086666107177734,6.221450328826904,466800
2019-11-04,7.090000152587891,7.146666049957275,7.03000020980835,7.096665859222412,6.230228900909424,446700
2019-11-05,7.123332977294922,7.126666069030762,6.940000057220459,7.126666069030762,6.256566524505615,953400
2019-11-06,7.076665878295898,7.206665992736816,7.043333053588867,7.176665782928467,6.300461769104004,373500
2019-11-07,7.183332920074463,7.199999809265137,7.099999904632568,7.139999866485596,6.268272399902344,286500
2019-11-08,7.110000133514404,7.1366658210754395,7.010000228881836,7.093332767486572,6.2273030281066895,296400
2019-11-11,7.116665840148926,7.116665840148926,6.900000095367432,6.900000095367432,6.057574272155762,492000
2019-11-12,6.836666107177734,7.163332939147949,6.75666618347168,7.163332939147949,6.288756847381592,908700
2019-11-13,7.119999885559082,7.1433329582214355,6.796666145324707,7.016665935516357,6.159996509552002,964800
2019-11-14,7.110000133514404,7.316666126251221,6.900000095367432,7.316666126251221,6.423369407653809,807300
2019-11-18,7.320000171661377,7.553332805633545,7.320000171661377,7.456665992736816,6.546276569366455,3849600
2019-11-19,7.53000020980835,7.53000020980835,7.28000020980835,7.28000020980835,6.391180038452148,574800
2019-11-21,7.283332824707031,7.416666030883789,7.2133331298828125,7.409999847412109,6.505307674407959,378900
2019-11-22,7.409999847412109,7.416666030883789,7.21999979019165,7.400000095367432,6.4965291023254395,991500
2019-11-25,7.4033331871032715,7.4033331871032715,7.303332805633545,7.313333034515381,6.420443058013916,621900
2019-11-26,7.300000190734863,7.376666069030762,7.239999771118164,7.373332977294922,6.473117828369141,736800
2019-11-27,7.266665935516357,7.75333309173584,7.266665935516357,7.75333309173584,6.806723117828369,1274100
2019-11-28,7.6366658210754395,7.6366658210754395,7.380000114440918,7.47666597366333,6.5638346672058105,1095300
2019-11-29,7.466666221618652,7.590000152587891,7.436666011810303,7.50666618347168,6.590172290802002,887400
2019-12-02,7.46999979019165,7.596665859222412,7.400000095367432,7.4466657638549805,6.537497043609619,675900
2019-12-03,7.416666030883789,7.593332767486572,7.400000095367432,7.53000020980835,6.610657215118408,820800
2019-12-04,7.510000228881836,7.599999904632568,7.50666618347168,7.599999904632568,6.672110557556152,443100
2019-12-05,7.613333225250244,7.843332767486572,7.50333309173584,7.843332767486572,6.885735034942627,907500
2019-12-06,7.8333330154418945,7.9033331871032715,7.699999809265137,7.856666088104248,6.897440433502197,849300
2019-12-09,7.916666030883789,7.956665992736816,7.809999942779541,7.840000152587891,6.882809162139893,783300
2019-12-10,7.8333330154418945,8.09333324432373,7.7733330726623535,8.09333324432373,7.105212688446045,602700
2019-12-11,8.100000381469727,8.279999732971191,8.066665649414062,8.279999732971191,7.2690887451171875,1323000
2019-12-12,8.289999961853027,8.836666107177734,8.210000038146973,8.836666107177734,7.757791519165039,1421400
2019-12-13,8.829999923706055,9.449999809265137,8.75333309173584,9.323332786560059,8.185040473937988,2360700
2019-12-16,9.323332786560059,9.44666576385498,9.109999656677246,9.34666633605957,8.205525398254395,1577100
2019-12-17,9.300000190734863,9.479999542236328,9.300000190734863,9.426666259765625,8.275757789611816,905400
2019-12-18,9.453332901000977,9.65999984741211,9.326665878295898,9.536665916442871,8.37232780456543,1284300
2019-12-19,9.456665992736816,9.65999984741211,9.456665992736816,9.556666374206543,8.389885902404785,647400
2019-12-20,9.630000114440918,9.633333206176758,9.34666633605957,9.613332748413086,8.439634323120117,597300
2019-12-23,9.613332748413086,9.666666030883789,9.399999618530273,9.403332710266113,8.25527286529541,797100
2019-12-26,9.406665802001953,9.796666145324707,9.386666297912598,9.766666412353516,8.574247360229492,1614000
2019-12-27,9.8100004196167,10.09666633605957,9.746665954589844,10.0,8.779092788696289,1424700
2019-12-30,10.0,10.056666374206543,9.866665840148926,9.930000305175781,8.717639923095703,1432800
2020-01-02,10.013333320617676,10.09666633605957,9.813332557678223,9.866665840148926,8.66203784942627,1735500
2020-01-03,9.666666030883789,9.989999771118164,9.463333129882812,9.983332633972168,8.764460563659668,2960100
2020-01-06,9.853333473205566,10.076665878295898,9.75,10.066665649414062,8.83761978149414,1722600
2020-01-07,10.166666030883789,10.916666030883789,9.983332633972168,10.813332557678223,9.493124961853027,4258200
2020-01-08,10.813332557678223,11.279999732971191,10.760000228881836,10.923333168029785,9.589695930480957,4485300
2020-01-09,11.00333309173584,11.00333309173584,10.653332710266113,10.8100004196167,9.49020004272461,2224500
2020-01-10,10.833333015441895,10.920000076293945,10.576665878295898,10.576665878295898,9.285353660583496,1232400
2020-01-13,10.666666030883789,10.713333129882812,10.543333053588867,10.713333129882812,9.40533447265625,999000
2020-01-14,10.713333129882812,10.776665687561035,10.486665725708008,10.666666030883789,9.364365577697754,1638900
2020-01-15,10.736665725708008,11.0,10.646665573120117,10.933333396911621,9.598475456237793,2514900
2020-01-16,10.983332633972168,11.246665954589844,10.963333129882812,10.973333358764648,9.633591651916504,1098600
2020-01-17,11.1899995803833,11.1899995803833,10.739999771118164,11.119999885559082,9.762351036071777,1364100
2020-01-20,11.119999885559082,11.50333309173584,11.119999885559082,11.359999656677246,9.97304916381836,1571400
2020-01-21,11.466666221618652,12.0600004196167,11.463333129882812,11.993332862854004,10.529058456420898,2006700
2020-01-22,11.976666450500488,12.430000305175781,11.886666297912598,12.430000305175781,10.912412643432617,1172100
2020-01-23,12.329999923706055,12.923333168029785,11.983332633972168,12.866665840148926,11.29576587677002,2247300
2020-01-24,12.920000076293945,12.930000305175781,12.573332786560059,12.666666030883789,11.120183944702148,1226400
2020-01-27,12.550000190734863,12.550000190734863,12.153332710266113,12.220000267028809,10.728052139282227,820200
2020-01-28,12.19666576385498,12.316665649414062,12.116665840148926,12.233332633972168,10.73975658416748,1118400
2020-01-29,12.333333015441895,12.483332633972168,12.013333320617676,12.133333206176758,10.651966094970703,9391800
2020-01-30,12.199999809265137,12.680000305175781,12.043333053588867,12.329999923706055,10.824621200561523,8848200
2020-01-31,12.44666576385498,12.510000228881836,12.173333168029785,12.303333282470703,10.801210403442383,6269100
2020-02-03,12.526665687561035,12.760000228881836,12.526665687561035,12.583333015441895,11.047024726867676,5781300
2020-02-04,12.833333015441895,12.996665954589844,12.556666374206543,12.583333015441895,11.047024726867676,4043100
2020-02-05,12.829999923706055,12.983332633972168,12.333333015441895,12.66333293914795,11.117258071899414,4056600
2020-02-06,12.69333267211914,12.819999694824219,12.426666259765625,12.59666633605957,11.058730125427246,2262900
2020-02-07,12.59666633605957,12.59666633605957,11.91333293914795,12.316665649414062,10.812915802001953,2956800
2020-02-10,12.323332786560059,12.323332786560059,11.403332710266113,11.983332633972168,10.520278930664062,3968400
2020-02-11,11.966666221618652,12.613332748413086,11.896665573120117,12.479999542236328,10.956307411193848,2583900
2020-02-12,12.666666030883789,13.026665687561035,12.600000381469727,12.916666030883789,11.339661598205566,4988400
2020-02-13,12.800000190734863,12.933333396911621,12.489999771118164,12.899999618530273,11.325029373168945,1163400
2020-02-14,12.916666030883789,12.996665954589844,12.643333435058594,12.85666561126709,11.286986351013184,1888800
2020-02-17,13.0,13.300000190734863,12.396665573120117,12.720000267028809,11.167006492614746,3046500
2020-02-18,12.733332633972168,12.90999984741211,12.449999809265137,12.90999984741211,11.333808898925781,1877100
2020-02-19,12.996665954589844,13.19666576385498,12.876666069030762,12.876666069030762,11.304545402526855,1963500
2020-02-20,12.916666030883789,12.976666450500488,12.619999885559082,12.766666412353516,11.207975387573242,1788900
2020-02-21,12.779999732971191,12.84666633605957,12.426666259765625,12.84666633605957,11.278207778930664,1361700
2020-02-26,12.229999542236328,12.329999923706055,11.899999618530273,11.899999618530273,10.447120666503906,1533300
2020-02-27,11.746665954589844,11.899999618530273,11.100000381469727,11.34333324432373,9.958417892456055,2368800
2020-02-28,11.203332901000977,12.0,10.853333473205566,12.0,10.534912109375,2691000
2020-03-02,11.670000076293945,11.796666145324707,11.306666374206543,11.793333053588867,10.353476524353027,2483100
2020-03-03,11.66333293914795,12.026665687561035,11.416666030883789,11.706665992736816,10.27739143371582,1101000
2020-03-04,11.84666633605957,11.850000381469727,11.369999885559082,11.520000457763672,10.113515853881836,1168800
2020-03-05,11.376666069030762,11.460000038146973,10.776665687561035,10.94333267211914,9.607254028320312,1116300
2020-03-06,10.723333358764648,10.976666450500488,10.233332633972168,10.783332824707031,9.466788291931152,1561200
2020-03-09,10.213333129882812,10.216666221618652,9.576665878295898,9.783332824707031,8.588878631591797,4201500
2020-03-10,10.100000381469727,10.34333324432373,9.989999771118164,10.036665916442871,8.81128215789795,3062100
2020-03-11,9.906665802001953,10.130000114440918,8.933333396911621,9.463333129882812,8.307948112487793,2725800
2020-03-12,8.333333015441895,8.406665802001953,7.340000152587891,8.233332633972168,7.228119373321533,2697600
2020-03-13,9.25666618347168,9.34666633605957,7.673333168029785,8.166666030883789,7.169591903686523,6475500
2020-03-16,6.866665840148926,7.50666618347168,6.376666069030762,6.50666618347168,5.7122626304626465,3778500
2020-03-17,6.849999904632568,6.896666049957275,6.300000190734863,6.550000190734863,5.750306129455566,3466200
2020-03-18,6.300000190734863,6.300000190734863,4.663332939147949,5.176665782928467,4.544642925262451,3427500
2020-03-19,4.433332920074463,5.616665840148926,4.166666030883789,5.616665840148926,4.930922985076904,3529500
2020-03-20,6.0,6.603332996368408,5.623332977294922,5.75333309173584,5.050904750823975,8367900
2020-03-23,5.593332767486572,5.739999771118164,5.156665802001953,5.5,4.828501224517822,5410500
2020-03-24,5.993332862854004,6.436666011810303,5.6366658210754395,6.1366658210754395,5.3874359130859375,4741800
2020-03-25,5.866665840148926,7.53000020980835,5.866665840148926,6.836666107177734,6.001972675323486,2547300
2020-03-26,6.766665935516357,8.09000015258789,6.766665935516357,7.633333206176758,6.701374053955078,2321400
2020-03-27,7.633333206176758,7.633333206176758,6.8333330154418945,7.383333206176758,6.481896877288818,1287900
2020-03-30,7.329999923706055,7.526666164398193,6.960000038146973,6.960000038146973,6.110248565673828,2027700
2020-03-31,6.78000020980835,6.936666011810303,6.210000038146973,6.356666088104248,5.580576419830322,2164500
2020-04-01,5.763332843780518,6.22666597366333,5.75,6.21999979019165,5.460595607757568,4332300
2020-04-02,6.233333110809326,6.3333330154418945,5.960000038146973,6.130000114440918,5.381584167480469,4174200
2020-04-03,6.110000133514404,6.110000133514404,5.800000190734863,5.800000190734863,5.091874122619629,4574400
2020-04-06,6.166666030883789,6.349999904632568,5.923333168029785,6.053332805633545,5.314277172088623,3161100
2020-04-07,6.356666088104248,6.900000095367432,6.356666088104248,6.733333110809326,5.911255836486816,2487300
2020-04-08,6.763332843780518,6.816666126251221,6.316666126251221,6.4633331298828125,5.674220085144043,2599200
2020-04-09,6.606666088104248,6.863333225250244,6.053332805633545,6.3333330154418945,5.560091972351074,3703800
2020-04-13,6.2733330726623535,6.420000076293945,6.033332824707031,6.099999904632568,5.355246543884277,1987200
2020-04-14,6.2133331298828125,6.646666049957275,6.2133331298828125,6.416666030883789,5.633250713348389,5319900
2020-04-15,6.313333034515381,6.623332977294922,6.126666069030762,6.433332920074463,5.64788293838501,7310400
2020-04-16,6.563333034515381,6.869999885559082,6.436666011810303,6.869999885559082,6.03123664855957,2002800
2020-04-17,6.876666069030762,7.203332901000977,6.72333288192749,7.0,6.145365238189697,1967100
2020-04-20,6.863333225250244,7.433332920074463,6.776666164398193,7.25,6.364842414855957,1787400
2020-04-22,7.116665840148926,7.53000020980835,7.116665840148926,7.353332996368408,6.455559253692627,1521000
2020-04-23,7.380000114440918,7.496665954589844,6.96999979019165,7.186666011810303,6.309240818023682,1476300
2020-04-24,7.163332939147949,7.163332939147949,6.166666030883789,6.413332939147949,5.630324840545654,1692900
2020-04-27,6.553332805633545,6.623332977294922,6.296666145324707,6.5833330154418945,5.779569149017334,1259100
2020-04-28,6.763332843780518,6.986666202545166,6.543333053588867,6.986666202545166,6.133659362792969,2078400
2020-04-29,7.00666618347168,7.596665859222412,6.960000038146973,7.400000095367432,6.4965291023254395,1894200
2020-04-30,7.329999923706055,7.980000019073486,7.170000076293945,7.593332767486572,6.666257381439209,7617600
2020-05-04,7.429999828338623,7.429999828338623,7.050000190734863,7.230000019073486,6.347284317016602,2391900
2020-05-05,7.433332920074463,7.436666011810303,6.800000190734863,6.800000190734863,5.969783306121826,658500
2020-05-06,6.900000095367432,7.116665840148926,6.6433329582214355,7.093332767486572,6.2273030281066895,771300
2020-05-07,7.239999771118164,7.283332824707031,6.610000133514404,6.800000190734863,5.969783306121826,979800
2020-05-08,6.980000019073486,7.053332805633545,6.599999904632568,6.599999904632568,5.794201374053955,978000
2020-05-11,6.599999904632568,6.656665802001953,6.413332939147949,6.413332939147949,5.630324840545654,904200
2020-05-12,6.400000095367432,6.610000133514404,6.113333225250244,6.116665840148926,5.369877815246582,1088100
2020-05-13,6.116665840148926,6.186666011810303,5.783332824707031,5.949999809265137,5.223560333251953,2775300
2020-05-14,5.966666221618652,6.133333206176758,5.913332939147949,6.099999904632568,5.355246543884277,2016900
2020-05-15,6.013332843780518,6.593332767486572,6.0,6.300000190734863,5.530828952789307,2949300
2020-05-18,6.353332996368408,6.72333288192749,6.336666107177734,6.510000228881836,5.7151899337768555,1535700
2020-05-19,6.493332862854004,6.593332767486572,6.409999847412109,6.440000057220459,5.653736114501953,698700
2020-05-20,6.516665935516357,6.686666011810303,6.25333309173584,6.3866658210754395,5.6069135665893555,1456800
2020-05-21,6.296666145324707,6.916666030883789,6.296666145324707,6.783332824707031,5.955151081085205,2067600
2020-05-22,6.366665840148926,6.766665935516357,6.166666030883789,6.563333034515381,5.7620110511779785,1527300
2020-05-25,6.593332767486572,6.989999771118164,6.593332767486572,6.829999923706055,5.996120452880859,1688100
2020-05-26,6.933332920074463,7.316666126251221,6.896666049957275,7.133333206176758,6.262419700622559,1365300
2020-05-27,7.25333309173584,7.579999923706055,7.1366658210754395,7.4466657638549805,6.537497043609619,861300
2020-05-28,7.336666107177734,7.489999771118164,7.25333309173584,7.313333034515381,6.420443058013916,1582200
2020-05-29,7.316666126251221,7.433332920074463,7.130000114440918,7.309999942779541,6.417517185211182,1488900
2020-06-01,7.300000190734863,7.50333309173584,7.239999771118164,7.50333309173584,6.587245941162109,782400
2020-06-02,7.623332977294922,8.020000457763672,7.510000228881836,7.666666030883789,6.730637550354004,1366200
2020-06-03,7.783332824707031,8.510000228881836,7.78000020980835,8.366665840148926,7.3451738357543945,3817800
2020-06-04,8.463333129882812,8.733332633972168,8.203332901000977,8.513333320617676,7.473934650421143,1380300
2020-06-05,8.783332824707031,9.279999732971191,8.626666069030762,8.979999542236328,7.883625030517578,1755300
2020-06-08,9.066665649414062,9.223333358764648,8.869999885559082,8.970000267028809,7.874846458435059,3195900
2020-06-09,8.933333396911621,8.933333396911621,8.613332748413086,8.746665954589844,7.678779602050781,1760100
2020-06-10,8.893333435058594,8.893333435058594,8.260000228881836,8.496665954589844,7.459301948547363,1871400
2020-06-12,8.246665954589844,8.416666030883789,7.710000038146973,7.8333330154418945,6.876955986022949,2255400
2020-06-15,7.666666030883789,7.97333288192749,7.486666202545166,7.7733330726623535,6.824281215667725,1277100
2020-06-16,8.166666030883789,8.199999809265137,7.606666088104248,7.72333288192749,6.780385971069336,1578300
2020-06-17,7.766665935516357,8.109999656677246,7.736666202545166,8.063332557678223,7.078874588012695,1596000
2020-06-18,8.063332557678223,8.173333168029785,7.816666126251221,7.816666126251221,6.862323760986328,1426200
2020-06-19,7.966666221618652,8.289999961853027,7.8333330154418945,8.276665687561035,7.266161918640137,5456100
2020-06-22,8.666666030883789,8.723333358764648,8.25333309173584,8.293333053588867,7.280794143676758,2678400
2020-06-23,8.399999618530273,8.50666618347168,8.263333320617676,8.383333206176758,7.359806060791016,1358400
2020-06-24,8.363332748413086,8.553333282470703,8.10666561126709,8.313332557678223,7.298351764678955,1599300
2020-06-25,8.359999656677246,8.376666069030762,8.133333206176758,8.166666030883789,7.169591903686523,1278000
2020-06-26,8.166666030883789,8.173333168029785,7.633333206176758,7.633333206176758,6.701374053955078,2114400
2020-06-29,7.633333206176758,7.940000057220459,7.53000020980835,7.876666069030762,6.914998531341553,1238100
2020-06-30,7.900000095367432,8.19333267211914,7.78000020980835,8.1899995803833,7.19007682800293,1774800
2020-07-01,8.206665992736816,8.333333015441895,8.079999923706055,8.300000190734863,7.286647319793701,1061100
2020-07-02,8.433333396911621,8.806666374206543,8.34000015258789,8.359999656677246,7.339321613311768,3625200
2020-07-03,8.363332748413086,8.563332557678223,8.213333129882812,8.563332557678223,7.517829418182373,654000
2020-07-06,8.779999732971191,8.806666374206543,8.533332824707031,8.666666030883789,7.608546733856201,1382400
2020-07-07,8.66333293914795,8.766666412353516,8.403332710266113,8.4399995803833,7.4095540046691895,780000
2020-07-08,8.4399995803833,8.59666633605957,8.223333358764648,8.223333358764648,7.219340801239014,1120800
2020-07-09,8.216666221618652,8.380000114440918,8.09000015258789,8.380000114440918,7.356880187988281,1581000
2020-07-10,8.390000343322754,8.586666107177734,8.293333053588867,8.586666107177734,7.538313865661621,730800
2020-07-13,8.609999656677246,8.920000076293945,8.376666069030762,8.380000114440918,7.356880187988281,1460400
2020-07-14,8.44333267211914,8.760000228881836,8.306666374206543,8.656665802001953,7.599767208099365,1335900
2020-07-15,8.670000076293945,8.863332748413086,8.50333309173584,8.59666633605957,7.547093391418457,538500
2020-07-16,8.66333293914795,8.66333293914795,8.359999656677246,8.583333015441895,7.535387992858887,433800
2020-07-17,8.583333015441895,8.716666221618652,8.516666412353516,8.666666030883789,7.608546733856201,518400
2020-07-20,8.666666030883789,8.899999618530273,8.600000381469727,8.873332977294922,7.789981365203857,981300
2020-07-21,9.033332824707031,9.210000038146973,8.850000381469727,9.199999809265137,8.076765060424805,1436700
2020-07-22,9.199999809265137,9.199999809265137,8.920000076293945,9.066665649414062,7.959710121154785,1336800
2020-07-23,9.066665649414062,9.119999885559082,8.586666107177734,8.586666107177734,7.538313865661621,939600
2020-07-24,8.566665649414062,8.640000343322754,8.183333396911621,8.640000343322754,7.585136890411377,1492200
2020-07-27,8.640000343322754,8.776665687561035,8.479999542236328,8.773332595825195,7.702190399169922,852900
2020-07-28,8.770000457763672,8.880000114440918,8.583333015441895,8.866665840148926,7.784128189086914,847500
2020-07-29,8.876666069030762,9.166666030883789,8.733332633972168,9.166666030883789,8.047501564025879,1283100
2020-07-30,9.100000381469727,10.123332977294922,8.973333358764648,9.75,8.559616088867188,4665000
2020-07-31,9.766666412353516,9.933333396911621,9.579999923706055,9.579999923706055,8.410370826721191,1605000
2020-08-03,9.699999809265137,9.733332633972168,9.286665916442871,9.486665725708008,8.328432083129883,4041000
2020-08-04,9.470000267028809,9.470000267028809,9.109999656677246,9.16333293914795,8.044575691223145,1202400
2020-08-05,9.216666221618652,9.366665840148926,9.133333206176758,9.220000267028809,8.094324111938477,1037400
2020-08-06,9.25,9.579999923706055,9.166666030883789,9.433333396911621,8.281611442565918,1644900
2020-08-07,9.40999984741211,9.609999656677246,9.279999732971191,9.369999885559082,8.2260103225708,1146600
2020-08-10,9.34333324432373,9.44666576385498,9.176666259765625,9.329999923706055,8.19089412689209,756000
2020-08-11,9.516666412353516,9.586666107177734,8.760000228881836,9.036665916442871,7.933372974395752,3671400
2020-08-12,9.086666107177734,9.183333396911621,8.783332824707031,8.783332824707031,7.7109694480896,1387800
2020-08-13,8.783332824707031,9.216666221618652,8.66333293914795,9.149999618530273,8.032869338989258,1094100
2020-08-14,9.19333267211914,9.69666576385498,9.19333267211914,9.399999618530273,8.252346992492676,5874600
2020-08-17,9.35666561126709,9.66333293914795,9.0,9.376666069030762,8.23186206817627,1372800
2020-08-18,9.376666069030762,9.533332824707031,9.199999809265137,9.263333320617676,8.132366180419922,1060800
2020-08-19,9.263333320617676,9.473333358764648,9.229999542236328,9.319999694824219,8.182114601135254,918000
2020-08-20,9.233332633972168,9.449999809265137,9.056666374206543,9.34666633605957,8.205525398254395,712800
2020-08-21,9.34666633605957,9.489999771118164,9.029999732971191,9.489999771118164,8.331358909606934,1319100
2020-08-24,9.516666412353516,9.613332748413086,9.130000114440918,9.183333396911621,8.0621337890625,2142000
2020-08-25,9.183333396911621,9.456665992736816,9.183333396911621,9.420000076293945,8.269906044006348,1982400
2020-08-26,9.456665992736816,9.630000114440918,9.296666145324707,9.529999732971191,8.366475105285645,3008100
2020-08-27,9.529999732971191,10.046666145324707,9.526665687561035,9.916666030883789,8.705933570861816,2320800
2020-08-28,9.916666030883789,10.489999771118164,9.779999732971191,10.293333053588867,9.036612510681152,3055200
2020-08-31,10.146665573120117,10.399999618530273,9.869999885559082,9.979999542236328,8.761534690856934,1910400
2020-09-01,10.0,10.076665878295898,9.710000038146973,9.75,8.559616088867188,3144600
2020-09-02,9.84000015258789,10.119999885559082,9.670000076293945,10.050000190734863,8.822988510131836,2598300
2020-09-03,10.053333282470703,10.3100004196167,9.970000267028809,10.133333206176758,8.896147727966309,2015400
2020-09-04,10.136666297912598,10.300000190734863,9.85666561126709,10.300000190734863,9.042466163635254,2185500
2020-09-08,10.293333053588867,10.553333282470703,9.833333015441895,10.329999923706055,9.068802833557129,2203500
2020-09-09,10.41333293914795,10.600000381469727,10.216666221618652,10.483332633972168,9.203414916992188,2057700
2020-09-10,10.529999732971191,10.533332824707031,9.989999771118164,10.143333435058594,8.904927253723145,1542300
2020-09-11,10.166666030883789,10.213333129882812,9.566665649414062,9.59666633605957,8.425003051757812,2175000
2020-09-14,9.653332710266113,10.479999542236328,9.600000381469727,10.456665992736816,9.180004119873047,3816600
2020-09-15,10.496665954589844,10.59666633605957,10.216666221618652,10.233332633972168,8.983938217163086,989100
2020-09-16,10.333333015441895,10.433333396911621,10.143333435058594,10.156665802001953,8.916631698608398,1015500
2020-09-17,10.103333473205566,10.103333473205566,9.833333015441895,9.899999618530273,8.691301345825195,1194600
2020-09-18,9.829999923706055,9.84000015258789,9.466666221618652,9.600000381469727,8.427929878234863,1469700
2020-09-21,9.433333396911621,9.806666374206543,9.156665802001953,9.75,8.559616088867188,1474200
2020-09-22,9.733332633972168,9.993332862854004,9.569999694824219,9.896665573120117,8.688374519348145,1086600
2020-09-23,9.953332901000977,9.956665992736816,9.300000190734863,9.323332786560059,8.185040473937988,1590600
2020-09-24,9.323332786560059,9.563332557678223,9.213333129882812,9.453332901000977,8.299168586730957,1129500
2020-09-25,9.333333015441895,9.539999961853027,9.223333358764648,9.456665992736816,8.302095413208008,700800
2020-09-28,9.586666107177734,9.633333206176758,8.956665992736816,9.036665916442871,7.933372974395752,1622100
2020-09-29,9.023332595825195,9.133333206176758,8.75666618347168,8.823332786560059,7.746086120605469,1838400
2020-09-30,8.866665840148926,8.899999618530273,8.603333473205566,8.69666576385498,7.634883880615234,1767600
2020-10-01,8.783332824707031,9.423333168029785,8.783332824707031,9.423333168029785,8.272831916809082,3021000
2020-10-02,9.350000381469727,9.40999984741211,9.170000076293945,9.34333324432373,8.20259952545166,1439100
2020-10-05,9.403332710266113,9.533332824707031,8.986665725708008,9.4399995803833,8.287463188171387,2760600
2020-10-06,9.526665687561035,9.526665687561035,9.100000381469727,9.176666259765625,8.056281089782715,1759200
2020-10-07,9.223333358764648,9.263333320617676,8.903332710266113,9.133333206176758,8.018238067626953,1806000
2020-10-08,9.1899995803833,9.316665649414062,9.0,9.313332557678223,8.176260948181152,1177500
2020-10-09,9.333333015441895,9.899999618530273,9.3100004196167,9.8100004196167,8.612290382385254,2678400
2020-10-13,9.883333206176758,10.063332557678223,9.676666259765625,9.766666412353516,8.574247360229492,1760100
2020-10-14,9.766666412353516,10.153332710266113,9.763333320617676,10.086666107177734,8.855177879333496,1868100
2020-10-15,10.083333015441895,10.25,9.84666633605957,9.9399995803833,8.726418495178223,1308000
2020-10-16,9.90999984741211,9.94333267211914,9.60666561126709,9.649999618530273,8.471824645996094,1830900
2020-10-19,9.673333168029785,9.916666030883789,9.600000381469727,9.826665878295898,8.626921653747559,1563600
2020-10-20,9.826665878295898,10.376666069030762,9.823332786560059,10.333333015441895,9.071728706359863,2368200
2020-10-21,10.359999656677246,10.579999923706055,9.866665840148926,9.866665840148926,8.66203784942627,2925900
2020-10-22,9.873332977294922,10.3100004196167,9.873332977294922,10.199999809265137,8.95467472076416,2447700
2020-10-23,10.199999809265137,10.210000038146973,9.793333053588867,9.976666450500488,8.758607864379883,1732800
2020-10-26,9.976666450500488,9.976666450500488,9.640000343322754,9.69666576385498,8.51279354095459,1345800
2020-10-27,9.739999771118164,9.806666374206543,9.383333206176758,9.510000228881836,8.348917961120605,2552400
2020-10-28,9.416666030883789,9.416666030883789,8.930000305175781,8.956665992736816,7.86314058303833,2233200
2020-10-29,8.956665992736816,9.119999885559082,8.626666069030762,9.10666561126709,7.994826316833496,1943700
2020-10-30,9.130000114440918,9.303333282470703,8.880000114440918,9.303333282470703,8.167482376098633,3131700
2020-11-03,9.619999885559082,10.173333168029785,9.329999923706055,10.100000381469727,8.866884231567383,5431500
2020-11-04,10.066665649414062,10.50333309173584,9.953332901000977,10.316665649414062,9.057096481323242,3271500
2020-11-05,10.420000076293945,10.69666576385498,10.213333129882812,10.34666633605957,9.08343505859375,3363600
2020-11-06,10.266666412353516,10.886666297912598,10.100000381469727,10.739999771118164,9.42874526977539,2014500
2020-11-09,11.053333282470703,11.066665649414062,10.380000114440918,10.543333053588867,9.25609016418457,2281800
2020-11-10,10.543333053588867,10.69666576385498,10.289999961853027,10.489999771118164,9.209268569946289,1381200
2020-11-11,10.623332977294922,10.653332710266113,10.186665534973145,10.3100004196167,9.05124568939209,1322700
2020-11-12,10.3100004196167,10.399999618530273,9.863332748413086,9.976666450500488,8.758607864379883,1971300
2020-11-13,10.013333320617676,10.25,9.829999923706055,10.25,8.998570442199707,1503300
2020-11-16,10.35666561126709,10.430000305175781,9.973333358764648,10.153332710266113,8.913704872131348,1928400
2020-11-17,10.153332710266113,10.186665534973145,9.836666107177734,9.920000076293945,8.708860397338867,2020800
2020-11-18,9.916666030883789,10.246665954589844,9.916666030883789,10.083333015441895,8.852252006530762,1693200
2020-11-19,10.079999923706055,10.079999923706055,9.760000228881836,9.916666030883789,8.705933570861816,1173900
2020-11-23,10.186665534973145,10.5,10.10666561126709,10.383333206176758,9.11562442779541,1686000
2020-11-24,10.44666576385498,10.44666576385498,9.853333473205566,10.180000305175781,8.937116622924805,4058700
2020-11-25,10.183333396911621,11.869999885559082,10.173333168029785,11.646665573120117,10.224716186523438,9021900
2020-11-26,11.50333309173584,12.630000114440918,11.50333309173584,12.566665649414062,11.032392501831055,5391000
2020-11-27,12.566665649414062,12.803333282470703,12.380000114440918,12.479999542236328,10.956307411193848,1416300
2020-11-30,12.479999542236328,12.880000114440918,11.883333206176758,11.966666221618652,10.505647659301758,3079800
2020-12-01,11.983332633972168,12.350000381469727,11.933333396911621,12.180000305175781,10.692935943603516,1828800
2020-12-02,12.133333206176758,12.279999732971191,11.836666107177734,11.933333396911621,10.476384162902832,1918500
2020-12-03,11.966666221618652,12.180000305175781,11.616665840148926,11.643333435058594,10.221790313720703,2481300
2020-12-04,11.666666030883789,12.00666618347168,11.366665840148926,11.723333358764648,10.292023658752441,8121900
2020-12-07,11.75,11.963333129882812,11.566665649414062,11.85666561126709,10.409076690673828,4869000
2020-12-08,11.963333129882812,12.979999542236328,11.876666069030762,12.666666030883789,11.120183944702148,8589900
2020-12-09,12.609999656677246,12.85666561126709,12.086666107177734,12.643333435058594,11.099699974060059,6689700
2020-12-10,12.69333267211914,12.69333267211914,12.103333473205566,12.323332786560059,10.818768501281738,2937900
2020-12-11,12.333333015441895,12.930000305175781,11.833333015441895,12.616665840148926,11.076288223266602,5778300
2020-12-14,12.69666576385498,12.766666412353516,12.233332633972168,12.373332977294922,10.862664222717285,1250100
2020-12-15,12.373332977294922,12.483332633972168,12.113332748413086,12.483332633972168,10.959234237670898,1559400
2020-12-16,12.479999542236328,12.733332633972168,12.1899995803833,12.683333396911621,11.13481616973877,2148300
2020-12-17,12.69666576385498,12.899999618530273,12.553333282470703,12.833333015441895,11.266502380371094,2196300
2020-12-18,12.890000343322754,12.890000343322754,12.433333396911621,12.433333396911621,10.915339469909668,1810800
2020-12-21,12.140000343322754,12.5600004196167,11.85666561126709,12.423333168029785,10.906559944152832,1461300
2020-12-22,12.479999542236328,12.5,11.9399995803833,12.09666633605957,10.619775772094727,1992600
2020-12-23,12.09666633605957,12.266666412353516,11.873332977294922,12.100000381469727,10.622702598571777,2089200
2020-12-28,12.100000381469727,12.229999542236328,11.869999885559082,12.010000228881836,10.54369068145752,1968000
2020-12-29,12.213333129882812,12.213333129882812,11.936665534973145,12.043333053588867,10.572954177856445,1926000
2020-12-30,12.043333053588867,12.140000343322754,11.703332901000977,12.0,10.534912109375,4263600
2021-01-04,12.130000114440918,12.213333129882812,11.873332977294922,12.0,10.534912109375,1426200
2021-01-05,12.00666618347168,12.133333206176758,11.670000076293945,11.94333267211914,10.485162734985352,1625400
2021-01-06,11.963333129882812,12.100000381469727,11.75333309173584,11.796666145324707,10.356403350830078,1725300
2021-01-07,11.876666069030762,12.243332862854004,11.733332633972168,11.733332633972168,10.300802230834961,2262300
2021-01-08,11.736665725708008,12.036665916442871,11.733332633972168,11.956665992736816,10.496868133544922,1864500
2021-01-11,11.84333324432373,12.043333053588867,11.603333473205566,11.869999885559082,10.420783042907715,2388900
2021-01-12,11.953332901000977,12.029999732971191,11.733332633972168,12.0,10.534912109375,1698300
2021-01-13,12.029999732971191,12.083333015441895,11.670000076293945,12.029999732971191,10.561248779296875,2702100
2021-01-14,12.039999961853027,12.329999923706055,11.896665573120117,12.180000305175781,10.692935943603516,1526400
2021-01-15,12.180000305175781,12.25,11.776665687561035,12.1899995803833,10.701713562011719,1643100
2021-01-18,12.433333396911621,12.66333293914795,12.233332633972168,12.233332633972168,10.73975658416748,1427700
2021-01-19,12.326665878295898,12.770000457763672,12.156665802001953,12.550000190734863,11.017762184143066,2037300
2021-01-20,12.586666107177734,12.680000305175781,12.136666297912598,12.306666374206543,10.804137229919434,1975800
2021-01-21,12.34000015258789,12.390000343322754,11.736665725708008,11.876666069030762,10.4266357421875,1819200
2021-01-22,11.716666221618652,11.829999923706055,11.5,11.583333015441895,10.169116020202637,1362000
2021-01-26,11.59666633605957,11.783332824707031,11.270000457763672,11.34333324432373,9.958417892456055,1436400
2021-01-27,11.203332901000977,11.529999732971191,10.970000267028809,11.34333324432373,9.958417892456055,3343200
2021-01-28,11.436665534973145,11.619999885559082,11.333333015441895,11.619999885559082,10.201306343078613,3543600
2021-01-29,11.550000190734863,11.59666633605957,11.046666145324707,11.176666259765625,9.81209945678711,2147100
2021-02-01,11.34333324432373,11.380000114440918,11.00333309173584,11.043333053588867,9.69504451751709,1517100
2021-02-02,11.100000381469727,11.316665649414062,11.066665649414062,11.133333206176758,9.774056434631348,1711500
2021-02-03,11.073332786560059,11.35666561126709,10.853333473205566,11.170000076293945,9.806246757507324,2835900
2021-02-04,11.09333324432373,11.329999923706055,10.956665992736816,11.043333053588867,9.69504451751709,2052300
2021-02-05,11.036665916442871,11.286665916442871,10.966666221618652,11.25666618347168,9.882331848144531,1668900
2021-02-08,11.236665725708008,11.390000343322754,11.19666576385498,11.273332595825195,9.896963119506836,1838400
2021-02-09,11.266666412353516,11.430000305175781,11.029999732971191,11.176666259765625,9.81209945678711,1735800
2021-02-10,11.25,11.25,10.69666576385498,10.766666412353516,9.452157020568848,1922400
2021-02-11,10.766666412353516,10.883333206176758,10.573332786560059,10.863332748413086,9.537020683288574,1432800
2021-02-12,10.890000343322754,10.890000343322754,10.636666297912598,10.739999771118164,9.42874526977539,1061400
2021-02-17,10.773332595825195,10.853333473205566,10.563332557678223,10.699999809265137,9.39362907409668,1393800
2021-02-18,10.699999809265137,10.743332862854004,10.246665954589844,10.34333324432373,9.0805082321167,2611500
2021-02-19,10.369999885559082,10.550000190734863,10.130000114440918,10.460000038146973,9.182930946350098,2034800
2021-02-22,10.100000381469727,10.569999694824219,9.8100004196167,10.399999618530273,9.130256652832031,3296500
2021-02-23,10.430000305175781,10.460000038146973,9.899999618530273,10.300000190734863,9.042466163635254,1659200
2021-02-24,10.300000190734863,10.510000228881836,10.079999923706055,10.1899995803833,8.945895195007324,2627100
2021-02-25,10.319999694824219,10.319999694824219,9.489999771118164,9.59000015258789,8.419150352478027,2900000
2021-02-26,9.760000228881836,9.760000228881836,9.229999542236328,9.279999732971191,8.146998405456543,2963800
2021-03-01,9.399999618530273,9.399999618530273,8.720000267028809,8.949999809265137,7.857287883758545,6246900
2021-03-02,8.930000305175781,8.949999809265137,8.119999885559082,8.539999961853027,7.497345447540283,9754100
2021-03-03,8.40999984741211,8.5600004196167,8.0,8.34000015258789,7.321763515472412,7654900
2021-03-04,8.3100004196167,8.670000076293945,8.289999961853027,8.520000457763672,7.479787826538086,5300200
2021-03-05,8.479999542236328,8.970000267028809,8.199999809265137,8.829999923706055,7.751939296722412,3224200
2021-03-08,8.65999984741211,8.819999694824219,7.800000190734863,7.900000095367432,6.935483455657959,5500900
2021-03-09,7.920000076293945,8.100000381469727,7.840000152587891,7.849999904632568,6.891587734222412,2640300
2021-03-10,7.900000095367432,8.229999542236328,7.760000228881836,8.130000114440918,7.137402534484863,2459300
2021-03-11,8.180000305175781,8.6899995803833,8.079999923706055,8.630000114440918,7.576357364654541,2977900
2021-03-12,8.59000015258789,8.699999809265137,8.289999961853027,8.3100004196167,7.295426845550537,951700
2021-03-15,8.279999732971191,8.739999771118164,8.140000343322754,8.649999618530273,7.593914985656738,3953700
2021-03-16,8.649999618530273,8.649999618530273,8.1899995803833,8.369999885559082,7.348100662231445,1949100
2021-03-17,8.319999694824219,8.649999618530273,8.170000076293945,8.619999885559082,7.567578315734863,2974500
2021-03-18,8.449999809265137,8.479999542236328,8.199999809265137,8.199999809265137,7.198855876922607,2303600
2021-03-19,8.199999809265137,8.84000015258789,8.180000305175781,8.59000015258789,7.54124116897583,3830600
2021-03-22,8.579999923706055,9.319999694824219,8.529999732971191,9.170000076293945,8.05042839050293,4205400
2021-03-23,9.109999656677246,9.1899995803833,8.84000015258789,9.0,7.901183605194092,3709500
2021-03-24,9.0600004196167,9.0600004196167,8.850000381469727,8.850000381469727,7.769497871398926,1799800
2021-03-25,8.850000381469727,9.34000015258789,8.65999984741211,9.319999694824219,8.182114601135254,1957500
2021-03-26,9.359999656677246,9.619999885559082,8.970000267028809,9.130000114440918,8.015312194824219,3245300
2021-03-29,9.130000114440918,9.149999618530273,8.789999961853027,8.979999542236328,7.883625030517578,1325800
2021-03-30,8.970000267028809,9.59000015258789,8.899999618530273,9.470000267028809,8.313801765441895,2510700
2021-03-31,9.479999542236328,10.109999656677246,9.279999732971191,10.0,8.779092788696289,6749700
2021-04-01,10.130000114440918,10.170000076293945,9.760000228881836,9.859999656677246,8.656185150146484,2846500
2021-04-05,9.989999771118164,10.819999694824219,9.850000381469727,10.430000305175781,9.156594276428223,3385700
2021-04-06,10.40999984741211,10.789999961853027,10.350000381469727,10.739999771118164,9.42874526977539,3973700
2021-04-07,10.699999809265137,10.859999656677246,10.350000381469727,10.40999984741211,9.139036178588867,1683200
2021-04-08,10.40999984741211,10.779999732971191,10.40999984741211,10.520000457763672,9.23560619354248,1181100
2021-04-09,10.489999771118164,10.800000190734863,10.369999885559082,10.550000190734863,9.261942863464355,1047500
2021-04-12,10.550000190734863,10.6899995803833,10.470000267028809,10.609999656677246,9.314617156982422,1275100
2021-04-13,10.59000015258789,10.960000038146973,10.510000228881836,10.829999923706055,9.507758140563965,3426600
2021-04-14,10.890000343322754,11.149999618530273,10.229999542236328,10.34000015258789,9.077582359313965,4451700
2021-04-15,10.350000381469727,10.630000114440918,10.270000457763672,10.460000038146973,9.182930946350098,1617800
2021-04-16,10.399999618530273,10.920000076293945,10.350000381469727,10.649999618530273,9.349733352661133,1769200
2021-04-19,10.850000381469727,10.880000114440918,10.489999771118164,10.569999694824219,9.279500961303711,1257600
2021-04-20,10.510000228881836,10.6899995803833,10.210000038146973,10.359999656677246,9.09514045715332,1238200
2021-04-22,10.4399995803833,10.670000076293945,10.180000305175781,10.279999732971191,9.024907112121582,1639100
2021-04-23,10.380000114440918,10.550000190734863,10.3100004196167,10.5,9.218048095703125,1354100
2021-04-26,10.600000381469727,10.800000190734863,10.40999984741211,10.680000305175781,9.37607192993164,2491500
2021-04-27,10.710000038146973,10.960000038146973,10.630000114440918,10.899999618530273,9.56921100616455,1912700
2021-04-28,10.899999618530273,10.960000038146973,10.670000076293945,10.800000190734863,9.481420516967773,1306000
2021-04-29,10.920000076293945,10.920000076293945,10.539999961853027,10.770000457763672,9.455083847045898,1879600
2021-04-30,10.829999923706055,10.979999542236328,10.579999923706055,10.819999694824219,9.498978614807129,4118000
2021-05-03,10.979999542236328,11.239999771118164,10.65999984741211,10.8100004196167,9.49020004272461,3541900
2021-05-04,10.819999694824219,11.050000190734863,10.729999542236328,10.899999618530273,9.56921100616455,3395300
2021-05-05,10.970000267028809,11.399999618530273,10.890000343322754,11.300000190734863,9.920374870300293,2646000
2021-05-06,11.359999656677246,11.5,11.149999618530273,11.279999732971191,9.902816772460938,1823300
2021-05-07,11.350000381469727,11.729999542236328,11.229999542236328,11.710000038146973,10.280318260192871,3549900
2021-05-10,11.779999732971191,11.84000015258789,11.289999961853027,11.670000076293945,10.24520206451416,1907100
2021-05-11,11.5600004196167,11.6899995803833,11.220000267028809,11.640000343322754,10.218864440917969,1086000
2021-05-12,11.569999694824219,11.619999885559082,11.170000076293945,11.220000267028809,9.850142478942871,2637200
2021-05-13,11.229999542236328,11.819999694824219,11.180000305175781,11.720000267028809,10.28909683227539,2333300
2021-05-14,11.949999809265137,12.069999694824219,11.680000305175781,11.850000381469727,10.403225898742676,4720100
2021-05-17,11.760000228881836,12.09000015258789,11.6899995803833,11.890000343322754,10.438342094421387,1380900
2021-05-18,11.850000381469727,12.130000114440918,11.8100004196167,12.050000190734863,10.57880687713623,2519100
2021-05-19,12.0,12.149999618530273,11.90999984741211,12.109999656677246,10.631481170654297,1196700
2021-05-20,12.079999923706055,12.350000381469727,12.050000190734863,12.279999732971191,10.780726432800293,1365500
2021-05-21,12.279999732971191,12.359999656677246,11.850000381469727,11.989999771118164,10.526132583618164,1250100
2021-05-24,12.020000457763672,12.130000114440918,11.920000076293945,12.119999885559082,10.640260696411133,968500
2021-05-25,12.140000343322754,12.390000343322754,12.050000190734863,12.15999984741211,10.675376892089844,1069000
2021-05-26,12.15999984741211,12.270000457763672,11.880000114440918,12.050000190734863,10.57880687713623,1448700
2021-05-27,12.09000015258789,12.699999809265137,11.979999542236328,12.699999809265137,11.14944839477539,2728100
2021-05-28,12.680000305175781,12.850000381469727,12.550000190734863,12.609999656677246,11.070436477661133,1763700
2021-05-31,12.600000381469727,12.729999542236328,12.420000076293945,12.600000381469727,11.061657905578613,1299300
2021-06-01,12.649999618530273,12.880000114440918,12.5600004196167,12.699999809265137,11.14944839477539,2698200
2021-06-02,12.710000038146973,12.75,12.489999771118164,12.670000076293945,11.1231107711792,2570500
2021-06-04,12.6899995803833,12.920000076293945,12.579999923706055,12.890000343322754,11.316250801086426,2374000
2021-06-07,12.869999885559082,13.100000381469727,12.670000076293945,12.739999771118164,11.184564590454102,3435900
2021-06-08,12.75,12.850000381469727,12.279999732971191,12.579999923706055,11.044098854064941,3451500
2021-06-09,12.5600004196167,12.619999885559082,12.300000190734863,12.380000114440918,10.86851692199707,1608400
2021-06-10,12.390000343322754,12.539999961853027,12.210000038146973,12.399999618530273,10.886075019836426,1512700
2021-06-11,12.4399995803833,12.449999809265137,12.079999923706055,12.15999984741211,10.675376892089844,860800
2021-06-14,12.180000305175781,12.710000038146973,12.100000381469727,12.4399995803833,10.921191215515137,5062400
2021-06-15,12.4399995803833,12.510000228881836,12.25,12.350000381469727,10.842180252075195,4772500
2021-06-16,12.350000381469727,12.449999809265137,12.1899995803833,12.34000015258789,10.83340072631836,1798600
2021-06-17,12.329999923706055,12.65999984741211,12.279999732971191,12.399999618530273,10.886075019836426,1045800
2021-06-18,12.5,12.970000267028809,12.380000114440918,12.75,11.193343162536621,5624600
2021-06-21,12.800000190734863,13.25,12.59000015258789,13.149999618530273,11.544507026672363,5105200
2021-06-22,13.149999618530273,13.609999656677246,13.149999618530273,13.319999694824219,11.693751335144043,2382800
2021-06-23,13.319999694824219,14.260000228881836,13.260000228881836,13.800000190734863,12.115148544311523,4710700
2021-06-24,13.930000305175781,14.050000190734863,13.600000381469727,13.819999694824219,12.132706642150879,1414700
2021-06-25,13.859999656677246,13.970000267028809,13.399999618530273,13.619999885559082,11.957124710083008,1903100
2021-06-28,13.579999923706055,13.789999961853027,13.479999542236328,13.699999809265137,12.02735710144043,1009600
2021-06-29,13.800000190734863,13.979999542236328,13.430000305175781,13.920000076293945,12.220497131347656,2372500
2021-06-30,14.020000457763672,14.130000114440918,13.710000038146973,13.8100004196167,12.12392807006836,2540200
2021-07-01,14.180000305175781,14.180000305175781,13.760000228881836,13.84000015258789,12.150264739990234,2256300
2021-07-02,13.970000267028809,14.539999961853027,13.890000343322754,14.300000190734863,12.554102897644043,3100200
2021-07-05,14.350000381469727,14.449999809265137,14.0,14.069999694824219,12.35218334197998,1993400
2021-07-06,14.0,14.039999961853027,13.15999984741211,13.270000457763672,11.649856567382812,4437100
2021-07-07,13.420000076293945,13.5,12.920000076293945,13.100000381469727,11.500612258911133,3197300
2021-07-08,12.899999618530273,13.050000190734863,12.720000267028809,12.899999618530273,11.325029373168945,1800800
2021-07-12,12.8100004196167,13.460000038146973,12.789999961853027,13.369999885559082,11.73764705657959,2619000
2021-07-13,13.34000015258789,13.6899995803833,13.220000267028809,13.40999984741211,11.7727632522583,2071600
2021-07-14,13.5,13.640000343322754,13.350000381469727,13.420000076293945,11.781542778015137,1340800
2021-07-15,13.420000076293945,13.420000076293945,13.020000457763672,13.09000015258789,11.491832733154297,825800
2021-07-16,13.119999885559082,13.220000267028809,12.84000015258789,12.84000015258789,11.272356033325195,1055800
2021-07-19,12.609999656677246,12.680000305175781,12.3100004196167,12.380000114440918,10.86851692199707,2236700
2021-07-20,12.34000015258789,12.569999694824219,12.3100004196167,12.470000267028809,10.947528839111328,894600
2021-07-21,12.380000114440918,12.489999771118164,11.880000114440918,12.0,10.534912109375,4481700
2021-07-22,11.899999618530273,12.4399995803833,11.899999618530273,12.359999656677246,10.850958824157715,2067600
2021-07-23,12.359999656677246,12.369999885559082,12.100000381469727,12.3100004196167,10.807064056396484,2029500
2021-07-26,12.319999694824219,12.319999694824219,11.869999885559082,11.960000038146973,10.499794960021973,1664700
2021-07-27,11.859999656677246,12.25,11.649999618530273,11.9399995803833,10.482236862182617,2124800
2021-07-28,12.0,12.489999771118164,11.539999961853027,12.220000267028809,10.728052139282227,4139000
2021-07-29,12.15999984741211,12.15999984741211,11.670000076293945,11.9399995803833,10.482236862182617,2568900
2021-07-30,11.8100004196167,11.880000114440918,11.390000343322754,11.5,10.095956802368164,1741000
2021-08-02,11.640000343322754,11.979999542236328,11.510000228881836,11.880000114440918,10.42956256866455,1563200
2021-08-03,11.779999732971191,11.960000038146973,11.329999923706055,11.850000381469727,10.403225898742676,2340900
2021-08-04,11.829999923706055,11.90999984741211,11.649999618530273,11.84000015258789,10.39444637298584,1591500
2021-08-05,11.960000038146973,12.050000190734863,11.5,11.569999694824219,10.157410621643066,1033300
2021-08-06,11.569999694824219,11.600000381469727,11.239999771118164,11.239999771118164,9.867700576782227,2155600
2021-08-09,11.229999542236328,11.40999984741211,11.0,11.199999809265137,9.832584381103516,1991300
2021-08-10,11.279999732971191,11.539999961853027,11.100000381469727,11.220000267028809,9.850142478942871,1803500
2021-08-11,11.039999961853027,11.15999984741211,10.699999809265137,10.699999809265137,9.39362907409668,2185000
2021-08-12,10.680000305175781,11.25,10.569999694824219,10.859999656677246,9.53409481048584,2936400
2021-08-13,10.859999656677246,10.960000038146973,10.520000457763672,10.619999885559082,9.323396682739258,2494500
2021-08-16,10.670000076293945,10.680000305175781,9.65999984741211,9.859999656677246,8.656185150146484,6656400
2021-08-17,9.760000228881836,9.90999984741211,9.430000305175781,9.850000381469727,8.647406578063965,5073800
2021-08-18,9.859999656677246,9.960000038146973,9.260000228881836,9.779999732971191,8.585952758789062,10390900
2021-08-19,9.630000114440918,9.850000381469727,9.319999694824219,9.75,8.559616088867188,4817400
2021-08-20,9.710000038146973,10.380000114440918,9.5600004196167,10.170000076293945,8.928338050842285,3420200
2021-08-23,10.210000038146973,10.210000038146973,9.789999961853027,9.859999656677246,8.656185150146484,2100900
2021-08-24,9.9399995803833,10.5600004196167,9.890000343322754,10.449999809265137,9.174152374267578,2875000
2021-08-25,10.40999984741211,10.520000457763672,9.979999542236328,10.380000114440918,9.112698554992676,3711400
2021-08-26,10.300000190734863,10.3100004196167,9.899999618530273,10.039999961853027,8.814208984375,4241600
2021-08-27,10.069999694824219,10.130000114440918,9.90999984741211,9.979999542236328,8.761534690856934,1200800
2021-08-30,9.970000267028809,10.130000114440918,9.640000343322754,9.949999809265137,8.735197067260742,3562500
2021-08-31,9.949999809265137,10.210000038146973,9.649999618530273,9.6899995803833,8.506940841674805,2742500
2021-09-01,9.760000228881836,10.130000114440918,9.65999984741211,9.960000038146973,8.743976593017578,1955900
2021-09-02,9.9399995803833,9.970000267028809,9.59000015258789,9.609999656677246,8.436708450317383,2967000
2021-09-03,9.65999984741211,9.739999771118164,9.4399995803833,9.680000305175781,8.498162269592285,2823900
2021-09-06,9.600000381469727,10.029999732971191,9.579999923706055,9.770000457763672,8.577174186706543,1183900
2021-09-08,9.770000457763672,9.779999732971191,9.069999694824219,9.119999885559082,8.006532669067383,3004900
2021-09-09,9.119999885559082,9.449999809265137,8.920000076293945,9.399999618530273,8.252346992492676,2753400
2021-09-10,9.479999542236328,9.84000015258789,9.220000267028809,9.289999961853027,8.155776977539062,2343800
2021-09-13,9.399999618530273,10.039999961853027,9.270000457763672,9.869999885559082,8.66496467590332,2713700
2021-09-14,9.920000076293945,10.0,9.770000457763672,9.84000015258789,8.638628005981445,1520100
2021-09-15,9.84000015258789,9.890000343322754,9.520000457763672,9.789999961853027,8.594732284545898,3281800
2021-09-16,9.75,9.75,9.210000038146973,9.4399995803833,8.287463188171387,5424500
2021-09-17,9.3100004196167,9.489999771118164,9.140000343322754,9.470000267028809,8.313801765441895,1774700
2021-09-20,9.270000457763672,9.300000190734863,8.739999771118164,9.050000190734863,7.945079326629639,4078500
2021-09-21,9.079999923706055,9.670000076293945,9.069999694824219,9.550000190734863,8.384034156799316,3455800
2021-09-22,9.6899995803833,9.760000228881836,9.5,9.569999694824219,8.401591300964355,2635100
2021-09-23,9.619999885559082,10.15999984741211,9.619999885559082,10.029999732971191,8.80543041229248,4340000
2021-09-24,9.949999809265137,9.949999809265137,9.609999656677246,9.739999771118164,8.550836563110352,2197200
2021-09-27,9.649999618530273,9.75,9.329999923706055,9.510000228881836,8.348917961120605,1618600
2021-09-28,9.460000038146973,9.460000038146973,8.859999656677246,8.90999984741211,7.822171688079834,2496000
2021-09-29,8.970000267028809,9.170000076293945,8.800000190734863,8.960000038146973,7.866067409515381,1545000
2021-09-30,9.029999732971191,9.170000076293945,8.800000190734863,8.9399995803833,7.848508834838867,1909700
2021-10-01,8.869999885559082,9.609999656677246,8.869999885559082,9.609999656677246,8.436708450317383,3185300
2021-10-04,9.420000076293945,9.430000305175781,9.010000228881836,9.069999694824219,7.962636947631836,1149300
2021-10-05,9.119999885559082,9.140000343322754,8.710000038146973,8.739999771118164,7.672926902770996,3859600
2021-10-06,8.600000381469727,8.619999885559082,8.350000381469727,8.479999542236328,7.444670677185059,5487400
2021-10-07,8.5600004196167,9.100000381469727,8.550000190734863,8.970000267028809,7.874846458435059,4099800
2021-10-08,9.050000190734863,9.479999542236328,9.050000190734863,9.300000190734863,8.164556503295898,3150700
2021-10-11,9.350000381469727,9.359999656677246,9.039999961853027,9.039999961853027,7.936300277709961,1151600
2021-10-13,9.09000015258789,9.569999694824219,9.050000190734863,9.5,8.34013843536377,2135800
2021-10-14,9.550000190734863,9.630000114440918,9.09000015258789,9.220000267028809,8.094324111938477,1252800
2021-10-15,9.279999732971191,9.489999771118164,9.149999618530273,9.369999885559082,8.2260103225708,867700
2021-10-18,9.239999771118164,9.59000015258789,9.1899995803833,9.4399995803833,8.287463188171387,1397200
2021-10-19,9.34000015258789,9.34000015258789,8.670000076293945,8.720000267028809,7.655369281768799,3202600
2021-10-20,8.760000228881836,8.899999618530273,8.520000457763672,8.6899995803833,7.629031658172607,2018600
2021-10-21,8.510000228881836,8.619999885559082,7.909999847412109,8.010000228881836,7.0320539474487305,3353300
2021-10-22,7.929999828338623,7.929999828338623,7.070000171661377,7.480000019073486,6.566761493682861,6777200
2021-10-25,7.519999980926514,7.730000019073486,7.400000095367432,7.53000020980835,6.610657215118408,5254400
2021-10-26,7.420000076293945,7.619999885559082,6.889999866485596,7.019999980926514,6.162923336029053,5449200
2021-10-27,7.039999961853027,7.440000057220459,6.909999847412109,6.96999979019165,6.119027614593506,2788700
2021-10-28,6.949999809265137,7.210000038146973,6.78000020980835,6.800000190734863,5.969783306121826,2976000
2021-10-29,6.849999904632568,6.900000095367432,6.489999771118164,6.599999904632568,5.794201374053955,4757500
2021-11-01,6.730000019073486,7.070000171661377,6.650000095367432,6.909999847412109,6.0663533210754395,1777200
2021-11-03,6.920000076293945,7.309999942779541,6.880000114440918,7.050000190734863,6.189260959625244,3855500
2021-11-04,6.949999809265137,7.119999885559082,6.710000038146973,6.789999961853027,5.961004257202148,3597600
2021-11-05,6.929999828338623,6.960000038146973,6.670000076293945,6.670000076293945,5.855655193328857,3722100
2021-11-08,6.650000095367432,6.940000057220459,6.550000190734863,6.909999847412109,6.0663533210754395,11767600
2021-11-09,6.949999809265137,7.179999828338623,6.800000190734863,6.989999771118164,6.136585712432861,2717600
2021-11-10,6.960000038146973,7.420000076293945,6.769999980926514,7.199999809265137,6.32094669342041,3076700
2021-11-11,7.28000020980835,7.630000114440918,7.150000095367432,7.400000095367432,6.4965291023254395,2319600
2021-11-12,7.440000057220459,7.510000228881836,7.210000038146973,7.28000020980835,6.391180038452148,2447700
2021-11-16,7.730000019073486,7.739999771118164,7.010000228881836,7.110000133514404,6.2419352531433105,3728500
2021-11-17,7.289999961853027,7.349999904632568,6.599999904632568,6.75,5.925887584686279,4837100
2021-11-18,6.78000020980835,7.130000114440918,6.679999828338623,6.840000152587891,6.004899978637695,3907100
2021-11-19,6.829999923706055,7.090000152587891,6.75,6.820000171661377,5.987341403961182,1972500
2021-11-22,6.849999904632568,7.150000095367432,6.760000228881836,6.860000133514404,6.022458076477051,3209100
2021-11-23,6.889999866485596,6.980000019073486,6.75,6.900000095367432,6.057574272155762,3266000
2021-11-24,6.900000095367432,7.420000076293945,6.900000095367432,7.329999923706055,6.435075283050537,3668800
2021-11-25,7.369999885559082,7.570000171661377,7.28000020980835,7.349999904632568,6.452633380889893,2563700
2021-11-26,7.039999961853027,7.070000171661377,6.730000019073486,6.989999771118164,6.136585712432861,2626100
2021-11-29,7.010000228881836,7.099999904632568,6.739999771118164,6.760000228881836,5.934667110443115,2895700
2021-11-30,7.619999885559082,8.640000343322754,7.550000190734863,8.5600004196167,7.514904022216797,19114300
2021-12-01,8.680000305175781,8.800000190734863,7.889999866485596,7.909999847412109,6.944262504577637,9549200
2021-12-02,8.0600004196167,8.300000190734863,7.809999942779541,8.289999961853027,7.277868270874023,4230000
2021-12-03,8.319999694824219,8.699999809265137,8.239999771118164,8.300000190734863,7.286647319793701,3610500
2021-12-06,8.449999809265137,8.739999771118164,8.25,8.430000305175781,7.400775909423828,2504600
2021-12-07,8.5600004196167,8.859999656677246,8.489999771118164,8.8100004196167,7.734381198883057,4487100
2021-12-08,8.869999885559082,9.210000038146973,8.649999618530273,8.890000343322754,7.804614067077637,5636700
2021-12-09,8.800000190734863,8.90999984741211,8.609999656677246,8.65999984741211,7.602694511413574,2173000
2021-12-10,8.779999732971191,8.949999809265137,8.640000343322754,8.949999809265137,7.857287883758545,2168100
2021-12-13,8.930000305175781,9.149999618530273,8.800000190734863,8.800000190734863,7.725602149963379,3151000
2021-12-14,8.819999694824219,9.010000228881836,8.529999732971191,8.550000190734863,7.506124496459961,2380000
2021-12-15,8.550000190734863,8.819999694824219,8.3100004196167,8.760000228881836,7.69048547744751,2370900
2021-12-16,8.819999694824219,9.020000457763672,8.550000190734863,8.670000076293945,7.611473560333252,2278900
2021-12-17,8.569999694824219,8.869999885559082,8.359999656677246,8.6899995803833,7.629031658172607,1969500
2021-12-20,8.569999694824219,8.59000015258789,8.130000114440918,8.3100004196167,7.295426845550537,3079500
2021-12-21,8.460000038146973,8.579999923706055,8.329999923706055,8.449999809265137,7.418333530426025,1813300
2021-12-22,8.380000114440918,8.579999923706055,8.279999732971191,8.289999961853027,7.277868270874023,1480100
2021-12-23,8.34000015258789,8.359999656677246,8.109999656677246,8.220000267028809,7.216414928436279,985400
2021-12-27,8.220000267028809,8.420000076293945,8.170000076293945,8.319999694824219,7.304204940795898,1103200
2021-12-28,8.3100004196167,8.430000305175781,8.079999923706055,8.239999771118164,7.233972549438477,1256500
2021-12-29,8.229999542236328,8.369999885559082,8.0,8.119999885559082,7.1286234855651855,2082300
2021-12-30,8.229999542236328,8.470000267028809,8.029999732971191,8.399999618530273,7.3744378089904785,1897500
2022-01-03,8.449999809265137,8.479999542236328,7.920000076293945,7.920000076293945,6.9530415534973145,2190100
2022-01-04,7.869999885559082,7.96999979019165,7.329999923706055,7.420000076293945,6.514087200164795,2932000
2022-01-05,7.349999904632568,7.559999942779541,6.940000057220459,6.980000019073486,6.127807140350342,4347500
2022-01-06,6.980000019073486,7.309999942779541,6.929999828338623,7.110000133514404,6.2419352531433105,4474900
2022-01-07,7.070000171661377,7.239999771118164,6.960000038146973,7.099999904632568,6.233155727386475,5186100
2022-01-10,7.039999961853027,7.039999961853027,6.630000114440918,6.710000038146973,5.890771389007568,2655000
2022-01-11,6.699999809265137,6.880000114440918,6.570000171661377,6.820000171661377,5.987341403961182,2485500
2022-01-12,6.78000020980835,7.210000038146973,6.659999847412109,6.96999979019165,6.119027614593506,3250800
2022-01-13,6.909999847412109,7.039999961853027,6.78000020980835,6.849999904632568,6.013678550720215,2385600
2022-01-14,6.820000171661377,7.03000020980835,6.619999885559082,6.980000019073486,6.127807140350342,2091800
2022-01-17,6.920000076293945,7.150000095367432,6.920000076293945,6.920000076293945,6.075132369995117,2134700
2022-01-18,6.940000057220459,7.139999866485596,6.800000190734863,6.829999923706055,5.996120452880859,3452100
2022-01-19,6.869999885559082,7.130000114440918,6.75,6.860000133514404,6.022458076477051,3237200
2022-01-20,6.860000133514404,7.539999961853027,6.820000171661377,7.429999828338623,6.5228657722473145,5329600
2022-01-21,7.400000095367432,7.639999866485596,7.349999904632568,7.579999923706055,6.654552459716797,3216300
2022-01-24,7.559999942779541,7.579999923706055,7.190000057220459,7.360000133514404,6.46141242980957,2986500
2022-01-25,7.300000190734863,7.78000020980835,7.28000020980835,7.739999771118164,6.795017719268799,3070000
2022-01-26,7.769999980926514,8.350000381469727,7.739999771118164,8.119999885559082,7.1286234855651855,3832300
2022-01-27,8.1899995803833,8.4399995803833,8.149999618530273,8.350000381469727,7.330543041229248,2332800
2022-01-28,8.289999961853027,8.40999984741211,8.1899995803833,8.319999694824219,7.304204940795898,1514900
2022-01-31,8.34000015258789,8.880000114440918,8.279999732971191,8.829999923706055,7.751939296722412,2665700
2022-02-01,8.829999923706055,9.020000457763672,8.619999885559082,8.6899995803833,7.629031658172607,2833700
2022-02-02,8.670000076293945,8.739999771118164,8.289999961853027,8.380000114440918,7.356880187988281,1808000
2022-02-03,8.380000114440918,8.520000457763672,8.15999984741211,8.300000190734863,7.286647319793701,1737500
2022-02-04,8.300000190734863,8.359999656677246,7.789999961853027,8.069999694824219,7.084727764129639,2473900
2022-02-07,8.039999961853027,8.170000076293945,7.829999923706055,8.010000228881836,7.0320539474487305,1545300
2022-02-08,8.050000190734863,8.239999771118164,7.889999866485596,8.039999961853027,7.0583906173706055,922500
2022-02-09,8.069999694824219,8.270000457763672,8.010000228881836,8.109999656677246,7.11984395980835,913300
2022-02-10,8.109999656677246,8.289999961853027,7.980000019073486,8.140000343322754,7.146182060241699,1151600
2022-02-11,8.180000305175781,8.329999923706055,7.820000171661377,7.820000171661377,6.865251064300537,1752700
2022-02-14,7.800000190734863,8.079999923706055,7.75,7.909999847412109,6.944262504577637,1004800
2022-02-15,7.989999771118164,8.369999885559082,7.559999942779541,7.619999885559082,6.689668655395508,6650000
2022-02-16,7.650000095367432,7.760000228881836,7.400000095367432,7.659999847412109,6.724785327911377,4151900
2022-02-17,7.610000133514404,7.670000076293945,7.28000020980835,7.320000171661377,6.426296234130859,4422900
2022-02-18,7.389999866485596,7.480000019073486,7.230000019073486,7.300000190734863,6.408738136291504,1812700
2022-02-21,7.269999980926514,7.400000095367432,6.96999979019165,7.050000190734863,6.189260959625244,2264000
2022-02-22,7.159999847412109,7.369999885559082,7.079999923706055,7.25,6.364842414855957,1782000
2022-02-23,7.25,7.460000038146973,7.190000057220459,7.230000019073486,6.347284317016602,1524600
2022-02-24,7.010000228881836,7.5,6.920000076293945,7.409999847412109,6.505307674407959,2940600
2022-02-25,7.349999904632568,7.519999980926514,7.170000076293945,7.170000076293945,6.294609546661377,3805900
2022-03-02,7.239999771118164,7.519999980926514,7.090000152587891,7.320000171661377,6.426296234130859,1952800
2022-03-03,7.309999942779541,7.53000020980835,7.190000057220459,7.199999809265137,6.32094669342041,1695900
2022-03-04,7.190000057220459,7.550000190734863,7.119999885559082,7.199999809265137,6.32094669342041,3721500
2022-03-07,7.170000076293945,7.199999809265137,6.809999942779541,6.820000171661377,5.987341403961182,2711900
2022-03-08,6.920000076293945,7.079999923706055,6.739999771118164,6.900000095367432,6.057574272155762,2204000
2022-03-09,6.909999847412109,7.329999923706055,6.889999866485596,7.21999979019165,6.338504791259766,1882000
2022-03-10,7.170000076293945,7.21999979019165,6.940000057220459,7.139999866485596,6.268272399902344,1930600
2022-03-11,7.170000076293945,7.269999980926514,6.71999979019165,6.769999980926514,5.943446159362793,1412500
2022-03-14,6.809999942779541,6.869999885559082,6.46999979019165,6.53000020980835,5.732748031616211,2530200
2022-03-15,6.510000228881836,6.690000057220459,6.429999828338623,6.639999866485596,5.829317569732666,1665400
2022-03-16,6.730000019073486,6.940000057220459,6.300000190734863,6.409999847412109,5.627398490905762,2110000
2022-03-17,6.400000095367432,6.409999847412109,5.909999847412109,6.199999809265137,5.443037509918213,5671000
2022-03-18,6.190000057220459,6.409999847412109,6.150000095367432,6.25,5.48693323135376,5645900
2022-03-21,6.260000228881836,6.409999847412109,6.179999828338623,6.269999980926514,5.504491329193115,2587700
2022-03-22,6.320000171661377,6.570000171661377,6.320000171661377,6.46999979019165,5.680072784423828,2577400
2022-03-23,6.590000152587891,6.650000095367432,6.309999942779541,6.599999904632568,5.794201374053955,1697300
2022-03-24,6.630000114440918,7.0,6.449999809265137,6.980000019073486,6.127807140350342,3508000
2022-03-25,7.050000190734863,7.46999979019165,6.980000019073486,7.199999809265137,6.32094669342041,4356400
2022-03-28,7.269999980926514,7.349999904632568,6.829999923706055,7.170000076293945,6.294609546661377,4727500
2022-03-29,7.28000020980835,7.599999904632568,7.230000019073486,7.320000171661377,6.426296234130859,2984800
2022-03-30,7.369999885559082,7.510000228881836,7.210000038146973,7.420000076293945,6.514087200164795,3126300
2022-03-31,7.389999866485596,7.539999961853027,7.260000228881836,7.260000228881836,6.373621940612793,1830200
2022-04-01,7.349999904632568,7.78000020980835,7.349999904632568,7.590000152587891,6.663331508636475,6154200
2022-04-04,7.599999904632568,7.739999771118164,7.420000076293945,7.690000057220459,6.75112247467041,1597800
2022-04-05,7.690000057220459,7.78000020980835,7.449999809265137,7.5,6.584319591522217,2060800
2022-04-06,7.400000095367432,7.46999979019165,7.119999885559082,7.21999979019165,6.338504791259766,2024900
2022-04-07,7.210000038146973,7.380000114440918,7.119999885559082,7.309999942779541,6.417517185211182,2276800
2022-04-08,7.289999961853027,7.300000190734863,6.960000038146973,7.070000171661377,6.2068190574646,2735100
2022-04-11,6.980000019073486,7.130000114440918,6.78000020980835,6.78000020980835,5.952225208282471,1858600
2022-04-12,6.860000133514404,6.960000038146973,6.679999828338623,6.710000038146973,5.890771389007568,1678600
2022-04-13,6.789999961853027,6.789999961853027,6.46999979019165,6.480000019073486,5.688852310180664,3263300
2022-04-14,6.420000076293945,6.519999980926514,6.289999961853027,6.329999923706055,5.557165622711182,3283700
2022-04-18,6.320000171661377,6.329999923706055,6.159999847412109,6.190000057220459,5.434258460998535,2148800
2022-04-19,6.179999828338623,6.329999923706055,6.019999980926514,6.320000171661377,5.548387050628662,1220200
2022-04-20,6.309999942779541,6.429999828338623,6.150000095367432,6.179999828338623,5.425479412078857,1661500
2022-04-22,6.119999885559082,6.119999885559082,5.739999771118164,5.739999771118164,5.039199352264404,4008100
2022-04-25,5.699999809265137,6.059999942779541,5.619999885559082,6.0,5.2674560546875,2449600
2022-04-26,5.980000019073486,6.119999885559082,5.739999771118164,5.929999828338623,5.206002235412598,2875900
2022-04-27,6.019999980926514,6.090000152587891,5.739999771118164,5.75,5.047978401184082,3368800
2022-04-28,5.769999980926514,5.820000171661377,5.599999904632568,5.71999979019165,5.021641254425049,2228700
2022-04-29,5.789999961853027,5.889999866485596,5.550000190734863,5.550000190734863,4.872396945953369,9468600
2022-05-02,5.579999923706055,5.610000133514404,5.309999942779541,5.380000114440918,4.723152160644531,3327100
2022-05-03,5.409999847412109,5.449999809265137,5.199999809265137,5.25,4.6090240478515625,2829800
2022-05-04,5.210000038146973,5.400000095367432,5.039999961853027,5.389999866485596,4.731931209564209,2591100
2022-05-05,5.320000171661377,5.320000171661377,5.050000190734863,5.159999847412109,4.5300116539001465,2954300
2022-05-06,5.139999866485596,5.28000020980835,5.010000228881836,5.010000228881836,4.3983259201049805,2894000
2022-05-09,4.960000038146973,5.090000152587891,4.849999904632568,4.900000095367432,4.301755905151367,2508300
2022-05-10,5.0,5.099999904632568,4.820000171661377,4.880000114440918,4.2841973304748535,3009500
2022-05-11,4.880000114440918,5.03000020980835,4.820000171661377,4.860000133514404,4.266639232635498,1452600
2022-05-12,4.809999942779541,5.070000171661377,4.789999961853027,5.0,4.3895463943481445,2303900
2022-05-13,5.019999980926514,5.46999979019165,5.010000228881836,5.380000114440918,4.723152160644531,2719900
2022-05-16,5.420000076293945,5.659999847412109,5.360000133514404,5.550000190734863,4.872396945953369,2715400
2022-05-17,5.619999885559082,5.829999923706055,5.550000190734863,5.710000038146973,5.012862205505371,2537800
2022-05-18,5.710000038146973,5.760000228881836,5.449999809265137,5.539999961853027,4.863617420196533,1276300
2022-05-19,5.570000171661377,5.639999866485596,5.449999809265137,5.510000228881836,4.8372802734375,832000
2022-05-20,5.5,5.639999866485596,5.309999942779541,5.449999809265137,4.784605503082275,1090100
2022-05-23,5.449999809265137,5.730000019073486,5.449999809265137,5.550000190734863,4.872396945953369,2306000
2022-05-24,5.510000228881836,5.539999961853027,5.199999809265137,5.360000133514404,4.705594062805176,3740700
2022-05-25,5.309999942779541,5.559999942779541,5.230000019073486,5.46999979019165,4.802163600921631,1883300
2022-05-26,5.46999979019165,5.679999828338623,5.409999847412109,5.550000190734863,4.872396945953369,2843400
2022-05-27,5.570000171661377,5.619999885559082,5.449999809265137,5.510000228881836,4.8372802734375,4322900
2022-05-30,5.510000228881836,5.75,5.440000057220459,5.590000152587891,4.90751314163208,1470600
2022-05-31,5.639999866485596,5.739999771118164,5.460000038146973,5.579999923706055,4.898733615875244,3256800
2022-06-01,5.53000020980835,5.610000133514404,5.46999979019165,5.539999961853027,4.863617420196533,1389600
2022-06-02,5.679999828338623,5.829999923706055,5.550000190734863,5.739999771118164,5.039199352264404,1999800
2022-06-03,5.710000038146973,5.800000190734863,5.300000190734863,5.320000171661377,4.670477867126465,3031800
2022-06-06,5.400000095367432,5.400000095367432,5.139999866485596,5.170000076293945,4.538791179656982,2438900
2022-06-07,5.170000076293945,5.269999980926514,5.039999961853027,5.179999828338623,4.54757022857666,2083800
2022-06-08,5.150000095367432,5.380000114440918,5.090000152587891,5.150000095367432,4.521233081817627,1476400
2022-06-09,5.150000095367432,5.260000228881836,5.059999942779541,5.090000152587891,4.468558311462402,1896200
2022-06-10,5.039999961853027,5.090000152587891,4.869999885559082,4.989999771118164,4.380767345428467,3876700
2022-06-13,4.900000095367432,4.96999979019165,4.789999961853027,4.829999923706055,4.240302085876465,2992200
2022-06-14,4.880000114440918,4.920000076293945,4.78000020980835,4.809999942779541,4.222743511199951,1642800
2022-06-15,4.849999904632568,5.019999980926514,4.809999942779541,4.949999809265137,4.345650672912598,1817800
2022-06-17,4.860000133514404,5.170000076293945,4.760000228881836,5.170000076293945,4.538791179656982,2794500
2022-06-20,5.139999866485596,5.329999923706055,5.070000171661377,5.210000038146973,4.573907375335693,1941700
2022-06-21,5.260000228881836,5.28000020980835,5.019999980926514,5.150000095367432,4.521233081817627,1995100
2022-06-22,5.090000152587891,5.21999979019165,5.019999980926514,5.050000190734863,4.433442115783691,2113100
2022-06-23,5.050000190734863,5.190000057220459,4.789999961853027,4.789999961853027,4.205185413360596,3478600
2022-06-24,4.829999923706055,4.829999923706055,4.429999828338623,4.460000038146973,3.915475606918335,4607500
2022-06-27,4.489999771118164,4.570000171661377,4.309999942779541,4.550000190734863,3.9944875240325928,4990900
2022-06-28,4.570000171661377,4.570000171661377,4.349999904632568,4.400000095367432,3.8628010749816895,6897400
2022-06-29,4.400000095367432,4.400000095367432,4.119999885559082,4.150000095367432,3.6433236598968506,9316200
2022-06-30,4.039999961853027,4.090000152587891,3.890000104904175,3.9000000953674316,3.423846483230591,9419400
2022-07-01,3.9200000762939453,3.940000057220459,3.759999990463257,3.9000000953674316,3.423846483230591,3287700
2022-07-04,3.890000104904175,3.890000104904175,3.7100000381469727,3.7799999713897705,3.3184971809387207,1431400
2022-07-05,3.7100000381469727,3.809999942779541,3.569999933242798,3.809999942779541,3.344834327697754,2902900
2022-07-06,3.809999942779541,4.070000171661377,3.7699999809265137,3.9800000190734863,3.494079113006592,4940100
2022-07-07,4.090000152587891,4.389999866485596,3.940000057220459,4.389999866485596,3.8540217876434326,5067400
2022-07-08,4.320000171661377,4.389999866485596,4.190000057220459,4.320000171661377,3.7925684452056885,2037000
2022-07-11,4.28000020980835,4.440000057220459,4.190000057220459,4.309999942779541,3.7837891578674316,1954600
2022-07-12,4.309999942779541,4.46999979019165,4.199999809265137,4.46999979019165,3.9242544174194336,2860100
2022-07-13,4.449999809265137,4.550000190734863,4.340000152587891,4.340000152587891,3.810126543045044,1748200
2022-07-14,4.269999980926514,4.489999771118164,4.25,4.449999809265137,3.906696319580078,4182300
2022-07-15,4.420000076293945,4.590000152587891,4.369999885559082,4.539999961853027,3.985708236694336,15082500
2022-07-18,4.579999923706055,4.78000020980835,4.53000020980835,4.570000171661377,4.012045860290527,2093200
2022-07-19,4.579999923706055,4.630000114440918,4.329999923706055,4.389999866485596,3.8540217876434326,2836900
2022-07-20,4.349999904632568,4.659999847412109,4.289999961853027,4.630000114440918,4.064720153808594,2277300
2022-07-21,4.579999923706055,4.710000038146973,4.539999961853027,4.639999866485596,4.0734992027282715,1249500
2022-07-22,4.639999866485596,4.710000038146973,4.510000228881836,4.570000171661377,4.012045860290527,1676500
2022-07-25,4.619999885559082,4.690000057220459,4.489999771118164,4.659999847412109,4.091057300567627,1805300
2022-07-26,4.690000057220459,4.690000057220459,4.409999847412109,4.539999961853027,3.985708236694336,2583200
2022-07-27,4.539999961853027,4.71999979019165,4.449999809265137,4.699999809265137,4.126173496246338,2454100
2022-07-28,4.739999771118164,4.739999771118164,4.46999979019165,4.550000190734863,3.9944875240325928,2219800
2022-07-29,4.579999923706055,4.619999885559082,4.400000095367432,4.480000019073486,3.9330337047576904,2068900
2022-08-01,4.449999809265137,4.659999847412109,4.429999828338623,4.539999961853027,3.985708236694336,2278500
2022-08-02,4.599999904632568,4.599999904632568,4.400000095367432,4.46999979019165,3.9242544174194336,1695400
2022-08-03,4.489999771118164,4.710000038146973,4.449999809265137,4.710000038146973,4.134953022003174,2056900
2022-08-04,4.739999771118164,5.179999828338623,4.739999771118164,5.090000152587891,4.468558311462402,2295700
2022-08-05,5.059999942779541,5.139999866485596,4.900000095367432,5.130000114440918,4.5036749839782715,2205000
2022-08-08,5.159999847412109,5.289999961853027,5.139999866485596,5.179999828338623,4.54757022857666,1987700
2022-08-09,5.21999979019165,5.21999979019165,4.940000057220459,5.150000095367432,4.521233081817627,4089300
2022-08-10,5.199999809265137,5.489999771118164,5.159999847412109,5.440000057220459,4.775826454162598,5276600
2022-08-11,5.489999771118164,5.489999771118164,5.119999885559082,5.150000095367432,4.521233081817627,2313900
2022-08-12,5.199999809265137,5.449999809265137,5.150000095367432,5.409999847412109,4.7494893074035645,1663300
2022-08-15,5.309999942779541,5.690000057220459,5.28000020980835,5.550000190734863,4.872396945953369,2881100
2022-08-16,5.550000190734863,5.590000152587891,5.119999885559082,5.309999942779541,4.661698341369629,3770200
2022-08-17,5.28000020980835,5.28000020980835,4.889999866485596,5.070000171661377,4.451000213623047,7684900
2022-08-18,5.079999923706055,5.150000095367432,4.820000171661377,4.900000095367432,4.301755905151367,5111600
2022-08-19,4.849999904632568,4.849999904632568,4.550000190734863,4.610000133514404,4.047162055969238,3723600
2022-08-22,4.539999961853027,4.539999961853027,4.369999885559082,4.400000095367432,3.8628010749816895,5860000
2022-08-23,4.420000076293945,4.610000133514404,4.360000133514404,4.550000190734863,3.9944875240325928,2517800
2022-08-24,4.559999942779541,4.949999809265137,4.510000228881836,4.900000095367432,4.301755905151367,3712300
2022-08-25,4.900000095367432,5.110000133514404,4.900000095367432,5.070000171661377,4.451000213623047,2978000
2022-08-26,5.099999904632568,5.409999847412109,5.090000152587891,5.260000228881836,4.61780309677124,5690200
2022-08-29,5.190000057220459,5.369999885559082,5.150000095367432,5.230000019073486,4.591465473175049,1998800
2022-08-30,5.230000019073486,5.320000171661377,4.989999771118164,5.050000190734863,4.433442115783691,2188600
2022-08-31,5.079999923706055,5.099999904632568,4.929999828338623,5.059999942779541,4.442221164703369,1911400
2022-09-01,5.070000171661377,5.269999980926514,5.0,5.269999980926514,4.626582145690918,2021600
2022-09-02,5.289999961853027,5.389999866485596,5.159999847412109,5.239999771118164,4.600244522094727,1462800
2022-09-05,5.25,5.340000152587891,5.179999828338623,5.230000019073486,4.591465473175049,824300
2022-09-06,5.210000038146973,5.25,4.949999809265137,5.079999923706055,4.459779262542725,1477300
2022-09-08,5.090000152587891,5.21999979019165,5.03000020980835,5.190000057220459,4.556349277496338,1470200
2022-09-09,5.21999979019165,5.619999885559082,5.190000057220459,5.510000228881836,4.8372802734375,2882500
2022-09-12,5.619999885559082,5.659999847412109,5.489999771118164,5.53000020980835,4.854838848114014,1236700
2022-09-13,5.409999847412109,5.46999979019165,5.230000019073486,5.360000133514404,4.705594062805176,1461700
2022-09-14,5.369999885559082,5.550000190734863,5.309999942779541,5.409999847412109,4.7494893074035645,1827900
2022-09-15,5.409999847412109,5.550000190734863,5.320000171661377,5.440000057220459,4.775826454162598,1572200
2022-09-16,5.400000095367432,5.400000095367432,5.039999961853027,5.039999961853027,4.424663066864014,3246800
2022-09-19,5.03000020980835,5.78000020980835,4.900000095367432,5.690000057220459,4.995304107666016,7136900
2022-09-20,5.690000057220459,6.0,5.590000152587891,5.690000057220459,4.995304107666016,4447400
2022-09-21,5.699999809265137,5.75,5.53000020980835,5.590000152587891,4.90751314163208,2637200
2022-09-22,5.670000076293945,5.789999961853027,5.5,5.78000020980835,5.074316024780273,6057900
2022-09-23,5.690000057220459,5.739999771118164,5.53000020980835,5.739999771118164,5.039199352264404,3852600
2022-09-26,5.699999809265137,5.71999979019165,5.5,5.599999904632568,4.916292190551758,2536200
2022-09-27,5.659999847412109,5.699999809265137,5.559999942779541,5.599999904632568,4.916292190551758,3408900
2022-09-28,5.599999904632568,6.03000020980835,5.510000228881836,5.949999809265137,5.223560333251953,4550200
2022-09-29,5.949999809265137,6.0,5.630000114440918,5.949999809265137,5.223560333251953,5563500
2022-09-30,5.929999828338623,6.099999904632568,5.800000190734863,6.059999942779541,5.320130348205566,7262500
2022-10-03,6.070000171661377,6.199999809265137,5.809999942779541,6.019999980926514,5.2850141525268555,6155900
2022-10-04,6.130000114440918,6.380000114440918,5.949999809265137,6.28000020980835,5.513270378112793,8154100
2022-10-05,6.28000020980835,6.369999885559082,6.099999904632568,6.28000020980835,5.513270378112793,4408700
2022-10-06,6.329999923706055,6.550000190734863,6.21999979019165,6.449999809265137,5.662514686584473,2377400
2022-10-07,6.420000076293945,6.5,6.289999961853027,6.340000152587891,5.565945148468018,2344000
2022-10-10,6.380000114440918,6.380000114440918,6.170000076293945,6.269999980926514,5.504491329193115,1535100
2022-10-11,6.25,6.349999904632568,6.150000095367432,6.269999980926514,5.504491329193115,1398900
2022-10-13,6.179999828338623,6.429999828338623,6.119999885559082,6.190000057220459,5.434258460998535,3595000
2022-10-14,6.21999979019165,6.28000020980835,5.909999847412109,5.909999847412109,5.188443660736084,2354700
2022-10-17,6.010000228881836,6.090000152587891,5.889999866485596,5.96999979019165,5.241118431091309,2101000
2022-10-18,6.03000020980835,6.130000114440918,5.909999847412109,6.039999961853027,5.302572250366211,1665900
2022-10-19,6.039999961853027,6.090000152587891,5.639999866485596,5.699999809265137,5.004082679748535,2808100
2022-10-20,5.699999809265137,5.769999980926514,5.550000190734863,5.659999847412109,4.968966484069824,2375800
2022-10-21,5.650000095367432,5.900000095367432,5.519999980926514,5.789999961853027,5.083094596862793,3855800
2022-10-24,5.71999979019165,5.789999961853027,5.619999885559082,5.739999771118164,5.039199352264404,1420200
2022-10-25,5.739999771118164,6.119999885559082,5.650000095367432,6.0,5.2674560546875,3664200
2022-10-26,5.980000019073486,6.159999847412109,5.860000133514404,5.949999809265137,5.223560333251953,5809200
2022-10-27,5.96999979019165,6.429999828338623,5.929999828338623,6.28000020980835,5.513270378112793,4460100
2022-10-28,6.239999771118164,6.400000095367432,6.050000190734863,6.170000076293945,5.41670036315918,5254900
2022-10-31,6.550000190734863,6.909999847412109,6.460000038146973,6.849999904632568,6.013678550720215,17085900
2022-11-01,6.889999866485596,7.349999904632568,6.730000019073486,7.190000057220459,6.312168121337891,7273000
2022-11-03,7.010000228881836,7.28000020980835,7.010000228881836,7.179999828338623,6.303388595581055,6858500
2022-11-04,7.300000190734863,7.519999980926514,7.090000152587891,7.300000190734863,6.408738136291504,6329300
2022-11-07,7.260000228881836,7.300000190734863,6.639999866485596,6.639999866485596,5.829317569732666,5428300
2022-11-08,6.630000114440918,6.769999980926514,6.429999828338623,6.590000152587891,5.785422325134277,2592600
2022-11-09,6.559999942779541,6.659999847412109,6.369999885559082,6.460000038146973,5.671294212341309,1675400
2022-11-10,6.309999942779541,6.340000152587891,5.690000057220459,5.880000114440918,5.162106990814209,4333700
2022-11-11,5.929999828338623,6.119999885559082,5.639999866485596,5.710000038146973,5.012862205505371,3950800
2022-11-14,5.78000020980835,5.840000152587891,5.349999904632568,5.579999923706055,4.898733615875244,9718600
2022-11-16,5.53000020980835,5.699999809265137,5.150000095367432,5.230000019073486,4.591465473175049,5574300
2022-11-17,5.110000133514404,5.130000114440918,4.889999866485596,5.079999923706055,4.459779262542725,8249500
2022-11-18,5.150000095367432,5.400000095367432,5.019999980926514,5.059999942779541,4.442221164703369,4758600
2022-11-21,5.099999904632568,5.269999980926514,4.980000019073486,5.230000019073486,4.591465473175049,3765600
2022-11-22,5.230000019073486,5.309999942779541,4.940000057220459,5.0,4.3895463943481445,2533800
2022-11-23,4.960000038146973,5.0,4.650000095367432,4.760000228881836,4.1788482666015625,7142200
2022-11-24,4.820000171661377,5.099999904632568,4.820000171661377,5.019999980926514,4.4071044921875,4039500
2022-11-25,5.03000020980835,5.03000020980835,4.570000171661377,4.570000171661377,4.012045860290527,4862200
2022-11-28,4.559999942779541,4.559999942779541,4.159999847412109,4.25,3.731114625930786,7526100
2022-11-29,4.260000228881836,4.389999866485596,4.159999847412109,4.329999923706055,3.801347255706787,5773400
2022-11-30,4.320000171661377,4.460000038146973,4.130000114440918,4.420000076293945,3.880359172821045,9372000
2022-12-01,4.380000114440918,4.590000152587891,4.260000228881836,4.429999828338623,3.8891379833221436,4494500
2022-12-02,4.449999809265137,4.570000171661377,4.429999828338623,4.480000019073486,3.9330337047576904,2987700
2022-12-05,4.46999979019165,4.480000019073486,4.199999809265137,4.289999961853027,3.766230821609497,2934700
2022-12-06,4.300000190734863,4.349999904632568,4.179999828338623,4.239999771118164,3.7223353385925293,4600100
2022-12-07,4.239999771118164,4.440000057220459,4.21999979019165,4.320000171661377,3.7925684452056885,2610100
2022-12-08,4.309999942779541,4.320000171661377,4.099999904632568,4.150000095367432,3.6433236598968506,6378900
2022-12-09,4.159999847412109,4.269999980926514,3.9200000762939453,3.9800000190734863,3.494079113006592,4493700
2022-12-12,3.9800000190734863,4.039999961853027,3.609999895095825,3.930000066757202,3.450183629989624,9109700
2022-12-13,3.940000057220459,4.079999923706055,3.7300000190734863,3.930000066757202,3.450183629989624,8860900
2022-12-14,3.890000104904175,4.090000152587891,3.8299999237060547,4.019999980926514,3.5291953086853027,5449900
2022-12-15,3.990000009536743,4.190000057220459,3.9800000190734863,4.050000190734863,3.555532932281494,2869300
2022-12-16,4.03000020980835,4.039999961853027,3.690000057220459,3.700000047683716,3.2482645511627197,6065300
2022-12-19,3.7200000286102295,3.9200000762939453,3.680000066757202,3.809999942779541,3.344834327697754,6668700
2022-12-20,3.809999942779541,4.050000190734863,3.7300000190734863,3.9000000953674316,3.423846483230591,6344900
2022-12-21,3.950000047683716,4.099999904632568,3.7899999618530273,4.050000190734863,3.555532932281494,4544000
2022-12-22,4.050000190734863,4.130000114440918,3.819999933242798,3.9600000381469727,3.4765207767486572,5299000
2022-12-23,3.990000009536743,4.190000057220459,3.9200000762939453,4.179999828338623,3.669660806655884,4693300
2022-12-26,4.170000076293945,4.260000228881836,4.059999942779541,4.159999847412109,3.652102470397949,1076000
2022-12-27,4.170000076293945,4.230000019073486,3.8299999237060547,3.8499999046325684,3.379950761795044,4134200
2022-12-28,3.880000114440918,4.110000133514404,3.819999933242798,4.110000133514404,3.6082074642181396,5200300
2022-12-29,4.119999885559082,4.199999809265137,3.809999942779541,3.859999895095825,3.3887298107147217,8056900
2023-01-02,3.819999933242798,3.8399999141693115,3.640000104904175,3.799999952316284,3.336055278778076,4216800
2023-01-03,3.799999952316284,3.819999933242798,3.630000114440918,3.6500000953674316,3.204369068145752,7726100
2023-01-04,3.6600000858306885,3.740000009536743,3.5399999618530273,3.5999999046325684,3.160473346710205,5722900
2023-01-05,3.619999885559082,3.690000057220459,3.5,3.569999933242798,3.134136199951172,5949000
2023-01-06,3.5799999237060547,3.740000009536743,3.509999990463257,3.5899999141693115,3.1516942977905273,7025600
2023-01-09,3.5299999713897705,3.9100000858306885,3.4600000381469727,3.799999952316284,3.336055278778076,6961700
2023-01-10,3.7799999713897705,3.8399999141693115,3.5899999141693115,3.809999942779541,3.344834327697754,7860400
2023-01-11,3.809999942779541,3.890000104904175,3.6600000858306885,3.890000104904175,3.415067195892334,4315200
2023-01-12,3.859999895095825,4.139999866485596,3.75,3.9100000858306885,3.4326255321502686,5892400
2023-01-13,3.869999885559082,3.9000000953674316,3.75,3.7799999713897705,3.3184971809387207,4118600
2023-01-16,3.75,3.809999942779541,3.700000047683716,3.7100000381469727,3.2570436000823975,3335600
2023-01-17,3.7100000381469727,3.799999952316284,3.6600000858306885,3.700000047683716,3.2482645511627197,3339300
2023-01-18,3.759999990463257,4.210000038146973,3.75,4.130000114440918,3.625765562057495,13729800
2023-01-19,4.059999942779541,4.210000038146973,4.03000020980835,4.199999809265137,3.6872189044952393,4871600
2023-01-20,4.199999809265137,4.300000190734863,4.139999866485596,4.159999847412109,3.652102470397949,1901400
2023-01-23,4.150000095367432,4.340000152587891,4.119999885559082,4.230000019073486,3.7135562896728516,3047500
2023-01-24,4.239999771118164,4.349999904632568,4.170000076293945,4.199999809265137,3.6872189044952393,2317100
2023-01-25,4.170000076293945,4.420000076293945,4.099999904632568,4.28000020980835,3.7574520111083984,2682500
2023-01-26,4.28000020980835,4.340000152587891,4.130000114440918,4.150000095367432,3.6433236598968506,2117500
2023-01-27,4.179999828338623,4.190000057220459,4.039999961853027,4.090000152587891,3.590649127960205,2637400
2023-01-30,4.119999885559082,4.159999847412109,4.03000020980835,4.079999923706055,3.5818698406219482,2143800
2023-01-31,4.099999904632568,4.510000228881836,4.010000228881836,4.420000076293945,3.880359172821045,6594900
2023-02-01,4.409999847412109,4.590000152587891,4.21999979019165,4.53000020980835,3.9769294261932373,5726000
2023-02-02,4.5,4.730000019073486,4.460000038146973,4.539999961853027,3.985708236694336,4876500
2023-02-03,4.539999961853027,4.539999961853027,4.050000190734863,4.050000190734863,3.555532932281494,4191900
2023-02-06,4.079999923706055,4.090000152587891,3.8399999141693115,3.930000066757202,3.450183629989624,5976100
2023-02-07,3.9100000858306885,4.019999980926514,3.880000114440918,3.890000104904175,3.415067195892334,4550900
2023-02-08,3.9100000858306885,4.03000020980835,3.8499999046325684,4.010000228881836,3.520416498184204,6375500
2023-02-09,4.019999980926514,4.199999809265137,3.950000047683716,3.9600000381469727,3.4765207767486572,5470400
2023-02-10,3.950000047683716,4.130000114440918,3.859999895095825,4.099999904632568,3.5994279384613037,4651900
2023-02-13,4.110000133514404,4.130000114440918,4.010000228881836,4.019999980926514,3.5291953086853027,3451500
2023-02-14,4.03000020980835,4.090000152587891,3.690000057220459,3.7100000381469727,3.2570436000823975,6142300
2023-02-15,3.680000066757202,3.869999885559082,3.5999999046325684,3.7100000381469727,3.2570436000823975,5317200
2023-02-16,3.7100000381469727,3.8399999141693115,3.6600000858306885,3.799999952316284,3.336055278778076,4486500
2023-02-17,3.7799999713897705,3.8399999141693115,3.7200000286102295,3.75,3.2921597957611084,3027100
2023-02-22,3.740000009536743,3.75,3.5799999237060547,3.75,3.2921597957611084,3574900
2023-02-23,3.75,3.890000104904175,3.640000104904175,3.7200000286102295,3.265822649002075,4625000
2023-02-24,3.690000057220459,3.759999990463257,3.5299999713897705,3.5399999618530273,3.1077988147735596,3841800
2023-02-27,3.5399999618530273,3.5799999237060547,3.359999895095825,3.369999885559082,2.958554267883301,4453800
2023-02-28,3.390000104904175,3.4100000858306885,3.190000057220459,3.190000057220459,2.8005306720733643,6041000
2023-03-01,3.190000057220459,3.25,3.130000114440918,3.200000047683716,2.809309720993042,8876300
2023-03-02,3.2100000381469727,3.2799999713897705,3.1700000762939453,3.2300000190734863,2.8356471061706543,3635000
2023-03-03,3.2300000190734863,3.3499999046325684,3.2100000381469727,3.25,2.8532052040100098,2393200
2023-03-06,3.259999990463257,3.3399999141693115,3.2300000190734863,3.2799999713897705,2.879542589187622,2925600
2023-03-07,3.259999990463257,3.390000104904175,3.240000009536743,3.2699999809265137,2.8707633018493652,3258700
2023-03-08,3.259999990463257,3.809999942779541,3.259999990463257,3.700000047683716,3.2482645511627197,8304500
2023-03-09,3.6700000762939453,3.930000066757202,3.6600000858306885,3.8299999237060547,3.3623926639556885,6716200
2023-03-10,3.8399999141693115,3.859999895095825,3.640000104904175,3.819999933242798,3.3536133766174316,5849800
2023-03-13,3.7899999618530273,4.03000020980835,3.7100000381469727,3.950000047683716,3.4677417278289795,7442900
2023-03-14,3.9700000286102295,4.019999980926514,3.7200000286102295,3.75,3.2921597957611084,7787700
2023-03-15,3.690000057220459,3.9100000858306885,3.619999885559082,3.859999895095825,3.3887298107147217,5050000
2023-03-16,3.8399999141693115,4.099999904632568,3.8399999141693115,4.090000152587891,3.590649127960205,5855000
2023-03-17,4.039999961853027,4.039999961853027,3.809999942779541,3.9700000286102295,3.485300064086914,3810100
2023-03-20,3.950000047683716,4.0,3.7699999809265137,3.7699999809265137,3.309718132019043,3262700
2023-03-21,3.7799999713897705,3.8499999046325684,3.6500000953674316,3.6600000858306885,3.2131481170654297,2732200
2023-03-22,3.6600000858306885,3.799999952316284,3.609999895095825,3.619999885559082,3.1780316829681396,4395300
2023-03-23,3.640000104904175,3.6500000953674316,3.1700000762939453,3.240000009536743,2.844426155090332,5905100
2023-03-24,3.299999952316284,3.380000114440918,3.1600000858306885,3.3399999141693115,2.9322168827056885,6526000
2023-03-27,3.3499999046325684,3.4200000762939453,3.2300000190734863,3.309999942779541,2.9058797359466553,5016400
2023-03-28,2.9600000381469727,3.1600000858306885,2.7200000286102295,2.7200000286102295,2.387913227081299,28065900
2023-03-29,2.75,2.7699999809265137,2.390000104904175,2.430000066757202,2.133319616317749,24110000
2023-03-30,2.5,2.680000066757202,2.4800000190734863,2.509999990463257,2.20355224609375,23587000
2023-03-31,2.559999942779541,2.5899999141693115,2.450000047683716,2.509999990463257,2.20355224609375,14397300
2023-04-03,2.5399999618530273,2.5399999618530273,2.299999952316284,2.359999895095825,2.0718657970428467,11224400
2023-04-04,2.380000114440918,2.4200000762939453,2.319999933242798,2.359999895095825,2.0718657970428467,7737900
2023-04-05,2.390000104904175,2.4000000953674316,2.2799999713897705,2.2899999618530273,2.0104122161865234,8968900
2023-04-06,2.299999952316284,2.319999933242798,2.1600000858306885,2.1700000762939453,1.905063271522522,10054600
2023-04-10,2.1600000858306885,2.25,2.130000114440918,2.1500000953674316,1.887505054473877,10284100
2023-04-11,2.180000066757202,2.430000066757202,2.180000066757202,2.4200000762939453,2.1245405673980713,16575000
2023-04-12,2.450000047683716,2.509999990463257,2.309999942779541,2.4200000762939453,2.1245405673980713,17307300
2023-04-13,2.4200000762939453,2.5899999141693115,2.390000104904175,2.509999990463257,2.20355224609375,10942600
2023-04-14,2.509999990463257,2.5999999046325684,2.450000047683716,2.5399999618530273,2.2298896312713623,8209500
2023-04-17,2.549999952316284,2.5899999141693115,2.490000009536743,2.490000009536743,2.1859941482543945,7063000
2023-04-18,2.509999990463257,2.5399999618530273,2.3499999046325684,2.390000104904175,2.098203420639038,10503700
2023-04-19,2.369999885559082,2.390000104904175,2.1700000762939453,2.180000066757202,1.9138423204421997,9958600
2023-04-20,2.190000057220459,2.240000009536743,2.1500000953674316,2.2200000286102295,1.9489586353302002,7871200
2023-04-24,2.190000057220459,2.240000009536743,2.1700000762939453,2.180000066757202,1.9138423204421997,5839800
2023-04-25,2.190000057220459,2.240000009536743,2.0999999046325684,2.180000066757202,1.9138423204421997,8078000
2023-04-26,2.190000057220459,2.259999990463257,2.1500000953674316,2.2100000381469727,1.9401795864105225,7162100
2023-04-27,2.2200000286102295,2.319999933242798,2.190000057220459,2.2799999713897705,2.0016331672668457,7507100
2023-04-28,2.299999952316284,2.3299999237060547,2.200000047683716,2.309999942779541,2.027970552444458,10587500
2023-05-02,2.299999952316284,2.309999942779541,2.0899999141693115,2.0899999141693115,1.834830403327942,12143500
2023-05-03,2.069999933242798,2.0899999141693115,2.009999990463257,2.0199999809265137,1.7733768224716187,11465800
2023-05-04,2.0299999713897705,2.130000114440918,2.0299999713897705,2.059999942779541,1.8084931373596191,9781300
2023-05-05,2.059999942779541,2.2200000286102295,2.0299999713897705,2.1600000858306885,1.8962842226028442,13757200
2023-05-08,2.190000057220459,2.2899999618530273,2.190000057220459,2.200000047683716,1.9314005374908447,8167400
2023-05-09,2.180000066757202,2.3399999141693115,2.180000066757202,2.2300000190734863,1.9577378034591675,8680600
2023-05-10,2.2799999713897705,2.430000066757202,2.259999990463257,2.319999933242798,2.0367496013641357,19976600
2023-05-11,2.309999942779541,2.490000009536743,2.2899999618530273,2.450000047683716,2.1508779525756836,13503200
2023-05-12,2.509999990463257,2.5799999237060547,2.430000066757202,2.4800000190734863,2.177215099334717,14323400
2023-05-15,2.5,2.630000114440918,2.4700000286102295,2.4800000190734863,2.177215099334717,13531600
2023-05-16,2.390000104904175,2.430000066757202,2.259999990463257,2.2699999809265137,1.992854118347168,16725300
2023-05-17,2.2799999713897705,2.4700000286102295,2.2699999809265137,2.4600000381469727,2.1596570014953613,9387000
2023-05-18,2.4800000190734863,2.75,2.4700000286102295,2.740000009536743,2.4054715633392334,23040800
2023-05-19,2.75,2.8499999046325684,2.7100000381469727,2.75,2.414250612258911,9194000
2023-05-22,2.7699999809265137,2.9600000381469727,2.7200000286102295,2.9100000858306885,2.554716110229492,14628500
2023-05-23,2.930000066757202,2.9600000381469727,2.8399999141693115,2.880000114440918,2.528378963470459,8067100
2023-05-24,2.8399999141693115,2.9000000953674316,2.809999942779541,2.859999895095825,2.5108206272125244,6241700
2023-05-25,2.9000000953674316,3.0199999809265137,2.890000104904175,2.930000066757202,2.5722742080688477,8656600
2023-05-26,2.940000057220459,2.9700000286102295,2.859999895095825,2.940000057220459,2.5810534954071045,8266400
2023-05-29,2.9200000762939453,3.059999942779541,2.9000000953674316,3.009999990463257,2.6425070762634277,6159700
2023-05-30,3.0199999809265137,3.119999885559082,2.9100000858306885,3.0,2.63372802734375,10297400
2023-05-31,3.0,3.069999933242798,2.940000057220459,2.990000009536743,2.624948740005493,19481400
2023-06-01,3.009999990463257,3.2300000190734863,3.0,3.2200000286102295,2.8268680572509766,12319200
2023-06-02,3.259999990463257,3.4600000381469727,3.2200000286102295,3.430000066757202,3.0112290382385254,13452300
2023-06-05,3.430000066757202,3.619999885559082,3.4000000953674316,3.559999942779541,3.125357151031494,10531500
2023-06-06,3.6500000953674316,3.680000066757202,3.5899999141693115,3.6700000762939453,3.2219271659851074,8077500
2023-06-07,3.6700000762939453,3.8399999141693115,3.630000114440918,3.809999942779541,3.344834327697754,12539700
2023-06-09,3.8499999046325684,3.9700000286102295,3.7699999809265137,3.8399999141693115,3.371171712875366,7938700
2023-06-12,3.869999885559082,3.930000066757202,3.7699999809265137,3.859999895095825,3.3887298107147217,5006100
2023-06-13,3.869999885559082,3.890000104904175,3.630000114440918,3.640000104904175,3.195590019226074,8947500
2023-06-14,3.680000066757202,3.799999952316284,3.609999895095825,3.75,3.2921597957611084,9940500
2023-06-15,3.7899999618530273,3.9000000953674316,3.740000009536743,3.869999885559082,3.3975088596343994,7358100
2023-06-16,3.880000114440918,4.130000114440918,3.8499999046325684,4.130000114440918,3.625765562057495,11585200
2023-06-19,4.119999885559082,4.349999904632568,4.039999961853027,4.300000190734863,3.775010108947754,7511400
2023-06-20,4.289999961853027,4.400000095367432,4.139999866485596,4.400000095367432,3.8628010749816895,11563700
2023-06-21,4.400000095367432,4.559999942779541,4.369999885559082,4.489999771118164,3.941812515258789,11007000
2023-06-22,4.389999866485596,4.429999828338623,4.010000228881836,4.179999828338623,3.669660806655884,17131500
2023-06-23,4.150000095367432,4.25,4.039999961853027,4.139999866485596,3.6345443725585938,7503300
2023-06-26,4.150000095367432,4.190000057220459,3.9200000762939453,3.9200000762939453,3.4414045810699463,5601500
2023-06-27,3.9700000286102295,4.039999961853027,3.7899999618530273,3.8499999046325684,3.379950761795044,6302000
2023-06-28,3.869999885559082,3.9800000190734863,3.809999942779541,3.869999885559082,3.3975088596343994,5077800
2023-06-29,3.859999895095825,4.179999828338623,3.8499999046325684,4.130000114440918,3.625765562057495,8684100
2023-06-30,4.179999828338623,4.369999885559082,4.130000114440918,4.190000057220459,3.6784400939941406,9787900
2023-07-03,4.25,4.28000020980835,4.099999904632568,4.159999847412109,3.652102470397949,5557900
2023-07-04,4.159999847412109,4.329999923706055,4.079999923706055,4.28000020980835,3.7574520111083984,4708500
2023-07-05,4.269999980926514,4.659999847412109,4.25,4.449999809265137,3.906696319580078,10558000
2023-07-06,4.389999866485596,4.389999866485596,3.9700000286102295,4.03000020980835,3.5379745960235596,16731000
2023-07-07,4.059999942779541,4.300000190734863,3.990000009536743,4.199999809265137,3.6872189044952393,12162900
2023-07-10,4.179999828338623,4.289999961853027,4.170000076293945,4.199999809265137,3.6872189044952393,3572400
2023-07-11,4.190000057220459,4.230000019073486,3.9800000190734863,4.230000019073486,3.7135562896728516,6581600
2023-07-12,4.400000095367432,4.429999828338623,4.110000133514404,4.110000133514404,3.6082074642181396,5739800
2023-07-13,4.139999866485596,4.150000095367432,3.940000057220459,4.010000228881836,3.520416498184204,8892000
2023-07-14,4.019999980926514,4.039999961853027,3.869999885559082,3.940000057220459,3.4589626789093018,3795500
2023-07-17,3.9000000953674316,4.099999904632568,3.890000104904175,4.039999961853027,3.5467536449432373,4543800
2023-07-18,4.03000020980835,4.309999942779541,3.9700000286102295,4.260000228881836,3.739893913269043,6395600
2023-07-19,4.230000019073486,4.389999866485596,4.21999979019165,4.260000228881836,3.739893913269043,4244000
2023-07-20,4.300000190734863,4.300000190734863,4.150000095367432,4.199999809265137,3.6872189044952393,3502900
2023-07-21,4.199999809265137,4.460000038146973,4.179999828338623,4.380000114440918,3.845242738723755,6427900
2023-07-24,4.380000114440918,4.550000190734863,4.340000152587891,4.550000190734863,3.9944875240325928,5240000
2023-07-25,4.610000133514404,4.949999809265137,4.610000133514404,4.820000171661377,4.231523036956787,11379600
2023-07-26,4.800000190734863,4.800000190734863,4.480000019073486,4.71999979019165,4.143731594085693,8236300
2023-07-27,4.730000019073486,4.789999961853027,4.570000171661377,4.630000114440918,4.064720153808594,4466500
2023-07-28,4.630000114440918,4.789999961853027,4.630000114440918,4.699999809265137,4.126173496246338,3874200
2023-07-31,4.760000228881836,4.900000095367432,4.71999979019165,4.809999942779541,4.222743511199951,7522500
2023-08-01,4.789999961853027,4.889999866485596,4.619999885559082,4.849999904632568,4.25786018371582,7656800
2023-08-02,4.849999904632568,5.010000228881836,4.75,4.800000190734863,4.213964939117432,7498600
2023-08-03,4.909999847412109,5.059999942779541,4.800000190734863,4.800000190734863,4.213964939117432,7820400
2023-08-04,4.760000228881836,4.960000038146973,4.75,4.75,4.170069217681885,3107700
2023-08-07,4.769999980926514,4.869999885559082,4.630000114440918,4.809999942779541,4.222743511199951,3484100
2023-08-08,4.769999980926514,5.039999961853027,4.659999847412109,4.980000019073486,4.371988296508789,5245400
2023-08-09,4.980000019073486,5.039999961853027,4.650000095367432,4.710000038146973,4.134953022003174,5620200
2023-08-10,4.739999771118164,4.769999980926514,4.53000020980835,4.699999809265137,4.126173496246338,4514700
2023-08-11,4.699999809265137,4.909999847412109,4.679999828338623,4.800000190734863,4.213964939117432,4946200
2023-08-14,4.590000152587891,4.599999904632568,3.759999990463257,3.890000104904175,3.415067195892334,39911200
2023-08-15,3.9100000858306885,3.990000009536743,3.640000104904175,3.7899999618530273,3.3272762298583984,20986200
2023-08-16,3.8299999237060547,3.9800000190734863,3.75,3.75,3.2921597957611084,10206200
2023-08-17,3.809999942779541,3.859999895095825,3.6700000762939453,3.809999942779541,3.344834327697754,12445600
2023-08-18,3.7899999618530273,3.9100000858306885,3.75,3.890000104904175,3.415067195892334,10204600
2023-08-21,3.9000000953674316,3.9000000953674316,3.7899999618530273,3.8399999141693115,3.371171712875366,7876600
2023-08-22,3.869999885559082,4.03000020980835,3.8399999141693115,4.019999980926514,3.5291953086853027,8164500
2023-08-23,4.050000190734863,4.130000114440918,3.930000066757202,3.990000009536743,3.5028581619262695,14555400
2023-08-24,3.9800000190734863,3.990000009536743,3.8399999141693115,3.880000114440918,3.4062881469726562,5742500
2023-08-25,3.890000104904175,3.890000104904175,3.6600000858306885,3.680000066757202,3.230706214904785,8618800
2023-08-28,3.819999933242798,3.9700000286102295,3.7899999618530273,3.809999942779541,3.344834327697754,19924900
2023-08-29,3.819999933242798,3.9200000762939453,3.740000009536743,3.8399999141693115,3.371171712875366,7090500
2023-08-30,3.8299999237060547,3.890000104904175,3.7200000286102295,3.7799999713897705,3.3184971809387207,5316800
2023-08-31,3.7799999713897705,3.819999933242798,3.5999999046325684,3.640000104904175,3.195590019226074,7425500
2023-09-01,3.680000066757202,3.8399999141693115,3.680000066757202,3.799999952316284,3.336055278778076,8296000
2023-09-04,3.809999942779541,3.8299999237060547,3.619999885559082,3.630000114440918,3.1868109703063965,6990700
2023-09-05,3.5999999046325684,3.5999999046325684,3.2899999618530273,3.3399999141693115,2.9322168827056885,13365100
2023-09-06,3.3499999046325684,3.4700000286102295,3.3499999046325684,3.4100000858306885,2.993670701980591,10639600
2023-09-08,3.369999885559082,3.430000066757202,3.309999942779541,3.309999942779541,2.9058797359466553,4980300
2023-09-11,3.359999895095825,3.450000047683716,3.3499999046325684,3.390000104904175,2.9761126041412354,7966400
2023-09-12,3.4000000953674316,3.509999990463257,3.369999885559082,3.4600000381469727,3.0375661849975586,5784700
2023-09-13,3.4800000190734863,3.5799999237060547,3.4200000762939453,3.5,3.0726826190948486,4133600
2023-09-14,3.5299999713897705,3.640000104904175,3.4800000190734863,3.5899999141693115,3.1516942977905273,4250500
2023-09-15,3.609999895095825,3.619999885559082,3.3299999237060547,3.5299999713897705,3.099019765853882,9985600
2023-09-18,3.549999952316284,3.5999999046325684,3.4100000858306885,3.4100000858306885,2.993670701980591,5142300
2023-09-19,3.4000000953674316,3.490000009536743,3.3499999046325684,3.4200000762939453,3.0024499893188477,4777100
2023-09-20,3.440000057220459,3.5899999141693115,3.440000057220459,3.440000057220459,3.020008087158203,4362800
2023-09-21,3.3499999046325684,3.3499999046325684,3.059999942779541,3.059999942779541,2.6864023208618164,15258300
2023-09-22,3.0999999046325684,3.109999895095825,2.6600000858306885,2.690000057220459,2.3615760803222656,26411100
2023-09-25,2.5999999046325684,2.690000057220459,2.490000009536743,2.690000057220459,2.3615760803222656,16511100
2023-09-26,2.6600000858306885,2.8299999237060547,2.6500000953674316,2.690000057220459,2.3615760803222656,12828400
2023-09-27,2.7200000286102295,2.8399999141693115,2.609999895095825,2.640000104904175,2.317680597305298,10541900
2023-09-28,2.5999999046325684,2.9100000858306885,2.5999999046325684,2.9100000858306885,2.554716110229492,12539700
2023-09-29,2.930000066757202,3.180000066757202,2.930000066757202,3.069999933242798,2.6951816082000732,16371900
2023-10-02,3.049999952316284,3.0999999046325684,2.950000047683716,3.069999933242798,2.6951816082000732,10614000
2023-10-03,3.0299999713897705,3.069999933242798,2.8499999046325684,2.890000104904175,2.5371580123901367,8998000
2023-10-04,2.890000104904175,2.9600000381469727,2.7300000190734863,2.809999942779541,2.4669251441955566,12591600
2023-10-05,2.8299999237060547,2.930000066757202,2.759999990463257,2.7799999713897705,2.4405877590179443,7492100
2023-10-06,2.7100000381469727,2.75,2.559999942779541,2.700000047683716,2.3703551292419434,11195700
2023-10-09,2.6600000858306885,2.7300000190734863,2.5799999237060547,2.7300000190734863,2.3966925144195557,7985400
2023-10-10,2.759999990463257,2.9800000190734863,2.75,2.9700000286102295,2.6073906421661377,9371600
2023-10-11,2.9800000190734863,3.049999952316284,2.940000057220459,3.009999990463257,2.6425070762634277,6560200
2023-10-13,2.9700000286102295,3.0299999713897705,2.880000114440918,2.940000057220459,2.5810534954071045,7197300
2023-10-16,2.9700000286102295,3.1600000858306885,2.9700000286102295,3.1500000953674316,2.7654144763946533,9247200
2023-10-17,3.0999999046325684,3.240000009536743,2.990000009536743,3.0199999809265137,2.6512861251831055,8117900
2023-10-18,3.0,3.0199999809265137,2.7699999809265137,2.799999952316284,2.458146095275879,7750600
2023-10-19,2.7799999713897705,2.940000057220459,2.6700000762939453,2.690000057220459,2.3615760803222656,10796300
2023-10-20,2.6600000858306885,2.7300000190734863,2.640000104904175,2.6600000858306885,2.3352389335632324,7404700
2023-10-23,2.6600000858306885,2.8299999237060547,2.6500000953674316,2.7899999618530273,2.449366807937622,6259100
2023-10-24,2.8499999046325684,2.9000000953674316,2.7699999809265137,2.880000114440918,2.528378963470459,5307100
2023-10-25,2.869999885559082,2.9700000286102295,2.640000104904175,2.690000057220459,2.3615760803222656,11656200
2023-10-26,2.7100000381469727,2.8399999141693115,2.700000047683716,2.8399999141693115,2.49326229095459,6411900
2023-10-27,2.8299999237060547,2.859999895095825,2.6600000858306885,2.7200000286102295,2.387913227081299,6627300
2023-10-30,2.759999990463257,2.7799999713897705,2.569999933242798,2.5999999046325684,2.282564163208008,6041000
2023-10-31,2.630000114440918,2.6500000953674316,2.559999942779541,2.5999999046325684,2.282564163208008,4943500
2023-11-01,2.630000114440918,2.7300000190734863,2.5999999046325684,2.680000066757202,2.352797031402588,7750300
2023-11-03,2.7799999713897705,3.0,2.7699999809265137,2.990000009536743,2.624948740005493,11074100
2023-11-06,3.0199999809265137,3.0999999046325684,2.7100000381469727,2.759999990463257,2.423029661178589,9685900
2023-11-07,2.7200000286102295,2.940000057220459,2.7200000286102295,2.9200000762939453,2.56349515914917,8657500
2023-11-08,2.9100000858306885,3.0199999809265137,2.869999885559082,3.009999990463257,2.6425070762634277,7291700
2023-11-09,3.059999942779541,3.2100000381469727,2.990000009536743,3.1500000953674316,2.7654144763946533,9334200
2023-11-10,3.440000057220459,3.509999990463257,3.309999942779541,3.4100000858306885,2.993670701980591,28104000
2023-11-13,3.3499999046325684,3.4800000190734863,3.200000047683716,3.3499999046325684,2.9409961700439453,11273100
2023-11-14,3.380000114440918,3.6500000953674316,3.359999895095825,3.440000057220459,3.020008087158203,16837300
2023-11-16,3.450000047683716,3.5899999141693115,3.4200000762939453,3.559999942779541,3.125357151031494,8864700
2023-11-17,3.5899999141693115,3.619999885559082,3.4200000762939453,3.5999999046325684,3.160473346710205,5117800
2023-11-20,3.640000104904175,3.640000104904175,3.549999952316284,3.5999999046325684,3.160473346710205,2716100
2023-11-21,3.569999933242798,3.609999895095825,3.450000047683716,3.5999999046325684,3.160473346710205,5396300
2023-11-22,3.6600000858306885,3.9100000858306885,3.5799999237060547,3.75,3.2921597957611084,15289500
2023-11-23,3.799999952316284,3.990000009536743,3.7699999809265137,3.8499999046325684,3.379950761795044,6972300
2023-11-24,3.8499999046325684,3.880000114440918,3.7100000381469727,3.7200000286102295,3.265822649002075,5269100
2023-11-27,3.7799999713897705,3.8499999046325684,3.700000047683716,3.7799999713897705,3.3184971809387207,6951600
2023-11-28,3.75,3.8499999046325684,3.6700000762939453,3.8299999237060547,3.3623926639556885,5831200
2023-11-29,3.8499999046325684,3.930000066757202,3.809999942779541,3.8299999237060547,3.3623926639556885,4917100
2023-11-30,3.880000114440918,3.9700000286102295,3.809999942779541,3.9700000286102295,3.485300064086914,8706800
2023-12-01,3.9700000286102295,3.9800000190734863,3.619999885559082,3.890000104904175,3.415067195892334,16827500
2023-12-04,3.859999895095825,3.859999895095825,3.5999999046325684,3.6500000953674316,3.204369068145752,9161300
2023-12-05,3.6500000953674316,3.930000066757202,3.619999885559082,3.890000104904175,3.415067195892334,11180500
2023-12-06,3.930000066757202,3.990000009536743,3.890000104904175,3.9200000762939453,3.4414045810699463,11558400
2023-12-07,3.9200000762939453,4.199999809265137,3.859999895095825,4.199999809265137,3.6872189044952393,19644800
2023-12-08,4.300000190734863,4.329999923706055,4.039999961853027,4.239999771118164,3.7223353385925293,12799300
2023-12-11,4.230000019073486,4.289999961853027,4.130000114440918,4.190000057220459,3.6784400939941406,5800500
2023-12-12,4.199999809265137,4.269999980926514,4.150000095367432,4.25,3.731114625930786,5762000
2023-12-13,4.28000020980835,4.539999961853027,4.25,4.539999961853027,3.985708236694336,6957300
2023-12-14,4.599999904632568,4.630000114440918,4.449999809265137,4.449999809265137,3.906696319580078,6532200
2023-12-15,4.440000057220459,4.5,4.340000152587891,4.349999904632568,3.8189053535461426,5695300
2023-12-18,4.360000133514404,4.400000095367432,4.269999980926514,4.360000133514404,3.8276846408843994,5098200
2023-12-19,4.400000095367432,4.590000152587891,4.380000114440918,4.429999828338623,3.8891379833221436,5839500
2023-12-20,4.460000038146973,4.46999979019165,4.300000190734863,4.320000171661377,3.7925684452056885,8357500
2023-12-21,4.369999885559082,4.400000095367432,4.289999961853027,4.300000190734863,3.775010108947754,7441100
2023-12-22,4.300000190734863,4.550000190734863,4.269999980926514,4.53000020980835,3.9769294261932373,6787600
2023-12-26,4.550000190734863,4.590000152587891,4.429999828338623,4.449999809265137,3.906696319580078,4523600
2023-12-27,4.409999847412109,4.510000228881836,4.400000095367432,4.489999771118164,3.941812515258789,2868100
2023-12-28,4.46999979019165,4.489999771118164,4.380000114440918,4.460000038146973,3.915475606918335,4870700
