Date,Open,High,Low,Close,Adj Close,Volume
2010-01-04,14.899999618530273,15.0,14.850000381469727,14.949999809265137,5.51460075378418,7249400
2010-01-05,15.050000190734863,15.050000190734863,14.595000267028809,14.800000190734863,5.459264755249023,6129800
2010-01-06,14.744999885559082,15.0,14.710000038146973,14.819999694824219,5.466645240783691,5466200
2010-01-07,14.720000267028809,14.854999542236328,14.704999923706055,14.824999809265137,5.46848726272583,3084400
2010-01-08,14.850000381469727,14.90999984741211,14.734999656677246,14.90999984741211,5.499843597412109,4077800
2010-01-11,14.989999771118164,15.03499984741211,14.8100004196167,15.024999618530273,5.54226016998291,4825600
2010-01-12,14.925000190734863,15.225000381469727,14.859999656677246,14.899999618530273,5.496155738830566,5352000
2010-01-13,15.0,15.140000343322754,14.75,15.09000015258789,5.566238880157471,4948200
2010-01-14,14.970000267028809,15.045000076293945,14.774999618530273,14.875,5.486930847167969,3386600
2010-01-15,14.824999809265137,14.975000381469727,14.545000076293945,14.625,5.394715309143066,4405800
2010-01-18,14.75,14.770000457763672,14.630000114440918,14.630000114440918,5.39655876159668,1768000
2010-01-19,14.5649995803833,14.930000305175781,14.515000343322754,14.875,5.486930847167969,3276200
2010-01-20,14.755000114440918,14.8100004196167,13.920000076293945,14.430000305175781,5.322784900665283,7134600
2010-01-21,14.5,14.515000343322754,13.930000305175781,14.194999694824219,5.236100196838379,6494200
2010-01-22,13.970000267028809,14.350000381469727,13.970000267028809,14.270000457763672,5.26377010345459,5010400
2010-01-26,14.0,14.100000381469727,13.755000114440918,13.885000228881836,5.121754169464111,7566000
2010-01-27,13.854999542236328,14.0,13.600000381469727,13.774999618530273,5.081175327301025,6057000
2010-01-28,13.949999809265137,13.994999885559082,13.5649995803833,13.800000190734863,5.090397357940674,9772200
2010-01-29,13.854999542236328,14.229999542236328,13.835000038146973,14.050000190734863,5.182616710662842,7035400
2010-02-01,14.180000305175781,15.010000228881836,14.175000190734863,15.0,5.5330424308776855,15749600
2010-02-02,15.085000038146973,15.375,14.914999961853027,15.300000190734863,5.643702030181885,10565400
2010-02-03,15.109999656677246,15.25,14.829999923706055,14.925000190734863,5.50537633895874,5281200
2010-02-04,14.800000190734863,14.819999694824219,14.300000190734863,14.649999618530273,5.40393590927124,5827600
2010-02-05,14.430000305175781,14.600000381469727,13.649999618530273,13.949999809265137,5.145730018615723,12696800
2010-02-08,13.854999542236328,14.210000038146973,13.854999542236328,14.125,5.210280418395996,6896600
2010-02-09,14.300000190734863,15.300000190734863,14.279999732971191,14.829999923706055,5.470332145690918,10308600
2010-02-10,15.024999618530273,15.204999923706055,14.75,15.199999809265137,5.606816291809082,6646400
2010-02-11,15.079999923706055,15.579999923706055,15.0,15.510000228881836,5.721162796020508,7639200
2010-02-12,15.345000267028809,15.385000228881836,14.975000381469727,15.25,5.625258922576904,5863000
2010-02-17,15.449999809265137,15.5649995803833,15.1899995803833,15.1899995803833,5.60312557220459,4860000
2010-02-18,15.21500015258789,15.359999656677246,15.135000228881836,15.324999809265137,5.652923107147217,5779800
2010-02-19,15.194999694824219,15.489999771118164,15.074999809265137,15.354999542236328,5.663992404937744,10088200
2010-02-22,15.425000190734863,15.470000267028809,15.25,15.300000190734863,5.643702030181885,6852800
2010-02-23,15.154999732971191,15.274999618530273,15.010000228881836,15.09000015258789,5.566238880157471,8092400
2010-02-24,15.055000305175781,15.225000381469727,14.975000381469727,15.225000381469727,5.616039752960205,8086200
2010-02-25,14.925000190734863,15.079999923706055,14.8100004196167,15.0,5.5330424308776855,10110200
2010-02-26,14.895000457763672,14.994999885559082,14.630000114440918,14.885000228881836,5.577669143676758,6047200
2010-03-01,14.944999694824219,15.03499984741211,14.800000190734863,15.0,5.620761871337891,6124600
2010-03-02,15.020000457763672,15.095000267028809,14.8149995803833,14.8149995803833,5.5514397621154785,7696800
2010-03-03,14.854999542236328,14.975000381469727,14.625,14.710000038146973,5.512093544006348,7248400
2010-03-04,14.78499984741211,14.800000190734863,14.550000190734863,14.699999809265137,5.508347988128662,4259600
2010-03-05,14.850000381469727,14.949999809265137,14.765000343322754,14.899999618530273,5.5832929611206055,3713200
2010-03-08,14.970000267028809,14.984999656677246,14.6899995803833,14.6899995803833,5.504599571228027,6286800
2010-03-09,14.645000457763672,15.03499984741211,14.635000228881836,14.949999809265137,5.602025985717773,7016200
2010-03-10,15.0,15.135000228881836,14.975000381469727,15.100000381469727,5.658234596252441,7207800
2010-03-11,15.0,15.175000190734863,14.930000305175781,15.079999923706055,5.65073823928833,3669200
2010-03-12,15.21500015258789,15.239999771118164,14.949999809265137,14.949999809265137,5.602025985717773,4033600
2010-03-15,14.925000190734863,15.079999923706055,14.880000114440918,15.005000114440918,5.622634410858154,2762200
2010-03-16,15.005000114440918,15.1850004196167,14.994999885559082,15.125,5.667603015899658,3094200
2010-03-17,15.199999809265137,15.28499984741211,14.9350004196167,15.045000076293945,5.637622833251953,4473800
2010-03-18,14.989999771118164,15.050000190734863,14.800000190734863,14.920000076293945,5.590784072875977,5302200
2010-03-19,14.904999732971191,14.970000267028809,14.694999694824219,14.75,5.527083396911621,5349800
2010-03-22,14.6899995803833,14.989999771118164,14.609999656677246,14.8149995803833,5.5514397621154785,4625400
2010-03-23,14.850000381469727,14.875,14.6899995803833,14.75,5.527083396911621,2101200
2010-03-24,14.604999542236328,14.859999656677246,14.604999542236328,14.75,5.527083396911621,3921200
2010-03-25,14.78499984741211,14.864999771118164,14.654999732971191,14.699999809265137,5.546271800994873,4136000
2010-03-26,14.6899995803833,14.885000228881836,14.675000190734863,14.774999618530273,5.5745697021484375,4001200
2010-03-29,14.829999923706055,14.949999809265137,14.800000190734863,14.875,5.612297534942627,4548000
2010-03-30,14.925000190734863,14.960000038146973,14.835000038146973,14.854999542236328,5.604755401611328,3038400
2010-03-31,14.729999542236328,14.925000190734863,14.729999542236328,14.925000190734863,5.631164073944092,5558400
2010-04-01,14.930000305175781,15.039999961853027,14.75,14.899999618530273,5.621732711791992,7195200
2010-04-05,14.949999809265137,15.045000076293945,14.895000457763672,15.0,5.659460544586182,4532400
2010-04-06,14.880000114440918,15.050000190734863,14.880000114440918,15.020000457763672,5.667006015777588,5854400
2010-04-07,14.930000305175781,15.095000267028809,14.869999885559082,14.994999885559082,5.6575727462768555,6624400
2010-04-08,14.854999542236328,15.425000190734863,14.854999542236328,15.3100004196167,5.776423931121826,29498
2010-04-09,15.404999732971191,15.550000190734863,15.260000228881836,15.5,5.848108768463135,7022800
2010-04-12,15.449999809265137,15.649999618530273,15.4399995803833,15.550000190734863,5.866974830627441,10757800
2010-04-13,15.550000190734863,15.595000267028809,15.305000305175781,15.425000190734863,5.819811820983887,3854800
2010-04-14,15.199999809265137,15.34000015258789,14.975000381469727,15.274999618530273,5.763218879699707,14509000
2010-04-15,15.130000114440918,15.489999771118164,15.130000114440918,15.449999809265137,5.8292460441589355,9981800
2010-04-16,15.305000305175781,15.449999809265137,15.175000190734863,15.25,5.753787040710449,8429400
2010-04-19,15.239999771118164,15.350000381469727,14.994999885559082,15.074999809265137,5.687758922576904,4377800
2010-04-20,15.130000114440918,15.199999809265137,14.904999732971191,14.970000267028809,5.6481428146362305,5439400
2010-04-22,14.875,14.890000343322754,14.649999618530273,14.835000038146973,5.597207546234131,6061800
2010-04-23,14.760000228881836,14.96500015258789,14.694999694824219,14.925000190734863,5.631164073944092,5698000
2010-04-26,14.994999885559082,15.069999694824219,14.819999694824219,14.90999984741211,5.6255059242248535,4456400
2010-04-27,14.824999809265137,14.904999732971191,14.399999618530273,14.425000190734863,5.44251012802124,5854200
2010-04-28,14.614999771118164,14.744999885559082,14.444999694824219,14.720000267028809,5.5538153648376465,6145000
2010-04-29,14.710000038146973,15.069999694824219,14.670000076293945,15.0,5.659460544586182,5477200
2010-04-30,14.9350004196167,15.199999809265137,14.805000305175781,14.994999885559082,5.6575727462768555,6275800
2010-05-03,14.835000038146973,15.0,14.765000343322754,14.779999732971191,5.5764546394348145,11776
2010-05-04,14.675000190734863,14.704999923706055,14.005000114440918,14.029999732971191,5.293480396270752,12293800
2010-05-05,14.0,14.390000343322754,13.899999618530273,14.114999771118164,5.325552940368652,5800400
2010-05-06,14.095000267028809,14.199999809265137,13.444999694824219,13.899999618530273,5.244434833526611,9126200
2010-05-07,13.954999923706055,14.0,13.1899995803833,13.8100004196167,5.210478782653809,6344400
2010-05-10,14.265000343322754,14.449999809265137,14.135000228881836,14.25,5.3764872550964355,4842200
2010-05-11,14.045000076293945,14.244999885559082,13.925000190734863,13.949999809265137,5.263301372528076,4831200
2010-05-12,14.050000190734863,14.109999656677246,13.824999809265137,13.930000305175781,5.255753993988037,5430800
2010-05-13,14.085000038146973,14.140000343322754,13.755000114440918,13.755000114440918,5.189724445343018,3483400
2010-05-14,13.720000267028809,13.744999885559082,13.324999809265137,13.324999809265137,5.027486801147461,5599800
2010-05-17,13.329999923706055,13.600000381469727,13.199999809265137,13.600000381469727,5.1312432289123535,5963800
2010-05-18,13.75,13.869999885559082,13.279999732971191,13.444999694824219,5.072763919830322,8537400
2010-05-19,13.28499984741211,13.324999809265137,12.699999809265137,12.979999542236328,4.897317886352539,7857800
2010-05-20,12.75,12.829999923706055,12.510000228881836,12.649999618530273,4.772815704345703,5546000
2010-05-21,12.600000381469727,13.100000381469727,12.524999618530273,13.09000015258789,4.9388203620910645,5887800
2010-05-24,13.005000114440918,13.149999618530273,12.774999618530273,12.890000343322754,4.895698070526123,3986200
2010-05-25,12.5,12.760000228881836,12.359999656677246,12.760000228881836,4.885717391967773,9672400
2010-05-26,12.875,13.1850004196167,12.640000343322754,12.899999618530273,4.9393229484558105,16614000
2010-05-27,13.024999618530273,13.385000228881836,13.0,13.225000381469727,5.063765048980713,8203600
2010-05-28,13.175000190734863,13.180000305175781,12.845000267028809,12.944999694824219,4.9565534591674805,9374800
2010-05-31,13.0,13.0600004196167,12.914999961853027,12.989999771118164,4.973782539367676,3958200
2010-06-01,12.850000381469727,13.319999694824219,12.805000305175781,12.835000038146973,4.914434432983398,5958600
2010-06-02,12.875,13.520000457763672,12.875,13.354999542236328,5.113537311553955,5053000
2010-06-04,13.244999885559082,13.449999809265137,13.09000015258789,13.414999961853027,5.136512756347656,6614800
2010-06-07,13.449999809265137,13.5649995803833,13.104999542236328,13.199999809265137,5.054191589355469,5564200
2010-06-08,13.274999618530273,13.414999961853027,13.15999984741211,13.274999618530273,5.0829081535339355,4559000
2010-06-09,13.350000381469727,13.40999984741211,13.079999923706055,13.125,5.025473117828369,2788800
2010-06-10,13.175000190734863,13.454999923706055,13.175000190734863,13.380000114440918,5.123112678527832,3286400
2010-06-11,13.274999618530273,13.510000228881836,13.199999809265137,13.449999809265137,5.1499128341674805,4288600
2010-06-14,13.550000190734863,13.819999694824219,13.454999923706055,13.75,5.264781951904297,5069400
2010-06-15,13.75,13.819999694824219,13.545000076293945,13.609999656677246,5.211174964904785,4887600
2010-06-16,13.520000457763672,13.859999656677246,13.5,13.694999694824219,5.243721961975098,5025400
2010-06-17,13.744999885559082,13.864999771118164,13.614999771118164,13.619999885559082,5.215004920959473,5767000
2010-06-18,13.755000114440918,13.760000228881836,13.755000114440918,13.760000228881836,5.268608570098877,3000
2010-06-21,13.704999923706055,14.130000114440918,13.704999923706055,14.095000267028809,5.396880626678467,7986200
2010-06-22,14.0600004196167,14.375,14.024999618530273,14.125,5.408365726470947,11241000
2010-06-23,14.100000381469727,14.225000381469727,13.725000381469727,13.854999542236328,5.3049845695495605,9925200
2010-06-24,13.829999923706055,14.010000228881836,13.53499984741211,13.6850004196167,5.239893913269043,11731800
2010-06-25,13.645000457763672,13.835000038146973,13.524999618530273,13.550000190734863,5.188202381134033,7582000
2010-06-28,13.595000267028809,13.649999618530273,13.300000190734863,13.300000190734863,5.09248161315918,11060400
2010-06-29,13.050000190734863,13.125,12.699999809265137,12.75,4.881887912750244,15891400
2010-06-30,12.850000381469727,13.050000190734863,12.300000190734863,12.324999809265137,4.71915864944458,24249000
2010-07-01,12.875,13.354999542236328,12.65999984741211,13.079999923706055,5.008242130279541,62721800
2010-07-02,12.994999885559082,13.395000457763672,12.875,13.25,5.073334217071533,25933800
2010-07-05,13.149999618530273,13.375,13.074999809265137,13.149999618530273,5.035043716430664,15467200
2010-07-06,13.369999885559082,13.475000381469727,13.25,13.475000381469727,5.159487247467041,18267200
2010-07-07,13.4350004196167,13.970000267028809,13.324999809265137,13.875,5.3126444816589355,31311600
2010-07-08,13.800000190734863,14.074999809265137,13.725000381469727,13.845000267028809,5.3011579513549805,25466800
2010-07-12,13.699999809265137,14.164999961853027,13.65999984741211,13.899999618530273,5.322216033935547,14133800
2010-07-13,13.949999809265137,14.329999923706055,13.930000305175781,14.220000267028809,5.4447431564331055,18057000
2010-07-14,14.199999809265137,14.270000457763672,13.890000343322754,14.145000457763672,5.416025638580322,10025600
2010-07-15,14.100000381469727,14.364999771118164,13.954999923706055,14.364999771118164,5.5002617835998535,9076600
2010-07-16,14.300000190734863,14.345000267028809,13.770000457763672,13.954999923706055,5.343275547027588,8159800
2010-07-19,14.005000114440918,14.149999618530273,13.890000343322754,14.100000381469727,5.398795127868652,8023800
2010-07-20,13.96500015258789,14.180000305175781,13.875,14.050000190734863,5.379648685455322,9677600
2010-07-21,14.074999809265137,14.204999923706055,14.010000228881836,14.130000114440918,5.410282135009766,8505400
2010-07-22,14.25,14.649999618530273,14.199999809265137,14.539999961853027,5.567266941070557,18542400
2010-07-23,14.5,14.739999771118164,14.425000190734863,14.739999771118164,5.643845558166504,6756800
2010-07-26,14.574999809265137,14.8100004196167,14.385000228881836,14.524999618530273,5.561523914337158,6963000
2010-07-27,14.645000457763672,14.675000190734863,14.234999656677246,14.350000381469727,5.494518756866455,8695400
2010-07-28,14.414999961853027,14.949999809265137,14.220000267028809,14.949999809265137,5.724254131317139,12328600
2010-07-29,14.920000076293945,15.100000381469727,14.779999732971191,14.949999809265137,5.724254131317139,8008200
2010-07-30,14.850000381469727,15.359999656677246,14.704999923706055,15.270000457763672,5.846778869628906,8636200
2010-08-02,15.25,15.484999656677246,15.175000190734863,15.229999542236328,5.831460952758789,8232600
2010-08-03,15.100000381469727,15.21500015258789,14.800000190734863,14.800000190734863,5.666819095611572,7572600
2010-08-04,14.854999542236328,14.920000076293945,14.600000381469727,14.649999618530273,5.609383583068848,5635600
2010-08-05,14.579999923706055,15.0,14.515000343322754,15.0,5.743398189544678,6110600
2010-08-06,14.899999618530273,15.170000076293945,14.829999923706055,15.170000076293945,5.808489799499512,4883000
2010-08-09,15.125,15.550000190734863,15.125,15.350000381469727,5.8774094581604,11618600
2010-08-10,15.199999809265137,15.329999923706055,15.085000038146973,15.154999732971191,5.802745819091797,8973200
2010-08-11,14.954999923706055,15.039999961853027,14.75,14.850000381469727,5.6859636306762695,8574200
2010-08-12,14.75,15.175000190734863,14.625,15.175000190734863,5.810405254364014,7797400
2010-08-13,15.069999694824219,15.345000267028809,15.050000190734863,15.220000267028809,5.827635288238525,8062600
2010-08-16,15.34000015258789,15.5,15.039999961853027,15.149999618530273,5.800830364227295,7152200
2010-08-17,15.210000038146973,15.210000038146973,14.970000267028809,15.074999809265137,5.772116184234619,9391000
2010-08-18,15.0600004196167,15.0649995803833,14.875,14.960000038146973,5.728082656860352,7987000
2010-08-19,14.75,14.975000381469727,14.5600004196167,14.600000381469727,5.6279826164245605,6685800
2010-08-20,14.510000228881836,14.850000381469727,14.510000228881836,14.8149995803833,5.7108612060546875,6817000
2010-08-23,14.805000305175781,14.845000267028809,14.609999656677246,14.699999809265137,5.666530609130859,4482600
2010-08-24,14.529999732971191,14.569999694824219,14.279999732971191,14.494999885559082,5.587507724761963,7104600
2010-08-25,14.375,14.524999618530273,14.295000076293945,14.494999885559082,5.587507724761963,6172600
2010-08-26,14.524999618530273,14.53499984741211,13.994999885559082,14.100000381469727,5.435243606567383,8753800
2010-08-27,14.074999809265137,14.125,13.899999618530273,14.125,5.444879531860352,14899400
2010-08-30,14.225000381469727,14.225000381469727,13.710000038146973,13.824999809265137,5.329235553741455,27298
2010-08-31,13.845000267028809,14.239999771118164,13.8100004196167,14.239999771118164,5.48921012878418,12039800
2010-09-01,14.399999618530273,14.704999923706055,14.25,14.630000114440918,5.639546871185303,27704
2010-09-02,14.699999809265137,14.704999923706055,14.404999732971191,14.475000381469727,5.579798698425293,6450400
2010-09-03,14.614999771118164,14.635000228881836,14.180000305175781,14.244999885559082,5.491139888763428,6616400
2010-09-06,14.229999542236328,14.274999618530273,14.03499984741211,14.114999771118164,5.4410247802734375,2077000
2010-09-08,14.100000381469727,14.229999542236328,14.0,14.130000114440918,5.446808815002441,4558200
2010-09-09,14.225000381469727,14.239999771118164,14.095000267028809,14.135000228881836,5.4487385749816895,4233400
2010-09-10,14.095000267028809,14.194999694824219,13.954999923706055,14.0,5.396695137023926,4842400
2010-09-13,14.199999809265137,14.505000114440918,14.079999923706055,14.5,5.589432716369629,7551200
2010-09-14,14.5,14.755000114440918,14.454999923706055,14.675000190734863,5.656894683837891,8590600
2010-09-15,14.600000381469727,14.829999923706055,14.574999809265137,14.805000305175781,5.707005023956299,6048600
2010-09-16,14.6899995803833,14.800000190734863,14.635000228881836,14.75,5.685807228088379,5338600
2010-09-17,14.710000038146973,14.734999656677246,14.520000457763672,14.579999923706055,5.620275020599365,6628200
2010-09-20,14.579999923706055,14.895000457763672,14.579999923706055,14.895000457763672,5.741698265075684,5632400
2010-09-21,14.854999542236328,15.0,14.774999618530273,15.0,5.782174110412598,13054200
2010-09-22,14.899999618530273,15.204999923706055,14.869999885559082,15.119999885559082,5.828429698944092,77358
2010-09-23,15.029999732971191,15.595000267028809,15.029999732971191,15.475000381469727,6.00504207611084,20214200
2010-09-24,15.430000305175781,15.635000228881836,15.104999542236328,15.149999618530273,5.878926753997803,25926600
2010-09-27,15.225000381469727,15.550000190734863,14.994999885559082,15.449999809265137,5.995337963104248,8441800
2010-09-28,15.524999618530273,15.614999771118164,15.274999618530273,15.5,6.014741897583008,9399600
2010-09-29,15.484999656677246,15.864999771118164,15.454999923706055,15.789999961853027,6.127276420593262,10553800
2010-09-30,15.800000190734863,16.065000534057617,15.675000190734863,16.065000534057617,6.233989238739014,12514600
2010-10-01,16.100000381469727,16.399999618530273,15.9399995803833,16.360000610351562,6.348465442657471,12401000
2010-10-04,16.25,16.524999618530273,16.19499969482422,16.44499969482422,6.381448745727539,6724200
2010-10-05,16.40999984741211,16.649999618530273,16.375,16.584999084472656,6.435774803161621,9478000
2010-10-06,16.469999313354492,16.575000762939453,16.325000762939453,16.524999618530273,6.412492275238037,10971200
2010-10-07,16.450000762939453,16.524999618530273,16.204999923706055,16.30500030517578,6.327122211456299,8220200
2010-10-08,16.209999084472656,16.725000381469727,16.209999084472656,16.625,6.451296806335449,9037400
2010-10-11,16.625,16.774999618530273,16.389999389648438,16.700000762939453,6.480398178100586,6194000
2010-10-13,16.799999237060547,17.489999771118164,16.78499984741211,17.424999237060547,6.761739253997803,19732000
2010-10-14,17.344999313354492,17.450000762939453,16.860000610351562,17.165000915527344,6.660842418670654,14432800
2010-10-15,17.075000762939453,17.399999618530273,16.940000534057617,17.399999618530273,6.752033233642578,8663000
2010-10-18,17.25,17.290000915527344,17.059999465942383,17.25,6.693824768066406,10120800
2010-10-19,16.90999984741211,17.170000076293945,16.65999984741211,16.954999923706055,6.579352855682373,10998200
2010-10-20,16.899999618530273,17.239999771118164,16.80500030517578,17.200000762939453,6.6744256019592285,8115800
2010-10-21,17.104999542236328,17.395000457763672,16.670000076293945,16.760000228881836,6.503685474395752,10245400
2010-10-22,16.885000228881836,16.90999984741211,16.69499969482422,16.78499984741211,6.51338529586792,5633000
2010-10-25,16.8700008392334,17.0,16.729999542236328,16.875,6.548308849334717,7760000
2010-10-26,16.709999084472656,17.15999984741211,16.665000915527344,17.049999237060547,6.616216659545898,9830200
2010-10-27,17.0,17.0049991607666,16.71500015258789,16.924999237060547,6.567711353302002,9530600
2010-10-28,16.959999084472656,17.06999969482422,16.674999237060547,16.674999237060547,6.470697402954102,7013000
2010-10-29,16.700000762939453,16.834999084472656,16.405000686645508,16.549999237060547,6.422191619873047,7886200
2010-11-01,16.6200008392334,17.065000534057617,16.565000534057617,16.84000015258789,6.534727573394775,5543000
2010-11-03,17.0,17.299999237060547,16.954999923706055,17.05500030517578,6.618160247802734,10532400
2010-11-04,17.125,17.489999771118164,17.125,17.489999771118164,6.786957263946533,9935200
2010-11-05,17.155000686645508,17.420000076293945,17.155000686645508,17.415000915527344,6.757857322692871,5554200
2010-11-08,17.15999984741211,17.334999084472656,17.100000381469727,17.334999084472656,6.726807117462158,6453000
2010-11-09,17.200000762939453,17.274999618530273,16.864999771118164,16.920000076293945,6.565770149230957,10423400
2010-11-10,16.834999084472656,17.125,16.774999618530273,16.905000686645508,6.559950828552246,7512800
2010-11-11,16.80500030517578,16.889999389648438,16.59000015258789,16.860000610351562,6.5424885749816895,7551600
2010-11-12,16.700000762939453,17.09000015258789,16.6200008392334,16.924999237060547,6.567711353302002,10923200
2010-11-16,17.05500030517578,17.21500015258789,16.709999084472656,16.950000762939453,6.57741117477417,12376200
2010-11-17,16.8799991607666,17.145000457763672,16.774999618530273,16.899999618530273,6.558010101318359,7110200
2010-11-18,17.059999465942383,17.235000610351562,17.0049991607666,17.1200008392334,6.643383502960205,11723000
2010-11-19,16.96500015258789,17.149999618530273,16.774999618530273,17.149999618530273,6.655021667480469,6015200
2010-11-22,17.0,17.03499984741211,16.665000915527344,16.899999618530273,6.558010101318359,5216800
2010-11-23,16.575000762939453,16.625,15.930000305175781,16.139999389648438,6.287543296813965,14500000
2010-11-24,16.325000762939453,16.584999084472656,16.260000228881836,16.360000610351562,6.37324857711792,11887600
2010-11-25,16.420000076293945,16.604999542236328,16.2549991607666,16.450000762939453,6.408308029174805,4096400
2010-11-26,16.274999618530273,16.610000610351562,16.200000762939453,16.454999923706055,6.410251617431641,7840000
2010-11-29,16.325000762939453,16.625,16.274999618530273,16.584999084472656,6.46089506149292,7584200
2010-11-30,16.454999923706055,16.5,16.229999542236328,16.450000762939453,6.408308029174805,15481000
2010-12-01,16.579999923706055,16.954999923706055,16.5,16.885000228881836,6.57776403427124,10315200
2010-12-02,16.950000762939453,17.1200008392334,16.7450008392334,16.7450008392334,6.523228168487549,9222800
2010-12-03,16.549999237060547,16.575000762939453,16.209999084472656,16.299999237060547,6.349869251251221,12417200
2010-12-06,16.299999237060547,16.31999969482422,15.975000381469727,15.975000381469727,6.223263740539551,9944600
2010-12-07,16.1200008392334,16.239999771118164,15.9399995803833,15.9399995803833,6.209627151489258,8607800
2010-12-08,15.925000190734863,16.0,15.600000381469727,15.704999923706055,6.1180806159973145,13077600
2010-12-09,15.725000381469727,15.824999809265137,15.274999618530273,15.5,6.038219451904297,12561600
2010-12-10,15.555000305175781,15.630000114440918,15.125,15.425000190734863,6.009005546569824,11826200
2010-12-13,15.505000114440918,15.6899995803833,15.265000343322754,15.59000015258789,6.0732831954956055,8460400
2010-12-14,15.555000305175781,15.65999984741211,15.4399995803833,15.579999923706055,6.0693864822387695,6819400
2010-12-15,15.475000381469727,15.600000381469727,15.404999732971191,15.524999618530273,6.047961711883545,6865200
2010-12-16,15.529999732971191,15.675000190734863,15.300000190734863,15.375,5.989523887634277,9427400
2010-12-17,15.274999618530273,15.475000381469727,15.1850004196167,15.3100004196167,5.964200496673584,5672400
2010-12-20,15.34000015258789,15.359999656677246,15.005000114440918,15.024999618530273,5.853177547454834,10976800
2010-12-21,15.130000114440918,15.414999961853027,15.050000190734863,15.274999618530273,5.950567722320557,7998000
2010-12-22,15.25,15.460000038146973,15.135000228881836,15.449999809265137,6.018742084503174,9272200
2010-12-23,15.345000267028809,15.680000305175781,15.274999618530273,15.520000457763672,6.086146354675293,7554600
2010-12-27,15.449999809265137,15.524999618530273,15.305000305175781,15.425000190734863,6.048889636993408,4820600
2010-12-28,15.420000076293945,15.470000267028809,15.149999618530273,15.395000457763672,6.037129878997803,4415000
2010-12-29,15.375,15.600000381469727,15.274999618530273,15.5,6.078301906585693,5043000
2010-12-30,15.579999923706055,15.710000038146973,15.46500015258789,15.710000038146973,6.160656929016113,8379600
2011-01-03,15.75,15.899999618530273,15.6899995803833,15.699999809265137,6.156733512878418,6626800
2011-01-04,15.75,15.895000457763672,15.569999694824219,15.765000343322754,6.18222188949585,7026600
2011-01-05,15.699999809265137,16.045000076293945,15.65999984741211,15.989999771118164,6.270454406738281,8229600
2011-01-06,15.925000190734863,16.06999969482422,15.744999885559082,15.850000381469727,6.2155537605285645,8915800
2011-01-07,15.774999618530273,15.845000267028809,15.354999542236328,15.475000381469727,6.068497180938721,7306200
2011-01-10,15.3100004196167,15.5,15.210000038146973,15.5,6.078301906585693,7840400
2011-01-11,15.600000381469727,15.734999656677246,15.5649995803833,15.6850004196167,6.150852680206299,6900200
2011-01-12,15.824999809265137,15.994999885559082,15.78499984741211,15.960000038146973,6.2586894035339355,6093200
2011-01-13,16.0,16.0,15.75,15.800000190734863,6.195949077606201,6412000
2011-01-14,15.710000038146973,15.885000228881836,15.59000015258789,15.885000228881836,6.229281425476074,7726200
2011-01-17,15.765000343322754,15.800000190734863,15.574999809265137,15.699999809265137,6.156733512878418,4871600
2011-01-18,15.78499984741211,15.795000076293945,15.619999885559082,15.774999618530273,6.186140060424805,6240000
2011-01-19,15.75,15.835000038146973,15.454999923706055,15.550000190734863,6.09791374206543,7069200
2011-01-20,15.414999961853027,15.444999694824219,15.225000381469727,15.444999694824219,6.056736469268799,16700600
2011-01-21,15.399999618530273,15.545000076293945,15.319999694824219,15.375,6.029284954071045,8862000
2011-01-24,15.390000343322754,15.569999694824219,15.380000114440918,15.515000343322754,6.0841875076293945,6149000
2011-01-26,15.494999885559082,15.729999542236328,15.425000190734863,15.5,6.078301906585693,11011000
2011-01-27,15.5600004196167,15.619999885559082,15.09000015258789,15.5,6.078301906585693,16682000
2011-01-28,15.5,15.53499984741211,14.805000305175781,15.180000305175781,5.952818393707275,16990400
2011-01-31,15.244999885559082,15.3100004196167,14.845000267028809,14.880000114440918,5.835168838500977,14162600
2011-02-01,15.0,15.175000190734863,14.899999618530273,14.90999984741211,5.846935749053955,19812
2011-02-02,15.0,15.119999885559082,14.770000457763672,14.789999961853027,5.799879550933838,6844000
2011-02-03,14.899999618530273,14.899999618530273,14.630000114440918,14.725000381469727,5.774389266967773,15764
2011-02-04,14.600000381469727,14.675000190734863,14.015000343322754,14.050000190734863,5.5096893310546875,20030200
2011-02-07,14.175000190734863,14.199999809265137,14.0,14.140000343322754,5.544983863830566,10321600
2011-02-08,14.140000343322754,14.744999885559082,14.119999885559082,14.399999618530273,5.6469407081604,20274
2011-02-09,14.369999885559082,14.449999809265137,13.96500015258789,14.039999961853027,5.50576639175415,12705200
2011-02-10,14.0649995803833,14.25,14.024999618530273,14.119999885559082,5.537139415740967,13296800
2011-02-11,14.130000114440918,14.845000267028809,14.074999809265137,14.789999961853027,5.799879550933838,15882800
2011-02-14,14.6850004196167,14.949999809265137,14.619999885559082,14.885000228881836,5.837134838104248,10992000
2011-02-15,14.800000190734863,15.300000190734863,14.640000343322754,15.199999809265137,5.960658073425293,17449800
2011-02-16,15.25,15.800000190734863,15.1850004196167,15.71500015258789,6.162614345550537,22427000
2011-02-17,15.899999618530273,16.0,15.449999809265137,15.614999771118164,6.123398303985596,19198400
2011-02-18,15.5,15.609999656677246,15.350000381469727,15.569999694824219,6.105753421783447,10696800
2011-02-21,15.5,15.545000076293945,15.274999618530273,15.329999923706055,6.011641025543213,6214000
2011-02-22,15.055000305175781,15.125,14.5600004196167,14.675000190734863,5.816661357879639,19152200
2011-02-23,14.664999961853027,14.75,14.385000228881836,14.699999809265137,5.826573371887207,13516800
2011-02-24,14.699999809265137,14.699999809265137,14.699999809265137,14.699999809265137,5.826573371887207,0
2011-02-25,14.795000076293945,14.869999885559082,14.369999885559082,14.585000038146973,5.780989170074463,16094000
2011-02-28,14.625,14.899999618530273,14.510000228881836,14.875,5.895935535430908,13489200
2011-03-01,14.904999732971191,14.949999809265137,14.454999923706055,14.475000381469727,5.737386703491211,11907200
2011-03-02,14.475000381469727,14.895000457763672,14.399999618530273,14.59000015258789,5.782970905303955,9459800
2011-03-03,14.699999809265137,14.875,14.640000343322754,14.770000457763672,5.854316711425781,11496600
2011-03-04,14.670000076293945,14.90999984741211,14.65999984741211,14.8100004196167,5.870171070098877,7604600
2011-03-09,14.8100004196167,14.8100004196167,14.8100004196167,14.8100004196167,5.870171070098877,0
2011-03-10,14.255000114440918,14.274999618530273,13.899999618530273,14.005000114440918,5.551098823547363,18180400
2011-03-11,14.0,14.180000305175781,13.875,14.09000015258789,5.5847883224487305,12915600
2011-03-14,14.0,14.3100004196167,13.960000038146973,14.25,5.64820671081543,12159400
2011-03-15,13.930000305175781,14.425000190734863,13.805000305175781,14.414999961853027,5.713608264923096,10775400
2011-03-16,14.425000190734863,14.5,13.949999809265137,14.074999809265137,5.578845024108887,10249400
2011-03-17,14.239999771118164,14.28499984741211,13.949999809265137,14.050000190734863,5.568934440612793,7028600
2011-03-18,14.130000114440918,14.359999656677246,14.125,14.25,5.64820671081543,11543200
2011-03-21,14.390000343322754,14.46500015258789,14.100000381469727,14.270000457763672,5.656132221221924,6922600
2011-03-22,14.300000190734863,14.595000267028809,14.204999923706055,14.5,5.747297286987305,6870800
2011-03-23,14.5,14.5,14.5,14.5,5.790244102478027,0
2011-03-24,14.4350004196167,14.515000343322754,14.324999809265137,14.350000381469727,5.7303466796875,7126400
2011-03-25,14.425000190734863,14.425000190734863,14.180000305175781,14.260000228881836,5.694406986236572,7077600
2011-03-28,14.270000457763672,14.404999732971191,14.119999885559082,14.1850004196167,5.664455890655518,6863600
2011-03-29,14.300000190734863,14.300000190734863,14.069999694824219,14.104999542236328,5.632511138916016,7949200
2011-03-30,14.180000305175781,14.414999961853027,14.104999542236328,14.414999961853027,5.756303310394287,7949200
2011-03-31,14.414999961853027,14.774999618530273,14.305000305175781,14.774999618530273,5.900061130523682,10965400
2011-04-01,14.774999618530273,14.774999618530273,14.774999618530273,14.774999618530273,5.900061130523682,0
2011-04-04,14.899999618530273,14.989999771118164,14.760000228881836,14.949999809265137,5.969943046569824,7171200
2011-04-05,14.949999809265137,14.949999809265137,14.949999809265137,14.949999809265137,5.969943046569824,0
2011-04-06,14.9399995803833,14.949999809265137,14.78499984741211,14.899999618530273,5.949975967407227,11910000
2011-04-07,14.875,15.0600004196167,14.774999618530273,14.875,5.939992904663086,9081400
2011-04-08,14.800000190734863,14.895000457763672,14.585000038146973,14.694999694824219,5.8681111335754395,10706400
2011-04-11,14.664999961853027,14.75,14.4399995803833,14.5,5.790244102478027,7307400
2011-04-12,14.399999618530273,14.449999809265137,14.024999618530273,14.1850004196167,5.664455890655518,16990200
2011-04-13,14.3100004196167,14.3149995803833,14.0649995803833,14.239999771118164,5.68641996383667,7310800
2011-04-14,14.175000190734863,14.369999885559082,14.104999542236328,14.140000343322754,5.646487712860107,8328200
2011-04-15,14.175000190734863,14.204999923706055,13.899999618530273,13.930000305175781,5.562628746032715,15151400
2011-04-18,13.819999694824219,13.944999694824219,13.555000305175781,13.920000076293945,5.558635234832764,9027600
2011-04-19,14.0,14.149999618530273,13.949999809265137,14.074999809265137,5.620532512664795,8212600
2011-04-20,14.199999809265137,14.515000343322754,14.164999961853027,14.515000343322754,5.796236038208008,13170000
2011-04-25,14.460000038146973,14.5600004196167,14.300000190734863,14.5,5.790244102478027,6632800
2011-04-26,14.604999542236328,14.755000114440918,14.515000343322754,14.699999809265137,5.87011194229126,11822200
2011-04-27,14.675000190734863,14.765000343322754,14.395000457763672,14.699999809265137,5.87011194229126,11864800
2011-04-28,14.529999732971191,14.595000267028809,14.15999984741211,14.350000381469727,5.7303466796875,11904800
2011-04-29,14.324999809265137,14.53499984741211,14.210000038146973,14.494999885559082,5.788246154785156,10076400
2011-05-02,14.399999618530273,14.529999732971191,14.199999809265137,14.444999694824219,5.7682785987854,8493200
2011-05-03,14.300000190734863,14.350000381469727,13.9399995803833,14.050000190734863,5.61054801940918,8909400
2011-05-04,14.125,14.1899995803833,13.725000381469727,13.774999618530273,5.500734806060791,13844600
2011-05-05,13.729999542236328,13.994999885559082,13.59000015258789,13.819999694824219,5.518701553344727,12866800
2011-05-06,14.050000190734863,14.180000305175781,13.850000381469727,14.180000305175781,5.662459850311279,13744400
2011-05-09,14.130000114440918,14.295000076293945,14.010000228881836,14.154999732971191,5.652478218078613,17486
2011-05-10,14.154999732971191,14.154999732971191,14.154999732971191,14.154999732971191,5.652478218078613,0
2011-05-11,14.425000190734863,14.53499984741211,14.375,14.524999618530273,5.800225734710693,12885000
2011-05-12,14.350000381469727,14.725000381469727,14.324999809265137,14.649999618530273,5.8501434326171875,12298600
2011-05-13,14.595000267028809,14.604999542236328,14.164999961853027,14.210000038146973,5.674440860748291,9546400
2011-05-16,14.210000038146973,14.210000038146973,14.210000038146973,14.210000038146973,5.674440860748291,0
2011-05-17,13.9350004196167,14.0600004196167,13.664999961853027,14.0,5.590583801269531,10118200
2011-05-18,14.0649995803833,14.074999809265137,13.604999542236328,13.640000343322754,5.4468278884887695,13091000
2011-05-19,13.720000267028809,13.805000305175781,13.4399995803833,13.625,5.44083309173584,10191800
2011-05-20,13.630000114440918,13.670000076293945,13.479999542236328,13.5,5.422150611877441,6046000
2011-05-23,13.375,13.664999961853027,13.279999732971191,13.5649995803833,5.448258399963379,7203200
2011-05-24,13.630000114440918,13.800000190734863,13.585000038146973,13.765000343322754,5.528584003448486,6860400
2011-05-25,13.65999984741211,13.75,13.585000038146973,13.625,5.472353458404541,6711800
2011-05-26,13.680000305175781,14.050000190734863,13.680000305175781,14.050000190734863,5.64305305480957,13206800
2011-05-27,14.125,14.225000381469727,14.045000076293945,14.1899995803833,5.699280738830566,7897000
2011-05-30,14.239999771118164,14.239999771118164,14.015000343322754,14.149999618530273,5.683213710784912,2163400
2011-05-31,14.220000267028809,14.289999961853027,13.859999656677246,14.024999618530273,5.633011817932129,20425600
2011-06-01,13.904999732971191,13.979999542236328,13.65999984741211,13.805000305175781,5.544650077819824,14406800
2011-06-02,13.8100004196167,13.850000381469727,13.460000038146973,13.699999809265137,5.502477169036865,14121600
2011-06-03,13.614999771118164,13.890000343322754,13.5,13.699999809265137,5.502477169036865,11983600
2011-06-06,13.75,13.78499984741211,13.569999694824219,13.664999961853027,5.488420486450195,11638000
2011-06-07,13.71500015258789,13.970000267028809,13.71500015258789,13.904999732971191,5.584813117980957,9268200
2011-06-08,13.835000038146973,13.925000190734863,13.734999656677246,13.875,5.572765350341797,9430800
2011-06-09,13.819999694824219,13.899999618530273,13.65999984741211,13.770000457763672,5.530594825744629,5289400
2011-06-10,13.710000038146973,13.760000228881836,13.539999961853027,13.550000190734863,5.442233562469482,10194000
2011-06-13,13.5600004196167,13.774999618530273,13.5600004196167,13.680000305175781,5.494447231292725,7981800
2011-06-14,13.75,13.819999694824219,13.670000076293945,13.819999694824219,5.550673007965088,9916200
2011-06-15,13.725000381469727,13.819999694824219,13.635000228881836,13.800000190734863,5.5426411628723145,9930000
2011-06-16,13.675000190734863,13.845000267028809,13.470000267028809,13.524999618530273,5.432191371917725,9319000
2011-06-17,13.654999732971191,13.675000190734863,13.3149995803833,13.524999618530273,5.432191371917725,12526000
2011-06-20,13.444999694824219,13.65999984741211,13.354999542236328,13.625,5.472353458404541,6072200
2011-06-21,13.649999618530273,13.649999618530273,13.510000228881836,13.524999618530273,5.432191371917725,5916000
2011-06-22,13.4399995803833,13.75,13.404999732971191,13.630000114440918,5.527993679046631,12412200
2011-06-24,13.595000267028809,13.635000228881836,13.425000190734863,13.475000381469727,5.465130805969238,6864000
2011-06-27,13.5,13.600000381469727,13.380000114440918,13.414999961853027,5.440794467926025,7676400
2011-06-28,13.470000267028809,13.720000267028809,13.414999961853027,13.710000038146973,5.5604376792907715,10838600
2011-06-29,13.75,13.949999809265137,13.664999961853027,13.904999732971191,5.6395263671875,7035200
2011-06-30,13.944999694824219,14.0,13.829999923706055,14.0,5.678058624267578,6821800
2011-07-01,13.949999809265137,14.0600004196167,13.704999923706055,14.0600004196167,5.702388763427734,9534000
2011-07-04,14.010000228881836,14.21500015258789,13.960000038146973,14.21500015258789,5.765254020690918,3668000
2011-07-05,14.175000190734863,14.1850004196167,13.994999885559082,14.145000457763672,5.7368669509887695,5057000
2011-07-06,14.0,14.085000038146973,13.805000305175781,14.024999618530273,5.688196659088135,6243600
2011-07-07,14.149999618530273,14.154999732971191,13.604999542236328,13.649999618530273,5.536106109619141,8506000
2011-07-08,13.53499984741211,13.600000381469727,13.265000343322754,13.274999618530273,5.38401460647583,10962200
2011-07-11,13.125,13.125,12.805000305175781,12.899999618530273,5.231922149658203,8993800
2011-07-12,12.899999618530273,13.145000457763672,12.75,12.925000190734863,5.242061138153076,13999200
2011-07-13,13.015000343322754,13.404999732971191,12.90999984741211,13.225000381469727,5.363736629486084,14197600
2011-07-14,13.175000190734863,13.319999694824219,12.829999923706055,12.989999771118164,5.268425941467285,10089600
2011-07-15,13.010000228881836,13.055000305175781,12.75,12.885000228881836,5.2258405685424805,10077600
2011-07-18,12.755000114440918,12.795000076293945,12.40999984741211,12.539999961853027,5.085917949676514,12290400
2011-07-19,12.649999618530273,12.885000228881836,12.569999694824219,12.824999809265137,5.201507568359375,10092600
2011-07-20,12.850000381469727,13.135000228881836,12.850000381469727,13.09000015258789,5.308983325958252,10851600
2011-07-21,13.125,13.505000114440918,13.100000381469727,13.40999984741211,5.438765525817871,8186000
2011-07-22,13.425000190734863,13.6850004196167,13.40999984741211,13.53499984741211,5.48946475982666,9915000
2011-07-25,13.380000114440918,13.380000114440918,13.109999656677246,13.25,5.373874664306641,15054
2011-07-26,13.1899995803833,13.239999771118164,12.90999984741211,12.970000267028809,5.26031494140625,14331400
2011-07-27,12.755000114440918,12.954999923706055,12.510000228881836,12.670000076293945,5.138643741607666,15844600
2011-07-28,12.654999732971191,12.885000228881836,12.609999656677246,12.875,5.221783638000488,14389800
2011-07-29,12.649999618530273,13.1850004196167,12.649999618530273,13.149999618530273,5.33331823348999,17362
2011-08-01,13.305000305175781,13.479999542236328,12.895000457763672,13.210000038146973,5.3576531410217285,9869200
2011-08-02,13.055000305175781,13.130000114440918,12.635000228881836,12.774999618530273,5.181224822998047,13927000
2011-08-03,12.75,12.824999809265137,12.475000381469727,12.625,5.120391368865967,11116600
2011-08-04,12.420000076293945,12.524999618530273,11.654999732971191,12.0,4.866907119750977,15354400
2011-08-05,11.994999885559082,12.25,11.654999732971191,11.994999885559082,4.864879131317139,14843400
2011-08-08,11.5,11.614999771118164,10.550000190734863,11.3149995803833,4.589086055755615,24106200
2011-08-09,11.75,12.119999885559082,11.399999618530273,12.119999885559082,4.915573596954346,32561000
2011-08-10,11.989999771118164,12.229999542236328,11.71500015258789,11.899999618530273,4.8263468742370605,15088600
2011-08-11,12.039999961853027,12.329999923706055,11.944999694824219,12.135000228881836,4.921659469604492,13823600
2011-08-12,12.255000114440918,12.449999809265137,12.015000343322754,12.199999809265137,4.948022842407227,12957400
2011-08-15,12.300000190734863,12.489999771118164,12.274999618530273,12.380000114440918,5.021024703979492,8012600
2011-08-16,12.149999618530273,12.494999885559082,12.055000305175781,12.494999885559082,5.067666053771973,11930600
2011-08-17,12.505000114440918,13.0,12.505000114440918,12.9350004196167,5.246118545532227,16659000
2011-08-18,12.604999542236328,12.654999732971191,12.1899995803833,12.600000381469727,5.110252380371094,17260800
2011-08-19,12.324999809265137,12.595000267028809,12.289999961853027,12.539999961853027,5.129083633422852,11897200
2011-08-22,12.774999618530273,12.859999656677246,12.359999656677246,12.484999656677246,5.1065850257873535,12022600
2011-08-23,12.574999809265137,12.819999694824219,12.145000457763672,12.819999694824219,5.243607521057129,12493800
2011-08-24,12.75,13.100000381469727,12.574999809265137,12.864999771118164,5.262012958526611,10999400
2011-08-25,12.795000076293945,13.210000038146973,12.604999542236328,12.795000076293945,5.2333807945251465,10082800
2011-08-26,12.75,12.994999885559082,12.510000228881836,12.71500015258789,5.200660705566406,7571000
2011-08-29,12.885000228881836,13.114999771118164,12.850000381469727,13.0,5.317230224609375,7603200
2011-08-30,12.925000190734863,13.194999694824219,12.854999542236328,13.100000381469727,5.3581342697143555,6942400
2011-08-31,13.194999694824219,13.359999656677246,13.130000114440918,13.359999656677246,5.464477062225342,13115600
2011-09-01,13.649999618530273,14.4350004196167,13.649999618530273,14.175000190734863,5.797824382781982,25070200
2011-09-02,13.949999809265137,13.970000267028809,13.585000038146973,13.8100004196167,5.648533821105957,16099400
2011-09-05,13.454999923706055,13.475000381469727,13.319999694824219,13.34000015258789,5.456294536590576,7128800
2011-09-06,13.104999542236328,13.6899995803833,13.0600004196167,13.5600004196167,5.5462775230407715,10522400
2011-09-08,13.744999885559082,13.994999885559082,13.699999809265137,13.859999656677246,5.668984413146973,10445200
2011-09-09,13.699999809265137,13.71500015258789,13.25,13.305000305175781,5.441982269287109,11351400
2011-09-12,12.994999885559082,13.194999694824219,12.765000343322754,13.050000190734863,5.337682247161865,9667800
2011-09-13,13.164999961853027,13.239999771118164,12.8149995803833,12.994999885559082,5.315185070037842,9493600
2011-09-14,13.0600004196167,13.175000190734863,12.800000190734863,13.020000457763672,5.325410842895508,9892800
2011-09-15,13.175000190734863,13.375,13.020000457763672,13.100000381469727,5.3581342697143555,7714800
2011-09-16,13.0649995803833,13.345000267028809,13.0649995803833,13.305000305175781,5.441982269287109,10061800
2011-09-19,13.050000190734863,13.170000076293945,12.925000190734863,13.079999923706055,5.349950790405273,9119800
2011-09-20,13.145000457763672,13.145000457763672,12.795000076293945,12.850000381469727,5.255877494812012,11303200
2011-09-21,12.914999961853027,12.975000381469727,12.5,12.550000190734863,5.133171558380127,17345000
2011-09-22,12.0,12.170000076293945,11.734999656677246,12.074999809265137,4.994237422943115,15821800
2011-09-23,12.005000114440918,12.199999809265137,11.800000190734863,11.949999809265137,4.942539691925049,9948400
2011-09-26,12.100000381469727,12.15999984741211,11.699999809265137,12.085000038146973,4.998373508453369,12736600
2011-09-27,12.300000190734863,12.625,12.265000343322754,12.34000015258789,5.10384464263916,10257200
2011-09-28,12.354999542236328,12.680000305175781,12.300000190734863,12.300000190734863,5.087299346923828,11251200
2011-09-29,12.404999732971191,12.59000015258789,12.274999618530273,12.444999694824219,5.147270679473877,7735800
2011-09-30,12.204999923706055,12.420000076293945,11.864999771118164,12.420000076293945,5.136932849884033,12629000
2011-10-03,12.234999656677246,12.300000190734863,11.960000038146973,11.96500015258789,4.948742389678955,13425800
2011-10-04,11.899999618530273,11.925000190734863,11.395000457763672,11.779999732971191,4.872226715087891,20396600
2011-10-05,11.71500015258789,11.899999618530273,11.524999618530273,11.800000190734863,4.880499362945557,13401400
2011-10-06,11.989999771118164,12.024999618530273,11.8149995803833,11.850000381469727,4.901181697845459,11053600
2011-10-07,11.975000381469727,12.0600004196167,11.5,11.5,4.756418228149414,10720000
2011-10-10,11.625,12.170000076293945,11.625,12.085000038146973,4.998373508453369,15440800
2011-10-11,11.954999923706055,12.069999694824219,11.625,11.675000190734863,4.828799724578857,27467800
2011-10-13,11.789999961853027,11.975000381469727,11.524999618530273,11.774999618530273,4.8701581954956055,31133200
2011-10-14,11.824999809265137,11.890000343322754,11.675000190734863,11.845000267028809,4.899110794067383,16540800
2011-10-17,11.770000457763672,11.779999732971191,11.574999809265137,11.725000381469727,4.8494791984558105,10293600
2011-10-18,11.675000190734863,12.029999732971191,11.569999694824219,12.0,4.963219165802002,10293600
2011-10-19,12.03499984741211,12.125,11.944999694824219,12.045000076293945,4.98183012008667,13026800
2011-10-20,12.005000114440918,12.180000305175781,11.869999885559082,11.899999618530273,4.921857833862305,12092800
2011-10-21,12.024999618530273,12.145000457763672,11.975000381469727,12.145000457763672,5.023192882537842,10681000
2011-10-24,12.199999809265137,12.539999961853027,12.194999694824219,12.4399995803833,5.145204544067383,12043400
2011-10-25,12.4399995803833,12.4399995803833,12.4399995803833,12.4399995803833,5.145204544067383,0
2011-10-26,12.4399995803833,12.4399995803833,12.4399995803833,12.4399995803833,5.145204544067383,0
2011-10-27,12.4399995803833,12.4399995803833,12.4399995803833,12.4399995803833,5.145204544067383,0
2011-10-28,12.850000381469727,13.149999618530273,12.760000228881836,13.050000190734863,5.397498607635498,25942000
2011-10-31,12.819999694824219,13.125,12.71500015258789,12.949999809265137,5.356141090393066,15015200
2011-11-01,12.520000457763672,12.949999809265137,12.399999618530273,12.899999618530273,5.335461139678955,16352000
2011-11-03,12.949999809265137,13.0,12.550000190734863,12.619999885559082,5.219651222229004,24299200
2011-11-04,12.600000381469727,12.675000190734863,12.430000305175781,12.649999618530273,5.232061386108398,8932800
2011-11-07,12.649999618530273,12.774999618530273,12.609999656677246,12.739999771118164,5.269286155700684,8912800
2011-11-08,12.765000343322754,12.824999809265137,12.574999809265137,12.704999923706055,5.25480842590332,7509200
2011-11-09,12.5,12.600000381469727,12.15999984741211,12.359999656677246,5.112114906311035,15180600
2011-11-10,12.359999656677246,12.359999656677246,12.359999656677246,12.359999656677246,5.112114906311035,0
2011-11-11,12.404999732971191,12.4350004196167,12.220000267028809,12.234999656677246,5.0604143142700195,11793400
2011-11-14,12.300000190734863,12.795000076293945,12.295000076293945,12.649999618530273,5.232061386108398,17254800
2011-11-16,12.645000457763672,12.864999771118164,12.59000015258789,12.675000190734863,5.242399215698242,12478000
2011-11-17,12.595000267028809,12.699999809265137,12.25,12.395000457763672,5.12659215927124,12116400
2011-11-18,12.4350004196167,12.479999542236328,12.024999618530273,12.130000114440918,5.042593002319336,9543200
2011-11-21,11.989999771118164,12.095000267028809,11.770000457763672,12.095000267028809,5.028042793273926,8214800
2011-11-22,12.154999732971191,12.225000381469727,11.84000015258789,11.899999618530273,4.946979999542236,9007400
2011-11-23,11.755000114440918,11.845000267028809,11.529999732971191,11.600000381469727,4.822268962860107,11062200
2011-11-24,11.699999809265137,11.760000228881836,11.505000114440918,11.640000343322754,4.838895320892334,4778200
2011-11-25,11.574999809265137,11.6850004196167,11.520000457763672,11.579999923706055,4.813952922821045,5519800
2011-11-28,11.774999618530273,11.920000076293945,11.774999618530273,11.800000190734863,4.905409336090088,8485800
2011-11-29,11.774999618530273,11.875,11.555000305175781,11.604999542236328,4.824345111846924,10590000
2011-11-30,11.779999732971191,12.130000114440918,11.760000228881836,12.100000381469727,5.030122756958008,22339200
2011-12-01,12.25,12.675000190734863,12.25,12.609999656677246,5.242136478424072,15459600
2011-12-02,12.699999809265137,12.789999961853027,12.319999694824219,12.4399995803833,5.171464920043945,14384000
2011-12-05,12.3100004196167,12.449999809265137,12.050000190734863,12.085000038146973,5.023885726928711,25702800
2011-12-06,12.079999923706055,12.25,12.0,12.204999923706055,5.073770523071289,12809000
2011-12-07,12.149999618530273,12.175000190734863,11.829999923706055,11.895000457763672,4.94490385055542,18319800
2011-12-08,11.970000267028809,12.130000114440918,11.654999732971191,11.84000015258789,4.922037124633789,17002200
2011-12-09,11.854999542236328,12.100000381469727,11.760000228881836,12.100000381469727,5.030122756958008,14733600
2011-12-12,12.100000381469727,12.100000381469727,12.100000381469727,12.100000381469727,5.030122756958008,0
2011-12-13,11.875,12.024999618530273,11.729999542236328,11.800000190734863,4.905409336090088,11561000
2011-12-14,11.779999732971191,11.899999618530273,11.5649995803833,11.649999618530273,4.843050956726074,17509800
2011-12-15,11.734999656677246,11.78499984741211,11.430000305175781,11.524999618530273,4.791088104248047,9994000
2011-12-16,11.635000228881836,11.635000228881836,11.350000381469727,11.350000381469727,4.718339920043945,10763400
2011-12-19,11.40999984741211,11.515000343322754,11.239999771118164,11.239999771118164,4.67261266708374,9366200
2011-12-20,11.350000381469727,11.475000381469727,11.270000457763672,11.454999923706055,4.761989116668701,10210000
2011-12-21,11.430000305175781,11.770000457763672,11.399999618530273,11.710000038146973,4.867994785308838,12705000
2011-12-22,11.600000381469727,11.979999542236328,11.600000381469727,11.90999984741211,5.011143207550049,11757200
2011-12-23,11.975000381469727,12.0,11.824999809265137,11.96500015258789,5.034283638000488,6871600
2011-12-26,11.899999618530273,11.979999542236328,11.864999771118164,11.944999694824219,5.025869369506836,3757600
2011-12-27,11.925000190734863,12.069999694824219,11.885000228881836,12.024999618530273,5.059529781341553,6687200
2011-12-28,11.960000038146973,12.045000076293945,11.675000190734863,11.734999656677246,4.937511444091797,7416400
2011-12-29,11.850000381469727,11.875,11.75,11.850000381469727,4.985899448394775,8347400
2012-01-02,11.949999809265137,12.145000457763672,11.824999809265137,12.145000457763672,5.110021114349365,7081000
2012-01-03,12.125,12.225000381469727,12.024999618530273,12.09000015258789,5.086878299713135,12579800
2012-01-04,11.975000381469727,12.100000381469727,11.904999732971191,12.029999732971191,5.061631679534912,10476000
2012-01-05,11.944999694824219,12.03499984741211,11.770000457763672,11.904999732971191,5.009039402008057,10574600
2012-01-06,11.949999809265137,12.03499984741211,11.5649995803833,11.604999542236328,4.882815837860107,15820000
2012-01-09,11.739999771118164,11.739999771118164,11.505000114440918,11.699999809265137,4.922784328460693,11445400
2012-01-10,11.84000015258789,11.954999923706055,11.755000114440918,11.944999694824219,5.025869369506836,10543400
2012-01-11,11.9399995803833,12.1899995803833,11.890000343322754,12.125,5.101605415344238,13968200
2012-01-12,12.154999732971191,12.300000190734863,12.050000190734863,12.229999542236328,5.145783424377441,13578200
2012-01-13,12.199999809265137,12.359999656677246,12.0649995803833,12.350000381469727,5.196272850036621,15823200
2012-01-16,12.3149995803833,12.395000457763672,12.204999923706055,12.350000381469727,5.196272850036621,8599400
2012-01-17,12.350000381469727,12.350000381469727,12.350000381469727,12.350000381469727,5.196272850036621,0
2012-01-18,12.425000190734863,12.899999618530273,12.414999961853027,12.875,5.417165279388428,19486800
2012-01-19,12.774999618530273,12.944999694824219,12.585000038146973,12.899999618530273,5.427687644958496,21512600
2012-01-20,12.829999923706055,13.130000114440918,12.800000190734863,13.050000190734863,5.490797996520996,15586000
2012-01-23,12.994999885559082,13.050000190734863,12.704999923706055,13.050000190734863,5.490797996520996,12778800
2012-01-24,12.9399995803833,13.079999923706055,12.760000228881836,13.0,5.469764232635498,12036800
2012-01-26,13.130000114440918,13.375,13.100000381469727,13.289999961853027,5.591780185699463,16906600
2012-01-27,13.404999732971191,13.595000267028809,13.274999618530273,13.524999618530273,5.6906538009643555,16776200
2012-01-30,13.375,13.6850004196167,13.3100004196167,13.6850004196167,5.757979393005371,21210800
2012-01-31,13.699999809265137,13.744999885559082,13.425000190734863,13.595000267028809,5.7201080322265625,20733000
2012-02-01,13.704999923706055,13.850000381469727,13.614999771118164,13.739999771118164,5.7811150550842285,21883800
2012-02-02,13.649999618530273,13.829999923706055,13.46500015258789,13.699999809265137,5.764286994934082,15861200
2012-02-03,13.524999618530273,13.8149995803833,13.4399995803833,13.649999618530273,5.743251323699951,12781600
2012-02-06,13.555000305175781,13.640000343322754,13.430000305175781,13.574999809265137,5.711694717407227,10816600
2012-02-07,13.449999809265137,13.664999961853027,13.444999694824219,13.625,5.732728481292725,8144600
2012-02-08,13.649999618530273,13.829999923706055,13.569999694824219,13.699999809265137,5.764286994934082,12510800
2012-02-09,13.604999542236328,13.770000457763672,13.354999542236328,13.395000457763672,5.635959625244141,11988600
2012-02-10,13.175000190734863,13.199999809265137,12.914999961853027,13.039999961853027,5.486593246459961,14674200
2012-02-13,13.225000381469727,13.255000114440918,12.984999656677246,13.194999694824219,5.5518083572387695,18877600
2012-02-14,13.475000381469727,13.739999771118164,13.425000190734863,13.734999656677246,5.779012203216553,21423600
2012-02-15,13.899999618530273,14.199999809265137,13.880000114440918,14.0,5.890512943267822,30360000
2012-02-16,13.755000114440918,14.484999656677246,13.755000114440918,14.380000114440918,6.05039644241333,22360000
2012-02-17,14.475000381469727,14.5,13.925000190734863,14.0,5.890512943267822,15335600
2012-02-23,13.854999542236328,13.989999771118164,13.779999732971191,13.875,5.870837211608887,10540000
2012-02-24,13.875,13.904999732971191,13.529999732971191,13.675000190734863,5.786210536956787,16430400
2012-02-27,13.5,13.640000343322754,13.385000228881836,13.505000114440918,5.7142791748046875,10692600
2012-02-28,13.505000114440918,13.824999809265137,13.505000114440918,13.78499984741211,5.832754611968994,13457400
2012-02-29,13.864999771118164,14.045000076293945,13.779999732971191,13.824999809265137,5.8496785163879395,12007200
2012-03-01,13.890000343322754,14.135000228881836,13.850000381469727,14.03499984741211,5.938535213470459,11207400
2012-03-02,14.100000381469727,14.335000038146973,14.085000038146973,14.300000190734863,6.050660610198975,8183400
2012-03-05,14.149999618530273,14.34000015258789,14.114999771118164,14.324999809265137,6.061240196228027,8122000
2012-03-06,14.085000038146973,14.149999618530273,13.925000190734863,14.074999809265137,5.955461025238037,9002400
2012-03-07,14.199999809265137,14.375,14.079999923706055,14.274999618530273,6.04008674621582,10913400
2012-03-08,14.425000190734863,14.585000038146973,14.279999732971191,14.3149995803833,6.057008266448975,12696200
2012-03-09,14.399999618530273,14.600000381469727,14.364999771118164,14.364999771118164,6.078164100646973,9636000
2012-03-12,14.255000114440918,14.449999809265137,14.119999885559082,14.425000190734863,6.103556156158447,8437800
2012-03-13,14.5,14.805000305175781,14.425000190734863,14.805000305175781,6.264341354370117,13184000
2012-03-14,14.71500015258789,14.895000457763672,14.324999809265137,14.5,6.135287761688232,12674600
2012-03-15,14.345000267028809,14.430000305175781,14.1899995803833,14.300000190734863,6.050660610198975,11089600
2012-03-16,14.390000343322754,14.574999809265137,14.380000114440918,14.4399995803833,6.10990047454834,9298000
2012-03-19,14.425000190734863,14.46500015258789,14.229999542236328,14.369999885559082,6.080279350280762,6885000
2012-03-20,14.225000381469727,14.329999923706055,14.149999618530273,14.329999923706055,6.063358306884766,5821000
2012-03-21,14.225000381469727,14.399999618530273,14.055000305175781,14.074999809265137,5.955461025238037,11058400
2012-03-22,14.020000457763672,14.039999961853027,13.515000343322754,13.619999885559082,5.762940883636475,11058400
2012-03-23,13.585000038146973,13.619999885559082,13.300000190734863,13.364999771118164,5.716590881347656,11815200
2012-03-26,13.494999885559082,13.760000228881836,13.475000381469727,13.699999809265137,5.859878063201904,10639800
2012-03-27,13.725000381469727,13.84000015258789,13.604999542236328,13.65999984741211,5.842772960662842,6882200
2012-03-28,13.524999618530273,13.675000190734863,13.329999923706055,13.46500015258789,5.759364604949951,11262600
2012-03-29,13.369999885559082,13.369999885559082,13.0600004196167,13.180000305175781,5.637460708618164,16048800
2012-03-30,13.255000114440918,13.375,12.819999694824219,12.975000381469727,5.549777984619141,19707800
2012-04-02,13.024999618530273,13.03499984741211,12.75,12.925000190734863,5.528388500213623,12235200
2012-04-03,12.949999809265137,13.135000228881836,12.760000228881836,12.859999656677246,5.500586986541748,7441800
2012-04-04,12.774999618530273,12.864999771118164,11.970000267028809,12.100000381469727,5.1755146980285645,33602600
2012-04-05,12.25,12.295000076293945,11.699999809265137,12.0649995803833,5.1605448722839355,32912000
2012-04-09,11.90999984741211,12.125,11.710000038146973,12.039999961853027,5.149849891662598,8916800
2012-04-10,12.0649995803833,12.270000457763672,11.899999618530273,12.114999771118164,5.181930065155029,18820000
2012-04-11,12.295000076293945,12.399999618530273,12.170000076293945,12.295000076293945,5.2589216232299805,14172200
2012-04-12,12.350000381469727,12.59000015258789,12.305000305175781,12.59000015258789,5.385098457336426,9073600
2012-04-13,12.475000381469727,12.475000381469727,12.149999618530273,12.25,5.2396745681762695,13468400
2012-04-16,12.364999771118164,12.390000343322754,11.930000305175781,11.954999923706055,5.113492965698242,11233200
2012-04-17,11.899999618530273,11.9350004196167,11.675000190734863,11.6899995803833,5.000144958496094,22414200
2012-04-18,11.699999809265137,11.885000228881836,11.505000114440918,11.880000114440918,5.081415176391602,21583600
2012-04-19,11.869999885559082,12.039999961853027,11.725000381469727,11.914999961853027,5.096384048461914,7062800
2012-04-20,11.96500015258789,12.175000190734863,11.96500015258789,12.050000190734863,5.154128074645996,6923800
2012-04-23,11.805000305175781,11.975000381469727,11.75,11.890000343322754,5.085692882537842,9479400
2012-04-24,11.925000190734863,11.984999656677246,11.710000038146973,11.800000190734863,5.047194957733154,8148800
2012-04-25,11.739999771118164,11.850000381469727,11.404999732971191,11.520000457763672,4.927431583404541,13920800
2012-04-26,11.4350004196167,11.675000190734863,11.350000381469727,11.625,4.972344875335693,9009000
2012-04-27,11.664999961853027,11.770000457763672,11.5600004196167,11.770000457763672,5.034364223480225,6683800
2012-04-30,11.725000381469727,11.845000267028809,11.609999656677246,11.789999961853027,5.0429182052612305,5343200
2012-05-02,11.78499984741211,11.845000267028809,11.385000228881836,11.470000267028809,4.906047344207764,5343200
2012-05-03,11.550000190734863,11.619999885559082,11.15999984741211,11.300000190734863,4.833332538604736,20059600
2012-05-04,11.25,11.625,11.170000076293945,11.329999923706055,4.84616231918335,20898800
2012-05-07,11.399999618530273,11.550000190734863,11.324999809265137,11.4350004196167,4.891077995300293,11363000
2012-05-08,11.369999885559082,11.53499984741211,11.210000038146973,11.460000038146973,4.901768684387207,13999000
2012-05-09,11.364999771118164,11.399999618530273,11.079999923706055,11.175000190734863,4.779865741729736,16131800
2012-05-10,11.329999923706055,11.5,11.125,11.164999961853027,4.775589466094971,9046800
2012-05-11,11.050000190734863,11.34000015258789,11.029999732971191,11.130000114440918,4.774151802062988,9587200
2012-05-14,10.90999984741211,10.984999656677246,10.630000114440918,10.649999618530273,4.568258762359619,14150400
2012-05-15,10.625,10.635000228881836,10.199999809265137,10.260000228881836,4.400972366333008,20305600
2012-05-16,10.364999771118164,10.494999885559082,10.050000190734863,10.199999809265137,4.375235557556152,16097200
2012-05-17,10.199999809265137,10.28499984741211,9.625,9.699999809265137,4.160764694213867,20406200
2012-05-18,9.84000015258789,10.149999618530273,9.694999694824219,10.074999809265137,4.321620941162109,16644800
2012-05-21,10.234999656677246,10.805000305175781,10.154999732971191,10.6850004196167,4.583272933959961,13268200
2012-05-22,10.729999542236328,11.045000076293945,10.649999618530273,10.704999923706055,4.591851234436035,16958000
2012-05-23,10.649999618530273,10.664999961853027,9.859999656677246,10.255000114440918,4.398826599121094,27432800
2012-05-24,10.399999618530273,10.574999809265137,10.0,10.3100004196167,4.422418594360352,19157200
2012-05-25,10.199999809265137,10.539999961853027,10.199999809265137,10.399999618530273,4.461025714874268,10103400
2012-05-28,10.555000305175781,10.574999809265137,10.25,10.305000305175781,4.42027473449707,5898400
2012-05-29,10.305000305175781,10.510000228881836,10.135000228881836,10.175000190734863,4.3645100593566895,11153000
2012-05-30,9.994999885559082,10.069999694824219,9.854999542236328,9.960000038146973,4.272288799285889,16288400
2012-05-31,10.050000190734863,10.050000190734863,9.734999656677246,10.0,4.289445400238037,14348000
2012-06-01,9.725000381469727,10.09000015258789,9.704999923706055,9.975000381469727,4.27872371673584,10767000
2012-06-04,9.904999732971191,9.96500015258789,9.640000343322754,9.640000343322754,4.135026931762695,12168000
2012-06-05,9.734999656677246,9.824999809265137,9.399999618530273,9.399999618530273,4.032081127166748,11635800
2012-06-06,9.524999618530273,9.635000228881836,9.4350004196167,9.600000381469727,4.117868423461914,17779400
2012-06-08,9.630000114440918,9.630000114440918,9.425000190734863,9.609999656677246,4.122157573699951,8730600
2012-06-11,9.805000305175781,9.944999694824219,9.539999961853027,9.699999809265137,4.160764694213867,11711400
2012-06-12,9.739999771118164,9.795000076293945,9.505000114440918,9.699999809265137,4.160764694213867,9489800
2012-06-13,9.640000343322754,9.850000381469727,9.579999923706055,9.675000190734863,4.150040149688721,21856400
2012-06-14,9.6850004196167,9.6899995803833,9.5,9.5,4.07497501373291,17866400
2012-06-15,9.5600004196167,9.614999771118164,9.404999732971191,9.595000267028809,4.115724563598633,18391200
2012-06-18,9.585000038146973,9.970000267028809,9.524999618530273,9.970000267028809,4.276579856872559,10513400
2012-06-19,10.045000076293945,10.454999923706055,10.029999732971191,10.380000114440918,4.452444553375244,17355000
2012-06-20,10.399999618530273,10.420000076293945,10.164999961853027,10.34000015258789,4.435286045074463,11219200
2012-06-21,10.350000381469727,10.385000228881836,10.1899995803833,10.244999885559082,4.394536018371582,8082400
2012-06-22,10.149999618530273,10.194999694824219,9.930000305175781,9.9399995803833,4.326686859130859,9638200
2012-06-25,9.824999809265137,9.829999923706055,9.404999732971191,9.550000190734863,4.15692663192749,6525800
2012-06-26,9.574999809265137,9.614999771118164,9.305000305175781,9.324999809265137,4.058988571166992,12780000
2012-06-27,9.350000381469727,9.550000190734863,9.199999809265137,9.399999618530273,4.0916361808776855,11605000
2012-06-28,9.274999618530273,9.470000267028809,9.265000343322754,9.380000114440918,4.082930088043213,7576000
2012-06-29,9.675000190734863,9.774999618530273,9.539999961853027,9.765000343322754,4.25051212310791,12542400
2012-07-02,9.78499984741211,9.824999809265137,9.5649995803833,9.824999809265137,4.2766289710998535,6622800
2012-07-03,9.850000381469727,10.0649995803833,9.824999809265137,9.975000381469727,4.341921806335449,8163200
2012-07-04,9.9350004196167,10.029999732971191,9.824999809265137,9.975000381469727,4.341921806335449,5482000
2012-07-05,10.024999618530273,10.03499984741211,9.875,9.949999809265137,4.331038951873779,12115600
2012-07-06,9.824999809265137,9.869999885559082,9.65999984741211,9.720000267028809,4.2309250831604,7627400
2012-07-10,9.770000457763672,9.770000457763672,9.369999885559082,9.4399995803833,4.109044551849365,10214400
2012-07-11,9.5,9.5,9.265000343322754,9.279999732971191,4.039403915405273,9060600
2012-07-12,9.199999809265137,9.369999885559082,9.0,9.3100004196167,4.052460193634033,10539800
2012-07-13,9.449999809265137,9.449999809265137,9.100000381469727,9.399999618530273,4.0916361808776855,10729600
2012-07-16,9.574999809265137,9.625,9.140000343322754,9.170000076293945,3.991520881652832,19584200
2012-07-17,9.25,9.3149995803833,9.045000076293945,9.100000381469727,3.9610531330108643,15636800
2012-07-18,9.015000343322754,9.734999656677246,9.015000343322754,9.734999656677246,4.237453460693359,15685800
2012-07-19,9.755000114440918,10.03499984741211,9.755000114440918,9.949999809265137,4.331038951873779,18708400
2012-07-20,9.800000190734863,10.135000228881836,9.774999618530273,9.960000038146973,4.335392475128174,16197600
2012-07-23,9.725000381469727,9.819999694824219,9.520000457763672,9.774999618530273,4.254865646362305,10191600
2012-07-24,9.824999809265137,9.914999961853027,9.744999885559082,9.850000381469727,4.28751277923584,9855000
2012-07-25,9.975000381469727,9.984999656677246,9.595000267028809,9.625,4.189572811126709,12665800
2012-07-26,9.720000267028809,10.449999809265137,9.720000267028809,10.295000076293945,4.481209754943848,28239200
2012-07-27,10.470000267028809,11.029999732971191,10.390000343322754,10.8149995803833,4.707554817199707,23246000
2012-07-30,10.774999618530273,11.0,10.65999984741211,11.0,4.788084983825684,10848400
2012-07-31,11.029999732971191,11.074999809265137,10.789999961853027,10.899999618530273,4.7445549964904785,13700600
2012-08-01,10.829999923706055,11.194999694824219,10.579999923706055,11.100000381469727,4.831611633300781,13634200
2012-08-02,10.975000381469727,11.274999618530273,10.960000038146973,11.045000076293945,4.807669639587402,14403600
2012-08-03,11.350000381469727,11.720000267028809,11.260000228881836,11.5600004196167,5.031839370727539,17023200
2012-08-06,11.5,12.0,11.399999618530273,11.914999961853027,5.18636417388916,13806000
2012-08-07,11.904999732971191,12.0600004196167,11.5,11.774999618530273,5.125425815582275,15392400
2012-08-08,11.664999961853027,11.975000381469727,11.515000343322754,11.9399995803833,5.197244644165039,16804000
2012-08-09,11.824999809265137,11.9399995803833,11.619999885559082,11.694999694824219,5.090601444244385,9701600
2012-08-10,11.619999885559082,12.145000457763672,11.555000305175781,12.09000015258789,5.2625412940979,9701600
2012-08-13,12.045000076293945,12.074999809265137,11.694999694824219,11.71500015258789,5.099308490753174,16115400
2012-08-14,11.84000015258789,11.345000267028809,11.204999923706055,11.234999656677246,4.890373706817627,22945800
2012-08-15,11.154999732971191,11.635000228881836,11.0,11.574999809265137,5.038367748260498,22071200
2012-08-16,11.699999809265137,11.829999923706055,11.470000267028809,11.774999618530273,5.125425815582275,13126200
2012-08-17,11.78499984741211,11.925000190734863,11.640000343322754,11.805000305175781,5.138484954833984,9091400
2012-08-20,11.800000190734863,11.850000381469727,11.614999771118164,11.6850004196167,5.086249828338623,7339200
2012-08-21,11.890000343322754,11.890000343322754,11.539999961853027,11.649999618530273,5.071014881134033,15207000
2012-08-22,11.600000381469727,11.829999923706055,11.524999618530273,11.725000381469727,5.130983352661133,10950200
2012-08-23,11.635000228881836,11.704999923706055,11.404999732971191,11.555000305175781,5.0565876960754395,9137200
2012-08-24,11.449999809265137,11.600000381469727,11.239999771118164,11.510000228881836,5.036898612976074,9975000
2012-08-27,11.5649995803833,11.854999542236328,11.359999656677246,11.770000457763672,5.1506757736206055,11693200
2012-08-28,11.725000381469727,12.125,11.725000381469727,12.029999732971191,5.264454364776611,17170400
2012-08-29,12.005000114440918,12.199999809265137,11.795000076293945,11.829999923706055,5.176931381225586,14432800
2012-08-30,11.75,11.819999694824219,11.604999542236328,11.694999694824219,5.11785364151001,8607000
2012-08-31,11.850000381469727,11.869999885559082,11.515000343322754,11.59000015258789,5.071907043457031,13916000
2012-09-03,11.609999656677246,11.765000343322754,11.604999542236328,11.75,5.1419243812561035,5118000
2012-09-04,11.664999961853027,11.854999542236328,11.569999694824219,11.694999694824219,5.11785364151001,7100600
2012-09-05,11.774999618530273,12.1899995803833,11.515000343322754,12.104999542236328,5.297276020050049,13291200
2012-09-06,12.194999694824219,12.489999771118164,12.149999618530273,12.40999984741211,5.4307451248168945,11709200
2012-09-10,12.40999984741211,12.40999984741211,12.40999984741211,12.40999984741211,5.4307451248168945,12039200
2012-09-11,12.550000190734863,12.675000190734863,12.375,12.625,5.524831771850586,11033800
2012-09-12,12.5649995803833,12.84000015258789,12.5649995803833,12.755000114440918,5.6456298828125,13659400
2012-09-13,12.854999542236328,13.119999885559082,12.779999732971191,13.020000457763672,5.7629218101501465,14018000
2012-09-14,13.140000343322754,13.494999885559082,12.875,13.25,5.8647260665893555,15048400
2012-09-17,13.260000228881836,13.375,13.074999809265137,13.170000076293945,5.82931661605835,11161800
2012-09-18,13.244999885559082,13.244999885559082,12.845000267028809,12.970000267028809,5.7407917976379395,11210600
2012-09-19,13.024999618530273,13.329999923706055,12.975000381469727,13.225000381469727,5.853659629821777,12794000
2012-09-20,13.015000343322754,13.350000381469727,13.015000343322754,13.350000381469727,5.908989906311035,9632800
2012-09-21,13.375,13.484999656677246,13.260000228881836,13.319999694824219,5.895708084106445,9547200
2012-09-24,13.225000381469727,13.319999694824219,13.074999809265137,13.210000038146973,5.847020626068115,16573600
2012-09-25,13.0649995803833,13.194999694824219,12.604999542236328,12.800000190734863,5.665546417236328,22053800
2012-09-26,12.630000114440918,12.925000190734863,12.505000114440918,12.880000114440918,5.700955390930176,10930200
2012-09-27,13.029999732971191,13.085000038146973,12.774999618530273,12.899999618530273,5.709809303283691,15005600
2012-09-28,12.09000015258789,12.600000381469727,12.010000228881836,12.399999618530273,5.488499641418457,42927400
2012-10-01,12.354999542236328,12.579999923706055,12.260000228881836,12.5,5.532757759094238,14663600
2012-10-02,12.505000114440918,12.694999694824219,12.274999618530273,12.550000190734863,5.554889678955078,10523400
2012-10-03,12.569999694824219,12.569999694824219,12.170000076293945,12.414999961853027,5.495136737823486,12709000
2012-10-04,12.345000267028809,12.475000381469727,12.170000076293945,12.260000228881836,5.426530361175537,16010600
2012-10-05,12.244999885559082,12.46500015258789,11.664999961853027,11.75,5.200797080993652,33629600
2012-10-08,11.739999771118164,11.819999694824219,11.234999656677246,11.399999618530273,5.045875549316406,29312800
2012-10-09,11.40999984741211,11.550000190734863,11.265000343322754,11.385000228881836,5.039237022399902,25420000
2012-10-10,11.4399995803833,11.550000190734863,11.175000190734863,11.220000267028809,4.966206073760986,12711600
2012-10-11,11.354999542236328,11.595000267028809,11.279999732971191,11.555000305175781,5.114482402801514,12769800
2012-10-15,11.595000267028809,11.694999694824219,11.510000228881836,11.550000190734863,5.112270355224609,9920800
2012-10-16,11.649999618530273,11.694999694824219,11.364999771118164,11.399999618530273,5.045875549316406,17549400
2012-10-17,11.5,11.585000038146973,11.375,11.520000457763672,5.098991394042969,16588800
2012-10-18,11.470000267028809,11.645000457763672,11.399999618530273,11.449999809265137,5.06800651550293,11784200
2012-10-19,11.399999618530273,11.524999618530273,11.319999694824219,11.350000381469727,5.023747444152832,18886800
2012-10-22,11.399999618530273,11.449999809265137,11.265000343322754,11.350000381469727,5.023747444152832,9120200
2012-10-23,11.225000381469727,11.229999542236328,11.0,11.0,4.86883020401001,11199600
2012-10-24,11.029999732971191,11.145000457763672,10.760000228881836,10.890000343322754,4.82014274597168,9029800
2012-10-25,10.979999542236328,11.279999732971191,10.960000038146973,11.100000381469727,4.913089275360107,10842800
2012-10-26,11.0,11.03499984741211,10.890000343322754,10.890000343322754,4.82014274597168,8810800
2012-10-29,10.875,11.0,10.805000305175781,10.944999694824219,4.844483852386475,4845000
2012-10-30,11.0,11.045000076293945,10.944999694824219,10.954999923706055,4.848912239074707,4097600
2012-10-31,11.015000343322754,11.020000457763672,10.795000076293945,10.835000038146973,4.795795440673828,6163800
2012-11-01,10.854999542236328,11.5600004196167,10.854999542236328,11.545000076293945,5.110056400299072,10395000
2012-11-05,11.350000381469727,11.479999542236328,11.180000305175781,11.220000267028809,4.966206073760986,9724600
2012-11-06,11.295000076293945,11.515000343322754,11.199999809265137,11.5,5.090139389038086,6886600
2012-11-07,11.4350004196167,11.444999694824219,11.180000305175781,11.225000381469727,4.968419551849365,9950000
2012-11-08,11.100000381469727,11.145000457763672,10.710000038146973,10.725000381469727,4.747106552124023,21901600
2012-11-09,10.75,10.899999618530273,10.449999809265137,10.475000381469727,4.6364521980285645,16502600
2012-11-12,10.539999961853027,10.675000190734863,10.385000228881836,10.385000228881836,4.596617221832275,7245800
2012-11-13,10.425000190734863,10.664999961853027,10.25,10.595000267028809,4.689568042755127,17576400
2012-11-14,10.53499984741211,10.675000190734863,10.46500015258789,10.579999923706055,4.682928085327148,11731200
2012-11-16,10.574999809265137,10.725000381469727,10.449999809265137,10.454999923706055,4.627602577209473,8653800
2012-11-19,10.59000015258789,10.6850004196167,10.46500015258789,10.470000267028809,4.658059120178223,10964800
2012-11-21,10.475000381469727,10.59000015258789,10.345000267028809,10.5,4.671406269073486,14525600
2012-11-22,10.5,10.625,10.449999809265137,10.454999923706055,4.651388168334961,3406800
2012-11-23,10.454999923706055,10.75,10.380000114440918,10.75,4.782631874084473,7638200
2012-11-26,10.75,11.180000305175781,10.654999732971191,10.9399995803833,4.867161750793457,16891400
2012-11-27,11.079999923706055,11.199999809265137,10.899999618530273,10.949999809265137,4.871608734130859,11220000
2012-11-28,10.84000015258789,11.0,10.71500015258789,10.949999809265137,4.871608734130859,14864400
2012-11-29,11.069999694824219,11.25,10.984999656677246,11.145000457763672,4.958367824554443,9406400
2012-11-30,11.09000015258789,11.149999618530273,10.699999809265137,10.954999923706055,4.873835563659668,17606600
2012-12-03,11.0,11.149999618530273,10.864999771118164,11.029999732971191,4.907200813293457,8833400
2012-12-04,10.989999771118164,11.199999809265137,10.989999771118164,11.024999618530273,4.904975891113281,11918200
2012-12-05,11.149999618530273,11.239999771118164,11.024999618530273,11.225000381469727,4.993957042694092,10817200
2012-12-06,11.25,11.25,11.029999732971191,11.180000305175781,4.973938465118408,8078000
2012-12-07,11.204999923706055,11.420000076293945,11.15999984741211,11.420000076293945,5.080712795257568,13509800
2012-12-10,11.350000381469727,11.545000076293945,11.319999694824219,11.5,5.116304397583008,8085800
2012-12-11,11.510000228881836,11.65999984741211,11.425000190734863,11.5,5.116304397583008,11341600
2012-12-12,11.5,11.645000457763672,11.5,11.600000381469727,5.160794258117676,14585000
2012-12-13,11.449999809265137,11.604999542236328,11.274999618530273,11.279999732971191,5.083542823791504,12714000
2012-12-14,11.34000015258789,11.395000457763672,11.0649995803833,11.1899995803833,5.0429840087890625,8875600
2012-12-17,11.1899995803833,11.25,11.130000114440918,11.140000343322754,5.020449638366699,6818600
2012-12-18,11.21500015258789,11.539999961853027,11.180000305175781,11.489999771118164,5.178184509277344,10517600
2012-12-19,11.555000305175781,12.125,11.510000228881836,12.100000381469727,5.453092098236084,18168000
2012-12-20,12.0,12.5,11.960000038146973,12.5,5.633357524871826,15609400
2012-12-21,12.199999809265137,12.600000381469727,12.104999542236328,12.600000381469727,5.678427219390869,14784800
2012-12-26,12.505000114440918,12.585000038146973,12.210000038146973,12.5,5.633357524871826,8830200
2012-12-27,12.425000190734863,12.59000015258789,12.300000190734863,12.529999732971191,5.646882057189941,7916400
2012-12-28,12.524999618530273,12.895000457763672,12.454999923706055,12.800000190734863,5.768558502197266,9259200
2013-01-02,13.0,13.095000267028809,12.729999542236328,12.899999618530273,5.813625335693359,17088800
2013-01-03,12.774999618530273,13.28499984741211,12.744999885559082,13.154999732971191,5.928549766540527,13297000
2013-01-04,13.100000381469727,13.154999732971191,12.9350004196167,12.994999885559082,5.856442451477051,12886000
2013-01-07,13.015000343322754,13.135000228881836,12.90999984741211,13.074999809265137,5.892495632171631,19341400
2013-01-08,13.0,13.420000076293945,12.994999885559082,13.225000381469727,5.9600958824157715,28035600
2013-01-09,13.25,13.390000343322754,13.229999542236328,13.350000381469727,6.0164265632629395,16440600
2013-01-10,13.34000015258789,13.399999618530273,12.989999771118164,13.149999618530273,5.926293849945068,11562800
2013-01-11,13.095000267028809,13.154999732971191,12.859999656677246,12.989999771118164,5.854187488555908,11361400
2013-01-14,13.074999809265137,13.520000457763672,13.055000305175781,13.449999809265137,6.061493873596191,19682800
2013-01-15,13.074999809265137,13.550000190734863,13.055000305175781,13.350000381469727,6.0164265632629395,12137600
2013-01-16,13.225000381469727,13.430000305175781,13.199999809265137,13.430000305175781,6.052482604980469,7046600
2013-01-17,13.375,13.574999809265137,13.3149995803833,13.404999732971191,6.041214942932129,15626000
2013-01-18,13.125,13.239999771118164,12.800000190734863,13.100000381469727,5.903762340545654,16122800
2013-01-21,13.114999771118164,13.149999618530273,12.824999809265137,12.96500015258789,5.842922210693359,9050600
2013-01-22,12.9399995803833,13.03499984741211,12.75,12.96500015258789,5.842922210693359,12305200
2013-01-23,12.8149995803833,12.920000076293945,12.635000228881836,12.75,5.746025562286377,10003400
2013-01-24,12.760000228881836,12.859999656677246,12.574999809265137,12.699999809265137,5.723492622375488,9968800
2013-01-28,12.739999771118164,12.739999771118164,12.100000381469727,12.354999542236328,5.5680131912231445,26662000
2013-01-29,12.34000015258789,12.539999961853027,12.204999923706055,12.510000228881836,5.637866973876953,11189200
2013-01-30,12.510000228881836,12.600000381469727,12.234999656677246,12.399999618530273,5.588292121887207,15659200
2013-01-31,12.470000267028809,12.470000267028809,12.020000457763672,12.199999809265137,5.4981608390808105,15514800
2013-02-01,12.199999809265137,12.255000114440918,12.024999618530273,12.149999618530273,5.475624084472656,9214200
2013-02-04,12.100000381469727,12.100000381469727,11.829999923706055,11.925000190734863,5.374224662780762,8912000
2013-02-05,11.925000190734863,12.225000381469727,11.885000228881836,12.029999732971191,5.421544075012207,9849800
2013-02-06,12.095000267028809,12.095000267028809,11.725000381469727,11.96500015258789,5.39224910736084,14787400
2013-02-07,11.954999923706055,12.295000076293945,11.795000076293945,11.824999809265137,5.329158306121826,12399400
2013-02-08,11.854999542236328,12.050000190734863,11.8149995803833,11.90999984741211,5.367465972900391,12066000
2013-02-13,12.0,12.244999885559082,11.835000038146973,11.930000305175781,5.37647819519043,9460600
2013-02-14,11.850000381469727,11.9350004196167,11.755000114440918,11.899999618530273,5.36295747756958,8166000
2013-02-15,11.899999618530273,12.270000457763672,11.824999809265137,12.199999809265137,5.4981608390808105,19152800
2013-02-18,12.149999618530273,12.345000267028809,11.994999885559082,12.039999961853027,5.426051139831543,7487400
2013-02-19,12.079999923706055,12.3149995803833,12.069999694824219,12.265000343322754,5.527453899383545,12565000
2013-02-20,12.289999961853027,12.34000015258789,12.024999618530273,12.149999618530273,5.475624084472656,11786000
2013-02-21,12.600000381469727,12.6899995803833,12.350000381469727,12.645000457763672,5.698707580566406,32457400
2013-02-22,12.699999809265137,12.899999618530273,12.5600004196167,12.859999656677246,5.795597076416016,17213600
2013-02-25,12.800000190734863,12.930000305175781,12.630000114440918,12.704999923706055,5.725747108459473,11683200
2013-02-26,12.600000381469727,12.850000381469727,12.5,12.694999694824219,5.721240997314453,12029200
2013-02-27,12.649999618530273,13.074999809265137,12.635000228881836,13.074999809265137,5.892495632171631,15994200
2013-02-28,13.0,13.25,12.984999656677246,13.170000076293945,5.935307025909424,13264600
2013-03-01,13.175000190734863,13.489999771118164,13.109999656677246,13.274999618530273,5.98262882232666,22505200
2013-03-04,13.149999618530273,13.3149995803833,13.024999618530273,13.260000228881836,6.035269260406494,11838200
2013-03-05,13.210000038146973,13.369999885559082,13.175000190734863,13.1899995803833,6.0034098625183105,13331000
2013-03-06,13.305000305175781,13.430000305175781,13.1899995803833,13.329999923706055,6.0671281814575195,12901600
2013-03-07,13.380000114440918,13.569999694824219,13.234999656677246,13.390000343322754,6.094438552856445,10502200
2013-03-08,13.3149995803833,13.645000457763672,13.274999618530273,13.635000228881836,6.205949783325195,13029800
2013-03-11,13.550000190734863,13.675000190734863,13.484999656677246,13.449999809265137,6.1217498779296875,8357400
2013-03-12,13.5,13.5649995803833,13.21500015258789,13.295000076293945,6.111390590667725,13043200
2013-03-13,13.289999961853027,13.289999961853027,13.029999732971191,13.15999984741211,6.049332141876221,11248800
2013-03-14,13.100000381469727,13.225000381469727,12.960000038146973,13.210000038146973,6.072317123413086,14960200
2013-03-15,13.149999618530273,13.300000190734863,13.029999732971191,13.175000190734863,6.056228160858154,12377800
2013-03-18,13.100000381469727,13.145000457763672,12.949999809265137,12.970000267028809,5.9619951248168945,10637000
2013-03-19,13.100000381469727,13.265000343322754,12.925000190734863,13.1850004196167,6.060826301574707,14120400
2013-03-20,13.114999771118164,13.520000457763672,13.104999542236328,13.40999984741211,6.164249897003174,19840600
2013-03-21,13.359999656677246,13.460000038146973,13.175000190734863,13.399999618530273,6.159656047821045,14520800
2013-03-22,13.395000457763672,13.475000381469727,13.199999809265137,13.300000190734863,6.1136884689331055,9427200
2013-03-25,13.3100004196167,13.359999656677246,13.154999732971191,13.220000267028809,6.076914310455322,13238000
2013-03-26,13.199999809265137,13.489999771118164,13.1850004196167,13.324999809265137,6.125175952911377,13546200
2013-03-27,13.25,13.550000190734863,13.244999885559082,13.449999809265137,6.182639122009277,9079400
2013-03-28,13.449999809265137,13.449999809265137,13.449999809265137,13.449999809265137,6.182639122009277,13915000
2013-04-01,13.625,13.944999694824219,13.625,13.779999732971191,6.334331512451172,10702400
2013-04-02,13.625,13.949999809265137,13.625,13.78499984741211,6.336630821228027,15036000
2013-04-03,13.744999885559082,13.779999732971191,13.4399995803833,13.524999618530273,6.2171149253845215,22228200
2013-04-04,13.545000076293945,13.550000190734863,13.114999771118164,13.220000267028809,6.076914310455322,15137000
2013-04-05,13.095000267028809,13.40999984741211,13.020000457763672,13.289999961853027,6.109091758728027,14268200
2013-04-08,13.375,13.625,13.3149995803833,13.510000228881836,6.2102155685424805,12864200
2013-04-09,13.479999542236328,13.875,13.479999542236328,13.795000076293945,6.341227054595947,13905400
2013-04-10,13.779999732971191,14.225000381469727,13.779999732971191,14.09000015258789,6.476831436157227,18858200
2013-04-11,14.069999694824219,14.194999694824219,13.895000457763672,14.15999984741211,6.509008407592773,13749800
2013-04-12,14.069999694824219,14.289999961853027,14.005000114440918,14.175000190734863,6.515904426574707,23747800
2013-04-15,13.854999542236328,14.050000190734863,13.805000305175781,13.925000190734863,6.400983810424805,22859000
2013-04-16,13.979999542236328,14.244999885559082,13.864999771118164,14.074999809265137,6.469937801361084,12110600
2013-04-17,14.0,14.135000228881836,13.779999732971191,13.800000190734863,6.343522071838379,18366600
2013-04-18,13.854999542236328,13.895000457763672,13.40999984741211,13.414999961853027,6.166551113128662,13338600
2013-04-19,13.324999809265137,13.484999656677246,13.140000343322754,13.300000190734863,6.1136884689331055,12717400
2013-04-22,13.3100004196167,13.479999542236328,13.175000190734863,13.305000305175781,6.115986347198486,15180400
2013-04-23,13.300000190734863,13.449999809265137,13.300000190734863,13.390000343322754,6.155057907104492,10538000
2013-04-24,13.270000457763672,13.274999618530273,13.005000114440918,13.100000381469727,6.021751403808594,28880600
2013-04-25,13.199999809265137,13.239999771118164,12.819999694824219,12.819999694824219,5.893043041229248,14004400
2013-04-26,12.819999694824219,12.819999694824219,12.819999694824219,12.819999694824219,5.893043041229248,0
2013-04-29,12.65999984741211,12.699999809265137,12.324999809265137,12.484999656677246,5.739051342010498,18216600
2013-04-30,12.494999885559082,12.720000267028809,12.460000038146973,12.625,5.803407192230225,18252400
2013-05-02,12.59000015258789,12.845000267028809,12.380000114440918,12.479999542236328,5.736753463745117,13220600
2013-05-03,12.579999923706055,12.6850004196167,12.300000190734863,12.395000457763672,5.697680950164795,15550400
2013-05-06,12.399999618530273,12.399999618530273,12.149999618530273,12.1850004196167,5.601150035858154,14164800
2013-05-07,12.34000015258789,12.704999923706055,12.244999885559082,12.704999923706055,5.840179920196533,17898800
2013-05-08,12.675000190734863,12.864999771118164,12.595000267028809,12.729999542236328,5.8516716957092285,12528400
2013-05-09,12.694999694824219,12.795000076293945,12.5,12.640000343322754,5.810302257537842,9052400
2013-05-10,12.600000381469727,12.760000228881836,12.53499984741211,12.710000038146973,5.842476844787598,8471400
2013-05-13,12.649999618530273,12.6850004196167,12.510000228881836,12.5649995803833,5.775826454162598,10013200
2013-05-14,12.569999694824219,12.670000076293945,12.380000114440918,12.630000114440918,5.805705547332764,11041200
2013-05-15,12.449999809265137,12.625,12.21500015258789,12.34000015258789,5.672399520874023,23054600
2013-05-16,12.425000190734863,12.65999984741211,12.350000381469727,12.585000038146973,5.785019397735596,11875000
2013-05-17,12.680000305175781,13.069999694824219,12.664999961853027,13.020000457763672,5.98498010635376,19351000
2013-05-20,12.680000305175781,13.289999961853027,12.664999961853027,13.28499984741211,6.106791019439697,11917200
2013-05-21,13.25,13.369999885559082,13.095000267028809,13.125,6.033246040344238,9637400
2013-05-22,13.145000457763672,13.484999656677246,13.020000457763672,13.34000015258789,6.155106067657471,14578200
2013-05-23,13.119999885559082,13.430000305175781,13.055000305175781,13.324999809265137,6.148181915283203,9186400
2013-05-24,13.270000457763672,13.470000267028809,13.234999656677246,13.345000267028809,6.157410144805908,11808400
2013-05-27,13.324999809265137,13.4350004196167,13.324999809265137,13.40999984741211,6.187401294708252,2840400
2013-05-28,13.5,13.609999656677246,13.350000381469727,13.395000457763672,6.180480480194092,11231200
2013-05-29,13.260000228881836,13.364999771118164,12.84000015258789,12.9350004196167,5.968238353729248,11614600
2013-05-31,12.9350004196167,13.114999771118164,12.449999809265137,12.699999809265137,5.859806060791016,23717600
2013-06-03,12.699999809265137,12.885000228881836,12.399999618530273,12.765000343322754,5.889796733856201,19176000
2013-06-04,12.854999542236328,12.880000114440918,12.425000190734863,12.520000457763672,5.776753902435303,13367600
2013-06-05,12.5,12.545000076293945,12.149999618530273,12.225000381469727,5.640642166137695,20316200
2013-06-06,12.25,12.3100004196167,12.005000114440918,12.180000305175781,5.619876384735107,12318400
2013-06-07,12.0,12.180000305175781,11.699999809265137,11.850000381469727,5.46761417388916,21842200
2013-06-10,11.789999961853027,12.125,11.774999618530273,11.970000267028809,5.522983074188232,17321400
2013-06-11,11.824999809265137,11.925000190734863,11.630000114440918,11.675000190734863,5.386868476867676,11142800
2013-06-12,11.725000381469727,11.725000381469727,11.050000190734863,11.170000076293945,5.216861724853516,37856200
2013-06-13,11.225000381469727,11.539999961853027,11.194999694824219,11.404999732971191,5.32661771774292,18285600
2013-06-14,11.614999771118164,11.765000343322754,11.4399995803833,11.460000038146973,5.352303504943848,13605200
2013-06-17,11.5,11.770000457763672,11.475000381469727,11.489999771118164,5.366315841674805,14501600
2013-06-18,11.5,11.524999618530273,11.170000076293945,11.300000190734863,5.277576923370361,17726200
2013-06-19,11.375,11.444999694824219,10.930000305175781,10.944999694824219,5.111774921417236,13225600
2013-06-20,10.789999961853027,10.8100004196167,10.274999618530273,10.574999809265137,4.938970565795898,30525800
2013-06-21,10.595000267028809,10.6899995803833,10.0649995803833,10.5600004196167,4.931967258453369,28060000
2013-06-24,10.25,10.819999694824219,10.204999923706055,10.53499984741211,4.920289039611816,16233600
2013-06-25,10.649999618530273,10.770000457763672,10.555000305175781,10.625,4.9623236656188965,18325200
2013-06-26,10.654999732971191,10.765000343322754,10.59000015258789,10.649999618530273,4.973999500274658,17554000
2013-06-27,10.699999809265137,10.930000305175781,10.65999984741211,10.760000228881836,5.025373458862305,10496200
2013-06-28,10.75,11.239999771118164,10.59000015258789,11.029999732971191,5.151473045349121,20829200
2013-07-01,10.75,11.239999771118164,10.59000015258789,11.074999809265137,5.172491550445557,18364000
2013-07-02,10.989999771118164,10.989999771118164,10.25,10.449999809265137,4.88059139251709,27980000
2013-07-03,10.354999542236328,10.4350004196167,10.100000381469727,10.149999618530273,4.740477085113525,20412400
2013-07-04,10.295000076293945,10.399999618530273,10.204999923706055,10.305000305175781,4.812869548797607,9378000
2013-07-05,10.270000457763672,10.380000114440918,10.015000343322754,10.220000267028809,4.773169994354248,13114200
2013-07-08,10.1850004196167,10.375,10.039999961853027,10.204999923706055,4.766164779663086,10228200
2013-07-10,10.25,10.399999618530273,10.204999923706055,10.270000457763672,4.7965216636657715,13011400
2013-07-11,10.350000381469727,10.635000228881836,10.3149995803833,10.585000038146973,4.9436421394348145,10923800
2013-07-12,10.524999618530273,10.609999656677246,10.319999694824219,10.5,4.903942108154297,12069000
2013-07-15,10.494999885559082,10.824999809265137,10.430000305175781,10.795000076293945,5.041720390319824,9105800
2013-07-16,10.949999809265137,11.125,10.819999694824219,11.100000381469727,5.184167385101318,15288000
2013-07-17,11.109999656677246,11.300000190734863,11.050000190734863,11.199999809265137,5.230874061584473,12778200
2013-07-18,11.149999618530273,11.4350004196167,11.114999771118164,11.295000076293945,5.275241851806641,6956600
2013-07-19,11.180000305175781,11.274999618530273,11.074999809265137,11.15999984741211,5.212190628051758,7498600
2013-07-22,11.180000305175781,11.524999618530273,11.125,11.380000114440918,5.314939498901367,7753200
2013-07-23,11.479999542236328,11.595000267028809,11.4399995803833,11.520000457763672,5.380329132080078,8196200
2013-07-24,11.449999809265137,11.550000190734863,11.260000228881836,11.430000305175781,5.338292121887207,10839400
2013-07-25,11.350000381469727,11.479999542236328,11.289999961853027,11.295000076293945,5.275241851806641,11296200
2013-07-26,11.295000076293945,11.295000076293945,11.295000076293945,11.295000076293945,5.275241851806641,0
2013-07-29,11.204999923706055,11.40999984741211,11.154999732971191,11.345000267028809,5.2985944747924805,7881600
2013-07-30,11.350000381469727,11.574999809265137,11.350000381469727,11.470000267028809,5.3569746017456055,14466400
2013-07-31,11.4350004196167,11.520000457763672,11.300000190734863,11.335000038146973,5.293921947479248,13492000
2013-08-01,11.46500015258789,11.574999809265137,11.390000343322754,11.574999809265137,5.406013011932373,8706400
2013-08-02,11.5600004196167,11.675000190734863,11.399999618530273,11.404999732971191,5.32661771774292,5747400
2013-08-05,11.5,11.545000076293945,11.100000381469727,11.104999542236328,5.186502933502197,10653600
2013-08-06,11.170000076293945,11.170000076293945,10.664999961853027,10.710000038146973,5.002020835876465,17692600
2013-08-07,10.699999809265137,10.8100004196167,10.619999885559082,10.65999984741211,4.978669166564941,10245600
2013-08-08,10.75,11.145000457763672,10.725000381469727,11.055000305175781,5.163154125213623,13018600
2013-08-09,11.104999542236328,11.3149995803833,11.039999961853027,11.300000190734863,5.277576923370361,12169600
2013-08-12,11.335000038146973,11.725000381469727,11.324999809265137,11.475000381469727,5.359309196472168,16007800
2013-08-13,11.725000381469727,11.744999885559082,11.414999961853027,11.670000076293945,5.450380802154541,18064600
2013-08-14,11.600000381469727,11.800000190734863,11.585000038146973,11.734999656677246,5.480741024017334,20808400
2013-08-15,11.640000343322754,11.779999732971191,11.46500015258789,11.600000381469727,5.417689323425293,22458000
2013-08-16,11.600000381469727,11.704999923706055,11.479999542236328,11.574999809265137,5.406013011932373,14042200
2013-08-19,11.524999618530273,11.600000381469727,11.260000228881836,11.260000228881836,5.2588958740234375,16778400
2013-08-20,11.25,11.4350004196167,11.149999618530273,11.149999618530273,5.20751953125,10431400
2013-08-21,11.15999984741211,11.28499984741211,10.90999984741211,10.989999771118164,5.13279390335083,15608200
2013-08-22,11.180000305175781,11.390000343322754,11.135000228881836,10.975000381469727,5.125787734985352,42344000
2013-08-23,11.005000114440918,11.140000343322754,10.850000381469727,11.119999885559082,5.3850836753845215,13207600
2013-08-26,11.09000015258789,11.125,10.899999618530273,10.899999618530273,5.2785444259643555,8665400
2013-08-27,10.800000190734863,10.899999618530273,10.75,10.899999618530273,5.2785444259643555,20746400
2013-08-28,10.949999809265137,11.125,10.8149995803833,11.050000190734863,5.351182460784912,10830200
2013-08-29,11.125,11.449999809265137,11.074999809265137,11.3100004196167,5.4770965576171875,15051600
2013-08-30,11.125,11.529999732971191,11.074999809265137,11.524999618530273,5.581211566925049,16942000
2013-09-02,11.585000038146973,11.8100004196167,11.585000038146973,11.625,5.629636764526367,10727800
2013-09-03,11.694999694824219,11.774999618530273,11.449999809265137,11.515000343322754,5.576372146606445,10404200
2013-09-04,11.5,11.645000457763672,11.395000457763672,11.604999542236328,5.619953632354736,9368600
2013-09-05,11.640000343322754,11.789999961853027,11.53499984741211,11.78499984741211,5.707122325897217,17743400
2013-09-06,11.824999809265137,12.029999732971191,11.755000114440918,11.899999618530273,5.762815952301025,13922600
2013-09-09,11.90999984741211,12.170000076293945,11.90999984741211,12.119999885559082,5.869353771209717,15152800
2013-09-10,12.149999618530273,12.444999694824219,12.149999618530273,12.324999809265137,5.968626499176025,16180400
2013-09-11,12.324999809265137,12.375,12.199999809265137,12.095000267028809,5.8572492599487305,23630000
2013-09-12,12.229999542236328,12.234999656677246,11.805000305175781,11.890000343322754,5.833642959594727,12108600
2013-09-13,11.864999771118164,12.0600004196167,11.645000457763672,12.0,5.887609004974365,22064800
2013-09-16,12.119999885559082,12.1899995803833,11.949999809265137,12.069999694824219,5.9219536781311035,8716600
2013-09-17,12.079999923706055,12.265000343322754,11.920000076293945,12.265000343322754,6.017627239227295,12654800
2013-09-18,12.244999885559082,12.789999961853027,12.199999809265137,12.675000190734863,6.218788146972656,15004800
2013-09-19,12.619999885559082,12.829999923706055,12.550000190734863,12.800000190734863,6.280118465423584,12167000
2013-09-20,12.739999771118164,12.800000190734863,12.579999923706055,12.760000228881836,6.260494232177734,14801000
2013-09-23,12.739999771118164,13.225000381469727,12.579999923706055,13.0649995803833,6.410134792327881,15295400
2013-09-24,12.739999771118164,13.225000381469727,12.579999923706055,12.970000267028809,6.363525867462158,17913800
2013-09-25,12.914999961853027,12.984999656677246,12.725000381469727,12.875,6.3169145584106445,16035200
2013-09-26,12.925000190734863,12.984999656677246,12.75,12.850000381469727,6.304650783538818,8281400
2013-09-27,12.890000343322754,13.350000381469727,12.850000381469727,13.1899995803833,6.471466064453125,18192800
2013-09-30,12.890000343322754,13.350000381469727,12.8100004196167,12.925000190734863,6.341446876525879,13228600
2013-10-01,13.050000190734863,13.0600004196167,12.779999732971191,13.045000076293945,6.40032434463501,7642000
2013-10-02,12.96500015258789,13.104999542236328,12.925000190734863,13.069999694824219,6.412588596343994,6745000
2013-10-03,13.020000457763672,13.085000038146973,12.885000228881836,13.074999809265137,6.415042400360107,8769200
2013-10-04,13.039999961853027,13.324999809265137,12.979999542236328,13.125,6.439575672149658,11176800
2013-10-07,13.135000228881836,13.15999984741211,12.989999771118164,13.15999984741211,6.45674467086792,7942600
2013-10-08,13.1899995803833,13.21500015258789,12.944999694824219,13.015000343322754,6.3856048583984375,11457600
2013-10-09,13.069999694824219,13.34000015258789,13.020000457763672,13.239999771118164,6.495996475219727,11985000
2013-10-10,13.265000343322754,13.425000190734863,13.1899995803833,13.399999618530273,6.574498176574707,10225000
2013-10-11,13.354999542236328,13.4399995803833,13.274999618530273,13.34000015258789,6.5450615882873535,8172400
2013-10-14,13.25,13.550000190734863,13.239999771118164,13.529999732971191,6.638280391693115,8132800
2013-10-15,13.5,13.625,13.380000114440918,13.524999618530273,6.635826587677002,12322000
2013-10-16,13.569999694824219,13.895000457763672,13.529999732971191,13.824999809265137,6.783019542694092,16353600
2013-10-17,13.805000305175781,13.944999694824219,13.654999732971191,13.890000343322754,6.814908504486084,9391800
2013-10-18,13.850000381469727,14.194999694824219,13.850000381469727,14.175000190734863,6.954738140106201,10358600
2013-10-21,14.125,14.199999809265137,13.989999771118164,14.050000190734863,6.893412113189697,9618400
2013-10-22,14.020000457763672,14.09000015258789,13.864999771118164,14.074999809265137,6.905678749084473,13085400
2013-10-23,14.015000343322754,14.145000457763672,13.949999809265137,14.0,6.868878364562988,9994000
2013-10-24,14.005000114440918,14.260000228881836,13.984999656677246,14.170000076293945,6.9522857666015625,13179000
2013-10-25,14.175000190734863,14.53499984741211,14.135000228881836,14.335000038146973,7.033242225646973,14770600
2013-10-28,14.420000076293945,14.475000381469727,14.210000038146973,14.279999732971191,7.006253242492676,6742400
2013-10-29,14.300000190734863,14.4350004196167,14.260000228881836,14.324999809265137,7.028334617614746,10315800
2013-10-30,14.350000381469727,14.645000457763672,14.34000015258789,14.630000114440918,7.177974700927734,10961800
2013-10-31,14.494999885559082,14.890000343322754,14.460000038146973,14.875,7.298185348510742,13188200
2013-11-01,14.925000190734863,14.949999809265137,14.675000190734863,14.850000381469727,7.285915374755859,10523200
2013-11-04,14.800000190734863,14.949999809265137,14.704999923706055,14.944999694824219,7.332526206970215,6449000
2013-11-05,14.869999885559082,14.90999984741211,14.625,14.729999542236328,7.227038860321045,7871600
2013-11-06,14.614999771118164,14.6850004196167,14.28499984741211,14.364999771118164,7.047957897186279,9318600
2013-11-07,14.324999809265137,14.614999771118164,14.255000114440918,14.295000076293945,7.013615608215332,11265200
2013-11-08,14.225000381469727,14.40999984741211,13.899999618530273,13.920000076293945,6.829625129699707,13305600
2013-11-11,13.925000190734863,14.125,13.824999809265137,14.045000076293945,6.890960216522217,7903200
2013-11-12,13.975000381469727,13.979999542236328,13.199999809265137,13.300000190734863,6.52543830871582,32631400
2013-11-13,13.3100004196167,13.614999771118164,13.15999984741211,13.21500015258789,6.483731746673584,33250400
2013-11-14,13.350000381469727,13.489999771118164,13.350000381469727,13.4399995803833,6.594125270843506,14479000
2013-11-18,13.5,13.569999694824219,13.484999656677246,13.505000114440918,6.626017093658447,11968800
2013-11-19,13.324999809265137,13.420000076293945,13.0,13.050000190734863,6.40277624130249,14187200
2013-11-21,13.0,13.0,12.75,12.75,6.255584716796875,17716000
2013-11-22,12.305000305175781,12.545000076293945,12.255000114440918,12.324999809265137,6.062903881072998,36536200
2013-11-25,12.364999771118164,12.5,11.829999923706055,12.0,5.903031349182129,29590400
2013-11-26,11.9350004196167,12.494999885559082,11.895000457763672,12.375,6.087502479553223,45206400
2013-11-27,12.375,12.75,12.375,12.699999809265137,6.247376918792725,29451200
2013-11-28,12.84000015258789,12.875,12.5,12.734999656677246,6.264593124389648,11216400
2013-11-29,12.75,12.875,12.625,12.859999656677246,6.326081275939941,14601400
2013-12-02,12.675000190734863,12.914999961853027,12.414999961853027,12.454999923706055,6.126856803894043,14186000
2013-12-03,12.390000343322754,12.550000190734863,12.170000076293945,12.194999694824219,5.9989542961120605,10875800
2013-12-04,12.274999618530273,12.375,11.920000076293945,11.9350004196167,5.871059894561768,11473800
2013-12-05,12.274999618530273,12.399999618530273,11.920000076293945,12.399999618530273,6.099800109863281,14914800
2013-12-06,12.449999809265137,12.739999771118164,12.395000457763672,12.414999961853027,6.107176303863525,15527400
2013-12-09,12.555000305175781,12.555000305175781,12.295000076293945,12.529999732971191,6.1637492179870605,7688600
2013-12-10,12.5,12.505000114440918,12.28499984741211,12.300000190734863,6.050607204437256,8440800
2013-12-11,12.295000076293945,12.324999809265137,11.9399995803833,11.96500015258789,5.8858137130737305,11056800
2013-12-12,11.904999732971191,12.015000343322754,11.664999961853027,11.904999732971191,5.932982921600342,11260200
2013-12-13,11.949999809265137,12.130000114440918,11.949999809265137,12.0,5.980325698852539,10548400
2013-12-16,12.074999809265137,12.220000267028809,12.005000114440918,12.020000457763672,5.990291595458984,10591400
2013-12-17,12.029999732971191,12.199999809265137,12.010000228881836,12.029999732971191,5.995275020599365,9024000
2013-12-18,12.085000038146973,12.244999885559082,12.039999961853027,12.100000381469727,6.030160903930664,12678400
2013-12-19,12.199999809265137,12.289999961853027,11.899999618530273,12.199999809265137,6.0799970626831055,22303000
2013-12-20,12.199999809265137,12.364999771118164,12.0649995803833,12.25,6.104915142059326,27909200
2013-12-23,12.265000343322754,12.354999542236328,12.15999984741211,12.260000228881836,6.109897136688232,10199000
2013-12-26,12.300000190734863,12.335000038146973,12.154999732971191,12.225000381469727,6.092458248138428,6806600
2013-12-27,12.270000457763672,12.295000076293945,12.119999885559082,12.140000343322754,6.0500946044921875,6170400
2013-12-30,12.140000343322754,12.28499984741211,12.104999542236328,12.199999809265137,6.0799970626831055,7050800
2014-01-02,12.225000381469727,12.239999771118164,11.975000381469727,12.0,5.980325698852539,8155800
2014-01-03,12.010000228881836,12.125,11.925000190734863,12.125,6.0426177978515625,10189200
2014-01-06,12.010000228881836,12.024999618530273,11.805000305175781,11.944999694824219,5.952914714813232,7966400
2014-01-07,11.949999809265137,12.050000190734863,11.710000038146973,11.739999771118164,5.8507490158081055,9192400
2014-01-08,11.75,11.78499984741211,11.484999656677246,11.505000114440918,5.733637809753418,13474600
2014-01-09,11.489999771118164,11.524999618530273,11.055000305175781,11.074999809265137,5.519341468811035,17889400
2014-01-10,11.170000076293945,11.5,11.029999732971191,11.475000381469727,5.718685626983643,16303200
2014-01-13,11.475000381469727,11.555000305175781,11.220000267028809,11.350000381469727,5.6563920974731445,8235000
2014-01-14,11.354999542236328,11.744999885559082,11.274999618530273,11.710000038146973,5.835801124572754,9754400
2014-01-15,11.704999923706055,11.774999618530273,11.510000228881836,11.585000038146973,5.773506164550781,17985800
2014-01-16,11.649999618530273,11.774999618530273,11.444999694824219,11.5,5.73114538192749,10847800
2014-01-17,11.529999732971191,11.545000076293945,11.125,11.199999809265137,5.581636428833008,12477200
2014-01-20,11.204999923706055,11.210000038146973,11.100000381469727,11.149999618530273,5.556715965270996,5768200
2014-01-21,11.199999809265137,11.220000267028809,11.199999809265137,11.199999809265137,5.581636428833008,9085000
2014-01-22,11.270000457763672,11.319999694824219,11.15999984741211,11.229999542236328,5.596588611602783,10880600
2014-01-23,11.130000114440918,11.175000190734863,10.755000114440918,10.755000114440918,5.359866142272949,19300400
2014-01-24,10.774999618530273,10.819999694824219,10.5,10.585000038146973,5.275145053863525,16707000
2014-01-27,10.600000381469727,10.795000076293945,10.5,10.71500015258789,5.339931011199951,10639200
2014-01-28,10.864999771118164,10.944999694824219,10.5600004196167,10.595000267028809,5.2801289558410645,9228400
2014-01-29,10.5600004196167,10.574999809265137,10.0600004196167,10.125,5.045899868011475,18613200
2014-01-30,10.15999984741211,10.199999809265137,9.979999542236328,10.050000190734863,5.008522987365723,13565800
2014-01-31,10.0,10.444999694824219,9.954999923706055,10.444999694824219,5.205373287200928,10997200
2014-02-03,10.3100004196167,10.404999732971191,10.029999732971191,10.0600004196167,5.013505935668945,9869400
2014-02-04,10.149999618530273,10.520000457763672,10.140000343322754,10.390000343322754,5.177966117858887,13026400
2014-02-05,10.404999732971191,10.470000267028809,10.154999732971191,10.319999694824219,5.143080711364746,8656200
2014-02-06,10.420000076293945,10.819999694824219,10.3149995803833,10.800000190734863,5.382293701171875,11144200
2014-02-07,10.835000038146973,10.835000038146973,10.579999923706055,10.744999885559082,5.354881763458252,11106000
2014-02-10,10.694999694824219,11.074999809265137,10.604999542236328,11.03499984741211,5.499406337738037,10436200
2014-02-11,11.119999885559082,11.204999923706055,10.885000228881836,10.925000190734863,5.444588661193848,15977000
2014-02-12,10.994999885559082,11.109999656677246,10.899999618530273,10.949999809265137,5.457045555114746,9083000
2014-02-13,10.449999809265137,10.550000190734863,10.279999732971191,10.34000015258789,5.153045177459717,33918400
2014-02-14,10.425000190734863,10.470000267028809,10.225000381469727,10.234999656677246,5.1335248947143555,12500200
2014-02-17,10.265000343322754,10.350000381469727,10.220000267028809,10.239999771118164,5.136031627655029,6556200
2014-02-18,10.25,10.300000190734863,9.90999984741211,9.9399995803833,4.985563278198242,13861400
2014-02-19,9.899999618530273,9.9350004196167,9.654999732971191,9.824999809265137,4.927882194519043,17961600
2014-02-20,9.850000381469727,10.289999961853027,9.829999923706055,10.225000381469727,5.128507614135742,17922800
2014-02-21,10.199999809265137,10.239999771118164,10.039999961853027,10.114999771118164,5.073336601257324,9400800
2014-02-24,10.085000038146973,10.175000190734863,9.800000190734863,9.859999656677246,4.945436000823975,17631600
2014-02-25,9.845000267028809,9.954999923706055,9.774999618530273,9.895000457763672,4.962992191314697,9209600
2014-02-26,9.9350004196167,9.9350004196167,9.675000190734863,9.75,4.890264511108398,13588600
2014-02-27,9.854999542236328,10.145000457763672,9.845000267028809,10.145000457763672,5.088382244110107,21523600
2014-02-28,10.194999694824219,10.350000381469727,10.015000343322754,10.350000381469727,5.191205024719238,59519600
2014-03-05,10.300000190734863,10.350000381469727,10.15999984741211,10.350000381469727,5.191205024719238,11770600
2014-03-06,10.395000457763672,10.40999984741211,10.109999656677246,10.125,5.078351974487305,12100200
2014-03-07,10.095000267028809,10.1899995803833,9.904999732971191,9.9399995803833,4.985563278198242,11161000
2014-03-10,9.925000190734863,10.024999618530273,9.760000228881836,9.850000381469727,4.940422534942627,10956800
2014-03-11,10.0,10.074999809265137,9.725000381469727,10.074999809265137,5.0532732009887695,17732400
2014-03-12,9.574999809265137,9.6850004196167,9.460000038146973,9.625,4.904144763946533,17274600
2014-03-13,9.734999656677246,9.760000228881836,9.5600004196167,9.5649995803833,4.873574733734131,10894400
2014-03-14,9.585000038146973,9.645000457763672,9.385000228881836,9.420000076293945,4.799691677093506,10064200
2014-03-17,9.470000267028809,9.574999809265137,9.324999809265137,9.350000381469727,4.764028072357178,10002600
2014-03-18,9.425000190734863,9.630000114440918,9.305000305175781,9.475000381469727,4.827716827392578,13849400
2014-03-19,9.510000228881836,9.949999809265137,9.479999542236328,9.90999984741211,5.049360752105713,16927000
2014-03-20,9.805000305175781,10.449999809265137,9.805000305175781,10.449999809265137,5.324501991271973,30694200
2014-03-21,10.119999885559082,10.4399995803833,10.114999771118164,10.335000038146973,5.265908718109131,26638600
2014-03-24,10.470000267028809,10.539999961853027,10.28499984741211,10.395000457763672,5.29647970199585,10798000
2014-03-25,10.395000457763672,10.545000076293945,10.354999542236328,10.420000076293945,5.309216499328613,10613200
2014-03-26,10.524999618530273,10.75,10.449999809265137,10.555000305175781,5.378002166748047,14808600
2014-03-27,10.710000038146973,11.385000228881836,10.710000038146973,11.255000114440918,5.7346696853637695,32310200
2014-03-28,11.25,11.4399995803833,11.0,11.109999656677246,5.660785675048828,12541000
2014-03-31,11.125,11.399999618530273,11.125,11.399999618530273,5.808547496795654,11157400
2014-04-01,11.40999984741211,11.53499984741211,11.319999694824219,11.390000343322754,5.80345344543457,11483200
2014-04-02,11.354999542236328,11.970000267028809,11.354999542236328,11.864999771118164,6.045475006103516,17108600
2014-04-03,11.875,11.970000267028809,11.524999618530273,11.680000305175781,5.951213836669922,12164600
2014-04-04,11.920000076293945,11.970000267028809,11.5649995803833,11.78499984741211,6.004714012145996,18763200
2014-04-07,11.975000381469727,12.470000267028809,11.90999984741211,12.449999809265137,6.343546390533447,23020800
2014-04-08,12.529999732971191,12.930000305175781,11.975000381469727,12.095000267028809,6.162667751312256,27448000
2014-04-09,12.0,12.0,11.515000343322754,11.704999923706055,5.9639506340026855,19688000
2014-04-10,11.699999809265137,11.895000457763672,11.4350004196167,11.725000381469727,5.974140167236328,12584400
2014-04-11,11.59000015258789,11.914999961853027,11.545000076293945,11.914999961853027,6.070950031280518,9218800
2014-04-14,11.90999984741211,11.994999885559082,11.649999618530273,11.734999656677246,5.979238033294678,7383200
2014-04-15,11.6850004196167,11.835000038146973,11.329999923706055,11.585000038146973,5.9028096199035645,13346000
2014-04-16,11.699999809265137,11.720000267028809,11.420000076293945,11.555000305175781,5.887523174285889,13689000
2014-04-17,11.600000381469727,12.194999694824219,11.53499984741211,12.055000305175781,6.142284870147705,18334000
2014-04-22,12.0,12.225000381469727,11.765000343322754,12.130000114440918,6.180500507354736,13439400
2014-04-23,12.055000305175781,12.154999732971191,11.869999885559082,11.925000190734863,6.076048851013184,9061000
2014-04-24,11.979999542236328,12.079999923706055,11.78499984741211,11.84000015258789,6.03273868560791,6886200
2014-04-25,11.725000381469727,11.859999656677246,11.59000015258789,11.65999984741211,5.941023826599121,9187600
2014-04-28,11.600000381469727,11.800000190734863,11.470000267028809,11.725000381469727,5.974140167236328,20759200
2014-04-29,11.859999656677246,12.130000114440918,11.824999809265137,11.949999809265137,6.0887861251831055,16908400
2014-04-30,11.920000076293945,11.944999694824219,11.600000381469727,11.694999694824219,5.958857536315918,13011400
2014-05-02,11.625,12.03499984741211,11.625,11.925000190734863,6.076048851013184,20712800
2014-05-05,12.005000114440918,12.21500015258789,11.975000381469727,12.15999984741211,6.19578742980957,9988200
2014-05-06,12.175000190734863,12.494999885559082,11.994999885559082,12.350000381469727,6.2925944328308105,16885600
2014-05-07,12.175000190734863,12.545000076293945,12.0,12.505000114440918,6.3715691566467285,22760800
2014-05-08,12.494999885559082,12.515000343322754,11.930000305175781,11.970000267028809,6.0989766120910645,19825400
2014-05-09,12.050000190734863,12.199999809265137,11.739999771118164,11.789999961853027,6.007259368896484,14343600
2014-05-12,11.824999809265137,11.970000267028809,11.824999809265137,11.885000228881836,6.055665969848633,8511600
2014-05-13,11.90999984741211,12.045000076293945,11.755000114440918,11.954999923706055,6.0913310050964355,9288000
2014-05-14,11.960000038146973,12.100000381469727,11.850000381469727,12.005000114440918,6.116808891296387,6975800
2014-05-15,11.975000381469727,12.050000190734863,11.854999542236328,11.994999885559082,6.111713409423828,4813400
2014-05-16,11.994999885559082,12.100000381469727,11.920000076293945,12.024999618530273,6.1269965171813965,8003000
2014-05-19,12.045000076293945,12.045000076293945,11.869999885559082,11.899999618530273,6.063307762145996,6831600
2014-05-20,11.925000190734863,12.274999618530273,11.824999809265137,11.864999771118164,6.066175937652588,29307800
2014-05-21,11.899999618530273,12.25,11.0,11.005000114440918,5.626488208770752,22430600
2014-05-22,10.994999885559082,11.40999984741211,10.90999984741211,11.395000457763672,5.8258819580078125,29187200
2014-05-23,11.399999618530273,11.520000457763672,11.039999961853027,11.199999809265137,5.726183891296387,14607400
2014-05-26,11.154999732971191,11.329999923706055,11.09000015258789,11.220000267028809,5.736410617828369,4378200
2014-05-27,11.1850004196167,11.649999618530273,11.109999656677246,11.289999961853027,5.772197723388672,15810400
2014-05-28,11.354999542236328,11.800000190734863,11.300000190734863,11.670000076293945,5.96647834777832,18479800
2014-05-29,11.760000228881836,11.869999885559082,11.475000381469727,11.600000381469727,5.930692195892334,9754600
2014-05-30,11.484999656677246,11.555000305175781,11.359999656677246,11.444999694824219,5.851442813873291,8875200
2014-06-02,11.46500015258789,11.604999542236328,11.380000114440918,11.425000190734863,5.8412184715271,5887200
2014-06-03,11.449999809265137,11.59000015258789,11.335000038146973,11.574999809265137,5.917908668518066,7394400
2014-06-04,11.505000114440918,11.574999809265137,11.454999923706055,11.545000076293945,5.902570724487305,7990600
2014-06-05,11.600000381469727,11.75,11.53499984741211,11.585000038146973,5.923023700714111,10486600
2014-06-06,12.300000190734863,12.300000190734863,12.024999618530273,12.199999809265137,6.23745059967041,19574400
2014-06-09,12.229999542236328,12.675000190734863,12.175000190734863,12.555000305175781,6.418951034545898,16220000
2014-06-10,12.555000305175781,13.050000190734863,12.470000267028809,12.930000305175781,6.61067533493042,21945000
2014-06-11,13.125,13.25,13.0600004196167,13.0600004196167,6.677140235900879,18881800
2014-06-13,12.949999809265137,13.239999771118164,12.880000114440918,13.180000305175781,6.8223466873168945,16397000
2014-06-16,13.125,13.395000457763672,13.119999885559082,13.289999961853027,6.879283905029297,16190000
2014-06-17,13.25,13.300000190734863,13.010000228881836,13.069999694824219,6.765407085418701,8154400
2014-06-18,13.074999809265137,13.100000381469727,12.520000457763672,12.9350004196167,6.695529937744141,24329000
2014-06-20,12.744999885559082,12.829999923706055,12.6850004196167,12.8100004196167,6.630821704864502,12303000
2014-06-23,12.75,12.800000190734863,12.529999732971191,12.704999923706055,6.57647180557251,9358000
2014-06-24,12.654999732971191,12.975000381469727,12.635000228881836,12.895000457763672,6.674820899963379,10994200
2014-06-25,12.819999694824219,12.899999618530273,12.640000343322754,12.729999542236328,6.589413166046143,10844600
2014-06-26,12.765000343322754,12.800000190734863,12.595000267028809,12.654999732971191,6.550589561462402,5042000
2014-06-27,12.604999542236328,12.744999885559082,12.479999542236328,12.59000015258789,6.516941070556641,4772000
2014-06-30,12.510000228881836,12.595000267028809,12.300000190734863,12.425000190734863,6.431536674499512,11878200
2014-07-01,12.479999542236328,12.579999923706055,12.380000114440918,12.470000267028809,6.45482873916626,8755000
2014-07-02,12.404999732971191,12.5,12.104999542236328,12.260000228881836,6.346126079559326,13542800
2014-07-03,12.050000190734863,12.335000038146973,12.050000190734863,12.324999809265137,6.3797736167907715,7480400
2014-07-04,12.25,12.380000114440918,12.25,12.305000305175781,6.369421482086182,1479600
2014-07-07,12.25,12.475000381469727,12.199999809265137,12.425000190734863,6.431536674499512,5830400
2014-07-08,12.4399995803833,12.640000343322754,12.4350004196167,12.630000114440918,6.537650108337402,7703400
2014-07-10,12.850000381469727,13.21500015258789,12.760000228881836,13.130000114440918,6.7964630126953125,22197600
2014-07-11,13.095000267028809,13.234999656677246,13.024999618530273,13.0600004196167,6.760228157043457,7815400
2014-07-14,13.324999809265137,13.555000305175781,13.28499984741211,13.484999656677246,6.980221748352051,13173400
2014-07-15,13.470000267028809,13.670000076293945,13.4350004196167,13.574999809265137,7.026810646057129,10054400
2014-07-16,13.59000015258789,13.744999885559082,13.5649995803833,13.675000190734863,7.078571319580078,13010600
2014-07-17,13.625,13.845000267028809,13.510000228881836,13.75,7.117393493652344,11766800
2014-07-18,14.25,14.4350004196167,14.09000015258789,14.114999771118164,7.306327819824219,18621400
2014-07-21,14.09000015258789,14.630000114440918,14.005000114440918,14.4399995803833,7.474557399749756,15626400
2014-07-22,14.5,14.630000114440918,14.265000343322754,14.539999961853027,7.52631950378418,12495800
2014-07-23,14.300000190734863,14.699999809265137,14.170000076293945,14.654999732971191,7.585851669311523,17240400
2014-07-24,14.694999694824219,14.944999694824219,14.579999923706055,14.805000305175781,7.663490295410156,15478000
2014-07-25,14.850000381469727,14.895000457763672,14.5600004196167,14.645000457763672,7.5806708335876465,14584400
2014-07-28,14.694999694824219,14.75,14.515000343322754,14.555000305175781,7.534084320068359,9103000
2014-07-29,14.5,14.819999694824219,14.3100004196167,14.329999923706055,7.417617321014404,11862600
2014-07-30,14.3100004196167,14.399999618530273,14.175000190734863,14.234999656677246,7.368442535400391,10929800
2014-07-31,14.119999885559082,14.175000190734863,13.800000190734863,13.859999656677246,7.174332141876221,14327400
2014-08-01,13.800000190734863,13.84000015258789,13.475000381469727,13.625,7.052691459655762,14309800
2014-08-04,13.630000114440918,13.880000114440918,13.475000381469727,13.795000076293945,7.140686988830566,11083800
2014-08-05,13.895000457763672,14.100000381469727,13.8100004196167,13.925000190734863,7.207981109619141,12438200
2014-08-06,13.925000190734863,14.1850004196167,13.880000114440918,14.095000267028809,7.2959747314453125,19392800
2014-08-07,14.225000381469727,14.234999656677246,13.78499984741211,13.979999542236328,7.236446857452393,9666000
2014-08-08,13.774999618530273,13.890000343322754,13.524999618530273,13.574999809265137,7.026810646057129,12562600
2014-08-11,13.664999961853027,13.864999771118164,13.649999618530273,13.859999656677246,7.174332141876221,7013000
2014-08-12,13.800000190734863,14.029999732971191,13.6899995803833,13.789999961853027,7.138097763061523,8657600
2014-08-13,13.875,14.28499984741211,13.630000114440918,13.824999809265137,7.156215190887451,32627800
2014-08-14,14.005000114440918,14.4350004196167,14.005000114440918,14.329999923706055,7.417617321014404,22596400
2014-08-15,14.350000381469727,14.680000305175781,14.220000267028809,14.600000381469727,7.557379245758057,18608800
2014-08-18,14.800000190734863,14.800000190734863,14.375,14.614999771118164,7.5651421546936035,13844000
2014-08-19,14.484999656677246,15.045000076293945,14.449999809265137,14.90999984741211,7.717845439910889,15382200
2014-08-20,14.914999961853027,15.175000190734863,14.835000038146973,15.135000228881836,7.85506010055542,12746200
2014-08-21,15.050000190734863,15.295000076293945,14.970000267028809,15.1850004196167,7.881012916564941,7915000
2014-08-22,15.109999656677246,15.194999694824219,15.0,15.114999771118164,7.844679832458496,5964400
2014-08-25,15.164999961853027,15.71500015258789,15.149999618530273,15.619999885559082,8.106781005859375,11033000
2014-08-26,15.550000190734863,15.805000305175781,15.40999984741211,15.71500015258789,8.156081199645996,16164400
2014-08-27,15.824999809265137,16.600000381469727,15.789999961853027,16.450000762939453,8.537544250488281,31678400
2014-08-28,16.389999389648438,16.75,16.309999465942383,16.6299991607666,8.630970001220703,19020800
2014-08-29,16.68000030517578,17.6299991607666,16.674999237060547,17.600000381469727,9.134398460388184,30559800
2014-09-01,17.600000381469727,18.145000457763672,17.600000381469727,17.71500015258789,9.194077491760254,17057200
2014-09-02,17.915000915527344,18.889999389648438,17.860000610351562,18.729999542236328,9.720866203308105,30049800
2014-09-03,18.825000762939453,19.094999313354492,18.05500030517578,18.450000762939453,9.575545310974121,28043400
2014-09-04,17.895000457763672,18.049999237060547,17.31999969482422,17.385000228881836,9.022811889648438,23221400
2014-09-05,17.34000015258789,17.625,16.959999084472656,17.100000381469727,8.874897956848145,18583200
2014-09-08,17.5,17.71500015258789,16.0049991607666,16.2450008392334,8.431154251098633,24592600
2014-09-09,16.049999237060547,16.549999237060547,15.8100004196167,16.174999237060547,8.394822120666504,23580400
2014-09-10,15.949999809265137,16.200000762939453,15.604999542236328,15.920000076293945,8.262476921081543,18445200
2014-09-11,16.0,16.274999618530273,15.914999961853027,16.03499984741211,8.322161674499512,15756600
2014-09-12,15.625,15.84000015258789,15.359999656677246,15.479999542236328,8.11931324005127,17373400
2014-09-15,15.505000114440918,16.040000915527344,15.225000381469727,15.899999618530273,8.339604377746582,19121200
2014-09-16,15.96500015258789,16.829999923706055,15.96500015258789,16.600000381469727,8.706759452819824,27340200
2014-09-17,17.100000381469727,17.225000381469727,16.524999618530273,16.600000381469727,8.706759452819824,19739800
2014-09-18,16.549999237060547,16.6200008392334,16.219999313354492,16.34000015258789,8.570391654968262,15947000
2014-09-19,16.049999237060547,16.385000228881836,15.774999618530273,16.03499984741211,8.410416603088379,15488200
2014-09-22,15.529999732971191,15.630000114440918,14.859999656677246,15.274999618530273,8.011792182922363,26533600
2014-09-23,15.194999694824219,15.5649995803833,14.975000381469727,15.069999694824219,7.904270648956299,19027000
2014-09-24,14.75,15.114999771118164,14.710000038146973,15.0,7.867555618286133,16797400
2014-09-25,14.609999656677246,14.609999656677246,14.609999656677246,14.609999656677246,7.662998676300049,26861600
2014-09-26,14.350000381469727,15.21500015258789,14.305000305175781,14.914999961853027,7.822969436645508,21321800
2014-09-29,13.675000190734863,14.104999542236328,13.460000038146973,13.640000343322754,7.154228210449219,27657000
2014-09-30,13.510000228881836,13.699999809265137,12.579999923706055,12.649999618530273,6.634971618652344,47557400
2014-10-01,12.489999771118164,13.079999923706055,12.194999694824219,12.850000381469727,6.739871978759766,30919600
2014-10-02,13.199999809265137,13.289999961853027,12.5,12.725000381469727,6.674309730529785,27106200
2014-10-03,12.899999618530273,13.09000015258789,12.649999618530273,13.005000114440918,6.8211669921875,17761000
2014-10-06,15.475000381469727,15.545000076293945,14.0,14.555000305175781,7.634148597717285,49922600
2014-10-07,14.824999809265137,15.444999694824219,14.704999923706055,15.119999885559082,7.930490016937256,24614400
2014-10-08,15.425000190734863,15.720000267028809,14.604999542236328,15.21500015258789,7.980319976806641,33381600
2014-10-09,15.475000381469727,16.049999237060547,15.359999656677246,15.800000190734863,8.28715705871582,27131000
2014-10-10,15.050000190734863,15.050000190734863,15.050000190734863,15.050000190734863,7.893774509429932,22633000
2014-10-13,15.699999809265137,16.9950008392334,15.630000114440918,16.739999771118164,8.780190467834473,31074800
2014-10-14,16.524999618530273,17.139999389648438,16.104999542236328,16.639999389648438,8.727740287780762,28436800
2014-10-15,16.0,16.200000762939453,15.369999885559082,16.0,8.392059326171875,43475600
2014-10-16,15.270000457763672,16.040000915527344,15.194999694824219,15.579999923706055,8.17176342010498,31035600
2014-10-17,15.899999618530273,16.135000228881836,15.71500015258789,15.994999885559082,8.389434814453125,25308400
2014-10-20,14.960000038146973,14.960000038146973,14.960000038146973,14.960000038146973,7.846574783325195,19887400
2014-10-21,14.050000190734863,14.050000190734863,14.050000190734863,14.050000190734863,7.369277000427246,47499800
2014-10-22,14.074999809265137,14.395000457763672,13.649999618530273,13.725000381469727,7.198810577392578,18957800
2014-10-23,13.5,13.569999694824219,12.399999618530273,12.475000381469727,6.543179988861084,34408200
2014-10-24,12.699999809265137,13.5649995803833,12.524999618530273,12.875,6.752983570098877,31526000
2014-10-27,12.210000038146973,12.210000038146973,12.210000038146973,12.210000038146973,6.404186725616455,54826400
2014-10-28,12.789999961853027,13.175000190734863,12.505000114440918,13.074999809265137,6.857883453369141,20675600
2014-10-29,13.005000114440918,13.265000343322754,12.675000190734863,12.729999542236328,6.6769328117370605,21909400
2014-10-30,13.0,13.845000267028809,13.0,13.625,7.146359920501709,19403200
2014-10-31,13.835000038146973,13.979999542236328,13.289999961853027,13.864999771118164,7.2722392082214355,25426600
2014-11-03,13.649999618530273,13.78499984741211,13.354999542236328,13.6850004196167,7.177833080291748,15722600
2014-11-04,13.944999694824219,14.430000305175781,13.654999732971191,14.375,7.539738655090332,20173800
2014-11-05,13.720000267028809,13.850000381469727,13.109999656677246,13.234999656677246,6.9418110847473145,37005600
2014-11-06,13.135000228881836,13.135000228881836,12.46500015258789,12.675000190734863,6.6480841636657715,18719800
2014-11-07,12.800000190734863,13.145000457763672,12.625,12.994999885559082,6.81592321395874,14028200
2014-11-10,13.1899995803833,13.395000457763672,12.335000038146973,12.5,6.55629301071167,13023000
2014-11-11,12.420000076293945,12.720000267028809,12.225000381469727,12.319999694824219,6.461884498596191,12942600
2014-11-12,12.380000114440918,12.829999923706055,12.329999923706055,12.649999618530273,6.634971618652344,12885800
2014-11-13,12.864999771118164,12.875,12.399999618530273,12.454999923706055,6.532690525054932,9942600
2014-11-14,12.420000076293945,12.420000076293945,11.875,12.239999771118164,6.419925212860107,21396800
2014-11-17,12.625,12.850000381469727,12.444999694824219,12.539999961853027,6.592281341552734,16553400
2014-11-18,12.649999618530273,13.045000076293945,12.489999771118164,13.0,6.834102153778076,10429800
2014-11-19,13.005000114440918,13.875,13.005000114440918,13.770000457763672,7.238891124725342,20641600
2014-11-21,14.005000114440918,14.96500015258789,14.005000114440918,14.914999961853027,7.840814590454102,25128000
2014-11-24,15.09000015258789,15.550000190734863,14.319999694824219,14.395000457763672,7.5674543380737305,17509000
2014-11-25,14.5,14.914999961853027,14.494999885559082,14.604999542236328,7.67785120010376,16434200
2014-11-26,14.850000381469727,14.994999885559082,14.28499984741211,14.420000076293945,7.580594062805176,13846600
2014-11-27,14.399999618530273,14.920000076293945,14.399999618530273,14.569999694824219,7.659451007843018,14331800
2014-11-28,14.699999809265137,14.890000343322754,14.619999885559082,14.850000381469727,7.80664587020874,7257200
2014-12-01,14.545000076293945,14.5649995803833,13.670000076293945,13.765000343322754,7.23626184463501,454472014
2014-12-02,13.989999771118164,14.15999984741211,13.350000381469727,13.479999542236328,7.086435794830322,357547358
2014-12-03,13.569999694824219,13.770000457763672,13.40999984741211,13.5,7.096949577331543,7790000
2014-12-04,13.6899995803833,13.75,13.260000228881836,13.319999694824219,7.002326011657715,8667600
2014-12-05,13.449999809265137,13.635000228881836,13.255000114440918,13.614999771118164,7.157404899597168,15312200
2014-12-08,13.505000114440918,13.675000190734863,12.675000190734863,12.904999732971191,6.78416109085083,9069400
2014-12-09,12.515000343322754,12.890000343322754,12.505000114440918,12.579999923706055,6.613306522369385,11461400
2014-12-10,12.625,12.694999694824219,11.9399995803833,11.96500015258789,6.290000915527344,12309000
2014-12-11,12.100000381469727,12.53499984741211,11.904999732971191,12.475000381469727,6.558109760284424,9884000
2014-12-12,12.244999885559082,12.335000038146973,11.614999771118164,11.614999771118164,6.190349578857422,14275200
2014-12-15,11.920000076293945,11.920000076293945,11.0,11.055000305175781,5.891892433166504,16336600
2014-12-16,10.779999732971191,11.229999542236328,10.604999542236328,10.744999885559082,5.726676940917969,15657800
2014-12-17,10.875,11.720000267028809,10.774999618530273,11.59000015258789,6.177025318145752,22017200
2014-12-18,11.864999771118164,12.109999656677246,11.649999618530273,11.649999618530273,6.209005355834961,11880000
2014-12-19,11.75,12.175000190734863,11.75,12.175000190734863,6.488811016082764,17322200
2014-12-22,12.25,12.375,12.0600004196167,12.28499984741211,6.547436237335205,6444600
2014-12-23,12.359999656677246,12.40999984741211,12.100000381469727,12.239999771118164,6.523454189300537,6468200
2014-12-26,12.229999542236328,12.354999542236328,12.119999885559082,12.274999618530273,6.542104244232178,3106800
2014-12-29,12.265000343322754,12.300000190734863,12.104999542236328,12.149999618530273,6.475486755371094,3968000
2014-12-30,12.194999694824219,12.28499984741211,11.850000381469727,11.885000228881836,6.334251880645752,5600200
2015-01-02,11.71500015258789,11.835000038146973,11.109999656677246,11.324999809265137,6.035791873931885,9500800
2015-01-05,11.289999961853027,11.350000381469727,10.949999809265137,11.09000015258789,5.910543918609619,11132400
2015-01-06,11.114999771118164,11.385000228881836,10.989999771118164,11.244999885559082,5.993155479431152,16931800
2015-01-07,11.470000267028809,12.039999961853027,11.369999885559082,11.739999771118164,6.256972312927246,8214400
2015-01-08,11.885000228881836,11.989999771118164,11.609999656677246,11.779999732971191,6.278285980224609,6170200
2015-01-09,11.75,11.774999618530273,11.255000114440918,11.270000457763672,6.0064802169799805,7558200
2015-01-12,11.279999732971191,11.5,11.010000228881836,11.074999809265137,5.902551651000977,6647000
2015-01-13,11.15999984741211,11.354999542236328,10.90999984741211,11.010000228881836,5.867909908294678,13345600
2015-01-14,10.925000190734863,11.375,10.800000190734863,11.09000015258789,5.910543918609619,12824000
2015-01-15,11.180000305175781,11.449999809265137,11.020000457763672,11.020000457763672,5.873241424560547,12393600
2015-01-16,11.204999923706055,11.4399995803833,11.114999771118164,11.149999618530273,5.942524433135986,17017400
2015-01-19,11.149999618530273,11.404999732971191,11.045000076293945,11.100000381469727,5.9158759117126465,8848800
2015-01-20,11.350000381469727,11.4399995803833,11.010000228881836,11.050000190734863,5.889228343963623,12890200
2015-01-21,11.175000190734863,11.390000343322754,11.109999656677246,11.329999923706055,6.03845739364624,13321200
2015-01-22,11.375,11.625,11.359999656677246,11.425000190734863,6.0890889167785645,18856200
2015-01-23,11.375,11.625,11.279999732971191,11.395000457763672,6.073101043701172,8027600
2015-01-26,11.28499984741211,11.385000228881836,11.125,11.265000343322754,6.003816604614258,8109400
2015-01-27,11.1850004196167,11.529999732971191,10.96500015258789,11.5,6.129061698913574,12168200
2015-01-28,11.319999694824219,11.449999809265137,11.0,11.005000114440918,5.865243434906006,11751400
2015-01-29,11.125,11.130000114440918,10.720000267028809,10.774999618530273,5.742664337158203,10845400
2015-01-30,10.649999618530273,10.664999961853027,10.300000190734863,10.329999923706055,5.505495548248291,14294200
2015-02-02,10.395000457763672,10.505000114440918,9.949999809265137,10.100000381469727,5.382914066314697,17874200
2015-02-03,10.239999771118164,10.555000305175781,10.135000228881836,10.425000190734863,5.556126117706299,16762600
2015-02-04,10.489999771118164,11.21500015258789,10.489999771118164,11.149999618530273,5.942524433135986,18676800
2015-02-05,11.045000076293945,11.694999694824219,11.039999961853027,11.395000457763672,6.073101043701172,11804000
2015-02-06,11.25,11.25,10.864999771118164,10.949999809265137,5.835931301116943,11445200
2015-02-09,10.850000381469727,11.229999542236328,10.774999618530273,11.229999542236328,5.985159397125244,8407800
2015-02-10,11.25,11.529999732971191,10.854999542236328,10.854999542236328,5.785299777984619,12658200
2015-02-11,11.0,11.199999809265137,10.850000381469727,10.975000381469727,5.849255561828613,17032600
2015-02-12,11.154999732971191,11.555000305175781,11.074999809265137,11.555000305175781,6.15837287902832,13287800
2015-02-13,11.609999656677246,12.300000190734863,11.579999923706055,12.300000190734863,6.555428981781006,15980400
2015-02-18,12.345000267028809,12.545000076293945,11.9399995803833,11.975000381469727,6.382216930389404,19559800
2015-02-19,12.015000343322754,12.1899995803833,11.8149995803833,12.175000190734863,6.488811016082764,8894400
2015-02-20,12.239999771118164,12.239999771118164,11.875,11.984999656677246,6.411561489105225,5348200
2015-02-23,11.850000381469727,11.979999542236328,11.725000381469727,11.9399995803833,6.38748836517334,7563400
2015-02-24,11.970000267028809,12.149999618530273,11.75,11.824999809265137,6.325965881347656,12215200
2015-02-25,11.59000015258789,11.635000228881836,11.40999984741211,11.574999809265137,6.192225456237793,13977600
2015-02-26,11.625,11.704999923706055,11.399999618530273,11.505000114440918,6.154778003692627,9959400
2015-02-27,11.5,12.100000381469727,11.454999923706055,11.859999656677246,6.344692230224609,14699000
2015-03-02,11.744999885559082,11.944999694824219,11.649999618530273,11.835000038146973,6.331314563751221,8619000
2015-03-03,11.850000381469727,11.899999618530273,11.675000190734863,11.8149995803833,6.320619583129883,7975000
2015-03-04,11.625,11.640000343322754,11.220000267028809,11.220000267028809,6.0023112297058105,14053400
2015-03-05,11.305000305175781,11.350000381469727,11.0649995803833,11.270000457763672,6.0290608406066895,14606000
2015-03-06,11.274999618530273,11.28499984741211,11.0,11.0,5.8846211433410645,8951800
2015-03-09,10.975000381469727,10.984999656677246,10.539999961853027,10.569999694824219,5.654587268829346,11668200
2015-03-10,10.5,10.875,10.4399995803833,10.635000228881836,5.689359188079834,12909000
2015-03-11,10.704999923706055,10.925000190734863,10.625,10.805000305175781,5.780303001403809,9907200
2015-03-12,11.0,11.074999809265137,10.864999771118164,10.949999809265137,5.8578715324401855,8759600
2015-03-13,10.654999732971191,10.795000076293945,10.449999809265137,10.6850004196167,5.716105937957764,15468200
2015-03-16,10.800000190734863,10.850000381469727,10.454999923706055,10.6850004196167,5.716105937957764,9297600
2015-03-17,10.6850004196167,11.234999656677246,10.65999984741211,11.225000381469727,6.0049872398376465,11792600
2015-03-18,11.170000076293945,12.114999771118164,11.09000015258789,12.020000457763672,6.4302825927734375,24785000
2015-03-19,11.960000038146973,11.979999542236328,11.46500015258789,11.484999656677246,6.144076824188232,11416400
2015-03-20,11.670000076293945,11.984999656677246,11.625,11.970000267028809,6.403533935546875,18581200
2015-03-23,11.835000038146973,11.984999656677246,11.71500015258789,11.979999542236328,6.4088850021362305,9680200
2015-03-24,11.899999618530273,11.975000381469727,11.645000457763672,11.765000343322754,6.394478797912598,8084600
2015-03-25,11.8100004196167,11.90999984741211,11.475000381469727,11.494999885559082,6.247729778289795,12465800
2015-03-26,11.475000381469727,11.510000228881836,11.015000343322754,11.045000076293945,6.003150463104248,12054800
2015-03-27,11.109999656677246,11.109999656677246,10.805000305175781,11.079999923706055,6.022171497344971,16438000
2015-03-30,11.175000190734863,11.494999885559082,11.0649995803833,11.40999984741211,6.201532363891602,9587400
2015-03-31,11.25,11.899999618530273,11.225000381469727,11.454999923706055,6.225987911224365,19279800
2015-04-01,11.664999961853027,11.944999694824219,11.585000038146973,11.885000228881836,6.4597039222717285,21375200
2015-04-02,11.975000381469727,12.390000343322754,11.774999618530273,12.300000190734863,6.6852617263793945,17881200
2015-04-06,12.345000267028809,12.739999771118164,12.295000076293945,12.739999771118164,6.92440938949585,18071000
2015-04-07,12.725000381469727,12.880000114440918,12.34000015258789,12.34000015258789,6.707003593444824,13260400
2015-04-08,12.574999809265137,12.640000343322754,12.15999984741211,12.175000190734863,6.6173224449157715,14930000
2015-04-09,11.949999809265137,12.0600004196167,11.65999984741211,11.729999542236328,6.375455379486084,18017800
2015-04-10,11.699999809265137,12.199999809265137,11.694999694824219,12.149999618530273,6.603735446929932,12686800
2015-04-13,12.194999694824219,12.329999923706055,12.0649995803833,12.125,6.590148448944092,10748400
2015-04-14,12.204999923706055,12.295000076293945,11.9399995803833,12.03499984741211,6.54123067855835,9768000
2015-04-15,12.100000381469727,12.640000343322754,12.055000305175781,12.515000343322754,6.802117824554443,15294600
2015-04-16,12.399999618530273,12.920000076293945,12.380000114440918,12.895000457763672,7.008656978607178,18013200
2015-04-17,12.694999694824219,12.779999732971191,12.125,12.274999618530273,6.671675205230713,22663200
2015-04-20,12.354999542236328,12.375,12.074999809265137,12.21500015258789,6.639064311981201,8205200
2015-04-22,12.25,12.789999961853027,12.21500015258789,12.710000038146973,6.908106803894043,12366800
2015-04-23,12.524999618530273,13.225000381469727,12.515000343322754,13.145000457763672,7.14453649520874,14053400
2015-04-24,13.25,13.710000038146973,13.220000267028809,13.595000267028809,7.389118194580078,17516000
2015-04-27,13.5,13.640000343322754,13.149999618530273,13.199999809265137,7.174427032470703,16033800
2015-04-28,13.295000076293945,13.329999923706055,12.890000343322754,13.25,7.201605319976807,9696400
2015-04-29,13.149999618530273,13.175000190734863,12.925000190734863,13.0,7.065722465515137,10251000
2015-04-30,12.925000190734863,13.3100004196167,12.805000305175781,13.3100004196167,7.2342143058776855,14465800
2015-05-04,13.404999732971191,13.479999542236328,13.204999923706055,13.220000267028809,7.185301303863525,9024000
2015-05-05,13.1899995803833,13.619999885559082,13.09000015258789,13.585000038146973,7.383685111999512,9705800
2015-05-06,13.555000305175781,13.619999885559082,13.369999885559082,13.555000305175781,7.367377281188965,8997400
2015-05-07,13.414999961853027,13.944999694824219,13.380000114440918,13.930000305175781,7.571196556091309,9796400
2015-05-08,14.005000114440918,14.199999809265137,13.779999732971191,14.0,7.609243869781494,10114200
2015-05-11,14.020000457763672,14.114999771118164,13.680000305175781,14.029999732971191,7.625548362731934,8501400
2015-05-12,13.914999961853027,14.074999809265137,13.755000114440918,13.755000114440918,7.476079940795898,16299200
2015-05-13,13.6850004196167,13.819999694824219,13.425000190734863,13.5,7.337482452392578,14432800
2015-05-14,13.345000267028809,13.350000381469727,12.859999656677246,12.979999542236328,7.0548529624938965,20018000
2015-05-15,13.029999732971191,13.25,12.954999923706055,13.109999656677246,7.125513076782227,8373400
2015-05-18,13.25,13.25,12.880000114440918,13.020000457763672,7.076594352722168,9680200
2015-05-19,13.074999809265137,13.100000381469727,12.4350004196167,12.635000228881836,6.8673415184021,12372600
2015-05-20,12.470000267028809,12.8149995803833,12.329999923706055,12.515000343322754,6.802117824554443,15003200
2015-05-21,12.404999732971191,12.444999694824219,12.140000343322754,12.3149995803833,6.693416595458984,8793800
2015-05-22,11.949999809265137,11.989999771118164,11.675000190734863,11.675000190734863,6.463963031768799,16918400
2015-05-25,11.654999732971191,12.1899995803833,11.555000305175781,12.100000381469727,6.699268341064453,7725400
2015-05-26,12.0649995803833,12.119999885559082,11.654999732971191,11.774999618530273,6.519327163696289,10624200
2015-05-27,11.854999542236328,12.039999961853027,11.625,11.970000267028809,6.627292156219482,12563000
2015-05-28,11.895000457763672,11.895000457763672,11.625,11.699999809265137,6.477803707122803,13311000
2015-05-29,11.75,11.75,11.354999542236328,11.369999885559082,6.295094966888428,14234600
2015-06-01,11.399999618530273,11.515000343322754,11.274999618530273,11.4399995803833,6.333852291107178,7582200
2015-06-02,11.5,11.829999923706055,11.479999542236328,11.725000381469727,6.491645812988281,16226800
2015-06-03,11.75,11.789999961853027,11.300000190734863,11.300000190734863,6.256340503692627,24737800
2015-06-05,11.350000381469727,11.350000381469727,11.055000305175781,11.164999961853027,6.181595325469971,12479800
2015-06-08,11.255000114440918,11.380000114440918,11.100000381469727,11.114999771118164,6.153912544250488,13921600
2015-06-09,11.164999961853027,11.364999771118164,11.149999618530273,11.260000228881836,6.234194278717041,19866800
2015-06-10,11.449999809265137,11.725000381469727,11.395000457763672,11.604999542236328,6.425203323364258,12258000
2015-06-11,11.739999771118164,11.75,11.3149995803833,11.53499984741211,6.386451721191406,9621000
2015-06-12,11.345000267028809,11.489999771118164,11.25,11.25,6.307921409606934,13196600
2015-06-15,11.239999771118164,11.239999771118164,11.024999618530273,11.229999542236328,6.2967119216918945,7979800
2015-06-16,11.329999923706055,11.670000076293945,11.265000343322754,11.604999542236328,6.506968975067139,22247800
2015-06-17,11.600000381469727,11.645000457763672,11.229999542236328,11.274999618530273,6.321938991546631,11673400
2015-06-18,11.40999984741211,11.704999923706055,11.329999923706055,11.640000343322754,6.526595592498779,11005200
2015-06-19,11.5,11.670000076293945,11.359999656677246,11.5600004196167,6.481740474700928,10274000
2015-06-22,11.704999923706055,11.859999656677246,11.645000457763672,11.779999732971191,6.605093479156494,13555200
2015-06-23,11.850000381469727,12.039999961853027,11.710000038146973,11.710000038146973,6.565846920013428,10033200
2015-06-24,11.779999732971191,11.975000381469727,11.640000343322754,11.9399995803833,6.694808006286621,10826600
2015-06-25,11.949999809265137,11.975000381469727,11.649999618530273,11.789999961853027,6.6107025146484375,11658800
2015-06-26,11.744999885559082,12.25,11.729999542236328,12.25,6.868626117706299,13038600
2015-06-29,12.015000343322754,12.170000076293945,11.8149995803833,11.899999618530273,6.672379970550537,9921400
2015-06-30,11.930000305175781,12.149999618530273,11.835000038146973,12.140000343322754,6.806951522827148,12983000
2015-07-01,12.1899995803833,12.25,11.899999618530273,11.984999656677246,6.720041275024414,9023400
2015-07-02,12.104999542236328,12.130000114440918,11.835000038146973,11.949999809265137,6.700416088104248,22231400
2015-07-03,11.925000190734863,11.925000190734863,11.755000114440918,11.835000038146973,6.635931015014648,4002400
2015-07-06,11.734999656677246,12.074999809265137,11.600000381469727,11.925000190734863,6.68639612197876,7517000
2015-07-07,11.850000381469727,11.869999885559082,11.585000038146973,11.710000038146973,6.565846920013428,11944400
2015-07-08,11.635000228881836,11.800000190734863,11.505000114440918,11.579999923706055,6.492954254150391,6532400
2015-07-10,11.729999542236328,12.015000343322754,11.725000381469727,11.880000114440918,6.661169528961182,8760200
2015-07-13,12.0,12.069999694824219,11.890000343322754,11.949999809265137,6.700416088104248,5679400
2015-07-14,11.975000381469727,12.0600004196167,11.779999732971191,11.96500015258789,6.708824634552002,4237000
2015-07-15,11.9350004196167,12.079999923706055,11.904999732971191,11.96500015258789,6.708824634552002,7626800
2015-07-16,11.604999542236328,11.805000305175781,11.460000038146973,11.574999809265137,6.490152359008789,16662000
2015-07-17,11.550000190734863,11.65999984741211,11.229999542236328,11.300000190734863,6.335958003997803,14118000
2015-07-20,11.28499984741211,11.34000015258789,11.015000343322754,11.015000343322754,6.176156520843506,11974000
2015-07-21,11.055000305175781,11.145000457763672,10.8149995803833,11.0,6.167748928070068,10520200
2015-07-22,10.944999694824219,10.944999694824219,10.425000190734863,10.470000267028809,5.870572090148926,17370400
2015-07-23,10.420000076293945,10.59000015258789,10.265000343322754,10.305000305175781,5.778058052062988,13402000
2015-07-24,10.305000305175781,10.385000228881836,9.850000381469727,10.204999923706055,5.721986770629883,13885600
2015-07-27,10.369999885559082,10.664999961853027,10.3149995803833,10.515000343322754,5.895805358886719,17757200
2015-07-28,10.760000228881836,10.795000076293945,10.149999618530273,10.5,5.88739538192749,15462600
2015-07-29,10.430000305175781,10.96500015258789,10.414999961853027,10.96500015258789,6.148122787475586,14724000
2015-07-30,10.96500015258789,11.045000076293945,10.664999961853027,10.774999618530273,6.041585445404053,8939200
2015-07-31,10.895000457763672,11.045000076293945,10.779999732971191,11.024999618530273,6.181760787963867,14002600
2015-08-03,10.975000381469727,11.244999885559082,10.914999961853027,11.119999885559082,6.235031604766846,9993000
2015-08-04,11.180000305175781,11.180000305175781,10.65999984741211,10.725000381469727,6.013551712036133,8981800
2015-08-05,10.800000190734863,10.9399995803833,10.699999809265137,10.850000381469727,6.083639144897461,7208800
2015-08-06,10.75,10.800000190734863,10.510000228881836,10.550000190734863,5.91542911529541,8686000
2015-08-07,10.524999618530273,10.604999542236328,10.225000381469727,10.239999771118164,5.741611480712891,9293000
2015-08-10,10.375,10.614999771118164,10.260000228881836,10.510000228881836,5.892999649047852,5401800
2015-08-11,10.5,10.640000343322754,10.274999618530273,10.640000343322754,5.965890884399414,7517600
2015-08-12,10.5,10.539999961853027,10.100000381469727,10.170000076293945,5.702360153198242,15232800
2015-08-13,10.029999732971191,10.100000381469727,9.664999961853027,9.725000381469727,5.452848434448242,20096400
2015-08-14,9.795000076293945,9.890000343322754,9.640000343322754,9.649999618530273,5.410795211791992,10405600
2015-08-17,9.654999732971191,9.75,9.489999771118164,9.489999771118164,5.321083068847656,14015400
2015-08-18,9.46500015258789,10.09000015258789,9.404999732971191,9.8100004196167,5.50050687789917,24531800
2015-08-19,9.430000305175781,9.529999732971191,9.204999923706055,9.204999923706055,5.161284446716309,21776600
2015-08-20,9.140000343322754,9.354999542236328,9.0,9.300000190734863,5.2145466804504395,19084600
2015-08-21,9.229999542236328,9.395000457763672,9.03499984741211,9.279999732971191,5.203332424163818,12980800
2015-08-24,8.699999809265137,9.244999885559082,8.5600004196167,8.96500015258789,5.065204620361328,24489600
2015-08-25,9.295000076293945,9.319999694824219,8.84000015258789,8.850000381469727,5.0002288818359375,18602800
2015-08-26,8.970000267028809,9.289999961853027,8.779999732971191,9.28499984741211,5.246004581451416,19407400
2015-08-27,9.454999923706055,9.845000267028809,9.364999771118164,9.614999771118164,5.432452201843262,21452000
2015-08-28,9.494999885559082,9.739999771118164,9.260000228881836,9.390000343322754,5.3053297996521,21263800
2015-08-31,9.085000038146973,9.21500015258789,8.800000190734863,8.914999961853027,5.036954402923584,27377200
2015-09-01,8.75,8.890000343322754,8.649999618530273,8.6850004196167,4.907002925872803,13812400
2015-09-02,8.760000228881836,8.890000343322754,8.614999771118164,8.699999809265137,4.915480613708496,14102800
2015-09-03,8.78499984741211,8.914999961853027,8.579999923706055,8.914999961853027,5.036954402923584,19712600
2015-09-04,8.704999923706055,8.819999694824219,8.520000457763672,8.520000457763672,4.813779354095459,14320600
2015-09-08,8.6850004196167,8.734999656677246,8.46500015258789,8.550000190734863,4.830729961395264,12073000
2015-09-09,8.699999809265137,8.869999885559082,8.550000190734863,8.574999809265137,4.844854831695557,12760600
2015-09-10,8.3100004196167,8.425000190734863,8.074999809265137,8.425000190734863,4.760105609893799,31669200
2015-09-11,8.40999984741211,8.479999542236328,8.199999809265137,8.199999809265137,4.632981300354004,15107400
2015-09-14,8.145000457763672,8.574999809265137,8.109999656677246,8.539999961853027,4.904653549194336,17450400
2015-09-15,8.510000228881836,8.9399995803833,8.350000381469727,8.850000381469727,5.082691192626953,17238000
2015-09-16,8.90999984741211,9.199999809265137,8.90999984741211,8.9350004196167,5.131510257720947,19304400
2015-09-17,8.994999885559082,9.149999618530273,8.899999618530273,8.914999961853027,5.120023250579834,20004000
2015-09-18,8.885000228881836,8.885000228881836,8.305000305175781,8.414999961853027,4.8328657150268555,18609600
2015-09-21,8.460000038146973,8.539999961853027,8.145000457763672,8.145000457763672,4.677798748016357,13184800
2015-09-22,8.114999771118164,8.350000381469727,7.889999866485596,8.140000343322754,4.674927234649658,17388000
2015-09-23,8.199999809265137,8.229999542236328,7.829999923706055,7.849999904632568,4.508377552032471,19058600
2015-09-24,7.75,7.96999979019165,7.574999809265137,7.864999771118164,4.516991138458252,17517600
2015-09-25,8.010000228881836,8.100000381469727,7.625,7.625,4.379155158996582,14071800
2015-09-28,7.574999809265137,7.619999885559082,7.244999885559082,7.244999885559082,4.160915851593018,18993600
2015-09-29,7.260000228881836,7.34499979019165,7.150000095367432,7.164999961853027,4.114970684051514,17155800
2015-09-30,7.445000171661377,7.599999904632568,7.389999866485596,7.599999904632568,4.364797115325928,24571400
2015-10-01,7.599999904632568,7.664999961853027,7.355000019073486,7.454999923706055,4.281521797180176,18401200
2015-10-02,7.420000076293945,7.980000019073486,7.364999771118164,7.960000038146973,4.571550369262695,18160400
2015-10-05,8.039999961853027,8.239999771118164,7.965000152587891,8.079999923706055,4.640469074249268,14079400
2015-10-06,8.020000457763672,8.305000305175781,7.914999961853027,8.265000343322754,4.746717929840088,15421400
2015-10-07,8.369999885559082,8.96500015258789,8.369999885559082,8.96500015258789,5.148738861083984,44423400
2015-10-08,8.899999618530273,9.024999618530273,8.789999961853027,8.835000038146973,5.074076175689697,21626400
2015-10-09,9.0,9.255000114440918,8.880000114440918,9.255000114440918,5.315290927886963,22702600
2015-10-13,8.970000267028809,9.0,8.460000038146973,8.484999656677246,4.873064994812012,25355400
2015-10-14,8.449999809265137,8.635000228881836,8.385000228881836,8.404999732971191,4.827120780944824,23927200
2015-10-15,8.5,8.569999694824219,8.15999984741211,8.28499984741211,4.758203029632568,14000600
2015-10-16,8.28499984741211,8.390000343322754,8.104999542236328,8.140000343322754,4.674927234649658,16792000
2015-10-19,8.1850004196167,8.515000343322754,8.0600004196167,8.5,4.881681442260742,12667000
2015-10-20,8.505000114440918,8.59000015258789,8.180000305175781,8.225000381469727,4.723745822906494,13143600
2015-10-21,8.175000190734863,8.420000076293945,8.15999984741211,8.324999809265137,4.781177520751953,13895200
2015-10-22,8.324999809265137,8.545000076293945,8.265000343322754,8.449999809265137,4.852965354919434,13031600
2015-10-23,8.604999542236328,8.720000267028809,8.335000038146973,8.335000038146973,4.786919593811035,11692800
2015-10-26,8.375,8.569999694824219,8.149999618530273,8.170000076293945,4.692157745361328,11589400
2015-10-27,8.199999809265137,8.279999732971191,8.100000381469727,8.279999732971191,4.755332946777344,14602600
2015-10-28,8.25,8.489999771118164,8.055000305175781,8.140000343322754,4.674927234649658,664400
2015-10-29,8.0600004196167,8.125,7.75,7.75,4.45094633102417,17701400
2015-10-30,7.699999809265137,7.985000133514404,7.699999809265137,7.985000133514404,4.585910320281982,13145000
2015-11-03,8.135000228881836,8.710000038146973,8.045000076293945,8.6899995803833,4.990800857543945,21641600
2015-11-04,8.8100004196167,8.975000381469727,8.670000076293945,8.725000381469727,5.010903835296631,20221800
2015-11-05,8.675000190734863,9.149999618530273,8.670000076293945,9.149999618530273,5.254986763000488,18442800
2015-11-06,9.055000305175781,9.109999656677246,8.5600004196167,8.699999809265137,4.99654483795166,17396800
2015-11-09,8.595000267028809,8.789999961853027,8.430000305175781,8.579999923706055,4.927628040313721,10834400
2015-11-10,8.404999732971191,8.609999656677246,8.364999771118164,8.5649995803833,4.919011116027832,8170600
2015-11-11,8.670000076293945,8.890000343322754,8.625,8.630000114440918,4.9563422203063965,20864800
2015-11-12,8.399999618530273,8.635000228881836,8.375,8.604999542236328,4.941985607147217,20191200
2015-11-13,8.524999618530273,8.585000038146973,8.425000190734863,8.53499984741211,4.901782989501953,9762400
2015-11-16,8.555000305175781,8.710000038146973,8.475000381469727,8.649999618530273,4.967828750610352,11374800
2015-11-17,8.75,8.954999923706055,8.699999809265137,8.805000305175781,5.056848049163818,12234400
2015-11-18,8.824999809265137,9.039999961853027,8.770000457763672,8.869999885559082,5.094179153442383,17309400
2015-11-19,9.024999618530273,9.40999984741211,8.975000381469727,9.364999771118164,5.378464221954346,24263800
2015-11-23,9.404999732971191,9.600000381469727,9.164999961853027,9.28499984741211,5.332520961761475,15854400
2015-11-24,9.149999618530273,9.375,9.005000114440918,9.300000190734863,5.390717029571533,11256800
2015-11-25,9.15999984741211,9.180000305175781,8.654999732971191,8.699999809265137,5.042929172515869,15856600
2015-11-26,8.8100004196167,9.005000114440918,8.75,8.925000190734863,5.173350811004639,8420000
2015-11-27,8.880000114440918,8.880000114440918,8.555000305175781,8.645000457763672,5.011048316955566,12930800
2015-11-30,8.555000305175781,8.604999542236328,8.145000457763672,8.145000457763672,4.721224784851074,26581800
2015-12-01,8.199999809265137,8.324999809265137,8.114999771118164,8.145000457763672,4.721224784851074,16068200
2015-12-02,8.1899995803833,8.395000457763672,8.055000305175781,8.210000038146973,4.758902072906494,17510000
2015-12-03,8.699999809265137,8.989999771118164,8.574999809265137,8.899999618530273,5.1588568687438965,22065400
2015-12-04,8.84000015258789,8.845000267028809,8.529999732971191,8.65999984741211,5.0197434425354,14797600
2015-12-07,8.725000381469727,8.90999984741211,8.595000267028809,8.625,4.99945592880249,10459600
2015-12-08,8.625,8.694999694824219,8.460000038146973,8.539999961853027,4.950185298919678,12259200
2015-12-09,8.760000228881836,9.489999771118164,8.729999542236328,9.399999618530273,5.448681831359863,40847200
2015-12-10,9.319999694824219,9.364999771118164,8.979999542236328,9.0,5.216823577880859,25640600
2015-12-11,8.890000343322754,9.15999984741211,8.779999732971191,8.824999809265137,5.115386009216309,22480400
2015-12-14,8.680000305175781,8.6899995803833,8.3100004196167,8.319999694824219,4.898850440979004,16431200
2015-12-15,8.425000190734863,8.604999542236328,8.354999542236328,8.380000114440918,4.934178352355957,14395400
2015-12-16,8.300000190734863,8.375,8.0,8.25,4.8576340675354,19279000
2015-12-17,8.5600004196167,8.649999618530273,8.154999732971191,8.194999694824219,4.825249195098877,19358600
2015-12-18,7.949999809265137,8.109999656677246,7.804999828338623,7.974999904632568,4.695713043212891,25740600
2015-12-21,8.0,8.050000190734863,7.454999923706055,7.454999923706055,4.389533996582031,24011800
2015-12-22,7.570000171661377,7.755000114440918,7.465000152587891,7.5,4.416031837463379,24137200
2015-12-23,7.635000228881836,7.65500020980835,7.300000190734863,7.425000190734863,4.371870517730713,17237200
2015-12-28,7.434999942779541,7.525000095367432,7.425000190734863,7.489999771118164,4.410142421722412,11006400
2015-12-29,7.59499979019165,7.59499979019165,7.400000095367432,7.400000095367432,4.357149600982666,8813800
2015-12-30,7.449999809265137,7.46999979019165,7.300000190734863,7.369999885559082,4.339486122131348,9739000
2016-01-04,7.21999979019165,7.284999847412109,7.119999885559082,7.119999885559082,4.19228458404541,12181000
2016-01-05,7.204999923706055,7.284999847412109,7.144999980926514,7.144999980926514,4.207005023956299,11209000
2016-01-06,7.065000057220459,7.244999885559082,7.010000228881836,7.144999980926514,4.207005023956299,11730000
2016-01-07,7.050000190734863,7.114999771118164,6.96999979019165,6.974999904632568,4.106908321380615,12981400
2016-01-08,7.09499979019165,7.179999828338623,6.90500020980835,6.974999904632568,4.106908321380615,9385000
2016-01-11,7.0,7.03000020980835,6.75,6.775000095367432,3.989147186279297,10671000
2016-01-12,6.835000038146973,6.925000190734863,6.539999961853027,6.539999961853027,3.850778818130493,13971000
2016-01-13,6.659999847412109,6.715000152587891,6.360000133514404,6.420000076293945,3.780122995376587,15641800
2016-01-14,6.5,6.78000020980835,6.329999923706055,6.78000020980835,3.9920923709869385,18373800
2016-01-15,6.59499979019165,6.684999942779541,6.460000038146973,6.519999980926514,3.8390023708343506,16259400
2016-01-18,6.554999828338623,6.605000019073486,6.454999923706055,6.480000019073486,3.8154497146606445,7017600
2016-01-19,6.659999847412109,6.675000190734863,6.420000076293945,6.420000076293945,3.780122995376587,13407000
2016-01-20,6.329999923706055,6.420000076293945,6.260000228881836,6.360000133514404,3.744795322418213,14415400
2016-01-21,6.309999942779541,6.519999980926514,6.275000095367432,6.355000019073486,3.7418510913848877,16240200
2016-01-22,6.474999904632568,6.574999809265137,6.440000057220459,6.5,3.827225685119629,13285000
2016-01-26,6.420000076293945,6.474999904632568,6.360000133514404,6.445000171661377,3.7948436737060547,19850800
2016-01-27,6.400000095367432,6.460000038146973,6.304999828338623,6.349999904632568,3.7389063835144043,20708000
2016-01-28,6.409999847412109,6.525000095367432,6.335000038146973,6.489999771118164,3.821337938308716,13686800
2016-01-29,6.534999847412109,6.925000190734863,6.494999885559082,6.925000190734863,4.077469825744629,20564000
2016-02-01,6.869999885559082,7.099999904632568,6.755000114440918,7.079999923706055,4.168732166290283,13684400
2016-02-02,6.900000095367432,6.934999942779541,6.534999847412109,6.550000190734863,3.85666561126709,23686000
2016-02-03,6.730000019073486,6.769999980926514,6.579999923706055,6.635000228881836,3.9067139625549316,13321200
2016-02-04,6.75,7.059999942779541,6.704999923706055,6.900000095367432,4.062748908996582,18050600
2016-02-05,6.949999809265137,7.025000095367432,6.820000171661377,6.84499979019165,4.0303635597229,11180000
2016-02-10,6.760000228881836,6.860000133514404,6.735000133514404,6.84499979019165,4.0303635597229,10771000
2016-02-11,6.735000133514404,6.795000076293945,6.414999961853027,6.53000020980835,3.844890594482422,21786400
2016-02-12,6.599999904632568,6.784999847412109,6.40500020980835,6.5,3.827225685119629,20172800
2016-02-15,6.650000095367432,6.675000190734863,6.539999961853027,6.570000171661377,3.868441343307495,9026600
2016-02-16,6.570000171661377,6.769999980926514,6.550000190734863,6.699999809265137,3.9449880123138428,13921200
2016-02-17,6.715000152587891,6.900000095367432,6.554999828338623,6.679999828338623,3.9332103729248047,19598200
2016-02-18,6.679999828338623,6.78000020980835,6.434999942779541,6.434999942779541,3.788954973220825,18268600
2016-02-19,6.434999942779541,6.644999980926514,6.400000095367432,6.505000114440918,3.8301713466644287,16012200
2016-02-22,6.695000171661377,6.849999904632568,6.650000095367432,6.804999828338623,4.00681209564209,21210200
2016-02-23,6.75,6.96999979019165,6.659999847412109,6.760000228881836,3.9803147315979004,13857800
2016-02-24,6.579999923706055,6.635000228881836,6.440000057220459,6.534999847412109,3.847834587097168,19670200
2016-02-25,6.5,6.605000019073486,6.349999904632568,6.559999942779541,3.8625547885894775,19713200
2016-02-26,6.635000228881836,6.739999771118164,6.480000019073486,6.599999904632568,3.8861067295074463,13945000
2016-02-29,6.699999809265137,6.84499979019165,6.619999885559082,6.769999980926514,3.98620343208313,32678200
2016-03-01,6.860000133514404,7.224999904632568,6.809999942779541,7.159999847412109,4.215837478637695,27066400
2016-03-02,7.190000057220459,7.434999942779541,7.105000019073486,7.385000228881836,4.348317623138428,25938800
2016-03-03,7.550000190734863,8.494999885559082,7.5,8.305000305175781,4.920189380645752,51505800
2016-03-04,8.305000305175781,9.850000381469727,8.305000305175781,9.125,5.40598726272583,53854400
2016-03-07,9.125,9.225000381469727,8.755000114440918,9.130000114440918,5.40894889831543,22629000
2016-03-08,9.125,10.125,8.970000267028809,10.125,5.998424053192139,53123000
2016-03-09,10.100000381469727,10.609999656677246,9.954999923706055,10.149999618530273,6.013232231140137,49665000
2016-03-10,10.375,10.979999542236328,10.085000038146973,10.75,6.368696689605713,45257200
2016-03-11,10.760000228881836,11.645000457763672,10.625,11.425000190734863,6.768592834472656,56263800
2016-03-14,11.5,11.8100004196167,10.774999618530273,11.100000381469727,6.604457855224609,42439800
2016-03-15,10.255000114440918,10.324999809265137,8.75,8.75,5.206216812133789,70133200
2016-03-16,8.574999809265137,9.194999694824219,8.399999618530273,9.045000076293945,5.381741046905518,47140000
2016-03-17,10.604999542236328,10.675000190734863,9.675000190734863,10.345000267028809,6.155234336853027,61471400
2016-03-18,10.40999984741211,10.5600004196167,9.970000267028809,10.180000305175781,6.057060718536377,25889000
2016-03-21,10.295000076293945,10.395000457763672,10.125,10.350000381469727,6.158207416534424,22306200
2016-03-22,10.260000228881836,10.359999656677246,10.15999984741211,10.199999809265137,6.068960189819336,19311600
2016-03-23,9.989999771118164,9.994999885559082,9.75,9.819999694824219,5.842861175537109,19680000
2016-03-24,9.375,9.640000343322754,9.324999809265137,9.494999885559082,5.649488925933838,21810800
2016-03-28,10.100000381469727,10.145000457763672,9.845000267028809,10.050000190734863,5.979711532592773,32618400
2016-03-29,10.074999809265137,10.350000381469727,9.765000343322754,10.350000381469727,6.158207416534424,37930600
2016-03-30,10.5,10.550000190734863,10.114999771118164,10.135000228881836,6.030288219451904,27935600
2016-03-31,10.005000114440918,10.079999923706055,9.670000076293945,9.885000228881836,5.881537437438965,283000
2016-04-01,9.694999694824219,9.984999656677246,9.600000381469727,9.885000228881836,5.881537437438965,90000
2016-04-04,9.704999923706055,9.779999732971191,9.3100004196167,9.324999809265137,5.548338890075684,318800
2016-04-05,9.274999618530273,9.635000228881836,8.979999542236328,9.175000190734863,5.459088325500488,380400
2016-04-06,9.055000305175781,9.345000267028809,8.899999618530273,9.09000015258789,5.408514976501465,257000
2016-04-07,9.369999885559082,9.369999885559082,9.369999885559082,9.369999885559082,5.575113773345947,114400
2016-04-08,9.744999885559082,10.475000381469727,9.680000305175781,10.449999809265137,6.217709541320801,36733400
2016-04-11,10.664999961853027,10.899999618530273,10.5600004196167,10.770000457763672,6.408108711242676,146200
2016-04-12,10.859999656677246,11.079999923706055,10.654999732971191,11.050000190734863,6.57470703125,237000
2016-04-13,11.380000114440918,11.5649995803833,11.15999984741211,11.164999961853027,6.643130779266357,375200
2016-04-14,11.404999732971191,11.529999732971191,10.829999923706055,10.96500015258789,6.524132251739502,32011600
2016-04-15,11.390000343322754,11.395000457763672,11.069999694824219,11.350000381469727,6.75320291519165,29140000
2016-04-18,11.300000190734863,11.529999732971191,10.914999961853027,11.039999961853027,6.568755149841309,29697600
2016-04-19,11.199999809265137,11.300000190734863,10.989999771118164,10.989999771118164,6.539007186889648,173400
2016-04-20,10.9399995803833,10.994999885559082,10.720000267028809,10.914999961853027,6.494381904602051,19879600
2016-04-22,10.635000228881836,10.789999961853027,10.515000343322754,10.635000228881836,6.327783584594727,23234200
2016-04-25,10.550000190734863,10.694999694824219,10.279999732971191,10.399999618530273,6.187960624694824,12521800
2016-04-26,10.460000038146973,10.949999809265137,10.404999732971191,10.875,6.470583915710449,25508000
2016-04-27,11.0,11.289999961853027,10.970000267028809,11.149999618530273,6.6342058181762695,18239200
2016-04-28,11.024999618530273,11.09000015258789,10.75,10.875,6.470583915710449,22155600
2016-04-29,11.0,11.0600004196167,10.800000190734863,11.055000305175781,6.5776824951171875,30400400
2016-05-02,11.0,11.055000305175781,10.704999923706055,10.774999618530273,6.411083221435547,17302200
2016-05-03,10.550000190734863,10.550000190734863,10.220000267028809,10.220000267028809,6.080860137939453,17387000
2016-05-04,10.149999618530273,10.46500015258789,10.125,10.4399995803833,6.211760520935059,15545600
2016-05-05,10.600000381469727,10.65999984741211,10.149999618530273,10.260000228881836,6.10466194152832,11430800
2016-05-06,9.989999771118164,10.484999656677246,9.989999771118164,10.345000267028809,6.155234336853027,11361000
2016-05-09,10.319999694824219,10.350000381469727,9.600000381469727,10.125,6.024336814880371,22928400
2016-05-10,10.390000343322754,10.725000381469727,10.305000305175781,10.725000381469727,6.38133430480957,30806800
2016-05-11,11.0,11.0649995803833,10.239999771118164,10.239999771118164,6.092761993408203,36734200
2016-05-12,10.0649995803833,10.3100004196167,9.664999961853027,9.949999809265137,5.920210838317871,55622000
2016-05-13,9.975000381469727,10.09000015258789,9.5,9.680000305175781,5.759563446044922,27513200
2016-05-16,9.654999732971191,9.75,9.510000228881836,9.529999732971191,5.670312881469727,23098000
2016-05-17,9.430000305175781,9.489999771118164,9.050000190734863,9.069999694824219,5.3966145515441895,25254800
2016-05-18,9.020000457763672,9.375,8.854999542236328,9.079999923706055,5.402565002441406,24360400
2016-05-19,8.975000381469727,9.114999771118164,8.819999694824219,8.864999771118164,5.274641513824463,19379800
2016-05-20,9.0,9.0649995803833,8.654999732971191,8.654999732971191,5.149693012237549,16166200
2016-05-23,8.520000457763672,8.619999885559082,8.420000076293945,8.5,5.057467937469482,17438600
2016-05-24,8.640000343322754,8.760000228881836,7.989999771118164,7.989999771118164,4.79170036315918,54938200
2016-05-25,8.0,8.375,7.994999885559082,8.225000381469727,4.9326324462890625,40225800
2016-05-27,8.350000381469727,8.420000076293945,7.929999828338623,8.0649995803833,4.8366780281066895,16056000
2016-05-30,8.154999732971191,8.324999809265137,8.085000038146973,8.204999923706055,4.9206390380859375,9085800
2016-05-31,8.175000190734863,8.460000038146973,7.985000133514404,8.234999656677246,4.938628673553467,26358600
2016-06-01,8.1899995803833,8.335000038146973,8.055000305175781,8.28499984741211,4.968616008758545,21501400
2016-06-02,8.329999923706055,8.449999809265137,8.130000114440918,8.449999809265137,5.067569255828857,20070000
2016-06-03,8.515000343322754,8.694999694824219,8.425000190734863,8.649999618530273,5.187509536743164,19103800
2016-06-06,8.675000190734863,8.78499984741211,8.470000267028809,8.5600004196167,5.133536338806152,16916800
2016-06-07,8.475000381469727,8.694999694824219,8.425000190734863,8.460000038146973,5.073563575744629,14297000
2016-06-08,8.539999961853027,8.800000190734863,8.53499984741211,8.725000381469727,5.232488632202148,17787000
2016-06-09,8.654999732971191,8.770000457763672,8.539999961853027,8.699999809265137,5.217495918273926,21393000
2016-06-10,8.579999923706055,8.625,8.274999618530273,8.274999618530273,4.962616920471191,19733400
2016-06-13,8.180000305175781,8.425000190734863,8.130000114440918,8.345000267028809,5.004598617553711,13732800
2016-06-14,8.3149995803833,8.414999961853027,7.949999809265137,8.055000305175781,4.870884418487549,17629800
2016-06-15,8.114999771118164,8.180000305175781,7.800000190734863,8.050000190734863,4.867861747741699,24911400
2016-06-16,7.989999771118164,8.145000457763672,7.78000020980835,8.095000267028809,4.895071983337402,20292000
2016-06-17,8.164999961853027,8.34000015258789,8.0,8.0,4.837626934051514,26122800
2016-06-20,8.239999771118164,8.395000457763672,8.1850004196167,8.295000076293945,5.016013145446777,27547400
2016-06-21,7.974999904632568,8.024999618530273,7.875,7.925000190734863,4.792273044586182,40189200
2016-06-22,7.994999885559082,8.109999656677246,7.900000095367432,7.900000095367432,4.777154445648193,22121200
2016-06-23,8.055000305175781,8.164999961853027,7.989999771118164,8.109999656677246,4.904141426086426,23530400
2016-06-24,7.809999942779541,7.949999809265137,7.695000171661377,7.945000171661377,4.8043670654296875,20642800
2016-06-27,8.020000457763672,8.029999732971191,7.71999979019165,7.820000171661377,4.728777885437012,16009800
2016-06-28,7.980000019073486,8.045000076293945,7.894999980926514,8.015000343322754,4.846696853637695,14202000
2016-06-29,8.095000267028809,8.274999618530273,8.095000267028809,8.244999885559082,4.98577880859375,21470600
2016-06-30,8.229999542236328,8.59000015258789,8.114999771118164,8.59000015258789,5.194398880004883,28466000
2016-07-01,8.595000267028809,8.645000457763672,8.449999809265137,8.524999618530273,5.155094623565674,16563000
2016-07-04,8.600000381469727,8.649999618530273,8.494999885559082,8.5649995803833,5.179281711578369,11441600
2016-07-05,8.515000343322754,8.545000076293945,8.404999732971191,8.5,5.139977931976318,9921000
2016-07-06,8.449999809265137,8.510000228881836,8.28499984741211,8.479999542236328,5.127885341644287,18167400
2016-07-07,8.505000114440918,8.569999694824219,8.375,8.375,5.064390182495117,15182400
2016-07-08,8.529999732971191,8.635000228881836,8.489999771118164,8.614999771118164,5.209519386291504,11531800
2016-07-11,8.755000114440918,9.020000457763672,8.725000381469727,9.010000228881836,5.448375701904297,19298800
2016-07-12,9.15999984741211,9.265000343322754,8.880000114440918,8.895000457763672,5.378835678100586,21099600
2016-07-13,8.895000457763672,9.100000381469727,8.774999618530273,9.024999618530273,5.457446575164795,22121000
2016-07-14,9.199999809265137,9.5649995803833,9.135000228881836,9.505000114440918,5.747705936431885,36803400
2016-07-15,9.470000267028809,9.699999809265137,9.470000267028809,9.630000114440918,5.823290824890137,30739600
2016-07-18,9.649999618530273,9.979999542236328,9.630000114440918,9.979999542236328,6.03494119644165,20480200
2016-07-19,9.944999694824219,10.46500015258789,9.899999618530273,10.46500015258789,6.328222274780273,36141000
2016-07-20,10.5,10.755000114440918,10.375,10.675000190734863,6.455209732055664,33072200
2016-07-21,10.649999618530273,10.734999656677246,10.135000228881836,10.475000381469727,6.334266185760498,29865000
2016-07-22,10.449999809265137,10.630000114440918,10.305000305175781,10.305000305175781,6.2314677238464355,16187600
2016-07-25,10.345000267028809,10.649999618530273,10.34000015258789,10.649999618530273,6.440088748931885,23936000
2016-07-26,10.675000190734863,10.859999656677246,10.649999618530273,10.720000267028809,6.48241662979126,19589800
2016-07-27,10.75,10.949999809265137,10.699999809265137,10.739999771118164,6.4945149421691895,18010200
2016-07-28,10.625,10.625,10.25,10.335000038146973,6.249606132507324,17635400
2016-07-29,10.329999923706055,10.595000267028809,10.255000114440918,10.524999618530273,6.364497661590576,18178200
2016-08-01,10.569999694824219,10.670000076293945,10.329999923706055,10.345000267028809,6.255655765533447,14231400
2016-08-02,10.25,10.4350004196167,10.050000190734863,10.100000381469727,6.1075029373168945,20157000
2016-08-03,10.050000190734863,10.34000015258789,10.015000343322754,10.260000228881836,6.204256534576416,14761000
2016-08-04,10.359999656677246,10.550000190734863,10.350000381469727,10.53499984741211,6.370550155639648,15344800
2016-08-05,10.649999618530273,10.739999771118164,10.484999656677246,10.609999656677246,6.415902137756348,9234200
2016-08-08,10.539999961853027,10.680000305175781,10.5,10.585000038146973,6.400784969329834,8695800
2016-08-09,10.614999771118164,10.774999618530273,10.5649995803833,10.699999809265137,6.470325946807861,10663000
2016-08-10,10.734999656677246,10.800000190734863,10.385000228881836,10.4350004196167,6.310078144073486,15765000
2016-08-11,10.404999732971191,11.029999732971191,10.404999732971191,11.024999618530273,6.666853427886963,31725000
2016-08-12,11.024999618530273,11.40999984741211,10.949999809265137,11.335000038146973,6.854310512542725,34418800
2016-08-15,11.364999771118164,11.609999656677246,11.335000038146973,11.59000015258789,7.008510112762451,16581600
2016-08-16,11.46500015258789,11.600000381469727,11.260000228881836,11.319999694824219,6.845240116119385,16687400
2016-08-17,11.350000381469727,11.385000228881836,11.055000305175781,11.380000114440918,6.8815202713012695,15934600
2016-08-18,11.395000457763672,11.460000038146973,11.244999885559082,11.364999771118164,6.872455596923828,11044000
2016-08-19,11.300000190734863,11.625,11.244999885559082,11.600000381469727,7.0145583152771,18190200
2016-08-22,11.59000015258789,11.600000381469727,11.154999732971191,11.154999732971191,6.745464324951172,15181800
2016-08-23,11.25,11.404999732971191,11.15999984741211,11.289999961853027,6.870199203491211,23453800
2016-08-24,11.204999923706055,11.3100004196167,11.100000381469727,11.175000190734863,6.800220489501953,11122200
2016-08-25,11.199999809265137,11.354999542236328,11.154999732971191,11.220000267028809,6.827605724334717,10110400
2016-08-26,11.300000190734863,11.5649995803833,11.239999771118164,11.449999809265137,6.967563152313232,16521200
2016-08-29,11.4399995803833,11.96500015258789,11.345000267028809,11.90999984741211,7.24748420715332,17597600
2016-08-30,11.970000267028809,12.074999809265137,11.760000228881836,11.864999771118164,7.220102310180664,16233600
2016-08-31,11.9399995803833,12.170000076293945,11.369999885559082,11.604999542236328,7.061883449554443,37697000
2016-09-01,11.725000381469727,11.8149995803833,11.425000190734863,11.430000305175781,6.95539665222168,17968200
2016-09-02,11.585000038146973,11.885000228881836,11.555000305175781,11.859999656677246,7.217057228088379,21005800
2016-09-05,11.920000076293945,11.989999771118164,11.675000190734863,11.744999885559082,7.14708137512207,9590800
2016-09-06,11.8100004196167,12.010000228881836,11.654999732971191,12.010000228881836,7.308339595794678,16285000
2016-09-08,11.9350004196167,12.149999618530273,11.899999618530273,12.0649995803833,7.341806411743164,15539200
2016-09-09,11.875,11.899999618530273,11.369999885559082,11.420000076293945,6.949311256408691,21894800
2016-09-12,11.369999885559082,11.545000076293945,11.104999542236328,11.475000381469727,6.9827752113342285,21592400
2016-09-13,11.279999732971191,11.28499984741211,10.904999732971191,11.005000114440918,6.73393440246582,18884400
2016-09-14,11.024999618530273,11.135000228881836,10.824999809265137,10.96500015258789,6.709457874298096,14097000
2016-09-15,11.029999732971191,11.25,10.954999923706055,11.154999732971191,6.825719833374023,14237400
2016-09-16,11.114999771118164,11.140000343322754,10.850000381469727,10.96500015258789,6.709457874298096,15632400
2016-09-19,11.095000267028809,11.239999771118164,11.005000114440918,11.005000114440918,6.73393440246582,11349800
2016-09-20,11.149999618530273,11.319999694824219,11.109999656677246,11.305000305175781,6.917504787445068,11802400
2016-09-21,11.430000305175781,11.800000190734863,11.390000343322754,11.670000076293945,7.140844821929932,21948600
2016-09-22,11.800000190734863,11.864999771118164,11.625,11.725000381469727,7.174499034881592,14174000
2016-09-23,11.649999618530273,11.6899995803833,11.369999885559082,11.475000381469727,7.021524906158447,12272600
2016-09-26,11.335000038146973,11.4399995803833,11.225000381469727,11.345000267028809,6.941981792449951,7248000
2016-09-27,11.380000114440918,11.475000381469727,11.149999618530273,11.4399995803833,7.000111103057861,13392600
2016-09-28,11.494999885559082,11.654999732971191,11.369999885559082,11.654999732971191,7.131666660308838,10532400
2016-09-29,11.670000076293945,11.710000038146973,11.300000190734863,11.3149995803833,6.923620223999023,14369200
2016-09-30,11.324999809265137,11.574999809265137,11.279999732971191,11.399999618530273,6.9756317138671875,9726000
2016-10-03,11.449999809265137,11.725000381469727,11.449999809265137,11.670000076293945,7.140844821929932,12682200
2016-10-04,11.649999618530273,11.770000457763672,11.5600004196167,11.699999809265137,7.159204483032227,12107800
2016-10-05,11.75,12.074999809265137,11.694999694824219,11.96500015258789,7.321355819702148,15563200
2016-10-06,11.925000190734863,12.420000076293945,11.875,12.34000015258789,7.550818920135498,21767000
2016-10-07,12.454999923706055,12.694999694824219,12.444999694824219,12.640000343322754,7.734386920928955,24574000
2016-10-10,12.71500015258789,12.835000038146973,12.664999961853027,12.725000381469727,7.7863993644714355,10865800
2016-10-11,12.654999732971191,12.664999961853027,12.40999984741211,12.4350004196167,7.608950138092041,11608800
2016-10-13,12.385000228881836,12.765000343322754,12.260000228881836,12.649999618530273,7.74050760269165,21316400
2016-10-14,12.850000381469727,13.024999618530273,12.789999961853027,12.979999542236328,7.942431926727295,19661600
2016-10-17,12.899999618530273,13.739999771118164,12.899999618530273,13.739999771118164,8.407477378845215,25797200
2016-10-18,13.774999618530273,14.029999732971191,13.710000038146973,14.024999618530273,8.581864356994629,23726200
2016-10-19,14.024999618530273,14.175000190734863,13.729999542236328,13.765000343322754,8.422771453857422,18555200
2016-10-20,13.604999542236328,14.09000015258789,13.604999542236328,14.050000190734863,8.597162246704102,16404400
2016-10-21,14.039999961853027,14.350000381469727,13.864999771118164,14.225000381469727,8.70424747467041,18669800
2016-10-24,14.399999618530273,14.619999885559082,14.109999656677246,14.109999656677246,8.63387680053711,18640000
2016-10-25,14.199999809265137,14.244999885559082,13.625,13.774999618530273,8.428892135620117,23203200
2016-10-26,13.649999618530273,13.875,13.5,13.670000076293945,8.364642143249512,24213000
2016-10-27,13.625,14.385000228881836,13.625,14.369999885559082,8.792967796325684,24220400
2016-10-28,14.274999618530273,14.46500015258789,14.010000228881836,14.145000457763672,8.655294418334961,13261800
2016-10-31,14.1850004196167,14.699999809265137,14.175000190734863,14.645000457763672,8.961244583129883,17214400
2016-11-01,14.6899995803833,14.729999542236328,13.960000038146973,13.970000267028809,8.548212051391602,15834000
2016-11-03,13.699999809265137,13.880000114440918,13.305000305175781,13.305000305175781,8.1412992477417,27198400
2016-11-04,13.305000305175781,13.854999542236328,13.055000305175781,13.4399995803833,8.223905563354492,22527000
2016-11-07,14.074999809265137,14.164999961853027,13.859999656677246,14.164999961853027,8.667531967163086,13469800
2016-11-08,13.979999542236328,14.244999885559082,13.869999885559082,14.140000343322754,8.65223503112793,13556400
2016-11-09,13.399999618530273,14.0,13.350000381469727,13.640000343322754,8.346288681030273,19752400
2016-11-10,13.9399995803833,13.9399995803833,12.699999809265137,12.765000343322754,7.8108744621276855,31711800
2016-11-11,12.524999618530273,12.75,11.75,11.880000114440918,7.269346237182617,41243000
2016-11-14,11.850000381469727,12.375,11.53499984741211,12.210000038146973,7.47127103805542,25667600
2016-11-16,12.5,13.164999961853027,12.274999618530273,13.0,7.954672336578369,32438800
2016-11-17,13.145000457763672,13.390000343322754,12.699999809265137,12.760000228881836,7.80781364440918,19059800
2016-11-18,12.725000381469727,13.154999732971191,12.710000038146973,13.135000228881836,8.037276268005371,14772600
2016-11-21,13.880000114440918,14.164999961853027,13.680000305175781,14.164999961853027,8.667531967163086,27892400
2016-11-22,14.375,14.614999771118164,14.0649995803833,14.289999961853027,8.77806568145752,26463200
2016-11-23,14.109999656677246,14.399999618530273,14.069999694824219,14.225000381469727,8.73813533782959,14544000
2016-11-24,14.199999809265137,14.234999656677246,13.845000267028809,13.845000267028809,8.504707336425781,5568000
2016-11-25,13.645000457763672,13.949999809265137,13.5,13.8149995803833,8.48628044128418,9546400
2016-11-28,13.8149995803833,14.484999656677246,13.710000038146973,14.449999809265137,8.876349449157715,14429400
2016-11-29,14.265000343322754,14.444999694824219,13.925000190734863,13.925000190734863,8.553850173950195,10092200
2016-11-30,14.274999618530273,14.489999771118164,14.140000343322754,14.25,8.753493309020996,17193600
2016-12-01,13.3100004196167,13.3100004196167,13.3100004196167,13.3100004196167,8.176065444946289,23528400
2016-12-02,13.199999809265137,13.725000381469727,12.949999809265137,13.585000038146973,8.344992637634277,18632600
2016-12-05,13.585000038146973,13.694999694824219,13.175000190734863,13.324999809265137,8.185285568237305,16156000
2016-12-06,13.265000343322754,13.595000267028809,13.104999542236328,13.34000015258789,8.194497108459473,18061200
2016-12-07,13.539999961853027,13.574999809265137,13.399999618530273,13.5,8.292780876159668,14842000
2016-12-08,13.604999542236328,13.664999961853027,13.305000305175781,13.399999618530273,8.231353759765625,10372000
2016-12-09,13.510000228881836,13.625,13.3100004196167,13.520000457763672,8.305068969726562,12557400
2016-12-12,13.255000114440918,13.345000267028809,12.805000305175781,12.875,7.90885591506958,21920000
2016-12-13,12.850000381469727,13.1899995803833,12.850000381469727,12.954999923706055,7.981842517852783,14729800
2016-12-14,12.975000381469727,13.09000015258789,12.640000343322754,12.640000343322754,7.7877702713012695,18636600
2016-12-15,12.640000343322754,13.125,12.510000228881836,13.125,8.086586952209473,21081200
2016-12-16,13.194999694824219,13.475000381469727,13.175000190734863,13.210000038146973,8.138957977294922,16335400
2016-12-19,13.25,13.359999656677246,12.805000305175781,12.914999961853027,7.957201957702637,12267800
2016-12-20,13.010000228881836,13.369999885559082,12.824999809265137,13.125,8.086586952209473,15261800
2016-12-21,13.25,13.335000038146973,13.045000076293945,13.125,8.086586952209473,7949200
2016-12-22,13.140000343322754,13.140000343322754,12.904999732971191,13.0,8.009571075439453,16166200
2016-12-23,13.029999732971191,13.460000038146973,13.029999732971191,13.369999885559082,8.237533569335938,10522200
2016-12-26,13.395000457763672,13.625,13.395000457763672,13.579999923706055,8.366922378540039,2809800
2016-12-27,13.65999984741211,13.795000076293945,13.520000457763672,13.675000190734863,8.425453186035156,7130400
2016-12-28,13.675000190734863,13.975000381469727,13.635000228881836,13.845000267028809,8.530193328857422,6908600
2016-12-29,13.845000267028809,14.045000076293945,13.739999771118164,14.045000076293945,8.653414726257324,9391000
2017-01-02,13.949999809265137,13.979999542236328,13.720000267028809,13.770000457763672,8.483981132507324,3936400
2017-01-03,13.880000114440918,14.399999618530273,13.880000114440918,14.399999618530273,8.872139930725098,15157800
2017-01-04,14.324999809265137,14.5,14.274999618530273,14.324999809265137,8.825932502746582,8312600
2017-01-05,14.359999656677246,14.449999809265137,14.21500015258789,14.289999961853027,8.804370880126953,10914200
2017-01-06,14.289999961853027,14.46500015258789,14.270000457763672,14.444999694824219,8.899866104125977,7384800
2017-01-09,13.895000457763672,14.220000267028809,13.774999618530273,13.899999618530273,8.564081192016602,30980400
2017-01-10,14.130000114440918,14.244999885559082,14.010000228881836,14.09000015258789,8.68113899230957,10895200
2017-01-11,14.175000190734863,14.244999885559082,13.8100004196167,14.239999771118164,8.773558616638184,11368400
2017-01-12,14.5600004196167,14.744999885559082,14.489999771118164,14.600000381469727,8.99536418914795,18930200
2017-01-13,14.494999885559082,14.630000114440918,14.164999961853027,14.220000267028809,8.761237144470215,10998400
2017-01-16,14.25,14.425000190734863,14.140000343322754,14.229999542236328,8.767399787902832,6978000
2017-01-17,14.225000381469727,14.529999732971191,14.1899995803833,14.460000038146973,8.909106254577637,9938800
2017-01-18,14.529999732971191,14.550000190734863,14.34000015258789,14.34000015258789,8.835174560546875,8610600
2017-01-19,14.369999885559082,14.5,14.154999732971191,14.354999542236328,8.844413757324219,8048200
2017-01-20,14.380000114440918,14.725000381469727,14.380000114440918,14.675000190734863,9.041572570800781,19709400
2017-01-23,14.75,15.359999656677246,14.704999923706055,15.34000015258789,9.4512939453125,16268600
2017-01-24,15.350000381469727,15.550000190734863,14.899999618530273,15.050000190734863,9.272618293762207,16146400
2017-01-26,15.5,16.0,15.375,16.0,9.857933044433594,27061000
2017-01-27,15.895000457763672,15.949999809265137,15.675000190734863,15.694999694824219,9.67001724243164,10744400
2017-01-30,15.510000228881836,15.600000381469727,15.104999542236328,15.260000228881836,9.40200424194336,11303400
2017-01-31,15.34000015258789,15.555000305175781,15.145000457763672,15.555000305175781,9.583759307861328,11088600
2017-02-01,15.694999694824219,15.875,15.574999809265137,15.630000114440918,9.62996768951416,10845600
2017-02-02,15.430000305175781,15.725000381469727,15.239999771118164,15.484999656677246,9.540632247924805,12769600
2017-02-03,15.40999984741211,15.829999923706055,15.145000457763672,15.444999694824219,9.515986442565918,16378600
2017-02-06,15.649999618530273,15.744999885559082,14.925000190734863,15.0600004196167,9.278783798217773,12235200
2017-02-07,15.329999923706055,15.369999885559082,15.0600004196167,15.199999809265137,9.365036964416504,8444000
2017-02-08,15.244999885559082,15.489999771118164,15.029999732971191,15.359999656677246,9.463614463806152,8855200
2017-02-09,15.380000114440918,15.550000190734863,15.154999732971191,15.3100004196167,9.432806968688965,12547800
2017-02-10,15.489999771118164,15.729999542236328,15.255000114440918,15.59000015258789,9.60532283782959,12886800
2017-02-13,15.649999618530273,15.84000015258789,15.545000076293945,15.6899995803833,9.666939735412598,9782400
2017-02-14,15.71500015258789,15.774999618530273,15.425000190734863,15.739999771118164,9.697741508483887,12225200
2017-02-15,15.765000343322754,16.1200008392334,15.755000114440918,15.930000305175781,9.814806938171387,18362000
2017-02-16,15.609999656677246,16.485000610351562,15.5,16.44499969482422,10.132105827331543,34150800
2017-02-17,16.315000534057617,16.6200008392334,16.209999084472656,16.454999923706055,10.138267517089844,21409600
2017-02-20,16.55500030517578,16.760000228881836,16.434999465942383,16.719999313354492,10.301543235778809,10017600
2017-02-21,16.719999313354492,17.0,16.709999084472656,17.0,10.474054336547852,14832200
2017-02-22,16.950000762939453,17.174999237060547,16.850000381469727,17.045000076293945,10.501781463623047,13697200
2017-02-23,17.05500030517578,17.375,16.56999969482422,16.674999237060547,10.273813247680664,17344600
2017-02-24,16.459999084472656,16.725000381469727,16.225000381469727,16.549999237060547,10.196800231933594,13117000
2017-03-01,16.950000762939453,16.979999542236328,16.549999237060547,16.799999237060547,10.350828170776367,11335200
2017-03-02,16.7450008392334,16.8700008392334,16.575000762939453,16.6299991607666,10.253995895385742,13738800
2017-03-03,16.684999465942383,17.440000534057617,16.68000030517578,17.440000534057617,10.753439903259277,22167200
2017-03-06,17.309999465942383,17.584999084472656,17.299999237060547,17.579999923706055,10.839762687683105,18027400
2017-03-07,17.645000457763672,17.645000457763672,17.2549991607666,17.364999771118164,10.707192420959473,10397600
2017-03-08,17.309999465942383,17.344999313354492,16.899999618530273,16.954999923706055,10.454387664794922,14417800
2017-03-09,16.889999389648438,17.065000534057617,16.649999618530273,16.780000686645508,10.34648323059082,8723800
2017-03-10,16.885000228881836,17.280000686645508,16.790000915527344,16.844999313354492,10.38656234741211,11601000
2017-03-13,17.0,17.174999237060547,16.854999542236328,17.024999618530273,10.497550010681152,7597200
2017-03-14,16.94499969482422,17.344999313354492,16.915000915527344,16.954999923706055,10.476574897766113,13404200
2017-03-15,17.06999969482422,17.225000381469727,16.600000381469727,17.094999313354492,10.56308650970459,19174600
2017-03-16,17.05500030517578,17.209999084472656,16.665000915527344,16.864999771118164,10.420964241027832,11298800
2017-03-17,16.959999084472656,17.049999237060547,16.354999542236328,16.405000686645508,10.136727333068848,22519400
2017-03-20,16.344999313354492,16.704999923706055,16.100000381469727,16.375,10.118191719055176,15928800
2017-03-21,16.549999237060547,16.6299991607666,15.899999618530273,15.984999656677246,9.877209663391113,14967400
2017-03-22,15.984999656677246,16.655000686645508,15.914999961853027,16.524999618530273,10.210880279541016,17915400
2017-03-23,16.44499969482422,16.674999237060547,16.299999237060547,16.524999618530273,10.210880279541016,11056200
2017-03-24,16.5,16.7450008392334,16.450000762939453,16.600000381469727,10.257222175598145,9336400
2017-03-27,16.424999237060547,16.65999984741211,16.309999465942383,16.655000686645508,10.291207313537598,8150400
2017-03-28,16.594999313354492,16.655000686645508,16.405000686645508,16.549999237060547,10.226329803466797,9166800
2017-03-29,16.545000076293945,17.149999618530273,16.485000610351562,17.149999618530273,10.59706974029541,18763800
2017-03-30,17.200000762939453,17.325000762939453,16.959999084472656,17.03499984741211,10.52601432800293,13016800
2017-03-31,16.899999618530273,17.065000534057617,16.850000381469727,16.885000228881836,10.433321952819824,13808800
2017-04-03,16.8799991607666,17.145000457763672,16.78499984741211,16.934999465942383,10.46422004699707,7270000
2017-04-04,16.899999618530273,17.114999771118164,16.799999237060547,17.0,10.50438404083252,11750200
2017-04-05,17.049999237060547,17.125,16.565000534057617,16.709999084472656,10.325191497802734,9555000
2017-04-06,16.700000762939453,16.75,16.184999465942383,16.31999969482422,10.084207534790039,11873800
2017-04-07,16.28499984741211,16.575000762939453,16.0,16.25,10.040956497192383,10659800
2017-04-10,16.28499984741211,16.405000686645508,16.139999389648438,16.395000457763672,10.130553245544434,15373800
2017-04-11,16.424999237060547,16.59000015258789,16.225000381469727,16.40999984741211,10.139817237854004,18889800
2017-04-12,16.344999313354492,16.399999618530273,16.100000381469727,16.139999389648438,9.972983360290527,21608200
2017-04-13,16.040000915527344,16.075000762939453,15.300000190734863,15.300000190734863,9.45394515991211,23700600
2017-04-17,15.489999771118164,16.084999084472656,15.369999885559082,16.010000228881836,9.892656326293945,19233400
2017-04-18,15.864999771118164,16.334999084472656,15.8100004196167,16.165000915527344,9.988434791564941,15643200
2017-04-19,16.209999084472656,16.290000915527344,15.5600004196167,15.574999809265137,9.623868942260742,12078600
2017-04-20,15.755000114440918,15.930000305175781,15.524999618530273,15.699999809265137,9.7011079788208,8913200
2017-04-24,16.059999465942383,16.225000381469727,15.800000190734863,16.149999618530273,9.979164123535156,15247800
2017-04-25,16.049999237060547,16.25,15.904999732971191,16.25,10.040956497192383,10072600
2017-04-26,16.174999237060547,16.46500015258789,16.05500030517578,16.05500030517578,9.920463562011719,13037600
2017-04-27,16.190000534057617,16.450000762939453,16.075000762939453,16.280000686645508,10.059491157531738,12500200
2017-04-28,16.25,16.53499984741211,16.184999465942383,16.424999237060547,10.149089813232422,8129400
2017-05-02,16.53499984741211,16.985000610351562,16.420000076293945,16.94499969482422,10.4704008102417,15989800
2017-05-03,16.915000915527344,16.979999542236328,16.639999389648438,16.889999389648438,10.43641185760498,8382600
2017-05-04,16.924999237060547,16.924999237060547,16.18000030517578,16.18000030517578,9.997701644897461,15072400
2017-05-05,16.274999618530273,16.69499969482422,16.200000762939453,16.55500030517578,10.229414939880371,9927800
2017-05-08,16.350000381469727,16.530000686645508,16.100000381469727,16.139999389648438,9.972983360290527,9507000
2017-05-09,16.15999984741211,16.475000381469727,16.079999923706055,16.200000762939453,10.010059356689453,9771600
2017-05-10,16.44499969482422,16.674999237060547,16.405000686645508,16.674999237060547,10.30356502532959,11147000
2017-05-11,16.75,17.424999237060547,16.75,17.19499969482422,10.62487506866455,27938800
2017-05-12,17.299999237060547,17.69499969482422,17.204999923706055,17.69499969482422,10.933831214904785,21332000
2017-05-15,17.684999465942383,17.684999465942383,17.2450008392334,17.375,10.73609733581543,12296000
2017-05-16,17.350000381469727,17.44499969482422,17.264999389648438,17.375,10.73609733581543,17371400
2017-05-17,17.260000228881836,17.260000228881836,16.700000762939453,16.905000686645508,10.44568157196045,12964800
2017-05-18,12.600000381469727,14.880000114440918,12.600000381469727,13.539999961853027,8.366432189941406,65887200
2017-05-19,14.175000190734863,14.454999923706055,13.880000114440918,13.989999771118164,8.644485473632812,35617800
2017-05-22,13.734999656677246,13.845000267028809,13.069999694824219,13.34000015258789,8.242854118347168,27283000
2017-05-23,13.5,13.604999542236328,13.350000381469727,13.5600004196167,8.436638832092285,17227600
2017-05-24,13.850000381469727,14.220000267028809,13.800000190734863,13.800000190734863,8.585962295532227,24206000
2017-05-25,13.864999771118164,14.079999923706055,13.604999542236328,13.854999542236328,8.620182991027832,18383800
2017-05-26,13.949999809265137,14.5,13.899999618530273,14.430000305175781,8.977927207946777,20298000
2017-05-29,14.430000305175781,14.430000305175781,14.430000305175781,14.430000305175781,8.977927207946777,0
2017-05-30,14.359999656677246,14.545000076293945,14.324999809265137,14.5,9.021476745605469,8749400
2017-05-31,14.5,14.625,14.0649995803833,14.170000076293945,8.816165924072266,20885200
2017-06-01,14.305000305175781,14.399999618530273,13.925000190734863,14.020000457763672,8.722838401794434,12395800
2017-06-02,14.175000190734863,14.274999618530273,13.904999732971191,14.039999961853027,8.735282897949219,14365600
2017-06-05,13.899999618530273,14.09000015258789,13.694999694824219,13.800000190734863,8.585962295532227,11255400
2017-06-06,13.824999809265137,14.350000381469727,13.755000114440918,14.305000305175781,8.900157928466797,18424200
2017-06-07,14.399999618530273,14.475000381469727,14.289999961853027,14.364999771118164,8.937487602233887,14753200
2017-06-08,14.194999694824219,14.210000038146973,13.904999732971191,14.149999618530273,8.803723335266113,13290000
2017-06-09,14.175000190734863,14.279999732971191,13.779999732971191,13.920000076293945,8.660622596740723,15518600
2017-06-12,13.859999656677246,13.920000076293945,13.454999923706055,13.59000015258789,8.455302238464355,16140000
2017-06-13,13.640000343322754,13.770000457763672,13.5,13.699999809265137,8.548456192016602,15264200
2017-06-14,13.75,13.975000381469727,13.595000267028809,13.694999694824219,8.545336723327637,20118000
2017-06-15,13.694999694824219,13.694999694824219,13.694999694824219,13.694999694824219,8.545336723327637,0
2017-06-16,13.630000114440918,13.925000190734863,13.625,13.744999885559082,8.57653522491455,35992000
2017-06-19,13.800000190734863,13.875,13.46500015258789,13.5649995803833,8.464219093322754,12884400
2017-06-20,13.529999732971191,13.529999732971191,12.975000381469727,13.0,8.111673355102539,20331600
2017-06-21,13.079999923706055,13.149999618530273,12.854999542236328,12.930000305175781,8.067995071411133,16384400
2017-06-22,12.949999809265137,13.095000267028809,12.885000228881836,13.0,8.111673355102539,12957600
2017-06-23,13.050000190734863,13.0600004196167,12.739999771118164,12.739999771118164,7.949435710906982,10174000
2017-06-26,12.895000457763672,13.550000190734863,12.854999542236328,13.484999656677246,8.414301872253418,18916200
2017-06-27,13.345000267028809,13.489999771118164,13.020000457763672,13.050000190734863,8.142873764038086,20896600
2017-06-28,13.154999732971191,13.274999618530273,12.880000114440918,13.194999694824219,8.233348846435547,9644200
2017-06-29,13.3100004196167,13.470000267028809,13.104999542236328,13.279999732971191,8.286386489868164,10378800
2017-06-30,13.34000015258789,13.460000038146973,13.28499984741211,13.399999618530273,8.3612642288208,10265400
2017-07-03,13.479999542236328,13.640000343322754,13.399999618530273,13.585000038146973,8.476699829101562,8498600
2017-07-04,13.489999771118164,13.710000038146973,13.449999809265137,13.654999732971191,8.520377159118652,6042600
2017-07-05,13.75,13.789999961853027,13.449999809265137,13.585000038146973,8.476699829101562,15067600
2017-07-06,13.574999809265137,13.609999656677246,13.430000305175781,13.494999885559082,8.420538902282715,7878400
2017-07-07,13.625,13.670000076293945,13.225000381469727,13.3149995803833,8.30822467803955,11622200
2017-07-10,13.335000038146973,13.520000457763672,13.255000114440918,13.454999923706055,8.39558219909668,9485000
2017-07-11,13.454999923706055,14.045000076293945,13.420000076293945,14.020000457763672,8.748128890991211,18650800
2017-07-12,14.140000343322754,14.484999656677246,13.914999961853027,14.420000076293945,8.99771785736084,23503600
2017-07-13,14.449999809265137,14.604999542236328,14.399999618530273,14.550000190734863,9.078831672668457,14145600
2017-07-14,14.574999809265137,14.734999656677246,14.555000305175781,14.704999923706055,9.175553321838379,10801600
2017-07-17,14.694999694824219,14.694999694824219,14.53499984741211,14.630000114440918,9.128752708435059,9854800
2017-07-18,14.600000381469727,14.645000457763672,14.5,14.640000343322754,9.134992599487305,12859400
2017-07-19,14.654999732971191,14.78499984741211,14.569999694824219,14.6899995803833,9.166193008422852,11563400
2017-07-20,14.729999542236328,15.0,14.71500015258789,14.819999694824219,9.247305870056152,15405200
2017-07-21,14.75,14.984999656677246,14.635000228881836,14.704999923706055,9.175553321838379,8080200
2017-07-24,14.71500015258789,14.779999732971191,14.404999732971191,14.539999961853027,9.072593688964844,13782400
2017-07-25,14.645000457763672,14.875,14.640000343322754,14.779999732971191,9.222350120544434,9768800
2017-07-26,14.779999732971191,14.84000015258789,14.414999961853027,14.420000076293945,8.99771785736084,10396800
2017-07-27,14.53499984741211,14.604999542236328,14.270000457763672,14.295000076293945,8.919721603393555,9526600
2017-07-28,14.265000343322754,14.324999809265137,14.1899995803833,14.279999732971191,8.910359382629395,7283800
2017-07-31,14.364999771118164,14.430000305175781,14.3100004196167,14.350000381469727,8.954039573669434,7211200
2017-08-01,14.4350004196167,14.75,14.375,14.649999618530273,9.141231536865234,14603800
2017-08-02,14.675000190734863,15.305000305175781,14.600000381469727,15.239999771118164,9.50937271118164,16284200
2017-08-03,15.239999771118164,15.475000381469727,15.1850004196167,15.34000015258789,9.571773529052734,14378800
2017-08-04,15.385000228881836,15.494999885559082,15.260000228881836,15.4350004196167,9.631054878234863,9949800
2017-08-07,15.494999885559082,15.734999656677246,15.375,15.675000190734863,9.780804634094238,9611000
2017-08-08,15.675000190734863,15.970000267028809,15.555000305175781,15.675000190734863,9.780804634094238,12483200
2017-08-09,15.510000228881836,15.520000457763672,15.225000381469727,15.385000228881836,9.599849700927734,13895600
2017-08-10,15.59000015258789,15.609999656677246,15.260000228881836,15.460000038146973,9.64665412902832,18534800
2017-08-11,15.364999771118164,15.545000076293945,15.305000305175781,15.449999809265137,9.640410423278809,10929200
2017-08-14,15.4350004196167,15.835000038146973,15.364999771118164,15.545000076293945,9.699687957763672,16176400
2017-08-15,15.65999984741211,15.779999732971191,15.470000267028809,15.470000267028809,9.652891159057617,17710200
2017-08-16,15.600000381469727,15.649999618530273,15.204999923706055,15.345000267028809,9.5748929977417,20111400
2017-08-17,15.25,15.3100004196167,15.010000228881836,15.074999809265137,9.40641975402832,11918200
2017-08-18,15.149999618530273,15.225000381469727,14.904999732971191,15.210000038146973,9.4906587600708,18983800
2017-08-21,15.375,15.579999923706055,15.300000190734863,15.40999984741211,9.615453720092773,15492000
2017-08-22,15.880000114440918,16.075000762939453,15.739999771118164,15.994999885559082,10.047076225280762,23527600
2017-08-23,16.010000228881836,16.135000228881836,15.854999542236328,16.0049991607666,10.053362846374512,13540600
2017-08-24,16.030000686645508,16.104999542236328,15.904999732971191,16.059999465942383,10.087909698486328,12877000
2017-08-25,16.09000015258789,16.204999923706055,15.960000038146973,16.0,10.050220489501953,8329800
2017-08-28,16.094999313354492,16.094999313354492,15.755000114440918,15.850000381469727,9.9559965133667,8745600
2017-08-29,15.75,15.774999618530273,15.585000038146973,15.744999885559082,9.890044212341309,14502200
2017-08-30,15.755000114440918,15.84000015258789,15.5,15.585000038146973,9.789545059204102,10851000
2017-08-31,15.5649995803833,15.654999732971191,15.199999809265137,15.350000381469727,9.641928672790527,18197600
2017-09-01,15.5,15.984999656677246,15.5,15.944999694824219,10.01567268371582,27318200
2017-09-04,15.9399995803833,16.040000915527344,15.819999694824219,15.920000076293945,9.999968528747559,8262800
2017-09-05,16.5,16.524999618530273,16.0,16.0,10.050220489501953,22237800
2017-09-06,16.184999465942383,16.420000076293945,16.114999771118164,16.3799991607666,10.288911819458008,22703400
2017-09-07,16.3799991607666,16.3799991607666,16.3799991607666,16.3799991607666,10.288911819458008,0
2017-09-08,16.424999237060547,16.475000381469727,16.21500015258789,16.329999923706055,10.25750732421875,13443000
2017-09-11,16.454999923706055,16.969999313354492,16.454999923706055,16.915000915527344,10.624968528747559,25189200
2017-09-12,16.834999084472656,17.03499984741211,16.594999313354492,16.690000534057617,10.50733470916748,14526800
2017-09-13,16.764999389648438,16.950000762939453,16.454999923706055,16.795000076293945,10.573436737060547,15626600
2017-09-14,16.6200008392334,16.940000534057617,16.520000457763672,16.809999465942383,10.582879066467285,10386400
2017-09-15,16.81999969482422,17.225000381469727,16.75,17.05500030517578,10.737122535705566,24141800
2017-09-18,17.03499984741211,17.299999237060547,16.975000381469727,17.290000915527344,10.8850679397583,13586600
2017-09-19,17.30500030517578,17.375,17.030000686645508,17.270000457763672,10.87247371673584,11842200
2017-09-20,17.329999923706055,17.565000534057617,17.155000686645508,17.3799991607666,10.941728591918945,24287400
2017-09-21,17.700000762939453,17.985000610351562,17.610000610351562,17.760000228881836,11.180957794189453,33065800
2017-09-22,17.684999465942383,17.709999084472656,17.510000228881836,17.649999618530273,11.11170768737793,10840200
2017-09-25,17.809999465942383,17.8700008392334,17.3799991607666,17.399999618530273,10.95431900024414,10611400
2017-09-26,17.579999923706055,17.65999984741211,17.475000381469727,17.5,11.017274856567383,15295400
2017-09-27,17.530000686645508,17.665000915527344,17.094999313354492,17.40999984741211,10.960614204406738,16793600
2017-09-28,17.43000030517578,17.43000030517578,17.1299991607666,17.264999389648438,10.869332313537598,12054200
2017-09-29,17.399999618530273,17.614999771118164,17.290000915527344,17.450000762939453,10.985793113708496,13586800
2017-10-02,17.389999389648438,17.524999618530273,17.264999389648438,17.475000381469727,11.001534461975098,10888400
2017-10-03,17.5,18.190000534057617,17.5,18.184999465942383,11.448524475097656,25086200
2017-10-04,18.1200008392334,18.239999771118164,17.934999465942383,18.100000381469727,11.395009994506836,19252000
2017-10-05,18.229999542236328,18.735000610351562,18.174999237060547,18.395000457763672,11.580726623535156,21229200
2017-10-06,18.350000381469727,18.5,18.110000610351562,18.5,11.646836280822754,12347200
2017-10-09,18.325000762939453,18.440000534057617,18.020000457763672,18.295000076293945,11.517772674560547,16297000
2017-10-10,18.5,18.684999465942383,18.450000762939453,18.684999465942383,11.763300895690918,19685600
2017-10-11,18.559999465942383,18.725000381469727,18.5049991607666,18.700000762939453,11.772745132446289,15183600
2017-10-12,18.700000762939453,18.700000762939453,18.700000762939453,18.700000762939453,11.772745132446289,0
2017-10-13,18.735000610351562,18.78499984741211,18.59000015258789,18.709999084472656,11.779040336608887,9445800
2017-10-16,18.674999237060547,18.75,18.55500030517578,18.75,11.804220199584961,10333800
2017-10-17,18.635000228881836,18.780000686645508,18.520000457763672,18.780000686645508,11.82310676574707,10603200
2017-10-18,18.75,18.875,18.625,18.71500015258789,11.782187461853027,12280800
2017-10-19,18.559999465942383,18.69499969482422,18.3700008392334,18.59000015258789,11.70349407196045,10723000
2017-10-20,18.614999771118164,18.7549991607666,18.559999465942383,18.7549991607666,11.807373046875,13842200
2017-10-23,18.68000030517578,18.69499969482422,18.100000381469727,18.100000381469727,11.395009994506836,12640200
2017-10-24,18.174999237060547,18.325000762939453,17.950000762939453,18.264999389648438,11.498884201049805,16898600
2017-10-25,18.350000381469727,18.670000076293945,18.315000534057617,18.43000030517578,11.602762222290039,18703000
2017-10-26,18.75,18.915000915527344,18.329999923706055,18.329999923706055,11.539809226989746,14571400
2017-10-27,18.329999923706055,18.4950008392334,18.184999465942383,18.25,11.489445686340332,10448000
2017-10-30,18.149999618530273,18.18000030517578,17.479999542236328,17.604999542236328,11.083377838134766,19648200
2017-10-31,17.655000686645508,17.84000015258789,17.219999313354492,17.219999313354492,10.840999603271484,12263800
2017-11-01,17.5,17.520000457763672,17.0,17.0,10.702494621276855,14289800
2017-11-02,17.0,17.0,17.0,17.0,10.702494621276855,0
2017-11-03,17.079999923706055,17.219999313354492,16.575000762939453,16.69499969482422,10.510480880737305,18334600
2017-11-06,16.700000762939453,16.799999237060547,16.399999618530273,16.559999465942383,10.42548942565918,21406600
2017-11-07,16.389999389648438,16.43000030517578,15.699999809265137,15.729999542236328,9.902956008911133,28202200
2017-11-08,15.994999885559082,16.625,15.880000114440918,16.55500030517578,10.422341346740723,19129000
2017-11-09,16.575000762939453,16.600000381469727,16.065000534057617,16.1299991607666,10.154778480529785,19869200
2017-11-10,16.225000381469727,16.229999542236328,15.505000114440918,15.649999618530273,9.852591514587402,23016600
2017-11-13,15.675000190734863,15.675000190734863,15.675000190734863,15.675000190734863,9.868332862854004,19534600
2017-11-14,15.675000190734863,15.944999694824219,15.274999618530273,15.300000190734863,9.632246017456055,21509600
2017-11-15,15.300000190734863,15.300000190734863,15.300000190734863,15.300000190734863,9.632246017456055,0
2017-11-16,15.449999809265137,16.06999969482422,15.414999961853027,16.024999618530273,10.088675498962402,17212800
2017-11-17,16.0,16.420000076293945,15.930000305175781,16.295000076293945,10.258655548095703,19666400
2017-11-20,16.295000076293945,16.295000076293945,16.295000076293945,16.295000076293945,10.258655548095703,0
2017-11-21,16.545000076293945,16.645000457763672,16.424999237060547,16.575000762939453,10.43493366241455,26454200
2017-11-22,16.56999969482422,16.6200008392334,16.225000381469727,16.3700008392334,10.37574577331543,20346600
2017-11-23,16.299999237060547,16.479999542236328,16.03499984741211,16.389999389648438,10.388419151306152,8595200
2017-11-24,16.3700008392334,16.375,16.155000686645508,16.299999237060547,10.331377983093262,10878200
2017-11-27,16.239999771118164,16.239999771118164,15.899999618530273,16.079999923706055,10.191937446594238,11437800
2017-11-28,16.280000686645508,16.4950008392334,16.110000610351562,16.31999969482422,10.344050407409668,14685000
2017-11-29,16.360000610351562,16.450000762939453,15.579999923706055,15.579999923706055,9.875020980834961,25762600
2017-11-30,15.550000190734863,15.550000190734863,14.96500015258789,14.96500015258789,9.485218048095703,32017400
2017-12-01,14.975000381469727,15.420000076293945,14.8100004196167,15.390000343322754,9.754596710205078,22314000
2017-12-04,15.5,15.989999771118164,15.454999923706055,15.765000343322754,9.992280006408691,16859400
2017-12-05,15.739999771118164,16.149999618530273,15.425000190734863,15.53499984741211,9.84649658203125,18401000
2017-12-06,15.460000038146973,16.0049991607666,15.255000114440918,16.0049991607666,10.144396781921387,18396400
2017-12-07,15.600000381469727,15.680000305175781,15.244999885559082,15.385000228881836,9.751425743103027,29332400
2017-12-08,15.739999771118164,15.805000305175781,15.475000381469727,15.475000381469727,9.808470726013184,12231200
2017-12-11,15.675000190734863,15.800000190734863,15.350000381469727,15.350000381469727,9.729243278503418,14335000
2017-12-12,15.25,15.649999618530273,15.074999809265137,15.649999618530273,9.946149826049805,17394000
2017-12-13,15.8100004196167,15.949999809265137,15.204999923706055,15.274999618530273,9.70782470703125,31879000
2017-12-14,15.199999809265137,15.380000114440918,15.029999732971191,15.21500015258789,9.669692993164062,15174800
2017-12-15,15.210000038146973,15.449999809265137,15.149999618530273,15.300000190734863,9.723710060119629,21006400
2017-12-18,15.5,15.625,15.335000038146973,15.505000114440918,9.853997230529785,14284600
2017-12-19,15.4399995803833,15.5649995803833,15.300000190734863,15.414999961853027,9.796797752380371,9550800
2017-12-20,15.550000190734863,15.625,15.404999732971191,15.425000190734863,9.803152084350586,9189200
2017-12-21,15.5,15.795000076293945,15.34000015258789,15.595000267028809,9.9111967086792,17064200
2017-12-22,15.5600004196167,15.739999771118164,15.524999618530273,15.649999618530273,9.946149826049805,6260200
2017-12-25,15.649999618530273,15.649999618530273,15.649999618530273,15.649999618530273,9.946149826049805,0
2017-12-26,15.645000457763672,15.925000190734863,15.645000457763672,15.819999694824219,10.054187774658203,7408000
2017-12-27,15.829999923706055,16.045000076293945,15.829999923706055,16.014999389648438,10.178119659423828,9384800
2017-12-28,16.100000381469727,16.184999465942383,15.90999984741211,15.90999984741211,10.1113862991333,12219200
2017-12-29,15.90999984741211,15.90999984741211,15.90999984741211,15.90999984741211,10.1113862991333,0
2018-01-02,16.045000076293945,16.46500015258789,16.045000076293945,16.46500015258789,10.464112281799316,18356200
2018-01-03,16.549999237060547,16.709999084472656,16.40999984741211,16.674999237060547,10.597573280334473,16361400
2018-01-04,16.760000228881836,16.979999542236328,16.725000381469727,16.834999084472656,10.699261665344238,19250400
2018-01-05,16.850000381469727,16.950000762939453,16.645000457763672,16.834999084472656,10.699261665344238,10535600
2018-01-08,16.81999969482422,16.875,16.670000076293945,16.875,10.72468376159668,10261200
2018-01-09,16.795000076293945,16.899999618530273,16.690000534057617,16.71500015258789,10.622994422912598,11645000
2018-01-10,16.600000381469727,16.795000076293945,16.40999984741211,16.645000457763672,10.578511238098145,10140000
2018-01-11,16.71500015258789,17.110000610351562,16.674999237060547,17.024999618530273,10.820011138916016,19368800
2018-01-12,16.834999084472656,17.079999923706055,16.809999465942383,17.065000534057617,10.845436096191406,15300800
2018-01-15,17.065000534057617,17.225000381469727,17.065000534057617,17.149999618530273,10.899456977844238,10489200
2018-01-16,17.235000610351562,17.344999313354492,17.165000915527344,17.299999237060547,10.994786262512207,12438600
2018-01-17,17.30500030517578,17.78499984741211,17.229999542236328,17.709999084472656,11.255352973937988,24269600
2018-01-18,17.790000915527344,17.790000915527344,17.364999771118164,17.59000015258789,11.179093360900879,18858800
2018-01-19,17.655000686645508,17.899999618530273,17.475000381469727,17.475000381469727,11.106008529663086,16285400
2018-01-22,17.5,17.600000381469727,17.260000228881836,17.53499984741211,11.144133567810059,12682000
2018-01-23,17.485000610351562,17.7450008392334,17.350000381469727,17.610000610351562,11.191800117492676,31866000
2018-01-24,17.75,18.9950008392334,17.719999313354492,18.9950008392334,12.072022438049316,55444200
2018-01-25,18.9950008392334,18.9950008392334,18.9950008392334,18.9950008392334,12.072022438049316,0
2018-01-26,19.200000762939453,19.75,19.075000762939453,19.584999084472656,12.446983337402344,48520200
2018-01-29,19.454999923706055,19.600000381469727,19.2549991607666,19.475000381469727,12.377079010009766,26644400
2018-01-30,19.235000610351562,19.475000381469727,19.149999618530273,19.399999618530273,12.329412460327148,21664200
2018-01-31,19.700000762939453,20.049999237060547,19.700000762939453,19.84000015258789,12.609049797058105,25505800
2018-02-01,19.71500015258789,20.024999618530273,19.690000534057617,19.895000457763672,12.644003868103027,21985000
2018-02-02,19.649999618530273,19.795000076293945,19.524999618530273,19.625,12.472412109375,16819200
2018-02-05,19.399999618530273,19.704999923706055,19.014999389648438,19.040000915527344,12.100621223449707,12086800
2018-02-06,18.825000762939453,20.040000915527344,18.655000686645508,19.875,12.631291389465332,26080400
2018-02-07,19.864999771118164,20.30500030517578,19.7450008392334,19.895000457763672,12.644003868103027,27984600
2018-02-08,20.0049991607666,20.110000610351562,19.270000457763672,19.270000457763672,12.24679183959961,25302400
2018-02-09,19.329999923706055,19.395000457763672,18.6299991607666,18.90999984741211,12.018001556396484,20133600
2018-02-14,19.024999618530273,19.8700008392334,19.024999618530273,19.780000686645508,12.570916175842285,21575800
2018-02-15,20.0,20.100000381469727,19.799999237060547,19.950000762939453,12.678958892822266,22459000
2018-02-16,20.065000534057617,20.155000686645508,19.850000381469727,20.149999618530273,12.80606746673584,13154200
2018-02-19,20.100000381469727,20.280000686645508,19.59000015258789,19.815000534057617,12.593158721923828,9217800
2018-02-20,19.625,20.46500015258789,19.565000534057617,20.399999618530273,12.964947700500488,17980800
2018-02-21,20.350000381469727,20.719999313354492,20.350000381469727,20.559999465942383,13.066634178161621,23663400
2018-02-22,21.565000534057617,21.639999389648438,21.06999969482422,21.200000762939453,13.47337532043457,34151600
2018-02-23,21.25,21.344999313354492,20.975000381469727,21.200000762939453,13.47337532043457,17231200
2018-02-26,21.260000228881836,21.55500030517578,21.260000228881836,21.510000228881836,13.67039680480957,13988400
2018-02-27,21.424999237060547,21.549999237060547,21.149999618530273,21.299999237060547,13.536935806274414,11914000
2018-02-28,21.149999618530273,21.440000534057617,20.760000228881836,20.899999618530273,13.282716751098633,15547000
2018-03-01,20.889999389648438,21.125,20.799999237060547,21.049999237060547,13.37804889678955,14468400
2018-03-02,20.780000686645508,21.204999923706055,20.600000381469727,21.100000381469727,13.488533020019531,11367200
2018-03-05,21.125,21.440000534057617,20.959999084472656,21.274999618530273,13.600407600402832,12071800
2018-03-06,21.399999618530273,21.979999542236328,21.399999618530273,21.7450008392334,13.900861740112305,29885200
2018-03-07,21.549999237060547,21.799999237060547,21.30500030517578,21.594999313354492,13.804976463317871,15810600
2018-03-08,22.0,22.149999618530273,21.440000534057617,21.709999084472656,13.87848949432373,17967600
2018-03-09,21.7549991607666,22.024999618530273,21.545000076293945,21.854999542236328,13.971185684204102,18346800
2018-03-12,21.854999542236328,21.854999542236328,21.5,21.739999771118164,13.897665977478027,17497400
2018-03-13,21.739999771118164,21.78499984741211,21.344999313354492,21.424999237060547,13.722088813781738,16989400
2018-03-14,21.4950008392334,21.540000915527344,21.0049991607666,21.239999771118164,13.603598594665527,29880000
2018-03-15,21.094999313354492,21.21500015258789,20.844999313354492,21.19499969482422,13.574775695800781,17509400
2018-03-16,21.25,21.40999984741211,21.045000076293945,21.200000762939453,13.57797622680664,46898800
2018-03-19,21.100000381469727,21.165000915527344,20.665000915527344,20.700000762939453,13.25774097442627,21042200
2018-03-20,20.844999313354492,20.90999984741211,20.53499984741211,20.780000686645508,13.308982849121094,12008200
2018-03-21,20.760000228881836,21.149999618530273,20.639999389648438,21.125,13.529945373535156,24238400
2018-03-22,20.94499969482422,21.264999389648438,20.56999969482422,20.7450008392334,13.286563873291016,15820600
2018-03-23,20.559999465942383,20.950000762939453,20.3799991607666,20.600000381469727,13.193700790405273,17873400
2018-03-26,20.895000457763672,20.950000762939453,20.59000015258789,20.739999771118164,13.283365249633789,8215400
2018-03-27,20.854999542236328,20.875,20.024999618530273,20.225000381469727,12.953521728515625,22666400
2018-03-28,20.049999237060547,20.28499984741211,19.864999771118164,20.15999984741211,12.911894798278809,15903600
2018-03-29,20.30500030517578,20.75,20.225000381469727,20.514999389648438,13.139256477355957,15316600
2018-04-02,20.520000457763672,20.56999969482422,20.09000015258789,20.125,12.889474868774414,15423600
2018-04-03,20.184999465942383,20.375,19.795000076293945,19.860000610351562,12.719748497009277,12898400
2018-04-04,19.405000686645508,20.024999618530273,19.360000610351562,20.024999618530273,12.825424194335938,15351000
2018-04-05,20.8700008392334,20.875,20.440000534057617,20.610000610351562,13.200104713439941,24045600
2018-04-06,20.510000228881836,20.510000228881836,20.010000228881836,20.34000015258789,13.02717399597168,15483000
2018-04-09,20.34000015258789,20.454999923706055,19.3700008392334,19.600000381469727,12.553224563598633,16689200
2018-04-10,19.915000915527344,19.915000915527344,19.104999542236328,19.364999771118164,12.402715682983398,26051600
2018-04-11,19.200000762939453,19.725000381469727,19.200000762939453,19.524999618530273,12.5051908493042,11280000
2018-04-12,19.559999465942383,19.725000381469727,19.450000762939453,19.475000381469727,12.473169326782227,11726600
2018-04-13,19.5,19.575000762939453,18.81999969482422,18.81999969482422,12.053657531738281,20079000
2018-04-16,18.950000762939453,19.094999313354492,18.149999618530273,18.149999618530273,11.62454891204834,22765800
2018-04-17,18.34000015258789,18.655000686645508,18.25,18.584999084472656,11.903148651123047,14967400
2018-04-18,18.665000915527344,19.25,18.665000915527344,19.010000228881836,12.175349235534668,23280200
2018-04-19,19.065000534057617,19.100000381469727,18.799999237060547,19.020000457763672,12.181753158569336,19762000
2018-04-20,18.834999084472656,18.975000381469727,18.674999237060547,18.809999465942383,12.047258377075195,10481200
2018-04-23,18.674999237060547,18.68000030517578,18.239999771118164,18.469999313354492,11.82949447631836,18817600
2018-04-24,18.55500030517578,18.690000534057617,18.170000076293945,18.290000915527344,11.714210510253906,19854800
2018-04-25,18.165000915527344,18.565000534057617,17.950000762939453,18.530000686645508,11.867924690246582,14036800
2018-04-26,18.665000915527344,18.78499984741211,18.485000610351562,18.674999237060547,11.960787773132324,12663200
2018-04-27,18.799999237060547,18.920000076293945,18.594999313354492,18.674999237060547,11.960787773132324,12337200
2018-04-30,18.75,18.799999237060547,18.274999618530273,18.350000381469727,11.75263786315918,10971400
2018-05-02,18.25,18.354999542236328,17.899999618530273,18.010000228881836,11.53487777709961,13015200
2018-05-03,18.0,18.110000610351562,17.5,17.5,11.20823860168457,17522600
2018-05-04,17.5,17.655000686645508,17.309999465942383,17.46500015258789,11.185821533203125,14099000
2018-05-07,17.59000015258789,17.834999084472656,17.44499969482422,17.44499969482422,11.173012733459473,14813800
2018-05-08,17.575000762939453,18.094999313354492,17.5,17.920000076293945,11.477231979370117,17768400
2018-05-09,18.049999237060547,18.674999237060547,17.979999542236328,18.674999237060547,11.960787773132324,26166400
2018-05-10,18.485000610351562,18.485000610351562,17.905000686645508,17.989999771118164,11.522068977355957,40970000
2018-05-11,18.15999984741211,18.270000457763672,17.795000076293945,17.905000686645508,11.467631340026855,18284600
2018-05-14,17.905000686645508,18.114999771118164,17.200000762939453,17.459999084472656,11.1826171875,17613600
2018-05-15,17.200000762939453,17.200000762939453,16.844999313354492,16.985000610351562,10.87839412689209,24310200
2018-05-16,17.0,17.364999771118164,17.0,17.235000610351562,11.03851318359375,14972600
2018-05-17,17.19499969482422,17.19499969482422,16.424999237060547,16.434999465942383,10.526138305664062,27447200
2018-05-18,16.149999618530273,16.479999542236328,15.800000190734863,16.344999313354492,10.468491554260254,23598200
2018-05-21,16.7450008392334,16.7450008392334,15.949999809265137,15.954999923706055,10.218710899353027,19078200
2018-05-22,16.075000762939453,16.415000915527344,15.96500015258789,16.200000762939453,10.445663452148438,21389600
2018-05-23,16.0,16.125,15.800000190734863,15.850000381469727,10.219987869262695,17746000
2018-05-24,15.300000190734863,15.600000381469727,15.095000267028809,15.364999771118164,9.907262802124023,40698000
2018-05-25,15.579999923706055,15.645000457763672,14.975000381469727,15.045000076293945,9.700925827026367,19350800
2018-05-28,14.850000381469727,14.850000381469727,13.864999771118164,13.9399995803833,8.988428115844727,29319200
2018-05-29,14.300000190734863,14.475000381469727,13.904999732971191,14.255000114440918,9.191539764404297,29098200
2018-05-30,14.274999618530273,15.1850004196167,14.270000457763672,15.1850004196167,9.791194915771484,43313000
2018-06-01,15.569999694824219,15.640000343322754,14.5600004196167,15.329999923706055,9.884692192077637,40264000
2018-06-04,15.609999656677246,15.699999809265137,15.390000343322754,15.550000190734863,10.026546478271484,16699800
2018-06-05,15.425000190734863,15.479999542236328,14.53499984741211,14.5600004196167,9.388202667236328,23979600
2018-06-06,14.5,14.619999885559082,13.84000015258789,13.84000015258789,8.9239501953125,28434000
2018-06-07,13.550000190734863,13.635000228881836,12.5,13.28499984741211,8.566088676452637,53017400
2018-06-08,13.425000190734863,13.890000343322754,12.579999923706055,13.475000381469727,8.688599586486816,45009800
2018-06-11,13.699999809265137,13.800000190734863,13.005000114440918,13.029999732971191,8.401666641235352,20231800
2018-06-12,13.149999618530273,13.65999984741211,13.03499984741211,13.494999885559082,8.727354049682617,27853200
2018-06-13,13.5,13.625,12.970000267028809,13.25,8.568910598754883,32028200
2018-06-14,13.375,13.4399995803833,12.649999618530273,12.649999618530273,8.18088150024414,29391200
2018-06-15,12.649999618530273,12.699999809265137,12.154999732971191,12.5,8.083873748779297,60073800
2018-06-18,12.390000343322754,12.675000190734863,12.260000228881836,12.260000228881836,7.928663730621338,22491600
2018-06-19,12.130000114440918,13.399999618530273,12.069999694824219,13.119999885559082,8.484833717346191,31840400
2018-06-20,13.335000038146973,13.515000343322754,13.0600004196167,13.5,8.730583190917969,33299800
2018-06-21,13.390000343322754,13.489999771118164,12.954999923706055,13.005000114440918,8.410463333129883,20552000
2018-06-22,13.164999961853027,13.3100004196167,12.944999694824219,13.050000190734863,8.43956470489502,17348800
2018-06-25,13.175000190734863,13.5,12.984999656677246,13.430000305175781,8.685317039489746,22208200
2018-06-26,13.529999732971191,13.739999771118164,13.385000228881836,13.59000015258789,8.788787841796875,23881000
2018-06-27,13.59000015258789,14.085000038146973,13.265000343322754,13.3100004196167,8.607710838317871,29318000
2018-06-28,13.265000343322754,14.074999809265137,13.265000343322754,14.074999809265137,9.102441787719727,22322000
2018-06-29,14.289999961853027,14.449999809265137,14.024999618530273,14.324999809265137,9.264118194580078,27542400
2018-07-02,14.140000343322754,14.699999809265137,14.100000381469727,14.694999694824219,9.503402709960938,17346600
2018-07-03,14.819999694824219,15.050000190734863,14.770000457763672,14.824999809265137,9.58747386932373,20235800
2018-07-04,14.920000076293945,15.270000457763672,14.729999542236328,15.25,9.862327575683594,12724800
2018-07-05,15.34000015258789,15.395000457763672,14.805000305175781,14.895000457763672,9.632741928100586,19754800
2018-07-06,14.770000457763672,15.020000457763672,14.529999732971191,14.729999542236328,9.526037216186523,18280800
2018-07-10,14.949999809265137,15.104999542236328,14.5,14.604999542236328,9.445199012756348,29250200
2018-07-11,14.475000381469727,14.989999771118164,14.354999542236328,14.895000457763672,9.632741928100586,29137400
2018-07-12,14.949999809265137,15.270000457763672,14.949999809265137,15.180000305175781,9.817059516906738,19928000
2018-07-13,15.149999618530273,15.5649995803833,15.079999923706055,15.5649995803833,10.066040992736816,20128200
2018-07-16,15.539999961853027,15.6850004196167,15.225000381469727,15.395000457763672,9.956099510192871,17779600
2018-07-17,15.3149995803833,16.049999237060547,15.28499984741211,15.90999984741211,10.289155006408691,23151600
2018-07-18,15.899999618530273,16.114999771118164,15.694999694824219,15.8100004196167,10.224483489990234,25685000
2018-07-19,15.585000038146973,15.670000076293945,15.1850004196167,15.670000076293945,10.133944511413574,54670600
2018-07-20,16.25,16.665000915527344,16.03499984741211,16.5,10.6707124710083,39137000
2018-07-23,16.5,16.600000381469727,16.315000534057617,16.389999389648438,10.599574089050293,11245800
2018-07-24,16.600000381469727,16.709999084472656,16.440000534057617,16.520000457763672,10.683648109436035,12936000
2018-07-25,16.56999969482422,16.8700008392334,16.56999969482422,16.78499984741211,10.85503101348877,16675200
2018-07-26,16.770000457763672,16.834999084472656,16.204999923706055,16.239999771118164,10.502571105957031,15242800
2018-07-27,16.350000381469727,16.649999618530273,16.225000381469727,16.440000534057617,10.63191032409668,13317200
2018-07-30,16.5,16.625,16.385000228881836,16.44499969482422,10.635144233703613,9593800
2018-07-31,16.3799991607666,16.420000076293945,16.045000076293945,16.25,10.509038925170898,13914200
2018-08-01,16.110000610351562,16.625,16.110000610351562,16.485000610351562,10.661014556884766,15349200
2018-08-02,16.375,16.799999237060547,16.325000762939453,16.614999771118164,10.745084762573242,15501800
2018-08-03,16.760000228881836,17.260000228881836,16.71500015258789,17.114999771118164,11.068441390991211,25511000
2018-08-06,17.18000030517578,17.25,16.959999084472656,17.149999618530273,11.091073989868164,10092000
2018-08-07,17.200000762939453,17.334999084472656,16.584999084472656,16.78499984741211,10.85503101348877,20147600
2018-08-08,16.825000762939453,16.959999084472656,16.28499984741211,16.315000534057617,10.55107307434082,18453600
2018-08-09,16.600000381469727,16.959999084472656,16.549999237060547,16.799999237060547,10.864724159240723,31247000
2018-08-10,16.524999618530273,16.565000534057617,15.75,15.875,10.266520500183105,40015400
2018-08-13,15.800000190734863,16.100000381469727,15.600000381469727,15.949999809265137,10.315022468566895,17807400
2018-08-14,16.225000381469727,16.530000686645508,16.075000762939453,16.5,10.6707124710083,17102400
2018-08-15,16.200000762939453,16.360000610351562,16.049999237060547,16.149999618530273,10.444364547729492,25654000
2018-08-16,16.34000015258789,16.459999084472656,16.100000381469727,16.200000762939453,10.476698875427246,19425600
2018-08-17,15.949999809265137,16.1200008392334,15.604999542236328,15.630000114440918,10.108078002929688,28188600
2018-08-20,15.635000228881836,15.760000228881836,15.100000381469727,15.21500015258789,9.839692115783691,31663400
2018-08-21,15.149999618530273,15.239999771118164,14.59000015258789,14.609999656677246,9.44843578338623,30458000
2018-08-22,14.5,15.095000267028809,14.364999771118164,15.0,9.791007995605469,27614400
2018-08-23,15.0,15.289999961853027,14.574999809265137,14.619999885559082,9.542969703674316,34472800
2018-08-24,14.96500015258789,15.039999961853027,14.449999809265137,14.819999694824219,9.673515319824219,21201800
2018-08-27,14.899999618530273,15.274999618530273,14.875,15.274999618530273,9.970507621765137,13919400
2018-08-28,15.300000190734863,15.425000190734863,15.125,15.199999809265137,9.921554565429688,12144600
2018-08-29,15.319999694824219,15.71500015258789,15.25,15.510000228881836,10.123900413513184,16223400
2018-08-30,15.479999542236328,15.479999542236328,14.90999984741211,14.96500015258789,9.76816177368164,22144200
2018-08-31,14.979999542236328,15.364999771118164,14.859999656677246,15.050000190734863,9.823644638061523,21645600
2018-09-03,14.930000305175781,14.960000038146973,14.694999694824219,14.694999694824219,9.59192180633545,11828400
2018-09-04,14.699999809265137,14.744999885559082,14.260000228881836,14.319999694824219,9.347148895263672,22075000
2018-09-05,14.154999732971191,14.630000114440918,14.050000190734863,14.345000267028809,9.363471031188965,14968800
2018-09-06,14.600000381469727,14.75,14.199999809265137,14.664999961853027,9.57234001159668,20406200
2018-09-10,14.864999771118164,14.960000038146973,14.375,14.46500015258789,9.441794395446777,28121600
2018-09-11,14.119999885559082,14.125,13.78499984741211,13.8100004196167,9.014253616333008,24762000
2018-09-12,14.0,14.079999923706055,13.734999656677246,13.829999923706055,9.055336952209473,31743200
2018-09-13,13.949999809265137,13.975000381469727,13.5600004196167,13.645000457763672,8.934209823608398,13594200
2018-09-14,13.645000457763672,13.819999694824219,13.380000114440918,13.755000114440918,9.006229400634766,22403400
2018-09-17,13.699999809265137,14.225000381469727,13.649999618530273,14.225000381469727,9.313968658447266,28580600
2018-09-18,14.194999694824219,14.859999656677246,14.135000228881836,14.859999656677246,9.72973918914795,31828000
2018-09-19,14.675000190734863,15.125,14.524999618530273,14.710000038146973,9.631525993347168,23738600
2018-09-20,14.9399995803833,14.960000038146973,14.585000038146973,14.75,9.657719612121582,12891600
2018-09-21,14.864999771118164,15.289999961853027,14.670000076293945,15.289999961853027,10.011287689208984,32603200
2018-09-24,15.1899995803833,15.350000381469727,14.75,14.864999771118164,9.733016967773438,26173800
2018-09-25,14.515000343322754,14.880000114440918,14.404999732971191,14.774999618530273,9.674086570739746,23485800
2018-09-26,14.824999809265137,14.984999656677246,14.604999542236328,14.725000381469727,9.641348838806152,25684800
2018-09-27,14.84000015258789,15.149999618530273,14.84000015258789,15.145000457763672,9.916348457336426,17535800
2018-09-28,14.914999961853027,14.989999771118164,14.649999618530273,14.725000381469727,9.641348838806152,25581800
2018-10-01,14.774999618530273,14.880000114440918,14.100000381469727,14.104999542236328,9.235395431518555,31355000
2018-10-02,14.850000381469727,15.779999732971191,14.824999809265137,15.71500015258789,10.289560317993164,65583000
2018-10-03,17.5,17.709999084472656,16.665000915527344,17.139999389648438,11.222599983215332,70672600
2018-10-04,16.84000015258789,17.940000534057617,16.760000228881836,17.559999465942383,11.497591972351074,55840000
2018-10-05,18.024999618530273,18.145000457763672,17.295000076293945,17.8700008392334,11.700571060180664,47335400
2018-10-08,20.25,20.375,19.28499984741211,19.600000381469727,12.833303451538086,83863800
2018-10-09,19.454999923706055,19.850000381469727,19.200000762939453,19.5,12.76783561706543,50770600
2018-10-10,19.100000381469727,19.100000381469727,18.559999465942383,18.674999237060547,12.22765064239502,41681600
2018-10-11,19.0,19.084999084472656,18.395000457763672,18.600000381469727,12.178544044494629,38134000
2018-10-15,18.959999084472656,19.219999313354492,18.704999923706055,18.860000610351562,12.348783493041992,26452200
2018-10-16,19.104999542236328,19.75,19.104999542236328,19.684999465942383,12.888958930969238,36392600
2018-10-17,19.389999389648438,19.8700008392334,19.30500030517578,19.854999542236328,13.000271797180176,32591600
2018-10-18,19.65999984741211,19.989999771118164,19.610000610351562,19.625,12.849674224853516,31727400
2018-10-19,19.915000915527344,19.93000030517578,19.579999923706055,19.790000915527344,12.957704544067383,19574400
2018-10-22,19.924999237060547,20.1200008392334,19.854999542236328,19.924999237060547,13.04610538482666,20179400
2018-10-23,19.6200008392334,20.094999313354492,19.55500030517578,19.9950008392334,13.091938018798828,27725800
2018-10-24,20.024999618530273,20.15999984741211,19.530000686645508,19.549999237060547,12.800566673278809,27626400
2018-10-25,19.825000762939453,20.174999237060547,19.704999923706055,20.049999237060547,13.127945899963379,28963000
2018-10-26,20.25,21.28499984741211,19.809999465942383,21.209999084472656,13.887470245361328,41151400
2018-10-29,21.479999542236328,21.700000762939453,20.6200008392334,20.934999465942383,13.707409858703613,73741000
2018-10-30,21.309999465942383,21.700000762939453,20.860000610351562,21.549999237060547,14.110085487365723,44728200
2018-10-31,21.725000381469727,21.799999237060547,20.809999465942383,21.375,13.995502471923828,24857200
2018-11-01,21.399999618530273,21.780000686645508,21.219999313354492,21.690000534057617,14.201750755310059,31418400
2018-11-05,21.774999618530273,21.795000076293945,21.360000610351562,21.704999923706055,14.211576461791992,20783400
2018-11-06,21.2549991607666,21.6200008392334,21.1299991607666,21.235000610351562,13.903840065002441,24175000
2018-11-07,21.389999389648438,21.540000915527344,20.43000030517578,20.725000381469727,13.569914817810059,23486000
2018-11-08,21.274999618530273,21.3799991607666,20.260000228881836,20.299999237060547,13.291635513305664,34638600
2018-11-09,20.25,20.885000228881836,19.864999771118164,20.75,13.586280822753906,25403400
2018-11-12,20.889999389648438,21.2450008392334,20.645000457763672,21.09000015258789,13.808903694152832,22029200
2018-11-13,21.125,21.315000534057617,20.764999389648438,20.850000381469727,13.651756286621094,22453600
2018-11-14,20.875,21.0049991607666,20.46500015258789,20.885000228881836,13.674670219421387,31291000
2018-11-16,21.040000915527344,21.549999237060547,20.915000915527344,21.545000076293945,14.10681438446045,29923400
2018-11-19,21.55500030517578,22.149999618530273,21.420000076293945,22.049999237060547,14.437470436096191,32093200
2018-11-21,21.75,22.049999237060547,21.635000228881836,22.0,14.404725074768066,24920200
2018-11-22,22.030000686645508,22.434999465942383,21.799999237060547,22.225000381469727,14.691254615783691,21254600
2018-11-23,22.5,22.895000457763672,22.354999542236328,22.399999618530273,14.806926727294922,29086400
2018-11-26,22.53499984741211,22.864999771118164,21.809999465942383,22.0049991607666,14.545822143554688,22759200
2018-11-27,22.024999618530273,22.700000762939453,21.825000762939453,22.524999618530273,14.889556884765625,26934800
2018-11-28,22.649999618530273,22.899999618530273,22.18000030517578,22.8799991607666,15.124222755432129,26481400
2018-11-29,22.700000762939453,22.954999923706055,22.485000610351562,22.6200008392334,14.952357292175293,19408000
2018-11-30,22.639999389648438,22.65999984741211,22.149999618530273,22.315000534057617,14.750740051269531,22531000
2018-12-03,22.799999237060547,22.799999237060547,22.024999618530273,22.049999237060547,14.575572967529297,24941000
2018-12-04,22.05500030517578,22.299999237060547,21.665000915527344,21.829999923706055,14.430146217346191,22152600
2018-12-05,21.924999237060547,22.084999084472656,21.709999084472656,22.049999237060547,14.575572967529297,9901400
2018-12-06,21.739999771118164,22.184999465942383,21.540000915527344,22.184999465942383,14.664807319641113,16511200
2018-12-07,22.18000030517578,22.46500015258789,21.905000686645508,22.014999389648438,14.552435874938965,15668000
2018-12-10,21.975000381469727,22.125,21.299999237060547,21.3700008392334,14.126076698303223,19037000
2018-12-11,21.649999618530273,21.774999618530273,21.239999771118164,21.4950008392334,14.208704948425293,18636200
2018-12-12,21.594999313354492,21.799999237060547,21.43000030517578,21.489999771118164,14.247040748596191,24942200
2018-12-13,21.5,22.125,21.31999969482422,22.040000915527344,14.611674308776855,16044000
2018-12-14,21.885000228881836,22.25,21.825000762939453,22.049999237060547,14.618306159973145,14211400
2018-12-17,22.024999618530273,22.264999389648438,21.7549991607666,21.850000381469727,14.485713005065918,13141400
2018-12-18,22.0,22.209999084472656,21.8799991607666,21.899999618530273,14.51885986328125,16072000
2018-12-19,22.0,22.350000381469727,21.899999618530273,21.899999618530273,14.51885986328125,15181800
2018-12-20,22.0,22.270000457763672,21.899999618530273,22.040000915527344,14.611674308776855,15483400
2018-12-21,22.030000686645508,22.375,21.864999771118164,22.045000076293945,14.614984512329102,27948200
2018-12-26,21.885000228881836,22.190000534057617,21.520000457763672,22.190000534057617,14.711116790771484,14756400
2018-12-27,22.139999389648438,22.559999465942383,22.03499984741211,22.559999465942383,14.956415176391602,14068800
2018-12-28,22.594999313354492,23.2450008392334,22.424999237060547,23.2450008392334,15.41054630279541,25971800
2019-01-02,23.100000381469727,24.850000381469727,23.045000076293945,24.299999237060547,16.109968185424805,29810600
2019-01-03,24.25,24.600000381469727,23.924999237060547,24.399999618530273,16.17625617980957,17758200
2019-01-04,24.040000915527344,24.915000915527344,23.959999084472656,24.399999618530273,16.17625617980957,17718400
2019-01-07,24.415000915527344,24.735000610351562,24.084999084472656,24.239999771118164,16.070188522338867,18787000
2019-01-08,24.299999237060547,24.524999618530273,23.415000915527344,23.96500015258789,15.887871742248535,29034600
2019-01-09,24.174999237060547,24.174999237060547,23.739999771118164,23.899999618530273,15.844785690307617,33436000
2019-01-10,23.725000381469727,24.405000686645508,23.575000762939453,24.25,16.076814651489258,20525200
2019-01-11,24.239999771118164,24.44499969482422,24.059999465942383,24.350000381469727,16.143117904663086,13755000
2019-01-14,24.350000381469727,24.915000915527344,24.25,24.915000915527344,16.51768684387207,17948800
2019-01-15,24.764999389648438,24.969999313354492,24.485000610351562,24.625,16.32543182373047,18486200
2019-01-16,24.674999237060547,24.709999084472656,24.334999084472656,24.389999389648438,16.169631958007812,13349400
2019-01-17,24.420000076293945,24.7450008392334,24.200000762939453,24.479999542236328,16.22930145263672,25958600
2019-01-18,24.5049991607666,24.71500015258789,24.274999618530273,24.274999618530273,16.0933895111084,26163400
2019-01-21,24.309999465942383,24.375,23.850000381469727,24.145000457763672,16.007204055786133,16599200
2019-01-22,24.200000762939453,24.459999084472656,23.96500015258789,24.100000381469727,15.977370262145996,20386600
2019-01-23,24.225000381469727,24.709999084472656,24.100000381469727,24.600000381469727,16.308853149414062,20394600
2019-01-24,24.594999313354492,24.78499984741211,24.375,24.475000381469727,16.225980758666992,19806800
2019-01-28,24.0,24.610000610351562,24.0,24.15999984741211,16.01715660095215,16801600
2019-01-29,24.5,24.96500015258789,24.295000076293945,24.96500015258789,16.55083465576172,24407400
2019-01-30,25.0,25.290000915527344,24.735000610351562,25.290000915527344,16.76630210876465,17100200
2019-01-31,25.5,26.375,25.44499969482422,25.93000030517578,17.19059944152832,30176600
2019-02-01,25.780000686645508,26.05500030517578,25.604999542236328,26.05500030517578,17.27346420288086,17208200
2019-02-04,25.860000610351562,26.729999542236328,25.649999618530273,26.549999237060547,17.601633071899414,15479200
2019-02-05,26.325000762939453,27.325000762939453,26.325000762939453,27.325000762939453,18.11542510986328,22853400
2019-02-06,26.924999237060547,26.959999084472656,25.65999984741211,25.65999984741211,17.011594772338867,32873800
2019-02-07,26.0,26.3799991607666,25.049999237060547,25.829999923706055,17.124298095703125,31334000
2019-02-08,25.774999618530273,26.3799991607666,25.454999923706055,25.864999771118164,17.14750099182129,20094600
2019-02-11,26.0,26.084999084472656,25.100000381469727,25.100000381469727,16.640336990356445,18936000
2019-02-12,25.40999984741211,26.735000610351562,25.399999618530273,26.645000457763672,17.66461181640625,36666200
2019-02-13,26.645000457763672,26.875,25.825000762939453,26.040000915527344,17.263525009155273,29488800
2019-02-14,26.600000381469727,27.489999771118164,26.040000915527344,27.3700008392334,18.145259857177734,55715400
2019-02-15,27.350000381469727,27.739999771118164,27.135000228881836,27.405000686645508,18.168460845947266,25065200
2019-02-18,27.18000030517578,27.389999389648438,26.764999389648438,27.135000228881836,17.98946762084961,17618800
2019-02-19,27.21500015258789,27.954999923706055,27.15999984741211,27.25,18.065710067749023,27106800
2019-02-20,27.639999389648438,27.760000228881836,26.479999542236328,26.479999542236328,17.555221557617188,33344600
2019-02-21,26.725000381469727,26.94499969482422,26.450000762939453,26.600000381469727,17.634782791137695,20685400
2019-02-22,26.600000381469727,26.75,26.290000915527344,26.545000076293945,17.796316146850586,14520400
2019-02-25,26.834999084472656,26.885000228881836,26.100000381469727,26.110000610351562,17.504674911499023,20278000
2019-02-26,26.149999618530273,26.459999084472656,26.0,26.25,17.598539352416992,14574600
2019-02-27,26.235000610351562,26.344999313354492,25.924999237060547,25.950000762939453,17.397411346435547,12539200
2019-02-28,26.0,26.06999969482422,25.260000228881836,25.299999237060547,16.96163558959961,22092400
2019-03-01,25.3799991607666,25.7549991607666,25.329999923706055,25.655000686645508,17.199644088745117,18544400
2019-03-06,25.71500015258789,26.065000534057617,25.25,25.315000534057617,16.971694946289062,7795000
2019-03-07,25.299999237060547,25.475000381469727,25.075000762939453,25.21500015258789,17.302671432495117,16948800
2019-03-08,25.135000228881836,26.174999237060547,24.90999984741211,26.100000381469727,17.909961700439453,16186600
2019-03-11,26.170000076293945,26.899999618530273,26.165000915527344,26.899999618530273,18.45893096923828,23071400
2019-03-12,26.735000610351562,26.895000457763672,26.19499969482422,26.670000076293945,18.354360580444336,16058800
2019-03-13,26.600000381469727,27.280000686645508,26.454999923706055,27.079999923706055,18.636520385742188,19158200
2019-03-14,27.0,27.049999237060547,26.450000762939453,26.875,18.495439529418945,16271200
2019-03-15,26.850000381469727,27.145000457763672,26.7450008392334,27.104999542236328,18.653730392456055,25429600
2019-03-18,27.280000686645508,27.299999237060547,26.850000381469727,26.899999618530273,18.51264762878418,24193800
2019-03-19,27.0,27.024999618530273,26.264999389648438,26.325000762939453,18.11693000793457,16919400
2019-03-20,26.344999313354492,26.440000534057617,25.735000610351562,25.735000610351562,17.710893630981445,26628200
2019-03-21,25.78499984741211,25.860000610351562,24.834999084472656,25.19499969482422,17.339262008666992,31600000
2019-03-22,24.639999389648438,24.645000457763672,23.75,23.825000762939453,16.39642333984375,45764800
2019-03-25,23.690000534057617,24.415000915527344,23.5,23.9950008392334,16.51342010498047,27340600
2019-03-26,24.475000381469727,24.625,23.885000228881836,24.559999465942383,16.90225601196289,23563400
2019-03-27,24.125,24.125,23.200000762939453,23.200000762939453,15.966300964355469,38145000
2019-03-28,23.485000610351562,24.360000610351562,23.225000381469727,24.010000228881836,16.523740768432617,43732800
2019-03-29,24.350000381469727,24.684999465942383,24.125,24.360000610351562,16.764617919921875,21874200
2019-04-01,24.69499969482422,24.860000610351562,24.450000762939453,24.600000381469727,16.929784774780273,14790400
2019-04-02,24.75,24.905000686645508,24.354999542236328,24.385000228881836,16.78181266784668,20064600
2019-04-03,24.709999084472656,24.875,23.950000762939453,24.125,16.60288429260254,37021600
2019-04-04,24.350000381469727,24.600000381469727,23.924999237060547,24.415000915527344,16.80246353149414,23104000
2019-04-05,24.53499984741211,24.825000762939453,24.364999771118164,24.55500030517578,16.89881706237793,14378800
2019-04-08,24.545000076293945,24.670000076293945,24.31999969482422,24.594999313354492,16.926342010498047,12500600
2019-04-09,24.44499969482422,24.44499969482422,23.954999923706055,24.225000381469727,16.671707153320312,16008400
2019-04-10,24.420000076293945,24.540000915527344,24.084999084472656,24.405000686645508,16.795583724975586,16107400
2019-04-11,24.354999542236328,24.485000610351562,23.979999542236328,24.174999237060547,16.63729476928711,17110200
2019-04-12,23.424999237060547,24.174999237060547,23.149999618530273,23.364999771118164,16.07985496520996,35001800
2019-04-15,23.649999618530273,23.885000228881836,23.079999923706055,23.43000030517578,16.124588012695312,25571600
2019-04-16,23.475000381469727,24.100000381469727,23.25,23.915000915527344,16.458364486694336,26542800
2019-04-17,24.049999237060547,24.334999084472656,23.424999237060547,23.600000381469727,16.2415771484375,40179000
2019-04-18,23.829999923706055,24.600000381469727,23.760000228881836,24.424999237060547,16.809345245361328,33079600
2019-04-22,24.389999389648438,24.389999389648438,24.010000228881836,24.170000076293945,16.63385581970215,12519600
2019-04-23,24.489999771118164,24.674999237060547,24.334999084472656,24.655000686645508,16.96763801574707,15327800
2019-04-24,24.59000015258789,24.665000915527344,23.975000381469727,24.155000686645508,16.6235294342041,20820800
2019-04-25,24.059999465942383,24.594999313354492,23.8799991607666,24.549999237060547,16.895374298095703,19659000
2019-04-26,24.5,24.780000686645508,24.350000381469727,24.674999237060547,16.98139762878418,17268200
2019-04-29,24.799999237060547,25.149999618530273,24.225000381469727,24.684999465942383,16.988283157348633,33562600
2019-04-30,24.780000686645508,24.93000030517578,24.56999969482422,24.84000015258789,17.094955444335938,16298000
2019-05-02,24.649999618530273,24.950000762939453,24.540000915527344,24.895000457763672,17.132801055908203,17095600
2019-05-03,24.954999923706055,25.1200008392334,24.875,25.040000915527344,17.23259735107422,16262800
2019-05-06,24.735000610351562,24.834999084472656,24.59000015258789,24.684999465942383,16.988283157348633,12629600
2019-05-07,24.540000915527344,24.84000015258789,24.110000610351562,24.7450008392334,17.029577255249023,21692200
2019-05-08,24.75,25.420000076293945,24.75,25.295000076293945,17.408082962036133,28919200
2019-05-09,25.454999923706055,25.6299991607666,25.059999465942383,25.514999389648438,17.559484481811523,30755000
2019-05-10,25.549999237060547,25.594999313354492,24.93000030517578,25.079999923706055,17.260120391845703,17950600
2019-05-13,24.354999542236328,24.69499969482422,24.170000076293945,24.184999465942383,16.644180297851562,20496600
2019-05-14,24.450000762939453,24.489999771118164,23.780000686645508,23.950000762939453,16.482454299926758,19284800
2019-05-15,23.75,23.809999465942383,23.315000534057617,23.55500030517578,16.210609436035156,20887600
2019-05-16,23.399999618530273,23.424999237060547,22.704999923706055,22.81999969482422,15.704781532287598,29345600
2019-05-17,22.725000381469727,23.229999542236328,22.274999618530273,22.424999237060547,15.432941436767578,28720200
2019-05-20,22.575000762939453,23.420000076293945,22.454999923706055,23.28499984741211,16.02479362487793,26172200
2019-05-21,23.454999923706055,24.690000534057617,23.454999923706055,24.614999771118164,16.940107345581055,28416600
2019-05-22,24.649999618530273,24.75,24.200000762939453,24.40999984741211,16.941787719726562,16412400
2019-05-23,24.28499984741211,24.68000030517578,24.135000228881836,24.450000762939453,16.969545364379883,17869200
2019-05-24,24.690000534057617,24.899999618530273,24.524999618530273,24.809999465942383,17.219404220581055,18547800
2019-05-27,24.9950008392334,25.489999771118164,24.9950008392334,25.295000076293945,17.556018829345703,15283000
2019-05-28,25.344999313354492,25.924999237060547,25.229999542236328,25.625,17.785053253173828,31982200
2019-05-29,25.46500015258789,25.84000015258789,25.315000534057617,25.600000381469727,17.767711639404297,22122400
2019-05-30,25.549999237060547,26.0,25.530000686645508,25.975000381469727,18.02797508239746,18037600
2019-05-31,25.850000381469727,26.290000915527344,25.565000534057617,25.924999237060547,17.99327278137207,20329200
2019-06-03,26.110000610351562,26.274999618530273,25.825000762939453,26.045000076293945,18.076562881469727,15384800
2019-06-04,26.149999618530273,26.469999313354492,26.010000228881836,26.469999313354492,18.371530532836914,22809800
2019-06-05,26.43000030517578,26.469999313354492,25.594999313354492,25.739999771118164,17.86487579345703,18513000
2019-06-06,26.03499984741211,26.43000030517578,25.725000381469727,26.395000457763672,18.319480895996094,15959800
2019-06-07,26.454999923706055,26.559999465942383,26.18000030517578,26.18000030517578,18.170257568359375,13818200
2019-06-10,26.024999618530273,26.100000381469727,25.485000610351562,25.934999465942383,18.000213623046875,18282600
2019-06-11,26.200000762939453,26.450000762939453,25.920000076293945,26.450000762939453,18.357650756835938,26265600
2019-06-12,26.440000534057617,26.5,25.959999084472656,26.1299991607666,18.194381713867188,17639200
2019-06-13,26.125,26.334999084472656,25.635000228881836,25.71500015258789,17.905418395996094,31063600
2019-06-14,25.670000076293945,25.75,24.969999313354492,25.260000228881836,17.588603973388672,26201200
2019-06-17,25.190000534057617,25.524999618530273,25.06999969482422,25.235000610351562,17.57119369506836,13692000
2019-06-18,25.424999237060547,26.024999618530273,25.389999389648438,25.825000762939453,17.982017517089844,24425200
2019-06-19,25.75,26.25,25.55500030517578,26.25,18.277938842773438,15928600
2019-06-21,26.299999237060547,26.75,26.299999237060547,26.454999923706055,18.420682907104492,29290800
2019-06-24,26.4950008392334,26.950000762939453,26.31999969482422,26.520000457763672,18.465944290161133,18067200
2019-06-25,26.399999618530273,26.799999237060547,26.125,26.274999618530273,18.295351028442383,31364200
2019-06-26,26.489999771118164,26.864999771118164,26.350000381469727,26.844999313354492,18.692241668701172,26024600
2019-06-27,26.600000381469727,27.084999084472656,26.469999313354492,26.899999618530273,18.730541229248047,27027600
2019-06-28,27.139999389648438,27.139999389648438,26.674999237060547,26.969999313354492,18.779279708862305,28394800
2019-07-01,27.280000686645508,27.334999084472656,26.7549991607666,26.940000534057617,18.758386611938477,16566400
2019-07-02,26.860000610351562,27.125,26.385000228881836,26.594999313354492,18.518165588378906,21172400
2019-07-03,26.700000762939453,27.149999618530273,26.264999389648438,27.149999618530273,18.904611587524414,23723600
2019-07-04,27.395000457763672,27.59000015258789,27.34000015258789,27.59000015258789,19.210987091064453,18334200
2019-07-05,27.5,27.684999465942383,27.15999984741211,27.5,19.148319244384766,18783200
2019-07-08,27.594999313354492,27.674999237060547,27.40999984741211,27.475000381469727,19.130910873413086,13135000
2019-07-10,27.799999237060547,27.850000381469727,26.895000457763672,27.1299991607666,18.89068603515625,25059200
2019-07-11,27.065000534057617,27.065000534057617,26.405000686645508,26.600000381469727,18.521652221679688,29312000
2019-07-12,26.760000228881836,26.809999465942383,25.899999618530273,26.0,18.103862762451172,25477000
2019-07-15,26.104999542236328,26.19499969482422,25.530000686645508,25.844999313354492,17.99593734741211,21417000
2019-07-16,26.0,26.094999313354492,25.7549991607666,25.885000228881836,18.023792266845703,20702200
2019-07-17,25.899999618530273,26.084999084472656,25.7549991607666,25.889999389648438,18.027271270751953,13825000
2019-07-18,25.985000610351562,26.625,25.934999465942383,26.329999923706055,18.333642959594727,24922000
2019-07-19,26.125,26.475000381469727,26.0,26.0,18.103862762451172,17699400
2019-07-22,26.239999771118164,26.329999923706055,25.985000610351562,26.0049991607666,18.107345581054688,12776800
2019-07-23,26.135000228881836,26.190000534057617,25.700000762939453,25.700000762939453,17.89497184753418,25341200
2019-07-24,25.780000686645508,26.325000762939453,25.735000610351562,26.165000915527344,18.218759536743164,30775000
2019-07-25,26.190000534057617,26.260000228881836,25.030000686645508,25.059999465942383,17.449344635009766,35424000
2019-07-26,25.399999618530273,25.405000686645508,24.96500015258789,25.0,17.407562255859375,16217600
2019-07-29,25.075000762939453,25.31999969482422,24.90999984741211,25.225000381469727,17.56423568725586,10184400
2019-07-30,25.110000610351562,25.350000381469727,24.55500030517578,24.969999313354492,17.38667106628418,18490000
2019-07-31,25.049999237060547,25.100000381469727,24.600000381469727,24.610000610351562,17.136011123657227,22667400
2019-08-01,24.899999618530273,25.235000610351562,24.344999313354492,24.375,16.97237777709961,29717000
2019-08-02,24.375,24.674999237060547,24.0,24.3799991607666,16.975852966308594,16607800
2019-08-05,23.8700008392334,24.3799991607666,23.709999084472656,23.924999237060547,16.659038543701172,16970800
2019-08-06,24.2450008392334,24.53499984741211,24.104999542236328,24.25,16.885337829589844,17148200
2019-08-07,24.149999618530273,24.389999389648438,23.774999618530273,24.225000381469727,16.867929458618164,22837000
2019-08-08,24.81999969482422,24.84000015258789,24.235000610351562,24.399999618530273,16.98978042602539,24360800
2019-08-09,24.43000030517578,24.59000015258789,24.149999618530273,24.325000762939453,16.937557220458984,16614200
2019-08-12,23.854999542236328,23.899999618530273,23.479999542236328,23.5,16.36310577392578,21299200
2019-08-13,23.469999313354492,24.125,23.395000457763672,23.774999618530273,16.55459213256836,19271400
2019-08-14,23.475000381469727,23.53499984741211,22.844999313354492,22.94499969482422,15.976662635803223,23003000
2019-08-15,23.075000762939453,23.31999969482422,22.625,22.924999237060547,15.962736129760742,21692400
2019-08-16,23.174999237060547,23.274999618530273,22.674999237060547,22.864999771118164,15.9209566116333,19495200
2019-08-19,23.0,23.344999313354492,22.364999771118164,22.415000915527344,15.60761833190918,20911200
2019-08-20,22.510000228881836,22.59000015258789,22.03499984741211,22.395000457763672,15.593694686889648,13199600
2019-08-21,22.934999465942383,23.729999542236328,22.8700008392334,23.674999237060547,16.484960556030273,27300600
2019-08-22,23.700000762939453,23.780000686645508,23.190000534057617,23.325000762939453,16.395748138427734,15065200
2019-08-23,23.049999237060547,23.270000457763672,22.360000610351562,22.475000381469727,15.798258781433105,26118000
2019-08-26,22.690000534057617,22.850000381469727,21.8799991607666,22.3700008392334,15.724454879760742,13994800
2019-08-27,22.674999237060547,22.799999237060547,21.719999313354492,22.190000534057617,15.597921371459961,25205800
2019-08-28,21.979999542236328,22.149999618530273,21.81999969482422,22.0049991607666,15.467886924743652,16904200
2019-08-29,22.104999542236328,22.610000610351562,22.014999389648438,22.540000915527344,15.843955039978027,17489800
2019-08-30,22.59000015258789,23.280000686645508,22.545000076293945,23.1200008392334,16.251651763916016,23972000
2019-09-02,23.1200008392334,23.395000457763672,22.700000762939453,22.825000762939453,16.04427719116211,10778400
2019-09-03,22.700000762939453,23.15999984741211,22.309999465942383,22.399999618530273,15.745536804199219,22157400
2019-09-04,22.690000534057617,22.96500015258789,22.489999771118164,22.93000030517578,16.118087768554688,14053600
2019-09-05,23.049999237060547,23.889999389648438,23.045000076293945,23.729999542236328,16.680435180664062,24718400
2019-09-06,23.950000762939453,24.69499969482422,23.950000762939453,24.69499969482422,17.358755111694336,28078200
2019-09-09,24.774999618530273,25.264999389648438,24.635000228881836,25.0,17.573143005371094,26966600
2019-09-10,25.174999237060547,25.25,24.440000534057617,24.579999923706055,17.27791404724121,16896400
2019-09-11,24.75,24.985000610351562,23.9950008392334,23.9950008392334,16.866708755493164,28189200
2019-09-12,24.15999984741211,24.184999465942383,23.700000762939453,24.0,16.95250701904297,20399000
2019-09-13,24.03499984741211,24.25,23.450000762939453,23.56999969482422,16.648780822753906,15950200
2019-09-16,23.520000457763672,23.780000686645508,23.149999618530273,23.325000762939453,16.47572135925293,16351000
2019-09-17,23.19499969482422,23.725000381469727,23.059999465942383,23.649999618530273,16.705286026000977,13488400
2019-09-18,23.729999542236328,24.125,23.579999923706055,24.010000228881836,16.959577560424805,17056600
2019-09-19,24.204999923706055,24.350000381469727,23.385000228881836,23.385000228881836,16.518108367919922,19323600
2019-09-20,23.5,23.989999771118164,23.450000762939453,23.7549991607666,16.779457092285156,30594600
2019-09-23,23.719999313354492,23.8700008392334,23.43000030517578,23.639999389648438,16.698223114013672,11494600
2019-09-24,23.69499969482422,23.780000686645508,22.799999237060547,22.920000076293945,16.189647674560547,23998200
2019-09-25,22.920000076293945,22.920000076293945,22.399999618530273,22.770000457763672,16.083696365356445,21829600
2019-09-26,22.895000457763672,23.104999542236328,22.604999542236328,22.854999542236328,16.143741607666016,17521200
2019-09-27,22.75,23.040000915527344,22.625,22.670000076293945,16.013063430786133,15873000
2019-09-30,22.75,22.950000762939453,22.739999771118164,22.7450008392334,16.0660400390625,10862600
2019-10-01,22.854999542236328,22.854999542236328,22.405000686645508,22.475000381469727,15.875317573547363,13184400
2019-10-02,22.30500030517578,22.30500030517578,21.68000030517578,21.709999084472656,15.33495807647705,38445200
2019-10-03,21.885000228881836,22.645000457763672,21.809999465942383,22.645000457763672,15.995403289794922,30768000
2019-10-04,22.684999465942383,22.799999237060547,22.309999465942383,22.799999237060547,16.104888916015625,14456400
2019-10-07,22.549999237060547,22.614999771118164,21.8799991607666,21.899999618530273,15.46916675567627,26487200
2019-10-08,22.100000381469727,22.165000915527344,21.5049991607666,21.5049991607666,15.19015884399414,23554400
2019-10-09,21.78499984741211,22.170000076293945,21.549999237060547,22.100000381469727,15.610438346862793,18528000
2019-10-10,22.145000457763672,22.40999984741211,22.010000228881836,22.200000762939453,15.681070327758789,12938000
2019-10-11,22.399999618530273,22.69499969482422,22.375,22.614999771118164,15.974212646484375,18216600
2019-10-14,22.6200008392334,22.780000686645508,22.415000915527344,22.5,15.892980575561523,13727000
2019-10-15,22.485000610351562,22.59000015258789,22.135000228881836,22.190000534057617,15.674007415771484,29577000
2019-10-16,22.200000762939453,22.68000030517578,21.950000762939453,22.5,15.892980575561523,30479400
2019-10-17,22.665000915527344,22.850000381469727,22.290000915527344,22.454999923706055,15.861190795898438,49907600
2019-10-18,23.0,23.274999618530273,22.75,23.030000686645508,16.267349243164062,94233200
2019-10-21,23.149999618530273,23.375,22.885000228881836,23.200000762939453,16.38742446899414,31502200
2019-10-22,23.25,23.834999084472656,23.219999313354492,23.700000762939453,16.74060821533203,34194600
2019-10-23,23.674999237060547,24.18000030517578,23.440000534057617,23.799999237060547,16.81124496459961,41522600
2019-10-24,23.8700008392334,24.040000915527344,23.354999542236328,23.649999618530273,16.705286026000977,44281000
2019-10-25,23.639999389648438,24.024999618530273,23.55500030517578,23.864999771118164,16.857160568237305,20923200
2019-10-28,23.924999237060547,24.395000457763672,23.850000381469727,24.395000457763672,17.231523513793945,28999200
2019-10-29,24.295000076293945,24.55500030517578,24.229999542236328,24.329999923706055,17.185611724853516,20788800
2019-10-30,24.30500030517578,24.709999084472656,23.764999389648438,24.709999084472656,17.454023361206055,31496400
2019-10-31,24.450000762939453,24.5,23.975000381469727,24.075000762939453,17.0054931640625,28340600
2019-11-01,24.219999313354492,24.399999618530273,23.725000381469727,23.979999542236328,16.93838119506836,24608600
2019-11-04,24.075000762939453,24.274999618530273,23.700000762939453,23.844999313354492,16.843027114868164,22246000
2019-11-05,23.899999618530273,24.225000381469727,23.815000534057617,23.9950008392334,16.9489803314209,18492400
2019-11-06,24.0,24.239999771118164,23.674999237060547,23.834999084472656,16.835962295532227,21688400
2019-11-07,24.024999618530273,24.239999771118164,23.729999542236328,23.834999084472656,16.835962295532227,28996200
2019-11-08,23.68000030517578,23.875,23.280000686645508,23.5,16.599332809448242,33611800
2019-11-11,23.3700008392334,23.71500015258789,23.204999923706055,23.6200008392334,16.68409538269043,20247800
2019-11-12,23.514999389648438,23.770000457763672,23.174999237060547,23.360000610351562,16.500450134277344,33016600
2019-11-13,23.21500015258789,23.344999313354492,22.905000686645508,22.975000381469727,16.228500366210938,26175200
2019-11-14,23.065000534057617,23.375,22.8799991607666,23.2549991607666,16.4262752532959,24067000
2019-11-18,23.5,23.575000762939453,23.0,23.264999389648438,16.43334197998047,31171200
2019-11-19,23.174999237060547,23.235000610351562,22.854999542236328,22.895000457763672,16.1719913482666,16236000
2019-11-21,22.875,23.2450008392334,22.825000762939453,23.190000534057617,16.380369186401367,22505600
2019-11-22,23.045000076293945,23.450000762939453,22.959999084472656,23.375,16.64202308654785,15279600
2019-11-25,23.3799991607666,23.469999313354492,23.135000228881836,23.299999237060547,16.58863067626953,14860200
2019-11-26,23.174999237060547,23.190000534057617,22.780000686645508,23.0,16.375038146972656,30660000
2019-11-27,23.100000381469727,23.690000534057617,22.7450008392334,23.670000076293945,16.852048873901367,22475800
2019-11-28,23.469999313354492,23.834999084472656,23.280000686645508,23.799999237060547,16.944610595703125,13819800
2019-11-29,23.81999969482422,23.9950008392334,23.704999923706055,23.905000686645508,17.019363403320312,14571000
2019-12-02,23.905000686645508,24.165000915527344,23.71500015258789,23.71500015258789,16.884092330932617,19454800
2019-12-03,24.06999969482422,24.344999313354492,23.975000381469727,24.19499969482422,17.225828170776367,35073400
2019-12-04,24.19499969482422,24.565000534057617,24.149999618530273,24.545000076293945,17.475017547607422,30058200
2019-12-05,24.579999923706055,24.635000228881836,24.155000686645508,24.334999084472656,17.325504302978516,18946200
2019-12-06,24.290000915527344,24.4950008392334,24.135000228881836,24.235000610351562,17.25429916381836,19271400
2019-12-09,24.174999237060547,24.475000381469727,24.155000686645508,24.309999465942383,17.307701110839844,16859800
2019-12-10,24.274999618530273,24.3700008392334,23.829999923706055,23.959999084472656,17.058521270751953,13054600
2019-12-11,24.024999618530273,24.184999465942383,23.780000686645508,23.924999237060547,17.033599853515625,19959400
2019-12-12,24.0,24.454999923706055,23.93000030517578,24.454999923706055,17.475278854370117,16996400
2019-12-13,24.43000030517578,24.75,24.18000030517578,24.264999389648438,17.339509963989258,36059800
2019-12-16,24.3799991607666,24.625,23.934999465942383,23.934999465942383,17.10369300842285,24014800
2019-12-17,24.06999969482422,24.475000381469727,23.959999084472656,24.475000381469727,17.489572525024414,21084000
2019-12-18,24.375,25.354999542236328,24.315000534057617,25.31999969482422,18.093400955200195,40919200
2019-12-19,25.149999618530273,25.579999923706055,25.040000915527344,25.579999923706055,18.27918815612793,24387600
2019-12-20,25.475000381469727,25.549999237060547,25.1200008392334,25.530000686645508,18.243459701538086,19074600
2019-12-23,25.479999542236328,26.299999237060547,25.3700008392334,26.299999237060547,18.79369354248047,17606800
2019-12-26,26.239999771118164,26.6299991607666,26.174999237060547,26.600000381469727,19.00807762145996,20063200
2019-12-27,26.674999237060547,26.834999084472656,26.1299991607666,26.485000610351562,18.925891876220703,17266200
2019-12-30,26.549999237060547,26.670000076293945,26.40999984741211,26.40999984741211,18.872303009033203,15679800
2020-01-02,26.674999237060547,26.985000610351562,26.584999084472656,26.899999618530273,19.22245216369629,26319800
2020-01-03,26.549999237060547,26.954999923706055,26.424999237060547,26.854999542236328,19.190292358398438,18930800
2020-01-06,26.700000762939453,26.700000762939453,26.225000381469727,26.5,18.936616897583008,19999800
2020-01-07,26.5,26.514999389648438,26.145000457763672,26.299999237060547,18.79369354248047,21277000
2020-01-08,26.3799991607666,26.4950008392334,26.020000457763672,26.059999465942383,18.622196197509766,42937200
2020-01-09,26.100000381469727,26.165000915527344,25.364999771118164,25.530000686645508,18.243459701538086,49486000
2020-01-10,25.579999923706055,25.719999313354492,24.780000686645508,24.93000030517578,17.814706802368164,30696400
2020-01-13,24.989999771118164,25.25,24.80500030517578,25.209999084472656,18.014789581298828,28363800
2020-01-14,25.139999389648438,25.2450008392334,24.875,25.075000762939453,17.91832733154297,17530000
2020-01-15,24.96500015258789,25.010000228881836,24.424999237060547,24.614999771118164,17.58961296081543,29003800
2020-01-16,24.735000610351562,24.889999389648438,24.489999771118164,24.725000381469727,17.6682186126709,23745200
2020-01-17,24.93000030517578,25.135000228881836,24.864999771118164,25.059999465942383,17.907604217529297,22843600
2020-01-20,25.0,25.174999237060547,24.635000228881836,24.899999618530273,17.793270111083984,16996600
2020-01-21,24.774999618530273,24.825000762939453,24.024999618530273,24.18000030517578,17.278770446777344,28958400
2020-01-22,24.405000686645508,24.4950008392334,24.145000457763672,24.3700008392334,17.41454315185547,20918800
2020-01-23,24.270000457763672,25.739999771118164,24.190000534057617,25.739999771118164,18.393524169921875,43249000
2020-01-24,25.700000762939453,25.739999771118164,25.399999618530273,25.399999618530273,18.15056800842285,18300600
2020-01-27,25.030000686645508,25.53499984741211,24.864999771118164,25.149999618530273,17.9719181060791,24031800
2020-01-28,25.399999618530273,25.575000762939453,25.040000915527344,25.354999542236328,18.118412017822266,15292800
2020-01-29,25.5,25.690000534057617,24.68000030517578,24.729999542236328,17.67179298400879,16800400
2020-01-30,24.350000381469727,24.9950008392334,24.184999465942383,24.899999618530273,17.793270111083984,25079800
2020-01-31,24.55500030517578,24.559999465942383,24.110000610351562,24.270000457763672,17.34308433532715,32252800
2020-02-03,24.274999618530273,24.56999969482422,24.0049991607666,24.389999389648438,17.428831100463867,20402800
2020-02-04,24.645000457763672,24.799999237060547,24.125,24.125,17.239465713500977,23533200
2020-02-05,24.600000381469727,25.645000457763672,24.549999237060547,25.200000762939453,18.00765609741211,47383400
2020-02-06,25.5,25.524999618530273,24.625,24.774999618530273,17.703956604003906,19325800
2020-02-07,24.774999618530273,25.15999984741211,24.6299991607666,24.799999237060547,17.721813201904297,15590000
2020-02-10,24.854999542236328,24.9950008392334,24.440000534057617,24.55500030517578,17.54674530029297,15570600
2020-02-11,24.959999084472656,25.825000762939453,24.84000015258789,25.65999984741211,18.336360931396484,36193000
2020-02-12,25.934999465942383,26.18000030517578,25.334999084472656,25.809999465942383,18.44355010986328,33234200
2020-02-13,25.674999237060547,25.770000457763672,25.225000381469727,25.40999984741211,18.157712936401367,27612600
2020-02-14,25.440000534057617,25.479999542236328,24.78499984741211,24.924999237060547,17.811134338378906,20045400
2020-02-17,25.040000915527344,25.1200008392334,24.549999237060547,24.549999237060547,17.543163299560547,13498000
2020-02-18,24.479999542236328,24.950000762939453,24.350000381469727,24.78499984741211,17.711095809936523,17858200
2020-02-19,24.75,25.165000915527344,24.575000762939453,24.844999313354492,17.753971099853516,22296200
2020-02-20,25.0,25.024999618530273,24.34000015258789,24.59000015258789,17.571746826171875,24104400
2020-02-21,24.405000686645508,24.610000610351562,24.165000915527344,24.610000610351562,17.586040496826172,12871200
2020-02-26,23.299999237060547,23.309999465942383,22.575000762939453,22.614999771118164,16.305831909179688,30428200
2020-02-27,22.399999618530273,23.795000076293945,22.190000534057617,22.895000457763672,16.50771713256836,62945800
2020-02-28,23.075000762939453,23.43000030517578,22.28499984741211,23.43000030517578,16.893463134765625,52758400
2020-03-02,23.40999984741211,23.7450008392334,23.149999618530273,23.575000762939453,16.998010635375977,26420400
2020-03-03,23.354999542236328,23.68000030517578,22.55500030517578,22.885000228881836,16.500505447387695,43107400
2020-03-04,23.225000381469727,23.344999313354492,22.5,22.90999984741211,16.518529891967773,38468000
2020-03-05,22.6299991607666,22.78499984741211,21.149999618530273,21.55500030517578,15.54155445098877,51693600
2020-03-06,20.899999618530273,21.360000610351562,20.6200008392334,21.149999618530273,15.249534606933594,38051400
2020-03-09,19.225000381469727,20.094999313354492,18.149999618530273,18.815000534057617,13.565959930419922,50349200
2020-03-10,19.760000228881836,20.344999313354492,18.815000534057617,19.80500030517578,14.279768943786621,64873400
2020-03-11,19.299999237060547,19.40999984741211,17.114999771118164,18.094999313354492,13.046826362609863,50007000
2020-03-12,14.600000381469727,15.975000381469727,13.279999732971191,15.625,11.322672843933105,63084800
2020-03-13,18.1200008392334,18.834999084472656,15.854999542236328,18.2450008392334,13.221258163452148,81556200
2020-03-16,15.25,16.399999618530273,14.774999618530273,15.199999809265137,11.014695167541504,62690400
2020-03-17,15.699999809265137,16.645000457763672,15.029999732971191,15.9350004196167,11.547314643859863,54067400
2020-03-18,14.585000038146973,15.079999923706055,12.65999984741211,13.305000305175781,9.641483306884766,76586600
2020-03-19,12.75,13.845000267028809,11.670000076293945,12.78499984741211,9.264662742614746,83329800
2020-03-20,13.5,13.949999809265137,12.164999961853027,12.300000190734863,8.913206100463867,59350200
2020-03-23,12.5,12.5,10.954999923706055,11.0649995803833,8.018263816833496,53616200
2020-03-24,12.100000381469727,13.239999771118164,11.899999618530273,12.960000038146973,9.391474723815918,51598600
2020-03-25,12.96500015258789,15.28499984741211,12.864999771118164,14.515000343322754,10.518309593200684,50041200
2020-03-26,14.670000076293945,15.835000038146973,14.640000343322754,15.244999885559082,11.04730224609375,51320000
2020-03-27,14.390000343322754,14.75,14.010000228881836,14.119999885559082,10.232071876525879,41604800
2020-03-30,14.449999809265137,14.729999542236328,14.154999732971191,14.494999885559082,10.503815650939941,31537200
2020-03-31,14.600000381469727,14.75,13.71500015258789,13.944999694824219,10.105262756347656,37808400
2020-04-01,13.449999809265137,13.640000343322754,13.024999618530273,13.354999542236328,9.677712440490723,39653200
2020-04-02,13.475000381469727,13.899999618530273,13.154999732971191,13.510000228881836,9.790037155151367,31444800
2020-04-03,13.425000190734863,13.444999694824219,12.5,12.75,9.239302635192871,37936200
2020-04-06,13.574999809265137,14.149999618530273,13.369999885559082,13.930000305175781,10.094389915466309,42828000
2020-04-07,14.725000381469727,15.25,14.585000038146973,14.585000038146973,10.5690336227417,43029400
2020-04-08,14.649999618530273,15.274999618530273,14.289999961853027,14.864999771118164,10.771936416625977,39788200
2020-04-09,15.170000076293945,15.4399995803833,14.729999542236328,14.824999809265137,10.742951393127441,35051200
2020-04-13,14.880000114440918,15.149999618530273,14.350000381469727,15.119999885559082,10.956724166870117,36057400
2020-04-14,15.470000267028809,15.824999809265137,15.0,15.104999542236328,10.94585132598877,35539400
2020-04-15,14.739999771118164,15.119999885559082,14.5,14.824999809265137,10.742951393127441,33496400
2020-04-16,15.050000190734863,15.1899995803833,14.399999618530273,14.399999618530273,10.434975624084473,41468400
2020-04-17,14.774999618530273,15.029999732971191,14.515000343322754,14.789999961853027,10.717588424682617,37230000
2020-04-20,14.5,14.744999885559082,14.260000228881836,14.494999885559082,10.503815650939941,35550000
2020-04-22,14.444999694824219,14.574999809265137,14.3149995803833,14.430000305175781,10.456713676452637,40397800
2020-04-23,14.600000381469727,14.8149995803833,13.805000305175781,14.024999618530273,10.163233757019043,43417600
2020-04-24,13.8149995803833,13.850000381469727,12.0,12.149999618530273,8.804509162902832,147956000
2020-04-27,12.75,13.100000381469727,12.555000305175781,12.845000267028809,9.30814266204834,64265600
2020-04-28,13.609999656677246,14.625,13.555000305175781,14.569999694824219,10.558164596557617,86465400
2020-04-29,15.020000457763672,15.104999542236328,14.364999771118164,14.779999732971191,10.710346221923828,49257400
2020-04-30,14.154999732971191,14.390000343322754,13.925000190734863,14.25,10.326278686523438,47870600
2020-05-04,13.6850004196167,13.880000114440918,13.494999885559082,13.880000114440918,10.05815601348877,33172000
2020-05-05,14.010000228881836,14.274999618530273,13.779999732971191,13.899999618530273,10.072648048400879,31599200
2020-05-06,13.979999542236328,14.0649995803833,13.375,13.494999885559082,9.779165267944336,40625400
2020-05-07,13.720000267028809,13.725000381469727,13.03499984741211,13.130000114440918,9.514669418334961,52811800
2020-05-08,13.550000190734863,13.854999542236328,13.399999618530273,13.550000190734863,9.81902027130127,35152000
2020-05-11,13.449999809265137,14.0649995803833,13.399999618530273,13.635000228881836,9.88061809539795,34665000
2020-05-12,13.720000267028809,13.774999618530273,13.130000114440918,13.154999732971191,9.532783508300781,48281800
2020-05-13,13.324999809265137,13.425000190734863,12.614999771118164,12.774999618530273,9.257417678833008,52812200
2020-05-14,12.5,13.399999618530273,12.375,13.324999809265137,9.655975341796875,72389000
2020-05-15,13.25,13.539999961853027,12.920000076293945,13.074999809265137,9.474811553955078,46873000
2020-05-18,13.5649995803833,13.890000343322754,13.324999809265137,13.699999809265137,9.927720069885254,37513600
2020-05-19,13.630000114440918,13.890000343322754,13.329999923706055,13.329999923706055,9.659599304199219,33452200
2020-05-20,13.5,13.819999694824219,13.385000228881836,13.664999961853027,9.90235710144043,45599600
2020-05-21,13.819999694824219,14.645000457763672,13.739999771118164,14.630000114440918,10.601644515991211,61039200
2020-05-22,14.430000305175781,14.574999809265137,13.954999923706055,14.255000114440918,10.329901695251465,53895800
2020-05-25,15.0,15.75,14.899999618530273,15.75,11.413251876831055,63773600
2020-05-26,16.25,16.46500015258789,15.114999771118164,15.395000457763672,11.156004905700684,61640600
2020-05-27,15.8149995803833,15.8149995803833,15.25,15.449999809265137,11.195860862731934,38620800
2020-05-28,15.305000305175781,15.729999542236328,15.104999542236328,15.395000457763672,11.156004905700684,41465400
2020-05-29,15.25,15.425000190734863,14.875,15.420000076293945,11.174118995666504,53853400
2020-06-01,15.385000228881836,16.075000762939453,15.279999732971191,15.899999618530273,11.521951675415039,44087200
2020-06-02,16.299999237060547,16.450000762939453,16.139999389648438,16.40999984741211,11.891523361206055,31544400
2020-06-03,17.235000610351562,17.5,16.920000076293945,17.375,12.590813636779785,58994400
2020-06-04,17.21500015258789,17.78499984741211,16.760000228881836,17.469999313354492,12.659652709960938,47894200
2020-06-05,18.704999923706055,19.084999084472656,17.5049991607666,17.600000381469727,12.75385856628418,71092200
2020-06-08,17.90999984741211,18.405000686645508,17.75,18.19499969482422,13.185026168823242,44528000
2020-06-09,17.770000457763672,18.540000915527344,17.559999465942383,17.895000457763672,12.967633247375488,57456600
2020-06-10,18.18000030517578,18.204999923706055,17.104999542236328,17.104999542236328,12.395157814025879,54692400
2020-06-12,16.5,16.940000534057617,16.405000686645508,16.674999237060547,12.08355712890625,57919800
2020-06-15,16.0,16.65999984741211,15.850000381469727,16.53499984741211,11.982105255126953,67145600
2020-06-16,17.25,17.334999084472656,16.549999237060547,16.75,12.13790512084961,46683000
2020-06-17,16.719999313354492,17.385000228881836,16.68000030517578,17.25,12.50023078918457,37890600
2020-06-18,17.09000015258789,17.565000534057617,16.899999618530273,17.200000762939453,12.463997840881348,37827600
2020-06-19,17.450000762939453,17.559999465942383,16.950000762939453,16.969999313354492,12.297327041625977,40652600
2020-06-22,17.104999542236328,17.209999084472656,16.5,16.6200008392334,12.043701171875,30278400
2020-06-23,16.899999618530273,17.020000457763672,16.549999237060547,16.764999389648438,12.148775100708008,32578000
2020-06-24,16.670000076293945,16.799999237060547,15.954999923706055,16.110000610351562,11.6741304397583,48896200
2020-06-25,16.170000076293945,16.524999618530273,16.040000915527344,16.5049991607666,11.960367202758789,38026800
2020-06-26,16.325000762939453,16.440000534057617,15.90999984741211,15.90999984741211,11.529196739196777,29613800
2020-06-29,16.084999084472656,16.719999313354492,15.970000267028809,16.719999313354492,12.116166114807129,36642000
2020-06-30,16.604999542236328,16.610000610351562,16.010000228881836,16.075000762939453,11.648765563964844,50537400
2020-07-01,16.209999084472656,16.635000228881836,16.09000015258789,16.53499984741211,11.982105255126953,34025600
2020-07-02,16.815000534057617,17.1200008392334,16.5,16.579999923706055,12.014713287353516,39952000
2020-07-03,16.559999465942383,16.75,16.34000015258789,16.75,12.13790512084961,16389200
2020-07-06,17.18000030517578,17.4950008392334,17.03499984741211,17.334999084472656,12.5618257522583,38240600
2020-07-07,17.149999618530273,17.18000030517578,16.639999389648438,16.639999389648438,12.058195114135742,46336600
2020-07-08,16.854999542236328,17.100000381469727,16.760000228881836,17.045000076293945,12.35167407989502,35296200
2020-07-09,17.09000015258789,17.15999984741211,16.905000686645508,16.979999542236328,12.304573059082031,22495200
2020-07-10,16.94499969482422,17.170000076293945,16.774999618530273,17.06999969482422,12.369791030883789,28386800
2020-07-13,17.225000381469727,17.395000457763672,16.899999618530273,16.899999618530273,12.246603012084961,28398200
2020-07-14,16.915000915527344,17.204999923706055,16.75,17.174999237060547,12.445879936218262,28635800
2020-07-15,17.350000381469727,17.53499984741211,17.19499969482422,17.344999313354492,12.569070816040039,29564600
2020-07-16,17.204999923706055,17.280000686645508,17.040000915527344,17.200000762939453,12.463997840881348,20156600
2020-07-17,17.25,17.729999542236328,17.235000610351562,17.729999542236328,12.848061561584473,34155600
2020-07-20,17.7450008392334,17.84000015258789,17.434999465942383,17.65999984741211,12.797338485717773,31739400
2020-07-21,17.875,18.100000381469727,17.635000228881836,17.7450008392334,12.858933448791504,38402600
2020-07-22,17.825000762939453,17.844999313354492,17.354999542236328,17.600000381469727,12.75385856628418,27256200
2020-07-23,17.6299991607666,17.6299991607666,17.104999542236328,17.174999237060547,12.445879936218262,28490200
2020-07-24,17.0,17.309999465942383,16.825000762939453,16.975000381469727,12.30095100402832,34400000
2020-07-27,16.850000381469727,17.53499984741211,16.770000457763672,17.454999923706055,12.648782730102539,47563600
2020-07-28,17.350000381469727,17.889999389648438,17.274999618530273,17.514999389648438,12.692259788513184,34111000
2020-07-29,17.690000534057617,17.975000381469727,17.575000762939453,17.975000381469727,13.025603294372559,26202600
2020-07-30,17.559999465942383,17.770000457763672,17.260000228881836,17.399999618530273,12.608929634094238,46309600
2020-07-31,17.450000762939453,17.485000610351562,16.78499984741211,16.790000915527344,12.166888236999512,41402600
2020-08-03,17.1200008392334,17.520000457763672,16.889999389648438,17.174999237060547,12.445879936218262,48061400
2020-08-04,16.940000534057617,17.299999237060547,16.5049991607666,16.649999618530273,12.065439224243164,41548800
2020-08-05,16.905000686645508,16.985000610351562,16.450000762939453,16.665000915527344,12.076310157775879,28369200
2020-08-06,16.8799991607666,17.21500015258789,16.56999969482422,17.174999237060547,12.445879936218262,36534600
2020-08-07,17.0,17.469999313354492,16.799999237060547,17.05500030517578,12.35892391204834,37123600
2020-08-10,17.059999465942383,17.299999237060547,16.875,17.21500015258789,12.47486686706543,19452000
2020-08-11,17.299999237060547,17.44499969482422,16.950000762939453,16.96500015258789,12.29370403289795,28091600
2020-08-12,17.0,17.209999084472656,16.600000381469727,16.875,12.228487968444824,36059200
2020-08-13,16.94499969482422,17.200000762939453,16.524999618530273,16.53499984741211,11.982105255126953,30023600
2020-08-14,16.549999237060547,16.75,16.395000457763672,16.59000015258789,12.021961212158203,21617400
2020-08-17,16.584999084472656,16.674999237060547,15.944999694824219,16.165000915527344,11.713987350463867,43903600
2020-08-18,16.450000762939453,16.485000610351562,16.200000762939453,16.385000228881836,11.873407363891602,29049000
2020-08-19,16.424999237060547,16.485000610351562,16.260000228881836,16.309999465942383,11.819058418273926,20797400
2020-08-20,16.049999237060547,16.364999771118164,15.949999809265137,16.325000762939453,11.829927444458008,45816600
2020-08-21,16.25,16.540000915527344,16.165000915527344,16.475000381469727,11.938623428344727,23354800
2020-08-24,16.44499969482422,17.0,16.399999618530273,16.725000381469727,12.284575462341309,38818600
2020-08-25,16.889999389648438,16.975000381469727,16.524999618530273,16.625,12.211121559143066,23659400
2020-08-26,16.56999969482422,16.719999313354492,16.030000686645508,16.225000381469727,11.917320251464844,33250800
2020-08-27,16.2549991607666,16.719999313354492,16.18000030517578,16.375,12.027498245239258,31874800
2020-08-28,16.510000228881836,16.7549991607666,16.489999771118164,16.69499969482422,12.262537002563477,22764600
2020-08-31,16.69499969482422,16.69499969482422,16.325000762939453,16.325000762939453,11.99077033996582,27937200
2020-09-01,16.575000762939453,16.795000076293945,16.459999084472656,16.604999542236328,12.196431159973145,24709200
2020-09-02,16.625,16.684999465942383,16.3700008392334,16.625,12.211121559143066,19689200
2020-09-03,16.594999313354492,17.395000457763672,16.55500030517578,16.885000228881836,12.402092933654785,59667800
2020-09-04,17.049999237060547,17.184999465942383,16.665000915527344,16.975000381469727,12.468196868896484,41730000
2020-09-08,16.770000457763672,16.844999313354492,16.53499984741211,16.6299991607666,12.214794158935547,26920800
2020-09-09,16.790000915527344,16.860000610351562,16.479999542236328,16.610000610351562,12.200104713439941,25182400
2020-09-10,16.56999969482422,16.7450008392334,16.219999313354492,16.264999389648438,11.946702003479004,26774800
2020-09-11,16.290000915527344,16.344999313354492,15.859999656677246,16.0,11.752058029174805,29421200
2020-09-14,16.110000610351562,16.295000076293945,15.850000381469727,16.18000030517578,11.922592163085938,22023800
2020-09-15,16.299999237060547,16.299999237060547,15.9350004196167,15.994999885559082,11.786273002624512,23170200
2020-09-16,16.045000076293945,16.309999465942383,16.0049991607666,16.045000076293945,11.823116302490234,27629600
2020-09-17,15.904999732971191,16.145000457763672,15.850000381469727,16.075000762939453,11.845221519470215,20419000
2020-09-18,15.975000381469727,16.010000228881836,15.574999809265137,15.670000076293945,11.54678726196289,31935000
2020-09-21,15.354999542236328,15.5649995803833,15.204999923706055,15.4399995803833,11.377306938171387,26836000
2020-09-22,15.425000190734863,15.84000015258789,15.34000015258789,15.40999984741211,11.355201721191406,21468600
2020-09-23,15.425000190734863,15.470000267028809,15.03499984741211,15.09000015258789,11.119400024414062,25536600
2020-09-24,15.09000015258789,15.449999809265137,14.954999923706055,15.210000038146973,11.207826614379883,31886600
2020-09-25,15.119999885559082,15.239999771118164,14.984999656677246,15.149999618530273,11.163614273071289,18700200
2020-09-28,15.350000381469727,15.885000228881836,15.0600004196167,15.255000114440918,11.240983963012695,61166400
2020-09-29,15.229999542236328,15.34000015258789,14.875,14.880000114440918,10.964659690856934,36925800
2020-09-30,14.994999885559082,15.055000305175781,14.734999656677246,14.8100004196167,10.913079261779785,28394000
2020-10-01,14.90999984741211,14.949999809265137,14.579999923706055,14.895000457763672,10.975712776184082,24017400
2020-10-02,14.704999923706055,15.369999885559082,14.654999732971191,14.854999542236328,10.946236610412598,33953200
2020-10-05,14.949999809265137,15.1899995803833,14.670000076293945,15.114999771118164,11.137824058532715,25093600
2020-10-06,15.255000114440918,15.399999618530273,14.9399995803833,15.015000343322754,11.06413459777832,21485000
2020-10-07,15.100000381469727,15.220000267028809,14.864999771118164,14.904999732971191,10.983078956604004,24819800
2020-10-08,14.954999923706055,15.744999885559082,14.824999809265137,15.625,11.513629913330078,36396200
2020-10-09,15.555000305175781,15.835000038146973,15.3149995803833,15.520000457763672,11.436258316040039,27753200
2020-10-13,15.539999961853027,15.71500015258789,15.34000015258789,15.524999618530273,11.43994140625,21598600
2020-10-14,15.555000305175781,15.765000343322754,15.425000190734863,15.425000190734863,11.366254806518555,20747600
2020-10-15,15.225000381469727,15.720000267028809,15.109999656677246,15.529999732971191,11.443626403808594,25508400
2020-10-16,15.454999923706055,15.510000228881836,15.125,15.135000228881836,11.152562141418457,25159400
2020-10-19,15.210000038146973,15.585000038146973,15.154999732971191,15.300000190734863,11.274145126342773,31180200
2020-10-20,15.460000038146973,16.020000457763672,15.460000038146973,16.0049991607666,11.793639183044434,43185400
2020-10-21,15.970000267028809,16.235000610351562,15.899999618530273,16.125,11.882063865661621,32409600
2020-10-22,16.05500030517578,16.84000015258789,16.024999618530273,16.825000762939453,12.39787483215332,60056200
2020-10-23,16.834999084472656,17.145000457763672,16.665000915527344,16.764999389648438,12.35366439819336,38177000
2020-10-26,16.670000076293945,16.915000915527344,16.43000030517578,16.75,12.342611312866211,28741000
2020-10-27,16.895000457763672,17.049999237060547,16.270000457763672,16.389999389648438,12.0773344039917,30657800
2020-10-28,15.975000381469727,16.020000457763672,15.550000190734863,15.569999694824219,11.473099708557129,30777000
2020-10-29,15.5600004196167,15.649999618530273,15.020000457763672,15.479999542236328,11.406783103942871,38897400
2020-10-30,15.345000267028809,15.4350004196167,14.805000305175781,14.899999618530273,10.979398727416992,43963800
2020-11-03,15.210000038146973,15.380000114440918,14.949999809265137,15.050000190734863,11.089926719665527,34308800
2020-11-04,15.204999923706055,15.425000190734863,15.03499984741211,15.15999984741211,11.170982360839844,27452200
2020-11-05,15.324999809265137,15.5649995803833,15.220000267028809,15.345000267028809,11.307306289672852,37385000
2020-11-06,15.25,15.329999923706055,15.09000015258789,15.244999885559082,11.233617782592773,25723200
2020-11-09,16.065000534057617,16.479999542236328,16.0,16.350000381469727,12.047861099243164,67562000
2020-11-10,16.385000228881836,17.40999984741211,16.364999771118164,17.184999465942383,12.663147926330566,84088600
2020-11-11,17.165000915527344,17.385000228881836,16.68000030517578,17.079999923706055,12.585780143737793,54251600
2020-11-12,16.9950008392334,17.065000534057617,16.190000534057617,16.364999771118164,12.058913230895996,49990800
2020-11-13,16.4950008392334,16.584999084472656,16.200000762939453,16.524999618530273,12.176813125610352,34679000
2020-11-16,16.780000686645508,17.125,16.725000381469727,16.950000762939453,12.489983558654785,46421800
2020-11-17,16.809999465942383,17.204999923706055,16.700000762939453,17.100000381469727,12.673333168029785,37379000
2020-11-18,17.03499984741211,17.325000762939453,16.889999389648438,17.139999389648438,12.702972412109375,40040200
2020-11-19,17.100000381469727,17.549999237060547,16.9950008392334,17.309999465942383,12.82896614074707,42006200
2020-11-23,17.280000686645508,17.53499984741211,17.155000686645508,17.260000228881836,12.791911125183105,35029000
2020-11-24,17.3700008392334,18.030000686645508,17.3700008392334,17.719999313354492,13.132827758789062,45083600
2020-11-25,17.700000762939453,17.815000534057617,17.325000762939453,17.670000076293945,13.095773696899414,27416200
2020-11-26,17.53499984741211,17.594999313354492,17.204999923706055,17.389999389648438,12.88825511932373,18337000
2020-11-27,17.44499969482422,17.655000686645508,17.25,17.30500030517578,12.825261116027832,19264400
2020-11-30,17.25,17.290000915527344,16.875,16.93000030517578,12.54733943939209,38819000
2020-12-01,17.264999389648438,17.684999465942383,17.170000076293945,17.395000457763672,12.891963958740234,38767600
2020-12-02,17.395000457763672,17.665000915527344,17.274999618530273,17.469999313354492,12.947548866271973,24585200
2020-12-03,17.4950008392334,17.940000534057617,17.440000534057617,17.6200008392334,13.058719635009766,43149800
2020-12-04,17.799999237060547,17.989999771118164,17.610000610351562,17.989999771118164,13.332935333251953,28255400
2020-12-07,17.905000686645508,18.635000228881836,17.80500030517578,18.075000762939453,13.395933151245117,47991600
2020-12-08,18.260000228881836,18.790000915527344,18.030000686645508,18.229999542236328,13.510807991027832,37948600
2020-12-09,18.309999465942383,18.450000762939453,17.969999313354492,17.979999542236328,13.325523376464844,25710600
2020-12-10,18.125,19.0,18.114999771118164,18.915000915527344,14.018481254577637,52704600
2020-12-11,18.700000762939453,19.364999771118164,18.584999084472656,19.2450008392334,14.263055801391602,49940400
2020-12-14,19.295000076293945,19.665000915527344,19.200000762939453,19.25,14.31025505065918,49645200
2020-12-15,19.25,19.75,19.25,19.4950008392334,14.492382049560547,30496600
2020-12-16,19.610000610351562,19.895000457763672,19.1200008392334,19.674999237060547,14.626194953918457,53018000
2020-12-17,19.684999465942383,19.885000228881836,19.454999923706055,19.69499969482422,14.641061782836914,23017400
2020-12-18,19.645000457763672,19.815000534057617,19.450000762939453,19.549999237060547,14.533269882202148,24947600
2020-12-21,19.05500030517578,19.239999771118164,18.834999084472656,18.895000457763672,14.046351432800293,37437200
2020-12-22,19.06999969482422,19.43000030517578,19.0,19.145000457763672,14.23220157623291,21540800
2020-12-23,19.28499984741211,19.59000015258789,19.135000228881836,19.459999084472656,14.466362953186035,18352600
2020-12-28,19.65999984741211,19.774999618530273,19.600000381469727,19.674999237060547,14.626194953918457,15154400
2020-12-29,19.75,19.799999237060547,19.475000381469727,19.559999465942383,14.540700912475586,14602800
2020-12-30,19.639999389648438,19.674999237060547,19.329999923706055,19.399999618530273,14.42176628112793,17188000
2021-01-04,19.614999771118164,19.645000457763672,18.75,18.795000076293945,13.97201156616211,27749200
2021-01-05,18.725000381469727,18.725000381469727,18.350000381469727,18.600000381469727,13.827048301696777,31908000
2021-01-06,18.764999389648438,19.364999771118164,18.690000534057617,19.024999618530273,14.142992973327637,41133400
2021-01-07,19.059999465942383,19.850000381469727,18.959999084472656,19.780000686645508,14.704252243041992,43757400
2021-01-08,19.924999237060547,20.280000686645508,19.645000457763672,19.895000457763672,14.789746284484863,32480600
2021-01-11,19.774999618530273,19.950000762939453,19.399999618530273,19.56999969482422,14.548137664794922,33761400
2021-01-12,19.829999923706055,19.895000457763672,19.44499969482422,19.75,14.681947708129883,31038000
2021-01-13,19.75,19.850000381469727,18.6200008392334,18.774999618530273,13.95714282989502,69732400
2021-01-14,18.8799991607666,19.075000762939453,18.420000076293945,18.729999542236328,13.92369556427002,79070400
2021-01-15,18.600000381469727,18.725000381469727,18.149999618530273,18.149999618530273,13.49252700805664,58294800
2021-01-18,18.329999923706055,18.514999389648438,17.905000686645508,17.96500015258789,13.354999542236328,47699600
2021-01-19,18.149999618530273,18.165000915527344,17.520000457763672,17.65999984741211,13.128267288208008,39025200
2021-01-20,17.7450008392334,17.790000915527344,17.2549991607666,17.264999389648438,12.834628105163574,45387200
2021-01-21,17.274999618530273,17.405000686645508,16.864999771118164,17.09000015258789,12.7045316696167,46607000
2021-01-22,16.809999465942383,16.90999984741211,16.6200008392334,16.844999313354492,12.522405624389648,40811400
2021-01-26,16.979999542236328,17.1200008392334,16.30500030517578,16.395000457763672,12.187877655029297,53844600
2021-01-27,16.364999771118164,17.014999389648438,16.260000228881836,16.875,12.544705390930176,50160400
2021-01-28,16.78499984741211,17.475000381469727,16.739999771118164,17.270000457763672,12.838342666625977,41864200
2021-01-29,17.049999237060547,17.334999084472656,16.825000762939453,16.93000030517578,12.585591316223145,34985600
2021-02-01,17.15999984741211,17.25,16.915000915527344,17.145000457763672,12.7454195022583,33525200
2021-02-02,17.3799991607666,17.549999237060547,16.920000076293945,17.030000686645508,12.659929275512695,39601800
2021-02-03,17.149999618530273,17.3700008392334,17.09000015258789,17.165000915527344,12.760290145874023,20946000
2021-02-04,17.299999237060547,17.360000610351562,17.010000228881836,17.094999313354492,12.708255767822266,20148400
2021-02-05,17.139999389648438,17.239999771118164,16.899999618530273,16.979999542236328,12.622756958007812,25487200
2021-02-08,16.969999313354492,17.125,16.799999237060547,16.934999465942383,12.58930778503418,23303200
2021-02-09,16.885000228881836,17.25,16.825000762939453,17.139999389648438,12.741698265075684,30614000
2021-02-10,17.139999389648438,17.239999771118164,16.875,16.905000686645508,12.567008018493652,28457600
2021-02-11,17.0,17.18000030517578,16.8799991607666,16.969999313354492,12.615324020385742,19888000
2021-02-12,16.8799991607666,17.06999969482422,16.600000381469727,16.875,12.544705390930176,35346000
2021-02-17,16.844999313354492,16.915000915527344,16.665000915527344,16.68000030517578,12.39974308013916,27143800
2021-02-18,16.68000030517578,16.815000534057617,16.514999389648438,16.6299991607666,12.362573623657227,34331400
2021-02-19,16.559999465942383,16.704999923706055,16.264999389648438,16.315000534057617,12.12840461730957,54815000
2021-02-22,14.75,14.930000305175781,14.279999732971191,14.414999961853027,10.715964317321777,204072200
2021-02-23,14.800000190734863,15.390000343322754,14.760000228881836,15.21500015258789,11.484301567077637,95536000
2021-02-24,15.375,15.4399995803833,14.885000228881836,15.154999732971191,11.43901252746582,41196000
2021-02-25,15.220000267028809,15.539999961853027,14.65999984741211,14.729999542236328,11.118223190307617,54625400
2021-02-26,14.805000305175781,14.920000076293945,13.954999923706055,14.024999618530273,10.58608627319336,93719600
2021-03-01,14.324999809265137,14.395000457763672,13.859999656677246,13.930000305175781,10.514379501342773,55568800
2021-03-02,13.725000381469727,14.694999694824219,13.510000228881836,14.46500015258789,10.918201446533203,72674600
2021-03-03,14.399999618530273,14.84000015258789,14.005000114440918,14.494999885559082,10.940844535827637,53904800
2021-03-04,14.604999542236328,15.234999656677246,14.550000190734863,15.020000457763672,11.337115287780762,47893000
2021-03-05,15.074999809265137,15.520000457763672,15.024999618530273,15.300000190734863,11.548460006713867,46278000
2021-03-08,14.994999885559082,15.385000228881836,14.53499984741211,14.600000381469727,11.020096778869629,49536400
2021-03-09,14.734999656677246,14.975000381469727,14.425000190734863,14.494999885559082,10.940844535827637,46114200
2021-03-10,14.59000015258789,14.954999923706055,14.329999923706055,14.949999809265137,11.284276962280273,41561200
2021-03-11,15.149999618530273,15.3100004196167,14.78499984741211,15.024999618530273,11.340888977050781,42769200
2021-03-12,14.899999618530273,15.0600004196167,14.829999923706055,15.0,11.377185821533203,24629400
2021-03-15,14.899999618530273,15.09000015258789,14.800000190734863,14.895000457763672,11.29754638671875,29175800
2021-03-16,14.944999694824219,14.960000038146973,14.630000114440918,14.9350004196167,11.327888488769531,37046600
2021-03-17,14.824999809265137,15.475000381469727,14.770000457763672,15.350000381469727,11.642654418945312,44209000
2021-03-18,15.354999542236328,15.704999923706055,15.204999923706055,15.220000267028809,11.544052124023438,43460800
2021-03-19,15.085000038146973,15.46500015258789,14.925000190734863,15.350000381469727,11.642654418945312,55346800
2021-03-22,15.260000228881836,15.524999618530273,15.114999771118164,15.395000457763672,11.676788330078125,24805400
2021-03-23,15.385000228881836,15.390000343322754,14.84000015258789,14.84000015258789,11.255831718444824,42922400
2021-03-24,14.9399995803833,15.145000457763672,14.550000190734863,14.569999694824219,11.051040649414062,36567800
2021-03-25,14.600000381469727,14.920000076293945,14.505000114440918,14.779999732971191,11.210319519042969,35524800
2021-03-26,14.800000190734863,14.960000038146973,14.604999542236328,14.829999923706055,11.248246192932129,29058800
2021-03-29,14.805000305175781,15.03499984741211,14.649999618530273,14.899999618530273,11.30134105682373,29090000
2021-03-30,14.819999694824219,15.390000343322754,14.805000305175781,15.359999656677246,11.650238990783691,34844000
2021-03-31,15.324999809265137,15.369999885559082,15.114999771118164,15.225000381469727,11.547846794128418,25287800
2021-04-01,15.385000228881836,15.399999618530273,14.949999809265137,14.975000381469727,11.358224868774414,26105200
2021-04-05,15.079999923706055,15.175000190734863,14.8100004196167,14.954999923706055,11.343053817749023,25271000
2021-04-06,14.989999771118164,15.050000190734863,14.725000381469727,14.774999618530273,11.206530570983887,28033600
2021-04-07,14.760000228881836,14.970000267028809,14.619999885559082,14.680000305175781,11.134472846984863,39545400
2021-04-08,14.760000228881836,14.795000076293945,14.5,14.555000305175781,11.039665222167969,36282400
2021-04-09,14.555000305175781,14.84000015258789,14.539999961853027,14.595000267028809,11.0700044631958,42761800
2021-04-12,14.725000381469727,14.774999618530273,14.614999771118164,14.774999618530273,11.206530570983887,19441800
2021-04-13,14.720000267028809,14.84000015258789,14.5649995803833,14.774999618530273,11.206530570983887,26578800
2021-04-14,14.8100004196167,14.930000305175781,14.654999732971191,14.800000190734863,11.22549057006836,39591600
2021-04-15,14.8149995803833,15.03499984741211,14.675000190734863,14.819999694824219,11.240659713745117,36495800
2021-04-16,14.795000076293945,14.925000190734863,14.75,14.885000228881836,11.289962768554688,25956600
2021-04-19,14.899999618530273,15.095000267028809,14.78499984741211,14.8100004196167,11.233076095581055,43004200
2021-04-20,14.8149995803833,15.229999542236328,14.8149995803833,15.050000190734863,11.415109634399414,47233800
2021-04-22,15.204999923706055,15.210000038146973,14.824999809265137,14.914999961853027,11.312718391418457,35732200
2021-04-23,14.954999923706055,15.145000457763672,14.914999961853027,15.03499984741211,11.403733253479004,28495400
2021-04-26,15.074999809265137,15.274999618530273,14.9399995803833,15.050000190734863,11.415109634399414,19695400
2021-04-27,15.029999732971191,15.050000190734863,14.829999923706055,14.885000228881836,11.289962768554688,25809600
2021-04-28,14.994999885559082,15.1850004196167,14.925000190734863,15.149999618530273,11.490959167480469,30427200
2021-04-29,15.149999618530273,15.260000228881836,14.78499984741211,14.819999694824219,11.240659713745117,29384800
2021-04-30,14.835000038146973,14.925000190734863,14.720000267028809,14.819999694824219,11.240659713745117,25312200
2021-05-03,14.90999984741211,15.015000343322754,14.774999618530273,14.875,11.282377243041992,20199000
2021-05-04,14.949999809265137,14.984999656677246,14.595000267028809,14.6850004196167,11.138264656066895,24475400
2021-05-05,14.789999961853027,14.789999961853027,14.404999732971191,14.630000114440918,11.096549987792969,32421800
2021-05-06,14.614999771118164,14.71500015258789,14.475000381469727,14.604999542236328,11.077587127685547,31321000
2021-05-07,15.0,15.239999771118164,14.880000114440918,14.970000267028809,11.3544340133667,53601600
2021-05-10,15.020000457763672,15.279999732971191,14.949999809265137,15.164999961853027,11.502335548400879,29152800
2021-05-11,15.050000190734863,15.274999618530273,15.015000343322754,15.274999618530273,11.585768699645996,22437600
2021-05-12,15.175000190734863,15.414999961853027,15.09000015258789,15.175000190734863,11.509922981262207,27599800
2021-05-13,15.25,15.675000190734863,15.199999809265137,15.579999923706055,11.817108154296875,44067800
2021-05-14,15.800000190734863,15.864999771118164,15.479999542236328,15.579999923706055,11.817108154296875,24169000
2021-05-17,15.670000076293945,15.930000305175781,15.569999694824219,15.854999542236328,12.025687217712402,25101000
2021-05-18,15.854999542236328,16.184999465942383,15.854999542236328,16.075000762939453,12.192551612854004,29673200
2021-05-19,15.899999618530273,16.399999618530273,15.765000343322754,16.350000381469727,12.40113639831543,29905600
2021-05-20,16.375,16.5,16.280000686645508,16.399999618530273,12.439056396484375,34823400
2021-05-21,16.5,16.610000610351562,16.350000381469727,16.540000915527344,12.545246124267578,29453600
2021-05-24,16.469999313354492,16.514999389648438,16.389999389648438,16.440000534057617,12.627603530883789,22198400
2021-05-25,16.469999313354492,16.510000228881836,16.104999542236328,16.219999313354492,12.458619117736816,19141000
2021-05-26,16.295000076293945,16.545000076293945,16.1299991607666,16.489999771118164,12.666008949279785,32237400
2021-05-27,16.469999313354492,16.799999237060547,16.344999313354492,16.71500015258789,12.838833808898926,35845600
2021-05-28,16.674999237060547,16.829999923706055,16.600000381469727,16.770000457763672,12.881078720092773,18165200
2021-05-31,16.7549991607666,16.899999618530273,16.674999237060547,16.7450008392334,12.861876487731934,13159000
2021-06-01,16.899999618530273,17.010000228881836,16.75,16.989999771118164,13.050060272216797,21480400
2021-06-02,16.9950008392334,17.684999465942383,16.979999542236328,17.600000381469727,13.518600463867188,52695800
2021-06-04,17.5,17.920000076293945,17.46500015258789,17.875,13.72983169555664,27855000
2021-06-07,17.885000228881836,18.375,17.75,18.260000228881836,14.025553703308105,43566400
2021-06-08,18.200000762939453,18.334999084472656,17.885000228881836,18.149999618530273,13.941055297851562,41678000
2021-06-09,18.100000381469727,18.18000030517578,17.489999771118164,17.799999237060547,13.672220230102539,42585400
2021-06-10,17.924999237060547,18.09000015258789,17.75,17.75,13.633817672729492,23587200
2021-06-11,17.799999237060547,17.799999237060547,17.520000457763672,17.700000762939453,13.595415115356445,18991400
2021-06-14,17.844999313354492,17.920000076293945,17.670000076293945,17.809999465942383,13.745338439941406,18890200
2021-06-15,17.905000686645508,17.905000686645508,17.524999618530273,17.75,13.699030876159668,20392600
2021-06-16,17.799999237060547,18.065000534057617,17.700000762939453,17.875,13.795502662658691,31462400
2021-06-17,17.915000915527344,18.110000610351562,17.395000457763672,17.450000762939453,13.467497825622559,37774200
2021-06-18,17.459999084472656,17.514999389648438,17.1200008392334,17.424999237060547,13.448204040527344,35907200
2021-06-21,17.3799991607666,17.475000381469727,17.21500015258789,17.290000915527344,13.344014167785645,20113800
2021-06-22,17.315000534057617,17.360000610351562,16.774999618530273,16.924999237060547,13.0623140335083,37191000
2021-06-23,16.94499969482422,17.174999237060547,16.850000381469727,16.924999237060547,13.0623140335083,21822400
2021-06-24,17.075000762939453,17.110000610351562,16.905000686645508,16.959999084472656,13.089327812194824,14805200
2021-06-25,17.040000915527344,17.084999084472656,16.405000686645508,16.450000762939453,12.695721626281738,25363200
2021-06-28,16.46500015258789,16.59000015258789,16.135000228881836,16.325000762939453,12.599249839782715,32851400
2021-06-29,16.350000381469727,16.385000228881836,16.110000610351562,16.21500015258789,12.514354705810547,20347400
2021-06-30,16.184999465942383,16.260000228881836,16.024999618530273,16.065000534057617,12.398590087890625,18033400
2021-07-01,16.110000610351562,16.174999237060547,15.854999542236328,15.895000457763672,12.267386436462402,20781400
2021-07-02,15.975000381469727,16.219999313354492,15.920000076293945,16.06999969482422,12.402447700500488,15805800
2021-07-05,16.0049991607666,16.05500030517578,15.90999984741211,15.970000267028809,12.325271606445312,11764400
2021-07-06,15.899999618530273,15.920000076293945,15.65999984741211,15.729999542236328,12.140044212341309,16258400
2021-07-07,15.864999771118164,15.970000267028809,15.640000343322754,15.9399995803833,12.302116394042969,15518200
2021-07-08,15.604999542236328,15.930000305175781,15.53499984741211,15.895000457763672,12.267386436462402,34024400
2021-07-12,16.010000228881836,16.325000762939453,15.989999771118164,16.299999237060547,12.579955101013184,17936000
2021-07-13,16.204999923706055,16.299999237060547,16.05500030517578,16.229999542236328,12.525930404663086,15393000
2021-07-14,16.395000457763672,16.709999084472656,16.229999542236328,16.34000015258789,12.610823631286621,32931200
2021-07-15,16.260000228881836,16.405000686645508,15.979999542236328,16.09000015258789,12.417882919311523,18692400
2021-07-16,16.149999618530273,16.264999389648438,15.859999656677246,15.895000457763672,12.267386436462402,16104600
2021-07-19,15.699999809265137,15.845000267028809,15.654999732971191,15.774999618530273,12.174772262573242,14064600
2021-07-20,15.800000190734863,16.09000015258789,15.649999618530273,16.05500030517578,12.390869140625,15092400
2021-07-21,16.010000228881836,16.31999969482422,16.010000228881836,16.21500015258789,12.514354705810547,19714000
2021-07-22,16.190000534057617,16.274999618530273,15.9399995803833,15.975000381469727,12.329127311706543,13675600
2021-07-23,15.994999885559082,16.104999542236328,15.8100004196167,15.890000343322754,12.263526916503906,10730800
2021-07-26,15.869999885559082,16.15999984741211,15.869999885559082,16.135000228881836,12.452610969543457,12075600
2021-07-27,16.024999618530273,16.28499984741211,16.0049991607666,16.209999084472656,12.51049518585205,14935000
2021-07-28,16.28499984741211,16.450000762939453,16.200000762939453,16.450000762939453,12.695721626281738,18250800
2021-07-29,16.450000762939453,16.46500015258789,16.110000610351562,16.190000534057617,12.495059967041016,15226200
2021-07-30,16.024999618530273,16.274999618530273,15.725000381469727,15.8149995803833,12.205644607543945,26820400
2021-08-02,15.989999771118164,16.395000457763672,15.975000381469727,16.030000686645508,12.371575355529785,23384600
2021-08-03,16.114999771118164,16.165000915527344,15.710000038146973,15.9399995803833,12.302116394042969,16356000
2021-08-04,15.880000114440918,15.925000190734863,15.574999809265137,15.704999923706055,12.120748519897461,17454200
2021-08-05,16.024999618530273,16.274999618530273,15.40999984741211,15.425000190734863,11.90464973449707,38815000
2021-08-06,15.53499984741211,15.949999809265137,15.449999809265137,15.895000457763672,12.267386436462402,23521600
2021-08-09,15.880000114440918,16.125,15.75,15.75,12.155478477478027,20401000
2021-08-10,15.795000076293945,16.040000915527344,15.350000381469727,15.350000381469727,11.84676742553711,45841200
2021-08-11,15.414999961853027,15.420000076293945,15.114999771118164,15.199999809265137,11.731001853942871,45073400
2021-08-12,15.21500015258789,15.270000457763672,14.800000190734863,14.869999885559082,11.476313591003418,43326800
2021-08-13,14.954999923706055,15.015000343322754,14.595000267028809,14.75,11.38370132446289,50579000
2021-08-16,14.739999771118164,15.024999618530273,14.680000305175781,14.725000381469727,11.364408493041992,32244400
2021-08-17,14.760000228881836,14.845000267028809,14.5,14.664999961853027,11.318100929260254,32961000
2021-08-18,14.704999923706055,15.045000076293945,14.635000228881836,14.734999656677246,11.372124671936035,32465800
2021-08-19,14.614999771118164,14.954999923706055,14.5600004196167,14.835000038146973,11.449302673339844,24213600
2021-08-20,14.739999771118164,14.925000190734863,14.670000076293945,14.854999542236328,11.464737892150879,20974400
2021-08-23,14.869999885559082,15.050000190734863,14.824999809265137,14.989999771118164,11.568927764892578,37757000
2021-08-24,15.170000076293945,15.380000114440918,15.0600004196167,15.300000190734863,11.946971893310547,31057600
2021-08-25,15.234999656677246,15.255000114440918,15.0649995803833,15.25,11.907928466796875,16490000
2021-08-26,15.15999984741211,15.295000076293945,15.015000343322754,15.03499984741211,11.7400484085083,15668000
2021-08-27,15.154999732971191,15.300000190734863,15.0,15.265000343322754,11.91964340209961,12122600
2021-08-30,15.239999771118164,15.295000076293945,15.069999694824219,15.119999885559082,11.806419372558594,13065600
2021-08-31,15.149999618530273,15.449999809265137,15.119999885559082,15.21500015258789,11.880599021911621,27641400
2021-09-01,15.260000228881836,15.40999984741211,15.1899995803833,15.229999542236328,11.892313003540039,13138200
2021-09-02,15.149999618530273,15.225000381469727,14.5600004196167,14.600000381469727,11.400378227233887,29610200
2021-09-03,14.694999694824219,14.760000228881836,14.385000228881836,14.5649995803833,11.373046875,28068800
2021-09-06,14.5600004196167,14.84000015258789,14.5,14.824999809265137,11.576067924499512,11824000
2021-09-08,14.670000076293945,14.6899995803833,14.15999984741211,14.199999809265137,11.08803939819336,26706800
2021-09-09,14.274999618530273,14.649999618530273,14.079999923706055,14.449999809265137,11.28325080871582,27122600
2021-09-10,14.744999885559082,14.949999809265137,14.494999885559082,14.494999885559082,11.318387031555176,34482800
2021-09-13,14.859999656677246,14.979999542236328,14.699999809265137,14.8149995803833,11.568258285522461,20121200
2021-09-14,14.71500015258789,14.84000015258789,14.545000076293945,14.614999771118164,11.483688354492188,16357000
2021-09-15,14.630000114440918,14.640000343322754,14.460000038146973,14.5,11.393328666687012,16628800
2021-09-16,14.46500015258789,14.8100004196167,14.414999961853027,14.734999656677246,11.577980041503906,30809000
2021-09-17,14.625,14.770000457763672,14.470000267028809,14.470000267028809,11.369756698608398,37796400
2021-09-20,14.15999984741211,14.28499984741211,13.869999885559082,14.0,11.000457763671875,31646200
2021-09-21,14.239999771118164,14.380000114440918,14.050000190734863,14.354999542236328,11.279397010803223,27290800
2021-09-22,14.5,14.899999618530273,14.449999809265137,14.6899995803833,11.542621612548828,49030800
2021-09-23,14.755000114440918,14.869999885559082,14.635000228881836,14.725000381469727,11.570121765136719,32272200
2021-09-24,14.635000228881836,14.774999618530273,14.585000038146973,14.609999656677246,11.479761123657227,24134400
2021-09-27,14.630000114440918,15.104999542236328,14.585000038146973,14.9350004196167,11.735130310058594,37552400
2021-09-28,14.805000305175781,15.100000381469727,14.524999618530273,14.630000114440918,11.495476722717285,31860200
2021-09-29,14.760000228881836,14.84000015258789,14.625,14.710000038146973,11.55833625793457,23874000
2021-09-30,14.800000190734863,14.800000190734863,14.449999809265137,14.449999809265137,11.354042053222656,23068800
2021-10-01,14.515000343322754,14.795000076293945,14.449999809265137,14.774999618530273,11.60940933227539,18931200
2021-10-04,14.755000114440918,14.770000457763672,14.460000038146973,14.600000381469727,11.471904754638672,19529200
2021-10-05,14.649999618530273,15.390000343322754,14.595000267028809,15.295000076293945,12.017997741699219,58411600
2021-10-06,15.074999809265137,15.369999885559082,14.914999961853027,15.319999694824219,12.037640571594238,31716600
2021-10-07,15.364999771118164,15.539999961853027,15.09000015258789,15.15999984741211,11.911924362182617,23374400
2021-10-08,15.25,15.614999771118164,15.239999771118164,15.479999542236328,12.163360595703125,26906200
2021-10-11,15.529999732971191,15.59000015258789,15.295000076293945,15.359999656677246,12.069071769714355,15460000
2021-10-13,15.359999656677246,15.484999656677246,15.170000076293945,15.380000114440918,12.084786415100098,20400800
2021-10-14,15.489999771118164,15.569999694824219,15.274999618530273,15.305000305175781,12.025854110717773,21292800
2021-10-15,15.404999732971191,15.899999618530273,15.300000190734863,15.789999961853027,12.406941413879395,28465800
2021-10-18,15.625,16.184999465942383,15.569999694824219,16.104999542236328,12.654452323913574,29963800
2021-10-19,15.9350004196167,15.9350004196167,15.270000457763672,15.3149995803833,12.033711433410645,45746800
2021-10-20,15.5,15.770000457763672,15.274999618530273,15.600000381469727,12.257648468017578,25801000
2021-10-21,15.25,15.479999542236328,14.675000190734863,14.90999984741211,11.715485572814941,51418400
2021-10-22,14.819999694824219,14.819999694824219,13.954999923706055,14.454999923706055,11.357972145080566,65578200
2021-10-25,14.53499984741211,14.895000457763672,14.53499984741211,14.755000114440918,11.593695640563965,22095800
2021-10-26,14.645000457763672,14.770000457763672,14.475000381469727,14.600000381469727,11.471904754638672,22256000
2021-10-27,14.640000343322754,14.949999809265137,14.585000038146973,14.585000038146973,11.46011734008789,15202400
2021-10-28,14.625,14.645000457763672,14.319999694824219,14.454999923706055,11.357972145080566,18392400
2021-10-29,14.585000038146973,14.585000038146973,14.194999694824219,14.25,11.196892738342285,22352000
2021-11-01,14.479999542236328,14.795000076293945,14.40999984741211,14.574999809265137,11.45226001739502,17584200
2021-11-03,14.524999618530273,14.920000076293945,14.460000038146973,14.670000076293945,11.526907920837402,22166400
2021-11-04,14.694999694824219,14.760000228881836,14.234999656677246,14.324999809265137,11.255823135375977,22132200
2021-11-05,14.5,14.78499984741211,14.4399995803833,14.645000457763672,11.50726318359375,15278200
2021-11-08,14.5,14.829999923706055,14.460000038146973,14.739999771118164,11.5819091796875,15958800
2021-11-09,15.199999809265137,15.3100004196167,14.720000267028809,14.720000267028809,11.566194534301758,41557200
2021-11-10,14.760000228881836,15.53499984741211,14.75,15.395000457763672,12.096572875976562,40790400
2021-11-11,15.550000190734863,15.5649995803833,15.100000381469727,15.100000381469727,11.864776611328125,42865600
2021-11-12,15.154999732971191,15.34000015258789,14.984999656677246,15.074999809265137,11.845133781433105,17486800
2021-11-16,15.140000343322754,15.225000381469727,14.765000343322754,14.864999771118164,11.68012809753418,17540200
2021-11-17,14.880000114440918,15.050000190734863,14.645000457763672,14.654999732971191,11.515120506286621,27624000
2021-11-18,14.6850004196167,14.725000381469727,14.449999809265137,14.545000076293945,11.42868709564209,38862200
2021-11-19,14.574999809265137,14.654999732971191,14.454999923706055,14.524999618530273,11.412971496582031,37276400
2021-11-22,14.625,14.765000343322754,14.40999984741211,14.444999694824219,11.350114822387695,31387400
2021-11-23,14.4399995803833,14.885000228881836,14.149999618530273,14.845000267028809,11.824666976928711,32655800
2021-11-24,14.699999809265137,15.175000190734863,14.654999732971191,15.119999885559082,12.043715476989746,27828200
2021-11-25,15.1850004196167,15.904999732971191,15.149999618530273,15.904999732971191,12.669000625610352,49416600
2021-11-26,15.375,15.614999771118164,15.274999618530273,15.380000114440918,12.250815391540527,26635000
2021-11-29,15.59000015258789,15.819999694824219,15.404999732971191,15.404999732971191,12.270733833312988,23346400
2021-11-30,15.354999542236328,15.920000076293945,15.109999656677246,15.920000076293945,12.680948257446289,65184800
2021-12-01,16.25,16.399999618530273,15.649999618530273,15.649999618530273,12.46588134765625,51792200
2021-12-02,15.845000267028809,16.200000762939453,15.819999694824219,16.079999923706055,12.808396339416504,35298200
2021-12-03,16.104999542236328,16.329999923706055,15.914999961853027,16.100000381469727,12.824324607849121,34640600
2021-12-06,16.364999771118164,16.799999237060547,16.309999465942383,16.53499984741211,13.17082405090332,42535800
2021-12-07,16.799999237060547,16.799999237060547,16.239999771118164,16.299999237060547,12.983633995056152,25386200
2021-12-08,16.389999389648438,16.475000381469727,16.149999618530273,16.375,13.043375015258789,20586600
2021-12-09,16.399999618530273,16.459999084472656,15.9399995803833,16.010000228881836,12.752636909484863,19433200
2021-12-10,16.1299991607666,16.434999465942383,16.010000228881836,16.25,12.943809509277344,16587600
2021-12-13,16.25,16.53499984741211,16.114999771118164,16.114999771118164,12.836276054382324,24086800
2021-12-14,16.239999771118164,16.459999084472656,15.949999809265137,16.030000686645508,12.838274955749512,29018600
2021-12-15,16.104999542236328,16.114999771118164,15.369999885559082,15.755000114440918,12.61802864074707,44818600
2021-12-16,15.854999542236328,16.06999969482422,15.545000076293945,15.704999923706055,12.577984809875488,31537600
2021-12-17,15.5600004196167,15.65999984741211,15.074999809265137,15.164999961853027,12.145503997802734,45895200
2021-12-20,14.984999656677246,14.984999656677246,14.619999885559082,14.710000038146973,11.781098365783691,42582800
2021-12-21,14.875,15.050000190734863,14.75,14.75,11.813135147094727,23533800
2021-12-22,14.800000190734863,14.824999809265137,14.579999923706055,14.664999961853027,11.745059967041016,24956400
2021-12-23,14.649999618530273,14.739999771118164,14.579999923706055,14.609999656677246,11.701009750366211,14675600
2021-12-27,14.625,14.744999885559082,14.600000381469727,14.640000343322754,11.72503662109375,11492400
2021-12-28,14.670000076293945,14.694999694824219,14.505000114440918,14.555000305175781,11.656962394714355,17281400
2021-12-29,14.59000015258789,14.654999732971191,14.470000267028809,14.479999542236328,11.596893310546875,15332800
2021-12-30,14.5649995803833,14.595000267028809,14.385000228881836,14.425000190734863,11.552845001220703,25165600
2022-01-03,14.5649995803833,14.880000114440918,14.399999618530273,14.40999984741211,11.54083251953125,32338600
2022-01-04,14.5600004196167,14.574999809265137,14.3100004196167,14.425000190734863,11.552845001220703,23429600
2022-01-05,14.40999984741211,14.489999771118164,14.100000381469727,14.1850004196167,11.360630989074707,26325600
2022-01-06,14.210000038146973,14.430000305175781,14.100000381469727,14.300000190734863,11.452733993530273,20271000
2022-01-07,14.305000305175781,14.40999984741211,14.199999809265137,14.3149995803833,11.464747428894043,16377400
2022-01-10,14.270000457763672,14.545000076293945,14.225000381469727,14.390000343322754,11.524812698364258,18347400
2022-01-11,14.359999656677246,14.510000228881836,14.34000015258789,14.449999809265137,11.572868347167969,25298400
2022-01-12,14.460000038146973,14.680000305175781,14.425000190734863,14.59000015258789,11.684992790222168,28332200
2022-01-13,14.529999732971191,15.010000228881836,14.529999732971191,14.824999809265137,11.873199462890625,34316200
2022-01-14,14.850000381469727,15.335000038146973,14.850000381469727,15.204999923706055,12.177539825439453,34041800
2022-01-17,15.225000381469727,15.345000267028809,15.024999618530273,15.234999656677246,12.20156478881836,18899600
2022-01-18,15.154999732971191,15.470000267028809,15.114999771118164,15.369999885559082,12.309687614440918,24899800
2022-01-19,15.479999542236328,15.645000457763672,15.354999542236328,15.505000114440918,12.417803764343262,26745600
2022-01-20,15.555000305175781,15.75,15.5,15.600000381469727,12.493891716003418,22722000
2022-01-21,15.574999809265137,15.770000457763672,15.444999694824219,15.600000381469727,12.493891716003418,28721400
2022-01-24,15.5649995803833,15.875,15.475000381469727,15.675000190734863,12.553958892822266,31500600
2022-01-25,15.619999885559082,16.19499969482422,15.539999961853027,16.079999923706055,12.878318786621094,33262000
2022-01-26,16.155000686645508,16.315000534057617,15.84000015258789,15.925000190734863,12.754180908203125,39544600
2022-01-27,15.994999885559082,16.354999542236328,15.975000381469727,16.145000457763672,12.930376052856445,30914000
2022-01-28,16.145000457763672,16.295000076293945,16.010000228881836,16.2450008392334,13.010466575622559,29160000
2022-01-31,16.219999313354492,16.469999313354492,16.135000228881836,16.329999923706055,13.078539848327637,22021200
2022-02-01,16.399999618530273,16.415000915527344,16.174999237060547,16.30500030517578,13.05851936340332,16596200
2022-02-02,16.260000228881836,16.299999237060547,15.885000228881836,16.03499984741211,12.842278480529785,23883800
2022-02-03,16.040000915527344,16.290000915527344,16.010000228881836,16.145000457763672,12.930376052856445,23502600
2022-02-04,16.100000381469727,16.204999923706055,16.0049991607666,16.114999771118164,12.906350135803223,14768400
2022-02-07,16.065000534057617,16.190000534057617,15.920000076293945,15.930000305175781,12.758185386657715,17111400
2022-02-08,15.90999984741211,16.184999465942383,15.744999885559082,16.100000381469727,12.894335746765137,23846800
2022-02-09,16.049999237060547,16.2549991607666,15.850000381469727,15.960000038146973,12.782212257385254,32754200
2022-02-10,16.0,16.31999969482422,15.930000305175781,16.135000228881836,12.92236614227295,28688600
2022-02-11,16.229999542236328,16.795000076293945,16.219999313354492,16.700000762939453,13.374869346618652,64663600
2022-02-14,16.700000762939453,16.8700008392334,16.559999465942383,16.770000457763672,13.430931091308594,32971000
2022-02-15,17.75,17.850000381469727,17.469999313354492,17.565000534057617,14.067643165588379,98196600
2022-02-16,17.59000015258789,17.895000457763672,17.55500030517578,17.665000915527344,14.147733688354492,35496200
2022-02-17,17.655000686645508,17.864999771118164,17.584999084472656,17.665000915527344,14.147733688354492,28766200
2022-02-18,17.704999923706055,18.114999771118164,17.690000534057617,18.024999618530273,14.436046600341797,42354200
2022-02-21,18.06999969482422,18.114999771118164,17.485000610351562,17.639999389648438,14.127706527709961,24108800
2022-02-22,17.700000762939453,18.05500030517578,17.684999465942383,17.80500030517578,14.259854316711426,59700800
2022-02-23,17.899999618530273,18.059999465942383,17.80500030517578,17.895000457763672,14.331934928894043,26680600
2022-02-24,17.315000534057617,17.549999237060547,17.045000076293945,17.325000762939453,13.875425338745117,46761400
2022-02-25,17.354999542236328,17.604999542236328,17.264999389648438,17.604999542236328,14.099677085876465,34731400
2022-03-02,17.549999237060547,17.899999618530273,17.46500015258789,17.799999237060547,14.255847930908203,25371800
2022-03-03,17.424999237060547,17.614999771118164,17.280000686645508,17.385000228881836,14.25743293762207,25667200
2022-03-04,17.315000534057617,17.385000228881836,16.764999389648438,16.950000762939453,13.900690078735352,31877600
2022-03-07,16.760000228881836,16.885000228881836,16.149999618530273,16.225000381469727,13.30611801147461,30754600
2022-03-08,16.329999923706055,16.4950008392334,16.184999465942383,16.350000381469727,13.408628463745117,17963600
2022-03-09,16.55500030517578,17.30500030517578,16.530000686645508,17.274999618530273,14.167219161987305,55673000
2022-03-10,17.15999984741211,17.2549991607666,16.774999618530273,17.049999237060547,13.982697486877441,21721800
2022-03-11,17.1299991607666,17.350000381469727,16.6200008392334,16.709999084472656,13.703864097595215,24482400
2022-03-14,16.780000686645508,17.174999237060547,16.760000228881836,16.815000534057617,13.789977073669434,21501000
2022-03-15,16.704999923706055,16.725000381469727,16.3799991607666,16.520000457763672,13.63343334197998,20883800
2022-03-16,16.600000381469727,16.739999771118164,16.295000076293945,16.739999771118164,13.814988136291504,23502600
2022-03-17,16.729999542236328,16.9950008392334,16.55500030517578,16.895000457763672,13.94290828704834,21021400
2022-03-18,16.969999313354492,17.014999389648438,16.760000228881836,16.860000610351562,13.914022445678711,28675400
2022-03-21,16.899999618530273,17.274999618530273,16.829999923706055,17.204999923706055,14.19874382019043,18357400
2022-03-22,17.299999237060547,17.674999237060547,17.299999237060547,17.549999237060547,14.48345947265625,23499800
2022-03-23,17.5,17.600000381469727,17.344999313354492,17.459999084472656,14.409183502197266,16116200
2022-03-24,17.489999771118164,17.834999084472656,17.440000534057617,17.65999984741211,14.574238777160645,16706200
2022-03-25,17.674999237060547,17.860000610351562,17.53499984741211,17.649999618530273,14.565984725952148,15335400
2022-03-28,17.71500015258789,17.78499984741211,17.399999618530273,17.479999542236328,14.425690650939941,13350400
2022-03-29,17.700000762939453,17.780000686645508,17.3799991607666,17.55500030517578,14.487584114074707,18239600
2022-03-30,17.545000076293945,17.545000076293945,17.264999389648438,17.450000762939453,14.400930404663086,13437000
2022-03-31,17.389999389648438,17.774999618530273,17.219999313354492,17.350000381469727,14.318405151367188,45229200
2022-04-01,17.475000381469727,17.540000915527344,17.155000686645508,17.34000015258789,14.310152053833008,52307800
2022-04-04,17.239999771118164,17.28499984741211,16.959999084472656,17.18000030517578,14.178110122680664,19774800
2022-04-05,17.135000228881836,17.165000915527344,16.68000030517578,16.725000381469727,13.8026123046875,29155400
2022-04-06,16.725000381469727,16.875,16.56999969482422,16.809999465942383,13.872760772705078,26493400
2022-04-07,16.65999984741211,17.295000076293945,16.655000686645508,17.1200008392334,14.128594398498535,30086000
2022-04-08,17.040000915527344,17.4950008392334,17.014999389648438,17.424999237060547,14.380300521850586,26147800
2022-04-11,17.325000762939453,17.6200008392334,17.200000762939453,17.53499984741211,14.471080780029297,20869200
2022-04-12,17.604999542236328,17.7450008392334,17.43000030517578,17.5,14.4421968460083,24837400
2022-04-13,17.704999923706055,17.725000381469727,17.450000762939453,17.584999084472656,14.512344360351562,25615800
2022-04-14,17.545000076293945,17.770000457763672,17.53499984741211,17.600000381469727,14.524724006652832,21384200
2022-04-18,17.594999313354492,18.25,17.559999465942383,18.25,15.061144828796387,45145200
2022-04-19,18.190000534057617,18.34000015258789,17.524999618530273,17.604999542236328,14.528851509094238,35773000
2022-04-20,17.6200008392334,17.635000228881836,17.405000686645508,17.579999923706055,14.508217811584473,22592400
2022-04-22,17.364999771118164,17.385000228881836,17.075000762939453,17.21500015258789,14.206995964050293,21846800
2022-04-25,17.125,17.475000381469727,16.985000610351562,17.350000381469727,14.318405151367188,22644800
2022-04-26,17.200000762939453,17.280000686645508,16.75,16.959999084472656,13.996548652648926,27945400
2022-04-27,17.174999237060547,17.399999618530273,16.950000762939453,17.03499984741211,14.058444023132324,19436600
2022-04-28,17.084999084472656,17.200000762939453,16.790000915527344,17.0049991607666,14.033687591552734,19950800
2022-04-29,17.100000381469727,17.34000015258789,16.549999237060547,16.610000610351562,13.707707405090332,34448000
2022-05-02,16.635000228881836,16.78499984741211,16.264999389648438,16.489999771118164,13.608675956726074,21440400
2022-05-03,16.489999771118164,16.985000610351562,16.454999923706055,16.829999923706055,13.88926887512207,25805000
2022-05-04,16.770000457763672,17.389999389648438,16.600000381469727,17.31999969482422,14.293646812438965,26092000
2022-05-05,17.18000030517578,17.200000762939453,16.5,16.8700008392334,13.92227840423584,28301400
2022-05-06,16.834999084472656,17.325000762939453,16.655000686645508,16.924999237060547,13.967665672302246,27666800
2022-05-09,16.684999465942383,17.139999389648438,16.655000686645508,16.969999313354492,14.004800796508789,20204000
2022-05-10,17.079999923706055,17.1299991607666,16.655000686645508,16.774999618530273,13.84387493133545,18495200
2022-05-11,16.764999389648438,17.299999237060547,16.665000915527344,17.145000457763672,14.149225234985352,27256600
2022-05-12,17.399999618530273,17.674999237060547,17.270000457763672,17.579999923706055,14.508217811584473,49017800
2022-05-13,17.704999923706055,17.725000381469727,17.424999237060547,17.55500030517578,14.487584114074707,71424800
2022-05-16,17.55500030517578,17.55500030517578,17.55500030517578,17.55500030517578,14.487584114074707,0
2022-05-17,18.079999923706055,18.25,18.049999237060547,18.21500015258789,15.03226375579834,44380000
2022-05-18,18.200000762939453,18.440000534057617,17.864999771118164,17.954999923706055,14.817688941955566,24974400
2022-05-19,17.950000762939453,18.079999923706055,17.725000381469727,17.850000381469727,14.731038093566895,18866200
2022-05-20,18.135000228881836,18.510000228881836,18.059999465942383,18.5,15.267467498779297,51585000
2022-05-23,18.655000686645508,19.299999237060547,18.6299991607666,19.280000686645508,15.911171913146973,50806000
2022-05-24,18.799999237060547,19.020000457763672,18.514999389648438,18.899999618530273,15.809835433959961,47841000
2022-05-25,18.764999389648438,18.899999618530273,18.399999618530273,18.78499984741211,15.713645935058594,34721600
2022-05-26,18.704999923706055,19.03499984741211,18.665000915527344,18.729999542236328,15.667633056640625,25567800
2022-05-27,18.68000030517578,18.68000030517578,18.364999771118164,18.524999618530273,15.496152877807617,26784000
2022-05-30,18.600000381469727,18.600000381469727,17.625,18.03499984741211,15.08626937866211,51416200
2022-05-31,18.06999969482422,18.575000762939453,18.0,18.309999465942383,15.31630802154541,67388800
2022-06-01,18.5,18.5,18.024999618530273,18.344999313354492,15.345580101013184,26949600
2022-06-02,18.454999923706055,18.545000076293945,18.225000381469727,18.360000610351562,15.358133316040039,19103200
2022-06-03,18.30500030517578,18.309999465942383,17.985000610351562,18.104999542236328,15.14482307434082,17798400
2022-06-06,18.1299991607666,18.290000915527344,17.850000381469727,17.8799991607666,14.956611633300781,16750000
2022-06-07,17.799999237060547,17.93000030517578,17.68000030517578,17.7549991607666,14.852048873901367,15000600
2022-06-08,17.6200008392334,17.7549991607666,17.46500015258789,17.594999313354492,14.718207359313965,16033600
2022-06-09,17.524999618530273,17.795000076293945,17.459999084472656,17.56999969482422,14.697297096252441,21941200
2022-06-10,17.44499969482422,17.684999465942383,17.135000228881836,17.274999618530273,14.450529098510742,67795400
2022-06-13,17.05500030517578,17.219999313354492,16.75,16.8799991607666,14.12011432647705,28855400
2022-06-14,16.834999084472656,17.014999389648438,16.670000076293945,16.760000228881836,14.124445915222168,26059000
2022-06-15,16.920000076293945,17.2450008392334,16.834999084472656,17.024999618530273,14.347774505615234,27449200
2022-06-17,16.875,17.18000030517578,16.604999542236328,17.065000534057617,14.381485939025879,58546600
2022-06-20,17.104999542236328,17.46500015258789,16.78499984741211,17.19499969482422,14.49104118347168,28503600
2022-06-21,17.350000381469727,17.420000076293945,16.399999618530273,16.489999771118164,13.896903038024902,51527600
2022-06-22,16.399999618530273,16.684999465942383,16.225000381469727,16.43000030517578,13.846342086791992,49448000
2022-06-23,16.454999923706055,16.475000381469727,16.1200008392334,16.325000762939453,13.757852554321289,30994000
2022-06-24,16.434999465942383,16.489999771118164,16.049999237060547,16.229999542236328,13.677790641784668,18258200
2022-06-27,16.229999542236328,16.594999313354492,16.184999465942383,16.565000534057617,13.960110664367676,18872000
2022-06-28,16.700000762939453,16.954999923706055,16.440000534057617,16.625,14.010675430297852,24111000
2022-06-29,16.614999771118164,16.790000915527344,16.459999084472656,16.540000915527344,13.939043045043945,16232200
2022-06-30,16.325000762939453,16.790000915527344,16.1200008392334,16.690000534057617,14.065455436706543,36974000
2022-07-01,16.524999618530273,16.670000076293945,16.399999618530273,16.575000762939453,13.968537330627441,16754000
2022-07-04,16.55500030517578,16.614999771118164,16.399999618530273,16.520000457763672,13.922187805175781,10339200
2022-07-05,16.434999465942383,16.510000228881836,16.170000076293945,16.43000030517578,13.846342086791992,17375800
2022-07-06,16.34000015258789,16.540000915527344,16.100000381469727,16.325000762939453,13.757852554321289,21683600
2022-07-07,16.475000381469727,16.69499969482422,16.475000381469727,16.565000534057617,13.960110664367676,19425200
2022-07-08,16.584999084472656,16.81999969482422,16.530000686645508,16.725000381469727,14.094950675964355,17998200
2022-07-11,16.565000534057617,16.655000686645508,16.375,16.450000762939453,13.86319351196289,14107400
2022-07-12,16.4950008392334,16.559999465942383,16.219999313354492,16.5049991607666,13.909543991088867,14764600
2022-07-13,16.399999618530273,16.545000076293945,16.2549991607666,16.325000762939453,13.757852554321289,25347000
2022-07-14,16.25,16.344999313354492,15.960000038146973,16.30500030517578,13.740998268127441,24568600
2022-07-15,16.299999237060547,16.80500030517578,16.110000610351562,16.639999389648438,14.0233154296875,24545600
2022-07-18,16.75,17.03499984741211,16.674999237060547,16.875,14.221363067626953,21789200
2022-07-19,16.940000534057617,17.350000381469727,16.895000457763672,17.329999923706055,14.604812622070312,30828800
2022-07-20,17.270000457763672,17.514999389648438,17.19499969482422,17.334999084472656,14.609025001525879,19149200
2022-07-21,17.309999465942383,17.454999923706055,17.03499984741211,17.454999923706055,14.71015453338623,17517400
2022-07-22,17.459999084472656,17.575000762939453,17.204999923706055,17.334999084472656,14.609025001525879,13262000
2022-07-25,17.274999618530273,17.655000686645508,17.274999618530273,17.600000381469727,14.832357406616211,24344400
2022-07-26,17.68000030517578,17.895000457763672,17.565000534057617,17.65999984741211,14.882920265197754,22242600
2022-07-27,17.704999923706055,17.81999969482422,17.565000534057617,17.774999618530273,14.979837417602539,14388600
2022-07-28,17.825000762939453,18.15999984741211,17.719999313354492,18.104999542236328,15.257940292358398,16259600
2022-07-29,18.084999084472656,18.295000076293945,17.950000762939453,17.985000610351562,15.156813621520996,23704200
2022-08-01,17.989999771118164,18.110000610351562,17.760000228881836,17.84000015258789,15.034614562988281,22649400
2022-08-02,17.850000381469727,18.225000381469727,17.7549991607666,18.079999923706055,15.236872673034668,19655200
2022-08-03,18.114999771118164,18.290000915527344,17.940000534057617,18.204999923706055,15.342214584350586,15138800
2022-08-04,18.344999313354492,18.559999465942383,18.25,18.549999237060547,15.632965087890625,23298200
2022-08-05,18.549999237060547,18.915000915527344,18.475000381469727,18.895000457763672,15.923712730407715,21754000
2022-08-08,18.975000381469727,19.549999237060547,18.8799991607666,19.489999771118164,16.42514419555664,38957600
2022-08-09,19.549999237060547,19.969999313354492,19.415000915527344,19.815000534057617,16.699039459228516,34672600
2022-08-10,19.959999084472656,20.079999923706055,19.825000762939453,19.985000610351562,16.84230613708496,28315800
2022-08-11,21.075000762939453,21.190000534057617,20.780000686645508,20.8700008392334,17.5881404876709,124169000
2022-08-12,21.014999389648438,22.165000915527344,21.0,22.049999237060547,18.58258056640625,90489400
2022-08-15,21.844999313354492,21.8799991607666,21.40999984741211,21.4950008392334,18.114852905273438,38795200
2022-08-16,21.5,21.7450008392334,21.21500015258789,21.600000381469727,18.20334243774414,42526400
2022-08-17,21.415000915527344,21.71500015258789,21.200000762939453,21.405000686645508,18.039011001586914,50055000
2022-08-18,21.405000686645508,21.545000076293945,20.825000762939453,20.90999984741211,17.62184715270996,31663000
2022-08-19,20.639999389648438,20.875,20.18000030517578,20.524999618530273,17.297391891479492,54949600
2022-08-22,20.514999389648438,20.815000534057617,20.174999237060547,20.735000610351562,17.474367141723633,53275000
2022-08-23,20.454999923706055,21.0,20.450000762939453,20.760000228881836,17.74503517150879,27895600
2022-08-24,20.78499984741211,20.915000915527344,20.3700008392334,20.415000915527344,17.45013999938965,21973200
2022-08-25,20.604999542236328,20.899999618530273,20.420000076293945,20.899999618530273,17.864704132080078,36882800
2022-08-26,20.940000534057617,21.014999389648438,20.559999465942383,20.795000076293945,17.774953842163086,22573800
2022-08-29,20.764999389648438,21.399999618530273,20.68000030517578,21.225000381469727,18.142505645751953,26342400
2022-08-30,21.325000762939453,21.440000534057617,20.950000762939453,21.165000915527344,18.091218948364258,33588200
2022-08-31,21.19499969482422,21.3799991607666,20.739999771118164,20.844999313354492,17.81769371032715,35911000
2022-09-01,21.0,21.315000534057617,20.739999771118164,21.165000915527344,18.091218948364258,32369000
2022-09-02,21.290000915527344,21.540000915527344,21.204999923706055,21.264999389648438,18.176692962646484,25208800
2022-09-05,21.450000762939453,21.450000762939453,20.725000381469727,20.815000534057617,17.792051315307617,27135800
2022-09-06,20.155000686645508,20.174999237060547,19.600000381469727,19.815000534057617,16.937278747558594,67883800
2022-09-08,19.989999771118164,20.06999969482422,19.459999084472656,19.729999542236328,16.864622116088867,34886400
2022-09-09,19.96500015258789,20.450000762939453,19.90999984741211,20.274999618530273,17.330472946166992,45153800
2022-09-12,20.450000762939453,20.889999389648438,20.40999984741211,20.59000015258789,17.5997257232666,26211200
2022-09-13,20.030000686645508,20.399999618530273,19.934999465942383,20.110000610351562,17.30446434020996,32529800
2022-09-14,20.075000762939453,20.434999465942383,19.975000381469727,20.1299991607666,17.321674346923828,30654000
2022-09-15,20.165000915527344,20.31999969482422,19.864999771118164,19.924999237060547,17.145275115966797,42610400
2022-09-16,19.81999969482422,19.81999969482422,19.459999084472656,19.700000762939453,16.95166015625,72317400
2022-09-19,19.5049991607666,20.190000534057617,19.149999618530273,20.09000015258789,17.287256240844727,31859000
2022-09-20,20.149999618530273,20.485000610351562,20.079999923706055,20.395000457763672,17.54970359802246,34701400
2022-09-21,20.485000610351562,20.524999618530273,20.135000228881836,20.25,17.4249324798584,24569000
2022-09-22,20.375,20.71500015258789,20.045000076293945,20.6200008392334,17.743316650390625,28798000
2022-09-23,20.399999618530273,20.450000762939453,20.040000915527344,20.364999771118164,17.523889541625977,34142400
2022-09-26,20.149999618530273,20.219999313354492,19.5,19.514999389648438,16.79247283935547,17178800
2022-09-27,19.3700008392334,19.454999923706055,19.2450008392334,19.270000457763672,16.581653594970703,22239600
2022-09-28,19.225000381469727,19.489999771118164,19.09000015258789,19.274999618530273,16.585956573486328,22874200
2022-09-29,19.049999237060547,19.2450008392334,18.93000030517578,19.170000076293945,16.495601654052734,37109600
2022-09-30,19.1299991607666,19.514999389648438,18.860000610351562,19.260000228881836,16.573047637939453,41095600
2022-10-03,20.524999618530273,21.100000381469727,20.25,20.729999542236328,17.837968826293945,90279400
2022-10-04,21.010000228881836,21.225000381469727,19.440000534057617,19.614999771118164,16.87851905822754,55373800
2022-10-05,19.6299991607666,20.174999237060547,19.3700008392334,19.93000030517578,17.14957618713379,44850000
2022-10-06,20.100000381469727,20.385000228881836,19.924999237060547,20.28499984741211,17.455049514770508,36355600
2022-10-07,20.280000686645508,20.405000686645508,20.05500030517578,20.329999923706055,17.493770599365234,27124000
2022-10-10,20.53499984741211,20.68000030517578,19.899999618530273,20.03499984741211,17.23992919921875,23049200
2022-10-11,19.895000457763672,20.03499984741211,19.424999237060547,19.55500030517578,16.826894760131836,29225800
2022-10-13,19.399999618530273,19.93000030517578,19.03499984741211,19.690000534057617,16.943058013916016,30284800
2022-10-14,19.829999923706055,20.09000015258789,19.34000015258789,19.579999923706055,16.84840202331543,25022800
2022-10-17,19.649999618530273,19.920000076293945,19.43000030517578,19.7450008392334,16.990388870239258,20077200
2022-10-18,19.979999542236328,20.760000228881836,19.8799991607666,19.975000381469727,17.18829917907715,43483200
2022-10-19,20.684999465942383,20.895000457763672,20.5,20.825000762939453,17.919715881347656,25457000
2022-10-20,20.950000762939453,21.84000015258789,20.850000381469727,21.799999237060547,18.75869369506836,70753200
2022-10-21,21.709999084472656,22.469999313354492,21.584999084472656,22.34000015258789,19.223360061645508,64165600
2022-10-24,21.809999465942383,21.84000015258789,20.100000381469727,20.100000381469727,17.29585838317871,75329200
2022-10-25,20.049999237060547,20.235000610351562,19.584999084472656,19.7549991607666,16.998987197875977,42736400
2022-10-26,19.55500030517578,19.56999969482422,18.59000015258789,19.05500030517578,16.39664649963379,64148400
2022-10-27,19.25,19.700000762939453,19.15999984741211,19.295000076293945,16.603160858154297,41654200
2022-10-28,19.1200008392334,19.450000762939453,18.975000381469727,19.40999984741211,16.702119827270508,40856000
2022-10-31,18.329999923706055,19.165000915527344,18.0049991607666,18.510000228881836,15.927679061889648,101533600
2022-11-01,18.700000762939453,19.399999618530273,18.450000762939453,18.950000762939453,16.30629539489746,49280600
2022-11-03,19.5,19.514999389648438,18.600000381469727,19.344999313354492,16.646188735961914,60835800
2022-11-04,19.479999542236328,19.989999771118164,19.405000686645508,19.6299991607666,16.891427993774414,54580800
2022-11-07,19.454999923706055,19.594999313354492,18.809999465942383,18.94499969482422,16.30199432373047,47342400
2022-11-08,18.889999389648438,19.149999618530273,18.65999984741211,19.03499984741211,16.379436492919922,29484600
2022-11-09,18.81999969482422,19.280000686645508,18.459999084472656,18.530000686645508,15.944890975952148,37975000
2022-11-10,18.5,18.84000015258789,17.834999084472656,18.165000915527344,15.63081169128418,129116200
2022-11-11,18.155000686645508,18.325000762939453,17.68000030517578,17.760000228881836,15.28231143951416,108313600
2022-11-14,18.0,18.399999618530273,17.825000762939453,18.200000762939453,15.660930633544922,46067800
2022-11-16,17.8799991607666,18.020000457763672,17.53499984741211,17.625,15.166144371032715,45099200
2022-11-17,17.510000228881836,17.610000610351562,16.81999969482422,17.25,14.843461036682129,80265400
2022-11-18,17.28499984741211,17.649999618530273,17.049999237060547,17.190000534057617,14.79183578491211,45290400
2022-11-21,17.264999389648438,17.709999084472656,17.104999542236328,17.600000381469727,15.144635200500488,42765800
2022-11-22,17.295000076293945,17.454999923706055,16.90999984741211,17.020000457763672,14.914379119873047,26437600
2022-11-23,16.899999618530273,17.264999389648438,16.7549991607666,17.229999542236328,15.098398208618164,26649000
2022-11-24,17.295000076293945,17.975000381469727,17.174999237060547,17.510000228881836,15.343761444091797,21639400
2022-11-25,17.55500030517578,17.614999771118164,16.959999084472656,17.104999542236328,14.988861083984375,19184600
2022-11-28,17.19499969482422,17.600000381469727,17.049999237060547,17.415000915527344,15.260513305664062,16474600
2022-11-29,17.5,17.864999771118164,17.295000076293945,17.625,15.44452953338623,18270400
2022-11-30,17.709999084472656,17.905000686645508,17.350000381469727,17.639999389648438,15.457673072814941,25598000
2022-12-01,17.559999465942383,17.780000686645508,17.360000610351562,17.6200008392334,15.440153121948242,18236800
2022-12-02,17.764999389648438,18.360000610351562,17.55500030517578,18.014999389648438,15.786280632019043,27612800
2022-12-05,17.975000381469727,17.979999542236328,17.510000228881836,17.600000381469727,15.422624588012695,20721200
2022-12-06,17.69499969482422,17.780000686645508,17.545000076293945,17.780000686645508,15.580357551574707,17258800
2022-12-07,17.799999237060547,17.969999313354492,17.739999771118164,17.739999771118164,15.545302391052246,13206600
2022-12-08,17.739999771118164,17.979999542236328,17.405000686645508,17.514999389648438,15.348138809204102,24538200
2022-12-09,17.545000076293945,17.59000015258789,17.295000076293945,17.489999771118164,15.32623291015625,14063800
2022-12-12,17.450000762939453,17.69499969482422,16.604999542236328,16.895000457763672,14.804842948913574,53108400
2022-12-13,16.905000686645508,16.975000381469727,15.930000305175781,15.930000305175781,14.103446006774902,43709800
2022-12-14,15.75,15.78499984741211,15.125,15.53499984741211,13.753738403320312,80022400
2022-12-15,15.359999656677246,16.264999389648438,15.255000114440918,15.975000381469727,14.143285751342773,94932200
2022-12-16,16.0,16.3799991607666,15.890000343322754,16.299999237060547,14.43101978302002,43696800
2022-12-19,16.354999542236328,16.725000381469727,16.2549991607666,16.475000381469727,14.585953712463379,31158000
2022-12-20,16.469999313354492,17.079999923706055,16.315000534057617,16.899999618530273,14.962225914001465,26498000
2022-12-21,17.049999237060547,17.229999542236328,16.875,17.059999465942383,15.10387897491455,17495000
2022-12-22,17.15999984741211,17.420000076293945,16.954999923706055,17.21500015258789,15.241106033325195,14796600
2022-12-23,17.264999389648438,17.81999969482422,17.264999389648438,17.639999389648438,15.617371559143066,17488800
2022-12-26,17.78499984741211,17.78499984741211,17.3700008392334,17.614999771118164,15.595239639282227,9105400
2022-12-27,17.725000381469727,17.725000381469727,16.950000762939453,17.030000686645508,15.07731819152832,17731600
2022-12-28,17.049999237060547,17.399999618530273,16.809999465942383,17.334999084472656,15.347345352172852,21450400
2022-12-29,17.415000915527344,17.520000457763672,17.200000762939453,17.364999771118164,15.373902320861816,18673000
2023-01-02,17.110000610351562,17.110000610351562,16.450000762939453,16.6299991607666,14.72318172454834,23557000
2023-01-03,16.6299991607666,16.700000762939453,16.209999084472656,16.31999969482422,14.448728561401367,21547400
2023-01-04,16.415000915527344,16.6299991607666,16.280000686645508,16.530000686645508,14.634648323059082,19519000
2023-01-05,16.645000457763672,17.3700008392334,16.540000915527344,17.28499984741211,15.303080558776855,33937600
2023-01-06,17.325000762939453,17.635000228881836,17.219999313354492,17.524999618530273,15.515562057495117,29504600
2023-01-09,17.364999771118164,17.524999618530273,17.239999771118164,17.354999542236328,15.36505126953125,20027200
2023-01-10,17.25,17.739999771118164,17.165000915527344,17.649999618530273,15.626228332519531,19309600
2023-01-11,17.649999618530273,17.924999237060547,17.530000686645508,17.899999618530273,15.847561836242676,29084800
2023-01-12,17.78499984741211,17.934999465942383,17.5049991607666,17.78499984741211,15.745750427246094,20173200
2023-01-13,17.75,17.924999237060547,17.475000381469727,17.825000762939453,15.781164169311523,20087000
2023-01-16,17.829999923706055,18.059999465942383,17.65999984741211,17.80500030517578,15.76345157623291,18437800
2023-01-17,17.895000457763672,18.850000381469727,17.770000457763672,18.850000381469727,16.688634872436523,52121000
2023-01-18,19.024999618530273,19.434999465942383,18.94499969482422,19.1200008392334,16.927675247192383,46469200
2023-01-19,19.0,19.65999984741211,18.774999618530273,19.55500030517578,17.312801361083984,46824200
2023-01-20,19.604999542236328,20.149999618530273,19.55500030517578,20.03499984741211,17.737760543823242,61422400
2023-01-23,20.03499984741211,20.625,19.565000534057617,19.885000228881836,17.604961395263672,58229000
2023-01-24,19.885000228881836,20.19499969482422,19.639999389648438,19.78499984741211,17.516427993774414,33155800
2023-01-25,19.704999923706055,20.4950008392334,19.434999465942383,20.325000762939453,17.9945125579834,30466000
2023-01-26,20.389999389648438,20.739999771118164,20.28499984741211,20.315000534057617,17.98565673828125,26301400
2023-01-27,20.459999084472656,20.479999542236328,19.844999313354492,20.09000015258789,17.786455154418945,24856600
2023-01-30,20.200000762939453,20.454999923706055,20.030000686645508,20.405000686645508,18.065336227416992,28495800
2023-01-31,20.475000381469727,20.600000381469727,20.209999084472656,20.350000381469727,18.01664161682129,29569200
2023-02-01,20.375,20.524999618530273,19.924999237060547,20.104999542236328,17.799734115600586,26311400
2023-02-02,20.0049991607666,20.575000762939453,19.625,19.725000381469727,17.46330451965332,37048600
2023-02-03,19.825000762939453,19.969999313354492,19.450000762939453,19.600000381469727,17.352636337280273,24334800
2023-02-06,19.53499984741211,19.860000610351562,19.309999465942383,19.709999084472656,17.450023651123047,27313800
2023-02-07,19.795000076293945,19.84000015258789,19.229999542236328,19.440000534057617,17.210988998413086,24883800
2023-02-08,19.584999084472656,19.975000381469727,19.454999923706055,19.899999618530273,17.61823844909668,44485600
2023-02-09,19.96500015258789,20.03499984741211,19.565000534057617,19.795000076293945,17.525278091430664,21309200
2023-02-10,19.674999237060547,20.30500030517578,19.469999313354492,20.184999465942383,17.870561599731445,29831400
2023-02-13,20.364999771118164,20.56999969482422,20.014999389648438,20.299999237060547,17.972375869750977,32489600
2023-02-14,21.139999389648438,21.375,20.625,20.774999618530273,18.392908096313477,118462000
2023-02-15,20.889999389648438,21.09000015258789,20.59000015258789,20.96500015258789,18.561126708984375,49143800
2023-02-16,20.825000762939453,21.295000076293945,20.684999465942383,21.200000762939453,18.769180297851562,43014800
2023-02-17,21.174999237060547,21.565000534057617,20.989999771118164,21.40999984741211,18.955101013183594,44727400
2023-02-22,21.399999618530273,21.405000686645508,20.829999923706055,20.8799991607666,18.48587417602539,22328200
2023-02-23,20.950000762939453,21.299999237060547,20.84000015258789,21.049999237060547,18.63637924194336,48294200
2023-02-24,20.68000030517578,20.764999389648438,20.1200008392334,20.239999771118164,18.278257369995117,24550800
2023-02-27,20.2450008392334,20.3700008392334,19.860000610351562,19.96500015258789,18.029911041259766,22472400
2023-02-28,20.06999969482422,20.395000457763672,19.950000762939453,20.149999618530273,18.19698143005371,33330200
2023-03-01,20.149999618530273,20.149999618530273,19.184999465942383,19.5,17.6099796295166,54529600
2023-03-02,19.5,19.540000915527344,18.684999465942383,18.71500015258789,16.901063919067383,34978600
2023-03-03,18.850000381469727,19.15999984741211,18.665000915527344,18.924999237060547,17.090709686279297,33717800
2023-03-06,18.934999465942383,19.5049991607666,18.934999465942383,19.354999542236328,17.479034423828125,20465200
2023-03-07,19.5,19.889999389648438,19.25,19.799999237060547,17.880905151367188,38627000
2023-03-08,19.850000381469727,20.190000534057617,19.78499984741211,20.0,18.061519622802734,26042600
2023-03-09,19.96500015258789,20.094999313354492,19.565000534057617,19.565000534057617,17.668682098388672,24777400
2023-03-10,19.5,19.530000686645508,19.010000228881836,19.19499969482422,17.33454132080078,25785800
2023-03-13,19.065000534057617,19.28499984741211,18.895000457763672,19.075000762939453,17.226173400878906,18280400
2023-03-14,18.959999084472656,19.06999969482422,18.614999771118164,18.7549991607666,17.09493637084961,22174800
2023-03-15,18.420000076293945,18.895000457763672,18.375,18.774999618530273,17.1131649017334,23139000
2023-03-16,18.834999084472656,19.079999923706055,18.649999618530273,18.975000381469727,17.29546546936035,25555600
2023-03-17,18.799999237060547,19.059999465942383,18.649999618530273,18.649999618530273,16.999229431152344,42093400
2023-03-20,18.655000686645508,19.040000915527344,18.350000381469727,18.545000076293945,16.903526306152344,20987400
2023-03-21,18.655000686645508,18.885000228881836,18.639999389648438,18.764999389648438,17.104053497314453,17838800
2023-03-22,18.770000457763672,19.125,18.700000762939453,18.809999465942383,17.145065307617188,23718400
2023-03-23,18.860000610351562,19.06999969482422,18.389999389648438,18.604999542236328,16.95821189880371,22840800
2023-03-24,18.665000915527344,18.96500015258789,18.524999618530273,18.795000076293945,17.13139533996582,15880600
2023-03-27,18.989999771118164,19.075000762939453,18.71500015258789,18.80500030517578,17.14051055908203,13828800
2023-03-28,18.80500030517578,19.040000915527344,18.7549991607666,18.934999465942383,17.259002685546875,15889400
2023-03-29,19.020000457763672,19.21500015258789,18.825000762939453,19.155000686645508,17.459531784057617,14395600
2023-03-30,19.475000381469727,19.594999313354492,19.200000762939453,19.5049991607666,17.77855110168457,26295200
2023-03-31,19.579999923706055,19.760000228881836,19.28499984741211,19.55500030517578,17.824129104614258,16900200
2023-04-03,19.604999542236328,19.639999389648438,19.104999542236328,19.325000762939453,17.614482879638672,17920600
2023-04-04,19.450000762939453,19.739999771118164,19.364999771118164,19.645000457763672,17.906158447265625,16471600
2023-04-05,19.674999237060547,19.84000015258789,19.415000915527344,19.575000762939453,17.84235382080078,15532400
2023-04-06,19.6200008392334,19.670000076293945,19.424999237060547,19.510000228881836,17.78310775756836,13361800
2023-04-10,19.674999237060547,19.844999313354492,19.485000610351562,19.520000457763672,17.792221069335938,21916800
2023-04-11,19.649999618530273,20.065000534057617,19.625,19.969999313354492,18.202392578125,26685800
2023-04-12,20.030000686645508,21.625,20.0049991607666,21.360000610351562,19.469358444213867,127943200
2023-04-13,21.31999969482422,21.69499969482422,21.200000762939453,21.350000381469727,19.460247039794922,36793600
2023-04-14,21.309999465942383,21.7450008392334,21.075000762939453,21.71500015258789,19.792938232421875,42258000
2023-04-17,21.684999465942383,21.875,21.510000228881836,21.764999389648438,19.838510513305664,24098000
2023-04-18,21.774999618530273,21.834999084472656,21.514999389648438,21.80500030517578,19.874971389770508,17350600
2023-04-19,21.69499969482422,21.760000228881836,21.420000076293945,21.549999237060547,19.642539978027344,21009600
2023-04-20,21.489999771118164,21.799999237060547,21.354999542236328,21.7549991607666,19.829397201538086,20726200
2023-04-24,21.709999084472656,22.020000457763672,21.524999618530273,21.709999084472656,19.788381576538086,20519600
2023-04-25,21.5,21.665000915527344,21.364999771118164,21.510000228881836,19.606081008911133,23691200
2023-04-26,21.6299991607666,21.6299991607666,21.260000228881836,21.334999084472656,19.446571350097656,23633000
2023-04-27,21.334999084472656,21.600000381469727,21.260000228881836,21.360000610351562,19.469358444213867,12372800
2023-04-28,21.5049991607666,21.649999618530273,21.174999237060547,21.43000030517578,19.53316307067871,20796000
2023-05-02,21.3799991607666,21.3799991607666,20.860000610351562,20.920000076293945,19.06830596923828,25239200
2023-05-03,21.030000686645508,21.059999465942383,20.780000686645508,20.854999542236328,19.009057998657227,11261800
2023-05-04,21.0,21.225000381469727,20.770000457763672,21.09000015258789,19.22325897216797,14752000
2023-05-05,21.094999313354492,21.655000686645508,21.094999313354492,21.625,19.71090316772461,14382200
2023-05-08,21.719999313354492,21.889999389648438,21.479999542236328,21.540000915527344,19.6334285736084,16195200
2023-05-09,21.4950008392334,21.704999923706055,21.334999084472656,21.475000381469727,19.57417869567871,20231600
2023-05-10,21.5,21.799999237060547,21.299999237060547,21.7549991607666,19.829397201538086,21044400
2023-05-11,21.709999084472656,22.309999465942383,21.53499984741211,22.200000762939453,20.235010147094727,27159800
2023-05-12,22.024999618530273,22.344999313354492,21.950000762939453,22.114999771118164,20.15753173828125,24417400
2023-05-15,22.2450008392334,22.424999237060547,22.014999389648438,22.219999313354492,20.253238677978516,17265000
2023-05-16,22.219999313354492,22.3700008392334,21.46500015258789,21.579999923706055,19.669883728027344,43215400
2023-05-17,21.625,21.924999237060547,21.46500015258789,21.614999771118164,19.701786041259766,35046200
2023-05-18,21.549999237060547,21.65999984741211,21.399999618530273,21.600000381469727,19.6881160736084,23424000
2023-05-19,21.670000076293945,22.059999465942383,21.4950008392334,22.020000457763672,20.07094383239746,67932000
2023-05-22,22.024999618530273,22.30500030517578,21.719999313354492,21.729999542236328,19.806610107421875,16150800
2023-05-23,21.739999771118164,22.315000534057617,21.670000076293945,22.239999771118164,20.271467208862305,25822400
2023-05-24,22.239999771118164,22.489999771118164,22.079999923706055,22.30500030517578,20.330713272094727,21842800
2023-05-25,22.5,22.700000762939453,22.329999923706055,22.329999923706055,20.35350227355957,23390800
2023-05-26,22.625,22.65999984741211,22.075000762939453,22.200000762939453,20.235010147094727,19180600
2023-05-29,22.280000686645508,22.280000686645508,22.0049991607666,22.15999984741211,20.198549270629883,6615800
2023-05-30,22.399999618530273,22.43000030517578,22.104999542236328,22.350000381469727,20.37173080444336,36854000
2023-05-31,22.3700008392334,22.56999969482422,22.260000228881836,22.309999465942383,20.33527183532715,34850800
2023-06-01,22.395000457763672,22.514999389648438,22.1299991607666,22.3700008392334,20.38996124267578,20393800
2023-06-02,22.3700008392334,22.3700008392334,22.3700008392334,22.3700008392334,20.692638397216797,0
2023-06-05,22.299999237060547,22.645000457763672,22.075000762939453,22.510000228881836,20.822139739990234,27334000
2023-06-06,22.514999389648438,23.079999923706055,22.479999542236328,22.770000457763672,21.06264305114746,22932200
2023-06-07,22.864999771118164,22.94499969482422,22.760000228881836,22.760000228881836,21.053390502929688,22222000
2023-06-09,22.8700008392334,23.8700008392334,22.8700008392334,23.8700008392334,22.080162048339844,36932200
2023-06-12,24.03499984741211,24.8700008392334,23.985000610351562,24.735000610351562,22.880300521850586,77115600
2023-06-13,24.59000015258789,24.7450008392334,24.19499969482422,24.309999465942383,22.64215660095215,26532200
2023-06-14,24.399999618530273,24.5,24.049999237060547,24.43000030517578,22.75392723083496,26083800
2023-06-15,24.450000762939453,25.1200008392334,24.350000381469727,24.93000030517578,23.219621658325195,41930800
2023-06-16,24.920000076293945,24.954999923706055,24.625,24.7450008392334,23.047313690185547,30393800
2023-06-19,24.78499984741211,25.235000610351562,24.760000228881836,25.204999923706055,23.475753784179688,11787200
2023-06-20,25.145000457763672,25.229999542236328,24.975000381469727,25.200000762939453,23.471099853515625,17141000
2023-06-21,25.100000381469727,25.9950008392334,25.06999969482422,25.9950008392334,24.21155548095703,27413000
2023-06-22,25.81999969482422,25.93000030517578,25.329999923706055,25.5,23.75051498413086,18000800
2023-06-23,25.55500030517578,25.56999969482422,25.280000686645508,25.510000228881836,23.759830474853516,13483800
2023-06-26,25.3700008392334,25.69499969482422,25.225000381469727,25.56999969482422,23.81571388244629,16848400
2023-06-27,25.584999084472656,25.739999771118164,24.934999465942383,25.100000381469727,23.377958297729492,25779000
2023-06-28,25.05500030517578,25.100000381469727,24.614999771118164,24.795000076293945,23.093883514404297,15524200
2023-06-29,24.780000686645508,25.100000381469727,24.610000610351562,25.024999618530273,23.308101654052734,16565200
2023-06-30,25.200000762939453,25.399999618530273,24.46500015258789,24.700000762939453,23.005401611328125,28009000
2023-07-03,24.780000686645508,25.25,24.760000228881836,25.19499969482422,23.46643829345703,26031200
2023-07-04,25.19499969482422,25.225000381469727,24.915000915527344,25.03499984741211,23.317419052124023,7572800
2023-07-05,25.0,25.0049991607666,24.700000762939453,24.8700008392334,23.163738250732422,11332400
2023-07-06,24.764999389648438,24.790000915527344,24.31999969482422,24.5049991607666,22.823780059814453,19116000
2023-07-07,24.520000457763672,25.15999984741211,24.520000457763672,24.979999542236328,23.26619529724121,23079200
2023-07-10,24.9950008392334,25.024999618530273,24.395000457763672,24.520000457763672,22.837751388549805,17806000
2023-07-11,24.5,24.510000228881836,23.940000534057617,24.170000076293945,22.511764526367188,24673600
2023-07-12,24.469999313354492,24.469999313354492,23.68000030517578,23.780000686645508,22.148521423339844,24458200
2023-07-13,23.93000030517578,24.190000534057617,23.795000076293945,24.0049991607666,22.358083724975586,14068400
2023-07-14,23.979999542236328,24.354999542236328,23.704999923706055,23.844999313354492,22.209060668945312,26211600
2023-07-17,23.899999618530273,24.094999313354492,23.729999542236328,24.05500030517578,22.404653549194336,10774000
2023-07-18,24.049999237060547,24.225000381469727,23.920000076293945,24.135000228881836,22.47916603088379,9060600
2023-07-19,24.200000762939453,24.200000762939453,23.65999984741211,23.71500015258789,22.087980270385742,16210800
2023-07-20,23.780000686645508,24.024999618530273,23.700000762939453,23.975000381469727,22.33014488220215,13507600
2023-07-21,23.975000381469727,24.424999237060547,23.975000381469727,24.260000228881836,22.595592498779297,20264400
2023-07-24,24.1200008392334,24.424999237060547,23.59000015258789,23.78499984741211,22.153179168701172,35741000
2023-07-25,24.1299991607666,24.1299991607666,23.649999618530273,23.65999984741211,22.036752700805664,21533400
2023-07-26,23.704999923706055,23.899999618530273,23.53499984741211,23.860000610351562,22.223033905029297,24767000
2023-07-27,23.860000610351562,23.8799991607666,23.325000762939453,23.3700008392334,21.766653060913086,23501400
2023-07-28,23.565000534057617,23.78499984741211,23.43000030517578,23.639999389648438,22.018125534057617,14552200
2023-07-31,23.799999237060547,24.15999984741211,23.739999771118164,24.094999313354492,22.441909790039062,20779800
2023-08-01,23.959999084472656,24.014999389648438,23.469999313354492,23.68000030517578,22.055383682250977,25360200
2023-08-02,23.6299991607666,23.8799991607666,23.549999237060547,23.78499984741211,22.153179168701172,11204000
2023-08-03,23.950000762939453,23.989999771118164,23.670000076293945,23.825000762939453,22.1904354095459,16752600
2023-08-04,23.75,23.979999542236328,23.524999618530273,23.700000762939453,22.07400894165039,22979000
2023-08-07,23.809999465942383,24.0,23.600000381469727,23.65999984741211,22.036752700805664,11456400
2023-08-08,23.614999771118164,23.69499969482422,23.18000030517578,23.4950008392334,21.883075714111328,23776200
2023-08-09,23.5,23.575000762939453,23.2549991607666,23.364999771118164,21.761991500854492,15315400
2023-08-10,23.549999237060547,23.649999618530273,23.364999771118164,23.485000610351562,21.873760223388672,24978000
2023-08-11,23.59000015258789,23.829999923706055,23.520000457763672,23.739999771118164,22.111265182495117,17290800
2023-08-14,23.844999313354492,23.844999313354492,23.469999313354492,23.5049991607666,21.89238739013672,13148400
2023-08-15,23.56999969482422,23.670000076293945,23.34000015258789,23.3799991607666,21.775962829589844,17451800
2023-08-16,23.405000686645508,23.864999771118164,23.405000686645508,23.579999923706055,21.962242126464844,23000000
2023-08-17,23.7549991607666,23.850000381469727,23.59000015258789,23.799999237060547,22.167144775390625,18367600
2023-08-18,23.790000915527344,24.059999465942383,23.665000915527344,23.895000457763672,22.255630493164062,20640200
2023-08-21,24.0,24.024999618530273,23.655000686645508,23.809999465942383,22.176464080810547,15745000
2023-08-22,23.600000381469727,24.040000915527344,23.540000915527344,23.985000610351562,22.408559799194336,15715200
2023-08-23,24.05500030517578,24.239999771118164,23.815000534057617,24.09000015258789,22.506654739379883,15535200
2023-08-24,24.049999237060547,24.049999237060547,23.665000915527344,23.774999618530273,22.212360382080078,12775200
2023-08-25,23.80500030517578,23.850000381469727,23.204999923706055,23.46500015258789,21.9227352142334,17948200
2023-08-28,23.579999923706055,24.25,23.475000381469727,24.139999389648438,22.55337142944336,15418400
2023-08-29,24.264999389648438,24.6200008392334,24.165000915527344,24.274999618530273,22.67949867248535,19569600
2023-08-30,24.350000381469727,24.440000534057617,23.899999618530273,23.924999237060547,22.35249900817871,11510800
2023-08-31,23.975000381469727,23.989999771118164,23.510000228881836,23.549999237060547,22.00214958190918,26407200
2023-09-01,23.614999771118164,23.850000381469727,23.594999313354492,23.709999084472656,22.15163230895996,11074000
2023-09-04,23.75,23.850000381469727,23.59000015258789,23.635000228881836,22.081562042236328,7264600
2023-09-05,23.674999237060547,23.899999618530273,23.5049991607666,23.549999237060547,22.00214958190918,15288200
2023-09-06,23.610000610351562,23.725000381469727,23.385000228881836,23.389999389648438,21.852664947509766,14183600
2023-09-08,23.424999237060547,23.510000228881836,23.149999618530273,23.31999969482422,21.787263870239258,15485200
2023-09-11,23.540000915527344,23.770000457763672,23.420000076293945,23.690000534057617,22.13294792175293,14399800
2023-09-12,23.594999313354492,23.809999465942383,23.545000076293945,23.649999618530273,22.252532958984375,15370400
2023-09-13,23.674999237060547,23.950000762939453,23.565000534057617,23.6299991607666,22.23371696472168,14725600
2023-09-14,23.7450008392334,23.959999084472656,23.594999313354492,23.69499969482422,22.294878005981445,14569800
2023-09-15,23.709999084472656,23.850000381469727,23.55500030517578,23.774999618530273,22.370147705078125,21606000
2023-09-18,23.81999969482422,24.05500030517578,23.674999237060547,23.674999237060547,22.27605628967285,20200800
2023-09-19,23.674999237060547,23.885000228881836,23.53499984741211,23.639999389648438,22.24312973022461,15278200
2023-09-20,23.65999984741211,24.125,23.635000228881836,23.850000381469727,22.440717697143555,14760600
2023-09-21,23.65999984741211,23.69499969482422,23.235000610351562,23.30500030517578,21.927919387817383,16633600
2023-09-22,23.3799991607666,23.565000534057617,23.299999237060547,23.344999313354492,21.965557098388672,10722800
2023-09-25,23.309999465942383,23.385000228881836,23.084999084472656,23.209999084472656,21.838533401489258,18254000
2023-09-26,23.014999389648438,23.110000610351562,22.78499984741211,22.8799991607666,21.52803611755371,23590000
2023-09-27,23.075000762939453,23.2549991607666,22.809999465942383,23.079999923706055,21.716215133666992,22109000
2023-09-28,23.145000457763672,23.899999618530273,23.114999771118164,23.81999969482422,22.412490844726562,23827200
2023-09-29,23.920000076293945,23.94499969482422,23.549999237060547,23.59000015258789,22.196081161499023,10906400
2023-10-02,23.584999084472656,23.674999237060547,23.450000762939453,23.524999618530273,22.13492202758789,9462400
2023-10-03,23.540000915527344,23.559999465942383,23.15999984741211,23.225000381469727,21.852649688720703,12873200
2023-10-04,23.299999237060547,23.53499984741211,23.09000015258789,23.399999618530273,22.01730728149414,16379400
2023-10-05,23.389999389648438,23.920000076293945,23.299999237060547,23.469999313354492,22.08316993713379,15530000
2023-10-06,23.469999313354492,24.614999771118164,23.354999542236328,24.424999237060547,22.981740951538086,41413600
2023-10-09,24.270000457763672,24.454999923706055,24.114999771118164,24.295000076293945,22.85942268371582,19707000
2023-10-10,24.325000762939453,24.565000534057617,24.235000610351562,24.2549991607666,22.8217830657959,19682000
2023-10-11,24.260000228881836,24.575000762939453,24.2549991607666,24.485000610351562,23.03819465637207,16514000
2023-10-13,24.545000076293945,24.665000915527344,24.325000762939453,24.40999984741211,22.967626571655273,21928200
2023-10-16,24.68000030517578,24.9950008392334,24.59000015258789,24.905000686645508,23.433378219604492,15472400
2023-10-17,24.799999237060547,25.139999389648438,24.600000381469727,24.68000030517578,23.22167205810547,16189200
2023-10-18,24.530000686645508,24.850000381469727,24.450000762939453,24.559999465942383,23.108760833740234,22840800
2023-10-19,24.559999465942383,25.059999465942383,24.479999542236328,24.75,23.287538528442383,16271800
2023-10-20,24.684999465942383,25.104999542236328,24.575000762939453,24.670000076293945,23.212265014648438,19846600
2023-10-23,24.639999389648438,24.895000457763672,24.415000915527344,24.635000228881836,23.179332733154297,15813600
2023-10-24,24.75,24.920000076293945,24.354999542236328,24.520000457763672,23.07112693786621,17053000
2023-10-25,24.540000915527344,24.81999969482422,24.44499969482422,24.524999618530273,23.07583236694336,12625200
2023-10-26,24.56999969482422,25.100000381469727,24.479999542236328,25.03499984741211,23.55569839477539,19577600
2023-10-27,24.950000762939453,25.030000686645508,24.264999389648438,24.399999618530273,22.95821762084961,20337800
2023-10-30,24.5,24.610000610351562,24.110000610351562,24.229999542236328,22.798261642456055,18010200
2023-10-31,24.239999771118164,24.424999237060547,23.889999389648438,24.174999237060547,22.74651336669922,14087400
2023-11-01,24.18000030517578,24.3700008392334,24.040000915527344,24.200000762939453,22.770036697387695,21810000
2023-11-03,24.475000381469727,25.229999542236328,24.424999237060547,25.049999237060547,23.569808959960938,24765400
2023-11-06,25.145000457763672,25.325000762939453,25.0,25.225000381469727,23.73447036743164,12216800
2023-11-07,25.225000381469727,25.594999313354492,25.065000534057617,25.510000228881836,24.002628326416016,29055000
2023-11-08,25.540000915527344,25.8700008392334,25.510000228881836,25.834999084472656,24.30842399597168,18976000
2023-11-09,25.5,25.68000030517578,24.610000610351562,24.7549991607666,23.292238235473633,62427200
2023-11-10,24.885000228881836,25.19499969482422,24.729999542236328,25.1200008392334,23.63567543029785,17832400
2023-11-13,25.049999237060547,25.145000457763672,24.915000915527344,25.024999618530273,23.546287536621094,9641600
2023-11-14,25.09000015258789,25.469999313354492,24.985000610351562,25.145000457763672,23.659196853637695,37860000
2023-11-16,25.149999618530273,25.239999771118164,24.93000030517578,25.139999389648438,23.654491424560547,34225200
2023-11-17,25.139999389648438,25.479999542236328,25.110000610351562,25.329999923706055,23.833263397216797,24494200
2023-11-20,25.469999313354492,25.649999618530273,25.145000457763672,25.46500015258789,23.960290908813477,15070600
2023-11-21,25.46500015258789,25.709999084472656,25.385000228881836,25.645000457763672,24.12965202331543,20642000
2023-11-22,25.299999237060547,25.68000030517578,25.299999237060547,25.424999237060547,23.922649383544922,16195600
2023-11-23,25.399999618530273,25.739999771118164,25.399999618530273,25.510000228881836,24.002628326416016,8247600
2023-11-24,25.53499984741211,25.639999389648438,25.350000381469727,25.479999542236328,23.97439956665039,8815000
2023-11-27,25.575000762939453,25.989999771118164,25.53499984741211,25.950000762939453,24.416629791259766,22614400
2023-11-28,25.985000610351562,26.399999618530273,25.979999542236328,26.325000762939453,24.769472122192383,19633200
2023-11-29,26.385000228881836,26.524999618530273,26.18000030517578,26.364999771118164,24.807106018066406,21020000
2023-11-30,26.364999771118164,27.190000534057617,26.364999771118164,27.135000228881836,25.5316104888916,35416400
2023-12-01,27.174999237060547,27.399999618530273,26.940000534057617,27.190000534057617,25.58336067199707,18946400
2023-12-04,27.149999618530273,27.405000686645508,26.979999542236328,27.084999084472656,25.48456382751465,13915800
2023-12-05,27.079999923706055,27.270000457763672,27.0049991607666,27.084999084472656,25.48456382751465,11725800
2023-12-06,27.190000534057617,27.239999771118164,26.450000762939453,26.5049991607666,24.938831329345703,17640200
2023-12-07,26.5,26.94499969482422,26.5,26.934999465942383,25.343425750732422,11561400
2023-12-08,26.950000762939453,27.299999237060547,26.829999923706055,27.225000381469727,25.616289138793945,20784200
2023-12-11,27.225000381469727,27.354999542236328,27.03499984741211,27.219999313354492,25.61158561706543,11474000
2023-12-12,26.899999618530273,26.899999618530273,26.204999923706055,26.25,24.855186462402344,25063600
2023-12-13,26.235000610351562,26.6299991607666,25.81999969482422,26.489999771118164,25.082433700561523,36160000
2023-12-14,26.75,26.780000686645508,26.200000762939453,26.665000915527344,25.248136520385742,36873200
2023-12-15,26.625,27.30500030517578,26.40999984741211,27.30500030517578,25.854127883911133,36441400
2023-12-18,27.334999084472656,27.514999389648438,27.084999084472656,27.325000762939453,25.873065948486328,15518200
2023-12-19,27.28499984741211,27.459999084472656,27.149999618530273,27.424999237060547,25.967750549316406,15467000
2023-12-20,27.424999237060547,27.5,27.030000686645508,27.104999542236328,25.66475486755371,15653800
2023-12-21,27.399999618530273,27.399999618530273,26.94499969482422,27.145000457763672,25.70262908935547,20008000
2023-12-22,27.25,27.309999465942383,27.03499984741211,27.219999313354492,25.773645401000977,14606400
2023-12-26,27.219999313354492,27.479999542236328,27.149999618530273,27.469999313354492,26.010358810424805,7966400
2023-12-27,27.399999618530273,27.485000610351562,27.290000915527344,27.43000030517578,25.97248649597168,6745000
2023-12-28,27.43000030517578,27.69499969482422,27.344999313354492,27.69499969482422,26.223403930664062,11680800
