Date,Open,High,Low,Close,Adj Close,Volume
2010-01-04,50.189998626708984,51.4900016784668,49.79999923706055,51.4900016784668,22.352840423583984,2381400
2010-01-05,51.540000915527344,52.540000915527344,51.2400016784668,51.970001220703125,22.56122398376465,3001800
2010-01-06,52.0,53.369998931884766,51.779998779296875,53.06999969482422,23.03875160217285,2742800
2010-01-07,52.5099983215332,53.540000915527344,52.5,53.290000915527344,23.134262084960938,2543100
2010-01-08,53.29999923706055,54.2400016784668,53.0,53.810001373291016,23.35999870300293,2444500
2010-01-11,54.599998474121094,54.599998474121094,53.34000015258789,53.650001525878906,23.290546417236328,2785300
2010-01-12,52.79999923706055,53.5,52.29999923706055,53.5,23.225425720214844,2606400
2010-01-13,54.20000076293945,54.380001068115234,53.41999816894531,54.15999984741211,23.511945724487305,2635700
2010-01-14,54.18000030517578,54.79999923706055,53.70000076293945,54.150001525878906,23.50760269165039,1593300
2010-01-15,53.779998779296875,53.9900016784668,52.849998474121094,53.45000076293945,23.20372200012207,2225400
2010-01-18,53.29999923706055,54.349998474121094,53.29999923706055,54.20000076293945,23.529308319091797,1109300
2010-01-19,53.5099983215332,55.0,53.5099983215332,54.95000076293945,23.854896545410156,1889000
2010-01-20,53.90999984741211,54.40999984741211,53.0,53.45000076293945,23.20372200012207,3131700
2010-01-21,53.599998474121094,53.599998474121094,51.290000915527344,51.599998474121094,22.40060043334961,3569100
2010-01-22,51.310001373291016,51.54999923706055,50.189998626708984,50.5099983215332,21.927406311035156,3474800
2010-01-26,49.75,50.27000045776367,49.099998474121094,49.4900016784668,21.48460578918457,4364100
2010-01-27,49.63999938964844,49.63999938964844,48.150001525878906,48.810001373291016,21.18940544128418,3296100
2010-01-28,49.310001373291016,49.880001068115234,48.02000045776367,48.779998779296875,21.176376342773438,2382800
2010-01-29,49.130001068115234,49.95000076293945,48.5099983215332,48.90999984741211,21.232810974121094,3402000
2010-02-01,49.38999938964844,50.54999923706055,48.900001525878906,50.38999938964844,21.87531089782715,2664600
2010-02-02,51.16999816894531,51.189998626708984,50.099998474121094,50.38999938964844,21.87531089782715,2521700
2010-02-03,50.459999084472656,50.61000061035156,49.959999084472656,50.279998779296875,21.827552795410156,2879000
2010-02-04,49.619998931884766,49.79999923706055,47.34000015258789,47.560001373291016,20.646751403808594,4088600
2010-02-05,47.09000015258789,47.400001525878906,45.70000076293945,47.15999984741211,20.47310447692871,3775100
2010-02-08,47.56999969482422,48.70000076293945,47.20000076293945,47.5,20.62070655822754,4419400
2010-02-09,48.20000076293945,49.20000076293945,48.0,48.5,21.054819107055664,4180900
2010-02-10,48.75,48.900001525878906,47.650001525878906,48.54999923706055,21.076528549194336,2637900
2010-02-11,48.04999923706055,49.7400016784668,46.650001525878906,49.689998626708984,21.57143211364746,8213600
2010-02-12,49.150001525878906,49.849998474121094,48.70000076293945,49.349998474121094,21.423826217651367,3444200
2010-02-17,51.470001220703125,51.599998474121094,50.650001525878906,51.29999923706055,22.270362854003906,2908700
2010-02-18,51.209999084472656,52.16999816894531,50.70000076293945,52.16999816894531,22.648046493530273,2339800
2010-02-19,51.599998474121094,52.560001373291016,51.52000045776367,52.0,22.57424545288086,1529700
2010-02-22,52.349998474121094,52.5,50.939998626708984,51.0,22.140125274658203,2001400
2010-02-23,50.7599983215332,50.81999969482422,49.540000915527344,50.220001220703125,21.801513671875,3733900
2010-02-24,50.38999938964844,50.79999923706055,50.0099983215332,50.400001525878906,21.879657745361328,2643000
2010-02-25,49.689998626708984,50.95000076293945,49.220001220703125,50.70000076293945,22.009891510009766,2782600
2010-02-26,50.709999084472656,50.97999954223633,50.11000061035156,50.45000076293945,21.901357650756836,5725400
2010-03-01,50.79999923706055,51.279998779296875,50.54999923706055,50.970001220703125,22.127099990844727,2150300
2010-03-02,51.47999954223633,52.650001525878906,51.16999816894531,51.9900016784668,22.569908142089844,3674200
2010-03-03,52.40999984741211,53.0,51.880001068115234,51.880001068115234,22.52214813232422,2698500
2010-03-04,52.2599983215332,52.720001220703125,51.400001525878906,52.599998474121094,22.8347225189209,3332000
2010-03-05,53.25,54.40999984741211,53.189998626708984,54.29999923706055,23.572723388671875,4204400
2010-03-08,54.349998474121094,54.650001525878906,53.900001525878906,53.900001525878906,23.399078369140625,2722700
2010-03-09,53.54999923706055,54.900001525878906,53.45000076293945,54.29999923706055,23.572723388671875,4147300
2010-03-10,54.54999923706055,54.599998474121094,53.31999969482422,53.599998474121094,23.268831253051758,3462100
2010-03-11,53.349998474121094,53.5,52.5,52.900001525878906,22.964954376220703,2347100
2010-03-12,53.38999938964844,53.5,52.599998474121094,52.599998474121094,22.8347225189209,2271900
2010-03-15,52.349998474121094,53.13999938964844,52.349998474121094,52.900001525878906,22.964954376220703,1517300
2010-03-16,53.380001068115234,54.43000030517578,53.16999816894531,54.220001220703125,23.537992477416992,2201600
2010-03-17,54.599998474121094,54.849998474121094,53.90999984741211,54.279998779296875,23.564035415649414,2195300
2010-03-18,54.29999923706055,54.63999938964844,53.41999816894531,53.75,23.333948135375977,1786400
2010-03-19,53.95000076293945,54.099998474121094,52.95000076293945,53.16999816894531,23.0821590423584,1346400
2010-03-22,52.790000915527344,54.0,52.34000015258789,53.88999938964844,23.39472770690918,1666400
2010-03-23,55.11000061035156,56.20000076293945,54.86000061035156,55.79999923706055,24.223896026611328,3305500
2010-03-24,55.36000061035156,56.189998626708984,55.36000061035156,55.70000076293945,24.18048667907715,1884700
2010-03-25,56.20000076293945,56.83000183105469,55.29999923706055,55.29999923706055,24.006839752197266,2541500
2010-03-26,55.650001525878906,56.33000183105469,55.400001525878906,55.79999923706055,24.223896026611328,2338900
2010-03-29,56.38999938964844,57.279998779296875,56.34000015258789,57.04999923706055,24.766551971435547,2051400
2010-03-30,57.75,58.08000183105469,57.08000183105469,57.45000076293945,24.94019889831543,2887000
2010-03-31,56.900001525878906,57.63999938964844,56.29999923706055,57.150001525878906,24.80997085571289,4063900
2010-04-01,57.790000915527344,58.04999923706055,57.29999923706055,57.72999954223633,25.0617618560791,1870300
2010-04-05,58.0,58.189998626708984,57.380001068115234,57.56999969482422,24.992290496826172,1729400
2010-04-06,57.310001373291016,58.029998779296875,57.20000076293945,57.4900016784668,24.957563400268555,1553100
2010-04-07,57.25,58.5,57.18000030517578,58.06999969482422,25.20935821533203,2812600
2010-04-08,57.95000076293945,59.400001525878906,57.75,59.20000076293945,25.699907302856445,3438
2010-04-09,59.470001220703125,59.72999954223633,58.88999938964844,59.290000915527344,25.738985061645508,2956900
2010-04-12,59.400001525878906,59.880001068115234,58.75,58.880001068115234,25.560993194580078,2583400
2010-04-13,59.0,59.790000915527344,58.5099983215332,59.349998474121094,25.765024185180664,2049500
2010-04-14,59.560001373291016,60.11000061035156,59.349998474121094,59.849998474121094,25.98208236694336,2763600
2010-04-15,59.400001525878906,59.900001525878906,59.20000076293945,59.349998474121094,25.947837829589844,2502600
2010-04-16,59.0,59.4900016784668,57.900001525878906,58.529998779296875,25.58932876586914,3308400
2010-04-19,57.880001068115234,59.5099983215332,56.91999816894531,57.5,25.13901710510254,4330200
2010-04-20,57.97999954223633,57.97999954223633,56.529998779296875,56.70000076293945,24.789262771606445,2855000
2010-04-22,55.68000030517578,56.900001525878906,53.86000061035156,56.900001525878906,24.876693725585938,4179000
2010-04-23,56.689998626708984,56.900001525878906,55.81999969482422,56.400001525878906,24.658098220825195,3468100
2010-04-26,56.5099983215332,56.939998626708984,56.0,56.16999816894531,24.557537078857422,1810500
2010-04-27,55.52000045776367,55.63999938964844,53.29999923706055,53.310001373291016,23.307153701782227,4778300
2010-04-28,53.97999954223633,54.0099983215332,52.0099983215332,52.95000076293945,23.14975929260254,4624700
2010-04-29,53.599998474121094,54.400001525878906,53.36000061035156,54.400001525878906,23.783693313598633,3476100
2010-04-30,54.02000045776367,54.20000076293945,52.75,53.099998474121094,23.215335845947266,4249900
2010-05-03,53.27000045776367,53.4900016784668,51.650001525878906,51.70000076293945,22.603260040283203,4100
2010-05-04,51.150001525878906,51.20000076293945,49.290000915527344,49.36000061035156,21.5802059173584,6558200
2010-05-05,49.0,51.099998474121094,48.52000045776367,50.59000015258789,22.117965698242188,6082000
2010-05-06,50.0,51.45000076293945,47.20000076293945,49.869998931884766,21.803178787231445,6939000
2010-05-07,50.29999923706055,50.75,48.66999816894531,49.70000076293945,21.728849411010742,4755800
2010-05-10,52.209999084472656,52.61000061035156,51.470001220703125,51.810001373291016,22.651344299316406,4789700
2010-05-11,51.310001373291016,52.25,50.880001068115234,51.310001373291016,22.4327449798584,1713600
2010-05-12,51.689998626708984,51.84000015258789,50.900001525878906,51.130001068115234,22.35405158996582,1790400
2010-05-13,51.29999923706055,51.29999923706055,50.20000076293945,50.38999938964844,22.030517578125,2262300
2010-05-14,49.790000915527344,49.900001525878906,48.79999923706055,48.900001525878906,21.379100799560547,3208400
2010-05-17,48.790000915527344,49.099998474121094,47.29999923706055,48.13999938964844,21.046823501586914,3441700
2010-05-18,48.79999923706055,48.939998626708984,46.400001525878906,46.400001525878906,20.286096572875977,3604300
2010-05-19,46.08000183105469,46.4900016784668,44.810001373291016,45.5,19.892614364624023,7026000
2010-05-20,44.310001373291016,45.11000061035156,43.849998474121094,43.849998474121094,19.17123031616211,6091600
2010-05-21,44.27000045776367,47.119998931884766,44.0,46.79999923706055,20.460973739624023,3856700
2010-05-24,46.599998474121094,47.5,46.310001373291016,46.310001373291016,20.246746063232422,2638700
2010-05-25,45.029998779296875,47.029998779296875,44.34000015258789,46.720001220703125,20.425994873046875,4529300
2010-05-26,47.349998474121094,49.060001373291016,46.470001220703125,46.470001220703125,20.316696166992188,5530400
2010-05-27,48.20000076293945,49.630001068115234,48.040000915527344,49.400001525878906,21.597694396972656,5069400
2010-05-28,49.400001525878906,50.02000045776367,48.459999084472656,48.95000076293945,21.400957107543945,4415600
2010-05-31,49.29999923706055,50.150001525878906,49.29999923706055,50.0,21.860010147094727,4773100
2010-06-01,48.81999969482422,49.689998626708984,48.79999923706055,48.91999816894531,21.387832641601562,3569900
2010-06-02,48.79999923706055,50.400001525878906,48.79999923706055,49.95000076293945,21.838151931762695,2041600
2010-06-04,48.47999954223633,48.77000045776367,46.91999816894531,47.59000015258789,20.806358337402344,4752600
2010-06-07,47.720001220703125,47.900001525878906,46.0099983215332,46.099998474121094,20.154930114746094,2827700
2010-06-08,46.5,47.099998474121094,45.900001525878906,46.59000015258789,20.36916732788086,1947000
2010-06-09,47.150001525878906,48.20000076293945,46.7599983215332,46.7599983215332,20.443485260009766,3258200
2010-06-10,47.400001525878906,48.220001220703125,47.400001525878906,47.61000061035156,20.815105438232422,2591200
2010-06-11,47.400001525878906,48.470001220703125,47.099998474121094,48.189998626708984,21.068683624267578,1907100
2010-06-14,48.95000076293945,49.349998474121094,48.02000045776367,48.220001220703125,21.081796646118164,2522100
2010-06-15,48.61000061035156,49.220001220703125,48.310001373291016,48.90999984741211,21.38346290588379,1895100
2010-06-16,48.650001525878906,49.68000030517578,48.25,48.29999923706055,21.11677360534668,4198000
2010-06-17,48.63999938964844,48.70000076293945,47.0,47.45000076293945,20.745155334472656,2743000
2010-06-18,47.45000076293945,47.689998626708984,46.79999923706055,46.91999816894531,20.5134334564209,2393
2010-06-21,48.5,49.08000183105469,48.29999923706055,48.470001220703125,21.19110107421875,3183200
2010-06-22,48.61000061035156,48.959999084472656,48.0,48.0,20.985612869262695,3232800
2010-06-23,48.41999816894531,48.599998474121094,47.779998779296875,48.59000015258789,21.243558883666992,2140200
2010-06-24,48.369998931884766,48.5,47.400001525878906,47.5,20.767017364501953,2402900
2010-06-25,47.5,48.25,47.20000076293945,48.08000183105469,21.02058982849121,1951800
2010-06-28,48.0,48.43000030517578,47.040000915527344,47.18000030517578,20.62710952758789,2358500
2010-06-29,45.7599983215332,45.88999938964844,44.5,44.900001525878906,19.630300521850586,3864500
2010-06-30,44.81999969482422,45.09000015258789,43.5,43.650001525878906,19.08379554748535,3167100
2010-07-01,43.61000061035156,44.0099983215332,42.84000015258789,43.84000015258789,19.16686248779297,3227800
2010-07-02,44.0099983215332,44.310001373291016,43.0,43.619998931884766,19.07067108154297,2975200
2010-07-05,43.599998474121094,43.84000015258789,42.5,43.0,18.799610137939453,1301700
2010-07-06,44.20000076293945,44.349998474121094,42.93000030517578,43.540000915527344,19.03570556640625,3822700
2010-07-07,43.5,44.619998931884766,43.099998474121094,44.59000015258789,19.49475860595703,2398000
2010-07-08,44.97999954223633,45.7599983215332,44.04999923706055,44.7400016784668,19.560338973999023,2487000
2010-07-12,44.81999969482422,45.459999084472656,43.7599983215332,43.77000045776367,19.13625717163086,1986300
2010-07-13,44.61000061035156,44.63999938964844,43.86000061035156,44.15999984741211,19.306760787963867,2156000
2010-07-14,44.349998474121094,44.349998474121094,43.619998931884766,44.16999816894531,19.311138153076172,1654300
2010-07-15,44.09000015258789,44.09000015258789,43.29999923706055,43.81999969482422,19.158117294311523,2171900
2010-07-16,43.5,43.66999816894531,42.849998474121094,42.849998474121094,18.734031677246094,2686100
2010-07-19,43.20000076293945,44.04999923706055,43.099998474121094,44.04999923706055,19.2586727142334,1655500
2010-07-20,43.939998626708984,46.63999938964844,43.849998474121094,46.540000915527344,20.347299575805664,6179900
2010-07-21,47.0099983215332,48.0099983215332,46.52000045776367,46.810001373291016,20.465341567993164,3990000
2010-07-22,47.560001373291016,48.400001525878906,47.45000076293945,47.79999923706055,20.89817237854004,2912600
2010-07-23,47.9900016784668,48.5,47.209999084472656,48.16999816894531,21.0599422454834,1907800
2010-07-26,48.22999954223633,48.779998779296875,47.95000076293945,48.189998626708984,21.068683624267578,1479400
2010-07-27,48.599998474121094,48.790000915527344,47.599998474121094,48.0,20.985612869262695,2518100
2010-07-28,47.84000015258789,48.849998474121094,47.79999923706055,48.849998474121094,21.35723304748535,2583600
2010-07-29,49.0,49.29999923706055,48.2599983215332,48.400001525878906,21.160493850708008,3991200
2010-07-30,48.150001525878906,49.189998626708984,47.900001525878906,48.54999923706055,21.2260684967041,3432800
2010-08-02,49.0,50.689998626708984,49.0,50.529998779296875,22.09173011779785,3744000
2010-08-03,50.45000076293945,50.970001220703125,49.900001525878906,50.470001220703125,22.065494537353516,2223100
2010-08-04,50.880001068115234,50.959999084472656,49.79999923706055,50.43000030517578,22.04801368713379,2657600
2010-08-05,50.29999923706055,50.7599983215332,50.13999938964844,50.650001525878906,22.144197463989258,1571700
2010-08-06,50.2599983215332,50.849998474121094,50.20000076293945,50.58000183105469,22.113590240478516,1592800
2010-08-09,50.81999969482422,51.150001525878906,50.52000045776367,50.709999084472656,22.170429229736328,1360900
2010-08-10,50.04999923706055,50.29999923706055,49.43000030517578,50.0,21.860010147094727,2628400
2010-08-11,49.150001525878906,49.209999084472656,48.310001373291016,48.310001373291016,21.12114906311035,2689600
2010-08-12,47.849998474121094,48.86000061035156,47.790000915527344,48.720001220703125,21.300399780273438,2201100
2010-08-13,48.68000030517578,49.400001525878906,48.630001068115234,48.79999923706055,21.335372924804688,2032600
2010-08-16,48.790000915527344,49.779998779296875,48.790000915527344,49.439998626708984,21.615182876586914,1683400
2010-08-17,49.880001068115234,50.150001525878906,49.29999923706055,50.0099983215332,21.864391326904297,2569100
2010-08-18,50.08000183105469,50.470001220703125,49.54999923706055,50.349998474121094,22.01303482055664,3106000
2010-08-19,50.220001220703125,50.88999938964844,49.79999923706055,49.849998474121094,21.794431686401367,2316200
2010-08-20,49.97999954223633,49.9900016784668,48.959999084472656,49.2400016784668,21.52774429321289,2754400
2010-08-23,49.529998779296875,49.54999923706055,47.709999084472656,47.83000183105469,20.91129493713379,3843500
2010-08-24,47.130001068115234,47.38999938964844,46.599998474121094,46.79999923706055,20.460973739624023,2609600
2010-08-25,46.599998474121094,46.79999923706055,45.810001373291016,46.380001068115234,20.277347564697266,3610200
2010-08-26,46.599998474121094,47.20000076293945,45.7400016784668,45.86000061035156,20.050003051757812,2681400
2010-08-27,46.400001525878906,47.45000076293945,45.970001220703125,47.45000076293945,20.745155334472656,3213600
2010-08-30,47.150001525878906,47.25,45.58000183105469,46.130001068115234,20.168048858642578,2496
2010-08-31,46.20000076293945,47.02000045776367,46.16999816894531,46.880001068115234,20.49594497680664,2688800
2010-09-01,47.209999084472656,49.22999954223633,47.209999084472656,49.189998626708984,21.505884170532227,5270
2010-09-02,49.04999923706055,49.09000015258789,48.33000183105469,48.58000183105469,21.239187240600586,1862500
2010-09-03,49.45000076293945,49.45000076293945,48.349998474121094,48.400001525878906,21.160493850708008,2346600
2010-09-06,48.869998931884766,48.869998931884766,47.63999938964844,48.0,20.985612869262695,665200
2010-09-08,47.5,47.66999816894531,46.95000076293945,47.189998626708984,20.63148307800293,1794100
2010-09-09,47.470001220703125,47.79999923706055,47.13999938964844,47.29999923706055,20.679576873779297,1701300
2010-09-10,47.349998474121094,47.400001525878906,46.56999969482422,46.86000061035156,20.487205505371094,1680500
2010-09-13,47.599998474121094,48.29999923706055,47.41999816894531,48.20000076293945,21.07305145263672,2098500
2010-09-14,48.20000076293945,48.54999923706055,47.56999969482422,47.79999923706055,20.89817237854004,2831200
2010-09-15,47.7599983215332,48.08000183105469,47.27000045776367,48.08000183105469,21.02058982849121,2836000
2010-09-16,47.9900016784668,47.9900016784668,47.5099983215332,47.77000045776367,20.885055541992188,2816700
2010-09-17,47.75,47.869998931884766,47.130001068115234,47.130001068115234,20.60525131225586,2490700
2010-09-20,47.4900016784668,48.099998474121094,47.08000183105469,48.099998474121094,21.02933692932129,2416500
2010-09-21,48.150001525878906,48.61000061035156,47.619998931884766,48.25,21.09491539001465,3159200
2010-09-22,47.0,49.70000076293945,47.0,49.29999923706055,21.553979873657227,2993
2010-09-23,48.75,50.04999923706055,48.75,49.13999938964844,21.484024047851562,4905000
2010-09-24,50.29999923706055,50.900001525878906,50.15999984741211,50.83000183105469,22.2228946685791,5613400
2010-09-27,50.900001525878906,52.20000076293945,50.72999954223633,51.7599983215332,22.629486083984375,3149500
2010-09-28,51.900001525878906,52.369998931884766,51.25,52.15999984741211,22.804365158081055,2964800
2010-09-29,51.849998474121094,52.29999923706055,51.70000076293945,52.189998626708984,22.817481994628906,3565500
2010-09-30,52.400001525878906,52.689998626708984,51.790000915527344,52.29999923706055,22.865575790405273,3922700
2010-10-01,52.61000061035156,52.93000030517578,52.18000030517578,52.79999923706055,23.08417320251465,3683100
2010-10-04,52.41999816894531,52.84000015258789,52.25,52.84000015258789,23.10166358947754,2899400
2010-10-05,53.099998474121094,53.70000076293945,52.65999984741211,53.5099983215332,23.39458656311035,2913800
2010-10-06,53.560001373291016,54.099998474121094,53.29999923706055,53.66999816894531,23.464542388916016,3956000
2010-10-07,53.95000076293945,53.959999084472656,53.119998931884766,53.47999954223633,23.3814697265625,4463500
2010-10-08,53.400001525878906,53.88999938964844,53.130001068115234,53.29999923706055,23.302776336669922,3227200
2010-10-11,53.38999938964844,53.79999923706055,53.130001068115234,53.599998474121094,23.43392562866211,1391000
2010-10-13,53.7599983215332,53.91999816894531,53.540000915527344,53.54999923706055,23.41206932067871,4187100
2010-10-14,53.59000015258789,54.529998779296875,53.5,53.75,23.499509811401367,3305000
2010-10-15,53.7400016784668,53.88999938964844,52.79999923706055,53.349998474121094,23.56805419921875,2104200
2010-10-18,53.27000045776367,54.70000076293945,53.25,54.5,24.07608985900879,2388100
2010-10-19,53.5099983215332,54.20000076293945,52.900001525878906,53.20000076293945,23.501792907714844,3251900
2010-10-20,53.400001525878906,54.9900016784668,53.400001525878906,54.779998779296875,24.19977378845215,3324800
2010-10-21,55.029998779296875,55.27000045776367,53.33000183105469,53.900001525878906,23.81102752685547,4171500
2010-10-22,54.0,54.25,52.88999938964844,53.95000076293945,23.833112716674805,3998100
2010-10-25,54.279998779296875,54.83000183105469,54.04999923706055,54.400001525878906,24.031909942626953,3288300
2010-10-26,54.33000183105469,55.439998626708984,53.689998626708984,55.20000076293945,24.385313034057617,3250000
2010-10-27,54.5099983215332,55.290000915527344,54.02000045776367,54.650001525878906,24.142343521118164,4663000
2010-10-28,55.599998474121094,55.630001068115234,53.59000015258789,53.599998474121094,23.678495407104492,4596900
2010-10-29,53.650001525878906,54.119998931884766,53.27000045776367,53.599998474121094,23.678495407104492,4195300
2010-11-01,54.0,54.79999923706055,53.599998474121094,54.79999923706055,24.2086181640625,3000400
2010-11-03,54.959999084472656,54.9900016784668,53.810001373291016,54.20000076293945,23.94355583190918,3953000
2010-11-04,54.790000915527344,55.880001068115234,54.47999954223633,55.59000015258789,24.557601928710938,3321500
2010-11-05,55.5,56.25,55.099998474121094,55.70000076293945,24.606201171875,3217700
2010-11-08,55.31999969482422,56.529998779296875,55.31999969482422,56.099998474121094,24.78290367126465,2237100
2010-11-09,56.400001525878906,57.189998626708984,55.900001525878906,55.900001525878906,24.69454574584961,3076000
2010-11-10,55.56999969482422,56.16999816894531,54.93000030517578,55.79999923706055,24.650371551513672,2514100
2010-11-11,55.790000915527344,56.380001068115234,55.40999984741211,56.040000915527344,24.756397247314453,2346300
2010-11-12,55.0,56.5,54.52000045776367,55.0,24.296964645385742,2691600
2010-11-16,54.689998626708984,54.75,53.279998779296875,53.88999938964844,23.80661392211914,3579800
2010-11-17,54.099998474121094,54.43000030517578,53.56999969482422,53.810001373291016,23.771268844604492,1925300
2010-11-18,54.54999923706055,55.31999969482422,54.310001373291016,55.2400016784668,24.40299415588379,2726200
2010-11-19,54.65999984741211,55.66999816894531,54.40999984741211,55.45000076293945,24.49576187133789,3164900
2010-11-22,54.939998626708984,55.66999816894531,54.849998474121094,55.29999923706055,24.42949104309082,2885200
2010-11-23,54.66999816894531,54.83000183105469,53.720001220703125,53.900001525878906,23.81102752685547,3505800
2010-11-24,54.439998626708984,55.4900016784668,54.2599983215332,55.27000045776367,24.416244506835938,2129400
2010-11-25,55.20000076293945,55.54999923706055,54.91999816894531,54.91999816894531,24.261625289916992,858400
2010-11-26,54.5,54.72999954223633,54.04999923706055,54.09000015258789,23.894956588745117,2189100
2010-11-29,53.939998626708984,54.5,53.470001220703125,54.209999084472656,23.94797706604004,3583700
2010-11-30,54.099998474121094,54.599998474121094,53.529998779296875,53.560001373291016,23.660829544067383,4513700
2010-12-01,54.529998779296875,55.5,54.369998931884766,55.29999923706055,24.42949104309082,2625600
2010-12-02,55.45000076293945,56.400001525878906,55.209999084472656,55.900001525878906,24.69454574584961,2661800
2010-12-03,55.849998474121094,56.689998626708984,55.70000076293945,56.599998474121094,25.003787994384766,2356900
2010-12-06,56.59000015258789,57.040000915527344,56.54999923706055,56.849998474121094,25.114229202270508,1424100
2010-12-07,57.400001525878906,57.630001068115234,56.720001220703125,56.720001220703125,25.056793212890625,1996600
2010-12-08,56.439998626708984,56.650001525878906,55.459999084472656,55.459999084472656,24.50017547607422,3029100
2010-12-09,55.56999969482422,56.38999938964844,55.56999969482422,56.06999969482422,24.7696533203125,2351500
2010-12-10,56.47999954223633,56.810001373291016,56.09000015258789,56.77000045776367,25.078886032104492,2136900
2010-12-13,57.08000183105469,58.43000030517578,56.9900016784668,58.189998626708984,25.706195831298828,2827700
2010-12-14,57.959999084472656,58.45000076293945,57.56999969482422,57.68000030517578,25.480894088745117,1950700
2010-12-15,57.380001068115234,57.54999923706055,56.79999923706055,56.79999923706055,25.092140197753906,2473800
2010-12-16,57.0,57.400001525878906,56.58000183105469,56.75,25.070049285888672,2226400
2010-12-17,56.880001068115234,57.099998474121094,56.40999984741211,56.900001525878906,25.13631820678711,2921400
2010-12-20,57.279998779296875,57.29999923706055,56.5,56.5,24.959613800048828,2207500
2010-12-21,56.849998474121094,57.54999923706055,56.79999923706055,57.189998626708984,25.264427185058594,2562800
2010-12-22,57.15999984741211,57.22999954223633,56.689998626708984,57.029998779296875,25.193744659423828,1659300
2010-12-23,57.06999969482422,57.25,56.84000015258789,56.849998474121094,25.114229202270508,1456800
2010-12-27,56.75,56.75,55.22999954223633,55.22999954223633,24.39857292175293,3026600
2010-12-28,55.41999816894531,55.5,54.540000915527344,54.7400016784668,24.182111740112305,2335900
2010-12-29,55.0,55.400001525878906,54.779998779296875,55.119998931884766,24.349979400634766,2680300
2010-12-30,55.40999984741211,56.0099983215332,55.119998931884766,55.33000183105469,24.442752838134766,3486800
2011-01-03,56.29999923706055,57.4900016784668,56.029998779296875,56.970001220703125,25.167238235473633,5107800
2011-01-04,57.5,58.2599983215332,57.47999954223633,58.150001525878906,25.688528060913086,4104200
2011-01-05,57.709999084472656,59.27000045776367,57.70000076293945,59.20000076293945,26.152366638183594,3288400
2011-01-06,59.150001525878906,59.540000915527344,58.439998626708984,58.439998626708984,25.816631317138672,2986900
2011-01-07,58.540000915527344,58.70000076293945,57.52000045776367,58.0,25.622255325317383,2775200
2011-01-10,57.630001068115234,58.439998626708984,57.45000076293945,57.88999938964844,25.573659896850586,2833200
2011-01-11,58.439998626708984,59.0,58.349998474121094,58.5,25.843130111694336,2793300
2011-01-12,59.06999969482422,60.20000076293945,59.0,60.119998931884766,26.55879020690918,4895100
2011-01-13,60.15999984741211,60.7400016784668,59.70000076293945,59.70000076293945,26.373249053955078,3285100
2011-01-14,59.5,60.16999816894531,59.22999954223633,59.959999084472656,26.488107681274414,2793000
2011-01-17,59.4900016784668,60.470001220703125,59.25,60.16999816894531,26.72351837158203,1496400
2011-01-18,60.459999084472656,61.220001220703125,60.08000183105469,60.91999816894531,27.056621551513672,2545400
2011-01-19,61.0099983215332,61.130001068115234,59.599998474121094,59.599998474121094,26.470365524291992,2695300
2011-01-20,59.34000015258789,59.599998474121094,58.02000045776367,58.599998474121094,26.026229858398438,4423200
2011-01-21,59.25,59.75,58.619998931884766,59.0,26.20389175415039,1920200
2011-01-24,59.20000076293945,59.79999923706055,58.70000076293945,59.400001525878906,26.381542205810547,1766900
2011-01-26,59.150001525878906,59.599998474121094,58.91999816894531,59.349998474121094,26.359333038330078,2714300
2011-01-27,59.56999969482422,59.61000061035156,58.58000183105469,58.7599983215332,26.097293853759766,2259200
2011-01-28,58.650001525878906,58.65999984741211,56.369998931884766,57.06999969482422,25.346704483032227,3728400
2011-01-31,57.22999954223633,57.630001068115234,56.86000061035156,57.08000183105469,25.351152420043945,2203800
2011-02-01,57.40999984741211,58.75,57.40999984741211,58.75,26.092853546142578,4865
2011-02-02,58.4900016784668,59.0,57.130001068115234,57.400001525878906,25.493276596069336,2477800
2011-02-03,58.720001220703125,58.720001220703125,56.5,57.29999923706055,25.44886016845703,2022
2011-02-04,57.15999984741211,57.630001068115234,55.900001525878906,56.34000015258789,25.022491455078125,2382500
2011-02-07,56.95000076293945,57.20000076293945,56.06999969482422,56.7599983215332,25.209026336669922,2316600
2011-02-08,56.65999984741211,57.290000915527344,56.029998779296875,56.43000030517578,25.062463760375977,1792
2011-02-09,55.93000030517578,56.5099983215332,54.540000915527344,54.599998474121094,24.249696731567383,2174500
2011-02-10,54.40999984741211,55.880001068115234,54.40999984741211,55.310001373291016,24.565034866333008,3693000
2011-02-11,55.400001525878906,56.470001220703125,55.11000061035156,56.45000076293945,25.07135009765625,3476200
2011-02-14,56.45000076293945,57.88999938964844,56.45000076293945,57.54999923706055,25.559892654418945,2407700
2011-02-15,57.369998931884766,57.900001525878906,56.9900016784668,57.36000061035156,25.475509643554688,2428800
2011-02-16,57.40999984741211,58.189998626708984,57.25,57.90999984741211,25.71977996826172,2907400
2011-02-17,58.18000030517578,58.290000915527344,57.470001220703125,57.9900016784668,25.755311965942383,2943400
2011-02-18,57.68000030517578,58.02000045776367,57.119998931884766,57.400001525878906,25.493276596069336,2280800
2011-02-21,57.13999938964844,57.13999938964844,56.04999923706055,56.099998474121094,24.91590118408203,775600
2011-02-22,55.91999816894531,56.59000015258789,54.849998474121094,54.97999954223633,24.418474197387695,4495400
2011-02-23,55.220001220703125,56.119998931884766,54.599998474121094,56.0,24.871488571166992,3257100
2011-02-24,56.0,56.0,56.0,56.0,24.871488571166992,0
2011-02-25,56.900001525878906,57.099998474121094,55.68000030517578,55.70000076293945,24.738243103027344,2695700
2011-02-28,55.939998626708984,56.34000015258789,55.689998626708984,56.29999923706055,25.00472640991211,2654000
2011-03-01,56.349998474121094,56.5099983215332,55.11000061035156,55.2400016784668,24.533945083618164,2473100
2011-03-02,55.0,56.2400016784668,54.81999969482422,56.18000030517578,24.951427459716797,2390000
2011-03-03,56.599998474121094,56.72999954223633,56.27000045776367,56.599998474121094,25.13796615600586,2093400
2011-03-04,56.349998474121094,56.529998779296875,55.25,55.650001525878906,24.716035842895508,2749100
2011-03-09,55.650001525878906,55.650001525878906,55.650001525878906,55.650001525878906,24.716035842895508,0
2011-03-10,52.959999084472656,52.959999084472656,51.72999954223633,52.099998474121094,23.13936424255371,5862700
2011-03-11,51.90999984741211,52.91999816894531,51.47999954223633,52.81999969482422,23.459142684936523,3897300
2011-03-14,52.41999816894531,53.0,51.88999938964844,53.0,23.53908348083496,2864600
2011-03-15,51.209999084472656,52.2599983215332,50.72999954223633,52.04999923706055,23.117156982421875,4634700
2011-03-16,52.45000076293945,52.47999954223633,50.599998474121094,50.75,22.539779663085938,4272000
2011-03-17,51.54999923706055,52.349998474121094,51.310001373291016,52.189998626708984,23.17934226989746,5078400
2011-03-18,52.560001373291016,53.27000045776367,52.45000076293945,52.880001068115234,23.485795974731445,3065600
2011-03-21,53.0,53.75,52.90999984741211,53.20000076293945,23.627912521362305,1625
2011-03-22,52.84000015258789,52.880001068115234,52.04999923706055,52.70000076293945,23.40584373474121,2107800
2011-03-23,52.70000076293945,53.68000030517578,52.70000076293945,53.4900016784668,23.756711959838867,2787900
2011-03-24,53.5,53.540000915527344,52.16999816894531,52.16999816894531,23.170452117919922,1965
2011-03-25,52.810001373291016,53.2599983215332,52.16999816894531,52.79999923706055,23.450260162353516,3479100
2011-03-28,52.40999984741211,53.13999938964844,52.31999969482422,52.5099983215332,23.321455001831055,1970600
2011-03-29,52.650001525878906,53.900001525878906,52.58000183105469,53.59000015258789,23.80112648010254,2643500
2011-03-30,53.279998779296875,53.849998474121094,52.75,52.900001525878906,23.494670867919922,2643500
2011-03-31,53.0,53.52000045776367,52.2400016784668,53.349998474121094,23.694534301757812,4862100
2011-04-01,53.349998474121094,53.349998474121094,53.349998474121094,53.349998474121094,23.694534301757812,0
2011-04-04,53.45000076293945,54.150001525878906,52.630001068115234,54.150001525878906,24.049840927124023,4200400
2011-04-05,53.7400016784668,54.79999923706055,53.7400016784668,54.400001525878906,24.160873413085938,4200400
2011-04-06,54.58000183105469,54.70000076293945,53.41999816894531,53.54999923706055,23.783361434936523,4676300
2011-04-07,53.54999923706055,53.63999938964844,52.70000076293945,53.11000061035156,23.587942123413086,3407100
2011-04-08,53.380001068115234,53.380001068115234,52.630001068115234,53.0,23.53908348083496,2722200
2011-04-11,53.27000045776367,53.56999969482422,52.810001373291016,53.06999969482422,23.57017707824707,2679500
2011-04-12,52.52000045776367,52.61000061035156,51.77000045776367,52.0,23.094953536987305,2915400
2011-04-13,52.349998474121094,52.38999938964844,51.11000061035156,51.25,22.761850357055664,3692100
2011-04-14,50.709999084472656,51.459999084472656,50.52000045776367,51.279998779296875,23.048723220825195,3970000
2011-04-15,51.5,51.56999969482422,50.75,51.150001525878906,22.99028778076172,2343500
2011-04-18,50.849998474121094,50.959999084472656,50.0099983215332,50.63999938964844,22.761056900024414,2222100
2011-04-19,50.93000030517578,51.220001220703125,50.599998474121094,51.099998474121094,22.967819213867188,2737800
2011-04-20,52.130001068115234,52.130001068115234,51.709999084472656,52.029998779296875,23.385818481445312,2879700
2011-04-25,52.04999923706055,52.540000915527344,51.5,52.540000915527344,23.61505699157715,3007700
2011-04-26,52.4900016784668,52.650001525878906,52.22999954223633,52.58000183105469,23.63302993774414,3452100
2011-04-27,52.5,52.59000015258789,51.400001525878906,51.900001525878906,23.327390670776367,3603700
2011-04-28,51.45000076293945,51.939998626708984,51.27000045776367,51.5,23.147605895996094,3962500
2011-04-29,51.599998474121094,52.029998779296875,51.0,51.790000915527344,23.277950286865234,3882300
2011-05-02,51.81999969482422,51.95000076293945,50.72999954223633,51.220001220703125,23.021751403808594,4291100
2011-05-03,51.0,51.0,49.90999984741211,50.04999923706055,22.495880126953125,2769300
2011-05-04,50.27000045776367,50.29999923706055,49.029998779296875,49.119998931884766,22.077869415283203,5822700
2011-05-05,48.849998474121094,49.959999084472656,48.7599983215332,49.7400016784668,22.35654067993164,5286700
2011-05-06,50.130001068115234,50.36000061035156,49.369998931884766,49.75,22.361040115356445,3748600
2011-05-09,49.75,50.470001220703125,49.41999816894531,50.08000183105469,22.509357452392578,674
2011-05-10,50.08000183105469,50.08000183105469,50.08000183105469,50.08000183105469,22.509357452392578,0
2011-05-11,49.619998931884766,49.70000076293945,48.2400016784668,48.36000061035156,21.736276626586914,3430400
2011-05-12,47.970001220703125,48.86000061035156,47.41999816894531,48.45000076293945,21.77672576904297,2975600
2011-05-13,48.209999084472656,48.58000183105469,47.38999938964844,47.65999984741211,21.421648025512695,2396900
2011-05-16,47.65999984741211,47.65999984741211,47.65999984741211,47.65999984741211,21.421648025512695,0
2011-05-17,47.36000061035156,48.06999969482422,47.06999969482422,47.959999084472656,21.55649185180664,1990100
2011-05-18,48.119998931884766,48.63999938964844,47.90999984741211,48.11000061035156,21.62390899658203,2928600
2011-05-19,48.68000030517578,49.04999923706055,48.45000076293945,48.540000915527344,21.817182540893555,2825600
2011-05-20,48.81999969482422,49.20000076293945,48.25,48.75,21.911571502685547,4131100
2011-05-23,47.86000061035156,48.70000076293945,47.79999923706055,48.70000076293945,21.889095306396484,1939900
2011-05-24,48.900001525878906,49.310001373291016,48.779998779296875,49.15999984741211,22.095848083496094,1943700
2011-05-25,49.060001373291016,49.5,48.95000076293945,49.279998779296875,22.14978790283203,2141900
2011-05-26,49.0,50.04999923706055,49.0,50.04999923706055,22.495880126953125,2815000
2011-05-27,50.27000045776367,50.689998626708984,50.04999923706055,50.349998474121094,22.630714416503906,3257200
2011-05-30,50.79999923706055,50.79999923706055,50.09000015258789,50.13999938964844,22.53632926940918,673300
2011-05-31,50.689998626708984,50.689998626708984,49.77000045776367,50.25,22.585769653320312,4042700
2011-06-01,50.0,50.349998474121094,49.56999969482422,49.77000045776367,22.370023727416992,3218300
2011-06-02,49.790000915527344,50.099998474121094,49.27000045776367,49.849998474121094,22.405988693237305,4069400
2011-06-03,49.4900016784668,49.84000015258789,49.15999984741211,49.43000030517578,22.217205047607422,5049500
2011-06-06,49.43000030517578,49.52000045776367,48.849998474121094,49.04999923706055,22.046405792236328,2078700
2011-06-07,49.400001525878906,49.4900016784668,48.849998474121094,48.959999084472656,22.005956649780273,3341700
2011-06-08,48.59000015258789,49.0,48.529998779296875,49.0,22.02393913269043,2188500
2011-06-09,49.04999923706055,49.59000015258789,48.79999923706055,49.540000915527344,22.266645431518555,1943900
2011-06-10,49.40999984741211,49.41999816894531,48.7400016784668,48.9900016784668,22.01944351196289,2065800
2011-06-13,48.88999938964844,48.97999954223633,47.959999084472656,48.08000183105469,21.61042594909668,3338500
2011-06-14,48.349998474121094,48.4900016784668,47.95000076293945,48.31999969482422,21.71829605102539,4334000
2011-06-15,47.869998931884766,48.0,47.45000076293945,48.0,21.5744686126709,4116700
2011-06-16,48.0,48.150001525878906,47.040000915527344,47.459999084472656,21.331754684448242,3235900
2011-06-17,47.7400016784668,47.79999923706055,46.880001068115234,47.220001220703125,21.22388458251953,3107600
2011-06-20,46.970001220703125,48.08000183105469,46.970001220703125,47.95000076293945,21.5519962310791,2337400
2011-06-21,48.150001525878906,48.72999954223633,48.150001525878906,48.38999938964844,21.7497615814209,2845800
2011-06-22,48.20000076293945,49.04999923706055,48.09000015258789,48.54999923706055,21.821674346923828,3192600
2011-06-24,48.70000076293945,49.0,48.529998779296875,48.880001068115234,21.969999313354492,2098200
2011-06-27,48.709999084472656,48.95000076293945,48.290000915527344,48.52000045776367,21.808195114135742,3447500
2011-06-28,48.70000076293945,49.11000061035156,48.599998474121094,49.11000061035156,22.073375701904297,2681200
2011-06-29,49.290000915527344,49.36000061035156,48.849998474121094,49.13999938964844,22.08686065673828,3372200
2011-06-30,49.25,49.599998474121094,49.13999938964844,49.4900016784668,22.24417495727539,3518500
2011-07-01,50.150001525878906,51.720001220703125,50.06999969482422,51.689998626708984,23.23300552368164,6465100
2011-07-04,51.5,52.470001220703125,51.349998474121094,52.349998474121094,23.52964973449707,1438300
2011-07-05,52.060001373291016,52.150001525878906,51.209999084472656,51.29999923706055,23.057714462280273,3852200
2011-07-06,51.040000915527344,51.34000015258789,50.720001220703125,51.130001068115234,22.981304168701172,2059700
2011-07-07,51.58000183105469,51.810001373291016,51.40999984741211,51.45000076293945,23.125139236450195,3439100
2011-07-08,51.04999923706055,51.31999969482422,50.849998474121094,51.099998474121094,22.967819213867188,3487300
2011-07-11,50.75,50.75,50.36000061035156,50.65999984741211,22.77005958557129,2995200
2011-07-12,50.470001220703125,51.20000076293945,50.27000045776367,50.70000076293945,22.788028717041016,2341400
2011-07-13,51.04999923706055,51.630001068115234,51.0099983215332,51.33000183105469,23.071197509765625,2919200
2011-07-14,51.20000076293945,51.4900016784668,50.29999923706055,50.630001068115234,22.756568908691406,3964600
2011-07-15,50.650001525878906,50.779998779296875,50.27000045776367,50.599998474121094,22.74308204650879,3286700
2011-07-18,50.439998626708984,51.029998779296875,50.279998779296875,50.75,22.810504913330078,2993600
2011-07-19,51.0,51.2599983215332,50.540000915527344,50.86000061035156,22.85995101928711,2604500
2011-07-20,51.099998474121094,51.209999084472656,50.619998931884766,50.86000061035156,22.85995101928711,3916000
2011-07-21,50.849998474121094,51.5,50.68000030517578,51.0099983215332,22.9273738861084,3384800
2011-07-22,50.95000076293945,51.369998931884766,50.88999938964844,51.16999816894531,22.99927520751953,4026700
2011-07-25,51.279998779296875,51.40999984741211,50.86000061035156,51.15999984741211,22.994787216186523,1790
2011-07-26,51.189998626708984,51.5,50.709999084472656,51.08000183105469,22.958831787109375,2978600
2011-07-27,50.900001525878906,51.16999816894531,50.54999923706055,50.689998626708984,22.78353500366211,4454700
2011-07-28,50.869998931884766,51.27000045776367,50.7400016784668,51.150001525878906,22.99028778076172,4635200
2011-07-29,51.130001068115234,51.130001068115234,49.810001373291016,50.130001068115234,22.531835556030273,3510
2011-08-01,50.5099983215332,50.77000045776367,49.790000915527344,50.20000076293945,22.56330108642578,4592400
2011-08-02,50.11000061035156,50.38999938964844,49.13999938964844,49.150001525878906,22.091358184814453,3544500
2011-08-03,48.869998931884766,49.099998474121094,46.45000076293945,47.86000061035156,21.51154327392578,6207100
2011-08-04,46.5,46.66999816894531,44.77000045776367,45.099998474121094,20.271011352539062,8555300
2011-08-05,45.189998626708984,45.91999816894531,42.689998626708984,44.0,19.776594161987305,8377500
2011-08-08,41.70000076293945,42.13999938964844,39.54999923706055,39.810001373291016,17.89332389831543,8566500
2011-08-09,40.720001220703125,42.220001220703125,40.27000045776367,41.849998474121094,18.81023597717285,9314700
2011-08-10,41.599998474121094,42.40999984741211,41.0,41.88999938964844,18.828218460083008,5815000
2011-08-11,42.5,43.90999984741211,41.959999084472656,43.70000076293945,19.641756057739258,5550000
2011-08-12,43.029998779296875,43.2599983215332,42.25,42.59000015258789,19.560646057128906,4951300
2011-08-15,43.099998474121094,43.63999938964844,42.90999984741211,43.369998931884766,19.918886184692383,3739000
2011-08-16,42.880001068115234,43.22999954223633,42.45000076293945,43.06999969482422,19.781103134155273,4973600
2011-08-17,43.0099983215332,43.83000183105469,42.93000030517578,43.79999923706055,20.11637306213379,5192200
2011-08-18,41.29999923706055,41.810001373291016,40.81999969482422,41.599998474121094,19.10596466064453,6494100
2011-08-19,41.0,41.959999084472656,40.709999084472656,41.0,18.830392837524414,7407900
2011-08-22,41.66999816894531,41.81999969482422,40.869998931884766,40.939998626708984,18.80284309387207,4024100
2011-08-23,41.0,42.29999923706055,40.79999923706055,42.29999923706055,19.42745590209961,5473000
2011-08-24,42.25,42.63999938964844,41.70000076293945,42.56999969482422,19.55146598815918,3621800
2011-08-25,42.560001373291016,42.689998626708984,41.689998626708984,42.099998474121094,19.335601806640625,5012100
2011-08-26,41.79999923706055,43.099998474121094,41.189998626708984,42.810001373291016,19.661691665649414,3930900
2011-08-29,43.2400016784668,43.939998626708984,43.22999954223633,43.900001525878906,20.16230583190918,7141300
2011-08-30,43.5,44.279998779296875,43.45000076293945,44.0,20.20823097229004,3673800
2011-08-31,44.349998474121094,44.86000061035156,44.0,44.79999923706055,20.57564926147461,5086600
2011-09-01,45.0,45.33000183105469,44.599998474121094,45.06999969482422,20.69965934753418,6437600
2011-09-02,44.79999923706055,44.79999923706055,43.90999984741211,44.40999984741211,20.396535873413086,3528300
2011-09-05,43.54999923706055,43.880001068115234,43.16999816894531,43.400001525878906,19.93265724182129,1319500
2011-09-06,42.93000030517578,44.77000045776367,42.70000076293945,44.619998931884766,20.492979049682617,4851100
2011-09-08,45.380001068115234,45.959999084472656,45.20000076293945,45.599998474121094,20.94307518005371,4389000
2011-09-09,45.220001220703125,45.38999938964844,44.400001525878906,44.900001525878906,20.621580123901367,3799400
2011-09-12,44.099998474121094,45.2400016784668,43.84000015258789,45.15999984741211,20.74099349975586,2930300
2011-09-13,45.310001373291016,45.79999923706055,45.02000045776367,45.5,20.89714813232422,2857600
2011-09-14,45.790000915527344,46.45000076293945,44.9900016784668,46.04999923706055,21.149747848510742,3910700
2011-09-15,46.16999816894531,46.939998626708984,46.119998931884766,46.560001373291016,21.38397789001465,3918500
2011-09-16,46.84000015258789,47.0,46.369998931884766,46.79999923706055,21.494205474853516,2511400
2011-09-19,46.38999938964844,47.439998626708984,46.29999923706055,47.439998626708984,21.788148880004883,3635600
2011-09-20,47.27000045776367,48.849998474121094,47.27000045776367,47.91999816894531,22.008596420288086,3266200
2011-09-21,48.400001525878906,48.43000030517578,46.95000076293945,47.119998931884766,21.64117431640625,7707600
2011-09-22,45.400001525878906,45.779998779296875,44.06999969482422,44.619998931884766,20.492979049682617,7102300
2011-09-23,44.43000030517578,44.779998779296875,43.65999984741211,44.29999923706055,20.346012115478516,7604000
2011-09-26,44.599998474121094,44.779998779296875,43.0099983215332,43.709999084472656,20.075037002563477,4999500
2011-09-27,45.119998931884766,45.150001525878906,44.130001068115234,44.220001220703125,20.309267044067383,4349700
2011-09-28,44.36000061035156,44.93000030517578,43.959999084472656,43.97999954223633,20.19904327392578,3545700
2011-09-29,44.400001525878906,44.689998626708984,43.029998779296875,43.709999084472656,20.075037002563477,4571500
2011-09-30,43.099998474121094,43.38999938964844,42.29999923706055,42.650001525878906,19.588205337524414,5480100
2011-10-03,41.95000076293945,42.5,41.290000915527344,41.369998931884766,19.000328063964844,4785400
2011-10-04,40.90999984741211,41.18000030517578,39.869998931884766,41.0,18.830392837524414,7162400
2011-10-05,41.150001525878906,41.88999938964844,40.849998474121094,41.849998474121094,19.220781326293945,4382800
2011-10-06,42.86000061035156,43.0,42.16999816894531,42.45000076293945,19.496347427368164,4857300
2011-10-07,42.84000015258789,42.91999816894531,41.15999984741211,41.209999084472656,18.92683982849121,3035000
2011-10-10,41.75,42.56999969482422,41.400001525878906,42.5,19.51931381225586,4205000
2011-10-11,42.400001525878906,43.18000030517578,42.220001220703125,43.119998931884766,19.804065704345703,3529100
2011-10-13,43.400001525878906,43.9900016784668,42.779998779296875,43.95000076293945,20.18526840209961,4098800
2011-10-14,44.0,44.20000076293945,43.61000061035156,44.02000045776367,20.21742057800293,4985300
2011-10-17,42.7400016784668,42.7400016784668,41.0099983215332,41.380001068115234,19.457395553588867,4539200
2011-10-18,40.869998931884766,41.689998626708984,40.25,41.54999923706055,19.537328720092773,4539200
2011-10-19,41.400001525878906,41.43000030517578,39.0,40.150001525878906,18.879032135009766,7476500
2011-10-20,40.029998779296875,40.029998779296875,39.099998474121094,39.650001525878906,18.643924713134766,5132500
2011-10-21,40.060001373291016,40.72999954223633,39.900001525878906,40.54999923706055,19.067113876342773,3772300
2011-10-24,41.349998474121094,43.13999938964844,41.20000076293945,42.95000076293945,20.19562339782715,6188400
2011-10-25,42.95000076293945,42.95000076293945,42.95000076293945,42.95000076293945,20.19562339782715,0
2011-10-26,42.95000076293945,42.95000076293945,42.95000076293945,42.95000076293945,20.19562339782715,0
2011-10-27,42.95000076293945,42.95000076293945,42.95000076293945,42.95000076293945,20.19562339782715,0
2011-10-28,44.380001068115234,44.88999938964844,44.16999816894531,44.599998474121094,20.971473693847656,8997000
2011-10-31,43.790000915527344,43.900001525878906,43.130001068115234,43.709999084472656,20.552989959716797,3825900
2011-11-01,41.93000030517578,43.29999923706055,41.93000030517578,43.29999923706055,20.360197067260742,6758300
2011-11-03,43.75,44.939998626708984,43.65999984741211,44.689998626708984,21.013797760009766,6813600
2011-11-04,44.40999984741211,45.75,44.400001525878906,45.599998474121094,21.441688537597656,4541300
2011-11-07,45.5,46.279998779296875,45.380001068115234,46.0,21.629779815673828,3116700
2011-11-08,46.45000076293945,46.5,45.310001373291016,45.709999084472656,21.4934139251709,2702800
2011-11-09,45.150001525878906,45.400001525878906,44.72999954223633,44.959999084472656,21.140758514404297,3414200
2011-11-10,44.959999084472656,44.959999084472656,44.959999084472656,44.959999084472656,21.140758514404297,0
2011-11-11,45.310001373291016,45.77000045776367,45.13999938964844,45.41999816894531,21.35704803466797,2123400
2011-11-14,45.20000076293945,45.529998779296875,45.09000015258789,45.20000076293945,21.25360679626465,1355900
2011-11-16,45.279998779296875,46.20000076293945,45.209999084472656,45.58000183105469,21.432287216186523,3221400
2011-11-17,45.29999923706055,45.689998626708984,44.22999954223633,44.349998474121094,20.853918075561523,4125000
2011-11-18,44.599998474121094,44.790000915527344,43.56999969482422,44.20000076293945,20.78339195251465,2168600
2011-11-21,43.45000076293945,44.310001373291016,43.2400016784668,43.939998626708984,20.661136627197266,13514500
2011-11-22,44.09000015258789,44.38999938964844,43.400001525878906,43.54999923706055,20.477758407592773,4000300
2011-11-23,42.83000183105469,43.119998931884766,42.11000061035156,42.400001525878906,19.937009811401367,3863200
2011-11-24,42.790000915527344,42.849998474121094,42.0,42.45000076293945,19.960521697998047,1066800
2011-11-25,42.02000045776367,42.560001373291016,41.11000061035156,41.47999954223633,19.504411697387695,3842300
2011-11-28,42.4900016784668,42.58000183105469,41.88999938964844,41.88999938964844,19.697206497192383,2965500
2011-11-29,42.099998474121094,42.25,41.15999984741211,41.29999923706055,19.419780731201172,3773000
2011-11-30,41.400001525878906,42.56999969482422,41.02000045776367,41.650001525878906,19.584354400634766,7656300
2011-12-01,42.279998779296875,42.41999816894531,41.29999923706055,41.900001525878906,19.701908111572266,5247900
2011-12-02,42.38999938964844,42.779998779296875,42.0,42.41999816894531,19.946409225463867,3410600
2011-12-05,42.88999938964844,43.470001220703125,42.65999984741211,43.20000076293945,20.313180923461914,2885400
2011-12-06,43.0099983215332,43.349998474121094,42.7400016784668,43.150001525878906,20.2896728515625,3128200
2011-12-07,42.9900016784668,43.04999923706055,41.27000045776367,41.27000045776367,19.405672073364258,6661000
2011-12-08,41.40999984741211,41.619998931884766,40.15999984741211,40.41999816894531,19.005990982055664,4383900
2011-12-09,40.709999084472656,41.25,40.31999969482422,41.22999954223633,19.386863708496094,2899800
2011-12-12,41.22999954223633,41.22999954223633,41.22999954223633,41.22999954223633,19.386863708496094,0
2011-12-13,40.849998474121094,41.06999969482422,40.290000915527344,40.47999954223633,19.03420066833496,3212200
2011-12-14,40.349998474121094,40.40999984741211,39.65999984741211,39.84000015258789,18.733264923095703,4381400
2011-12-15,39.939998626708984,40.209999084472656,39.0,39.20000076293945,18.432327270507812,4448600
2011-12-16,39.5,39.68000030517578,38.869998931884766,39.20000076293945,18.432327270507812,4400700
2011-12-19,39.150001525878906,39.439998626708984,38.59000015258789,38.59000015258789,18.145503997802734,2868600
2011-12-20,38.95000076293945,40.0,38.54999923706055,40.0,18.808496475219727,4073200
2011-12-21,39.689998626708984,40.130001068115234,39.119998931884766,40.130001068115234,18.869626998901367,3477000
2011-12-22,40.20000076293945,40.81999969482422,40.0099983215332,40.70000076293945,19.137649536132812,2525200
2011-12-23,40.90999984741211,41.209999084472656,40.7599983215332,40.95000076293945,19.255205154418945,2130800
2011-12-26,41.0,41.04999923706055,40.630001068115234,40.630001068115234,19.104734420776367,512600
2011-12-27,40.540000915527344,41.119998931884766,40.400001525878906,40.900001525878906,19.231687545776367,4241200
2011-12-28,41.0,41.0,39.58000183105469,39.720001220703125,18.676841735839844,3871800
2011-12-29,39.970001220703125,40.099998474121094,39.45000076293945,39.45000076293945,18.549888610839844,3496200
2012-01-02,39.77000045776367,40.959999084472656,39.77000045776367,40.900001525878906,19.231687545776367,2108100
2012-01-03,41.150001525878906,42.90999984741211,41.150001525878906,42.720001220703125,20.087480545043945,5811100
2012-01-04,42.189998626708984,43.13999938964844,42.02000045776367,43.0099983215332,20.223840713500977,2511600
2012-01-05,42.5099983215332,42.7599983215332,41.630001068115234,41.86000061035156,19.6830997467041,2954200
2012-01-06,42.29999923706055,42.29999923706055,41.09000015258789,41.5,19.513816833496094,2336500
2012-01-09,41.79999923706055,41.79999923706055,41.04999923706055,41.45000076293945,19.490306854248047,1966600
2012-01-10,42.279998779296875,42.349998474121094,41.400001525878906,41.400001525878906,19.466798782348633,3148800
2012-01-11,41.400001525878906,41.86000061035156,41.029998779296875,41.709999084472656,19.61256217956543,3035800
2012-01-12,42.15999984741211,42.20000076293945,40.95000076293945,41.290000915527344,19.41507339477539,5649100
2012-01-13,41.279998779296875,41.279998779296875,39.880001068115234,40.45000076293945,19.020097732543945,8747800
2012-01-16,40.33000183105469,40.900001525878906,40.2400016784668,40.709999084472656,19.142353057861328,3563300
2012-01-17,40.709999084472656,40.709999084472656,40.709999084472656,40.709999084472656,19.142353057861328,0
2012-01-18,42.7599983215332,43.349998474121094,42.54999923706055,43.099998474121094,20.266159057617188,5823400
2012-01-19,43.470001220703125,43.5,42.630001068115234,42.97999954223633,20.209732055664062,4651200
2012-01-20,42.9900016784668,43.16999816894531,42.630001068115234,42.91999816894531,20.181520462036133,2897700
2012-01-23,42.84000015258789,43.2599983215332,42.54999923706055,42.61000061035156,20.03575325012207,4549800
2012-01-24,42.619998931884766,43.119998931884766,42.040000915527344,43.0099983215332,20.223840713500977,5995700
2012-01-26,43.400001525878906,44.150001525878906,42.790000915527344,42.790000915527344,20.120389938354492,5410800
2012-01-27,43.13999938964844,43.349998474121094,42.790000915527344,43.040000915527344,20.237945556640625,2692300
2012-01-30,42.61000061035156,43.540000915527344,42.2599983215332,43.4900016784668,20.449539184570312,4178400
2012-01-31,43.939998626708984,44.70000076293945,43.790000915527344,44.70000076293945,21.01849937438965,6726400
2012-02-01,45.0,45.849998474121094,44.869998931884766,45.599998474121094,21.441688537597656,6302700
2012-02-02,45.34000015258789,45.84000015258789,45.16999816894531,45.56999969482422,21.427583694458008,3365000
2012-02-03,45.22999954223633,46.29999923706055,45.08000183105469,45.869998931884766,21.568649291992188,3871800
2012-02-06,45.66999816894531,45.95000076293945,45.5,45.849998474121094,21.559240341186523,1830800
2012-02-07,45.65999984741211,45.939998626708984,45.13999938964844,45.84000015258789,21.554540634155273,3108400
2012-02-08,45.84000015258789,46.11000061035156,45.349998474121094,45.52000045776367,21.404077529907227,3128600
2012-02-09,45.369998931884766,45.7599983215332,44.72999954223633,45.099998474121094,21.206586837768555,3440300
2012-02-10,44.40999984741211,44.70000076293945,43.95000076293945,44.33000183105469,20.844520568847656,4683400
2012-02-13,44.79999923706055,45.45000076293945,44.630001068115234,45.45000076293945,21.371152877807617,2724100
2012-02-14,45.16999816894531,45.20000076293945,44.040000915527344,44.25,20.80690574645996,5126300
2012-02-15,44.720001220703125,44.79999923706055,43.2400016784668,43.470001220703125,20.440135955810547,4900300
2012-02-16,42.86000061035156,44.0099983215332,42.70000076293945,43.630001068115234,20.515365600585938,4600700
2012-02-17,43.79999923706055,43.95000076293945,42.5099983215332,42.93000030517578,20.18622589111328,5705400
2012-02-23,42.66999816894531,44.0,42.66999816894531,43.86000061035156,20.623519897460938,4148200
2012-02-24,44.18000030517578,44.4900016784668,44.0,44.09000015258789,20.73166847229004,3598800
2012-02-27,43.959999084472656,44.0,43.369998931884766,43.619998931884766,20.510669708251953,2964000
2012-02-28,43.70000076293945,44.150001525878906,43.279998779296875,44.08000183105469,20.726966857910156,3158500
2012-02-29,44.5,44.75,43.54999923706055,43.54999923706055,20.477758407592773,6980800
2012-03-01,43.77000045776367,44.349998474121094,43.619998931884766,44.04999923706055,20.712860107421875,2644500
2012-03-02,44.119998931884766,44.560001373291016,43.900001525878906,44.45000076293945,20.90094757080078,3089900
2012-03-05,44.060001373291016,44.099998474121094,42.779998779296875,43.150001525878906,20.2896728515625,4268900
2012-03-06,41.880001068115234,41.97999954223633,40.709999084472656,41.060001373291016,19.306930541992188,8037500
2012-03-07,41.20000076293945,41.20000076293945,40.15999984741211,41.0,19.278711318969727,7283600
2012-03-08,41.88999938964844,41.900001525878906,40.810001373291016,41.150001525878906,19.349246978759766,4298200
2012-03-09,41.13999938964844,41.720001220703125,40.900001525878906,41.11000061035156,19.3304386138916,5072500
2012-03-12,40.70000076293945,41.38999938964844,40.439998626708984,40.619998931884766,19.100034713745117,4916700
2012-03-13,41.0,42.75,40.900001525878906,42.70000076293945,20.078073501586914,5393100
2012-03-14,42.5099983215332,43.0,41.77000045776367,42.29999923706055,19.88999366760254,3123700
2012-03-15,42.349998474121094,43.06999969482422,42.349998474121094,42.70000076293945,20.078073501586914,1941300
2012-03-16,43.0,43.08000183105469,42.599998474121094,42.970001220703125,20.20503044128418,2776800
2012-03-19,42.970001220703125,42.970001220703125,42.970001220703125,42.970001220703125,20.20503044128418,0
2012-03-20,42.29999923706055,42.61000061035156,41.81999969482422,42.61000061035156,20.03575325012207,3526100
2012-03-21,42.400001525878906,42.709999084472656,42.099998474121094,42.45000076293945,19.960521697998047,2270800
2012-03-22,41.95000076293945,42.060001373291016,41.2400016784668,41.56999969482422,19.546730041503906,2270800
2012-03-23,41.529998779296875,41.880001068115234,41.380001068115234,41.54999923706055,19.537328720092773,2429700
2012-03-26,41.91999816894531,42.150001525878906,41.7400016784668,42.11000061035156,19.800649642944336,2115900
2012-03-27,42.43000030517578,42.79999923706055,42.27000045776367,42.40999984741211,19.94171142578125,3862000
2012-03-28,42.290000915527344,42.43000030517578,41.52000045776367,41.599998474121094,19.560842514038086,2775300
2012-03-29,41.47999954223633,42.20000076293945,41.099998474121094,42.15999984741211,19.824155807495117,5333300
2012-03-30,42.5099983215332,42.900001525878906,42.22999954223633,42.900001525878906,20.1721134185791,5240500
2012-04-02,42.9900016784668,44.43000030517578,42.84000015258789,44.0099983215332,20.694047927856445,5340200
2012-04-03,43.91999816894531,44.25,42.7599983215332,43.02000045776367,20.22854232788086,4525300
2012-04-04,42.29999923706055,42.56999969482422,41.97999954223633,42.16999816894531,19.828859329223633,2726300
2012-04-05,42.04999923706055,42.58000183105469,41.599998474121094,42.060001373291016,19.777135848999023,3798500
2012-04-09,41.5099983215332,41.75,41.16999816894531,41.619998931884766,19.57024383544922,3871100
2012-04-10,41.40999984741211,41.540000915527344,40.630001068115234,41.2400016784668,19.391563415527344,3599400
2012-04-11,41.70000076293945,41.900001525878906,41.06999969482422,41.2400016784668,19.391563415527344,4812500
2012-04-12,41.810001373291016,43.9900016784668,41.790000915527344,43.86000061035156,20.623519897460938,9942500
2012-04-13,43.400001525878906,44.13999938964844,43.0,43.79999923706055,20.59531021118164,5848500
2012-04-16,43.08000183105469,43.08000183105469,41.86000061035156,42.15999984741211,20.323089599609375,4320500
2012-04-17,42.45000076293945,43.33000183105469,42.16999816894531,43.060001373291016,20.756933212280273,5456000
2012-04-18,42.9900016784668,44.02000045776367,42.81999969482422,43.5,20.96902847290039,6652600
2012-04-19,43.27000045776367,43.75,43.150001525878906,43.18000030517578,20.814773559570312,4666000
2012-04-20,43.5,43.7400016784668,42.84000015258789,43.08000183105469,20.76657485961914,2893900
2012-04-23,42.150001525878906,42.79999923706055,41.959999084472656,42.79999923706055,20.631595611572266,3462100
2012-04-24,42.5,43.04999923706055,42.4900016784668,42.900001525878906,20.67980194091797,2838600
2012-04-25,43.29999923706055,43.29999923706055,42.06999969482422,42.279998779296875,20.38093376159668,4621400
2012-04-26,40.7400016784668,43.2400016784668,40.7400016784668,42.900001525878906,20.67980194091797,7178400
2012-04-27,43.0,43.27000045776367,41.91999816894531,42.619998931884766,20.544824600219727,5353100
2012-04-30,42.61000061035156,42.70000076293945,41.939998626708984,42.599998474121094,20.535186767578125,3390400
2012-05-02,42.400001525878906,43.20000076293945,42.2599983215332,43.20000076293945,20.824417114257812,3390400
2012-05-03,43.29999923706055,43.5,42.400001525878906,42.7599983215332,20.612316131591797,5795600
2012-05-04,42.29999923706055,42.349998474121094,41.0099983215332,41.529998779296875,20.0194034576416,8073300
2012-05-07,41.02000045776367,41.630001068115234,41.0,41.5,20.00493621826172,2809000
2012-05-08,41.349998474121094,41.369998931884766,39.849998474121094,40.400001525878906,19.474685668945312,6257600
2012-05-09,39.900001525878906,40.849998474121094,39.63999938964844,40.29999923706055,19.426485061645508,5041900
2012-05-10,41.04999923706055,41.220001220703125,40.16999816894531,40.310001373291016,19.43130111694336,3746700
2012-05-11,39.849998474121094,40.439998626708984,39.099998474121094,39.099998474121094,18.8480224609375,4479000
2012-05-14,38.400001525878906,38.91999816894531,38.34000015258789,38.45000076293945,18.534696578979492,3992200
2012-05-15,38.54999923706055,39.16999816894531,38.029998779296875,38.15999984741211,18.394899368286133,5331400
2012-05-16,38.63999938964844,38.939998626708984,36.93000030517578,37.099998474121094,17.88393211364746,6961000
2012-05-17,37.310001373291016,37.5,35.7400016784668,35.83000183105469,17.271728515625,7175900
2012-05-18,36.349998474121094,36.97999954223633,35.61000061035156,36.68000030517578,17.681472778320312,6675500
2012-05-21,37.09000015258789,38.029998779296875,36.90999984741211,37.849998474121094,18.245466232299805,4289300
2012-05-22,37.65999984741211,38.150001525878906,37.11000061035156,37.380001068115234,18.018901824951172,4912300
2012-05-23,37.380001068115234,37.68000030517578,36.52000045776367,37.68000030517578,18.16352081298828,7227900
2012-05-24,37.83000183105469,38.150001525878906,36.97999954223633,37.25,17.956239700317383,5836900
2012-05-25,36.95000076293945,37.5,36.27000045776367,36.54999923706055,17.618804931640625,4774000
2012-05-28,36.70000076293945,37.279998779296875,36.58000183105469,36.880001068115234,17.77787971496582,1314600
2012-05-29,37.08000183105469,38.02000045776367,36.869998931884766,37.5,18.07674789428711,6357800
2012-05-30,36.779998779296875,37.38999938964844,36.5,37.279998779296875,17.970701217651367,4095600
2012-05-31,37.4900016784668,37.720001220703125,36.5,37.59000015258789,18.120134353637695,8685800
2012-06-01,36.619998931884766,37.54999923706055,36.61000061035156,37.0,17.835729598999023,3463800
2012-06-04,36.959999084472656,37.099998474121094,36.369998931884766,36.91999816894531,17.79715919494629,4086700
2012-06-05,37.0,37.25,36.470001220703125,36.88999938964844,17.78270149230957,0
2012-06-06,37.0,38.029998779296875,37.0,37.959999084472656,18.298492431640625,4278900
2012-06-08,38.02000045776367,38.380001068115234,37.869998931884766,38.34000015258789,18.481670379638672,4112300
2012-06-11,38.61000061035156,38.970001220703125,37.75,37.86000061035156,18.25028419494629,3991800
2012-06-12,37.95000076293945,38.75,37.900001525878906,38.75,18.679309844970703,3295300
2012-06-13,38.70000076293945,39.099998474121094,38.33000183105469,38.79999923706055,18.703411102294922,4046600
2012-06-14,38.43000030517578,38.939998626708984,38.25,38.900001525878906,18.751617431640625,2552900
2012-06-15,39.0,40.279998779296875,38.709999084472656,39.52000045776367,19.05048179626465,13680600
2012-06-18,39.52000045776367,39.52000045776367,39.52000045776367,39.52000045776367,19.05048179626465,0
2012-06-19,40.0,41.2599983215332,39.83000183105469,40.810001373291016,19.67232894897461,6787500
2012-06-20,40.7599983215332,41.56999969482422,40.58000183105469,40.93000030517578,19.730167388916016,4497800
2012-06-21,40.810001373291016,40.970001220703125,39.720001220703125,39.79999923706055,19.185455322265625,3146900
2012-06-22,40.0,40.290000915527344,39.34000015258789,39.709999084472656,19.142072677612305,3531300
2012-06-25,38.79999923706055,39.220001220703125,38.68000030517578,38.95000076293945,18.775720596313477,3344100
2012-06-26,39.130001068115234,40.2599983215332,38.9900016784668,39.849998474121094,19.209558486938477,6069500
2012-06-27,40.0,40.290000915527344,39.43000030517578,39.689998626708984,19.132429122924805,3783700
2012-06-28,39.58000183105469,40.0,38.459999084472656,39.220001220703125,18.905872344970703,6356300
2012-06-29,40.029998779296875,40.369998931884766,39.70000076293945,40.130001068115234,19.344532012939453,5273300
2012-07-02,40.0099983215332,40.2400016784668,39.599998474121094,40.2400016784668,19.397560119628906,2379100
2012-07-03,40.2400016784668,41.400001525878906,40.18000030517578,41.0,19.763916015625,13850800
2012-07-04,41.0,41.25,40.619998931884766,41.25,19.884428024291992,944900
2012-07-05,41.4900016784668,41.90999984741211,41.119998931884766,41.77000045776367,20.135086059570312,4461000
2012-07-06,41.27000045776367,41.84000015258789,40.400001525878906,40.790000915527344,19.66267967224121,5951400
2012-07-10,40.58000183105469,41.0,39.47999954223633,39.599998474121094,19.08904457092285,5894500
2012-07-11,39.869998931884766,40.040000915527344,39.20000076293945,39.560001373291016,19.069765090942383,3738300
2012-07-12,38.9900016784668,39.56999969482422,38.5,39.38999938964844,18.987815856933594,4761000
2012-07-13,39.720001220703125,40.41999816894531,39.61000061035156,40.22999954223633,19.392736434936523,3391600
2012-07-16,39.900001525878906,40.16999816894531,39.43000030517578,39.599998474121094,19.08904457092285,2199600
2012-07-17,39.68000030517578,40.5,39.060001373291016,39.45000076293945,19.016738891601562,1978300
2012-07-18,39.45000076293945,39.68000030517578,38.650001525878906,39.5,19.040843963623047,4634100
2012-07-19,39.18000030517578,39.81999969482422,38.939998626708984,39.54999923706055,19.06494140625,3030100
2012-07-20,39.20000076293945,39.25,38.45000076293945,38.59000015258789,18.60218048095703,4804700
2012-07-23,37.75,38.11000061035156,36.95000076293945,37.68000030517578,18.16352081298828,4255500
2012-07-24,37.45000076293945,37.529998779296875,35.7599983215332,35.84000015258789,17.276554107666016,8143500
2012-07-25,36.099998474121094,36.2400016784668,34.90999984741211,35.650001525878906,17.18496322631836,4280400
2012-07-26,35.20000076293945,36.130001068115234,34.349998474121094,36.09000015258789,17.397062301635742,10951500
2012-07-27,36.599998474121094,37.54999923706055,36.119998931884766,37.54999923706055,18.100854873657227,12480200
2012-07-30,37.5,37.529998779296875,36.77000045776367,37.52000045776367,18.086393356323242,3193500
2012-07-31,37.75,37.88999938964844,37.029998779296875,37.150001525878906,17.908031463623047,4094800
2012-08-01,37.279998779296875,37.630001068115234,36.619998931884766,37.38999938964844,18.023723602294922,3973200
2012-08-02,36.560001373291016,37.40999984741211,36.40999984741211,36.75,17.7152156829834,3190100
2012-08-03,37.4900016784668,37.4900016784668,37.060001373291016,37.29999923706055,17.98033905029297,3509300
2012-08-06,37.20000076293945,38.040000915527344,37.0099983215332,37.70000076293945,18.173158645629883,2749100
2012-08-07,37.65999984741211,38.150001525878906,37.45000076293945,37.63999938964844,18.14423942565918,3252800
2012-08-08,37.54999923706055,38.18000030517578,37.45000076293945,37.93000030517578,18.284027099609375,4781900
2012-08-09,37.7400016784668,38.59000015258789,37.7400016784668,38.29999923706055,18.462387084960938,5808900
2012-08-10,38.04999923706055,38.720001220703125,37.790000915527344,38.58000183105469,18.59735870361328,5808900
2012-08-13,38.650001525878906,38.959999084472656,38.310001373291016,38.61000061035156,18.611820220947266,2988300
2012-08-14,38.36000061035156,37.75,36.84000015258789,37.04999923706055,17.85982894897461,5204200
2012-08-15,36.91999816894531,37.209999084472656,36.220001220703125,36.29999923706055,17.498292922973633,6305300
2012-08-16,36.79999923706055,36.900001525878906,36.16999816894531,36.79999923706055,17.739315032958984,4798800
2012-08-17,36.880001068115234,36.9900016784668,35.650001525878906,35.650001525878906,17.18496322631836,5103900
2012-08-20,35.650001525878906,35.650001525878906,35.650001525878906,35.650001525878906,17.18496322631836,4238500
2012-08-21,36.810001373291016,37.15999984741211,35.880001068115234,36.09000015258789,17.397062301635742,5515000
2012-08-22,36.0,36.36000061035156,35.599998474121094,36.099998474121094,17.401884078979492,2916100
2012-08-23,35.72999954223633,35.81999969482422,34.66999816894531,34.70000076293945,16.727014541625977,3524300
2012-08-24,34.58000183105469,34.66999816894531,33.790000915527344,34.529998779296875,16.645069122314453,4789500
2012-08-27,34.47999954223633,34.540000915527344,33.790000915527344,34.0,16.389585494995117,2627400
2012-08-28,33.66999816894531,34.22999954223633,33.650001525878906,33.91999816894531,16.351024627685547,3087600
2012-08-29,33.970001220703125,33.970001220703125,32.439998626708984,32.90999984741211,15.864156723022461,5996400
2012-08-30,32.720001220703125,32.91999816894531,32.5099983215332,32.79999923706055,15.81113338470459,3394500
2012-08-31,33.29999923706055,33.779998779296875,33.04999923706055,33.779998779296875,16.28353500366211,7177900
2012-09-03,33.88999938964844,33.88999938964844,33.290000915527344,33.54999923706055,16.172664642333984,2000700
2012-09-04,33.380001068115234,33.400001525878906,32.209999084472656,32.45000076293945,15.642411231994629,4332300
2012-09-05,32.70000076293945,33.88999938964844,32.77000045776367,33.0,15.907540321350098,3587700
2012-09-06,33.290000915527344,34.52000045776367,33.20000076293945,34.52000045776367,16.64025115966797,4850100
2012-09-10,34.52000045776367,34.52000045776367,34.52000045776367,34.52000045776367,16.64025115966797,12791900
2012-09-11,35.959999084472656,36.959999084472656,35.959999084472656,36.79999923706055,17.739315032958984,8234800
2012-09-12,36.9900016784668,37.54999923706055,36.33000183105469,37.279998779296875,17.970701217651367,7138400
2012-09-13,37.15999984741211,38.75,36.68000030517578,38.22999954223633,18.428646087646484,8949400
2012-09-14,38.5,39.779998779296875,37.970001220703125,38.650001525878906,18.631105422973633,11968000
2012-09-17,38.66999816894531,39.880001068115234,38.540000915527344,39.189998626708984,18.891407012939453,7196400
2012-09-18,39.29999923706055,39.75,38.939998626708984,39.54999923706055,19.06494140625,5637800
2012-09-19,39.459999084472656,39.93000030517578,38.900001525878906,39.099998474121094,18.8480224609375,4574800
2012-09-20,38.56999969482422,39.02000045776367,38.18000030517578,38.77000045776367,18.688949584960938,6035900
2012-09-21,38.90999984741211,39.29999923706055,37.619998931884766,37.79999923706055,18.221364974975586,4116800
2012-09-24,37.599998474121094,38.029998779296875,37.150001525878906,37.880001068115234,18.259923934936523,5804100
2012-09-25,37.7400016784668,37.9900016784668,36.650001525878906,36.81999969482422,17.74895477294922,4535700
2012-09-26,36.779998779296875,37.209999084472656,36.150001525878906,36.95000076293945,17.81162452697754,3364500
2012-09-27,37.38999938964844,37.45000076293945,36.720001220703125,36.880001068115234,17.77787971496582,3444900
2012-09-28,36.619998931884766,36.689998626708984,36.04999923706055,36.4900016784668,17.589881896972656,4987800
2012-10-01,36.56999969482422,37.36000061035156,36.25,36.33000183105469,17.512754440307617,3476400
2012-10-02,36.70000076293945,37.02000045776367,35.939998626708984,36.189998626708984,17.445268630981445,3520500
2012-10-03,36.22999954223633,36.529998779296875,35.5,35.70000076293945,17.209064483642578,3063800
2012-10-04,35.75,36.650001525878906,35.150001525878906,36.099998474121094,17.401884078979492,6405100
2012-10-05,36.72999954223633,36.95000076293945,35.86000061035156,35.90999984741211,17.3102970123291,3359000
2012-10-08,35.75,37.15999984741211,35.529998779296875,37.099998474121094,17.88393211364746,4671500
2012-10-09,37.560001373291016,37.91999816894531,37.02000045776367,37.29999923706055,17.98033905029297,4776300
2012-10-10,37.56999969482422,37.70000076293945,36.790000915527344,36.900001525878906,17.787521362304688,4017900
2012-10-11,37.2400016784668,37.619998931884766,37.060001373291016,37.400001525878906,18.028545379638672,4979700
2012-10-15,37.18000030517578,37.56999969482422,36.880001068115234,37.400001525878906,18.028545379638672,3159400
2012-10-16,37.599998474121094,39.08000183105469,37.599998474121094,38.11000061035156,18.370798110961914,12119400
2012-10-17,37.5,38.150001525878906,37.27000045776367,37.58000183105469,18.69744300842285,5325500
2012-10-18,37.029998779296875,37.720001220703125,37.0,37.400001525878906,18.60788345336914,5809600
2012-10-19,37.18000030517578,37.400001525878906,36.58000183105469,36.599998474121094,18.209857940673828,3703400
2012-10-22,36.630001068115234,37.099998474121094,36.40999984741211,36.599998474121094,18.209857940673828,3415900
2012-10-23,36.209999084472656,36.34000015258789,35.41999816894531,35.56999969482422,17.6973876953125,3796600
2012-10-24,35.75,35.95000076293945,35.0099983215332,35.31999969482422,17.5730037689209,3446400
2012-10-25,36.790000915527344,37.41999816894531,36.5099983215332,37.310001373291016,18.563108444213867,5424900
2012-10-26,36.90999984741211,37.540000915527344,36.84000015258789,37.029998779296875,18.423795700073242,2869000
2012-10-29,36.97999954223633,37.349998474121094,36.65999984741211,37.27000045776367,18.543203353881836,2068900
2012-10-30,37.20000076293945,37.72999954223633,37.20000076293945,37.45000076293945,18.632762908935547,1527200
2012-10-31,37.400001525878906,37.72999954223633,37.0,37.45000076293945,18.632762908935547,6709800
2012-11-01,37.470001220703125,38.5,37.36000061035156,38.38999938964844,19.100444793701172,6558300
2012-11-05,37.72999954223633,38.290000915527344,37.689998626708984,38.04999923706055,18.93128204345703,3942500
2012-11-06,38.2599983215332,38.619998931884766,37.91999816894531,38.22999954223633,19.02083969116211,5013600
2012-11-07,38.18000030517578,38.38999938964844,37.369998931884766,37.83000183105469,18.821826934814453,7841900
2012-11-08,38.189998626708984,38.20000076293945,36.869998931884766,36.97999954223633,18.3989200592041,7238800
2012-11-09,37.08000183105469,37.5,36.72999954223633,37.29999923706055,18.558134078979492,3767100
2012-11-12,37.20000076293945,37.560001373291016,36.720001220703125,37.0,18.408870697021484,3269600
2012-11-13,36.70000076293945,37.40999984741211,36.33000183105469,37.2599983215332,18.538227081298828,5958000
2012-11-14,36.9900016784668,37.27000045776367,36.119998931884766,36.59000015258789,18.204879760742188,4938900
2012-11-16,36.16999816894531,36.2400016784668,35.40999984741211,35.47999954223633,17.65261459350586,7195800
2012-11-19,36.0099983215332,36.439998626708984,35.810001373291016,35.95000076293945,17.886449813842773,3817400
2012-11-21,36.34000015258789,36.52000045776367,35.7400016784668,36.45000076293945,18.135221481323242,8398500
2012-11-22,36.619998931884766,36.65999984741211,36.25,36.290000915527344,18.055618286132812,1239400
2012-11-23,36.279998779296875,37.20000076293945,36.20000076293945,36.91999816894531,18.36906623840332,2856300
2012-11-26,36.900001525878906,36.95000076293945,35.900001525878906,36.61000061035156,18.214828491210938,3856700
2012-11-27,36.880001068115234,37.16999816894531,36.13999938964844,36.47999954223633,18.150148391723633,4951900
2012-11-28,35.900001525878906,36.61000061035156,35.77000045776367,35.869998931884766,17.846654891967773,6404100
2012-11-29,36.400001525878906,37.5,36.349998474121094,37.459999084472656,18.637737274169922,4645700
2012-11-30,37.29999923706055,37.619998931884766,36.7599983215332,37.599998474121094,18.707386016845703,5007100
2012-12-03,37.529998779296875,37.779998779296875,36.810001373291016,37.380001068115234,18.59793472290039,5229200
2012-12-04,37.650001525878906,37.650001525878906,36.47999954223633,36.70000076293945,18.259611129760742,5039500
2012-12-05,37.11000061035156,37.43000030517578,36.869998931884766,37.29999923706055,18.558134078979492,5280200
2012-12-06,37.22999954223633,37.45000076293945,36.900001525878906,37.04999923706055,18.43374252319336,2505300
2012-12-07,37.380001068115234,37.81999969482422,37.2400016784668,37.47999954223633,18.647689819335938,3327800
2012-12-10,37.099998474121094,38.279998779296875,37.099998474121094,38.150001525878906,18.98103904724121,3294200
2012-12-11,38.33000183105469,39.09000015258789,38.040000915527344,39.0,19.403945922851562,3618300
2012-12-12,38.970001220703125,39.7599983215332,38.880001068115234,39.400001525878906,19.60295867919922,6567000
2012-12-13,39.0099983215332,39.869998931884766,38.79999923706055,39.619998931884766,19.712411880493164,4314100
2012-12-14,39.91999816894531,41.20000076293945,39.86000061035156,41.20000076293945,20.498519897460938,4387600
2012-12-17,41.189998626708984,42.279998779296875,41.09000015258789,42.0,20.896554946899414,3320600
2012-12-18,42.220001220703125,43.0,42.08000183105469,42.81999969482422,21.304534912109375,5755500
2012-12-19,42.79999923706055,43.54999923706055,41.7599983215332,42.04999923706055,20.921428680419922,4824800
2012-12-20,41.81999969482422,42.400001525878906,41.459999084472656,42.25,21.02094268798828,2567200
2012-12-21,41.27000045776367,41.900001525878906,41.20000076293945,41.88999938964844,20.841827392578125,3090200
2012-12-26,41.349998474121094,42.59000015258789,41.349998474121094,42.16999816894531,20.98113441467285,1425700
2012-12-27,41.81999969482422,42.599998474121094,41.7599983215332,42.15999984741211,20.976160049438477,2086700
2012-12-28,42.43000030517578,42.470001220703125,41.93000030517578,42.279998779296875,21.03586769104004,2475800
2013-01-02,43.0,44.7599983215332,43.0,44.099998474121094,21.94137954711914,4061000
2013-01-03,43.5,44.06999969482422,43.22999954223633,43.349998474121094,21.568225860595703,4126000
2013-01-04,43.34000015258789,43.349998474121094,42.11000061035156,42.68000030517578,21.234878540039062,5659900
2013-01-07,42.529998779296875,42.880001068115234,41.630001068115234,41.84000015258789,20.81694793701172,3040400
2013-01-08,41.77000045776367,42.22999954223633,41.459999084472656,41.5099983215332,20.652759552001953,2631600
2013-01-09,41.709999084472656,42.04999923706055,41.36000061035156,41.70000076293945,20.747289657592773,2291000
2013-01-10,41.810001373291016,42.209999084472656,41.7599983215332,42.13999938964844,20.96620750427246,2983700
2013-01-11,41.75,42.02000045776367,40.93000030517578,41.27000045776367,20.533357620239258,3017200
2013-01-14,41.599998474121094,41.689998626708984,41.029998779296875,41.2599983215332,20.52837371826172,4129900
2013-01-15,41.599998474121094,41.689998626708984,40.79999923706055,41.15999984741211,20.478620529174805,2603600
2013-01-16,41.22999954223633,41.22999954223633,40.310001373291016,40.900001525878906,20.349262237548828,2996400
2013-01-17,40.61000061035156,41.2400016784668,40.54999923706055,40.97999954223633,20.38906478881836,2868300
2013-01-18,41.09000015258789,41.29999923706055,40.529998779296875,40.61000061035156,20.204975128173828,2514700
2013-01-21,40.689998626708984,40.77000045776367,40.290000915527344,40.58000183105469,20.19005012512207,909200
2013-01-22,40.689998626708984,41.29999923706055,40.45000076293945,41.06999969482422,20.4338436126709,2636800
2013-01-23,40.689998626708984,41.33000183105469,40.45000076293945,40.849998474121094,20.32438087463379,3129100
2013-01-24,41.0,41.15999984741211,39.72999954223633,40.0,19.901479721069336,3330600
2013-01-28,39.880001068115234,39.939998626708984,38.650001525878906,38.790000915527344,19.299461364746094,2821000
2013-01-29,39.0099983215332,39.349998474121094,38.41999816894531,39.2400016784668,19.523353576660156,3225800
2013-01-30,39.20000076293945,39.2400016784668,38.5099983215332,38.75,19.279558181762695,4886500
2013-01-31,38.790000915527344,40.31999969482422,38.790000915527344,40.2599983215332,20.030839920043945,6130400
2013-02-01,40.2599983215332,41.11000061035156,40.2599983215332,40.849998474121094,20.32438087463379,3927600
2013-02-04,40.58000183105469,40.77000045776367,39.91999816894531,40.45000076293945,20.12537384033203,5490500
2013-02-05,40.369998931884766,41.2599983215332,39.33000183105469,39.70000076293945,19.752220153808594,4229500
2013-02-06,39.880001068115234,40.40999984741211,39.400001525878906,40.150001525878906,19.976110458374023,3813400
2013-02-07,39.79999923706055,40.40999984741211,38.93000030517578,39.029998779296875,19.41887092590332,3619100
2013-02-08,39.2599983215332,39.439998626708984,38.689998626708984,39.34000015258789,19.573104858398438,3239500
2013-02-13,39.540000915527344,39.540000915527344,38.959999084472656,39.11000061035156,19.45867347717285,2890000
2013-02-14,39.11000061035156,39.11000061035156,38.34000015258789,38.58000183105469,19.194976806640625,3905700
2013-02-15,38.5099983215332,38.66999816894531,38.060001373291016,38.29999923706055,19.055665969848633,2834200
2013-02-18,38.369998931884766,38.369998931884766,37.779998779296875,38.040000915527344,18.926307678222656,1878700
2013-02-19,38.16999816894531,38.689998626708984,37.5099983215332,37.650001525878906,18.732271194458008,3151700
2013-02-20,37.63999938964844,37.70000076293945,36.29999923706055,36.439998626708984,18.130250930786133,3891500
2013-02-21,36.0099983215332,36.70000076293945,35.790000915527344,36.70000076293945,18.259611129760742,5040200
2013-02-22,36.7400016784668,36.959999084472656,35.61000061035156,35.720001220703125,17.772022247314453,7438800
2013-02-25,35.81999969482422,36.22999954223633,35.59000015258789,35.880001068115234,17.851627349853516,5109000
2013-02-26,35.66999816894531,36.75,35.41999816894531,36.599998474121094,18.209857940673828,4874600
2013-02-27,36.790000915527344,37.0,35.939998626708984,37.0,18.408870697021484,3909200
2013-02-28,36.380001068115234,38.15999984741211,36.29999923706055,37.79999923706055,18.806900024414062,7847000
2013-03-01,37.0099983215332,37.439998626708984,36.66999816894531,36.75,18.284482955932617,5639000
2013-03-04,36.2599983215332,36.2599983215332,35.31999969482422,35.63999938964844,17.73221778869629,3634300
2013-03-05,36.0,36.22999954223633,35.099998474121094,35.45000076293945,17.637683868408203,3959700
2013-03-06,35.900001525878906,37.630001068115234,35.5,37.400001525878906,18.60788345336914,4078200
2013-03-07,37.70000076293945,38.06999969482422,37.04999923706055,37.380001068115234,18.59793472290039,5145900
2013-03-08,37.029998779296875,37.72999954223633,35.97999954223633,36.34000015258789,18.080493927001953,3788400
2013-03-11,36.4900016784668,36.970001220703125,35.81999969482422,36.66999816894531,18.24468421936035,2571100
2013-03-12,36.66999816894531,37.060001373291016,36.2400016784668,36.290000915527344,18.055618286132812,2339900
2013-03-13,36.2400016784668,36.34000015258789,34.849998474121094,34.86000061035156,17.344139099121094,3132400
2013-03-14,35.119998931884766,35.29999923706055,34.189998626708984,35.0,17.41379165649414,4631600
2013-03-15,35.2400016784668,35.54999923706055,34.72999954223633,34.72999954223633,17.279462814331055,7235100
2013-03-18,34.45000076293945,35.220001220703125,34.130001068115234,35.0,17.41379165649414,3145800
2013-03-19,34.45000076293945,35.220001220703125,33.5,33.58000183105469,16.707292556762695,5146200
2013-03-20,33.83000183105469,34.529998779296875,33.59000015258789,34.349998474121094,17.090396881103516,5188300
2013-03-21,34.27000045776367,34.93000030517578,33.900001525878906,34.63999938964844,17.234682083129883,4044000
2013-03-22,34.7400016784668,34.849998474121094,34.310001373291016,34.709999084472656,17.269508361816406,2362600
2013-03-25,34.79999923706055,34.79999923706055,33.83000183105469,34.25,17.04064178466797,2896800
2013-03-26,34.5,34.650001525878906,34.16999816894531,34.45000076293945,17.140153884887695,1993700
2013-03-27,34.40999984741211,35.150001525878906,33.95000076293945,35.130001068115234,17.478477478027344,3075200
2013-03-28,35.130001068115234,35.130001068115234,35.130001068115234,35.130001068115234,17.478477478027344,2994600
2013-04-01,34.810001373291016,34.91999816894531,33.939998626708984,34.0,16.9162540435791,1962600
2013-04-02,34.810001373291016,34.91999816894531,33.18000030517578,33.25,16.54310417175293,5340900
2013-04-03,33.18000030517578,35.349998474121094,33.060001373291016,35.349998474121094,17.58793067932129,6258100
2013-04-04,34.95000076293945,35.20000076293945,34.09000015258789,34.189998626708984,17.010787963867188,4226900
2013-04-05,33.7400016784668,34.83000183105469,33.439998626708984,34.560001373291016,17.19487953186035,4539600
2013-04-08,34.689998626708984,34.880001068115234,34.08000183105469,34.70000076293945,17.26453399658203,6448600
2013-04-09,35.0,36.599998474121094,35.0,36.189998626708984,18.005861282348633,7892300
2013-04-10,36.43000030517578,36.810001373291016,34.849998474121094,35.0,17.41379165649414,8489500
2013-04-11,35.150001525878906,35.290000915527344,33.88999938964844,34.13999938964844,16.98591423034668,5182600
2013-04-12,34.119998931884766,35.86000061035156,33.34000015258789,34.58000183105469,17.2048282623291,6132200
2013-04-15,33.54999923706055,33.86000061035156,32.04999923706055,32.459999084472656,16.15005111694336,4378700
2013-04-16,33.04999923706055,33.310001373291016,32.689998626708984,33.20000076293945,16.51822853088379,5677000
2013-04-17,31.700000762939453,32.5,31.06999969482422,32.459999084472656,16.581594467163086,9355000
2013-04-18,32.45000076293945,32.779998779296875,31.719999313354492,31.899999618530273,16.29552459716797,4258300
2013-04-19,32.34000015258789,32.540000915527344,31.540000915527344,32.099998474121094,16.39769744873047,4675200
2013-04-22,32.13999938964844,32.560001373291016,31.799999237060547,32.38999938964844,16.545835494995117,2287100
2013-04-23,32.529998779296875,33.540000915527344,32.06999969482422,33.400001525878906,17.061779022216797,3379500
2013-04-24,33.58000183105469,34.369998931884766,33.41999816894531,33.58000183105469,17.15372657775879,7022800
2013-04-25,34.540000915527344,34.95000076293945,34.0099983215332,34.11000061035156,17.424470901489258,5334600
2013-04-26,34.11000061035156,34.11000061035156,34.11000061035156,34.11000061035156,17.424470901489258,0
2013-04-29,33.619998931884766,34.06999969482422,33.209999084472656,33.599998474121094,17.163942337036133,3097200
2013-04-30,33.84000015258789,34.290000915527344,33.18000030517578,34.290000915527344,17.516414642333984,3184900
2013-05-02,33.45000076293945,33.849998474121094,33.119998931884766,33.4900016784668,17.107751846313477,6730100
2013-05-03,34.0,34.4900016784668,33.56999969482422,33.79999923706055,17.2661075592041,3919900
2013-05-06,33.90999984741211,34.310001373291016,33.630001068115234,33.83000183105469,17.281436920166016,4640200
2013-05-07,34.0099983215332,34.849998474121094,33.869998931884766,34.849998474121094,17.80248260498047,3991500
2013-05-08,34.790000915527344,35.310001373291016,34.7400016784668,34.959999084472656,17.858673095703125,4542500
2013-05-09,34.65999984741211,35.40999984741211,34.65999984741211,35.150001525878906,17.955734252929688,5351600
2013-05-10,34.9900016784668,35.20000076293945,34.15999984741211,34.2400016784668,17.490875244140625,4094100
2013-05-13,33.959999084472656,34.15999984741211,33.439998626708984,33.439998626708984,17.082210540771484,3029000
2013-05-14,33.56999969482422,33.599998474121094,32.66999816894531,32.790000915527344,16.750167846679688,3532300
2013-05-15,32.619998931884766,32.75,31.90999984741211,32.099998474121094,16.39769744873047,19258500
2013-05-16,31.969999313354492,32.11000061035156,31.239999771118164,31.350000381469727,16.014572143554688,4932100
2013-05-17,31.959999084472656,32.06999969482422,31.540000915527344,31.770000457763672,16.2291202545166,2720600
2013-05-20,31.959999084472656,32.959999084472656,31.350000381469727,32.88999938964844,16.801254272460938,4294000
2013-05-21,33.02000045776367,33.2599983215332,32.619998931884766,33.150001525878906,16.934070587158203,2478700
2013-05-22,33.20000076293945,33.540000915527344,32.290000915527344,32.619998931884766,16.663326263427734,5179200
2013-05-23,31.739999771118164,32.0099983215332,31.469999313354492,32.0099983215332,16.35171890258789,4384700
2013-05-24,31.579999923706055,31.84000015258789,31.510000228881836,31.700000762939453,16.193363189697266,3298900
2013-05-27,31.700000762939453,32.0,31.600000381469727,31.850000381469727,16.269989013671875,605500
2013-05-28,32.20000076293945,32.209999084472656,31.299999237060547,31.299999237060547,15.989032745361328,3372000
2013-05-29,31.0,31.420000076293945,30.8700008392334,31.049999237060547,15.86131763458252,5899200
2013-05-31,31.549999237060547,31.670000076293945,30.34000015258789,30.450000762939453,15.554823875427246,7515700
2013-06-03,30.860000610351562,31.639999389648438,30.790000915527344,31.600000381469727,16.14227867126465,4662800
2013-06-04,32.0,32.08000183105469,31.1299991607666,32.0,16.34661293029785,5599600
2013-06-05,31.649999618530273,31.969999313354492,30.799999237060547,30.920000076293945,15.794914245605469,4001000
2013-06-06,30.950000762939453,31.309999465942383,30.440000534057617,31.280000686645508,15.97881031036377,5729200
2013-06-07,30.649999618530273,31.420000076293945,30.639999389648438,30.770000457763672,15.718289375305176,4320200
2013-06-10,30.59000015258789,30.81999969482422,30.329999923706055,30.459999084472656,15.559928894042969,7959300
2013-06-11,29.979999542236328,30.1299991607666,29.700000762939453,29.709999084472656,15.17680835723877,5713600
2013-06-12,30.010000228881836,30.020000457763672,29.09000015258789,29.389999389648438,15.013340950012207,6950400
2013-06-13,29.31999969482422,30.950000762939453,29.309999465942383,30.889999389648438,15.77959156036377,5293800
2013-06-14,30.950000762939453,31.31999969482422,30.059999465942383,30.079999923706055,15.365814208984375,4633600
2013-06-17,30.5,30.809999465942383,30.010000228881836,30.399999618530273,15.529281616210938,3627900
2013-06-18,30.200000762939453,31.31999969482422,30.030000686645508,31.030000686645508,15.851106643676758,3721900
2013-06-19,30.90999984741211,31.239999771118164,30.65999984741211,30.709999084472656,15.687641143798828,5174800
2013-06-20,29.940000534057617,31.100000381469727,29.65999984741211,30.950000762939453,15.8102388381958,8598800
2013-06-21,30.350000381469727,31.020000457763672,30.200000762939453,30.450000762939453,15.554823875427246,10023300
2013-06-24,29.850000381469727,30.059999465942383,28.6200008392334,28.889999389648438,14.757926940917969,5915200
2013-06-25,29.299999237060547,29.690000534057617,28.989999771118164,29.399999618530273,15.018446922302246,3452700
2013-06-26,29.5,29.6299991607666,28.34000015258789,28.450000762939453,14.533159255981445,3906700
2013-06-27,28.600000381469727,29.030000686645508,28.40999984741211,28.450000762939453,14.533159255981445,4247900
2013-06-28,28.34000015258789,29.25,28.229999542236328,28.90999984741211,14.768142700195312,9778200
2013-07-01,28.34000015258789,29.739999771118164,28.229999542236328,29.489999771118164,15.064425468444824,3180300
2013-07-02,29.100000381469727,29.579999923706055,28.18000030517578,28.5,14.558700561523438,6671500
2013-07-03,28.350000381469727,28.989999771118164,28.020000457763672,28.389999389648438,14.502510070800781,4642200
2013-07-04,29.049999237060547,29.670000076293945,29.049999237060547,29.469999313354492,15.054206848144531,2302700
2013-07-05,28.850000381469727,29.149999618530273,27.889999389648438,28.700000762939453,14.660869598388672,4384000
2013-07-08,28.75,28.989999771118164,28.170000076293945,28.3799991607666,14.497401237487793,3025000
2013-07-10,29.020000457763672,29.440000534057617,28.65999984741211,29.049999237060547,14.83966064453125,5927700
2013-07-11,29.93000030517578,30.479999542236328,29.850000381469727,30.479999542236328,15.570149421691895,5339400
2013-07-12,30.200000762939453,30.219999313354492,29.770000457763672,29.84000015258789,15.243216514587402,2903700
2013-07-15,30.350000381469727,30.350000381469727,29.860000610351562,30.1299991607666,15.391355514526367,2380800
2013-07-16,30.420000076293945,31.280000686645508,30.299999237060547,31.229999542236328,15.953271865844727,4755900
2013-07-17,31.459999084472656,32.119998931884766,31.399999618530273,31.84000015258789,16.26487922668457,7155500
2013-07-18,31.649999618530273,32.27000045776367,31.540000915527344,31.649999618530273,16.167821884155273,4546100
2013-07-19,31.309999465942383,31.639999389648438,30.709999084472656,30.93000030517578,15.800024032592773,3410800
2013-07-22,30.850000381469727,31.549999237060547,30.809999465942383,31.40999984741211,16.045223236083984,3767700
2013-07-23,31.75,32.099998474121094,31.540000915527344,32.02000045776367,16.356826782226562,2995900
2013-07-24,31.90999984741211,32.2400016784668,31.579999923706055,31.90999984741211,16.300636291503906,3972300
2013-07-25,31.600000381469727,32.34000015258789,31.549999237060547,32.2599983215332,16.479429244995117,6825500
2013-07-26,32.2599983215332,32.2599983215332,32.2599983215332,32.2599983215332,16.479429244995117,0
2013-07-29,31.959999084472656,32.27000045776367,31.75,31.84000015258789,16.26487922668457,4137500
2013-07-30,31.899999618530273,32.09000015258789,31.059999465942383,31.059999465942383,15.86643123626709,6364000
2013-07-31,30.989999771118164,31.389999389648438,30.93000030517578,31.020000457763672,15.845998764038086,3011200
2013-08-01,31.510000228881836,31.75,31.270000457763672,31.329999923706055,16.00435447692871,3017400
2013-08-02,31.309999465942383,31.84000015258789,31.100000381469727,31.25,15.963489532470703,3473300
2013-08-05,31.25,31.850000381469727,31.200000762939453,31.549999237060547,16.116741180419922,2674400
2013-08-06,31.450000762939453,31.579999923706055,30.959999084472656,31.309999465942383,15.994138717651367,5023200
2013-08-07,31.110000610351562,32.279998779296875,31.06999969482422,32.0,16.34661293029785,3646800
2013-08-08,32.31999969482422,33.4900016784668,32.31999969482422,33.18000030517578,16.949392318725586,5463300
2013-08-09,33.599998474121094,35.189998626708984,33.47999954223633,34.75,17.75139808654785,9789400
2013-08-12,35.02000045776367,35.880001068115234,34.959999084472656,35.5,18.134519577026367,7804200
2013-08-13,35.970001220703125,36.18000030517578,35.2599983215332,35.61000061035156,18.19071388244629,6111200
2013-08-14,35.470001220703125,36.279998779296875,35.36000061035156,35.779998779296875,18.277555465698242,8877200
2013-08-15,35.25,36.529998779296875,35.220001220703125,36.150001525878906,18.466567993164062,13069900
2013-08-16,36.209999084472656,36.790000915527344,36.0,36.599998474121094,18.69643783569336,5888700
2013-08-19,36.29999923706055,36.86000061035156,36.11000061035156,36.40999984741211,18.599380493164062,6722100
2013-08-20,35.90999984741211,36.25,35.25,35.380001068115234,18.073223114013672,5582900
2013-08-21,35.099998474121094,35.630001068115234,34.68000030517578,35.0099983215332,17.884214401245117,5028800
2013-08-22,35.72999954223633,36.40999984741211,35.47999954223633,36.2599983215332,18.52275276184082,4993000
2013-08-23,36.18000030517578,36.43000030517578,35.709999084472656,36.119998931884766,18.45123863220215,6167400
2013-08-26,35.77000045776367,36.45000076293945,35.77000045776367,35.900001525878906,18.338857650756836,3669900
2013-08-27,35.5,35.81999969482422,35.150001525878906,35.27000045776367,18.017032623291016,4585000
2013-08-28,35.29999923706055,35.43000030517578,34.25,34.84000015258789,17.797374725341797,4575400
2013-08-29,34.79999923706055,34.9900016784668,33.9900016784668,34.02000045776367,17.378494262695312,4670000
2013-08-30,34.79999923706055,34.9900016784668,33.63999938964844,34.34000015258789,17.541955947875977,5399300
2013-09-02,35.290000915527344,35.709999084472656,34.90999984741211,35.619998931884766,18.195819854736328,3017400
2013-09-03,35.54999923706055,35.900001525878906,35.22999954223633,35.849998474121094,18.313312530517578,3917700
2013-09-04,35.40999984741211,36.0,35.209999084472656,36.0,18.389938354492188,3295800
2013-09-05,35.79999923706055,36.16999816894531,35.41999816894531,35.9900016784668,18.384830474853516,2906700
2013-09-06,36.279998779296875,36.400001525878906,35.619998931884766,35.900001525878906,18.338857650756836,3367500
2013-09-09,35.709999084472656,37.20000076293945,35.709999084472656,36.95000076293945,18.875226974487305,4719100
2013-09-10,37.0,38.310001373291016,36.97999954223633,37.849998474121094,19.334980010986328,9711200
2013-09-11,37.83000183105469,38.2400016784668,36.849998474121094,37.13999938964844,18.9722843170166,7135400
2013-09-12,37.13999938964844,37.2400016784668,36.54999923706055,36.95000076293945,18.875226974487305,3956800
2013-09-13,36.9900016784668,36.9900016784668,36.2599983215332,36.5,18.645357131958008,3666700
2013-09-16,36.70000076293945,36.93000030517578,36.209999084472656,36.38999938964844,18.589157104492188,3136200
2013-09-17,36.27000045776367,36.540000915527344,35.79999923706055,36.4900016784668,18.64025115966797,3162000
2013-09-18,36.38999938964844,36.68000030517578,36.08000183105469,36.529998779296875,18.66067886352539,4448400
2013-09-19,36.83000183105469,36.83000183105469,36.02000045776367,36.380001068115234,18.584054946899414,3790900
2013-09-20,36.20000076293945,36.36000061035156,35.459999084472656,35.77000045776367,18.27244758605957,4918100
2013-09-23,36.20000076293945,36.36000061035156,35.459999084472656,36.0099983215332,18.395044326782227,2418300
2013-09-24,36.20000076293945,36.36000061035156,35.31999969482422,35.45000076293945,18.108983993530273,4378500
2013-09-25,35.45000076293945,35.90999984741211,35.45000076293945,35.75,18.262229919433594,3398300
2013-09-26,35.810001373291016,36.11000061035156,35.529998779296875,36.0,18.389938354492188,2156100
2013-09-27,35.779998779296875,35.900001525878906,35.0099983215332,35.15999984741211,17.960838317871094,4674900
2013-09-30,35.779998779296875,35.900001525878906,34.220001220703125,34.459999084472656,17.603256225585938,3996400
2013-10-01,34.75,34.75,33.81999969482422,34.5,17.623693466186523,4059600
2013-10-02,34.25,34.7599983215332,34.099998474121094,34.5099983215332,17.628799438476562,2312500
2013-10-03,34.5099983215332,34.849998474121094,33.83000183105469,34.040000915527344,17.388710021972656,3940600
2013-10-04,34.130001068115234,34.400001525878906,33.560001373291016,34.38999938964844,17.567501068115234,3928400
2013-10-07,34.09000015258789,34.459999084472656,33.90999984741211,34.09000015258789,17.41425132751465,3632100
2013-10-08,34.099998474121094,34.099998474121094,33.52000045776367,33.61000061035156,17.169048309326172,5268100
2013-10-09,33.869998931884766,33.869998931884766,32.81999969482422,33.20000076293945,16.959613800048828,3586300
2013-10-10,33.439998626708984,33.599998474121094,32.939998626708984,33.45000076293945,17.08732032775879,3662800
2013-10-11,33.5,33.90999984741211,33.2400016784668,33.77000045776367,17.25078773498535,2246400
2013-10-14,33.4900016784668,35.380001068115234,33.36000061035156,35.34000015258789,18.052791595458984,4894500
2013-10-15,35.31999969482422,36.279998779296875,35.040000915527344,35.630001068115234,18.200929641723633,9524500
2013-10-16,35.5099983215332,35.790000915527344,35.27000045776367,35.439998626708984,18.103872299194336,3546400
2013-10-17,35.099998474121094,36.22999954223633,35.099998474121094,36.22999954223633,18.50742530822754,15681700
2013-10-18,35.189998626708984,35.52000045776367,34.709999084472656,34.939998626708984,17.908065795898438,12640200
2013-10-21,34.970001220703125,35.4900016784668,34.970001220703125,35.380001068115234,18.133586883544922,3380000
2013-10-22,35.34000015258789,36.25,35.150001525878906,35.88999938964844,18.394981384277344,4089800
2013-10-23,35.599998474121094,35.599998474121094,34.84000015258789,35.04999923706055,17.96445083618164,3741000
2013-10-24,35.04999923706055,35.369998931884766,34.7400016784668,35.04999923706055,17.96445083618164,3549300
2013-10-25,34.880001068115234,35.09000015258789,34.5099983215332,35.06999969482422,17.974699020385742,15373800
2013-10-28,35.099998474121094,35.4900016784668,34.91999816894531,35.310001373291016,18.097705841064453,6582800
2013-10-29,35.599998474121094,35.599998474121094,34.75,35.13999938964844,18.010574340820312,2798100
2013-10-30,35.34000015258789,35.5099983215332,34.790000915527344,35.02000045776367,17.949073791503906,3258500
2013-10-31,35.13999938964844,35.84000015258789,34.88999938964844,35.75,18.323223114013672,5625100
2013-11-01,35.81999969482422,36.939998626708984,35.7599983215332,36.900001525878906,18.912649154663086,6068800
2013-11-04,36.790000915527344,38.029998779296875,36.790000915527344,37.900001525878906,19.425186157226562,5215200
2013-11-05,38.04999923706055,38.459999084472656,37.810001373291016,37.83000183105469,19.38930320739746,4614100
2013-11-06,38.20000076293945,38.59000015258789,38.02000045776367,38.470001220703125,19.717327117919922,6169500
2013-11-07,38.619998931884766,38.93000030517578,36.95000076293945,37.22999954223633,19.081787109375,6925800
2013-11-08,36.900001525878906,37.22999954223633,36.529998779296875,36.75,18.835765838623047,5855200
2013-11-11,36.75,37.279998779296875,36.529998779296875,36.95000076293945,18.938270568847656,4377100
2013-11-12,37.0,37.099998474121094,35.59000015258789,35.790000915527344,18.343727111816406,10064600
2013-11-13,35.29999923706055,35.79999923706055,34.70000076293945,35.529998779296875,18.21047019958496,8989700
2013-11-14,35.869998931884766,36.220001220703125,35.540000915527344,35.880001068115234,18.389854431152344,4338800
2013-11-18,36.150001525878906,36.630001068115234,35.93000030517578,36.25,18.579496383666992,3587100
2013-11-19,36.060001373291016,36.22999954223633,35.470001220703125,35.599998474121094,18.24634552001953,3949600
2013-11-21,35.029998779296875,35.560001373291016,34.90999984741211,35.02000045776367,17.949073791503906,3247800
2013-11-22,34.72999954223633,35.4900016784668,34.70000076293945,35.33000183105469,18.10795783996582,3193800
2013-11-25,35.47999954223633,35.5099983215332,34.529998779296875,34.650001525878906,17.759435653686523,3782400
2013-11-26,34.5,34.689998626708984,33.540000915527344,33.540000915527344,17.19051742553711,4955900
2013-11-27,33.900001525878906,34.68000030517578,33.70000076293945,34.2400016784668,17.549293518066406,6191900
2013-11-28,35.540000915527344,35.54999923706055,34.970001220703125,35.20000076293945,18.04132652282715,2204400
2013-11-29,35.349998474121094,35.869998931884766,35.16999816894531,35.869998931884766,18.384729385375977,3463800
2013-12-02,35.310001373291016,35.68000030517578,35.040000915527344,35.40999984741211,18.148963928222656,4834500
2013-12-03,35.04999923706055,35.61000061035156,34.939998626708984,35.08000183105469,17.979825973510742,3362100
2013-12-04,35.380001068115234,35.560001373291016,35.06999969482422,35.45000076293945,18.169466018676758,3009600
2013-12-05,35.380001068115234,36.04999923706055,35.06999969482422,35.630001068115234,18.261720657348633,3879700
2013-12-06,36.0,36.06999969482422,35.4900016784668,35.560001373291016,18.225845336914062,3393400
2013-12-09,35.529998779296875,35.95000076293945,35.470001220703125,35.540000915527344,18.215593338012695,2374800
2013-12-10,35.790000915527344,36.20000076293945,35.2599983215332,35.41999816894531,18.154088973999023,2539200
2013-12-11,35.43000030517578,35.47999954223633,34.70000076293945,34.70000076293945,17.78506088256836,2326800
2013-12-12,34.66999816894531,35.0,34.27000045776367,34.54999923706055,17.70818328857422,4122100
2013-12-13,35.0,35.0,34.099998474121094,34.15999984741211,17.508291244506836,3723000
2013-12-16,34.33000183105469,34.68000030517578,34.27000045776367,34.38999938964844,17.626174926757812,2581400
2013-12-17,34.16999816894531,34.810001373291016,34.08000183105469,34.27000045776367,17.56467056274414,3032300
2013-12-18,34.56999969482422,34.720001220703125,34.150001525878906,34.369998931884766,17.615922927856445,5304800
2013-12-19,34.79999923706055,35.11000061035156,34.41999816894531,35.11000061035156,17.99520492553711,2753600
2013-12-20,34.75,35.08000183105469,34.25,34.45000076293945,17.65692710876465,4854200
2013-12-23,34.41999816894531,34.720001220703125,34.27000045776367,34.560001373291016,17.713308334350586,1981500
2013-12-26,34.83000183105469,34.900001525878906,34.529998779296875,34.709999084472656,17.79018783569336,2186300
2013-12-27,34.88999938964844,35.68000030517578,34.7599983215332,35.5,18.195091247558594,4141400
2013-12-30,35.880001068115234,36.11000061035156,35.5099983215332,35.709999084472656,18.302724838256836,2604400
2014-01-02,35.90999984741211,36.04999923706055,34.56999969482422,34.810001373291016,17.841442108154297,4395300
2014-01-03,34.810001373291016,34.810001373291016,33.810001373291016,34.060001373291016,17.45703887939453,9207100
2014-01-06,33.630001068115234,34.209999084472656,33.38999938964844,34.09000015258789,17.472415924072266,4527200
2014-01-07,34.0099983215332,34.349998474121094,33.119998931884766,33.25,17.041881561279297,4352500
2014-01-08,33.4900016784668,33.63999938964844,33.27000045776367,33.47999954223633,17.159765243530273,2697700
2014-01-09,33.47999954223633,33.47999954223633,32.150001525878906,32.290000915527344,16.549850463867188,5364800
2014-01-10,32.2599983215332,32.86000061035156,32.130001068115234,32.25,16.529346466064453,4207300
2014-01-13,32.060001373291016,32.45000076293945,31.809999465942383,32.040000915527344,16.421714782714844,4259200
2014-01-14,31.959999084472656,32.2599983215332,31.729999542236328,32.02000045776367,16.411457061767578,4422600
2014-01-15,32.099998474121094,32.68000030517578,31.829999923706055,32.45000076293945,16.631853103637695,4782200
2014-01-16,32.97999954223633,33.36000061035156,32.59000015258789,32.83000183105469,16.826614379882812,4080500
2014-01-17,32.810001373291016,32.959999084472656,32.369998931884766,32.4900016784668,16.652355194091797,4059200
2014-01-20,32.15999984741211,32.439998626708984,31.559999465942383,31.790000915527344,16.293577194213867,1692800
2014-01-21,31.06999969482422,31.1200008392334,31.010000228881836,31.079999923706055,15.929673194885254,5419100
2014-01-22,31.329999923706055,32.0099983215332,31.110000610351562,31.809999465942383,16.303834915161133,5212600
2014-01-23,31.299999237060547,31.799999237060547,30.920000076293945,30.93000030517578,15.85279369354248,8312700
2014-01-24,30.809999465942383,31.399999618530273,30.75,31.25,16.016809463500977,8305400
2014-01-27,31.34000015258789,31.739999771118164,30.700000762939453,31.1200008392334,15.950177192687988,4425900
2014-01-28,31.780000686645508,32.060001373291016,31.649999618530273,31.75,16.273075103759766,4774000
2014-01-29,31.75,33.56999969482422,31.479999542236328,33.099998474121094,16.964998245239258,9022400
2014-01-30,33.119998931884766,33.380001068115234,32.40999984741211,32.5,16.657480239868164,5672400
2014-01-31,32.18000030517578,33.15999984741211,32.040000915527344,33.04999923706055,16.93937110900879,4581600
2014-02-03,32.970001220703125,33.0,32.09000015258789,32.130001068115234,16.46784210205078,4129000
2014-02-04,32.52000045776367,32.95000076293945,31.969999313354492,32.66999816894531,16.744606018066406,3540700
2014-02-05,32.75,33.689998626708984,32.65999984741211,33.5,17.170019149780273,7087400
2014-02-06,34.0,34.779998779296875,33.689998626708984,34.2599983215332,17.55954360961914,6218800
2014-02-07,34.279998779296875,34.630001068115234,33.790000915527344,34.04999923706055,17.45191192626953,4077800
2014-02-10,33.93000030517578,34.43000030517578,33.540000915527344,33.63999938964844,17.241769790649414,3942600
2014-02-11,34.0,34.630001068115234,33.599998474121094,34.4900016784668,17.67742919921875,5583600
2014-02-12,34.650001525878906,34.869998931884766,34.25,34.459999084472656,17.662050247192383,5903000
2014-02-13,34.25,34.45000076293945,33.810001373291016,34.31999969482422,17.590295791625977,6425600
2014-02-14,34.5,35.20000076293945,34.25,34.84000015258789,17.8568172454834,4809500
2014-02-17,34.95000076293945,35.09000015258789,34.4900016784668,34.4900016784668,17.67742919921875,1372200
2014-02-18,34.650001525878906,35.189998626708984,34.5,34.56999969482422,17.71843147277832,7612300
2014-02-19,34.54999923706055,35.09000015258789,34.369998931884766,34.91999816894531,17.8978214263916,5319900
2014-02-20,34.72999954223633,34.90999984741211,34.5,34.52000045776367,17.692806243896484,5881300
2014-02-21,34.56999969482422,34.880001068115234,34.400001525878906,34.61000061035156,17.73893165588379,3890800
2014-02-24,34.56999969482422,34.56999969482422,33.52000045776367,33.66999816894531,17.25714874267578,3929300
2014-02-25,33.20000076293945,33.2400016784668,32.38999938964844,32.5099983215332,16.6626033782959,3741600
2014-02-26,32.56999969482422,32.959999084472656,32.18000030517578,32.52000045776367,16.667728424072266,4849500
2014-02-27,33.099998474121094,33.54999923706055,32.65999984741211,33.0099983215332,16.918872833251953,3879600
2014-02-28,33.13999938964844,33.20000076293945,32.56999969482422,33.0,16.913747787475586,7220200
2014-03-05,32.349998474121094,32.7400016784668,31.760000228881836,31.850000381469727,16.324329376220703,3254400
2014-03-06,32.11000061035156,32.18000030517578,31.739999771118164,31.75,16.273075103759766,5489500
2014-03-07,31.5,31.68000030517578,30.440000534057617,30.549999237060547,15.65803337097168,5480500
2014-03-10,30.010000228881836,30.190000534057617,29.5,30.040000915527344,15.396636962890625,7990900
2014-03-11,30.299999237060547,30.489999771118164,29.479999542236328,29.549999237060547,15.145493507385254,5635500
2014-03-12,29.5,30.31999969482422,29.309999465942383,30.110000610351562,15.432518005371094,5241900
2014-03-13,30.25,30.559999465942383,29.139999389648438,29.299999237060547,15.017359733581543,4902200
2014-03-14,29.34000015258789,29.65999984741211,29.079999923706055,29.260000228881836,14.996857643127441,4960400
2014-03-17,29.270000457763672,30.049999237060547,29.25,29.309999465942383,15.022480010986328,3556000
2014-03-18,29.530000686645508,29.979999542236328,29.270000457763672,29.809999465942383,15.278752326965332,4698700
2014-03-19,29.799999237060547,30.209999084472656,29.479999542236328,29.610000610351562,15.176248550415039,6334100
2014-03-20,29.489999771118164,30.1299991607666,29.260000228881836,29.8799991607666,15.314628601074219,6251400
2014-03-21,29.700000762939453,30.770000457763672,29.649999618530273,30.43000030517578,15.596529006958008,6293100
2014-03-24,30.600000381469727,30.780000686645508,30.280000686645508,30.579999923706055,15.673406600952148,4447000
2014-03-25,31.0,31.209999084472656,30.690000534057617,30.81999969482422,15.796417236328125,5797600
2014-03-26,31.25,31.309999465942383,30.459999084472656,30.469999313354492,15.617024421691895,5293600
2014-03-27,30.90999984741211,31.260000228881836,30.639999389648438,31.110000610351562,15.945052146911621,6957100
2014-03-28,31.299999237060547,31.510000228881836,30.709999084472656,31.010000228881836,15.893797874450684,5336900
2014-03-31,31.299999237060547,32.0,31.299999237060547,31.420000076293945,16.10393714904785,5984400
2014-04-01,31.700000762939453,31.84000015258789,31.049999237060547,31.360000610351562,16.073184967041016,5701200
2014-04-02,31.360000610351562,33.02000045776367,31.34000015258789,32.529998779296875,16.672855377197266,11331300
2014-04-03,32.400001525878906,33.060001373291016,32.119998931884766,32.90999984741211,16.867618560791016,6141000
2014-04-04,33.150001525878906,33.349998474121094,32.47999954223633,32.47999954223633,16.647228240966797,6175200
2014-04-07,32.9900016784668,33.43000030517578,32.689998626708984,33.34000015258789,17.088008880615234,3765400
2014-04-08,33.65999984741211,34.439998626708984,33.130001068115234,33.2599983215332,17.047006607055664,5955500
2014-04-09,33.20000076293945,33.459999084472656,32.7400016784668,32.97999954223633,16.90349769592285,4048400
2014-04-10,32.900001525878906,33.09000015258789,32.5,32.79999923706055,16.81123924255371,2961400
2014-04-11,32.619998931884766,32.970001220703125,32.150001525878906,32.970001220703125,16.89837074279785,4215500
2014-04-14,33.02000045776367,33.2400016784668,32.7599983215332,32.7599983215332,16.790739059448242,4149700
2014-04-15,31.799999237060547,32.25,30.25,30.940000534057617,16.305320739746094,7182400
2014-04-16,31.149999618530273,31.420000076293945,30.920000076293945,31.079999923706055,16.37910270690918,3234500
2014-04-17,31.149999618530273,31.950000762939453,31.049999237060547,31.649999618530273,16.679487228393555,2763100
2014-04-22,31.3700008392334,31.3700008392334,30.700000762939453,30.709999084472656,16.184112548828125,5738400
2014-04-23,30.700000762939453,30.799999237060547,30.209999084472656,30.290000915527344,15.962775230407715,3535500
2014-04-24,30.5,31.149999618530273,30.270000457763672,30.790000915527344,16.226274490356445,3254500
2014-04-25,30.600000381469727,30.700000762939453,30.079999923706055,30.31999969482422,15.978581428527832,4690200
2014-04-28,29.90999984741211,30.0,29.139999389648438,29.59000015258789,15.593873023986816,3563800
2014-04-29,29.8799991607666,29.959999084472656,29.6200008392334,29.780000686645508,15.694005966186523,3840000
2014-04-30,29.3799991607666,29.670000076293945,28.719999313354492,29.549999237060547,15.572793960571289,8196500
2014-05-02,29.610000610351562,30.389999389648438,29.3799991607666,30.200000762939453,15.915343284606934,6609700
2014-05-05,30.290000915527344,30.440000534057617,29.770000457763672,30.110000610351562,15.867918968200684,2412100
2014-05-06,29.899999618530273,30.420000076293945,29.780000686645508,29.81999969482422,15.715087890625,3224300
2014-05-07,29.889999389648438,30.239999771118164,29.670000076293945,29.969999313354492,15.794134140014648,3228300
2014-05-08,30.139999389648438,30.200000762939453,29.219999313354492,29.469999313354492,15.530632972717285,3728900
2014-05-09,29.520000457763672,29.670000076293945,29.110000610351562,29.219999313354492,15.398885726928711,3256100
2014-05-12,29.899999618530273,30.700000762939453,29.690000534057617,30.600000381469727,16.126144409179688,3133700
2014-05-13,30.549999237060547,30.93000030517578,30.399999618530273,30.649999618530273,16.152490615844727,3069200
2014-05-14,30.75,31.479999542236328,30.719999313354492,31.389999389648438,16.54247283935547,3736600
2014-05-15,31.25,31.43000030517578,30.81999969482422,31.100000381469727,16.38964080810547,2680900
2014-05-16,30.850000381469727,30.860000610351562,30.18000030517578,30.399999618530273,16.02074432373047,3636400
2014-05-19,30.100000381469727,30.100000381469727,29.450000762939453,29.469999313354492,15.530632972717285,3857300
2014-05-20,29.450000762939453,29.649999618530273,28.850000381469727,28.860000610351562,15.209168434143066,3983900
2014-05-21,29.200000762939453,29.389999389648438,28.799999237060547,28.889999389648438,15.224976539611816,2908100
2014-05-22,29.18000030517578,29.809999465942383,29.170000076293945,29.34000015258789,15.462125778198242,2598300
2014-05-23,29.489999771118164,29.579999923706055,29.1200008392334,29.260000228881836,15.419962882995605,2510700
2014-05-26,29.459999084472656,29.770000457763672,29.389999389648438,29.600000381469727,15.599141120910645,928700
2014-05-27,29.450000762939453,29.700000762939453,29.010000228881836,29.09000015258789,15.330373764038086,3147000
2014-05-28,29.040000915527344,29.25,28.860000610351562,29.09000015258789,15.330373764038086,3761700
2014-05-29,29.25,29.34000015258789,28.850000381469727,29.34000015258789,15.462125778198242,1819700
2014-05-30,28.649999618530273,28.940000534057617,28.290000915527344,28.459999084472656,14.998364448547363,6115400
2014-06-02,28.770000457763672,29.3700008392334,28.649999618530273,29.139999389648438,15.356725692749023,3104900
2014-06-03,29.139999389648438,29.200000762939453,28.68000030517578,28.850000381469727,15.203896522521973,1994600
2014-06-04,28.799999237060547,29.239999771118164,28.760000228881836,28.920000076293945,15.240785598754883,2960200
2014-06-05,28.920000076293945,29.229999542236328,28.709999084472656,28.780000686645508,15.167006492614746,2888500
2014-06-06,29.399999618530273,29.600000381469727,29.139999389648438,29.3700008392334,15.477935791015625,6907200
2014-06-09,29.40999984741211,29.799999237060547,29.360000610351562,29.6299991607666,15.614953994750977,5514300
2014-06-10,29.68000030517578,29.75,29.079999923706055,29.440000534057617,15.514825820922852,5057200
2014-06-11,29.899999618530273,29.93000030517578,29.309999465942383,29.639999389648438,15.62022590637207,3680400
2014-06-13,28.75,29.040000915527344,28.479999542236328,28.600000381469727,15.072144508361816,4616000
2014-06-16,28.739999771118164,28.739999771118164,28.209999084472656,28.420000076293945,14.977291107177734,3271100
2014-06-17,28.40999984741211,28.479999542236328,28.260000228881836,28.450000762939453,14.993097305297852,2550400
2014-06-18,28.5,28.959999084472656,28.43000030517578,28.850000381469727,15.203896522521973,5689200
2014-06-20,28.799999237060547,28.989999771118164,28.5,28.770000457763672,15.161736488342285,2129500
2014-06-23,29.100000381469727,29.3799991607666,28.90999984741211,29.110000610351562,15.340914726257324,2692000
2014-06-24,29.100000381469727,29.290000915527344,28.639999389648438,28.709999084472656,15.13011646270752,3587200
2014-06-25,28.59000015258789,29.06999969482422,28.469999313354492,28.65999984741211,15.103765487670898,1971700
2014-06-26,28.989999771118164,29.75,28.989999771118164,29.34000015258789,15.462125778198242,3158000
2014-06-27,29.290000915527344,29.540000915527344,29.0,29.059999465942383,15.314563751220703,1866000
2014-06-30,29.25,29.31999969482422,28.809999465942383,29.239999771118164,15.40942668914795,2926700
2014-07-01,29.5,29.969999313354492,29.5,29.649999618530273,15.625494003295898,2864400
2014-07-02,29.799999237060547,30.530000686645508,29.729999542236328,30.440000534057617,16.041824340820312,6071700
2014-07-03,30.559999465942383,31.3799991607666,30.559999465942383,31.040000915527344,16.358022689819336,5203100
2014-07-04,31.170000076293945,31.25,31.0,31.219999313354492,16.452877044677734,708300
2014-07-07,31.0,31.209999084472656,30.610000610351562,30.799999237060547,16.23154067993164,2541000
2014-07-08,30.950000762939453,31.020000457763672,30.56999969482422,30.809999465942383,16.236814498901367,1739300
2014-07-10,30.81999969482422,30.979999542236328,30.510000228881836,30.799999237060547,16.23154067993164,4174700
2014-07-11,30.799999237060547,31.0,30.399999618530273,30.709999084472656,16.184112548828125,2503500
2014-07-14,30.950000762939453,31.200000762939453,30.799999237060547,30.860000610351562,16.26316261291504,4648900
2014-07-15,30.899999618530273,31.290000915527344,30.899999618530273,31.059999465942383,16.368562698364258,3299600
2014-07-16,31.3700008392334,32.08000183105469,31.3700008392334,31.920000076293945,16.821781158447266,5259300
2014-07-17,31.799999237060547,31.93000030517578,31.440000534057617,31.479999542236328,16.589902877807617,3723000
2014-07-18,32.0,32.0,31.399999618530273,31.450000762939453,16.5740909576416,4797600
2014-07-21,31.489999771118164,31.719999313354492,31.229999542236328,31.559999465942383,16.63205909729004,3176100
2014-07-22,31.799999237060547,32.13999938964844,31.799999237060547,31.8700008392334,16.79543113708496,3830800
2014-07-23,31.799999237060547,32.209999084472656,31.719999313354492,31.729999542236328,16.721649169921875,2660700
2014-07-24,32.060001373291016,32.599998474121094,31.989999771118164,32.34000015258789,17.04311752319336,3291400
2014-07-25,32.29999923706055,32.5,32.25,32.380001068115234,17.064199447631836,1930900
2014-07-28,32.56999969482422,33.04999923706055,32.56999969482422,32.81999969482422,17.296079635620117,5109100
2014-07-29,33.0,33.25,32.81999969482422,32.91999816894531,17.348777770996094,3004500
2014-07-30,32.95000076293945,32.9900016784668,32.150001525878906,32.220001220703125,16.979881286621094,4961400
2014-07-31,32.09000015258789,32.95000076293945,32.029998779296875,32.54999923706055,17.153785705566406,4681000
2014-08-01,32.45000076293945,32.54999923706055,31.649999618530273,31.770000457763672,16.742727279663086,3893100
2014-08-04,31.860000610351562,32.16999816894531,31.549999237060547,32.13999938964844,16.937721252441406,3206600
2014-08-05,32.0,32.0,31.559999465942383,31.6200008392334,16.663681030273438,3030700
2014-08-06,31.6299991607666,32.06999969482422,31.549999237060547,31.799999237060547,16.758541107177734,2653500
2014-08-07,32.04999923706055,32.13999938964844,31.540000915527344,31.600000381469727,16.653141021728516,2373000
2014-08-08,31.5,31.90999984741211,31.360000610351562,31.610000610351562,16.658411026000977,3066400
2014-08-11,32.0,32.310001373291016,31.84000015258789,31.84000015258789,16.779617309570312,3933700
2014-08-12,31.850000381469727,32.04999923706055,31.719999313354492,32.0099983215332,16.869211196899414,3634300
2014-08-13,31.75,31.81999969482422,31.0,31.34000015258789,16.516122817993164,5455100
2014-08-14,31.100000381469727,31.25,30.270000457763672,30.59000015258789,16.120872497558594,6028500
2014-08-15,30.899999618530273,31.149999618530273,30.65999984741211,31.0,16.336938858032227,2947900
2014-08-18,31.200000762939453,31.299999237060547,30.799999237060547,31.239999771118164,16.46341896057129,2469300
2014-08-19,31.049999237060547,31.530000686645508,30.90999984741211,31.25,16.468692779541016,2911300
2014-08-20,31.389999389648438,31.899999618530273,31.25,31.770000457763672,16.742727279663086,3130900
2014-08-21,31.700000762939453,31.959999084472656,31.43000030517578,31.559999465942383,16.63205909729004,3594700
2014-08-22,31.440000534057617,31.450000762939453,31.15999984741211,31.3700008392334,16.531930923461914,1952500
2014-08-25,31.530000686645508,31.530000686645508,31.1299991607666,31.170000076293945,16.42653465270996,3191900
2014-08-26,31.049999237060547,31.3799991607666,30.81999969482422,31.020000457763672,16.347482681274414,3869800
2014-08-27,31.200000762939453,31.219999313354492,30.65999984741211,30.68000030517578,16.168302536010742,4388300
2014-08-28,30.06999969482422,30.229999542236328,29.110000610351562,29.329999923706055,15.456856727600098,8471300
2014-08-29,29.5,29.649999618530273,28.809999465942383,29.200000762939453,15.388346672058105,8313200
2014-09-01,29.450000762939453,29.5,28.8799991607666,28.950000762939453,15.256597518920898,1654400
2014-09-02,29.1200008392334,29.299999237060547,28.700000762939453,28.75,15.151192665100098,3400200
2014-09-03,28.860000610351562,29.5,28.760000228881836,29.0,15.28294563293457,5560900
2014-09-04,28.979999542236328,29.059999465942383,28.68000030517578,28.68000030517578,15.114303588867188,4101300
2014-09-05,28.489999771118164,28.68000030517578,27.8700008392334,28.25,14.887699127197266,9997200
2014-09-08,28.290000915527344,28.350000381469727,27.799999237060547,28.100000381469727,14.808650970458984,9036100
2014-09-09,28.049999237060547,28.889999389648438,28.049999237060547,28.610000610351562,15.077417373657227,6915200
2014-09-10,28.489999771118164,28.770000457763672,28.100000381469727,28.399999618530273,14.966748237609863,6097800
2014-09-11,28.489999771118164,28.549999237060547,28.190000534057617,28.360000610351562,14.94566822052002,3398500
2014-09-12,28.170000076293945,28.75,28.0,28.6200008392334,15.082684516906738,8319700
2014-09-15,28.889999389648438,29.25,28.780000686645508,29.110000610351562,15.340914726257324,3342900
2014-09-16,28.979999542236328,29.56999969482422,28.809999465942383,29.149999618530273,15.361991882324219,4531400
2014-09-17,29.450000762939453,29.5,28.889999389648438,29.059999465942383,15.314563751220703,3698200
2014-09-18,28.950000762939453,29.510000228881836,28.850000381469727,29.09000015258789,15.330373764038086,4925400
2014-09-19,28.829999923706055,29.06999969482422,28.31999969482422,28.31999969482422,14.924585342407227,6880500
2014-09-22,27.850000381469727,27.850000381469727,26.959999084472656,27.280000686645508,14.376514434814453,8650600
2014-09-23,27.329999923706055,27.709999084472656,27.290000915527344,27.549999237060547,14.518797874450684,4603600
2014-09-24,27.549999237060547,28.049999237060547,27.549999237060547,27.639999389648438,14.566230773925781,6310000
2014-09-25,27.600000381469727,27.600000381469727,27.040000915527344,27.350000381469727,14.413399696350098,4258600
2014-09-26,27.40999984741211,27.559999465942383,26.969999313354492,26.969999313354492,14.213140487670898,6938200
2014-09-29,26.25,26.989999771118164,26.139999389648438,26.540000915527344,13.986528396606445,6024800
2014-09-30,26.68000030517578,27.469999313354492,26.25,26.850000381469727,14.149898529052734,6609400
2014-10-01,26.649999618530273,27.510000228881836,26.600000381469727,26.829999923706055,14.139360427856445,5344300
2014-10-02,26.899999618530273,27.84000015258789,26.6200008392334,27.610000610351562,14.550418853759766,5283800
2014-10-03,27.450000762939453,27.65999984741211,26.860000610351562,27.200000762939453,14.33434772491455,4419600
2014-10-06,27.950000762939453,28.139999389648438,27.219999313354492,27.34000015258789,14.408130645751953,8396800
2014-10-07,27.799999237060547,27.829999923706055,27.260000228881836,27.399999618530273,14.439749717712402,6611900
2014-10-08,27.75,27.790000915527344,27.1299991607666,27.3700008392334,14.42393970489502,5358200
2014-10-09,27.729999542236328,27.729999542236328,26.75,26.899999618530273,14.176247596740723,6348400
2014-10-10,26.399999618530273,26.399999618530273,26.399999618530273,26.399999618530273,13.912752151489258,3779800
2014-10-13,27.149999618530273,28.1200008392334,27.040000915527344,27.489999771118164,14.487178802490234,6343700
2014-10-14,27.75,28.739999771118164,27.59000015258789,28.309999465942383,14.919312477111816,4743100
2014-10-15,27.850000381469727,28.3700008392334,27.459999084472656,28.299999237060547,14.914048194885254,6224000
2014-10-16,27.600000381469727,27.809999465942383,26.690000534057617,27.3799991607666,14.429207801818848,8215600
2014-10-17,26.700000762939453,27.079999923706055,26.18000030517578,26.6200008392334,14.555445671081543,6822400
2014-10-20,26.489999771118164,26.489999771118164,26.489999771118164,26.489999771118164,14.484362602233887,3536400
2014-10-21,26.719999313354492,26.719999313354492,26.719999313354492,26.719999313354492,14.610124588012695,7486500
2014-10-22,26.760000228881836,27.049999237060547,26.40999984741211,26.760000228881836,14.631997108459473,4102300
2014-10-23,26.40999984741211,27.59000015258789,26.299999237060547,27.25,14.899918556213379,6933500
2014-10-24,26.889999389648438,28.079999923706055,26.889999389648438,27.450000762939453,15.00928020477295,7082000
2014-10-27,26.68000030517578,27.0,26.190000534057617,26.459999084472656,14.46795654296875,13445200
2014-10-28,26.459999084472656,26.770000457763672,25.93000030517578,26.139999389648438,14.292987823486328,7366700
2014-10-29,25.989999771118164,26.31999969482422,24.549999237060547,24.760000228881836,13.538424491882324,10871400
2014-10-30,23.809999465942383,24.100000381469727,23.5,23.700000762939453,12.958831787109375,5656900
2014-10-31,23.950000762939453,25.0,23.809999465942383,25.0,13.669651985168457,5535100
2014-11-03,24.700000762939453,24.899999618530273,24.309999465942383,24.899999618530273,13.614970207214355,6606900
2014-11-04,24.780000686645508,24.829999923706055,23.780000686645508,24.110000610351562,13.183015823364258,4811500
2014-11-05,23.75,24.260000228881836,23.459999084472656,24.0,13.122865676879883,5420400
2014-11-06,23.540000915527344,23.8799991607666,23.309999465942383,23.649999618530273,12.93149185180664,5098800
2014-11-07,23.65999984741211,24.350000381469727,23.65999984741211,24.020000457763672,13.133801460266113,3637500
2014-11-10,24.5,24.5,23.1299991607666,23.299999237060547,12.74011516571045,3006800
2014-11-11,22.940000534057617,23.049999237060547,22.280000686645508,22.56999969482422,12.340959548950195,5383400
2014-11-12,22.59000015258789,23.049999237060547,22.459999084472656,22.520000457763672,12.313623428344727,7804700
2014-11-13,22.520000457763672,22.84000015258789,22.450000762939453,22.459999084472656,12.280814170837402,4041000
2014-11-14,22.290000915527344,23.149999618530273,22.059999465942383,23.0,12.576082229614258,6492500
2014-11-17,22.93000030517578,23.18000030517578,22.75,22.93000030517578,12.537803649902344,3842900
2014-11-18,22.8799991607666,22.889999389648438,21.959999084472656,22.030000686645508,12.045697212219238,6195800
2014-11-19,21.850000381469727,22.329999923706055,21.670000076293945,22.15999984741211,12.116776466369629,8094600
2014-11-21,23.190000534057617,24.100000381469727,22.760000228881836,23.59000015258789,12.898686408996582,21655200
2014-11-24,24.0,24.1299991607666,23.469999313354492,23.700000762939453,12.958831787109375,5453900
2014-11-25,23.790000915527344,23.959999084472656,23.559999465942383,23.959999084472656,13.100995063781738,4881900
2014-11-26,24.010000228881836,24.049999237060547,23.040000915527344,23.040000915527344,12.597955703735352,5171000
2014-11-27,23.260000228881836,23.739999771118164,22.979999542236328,22.979999542236328,12.565143585205078,2131400
2014-11-28,23.239999771118164,23.649999618530273,23.040000915527344,23.290000915527344,12.734648704528809,4757800
2014-12-01,22.809999465942383,22.940000534057617,22.049999237060547,22.1299991607666,12.100377082824707,174404311
2014-12-02,22.450000762939453,22.739999771118164,21.459999084472656,21.469999313354492,11.739496231079102,138005454
2014-12-03,21.829999923706055,22.200000762939453,21.6200008392334,21.950000762939453,12.001955032348633,5444700
2014-12-04,22.010000228881836,22.010000228881836,21.40999984741211,21.670000076293945,11.848855018615723,8045000
2014-12-05,21.649999618530273,22.040000915527344,21.399999618530273,21.8799991607666,11.963678359985352,13063100
2014-12-08,21.790000915527344,21.860000610351562,21.010000228881836,21.18000030517578,11.580927848815918,6550500
2014-12-09,20.40999984741211,21.079999923706055,20.290000915527344,20.700000762939453,11.318473815917969,7382800
2014-12-10,20.639999389648438,20.81999969482422,19.93000030517578,19.93000030517578,10.897446632385254,4897800
2014-12-11,19.920000076293945,19.940000534057617,19.1299991607666,19.3700008392334,10.591246604919434,6557000
2014-12-12,19.270000457763672,19.690000534057617,18.90999984741211,18.90999984741211,10.33972454071045,5936500
2014-12-15,19.049999237060547,19.360000610351562,18.540000915527344,18.690000534057617,10.219432830810547,9005500
2014-12-16,18.329999923706055,19.6200008392334,18.200000762939453,19.350000381469727,10.580309867858887,12509100
2014-12-17,19.549999237060547,19.850000381469727,19.34000015258789,19.709999084472656,10.777152061462402,15461000
2014-12-18,20.0,20.030000686645508,19.450000762939453,19.959999084472656,10.913850784301758,9704300
2014-12-19,20.299999237060547,21.56999969482422,20.030000686645508,21.56999969482422,11.794172286987305,5421800
2014-12-22,21.889999389648438,22.010000228881836,21.149999618530273,21.3700008392334,11.684819221496582,6426700
2014-12-23,21.149999618530273,22.299999237060547,21.049999237060547,22.219999313354492,12.149585723876953,4301400
2014-12-26,22.219999313354492,22.40999984741211,21.68000030517578,21.68000030517578,11.854324340820312,2432100
2014-12-29,21.700000762939453,22.25,21.700000762939453,22.110000610351562,12.089439392089844,2357300
2014-12-30,22.3799991607666,22.610000610351562,21.8799991607666,21.90999984741211,11.980082511901855,4230900
2015-01-02,21.700000762939453,21.950000762939453,21.059999465942383,21.280000686645508,11.635607719421387,5658400
2015-01-05,20.760000228881836,21.1299991607666,20.510000228881836,20.959999084472656,11.460634231567383,8603000
2015-01-06,21.06999969482422,22.1299991607666,21.06999969482422,21.799999237060547,11.919937133789062,9879900
2015-01-07,22.31999969482422,22.809999465942383,21.969999313354492,22.600000381469727,12.357364654541016,6130900
2015-01-08,22.770000457763672,22.8799991607666,22.110000610351562,22.84000015258789,12.488594055175781,4667300
2015-01-09,22.59000015258789,22.850000381469727,22.290000915527344,22.350000381469727,12.220667839050293,3577300
2015-01-12,22.110000610351562,22.649999618530273,21.93000030517578,22.639999389648438,12.379236221313477,4735200
2015-01-13,22.700000762939453,23.1299991607666,22.510000228881836,22.510000228881836,12.308154106140137,6096400
2015-01-14,21.799999237060547,22.0,20.690000534057617,20.700000762939453,11.318473815917969,10902600
2015-01-15,20.799999237060547,21.260000228881836,20.450000762939453,20.940000534057617,11.449700355529785,5822800
2015-01-16,21.049999237060547,22.219999313354492,20.850000381469727,21.8799991607666,11.963678359985352,4004300
2015-01-19,21.450000762939453,21.68000030517578,21.299999237060547,21.649999618530273,11.837919235229492,2139300
2015-01-20,22.079999923706055,22.079999923706055,21.520000457763672,21.739999771118164,11.887129783630371,2060900
2015-01-21,21.8700008392334,22.280000686645508,21.510000228881836,22.079999923706055,12.073039054870605,2841600
2015-01-22,22.350000381469727,22.8700008392334,21.760000228881836,21.90999984741211,11.980082511901855,4077500
2015-01-23,22.350000381469727,22.8700008392334,20.469999313354492,20.520000457763672,11.220049858093262,7374000
2015-01-26,20.010000228881836,20.110000610351562,19.56999969482422,19.579999923706055,10.706070899963379,5010900
2015-01-27,19.3700008392334,19.540000915527344,18.579999923706055,19.0,10.388935089111328,5926800
2015-01-28,18.719999313354492,19.350000381469727,18.649999618530273,18.889999389648438,10.328789710998535,4019900
2015-01-29,19.0,19.209999084472656,17.90999984741211,18.049999237060547,9.869488716125488,8705800
2015-01-30,17.700000762939453,18.68000030517578,17.649999618530273,18.610000610351562,10.175690650939941,7360500
2015-02-02,18.950000762939453,19.81999969482422,18.649999618530273,19.739999771118164,10.79355525970459,6374000
2015-02-03,20.34000015258789,21.219999313354492,20.1299991607666,20.8700008392334,11.411425590515137,10130700
2015-02-04,20.84000015258789,21.170000076293945,20.15999984741211,20.549999237060547,11.236452102661133,7812700
2015-02-05,20.559999465942383,21.170000076293945,20.43000030517578,20.450000762939453,11.181775093078613,4582200
2015-02-06,20.209999084472656,20.6299991607666,19.959999084472656,20.420000076293945,11.16537094116211,4462400
2015-02-09,20.25,21.860000610351562,20.209999084472656,21.59000015258789,11.805110931396484,4581800
2015-02-10,21.280000686645508,21.610000610351562,20.399999618530273,20.399999618530273,11.154437065124512,5708600
2015-02-11,20.329999923706055,21.18000030517578,20.329999923706055,21.100000381469727,11.537188529968262,5888600
2015-02-12,21.700000762939453,21.8700008392334,21.270000457763672,21.579999923706055,11.799643516540527,5681000
2015-02-13,21.889999389648438,22.700000762939453,21.809999465942383,22.479999542236328,12.291749954223633,7381400
2015-02-18,22.700000762939453,23.0,22.68000030517578,22.709999084472656,12.417509078979492,5872100
2015-02-19,22.8799991607666,22.8799991607666,22.020000457763672,22.100000381469727,12.08397102355957,4910700
2015-02-20,22.209999084472656,22.709999084472656,21.950000762939453,22.6200008392334,12.368298530578613,2589100
2015-02-23,22.100000381469727,22.280000686645508,21.3799991607666,21.6200008392334,11.821516990661621,5798700
2015-02-24,21.649999618530273,22.290000915527344,21.59000015258789,22.040000915527344,12.051165580749512,7130600
2015-02-25,21.829999923706055,22.260000228881836,21.799999237060547,22.139999389648438,12.105843544006348,4870400
2015-02-26,21.8700008392334,21.940000534057617,20.8799991607666,21.25,11.619202613830566,7354500
2015-02-27,21.350000381469727,21.6299991607666,21.110000610351562,21.25,11.619202613830566,5026500
2015-03-02,21.15999984741211,21.25,20.389999389648438,20.559999465942383,11.24191951751709,4685300
2015-03-03,20.709999084472656,21.1200008392334,20.6200008392334,20.790000915527344,11.367681503295898,4441700
2015-03-04,20.479999542236328,20.670000076293945,20.09000015258789,20.389999389648438,11.148968696594238,6035800
2015-03-05,20.3799991607666,20.3799991607666,19.389999389648438,19.5,10.66232967376709,7140400
2015-03-06,19.450000762939453,19.8700008392334,19.06999969482422,19.59000015258789,10.711539268493652,7622600
2015-03-09,19.43000030517578,19.770000457763672,19.149999618530273,19.540000915527344,10.684202194213867,5393600
2015-03-10,19.1299991607666,19.530000686645508,19.040000915527344,19.100000381469727,10.443614959716797,5896000
2015-03-11,19.1299991607666,19.18000030517578,18.780000686645508,18.860000610351562,10.312385559082031,11250500
2015-03-12,19.1200008392334,19.559999465942383,18.860000610351562,18.860000610351562,10.312385559082031,10526500
2015-03-13,18.600000381469727,19.1299991607666,18.149999618530273,18.8799991607666,10.323322296142578,14184500
2015-03-16,19.06999969482422,19.329999923706055,18.530000686645508,18.899999618530273,10.334259033203125,7892200
2015-03-17,18.979999542236328,20.0,18.969999313354492,19.8799991607666,10.870105743408203,8644000
2015-03-18,19.549999237060547,19.709999084472656,19.1299991607666,19.59000015258789,10.711539268493652,9506400
2015-03-19,19.649999618530273,19.670000076293945,19.149999618530273,19.149999618530273,10.470953941345215,3495400
2015-03-20,19.469999313354492,20.25,19.09000015258789,20.25,11.072418212890625,10164000
2015-03-23,20.329999923706055,20.459999084472656,19.8799991607666,20.3799991607666,11.143499374389648,4862600
2015-03-24,20.200000762939453,20.43000030517578,19.40999984741211,19.579999923706055,10.706070899963379,5204700
2015-03-25,19.739999771118164,19.940000534057617,19.280000686645508,19.760000228881836,10.80449390411377,4752100
2015-03-26,19.600000381469727,19.809999465942383,18.920000076293945,18.920000076293945,10.345193862915039,6943000
2015-03-27,18.829999923706055,18.8799991607666,18.170000076293945,18.350000381469727,10.033523559570312,6067800
2015-03-30,18.6200008392334,18.729999542236328,18.229999542236328,18.6200008392334,10.181158065795898,4054400
2015-03-31,18.309999465942383,18.3700008392334,17.829999923706055,17.940000534057617,9.809341430664062,5094700
2015-04-01,17.780000686645508,17.809999465942383,17.3700008392334,17.540000915527344,9.59062671661377,10595600
2015-04-02,17.459999084472656,18.139999389648438,17.170000076293945,18.0,9.842148780822754,6519700
2015-04-06,18.239999771118164,18.5,17.8799991607666,18.1299991607666,9.913230895996094,4765200
2015-04-07,18.350000381469727,19.200000762939453,18.270000457763672,19.0,10.388935089111328,11772400
2015-04-08,19.450000762939453,19.549999237060547,18.6299991607666,18.75,10.252240180969238,6513500
2015-04-09,18.450000762939453,18.93000030517578,18.190000534057617,18.799999237060547,10.279577255249023,8139900
2015-04-10,18.799999237060547,18.93000030517578,18.420000076293945,18.420000076293945,10.071799278259277,4013700
2015-04-13,18.399999618530273,18.8700008392334,18.040000915527344,18.239999771118164,9.973377227783203,4761800
2015-04-14,18.549999237060547,19.25,18.549999237060547,18.75,10.252240180969238,6921500
2015-04-15,18.450000762939453,18.709999084472656,18.100000381469727,18.600000381469727,10.507448196411133,8478900
2015-04-16,18.459999084472656,18.719999313354492,18.010000228881836,18.059999465942383,10.202392578125,5130500
2015-04-17,17.90999984741211,18.1200008392334,17.760000228881836,17.799999237060547,10.055512428283691,4104600
2015-04-20,17.860000610351562,18.1200008392334,17.709999084472656,17.729999542236328,10.015969276428223,3035100
2015-04-22,18.270000457763672,19.559999465942383,18.209999084472656,19.450000762939453,10.987625122070312,7975100
2015-04-23,19.260000228881836,21.25,19.260000228881836,21.09000015258789,11.91408920288086,8204400
2015-04-24,21.950000762939453,23.549999237060547,21.899999618530273,23.200000762939453,13.106064796447754,20963300
2015-04-27,23.350000381469727,24.809999465942383,23.040000915527344,23.459999084472656,13.252939224243164,17059300
2015-04-28,23.729999542236328,24.139999389648438,22.06999969482422,22.549999237060547,12.73886489868164,17206700
2015-04-29,21.649999618530273,21.8700008392334,21.09000015258789,21.110000610351562,11.925387382507324,14041200
2015-04-30,20.600000381469727,22.760000228881836,20.3700008392334,22.649999618530273,12.795360565185547,22251200
2015-05-04,24.100000381469727,24.780000686645508,23.719999313354492,24.780000686645508,13.998629570007324,10121000
2015-05-05,24.8799991607666,27.110000610351562,24.760000228881836,27.059999465942383,15.286638259887695,14709800
2015-05-06,27.5,27.889999389648438,24.8799991607666,24.93000030517578,14.083368301391602,17730800
2015-05-07,25.0,25.399999618530273,23.549999237060547,23.8799991607666,13.490205764770508,12752400
2015-05-08,24.450000762939453,24.700000762939453,22.709999084472656,22.75,12.851849555969238,10498300
2015-05-11,23.260000228881836,23.940000534057617,23.06999969482422,23.280000686645508,13.151256561279297,8290200
2015-05-12,23.200000762939453,23.59000015258789,22.260000228881836,22.329999923706055,12.614585876464844,6338600
2015-05-13,22.149999618530273,22.3799991607666,21.520000457763672,21.600000381469727,12.202194213867188,9515000
2015-05-14,21.549999237060547,22.049999237060547,21.139999389648438,21.329999923706055,12.049667358398438,7312900
2015-05-15,21.350000381469727,21.649999618530273,21.190000534057617,21.280000686645508,12.021422386169434,5580200
2015-05-18,21.209999084472656,21.5,20.239999771118164,20.239999771118164,11.433908462524414,10128900
2015-05-19,20.0,20.229999542236328,19.829999923706055,20.1200008392334,11.366120338439941,12234100
2015-05-20,20.010000228881836,20.479999542236328,19.729999542236328,19.850000381469727,11.213590621948242,6727500
2015-05-21,19.780000686645508,20.5,19.780000686645508,20.25,11.439558982849121,3455300
2015-05-22,20.5,20.690000534057617,20.15999984741211,20.260000228881836,11.445206642150879,6084100
2015-05-25,20.110000610351562,20.860000610351562,20.110000610351562,20.56999969482422,11.620330810546875,1530500
2015-05-26,20.639999389648438,21.18000030517578,20.5,20.790000915527344,11.744616508483887,6830900
2015-05-27,20.799999237060547,21.010000228881836,20.260000228881836,20.950000762939453,11.835000991821289,4667900
2015-05-28,20.520000457763672,20.75,20.280000686645508,20.540000915527344,11.603385925292969,6352000
2015-05-29,20.489999771118164,20.690000534057617,20.049999237060547,20.049999237060547,11.326574325561523,8707400
2015-06-01,20.06999969482422,20.389999389648438,19.790000915527344,20.040000915527344,11.320928573608398,6876000
2015-06-02,20.149999618530273,21.399999618530273,20.110000610351562,21.350000381469727,12.060967445373535,5829100
2015-06-03,21.360000610351562,21.540000915527344,20.75,20.889999389648438,11.801106452941895,8682100
2015-06-05,20.5,20.989999771118164,20.31999969482422,20.600000381469727,11.637276649475098,6084100
2015-06-08,20.530000686645508,20.649999618530273,20.09000015258789,20.100000381469727,11.354822158813477,7132000
2015-06-09,19.950000762939453,20.6200008392334,19.899999618530273,19.979999542236328,11.287032127380371,6456600
2015-06-10,20.549999237060547,21.350000381469727,20.389999389648438,21.209999084472656,11.981877326965332,5297600
2015-06-11,21.440000534057617,21.719999313354492,21.06999969482422,21.329999923706055,12.049667358398438,6340600
2015-06-12,21.1200008392334,21.309999465942383,20.940000534057617,21.15999984741211,11.953633308410645,3608400
2015-06-15,20.8799991607666,21.030000686645508,20.25,20.34000015258789,11.490402221679688,4450900
2015-06-16,20.149999618530273,20.18000030517578,19.690000534057617,19.75,11.157099723815918,8169800
2015-06-17,19.75,19.829999923706055,19.299999237060547,19.469999313354492,10.99892520904541,5554800
2015-06-18,19.649999618530273,20.399999618530273,19.489999771118164,20.399999618530273,11.524296760559082,5554500
2015-06-19,20.139999389648438,20.350000381469727,19.850000381469727,20.31999969482422,11.47910213470459,3160600
2015-06-22,20.5,20.530000686645508,19.690000534057617,19.690000534057617,11.12320613861084,5151000
2015-06-23,20.170000076293945,20.170000076293945,19.809999465942383,19.809999465942383,11.190995216369629,2995400
2015-06-24,20.079999923706055,20.18000030517578,19.709999084472656,19.799999237060547,11.185344696044922,2893300
2015-06-25,19.850000381469727,19.8799991607666,19.1299991607666,19.31999969482422,10.914186477661133,5130300
2015-06-26,19.389999389648438,19.6299991607666,19.059999465942383,19.6200008392334,11.083661079406738,2998200
2015-06-29,19.18000030517578,19.489999771118164,19.010000228881836,19.200000762939453,10.846397399902344,2960000
2015-06-30,19.040000915527344,19.200000762939453,18.15999984741211,18.290000915527344,10.332321166992188,5353300
2015-07-01,18.31999969482422,18.610000610351562,17.969999313354492,18.110000610351562,10.230635643005371,2518000
2015-07-02,17.889999389648438,18.360000610351562,17.75,18.06999969482422,10.208038330078125,4323900
2015-07-03,17.899999618530273,18.079999923706055,17.559999465942383,17.68000030517578,9.987723350524902,1949700
2015-07-06,17.450000762939453,17.68000030517578,17.239999771118164,17.649999618530273,9.970775604248047,4699200
2015-07-07,17.5,18.049999237060547,16.639999389648438,17.93000030517578,10.128952026367188,8085300
2015-07-08,17.350000381469727,17.81999969482422,17.030000686645508,17.15999984741211,9.693968772888184,8525700
2015-07-10,17.989999771118164,18.049999237060547,17.110000610351562,17.110000610351562,9.665721893310547,4808900
2015-07-13,17.399999618530273,18.520000457763672,16.940000534057617,18.5,10.450955390930176,11273000
2015-07-14,18.170000076293945,18.209999084472656,17.65999984741211,17.81999969482422,10.066811561584473,5417700
2015-07-15,18.079999923706055,18.190000534057617,17.110000610351562,17.110000610351562,9.665721893310547,6598400
2015-07-16,17.31999969482422,17.690000534057617,17.280000686645508,17.639999389648438,9.965126037597656,2990000
2015-07-17,17.739999771118164,17.739999771118164,17.280000686645508,17.450000762939453,9.857792854309082,2920800
2015-07-20,17.450000762939453,17.920000076293945,17.299999237060547,17.309999465942383,9.778704643249512,3592000
2015-07-21,17.40999984741211,18.030000686645508,17.200000762939453,17.549999237060547,9.914285659790039,5947000
2015-07-22,17.25,17.459999084472656,16.84000015258789,17.290000915527344,9.767406463623047,8000200
2015-07-23,17.309999465942383,17.93000030517578,17.280000686645508,17.31999969482422,9.78435230255127,6047000
2015-07-24,17.31999969482422,17.549999237060547,16.540000915527344,16.790000915527344,9.48494815826416,5779600
2015-07-27,16.75,17.549999237060547,16.40999984741211,16.760000228881836,9.467999458312988,6410300
2015-07-28,17.170000076293945,18.200000762939453,17.059999465942383,18.09000015258789,10.219335556030273,11251300
2015-07-29,18.399999618530273,18.700000762939453,18.200000762939453,18.350000381469727,10.366216659545898,7374700
2015-07-30,19.100000381469727,19.809999465942383,17.389999389648438,17.450000762939453,9.857792854309082,10051000
2015-07-31,17.530000686645508,18.040000915527344,17.1299991607666,17.8700008392334,10.095057487487793,8740700
2015-08-03,17.809999465942383,17.940000534057617,17.299999237060547,17.59000015258789,9.936880111694336,4459200
2015-08-04,17.920000076293945,18.309999465942383,17.920000076293945,18.100000381469727,10.224987983703613,3890900
2015-08-05,18.649999618530273,19.280000686645508,18.649999618530273,19.010000228881836,10.739065170288086,7956400
2015-08-06,18.760000228881836,19.790000915527344,18.670000076293945,19.579999923706055,11.061063766479492,10318000
2015-08-07,19.450000762939453,19.489999771118164,18.420000076293945,18.420000076293945,10.405759811401367,6786600
2015-08-10,18.549999237060547,19.559999465942383,18.329999923706055,19.350000381469727,10.931134223937988,12030800
2015-08-11,18.850000381469727,19.040000915527344,18.110000610351562,18.600000381469727,10.507448196411133,11728600
2015-08-12,18.399999618530273,19.1299991607666,18.149999618530273,18.920000076293945,10.688220977783203,12862900
2015-08-13,19.0,19.5,18.440000534057617,18.479999542236328,10.439656257629395,6140400
2015-08-14,18.510000228881836,18.75,18.200000762939453,18.200000762939453,10.281477928161621,6818300
2015-08-17,18.100000381469727,18.329999923706055,17.969999313354492,18.010000228881836,10.174144744873047,4345100
2015-08-18,18.049999237060547,18.049999237060547,17.420000076293945,17.420000076293945,9.840845108032227,4570800
2015-08-19,17.399999618530273,17.489999771118164,16.68000030517578,16.84000015258789,9.513193130493164,5287400
2015-08-20,16.90999984741211,17.34000015258789,16.729999542236328,17.170000076293945,9.699615478515625,6276800
2015-08-21,16.950000762939453,17.15999984741211,16.700000762939453,16.700000762939453,9.434104919433594,5072500
2015-08-24,15.140000343322754,16.399999618530273,14.770000457763672,15.399999618530273,8.699713706970215,10706700
2015-08-25,16.139999389648438,16.280000686645508,15.350000381469727,15.350000381469727,8.671467781066895,6042300
2015-08-26,15.729999542236328,15.949999809265137,15.279999732971191,15.899999618530273,8.982171058654785,6615000
2015-08-27,16.200000762939453,17.690000534057617,16.18000030517578,17.690000534057617,9.99337100982666,8865100
2015-08-28,17.450000762939453,18.389999389648438,17.209999084472656,17.309999465942383,9.778704643249512,6267900
2015-08-31,17.020000457763672,18.09000015258789,16.959999084472656,17.920000076293945,10.123302459716797,7932500
2015-09-01,17.309999465942383,17.959999084472656,17.100000381469727,17.100000381469727,9.660072326660156,6389600
2015-09-02,17.520000457763672,18.200000762939453,17.260000228881836,18.110000610351562,10.230635643005371,10601200
2015-09-03,18.18000030517578,19.3700008392334,18.100000381469727,18.729999542236328,10.580885887145996,8880300
2015-09-04,18.350000381469727,18.600000381469727,18.049999237060547,18.239999771118164,10.304075241088867,11979600
2015-09-08,18.969999313354492,19.200000762939453,18.6299991607666,18.93000030517578,10.693870544433594,6504800
2015-09-09,19.399999618530273,19.940000534057617,18.940000534057617,19.059999465942383,10.767309188842773,7716600
2015-09-10,18.700000762939453,20.059999465942383,18.65999984741211,19.940000534057617,11.264434814453125,9679700
2015-09-11,20.229999542236328,20.559999465942383,19.170000076293945,19.450000762939453,10.987625122070312,8185600
2015-09-14,19.31999969482422,19.59000015258789,18.799999237060547,19.149999618530273,10.818150520324707,5714300
2015-09-15,19.100000381469727,19.260000228881836,18.520000457763672,18.600000381469727,10.507448196411133,6058200
2015-09-16,18.81999969482422,19.270000457763672,18.6299991607666,19.040000915527344,10.756009101867676,6522200
2015-09-17,18.8799991607666,20.280000686645508,18.8799991607666,19.489999771118164,11.010222434997559,7195500
2015-09-18,19.459999084472656,20.40999984741211,19.389999389648438,19.90999984741211,11.247485160827637,11238600
2015-09-21,20.010000228881836,20.280000686645508,19.6299991607666,19.93000030517578,11.258787155151367,5214900
2015-09-22,19.450000762939453,19.709999084472656,18.84000015258789,19.459999084472656,10.993274688720703,8156600
2015-09-23,19.459999084472656,19.649999618530273,18.899999618530273,18.899999618530273,10.676922798156738,5364500
2015-09-24,18.350000381469727,18.989999771118164,18.350000381469727,18.450000762939453,10.422708511352539,6066900
2015-09-25,18.65999984741211,18.920000076293945,17.81999969482422,17.93000030517578,10.128952026367188,4420500
2015-09-28,17.700000762939453,17.700000762939453,16.56999969482422,16.59000015258789,9.371964454650879,7584400
2015-09-29,16.799999237060547,17.18000030517578,16.43000030517578,16.479999542236328,9.309822082519531,7694600
2015-09-30,16.959999084472656,17.049999237060547,16.329999923706055,16.579999923706055,9.366315841674805,6672100
2015-10-01,16.809999465942383,17.510000228881836,16.709999084472656,17.219999313354492,9.727861404418945,6028900
2015-10-02,17.079999923706055,17.93000030517578,16.8700008392334,17.81999969482422,10.066811561584473,7116900
2015-10-05,18.100000381469727,18.389999389648438,18.0,18.139999389648438,10.24758529663086,3574800
2015-10-06,18.350000381469727,18.549999237060547,18.0,18.309999465942383,10.34361743927002,4558400
2015-10-07,19.299999237060547,20.299999237060547,19.299999237060547,20.149999618530273,11.383066177368164,9670300
2015-10-08,20.06999969482422,20.18000030517578,19.68000030517578,20.059999465942383,11.332221984863281,5880600
2015-10-09,20.530000686645508,20.829999923706055,20.200000762939453,20.790000915527344,11.744616508483887,12008500
2015-10-13,19.969999313354492,20.0,18.549999237060547,18.579999923706055,10.496150016784668,8803000
2015-10-14,18.700000762939453,19.170000076293945,18.600000381469727,18.700000762939453,10.56393814086914,13342500
2015-10-15,18.860000610351562,19.049999237060547,18.43000030517578,18.969999313354492,10.71646499633789,5301300
2015-10-16,18.860000610351562,18.860000610351562,18.200000762939453,18.420000076293945,10.61481761932373,5306400
2015-10-19,18.40999984741211,18.549999237060547,17.709999084472656,17.799999237060547,10.257533073425293,6646700
2015-10-20,17.899999618530273,17.969999313354492,17.350000381469727,17.610000610351562,10.14804458618164,4110400
2015-10-21,17.600000381469727,18.280000686645508,17.59000015258789,18.09000015258789,10.42464828491211,3708700
2015-10-22,18.200000762939453,19.0,18.170000076293945,18.510000228881836,10.666683197021484,7244800
2015-10-23,19.25,19.329999923706055,18.350000381469727,18.600000381469727,10.718547821044922,8380100
2015-10-26,18.549999237060547,18.649999618530273,17.829999923706055,17.860000610351562,10.292109489440918,5048400
2015-10-27,17.809999465942383,17.90999984741211,16.950000762939453,17.030000686645508,9.81380844116211,7572600
2015-10-28,16.860000610351562,16.920000076293945,16.399999618530273,16.56999969482422,9.548726081848145,746800
2015-10-29,16.209999084472656,16.5,16.139999389648438,16.139999389648438,9.300931930541992,5896100
2015-10-30,16.309999465942383,17.059999465942383,16.299999237060547,17.059999465942383,9.831096649169922,6156500
2015-11-03,17.25,17.75,16.84000015258789,17.75,10.228717803955078,8037500
2015-11-04,18.170000076293945,18.350000381469727,17.06999969482422,17.399999618530273,10.027026176452637,7193100
2015-11-05,17.40999984741211,17.40999984741211,16.639999389648438,16.950000762939453,9.767706871032715,5915900
2015-11-06,16.15999984741211,16.360000610351562,15.59000015258789,15.670000076293945,9.0300874710083,10096900
2015-11-09,15.640000343322754,15.84000015258789,15.359999656677246,15.4399995803833,8.897544860839844,2982900
2015-11-10,15.350000381469727,15.430000305175781,15.130000114440918,15.380000114440918,8.862970352172852,4677100
2015-11-11,15.510000228881836,15.84000015258789,15.0600004196167,15.319999694824219,8.828394889831543,3983500
2015-11-12,15.149999618530273,15.319999694824219,15.0,15.050000190734863,8.67280387878418,5643200
2015-11-13,15.09000015258789,15.390000343322754,15.0,15.369999885559082,8.857207298278809,3792600
2015-11-16,15.380000114440918,15.529999732971191,14.989999771118164,15.050000190734863,8.67280387878418,4946300
2015-11-17,15.100000381469727,15.100000381469727,14.489999771118164,14.520000457763672,8.36738109588623,4607600
2015-11-18,14.449999809265137,14.9399995803833,14.350000381469727,14.59000015258789,8.407720565795898,6100200
2015-11-19,14.880000114440918,15.0,14.5,14.640000343322754,8.436532020568848,4043700
2015-11-23,14.34000015258789,14.479999542236328,14.0600004196167,14.25,8.211790084838867,5780800
2015-11-24,14.109999656677246,14.640000343322754,13.880000114440918,14.470000267028809,8.338567733764648,4629700
2015-11-25,14.220000267028809,14.510000228881836,14.0600004196167,14.0600004196167,8.102299690246582,5048900
2015-11-26,14.170000076293945,14.270000457763672,14.09000015258789,14.1899995803833,8.177214622497559,3880800
2015-11-27,14.079999923706055,14.079999923706055,13.300000190734863,13.300000190734863,7.664336204528809,5964400
2015-11-30,13.039999961853027,13.390000343322754,12.600000381469727,13.170000076293945,7.589424133300781,13658200
2015-12-01,13.0,13.319999694824219,12.59000015258789,12.84000015258789,7.3992533683776855,6932100
2015-12-02,12.84000015258789,13.029999732971191,12.25,12.9399995803833,7.456881046295166,9802500
2015-12-03,12.850000381469727,13.199999809265137,12.739999771118164,12.869999885559082,7.416543006896973,7206800
2015-12-04,12.84000015258789,12.899999618530273,12.15999984741211,12.350000381469727,7.116884231567383,6375000
2015-12-07,12.350000381469727,12.449999809265137,12.0600004196167,12.210000038146973,7.036207675933838,3124200
2015-12-08,11.9399995803833,11.9399995803833,11.25,11.649999618530273,6.713497638702393,7863500
2015-12-09,11.949999809265137,12.420000076293945,11.789999961853027,12.079999923706055,6.961291313171387,7322900
2015-12-10,12.100000381469727,12.680000305175781,12.050000190734863,12.670000076293945,7.301290035247803,9923400
2015-12-11,12.1899995803833,12.420000076293945,11.90999984741211,12.210000038146973,7.036207675933838,8390700
2015-12-14,12.180000305175781,12.550000190734863,12.180000305175781,12.460000038146973,7.180272102355957,5694800
2015-12-15,12.600000381469727,13.119999885559082,12.600000381469727,12.880000114440918,7.422305583953857,6886800
2015-12-16,12.710000038146973,13.470000267028809,12.710000038146973,13.25,7.635524749755859,4472100
2015-12-17,13.5,13.600000381469727,12.739999771118164,12.739999771118164,7.3416290283203125,5814700
2015-12-18,12.319999694824219,12.960000038146973,12.319999694824219,12.890000343322754,7.428067207336426,10987200
2015-12-21,13.010000228881836,13.359999656677246,12.289999961853027,12.289999961853027,7.0823073387146,6942100
2015-12-22,12.380000114440918,12.630000114440918,12.239999771118164,12.550000190734863,7.232138156890869,5677800
2015-12-23,13.119999885559082,13.569999694824219,12.920000076293945,13.220000267028809,7.618236541748047,7174800
2015-12-28,13.0,13.170000076293945,12.5600004196167,12.640000343322754,7.284000873565674,3095800
2015-12-29,12.609999656677246,12.8100004196167,12.300000190734863,12.720000267028809,7.33010196685791,2890100
2015-12-30,12.880000114440918,13.140000343322754,12.630000114440918,13.029999732971191,7.508744716644287,5226600
2016-01-04,12.489999771118164,12.979999542236328,12.479999542236328,12.6899995803833,7.312815189361572,4587900
2016-01-05,12.670000076293945,12.84000015258789,12.40999984741211,12.520000457763672,7.21484899520874,2693500
2016-01-06,12.079999923706055,12.109999656677246,11.59000015258789,11.600000381469727,6.684686660766602,6758900
2016-01-07,11.260000228881836,11.369999885559082,10.880000114440918,10.90999984741211,6.287060737609863,6450400
2016-01-08,11.069999694824219,11.25,10.539999961853027,10.539999961853027,6.073843002319336,4429400
2016-01-11,10.5,10.760000228881836,10.140000343322754,10.239999771118164,5.9009623527526855,5658100
2016-01-12,10.460000038146973,10.460000038146973,9.380000114440918,9.40999984741211,5.42266321182251,7581600
2016-01-13,9.609999656677246,9.850000381469727,8.800000190734863,9.0,5.1863932609558105,9208300
2016-01-14,9.149999618530273,9.729999542236328,8.9399995803833,9.649999618530273,5.560966491699219,11080500
2016-01-15,9.170000076293945,9.510000228881836,8.989999771118164,9.369999885559082,5.3996124267578125,13283400
2016-01-18,9.3100004196167,9.710000038146973,8.890000343322754,8.890000343322754,5.123003959655762,3477600
2016-01-19,9.510000228881836,9.619999885559082,9.180000305175781,9.180000305175781,5.290120601654053,10965000
2016-01-20,8.970000267028809,9.3100004196167,8.710000038146973,9.210000038146973,5.307408809661865,10928000
2016-01-21,9.210000038146973,9.800000190734863,9.140000343322754,9.140000343322754,5.267070293426514,10638200
2016-01-22,9.449999809265137,9.75,8.979999542236328,9.029999732971191,5.203681468963623,14684700
2016-01-26,8.789999961853027,9.0600004196167,8.630000114440918,8.949999809265137,5.157580852508545,7220500
2016-01-27,8.949999809265137,9.630000114440918,8.859999656677246,9.40999984741211,5.42266321182251,7978500
2016-01-28,9.40999984741211,9.90999984741211,9.1899995803833,9.329999923706055,5.376560211181641,8628400
2016-01-29,9.319999694824219,9.819999694824219,9.039999961853027,9.720000267028809,5.60130500793457,13958500
2016-02-01,9.630000114440918,9.739999771118164,9.350000381469727,9.5,5.4745259284973145,6691400
2016-02-02,9.1899995803833,9.3100004196167,8.600000381469727,8.600000381469727,4.9558868408203125,5860700
2016-02-03,8.75,9.180000305175781,8.699999809265137,9.010000228881836,5.192155838012695,6300800
2016-02-04,9.579999923706055,10.600000381469727,9.359999656677246,10.34000015258789,5.958589553833008,14082200
2016-02-05,10.289999961853027,10.789999961853027,10.130000114440918,10.229999542236328,5.895200252532959,9259100
2016-02-10,10.0,10.420000076293945,9.850000381469727,10.199999809265137,5.877912998199463,4466400
2016-02-11,9.949999809265137,10.0600004196167,9.609999656677246,9.869999885559082,5.687745094299316,6646600
2016-02-12,10.050000190734863,10.470000267028809,10.050000190734863,10.25,5.906725883483887,5711100
2016-02-15,10.680000305175781,10.800000190734863,10.510000228881836,10.510000228881836,6.056556224822998,2218500
2016-02-16,10.520000457763672,11.380000114440918,10.520000457763672,11.289999961853027,6.506041526794434,7412800
2016-02-17,11.6899995803833,12.699999809265137,11.510000228881836,11.90999984741211,6.8633270263671875,12741500
2016-02-18,11.920000076293945,12.170000076293945,11.489999771118164,11.510000228881836,6.632821083068848,9470200
2016-02-19,11.40999984741211,12.109999656677246,11.369999885559082,11.829999923706055,6.817226409912109,7540200
2016-02-22,12.5,13.170000076293945,12.430000305175781,13.140000343322754,7.572134971618652,12431000
2016-02-23,12.979999542236328,13.4399995803833,12.319999694824219,12.380000114440918,7.134171485900879,9977100
2016-02-24,11.770000457763672,11.949999809265137,11.489999771118164,11.710000038146973,6.748074054718018,8510200
2016-02-25,11.170000076293945,11.619999885559082,10.90999984741211,11.020000457763672,6.35045051574707,7333900
2016-02-26,11.390000343322754,11.539999961853027,10.890000343322754,11.0,6.338924407958984,5763400
2016-02-29,11.229999542236328,12.020000457763672,11.1899995803833,11.8100004196167,6.805701732635498,12513200
2016-03-01,12.199999809265137,12.960000038146973,12.140000343322754,12.8100004196167,7.3819661140441895,14126700
2016-03-02,12.8100004196167,14.220000267028809,12.739999771118164,14.220000267028809,8.194501876831055,15826600
2016-03-03,15.619999885559082,15.619999885559082,15.619999885559082,15.619999885559082,9.001273155212402,17302900
2016-03-04,16.719999313354492,18.329999923706055,16.030000686645508,16.549999237060547,9.537199974060059,27180100
2016-03-07,17.75,18.600000381469727,16.68000030517578,17.579999923706055,10.130754470825195,20198100
2016-03-08,16.809999465942383,17.09000015258789,15.029999732971191,15.029999732971191,8.661277770996094,17884700
2016-03-09,15.329999923706055,15.529999732971191,14.039999961853027,14.5,8.355856895446777,11891900
2016-03-10,15.0,15.0,13.279999732971191,14.0,8.06772232055664,11073200
2016-03-11,14.069999694824219,14.649999618530273,13.739999771118164,13.869999885559082,7.992808818817139,11250900
2016-03-14,13.899999618530273,14.149999618530273,13.279999732971191,13.4399995803833,7.74501371383667,8840800
2016-03-15,12.989999771118164,13.510000228881836,12.8100004196167,13.479999542236328,7.768064498901367,9679900
2016-03-16,13.520000457763672,14.869999885559082,13.40999984741211,14.819999694824219,8.540260314941406,10150400
2016-03-17,15.619999885559082,16.010000228881836,14.779999732971191,15.5,8.932121276855469,13735400
2016-03-18,15.890000343322754,16.100000381469727,14.9399995803833,15.329999923706055,8.83415699005127,14160000
2016-03-21,15.489999771118164,15.880000114440918,14.869999885559082,15.149999618530273,8.730427742004395,7946100
2016-03-22,14.989999771118164,15.600000381469727,14.949999809265137,15.430000305175781,8.891783714294434,6234400
2016-03-23,15.289999961853027,15.369999885559082,14.050000190734863,14.119999885559082,8.136876106262207,8236700
2016-03-24,13.989999771118164,15.210000038146973,13.680000305175781,15.050000190734863,8.67280387878418,7902400
2016-03-28,15.720000267028809,15.720000267028809,14.779999732971191,15.170000076293945,8.741952896118164,6665400
2016-03-29,15.100000381469727,15.399999618530273,14.4399995803833,15.09000015258789,8.695853233337402,7942900
2016-03-30,15.380000114440918,16.360000610351562,15.319999694824219,15.539999961853027,8.955172538757324,8534400
2016-03-31,15.199999809265137,15.5600004196167,14.850000381469727,15.149999618530273,8.730427742004395,8100
2016-04-01,14.890000343322754,15.920000076293945,14.649999618530273,15.510000228881836,8.937882423400879,6100
2016-04-04,15.609999656677246,15.90999984741211,14.75,14.789999961853027,8.52297306060791,15600
2016-04-05,14.5,15.520000457763672,14.460000038146973,15.289999961853027,8.81110668182373,18700
2016-04-06,15.079999923706055,15.489999771118164,14.90999984741211,15.069999694824219,8.684328079223633,23400
2016-04-07,15.420000076293945,15.470000267028809,14.850000381469727,15.010000228881836,8.649751663208008,2300
2016-04-08,15.5,16.34000015258789,15.359999656677246,16.239999771118164,9.35855770111084,6364500
2016-04-11,16.459999084472656,17.34000015258789,16.450000762939453,16.969999313354492,9.779232025146484,10700
2016-04-12,17.5,19.100000381469727,17.3799991607666,18.739999771118164,10.799224853515625,16700
2016-04-13,19.760000228881836,20.59000015258789,19.299999237060547,19.56999969482422,11.2775239944458,79700
2016-04-14,19.90999984741211,20.040000915527344,18.020000457763672,18.200000762939453,10.488039016723633,8726900
2016-04-15,18.399999618530273,18.950000762939453,17.760000228881836,18.600000381469727,10.718547821044922,7265300
2016-04-18,18.700000762939453,19.469999313354492,18.559999465942383,19.049999237060547,10.977865219116211,6645200
2016-04-19,19.75,20.90999984741211,19.6200008392334,20.459999084472656,11.790400505065918,11000
2016-04-20,20.56999969482422,22.190000534057617,20.530000686645508,21.760000228881836,12.539546966552734,12475900
2016-04-22,20.010000228881836,20.56999969482422,19.190000534057617,19.329999923706055,11.13922119140625,15533400
2016-04-25,19.200000762939453,19.200000762939453,18.020000457763672,18.059999465942383,10.407362937927246,13936900
2016-04-26,18.1200008392334,19.010000228881836,17.350000381469727,18.690000534057617,10.77040958404541,16017200
2016-04-27,18.709999084472656,19.6299991607666,18.18000030517578,19.450000762939453,11.20837116241455,15719400
2016-04-28,20.469999313354492,20.8799991607666,19.450000762939453,19.790000915527344,11.404303550720215,11636100
2016-04-29,20.260000228881836,20.93000030517578,19.690000534057617,19.690000534057617,11.34667682647705,12354900
2016-05-02,20.139999389648438,20.309999465942383,19.100000381469727,19.8700008392334,11.450407028198242,5896000
2016-05-03,19.139999389648438,19.399999618530273,18.459999084472656,18.65999984741211,10.753120422363281,7299400
2016-05-04,17.600000381469727,18.170000076293945,17.200000762939453,17.399999618530273,10.027026176452637,11995700
2016-05-05,17.799999237060547,17.829999923706055,16.299999237060547,16.65999984741211,9.600590705871582,12092800
2016-05-06,16.3700008392334,17.43000030517578,16.170000076293945,16.8799991607666,9.727367401123047,10340400
2016-05-09,16.100000381469727,16.34000015258789,15.050000190734863,15.229999542236328,8.776531219482422,12767400
2016-05-10,15.600000381469727,15.960000038146973,15.130000114440918,15.869999885559082,9.145341873168945,8016000
2016-05-11,16.229999542236328,16.450000762939453,15.579999923706055,15.9399995803833,9.185678482055664,6661200
2016-05-12,16.059999465942383,16.25,15.220000267028809,15.4399995803833,8.897544860839844,4689800
2016-05-13,15.40999984741211,15.880000114440918,14.600000381469727,14.680000305175781,8.45958423614502,10433800
2016-05-16,14.600000381469727,15.65999984741211,14.600000381469727,14.930000305175781,8.60364818572998,5971900
2016-05-17,15.180000305175781,15.739999771118164,14.609999656677246,15.130000114440918,8.718904495239258,8606900
2016-05-18,14.819999694824219,15.3100004196167,14.6899995803833,14.710000038146973,8.476872444152832,6588600
2016-05-19,14.34000015258789,14.920000076293945,14.069999694824219,14.890000343322754,8.580599784851074,8868800
2016-05-20,15.25,15.390000343322754,13.949999809265137,14.130000114440918,8.14263916015625,7022800
2016-05-23,13.65999984741211,14.680000305175781,13.65999984741211,14.4399995803833,8.321279525756836,6842100
2016-05-24,14.609999656677246,14.789999961853027,13.949999809265137,14.020000457763672,8.079249382019043,6038100
2016-05-25,14.100000381469727,14.720000267028809,13.989999771118164,14.619999885559082,8.425007820129395,11072700
2016-05-27,14.699999809265137,14.90999984741211,14.289999961853027,14.289999961853027,8.234840393066406,4070600
2016-05-30,14.390000343322754,14.470000267028809,14.119999885559082,14.279999732971191,8.229077339172363,1115600
2016-05-31,14.069999694824219,14.930000305175781,13.9399995803833,14.220000267028809,8.194501876831055,10875200
2016-06-01,14.09000015258789,14.5,13.800000190734863,14.430000305175781,8.31551742553711,4914500
2016-06-02,14.369999885559082,14.949999809265137,14.210000038146973,14.949999809265137,8.615177154541016,4866100
2016-06-03,15.260000228881836,16.31999969482422,15.109999656677246,16.239999771118164,9.35855770111084,7089500
2016-06-06,16.610000610351562,16.93000030517578,16.25,16.889999389648438,9.733132362365723,6323500
2016-06-07,16.84000015258789,17.350000381469727,16.479999542236328,16.56999969482422,9.548726081848145,5573700
2016-06-08,16.780000686645508,17.15999984741211,16.579999923706055,17.0,9.796520233154297,6021300
2016-06-09,16.799999237060547,16.799999237060547,15.489999771118164,15.699999809265137,9.047374725341797,11424100
2016-06-10,15.140000343322754,15.319999694824219,14.819999694824219,14.949999809265137,8.615177154541016,5954000
2016-06-13,14.65999984741211,15.489999771118164,14.5,15.199999809265137,8.759243965148926,6397100
2016-06-14,15.109999656677246,15.390000343322754,14.420000076293945,14.630000114440918,8.430769920349121,7431600
2016-06-15,14.800000190734863,15.510000228881836,14.760000228881836,15.0,8.643988609313965,9546200
2016-06-16,14.789999961853027,15.399999618530273,14.640000343322754,15.229999542236328,8.776531219482422,6324700
2016-06-17,15.640000343322754,15.930000305175781,15.079999923706055,15.279999732971191,8.805343627929688,8597900
2016-06-20,15.770000457763672,16.0,15.510000228881836,15.569999694824219,8.972460746765137,4172800
2016-06-21,15.619999885559082,15.670000076293945,15.109999656677246,15.600000381469727,8.989748001098633,3924400
2016-06-22,15.8100004196167,16.239999771118164,15.800000190734863,15.850000381469727,9.133814811706543,4874600
2016-06-23,16.260000228881836,16.639999389648438,15.949999809265137,16.59000015258789,9.560253143310547,4105600
2016-06-24,15.479999542236328,15.829999923706055,15.100000381469727,15.210000038146973,8.76500415802002,8477600
2016-06-27,15.3100004196167,15.449999809265137,14.609999656677246,14.800000190734863,8.528735160827637,5222600
2016-06-28,15.199999809265137,15.6899995803833,15.170000076293945,15.460000038146973,8.909071922302246,5310600
2016-06-29,15.880000114440918,16.040000915527344,15.649999618530273,15.710000038146973,9.05313777923584,4887400
2016-06-30,15.890000343322754,16.34000015258789,15.720000267028809,16.270000457763672,9.375847816467285,6942100
2016-07-01,16.309999465942383,16.81999969482422,15.960000038146973,16.6200008392334,9.577539443969727,5214800
2016-07-04,16.860000610351562,17.149999618530273,16.860000610351562,16.969999313354492,9.779232025146484,1574800
2016-07-05,16.610000610351562,17.030000686645508,15.9399995803833,16.059999465942383,9.254830360412598,5508200
2016-07-06,15.84000015258789,16.329999923706055,15.510000228881836,16.290000915527344,9.387373924255371,4120100
2016-07-07,16.350000381469727,16.739999771118164,15.729999542236328,16.020000457763672,9.231781005859375,5600700
2016-07-08,16.260000228881836,16.649999618530273,16.1200008392334,16.190000534057617,9.329745292663574,3908100
2016-07-11,16.549999237060547,16.950000762939453,16.469999313354492,16.860000610351562,9.71584415435791,4776700
2016-07-12,17.440000534057617,17.920000076293945,17.3700008392334,17.690000534057617,10.194143295288086,9447800
2016-07-13,17.75,17.920000076293945,17.06999969482422,17.81999969482422,10.269059181213379,6517900
2016-07-14,18.100000381469727,18.100000381469727,17.049999237060547,17.350000381469727,9.998213768005371,8955700
2016-07-15,17.360000610351562,17.670000076293945,17.1299991607666,17.34000015258789,9.992450714111328,3807500
2016-07-18,17.350000381469727,17.600000381469727,17.030000686645508,17.579999923706055,10.130754470825195,4348900
2016-07-19,17.239999771118164,17.329999923706055,16.510000228881836,16.84000015258789,9.704318046569824,8234700
2016-07-20,16.829999923706055,17.030000686645508,16.399999618530273,16.510000228881836,9.51414966583252,7484000
2016-07-21,16.889999389648438,17.540000915527344,16.84000015258789,17.399999618530273,10.027026176452637,7561000
2016-07-22,17.280000686645508,17.360000610351562,16.75,17.149999618530273,9.882959365844727,4497700
2016-07-25,17.34000015258789,17.450000762939453,16.940000534057617,17.420000076293945,10.038551330566406,5166800
2016-07-26,17.450000762939453,18.600000381469727,17.389999389648438,18.420000076293945,10.61481761932373,9248000
2016-07-27,18.600000381469727,19.09000015258789,18.600000381469727,18.920000076293945,10.9029541015625,5254600
2016-07-28,19.059999465942383,19.200000762939453,18.3799991607666,19.040000915527344,10.972103118896484,9018200
2016-07-29,18.899999618530273,18.899999618530273,18.110000610351562,18.5,10.660921096801758,7598200
2016-08-01,18.799999237060547,19.079999923706055,17.899999618530273,17.899999618530273,10.31516170501709,6649500
2016-08-02,18.010000228881836,18.479999542236328,17.649999618530273,17.989999771118164,10.367022514343262,4162600
2016-08-03,17.90999984741211,18.920000076293945,17.649999618530273,18.81999969482422,10.84532642364502,7536800
2016-08-04,18.579999923706055,19.09000015258789,18.3700008392334,18.760000228881836,10.810750961303711,6891900
2016-08-05,19.110000610351562,19.219999313354492,18.729999542236328,18.969999313354492,10.931763648986816,4237300
2016-08-08,19.049999237060547,19.3799991607666,18.760000228881836,18.979999542236328,10.937527656555176,3472700
2016-08-09,19.049999237060547,19.389999389648438,18.90999984741211,18.989999771118164,10.943289756774902,5247300
2016-08-10,19.190000534057617,19.219999313354492,18.09000015258789,18.09000015258789,10.42464828491211,9298300
2016-08-11,18.149999618530273,18.440000534057617,17.899999618530273,18.40999984741211,10.609053611755371,6125800
2016-08-12,18.34000015258789,18.3799991607666,17.770000457763672,17.959999084472656,10.349737167358398,5917100
2016-08-15,18.079999923706055,18.489999771118164,18.010000228881836,18.43000030517578,10.62058162689209,3698900
2016-08-16,18.579999923706055,19.25,18.549999237060547,18.979999542236328,10.937527656555176,5071900
2016-08-17,18.799999237060547,19.18000030517578,18.420000076293945,19.1200008392334,11.018204689025879,5349400
2016-08-18,19.139999389648438,19.34000015258789,18.670000076293945,18.920000076293945,10.9029541015625,4063100
2016-08-19,18.899999618530273,19.290000915527344,18.68000030517578,19.079999923706055,10.995155334472656,4214100
2016-08-22,18.940000534057617,18.940000534057617,18.280000686645508,18.3799991607666,10.591766357421875,4821900
2016-08-23,18.75,19.200000762939453,18.700000762939453,18.75,10.804986953735352,5839200
2016-08-24,18.600000381469727,18.799999237060547,18.020000457763672,18.149999618530273,10.459222793579102,6932000
2016-08-25,18.200000762939453,18.540000915527344,18.09000015258789,18.18000030517578,10.476513862609863,7041200
2016-08-26,18.309999465942383,18.600000381469727,17.549999237060547,17.709999084472656,10.205669403076172,5974500
2016-08-29,17.850000381469727,18.299999237060547,17.75,18.100000381469727,10.430414199829102,4522200
2016-08-30,18.110000610351562,18.190000534057617,17.610000610351562,17.649999618530273,10.171093940734863,3496100
2016-08-31,17.649999618530273,17.700000762939453,16.84000015258789,16.940000534057617,9.761944770812988,9412000
2016-09-01,17.049999237060547,17.530000686645508,17.020000457763672,17.440000534057617,10.050077438354492,5304600
2016-09-02,17.700000762939453,18.3700008392334,17.649999618530273,18.239999771118164,10.511090278625488,6874100
2016-09-05,18.389999389648438,18.389999389648438,17.850000381469727,17.899999618530273,10.31516170501709,2510200
2016-09-06,17.989999771118164,18.31999969482422,17.690000534057617,18.270000457763672,10.528377532958984,5138000
2016-09-08,18.010000228881836,18.170000076293945,17.65999984741211,17.790000915527344,10.251770973205566,8065300
2016-09-09,17.65999984741211,17.709999084472656,16.860000610351562,16.860000610351562,9.71584415435791,5791800
2016-09-12,16.84000015258789,17.549999237060547,16.579999923706055,17.489999771118164,10.07889175415039,7225300
2016-09-13,17.079999923706055,17.139999389648438,16.15999984741211,16.270000457763672,9.375847816467285,8066000
2016-09-14,16.5,16.860000610351562,16.360000610351562,16.639999389648438,9.589064598083496,3641700
2016-09-15,16.780000686645508,17.0,16.450000762939453,16.639999389648438,9.589064598083496,2252200
2016-09-16,16.579999923706055,16.600000381469727,16.219999313354492,16.40999984741211,9.456523895263672,5283500
2016-09-19,16.75,16.920000076293945,16.489999771118164,16.65999984741211,9.600590705871582,3279600
2016-09-20,16.719999313354492,16.799999237060547,16.3799991607666,16.700000762939453,9.623641967773438,3364300
2016-09-21,17.209999084472656,17.649999618530273,17.100000381469727,17.649999618530273,10.171093940734863,7617300
2016-09-22,17.860000610351562,17.959999084472656,17.31999969482422,17.549999237060547,10.113468170166016,5386000
2016-09-23,17.469999313354492,17.84000015258789,17.309999465942383,17.649999618530273,10.171093940734863,4769800
2016-09-26,17.389999389648438,17.68000030517578,17.3799991607666,17.440000534057617,10.050077438354492,2331200
2016-09-27,17.350000381469727,17.6299991607666,17.100000381469727,17.600000381469727,10.142280578613281,3173900
2016-09-28,17.68000030517578,18.219999313354492,17.649999618530273,18.190000534057617,10.482276916503906,4951800
2016-09-29,18.209999084472656,18.420000076293945,17.8700008392334,17.989999771118164,10.367022514343262,4395100
2016-09-30,18.020000457763672,18.079999923706055,17.65999984741211,17.809999465942383,10.26329517364502,4534600
2016-10-03,17.850000381469727,18.270000457763672,17.75,18.100000381469727,10.430414199829102,3689100
2016-10-04,18.200000762939453,18.299999237060547,17.559999465942383,17.649999618530273,10.171093940734863,5321900
2016-10-05,17.8799991607666,18.010000228881836,17.709999084472656,17.860000610351562,10.292109489440918,3221600
2016-10-06,17.84000015258789,17.950000762939453,17.700000762939453,17.799999237060547,10.257533073425293,4178300
2016-10-07,17.969999313354492,18.280000686645508,17.719999313354492,18.0,10.372786521911621,10040900
2016-10-10,18.239999771118164,19.09000015258789,18.15999984741211,19.049999237060547,10.977865219116211,8879800
2016-10-11,18.8799991607666,19.100000381469727,18.399999618530273,18.600000381469727,10.718547821044922,9733500
2016-10-13,18.25,18.25,17.700000762939453,17.75,10.228717803955078,18453000
2016-10-14,18.100000381469727,18.329999923706055,17.969999313354492,18.020000457763672,10.38431167602539,6890600
2016-10-17,18.09000015258789,18.450000762939453,17.979999542236328,18.239999771118164,10.511090278625488,5163600
2016-10-18,18.5,18.8799991607666,18.34000015258789,18.770000457763672,10.816514015197754,9581100
2016-10-19,18.760000228881836,18.920000076293945,18.510000228881836,18.6200008392334,10.730074882507324,4573100
2016-10-20,18.670000076293945,19.170000076293945,18.649999618530273,19.100000381469727,11.00667953491211,9474800
2016-10-21,19.149999618530273,20.200000762939453,18.8799991607666,19.90999984741211,11.4734525680542,16069400
2016-10-24,20.299999237060547,20.610000610351562,20.020000457763672,20.299999237060547,11.698196411132812,7251300
2016-10-25,20.829999923706055,21.350000381469727,20.6200008392334,21.350000381469727,12.303278923034668,11607500
2016-10-26,21.100000381469727,21.860000610351562,20.81999969482422,21.770000457763672,12.54531192779541,10290600
2016-10-27,22.100000381469727,22.309999465942383,21.65999984741211,22.0,12.677848815917969,10148800
2016-10-28,21.850000381469727,22.469999313354492,21.829999923706055,22.139999389648438,12.758525848388672,9967500
2016-10-31,22.149999618530273,22.34000015258789,21.65999984741211,22.079999923706055,12.72395133972168,6545600
2016-11-01,22.3700008392334,22.649999618530273,21.56999969482422,22.299999237060547,12.850727081298828,7503800
2016-11-03,22.049999237060547,22.65999984741211,21.8799991607666,21.959999084472656,12.654796600341797,8953400
2016-11-04,21.809999465942383,22.1200008392334,21.440000534057617,21.610000610351562,12.453105926513672,7433500
2016-11-07,22.389999389648438,23.209999084472656,22.200000762939453,23.1299991607666,13.32903003692627,5148700
2016-11-08,23.010000228881836,24.299999237060547,22.979999542236328,23.969999313354492,13.813094139099121,4850600
2016-11-09,23.600000381469727,25.889999389648438,23.31999969482422,25.0,14.406648635864258,13530400
2016-11-10,25.959999084472656,27.40999984741211,25.799999237060547,26.8700008392334,15.484265327453613,10367700
2016-11-11,27.690000534057617,28.010000228881836,25.799999237060547,25.979999542236328,14.971386909484863,15173900
2016-11-14,25.81999969482422,26.739999771118164,25.559999465942383,26.459999084472656,15.247994422912598,7093100
2016-11-16,25.09000015258789,25.31999969482422,24.170000076293945,25.149999618530273,14.493086814880371,7501900
2016-11-17,25.489999771118164,25.600000381469727,24.739999771118164,24.739999771118164,14.256818771362305,8337800
2016-11-18,24.600000381469727,24.8700008392334,23.719999313354492,24.56999969482422,14.158855438232422,6893800
2016-11-21,24.75,25.899999618530273,24.649999618530273,25.829999923706055,14.88494873046875,6291900
2016-11-22,27.06999969482422,27.8799991607666,26.899999618530273,27.770000457763672,16.002906799316406,7431700
2016-11-23,27.75,28.3700008392334,27.34000015258789,28.170000076293945,16.23341178894043,6486000
2016-11-24,28.290000915527344,28.530000686645508,27.59000015258789,27.59000015258789,15.899178504943848,2690500
2016-11-25,27.530000686645508,28.899999618530273,27.510000228881836,28.899999618530273,16.65408706665039,6218900
2016-11-28,29.0,31.010000228881836,28.59000015258789,31.010000228881836,17.870006561279297,8817900
2016-11-29,30.43000030517578,30.450000762939453,28.860000610351562,29.18000030517578,16.815441131591797,9459400
2016-11-30,28.979999542236328,29.549999237060547,27.920000076293945,28.059999465942383,16.170019149780273,14907900
2016-12-01,29.06999969482422,30.25,27.90999984741211,28.469999313354492,16.406288146972656,11799200
2016-12-02,27.809999465942383,29.489999771118164,27.450000762939453,29.489999771118164,17.093929290771484,9537100
2016-12-05,29.770000457763672,30.149999618530273,29.209999084472656,29.600000381469727,17.157690048217773,4397400
2016-12-06,29.31999969482422,30.0,29.1299991607666,30.0,17.389551162719727,4878800
2016-12-07,30.8799991607666,31.479999542236328,30.43000030517578,31.030000686645508,17.986591339111328,6300800
2016-12-08,31.299999237060547,31.649999618530273,30.0,30.1299991607666,17.464906692504883,5145300
2016-12-09,30.280000686645508,30.399999618530273,29.459999084472656,29.610000610351562,17.163484573364258,5973500
2016-12-12,29.790000915527344,30.049999237060547,29.190000534057617,29.489999771118164,17.093929290771484,3642800
2016-12-13,28.950000762939453,29.510000228881836,28.059999465942383,28.329999923706055,16.42152976989746,6229000
2016-12-14,28.149999618530273,28.670000076293945,27.5,27.8799991607666,16.160688400268555,7732900
2016-12-15,27.799999237060547,28.6299991607666,27.34000015258789,28.229999542236328,16.363563537597656,5288200
2016-12-16,28.280000686645508,28.59000015258789,27.75,27.75,16.08533477783203,6343900
2016-12-19,27.700000762939453,27.940000534057617,25.989999771118164,26.049999237060547,15.099928855895996,6369800
2016-12-20,26.209999084472656,26.639999389648438,25.920000076293945,26.579999923706055,15.40714168548584,4565700
2016-12-21,26.709999084472656,26.940000534057617,26.219999313354492,26.479999542236328,15.349176406860352,3690600
2016-12-22,25.899999618530273,26.030000686645508,25.209999084472656,25.3799991607666,14.711559295654297,3926800
2016-12-23,25.459999084472656,25.719999313354492,25.18000030517578,25.190000534057617,14.601425170898438,4234100
2016-12-26,25.329999923706055,26.06999969482422,25.139999389648438,25.989999771118164,15.065145492553711,854600
2016-12-27,26.229999542236328,26.389999389648438,25.829999923706055,25.860000610351562,14.989791870117188,1967300
2016-12-28,26.209999084472656,26.920000076293945,26.209999084472656,26.68000030517578,15.465106964111328,6264000
2016-12-29,26.68000030517578,26.850000381469727,25.5,25.68000030517578,14.885453224182129,4778000
2017-01-02,25.280000686645508,25.489999771118164,25.049999237060547,25.059999465942383,14.52607250213623,1118500
2017-01-03,25.510000228881836,26.170000076293945,25.399999618530273,26.170000076293945,15.16948413848877,5658500
2017-01-04,26.059999465942383,26.229999542236328,25.360000610351562,25.700000762939453,14.897050857543945,2144400
2017-01-05,25.979999542236328,26.899999618530273,25.780000686645508,26.68000030517578,15.465106964111328,4031600
2017-01-06,26.290000915527344,26.59000015258789,25.860000610351562,25.969999313354492,15.053552627563477,4213500
2017-01-09,26.299999237060547,26.850000381469727,26.270000457763672,26.5,15.360772132873535,3407800
2017-01-10,27.420000076293945,28.540000915527344,27.420000076293945,28.540000915527344,16.543258666992188,3606500
2017-01-11,28.809999465942383,29.190000534057617,28.329999923706055,29.1299991607666,16.885255813598633,3499900
2017-01-12,30.079999923706055,30.420000076293945,29.709999084472656,30.06999969482422,17.430126190185547,5500500
2017-01-13,29.889999389648438,31.200000762939453,29.700000762939453,30.979999542236328,17.95760726928711,4424800
2017-01-16,31.200000762939453,32.11000061035156,31.200000762939453,31.81999969482422,18.444517135620117,2018500
2017-01-17,31.229999542236328,31.299999237060547,30.489999771118164,30.56999969482422,17.71994972229004,5968500
2017-01-18,30.350000381469727,32.689998626708984,30.350000381469727,32.11000061035156,18.61261558532715,14846300
2017-01-19,32.0,32.02000045776367,31.030000686645508,31.469999313354492,18.241640090942383,5303100
2017-01-20,30.989999771118164,32.43000030517578,30.950000762939453,32.099998474121094,18.60681915283203,6309700
2017-01-23,32.209999084472656,33.47999954223633,32.189998626708984,33.310001373291016,19.308197021484375,4369600
2017-01-24,34.06999969482422,34.720001220703125,33.27000045776367,34.130001068115234,19.78351402282715,5373900
2017-01-26,34.41999816894531,34.630001068115234,33.599998474121094,33.599998474121094,19.476295471191406,5274700
2017-01-27,33.47999954223633,34.20000076293945,33.40999984741211,33.70000076293945,19.53426170349121,3244000
2017-01-30,33.220001220703125,33.4900016784668,32.13999938964844,32.25,18.693767547607422,3136800
2017-01-31,32.70000076293945,32.95000076293945,32.11000061035156,32.18000030517578,18.653194427490234,4067300
2017-02-01,32.70000076293945,33.5099983215332,32.68000030517578,32.88999938964844,19.064746856689453,5928500
2017-02-02,32.40999984741211,33.439998626708984,32.40999984741211,32.65999984741211,18.931421279907227,4024400
2017-02-03,32.0,32.0,30.389999389648438,30.610000610351562,17.743135452270508,6833500
2017-02-06,30.65999984741211,30.770000457763672,29.8700008392334,29.920000076293945,17.34317970275879,3554600
2017-02-07,30.639999389648438,31.329999923706055,30.079999923706055,30.239999771118164,17.528667449951172,4297100
2017-02-08,30.790000915527344,30.81999969482422,30.040000915527344,30.59000015258789,17.731544494628906,3867100
2017-02-09,30.520000457763672,31.350000381469727,30.260000228881836,31.079999923706055,18.015575408935547,4011900
2017-02-10,32.15999984741211,32.79999923706055,32.099998474121094,32.79999923706055,19.012575149536133,5036400
2017-02-13,34.209999084472656,35.849998474121094,34.02000045776367,35.810001373291016,20.75732421875,11344600
2017-02-14,35.529998779296875,35.560001373291016,34.029998779296875,34.400001525878906,19.94001579284668,4651000
2017-02-15,34.70000076293945,34.75,33.689998626708984,33.81999969482422,19.603822708129883,6626600
2017-02-16,33.779998779296875,34.439998626708984,33.619998931884766,33.77000045776367,19.57483673095703,5231900
2017-02-17,33.61000061035156,34.29999923706055,33.38999938964844,34.06999969482422,19.748733520507812,5909200
2017-02-20,35.88999938964844,36.560001373291016,35.779998779296875,36.43000030517578,21.116710662841797,6047300
2017-02-21,36.84000015258789,37.279998779296875,35.279998779296875,35.540000915527344,20.600820541381836,6307900
2017-02-22,35.33000183105469,35.33000183105469,34.029998779296875,34.689998626708984,20.10811424255371,6845300
2017-02-23,35.189998626708984,35.25,32.79999923706055,33.16999816894531,19.227046966552734,12566100
2017-02-24,32.150001525878906,33.90999984741211,32.0,32.720001220703125,18.966203689575195,9984400
2017-03-01,33.04999923706055,33.380001068115234,32.849998474121094,33.16999816894531,19.227046966552734,3262200
2017-03-02,33.29999923706055,33.599998474121094,31.350000381469727,31.459999084472656,18.23583984375,6860100
2017-03-03,31.889999389648438,32.290000915527344,31.360000610351562,31.81999969482422,18.444517135620117,6887300
2017-03-06,31.399999618530273,31.610000610351562,30.68000030517578,31.100000381469727,18.02716827392578,6393900
2017-03-07,31.190000534057617,31.8700008392334,30.799999237060547,30.920000076293945,17.922828674316406,6653500
2017-03-08,31.219999313354492,31.350000381469727,29.829999923706055,30.1200008392334,17.459108352661133,5789100
2017-03-09,29.450000762939453,30.579999923706055,29.06999969482422,30.18000030517578,17.493886947631836,8743900
2017-03-10,30.65999984741211,31.020000457763672,29.649999618530273,29.649999618530273,17.18667221069336,5574100
2017-03-13,30.739999771118164,31.3799991607666,30.700000762939453,31.010000228881836,17.975000381469727,5780300
2017-03-14,30.75,31.5,30.290000915527344,31.170000076293945,18.0677433013916,4101000
2017-03-15,31.90999984741211,33.31999969482422,31.56999969482422,33.31999969482422,19.313995361328125,7401600
2017-03-16,33.619998931884766,33.84000015258789,32.279998779296875,32.529998779296875,18.85606575012207,4529000
2017-03-17,32.689998626708984,32.77000045776367,31.299999237060547,31.299999237060547,18.143095016479492,14673300
2017-03-20,31.149999618530273,31.889999389648438,30.899999618530273,31.6299991607666,18.334381103515625,3340900
2017-03-21,30.889999389648438,30.969999313354492,28.950000762939453,29.040000915527344,16.833086013793945,6509400
2017-03-22,28.450000762939453,30.079999923706055,28.290000915527344,29.399999618530273,17.04176139831543,7020200
2017-03-23,29.040000915527344,29.6299991607666,28.43000030517578,29.239999771118164,16.949012756347656,7074400
2017-03-24,29.5,29.510000228881836,28.549999237060547,29.0,16.809900283813477,3917800
2017-03-27,27.989999771118164,29.6200008392334,27.25,29.389999389648438,17.03596305847168,6849000
2017-03-28,29.670000076293945,30.0,29.360000610351562,29.809999465942383,17.279417037963867,4456400
2017-03-29,30.079999923706055,30.520000457763672,29.549999237060547,30.110000610351562,17.453310012817383,3106200
2017-03-30,30.0,30.389999389648438,29.75,30.100000381469727,17.447519302368164,2264400
2017-03-31,29.530000686645508,30.350000381469727,29.290000915527344,29.790000915527344,17.267824172973633,4009400
2017-04-03,29.809999465942383,30.0,29.09000015258789,29.510000228881836,17.105518341064453,4092200
2017-04-04,29.559999465942383,30.709999084472656,29.299999237060547,30.649999618530273,17.766321182250977,2444400
2017-04-05,31.0,31.479999542236328,29.270000457763672,29.450000762939453,17.070741653442383,6253600
2017-04-06,29.729999542236328,29.889999389648438,28.649999618530273,28.90999984741211,16.757726669311523,5813500
2017-04-07,28.200000762939453,29.540000915527344,27.93000030517578,29.149999618530273,16.8968448638916,7506100
2017-04-10,29.139999389648438,29.270000457763672,28.3799991607666,29.030000686645508,16.827287673950195,3787400
2017-04-11,29.079999923706055,29.290000915527344,27.81999969482422,28.65999984741211,16.612817764282227,5097200
2017-04-12,27.600000381469727,28.0,27.280000686645508,27.420000076293945,15.894049644470215,6287000
2017-04-13,27.3799991607666,27.899999618530273,27.280000686645508,27.420000076293945,15.894049644470215,4377900
2017-04-17,27.25,27.469999313354492,26.68000030517578,27.43000030517578,15.899843215942383,5372400
2017-04-18,26.549999237060547,26.760000228881836,26.149999618530273,26.610000610351562,15.424530029296875,7202100
2017-04-19,26.899999618530273,27.440000534057617,26.540000915527344,26.670000076293945,15.459308624267578,6326900
2017-04-20,27.290000915527344,28.100000381469727,27.1200008392334,28.049999237060547,16.25922966003418,4599100
2017-04-24,27.950000762939453,27.959999084472656,27.09000015258789,27.450000762939453,16.4422664642334,3353600
2017-04-25,27.31999969482422,28.350000381469727,27.1200008392334,28.350000381469727,16.981355667114258,4663300
2017-04-26,28.290000915527344,28.59000015258789,27.729999542236328,27.729999542236328,16.609983444213867,5958400
2017-04-27,27.889999389648438,28.15999984741211,26.420000076293945,26.829999923706055,16.07088851928711,9359600
2017-04-28,27.139999389648438,27.709999084472656,27.06999969482422,27.469999313354492,16.454242706298828,4813800
2017-05-02,27.700000762939453,28.18000030517578,27.600000381469727,28.059999465942383,16.807647705078125,7808800
2017-05-03,27.600000381469727,27.709999084472656,26.309999465942383,26.31999969482422,15.765405654907227,7963600
2017-05-04,25.950000762939453,25.950000762939453,25.059999465942383,25.350000381469727,15.184386253356934,7726700
2017-05-05,25.200000762939453,26.399999618530273,25.200000762939453,26.049999237060547,15.603677749633789,4286600
2017-05-08,26.0,26.149999618530273,25.43000030517578,26.030000686645508,15.591696739196777,4552200
2017-05-09,26.399999618530273,26.81999969482422,26.18000030517578,26.5,15.873223304748535,3980000
2017-05-10,26.8799991607666,27.049999237060547,26.18000030517578,26.559999465942383,15.909161567687988,4532500
2017-05-11,26.6200008392334,26.709999084472656,26.18000030517578,26.31999969482422,15.765405654907227,3413600
2017-05-12,26.68000030517578,26.700000762939453,25.739999771118164,25.90999984741211,15.519820213317871,3855800
2017-05-15,26.06999969482422,26.649999618530273,25.920000076293945,26.649999618530273,15.96307373046875,7381800
2017-05-16,26.81999969482422,27.420000076293945,26.68000030517578,27.260000228881836,16.328454971313477,7050000
2017-05-17,27.329999923706055,27.479999542236328,26.6299991607666,26.84000015258789,16.07688331604004,5442000
2017-05-18,25.0,27.399999618530273,25.0,26.860000610351562,16.0888614654541,20151200
2017-05-19,27.149999618530273,27.969999313354492,27.0,27.25,16.322467803955078,6492700
2017-05-22,27.25,28.170000076293945,26.920000076293945,27.920000076293945,16.72378921508789,7988700
2017-05-23,27.75,28.360000610351562,27.15999984741211,28.260000228881836,16.927444458007812,5465400
2017-05-24,28.1299991607666,28.1299991607666,27.270000457763672,27.520000457763672,16.484193801879883,4327900
2017-05-25,27.510000228881836,27.940000534057617,27.149999618530273,27.700000762939453,16.592010498046875,3999300
2017-05-26,27.489999771118164,27.920000076293945,27.329999923706055,27.860000610351562,16.687850952148438,2957000
2017-05-29,27.860000610351562,27.860000610351562,27.860000610351562,27.860000610351562,16.687850952148438,0
2017-05-30,28.149999618530273,28.899999618530273,27.920000076293945,28.600000381469727,17.131101608276367,3075700
2017-05-31,28.200000762939453,28.270000457763672,26.8700008392334,27.170000076293945,16.274547576904297,9452200
2017-06-01,27.149999618530273,27.3700008392334,26.489999771118164,26.670000076293945,15.975053787231445,6907500
2017-06-02,26.899999618530273,26.989999771118164,26.389999389648438,26.780000686645508,16.040935516357422,2607700
2017-06-05,26.350000381469727,26.649999618530273,26.219999313354492,26.489999771118164,15.867232322692871,3460900
2017-06-06,26.309999465942383,27.15999984741211,26.309999465942383,26.579999923706055,15.921143531799316,5873900
2017-06-07,26.899999618530273,27.040000915527344,26.329999923706055,26.450000762939453,15.843274116516113,5915000
2017-06-08,26.350000381469727,27.280000686645508,26.31999969482422,27.020000457763672,16.18470001220703,5173400
2017-06-09,27.15999984741211,27.540000915527344,26.93000030517578,27.299999237060547,16.3524169921875,5224300
2017-06-12,27.389999389648438,27.510000228881836,26.530000686645508,26.84000015258789,16.07688331604004,5193200
2017-06-13,26.649999618530273,26.889999389648438,26.149999618530273,26.3700008392334,15.795354843139648,4573400
2017-06-14,26.639999389648438,26.729999542236328,25.809999465942383,26.100000381469727,15.633626937866211,7635700
2017-06-15,26.100000381469727,26.100000381469727,26.100000381469727,26.100000381469727,15.633626937866211,0
2017-06-16,25.809999465942383,26.010000228881836,25.399999618530273,25.559999465942383,15.310174942016602,13039700
2017-06-19,25.989999771118164,26.889999389648438,25.899999618530273,26.389999389648438,15.807334899902344,5766200
2017-06-20,26.1200008392334,26.139999389648438,25.520000457763672,25.709999084472656,15.40002155303955,4380800
2017-06-21,25.899999618530273,26.780000686645508,25.799999237060547,26.469999313354492,15.855252265930176,2751800
2017-06-22,26.450000762939453,27.510000228881836,26.31999969482422,27.020000457763672,16.18470001220703,4726200
2017-06-23,27.020000457763672,27.489999771118164,26.770000457763672,27.239999771118164,16.316478729248047,4854600
2017-06-26,27.34000015258789,27.670000076293945,27.299999237060547,27.469999313354492,16.454242706298828,4047300
2017-06-27,28.350000381469727,28.950000762939453,27.889999389648438,27.920000076293945,16.72378921508789,7473000
2017-06-28,28.510000228881836,28.8799991607666,28.34000015258789,28.790000915527344,17.24490737915039,8527200
2017-06-29,29.1200008392334,29.3700008392334,28.510000228881836,28.899999618530273,17.31079864501953,4333400
2017-06-30,28.950000762939453,29.190000534057617,28.65999984741211,29.0,17.370698928833008,4749000
2017-07-03,29.260000228881836,29.709999084472656,29.100000381469727,29.649999618530273,17.760042190551758,2172000
2017-07-04,29.459999084472656,29.6200008392334,29.360000610351562,29.6200008392334,17.742074966430664,1058400
2017-07-05,29.6299991607666,29.850000381469727,28.719999313354492,28.93000030517578,17.328767776489258,6447900
2017-07-06,28.84000015258789,28.979999542236328,28.440000534057617,28.920000076293945,17.322776794433594,4847500
2017-07-07,29.1200008392334,29.3799991607666,28.43000030517578,28.889999389648438,17.304807662963867,4652000
2017-07-10,28.899999618530273,29.75,28.6200008392334,29.709999084472656,17.795978546142578,5053400
2017-07-11,29.829999923706055,30.09000015258789,29.639999389648438,30.040000915527344,17.993648529052734,4949900
2017-07-12,30.200000762939453,30.290000915527344,29.469999313354492,29.899999618530273,17.9097900390625,8527700
2017-07-13,30.110000610351562,30.239999771118164,29.020000457763672,29.18000030517578,17.478519439697266,7776800
2017-07-14,29.450000762939453,29.709999084472656,29.299999237060547,29.520000457763672,17.682172775268555,3751600
2017-07-17,29.850000381469727,30.270000457763672,29.639999389648438,29.719999313354492,17.80196762084961,4661400
2017-07-18,29.899999618530273,30.040000915527344,29.520000457763672,29.899999618530273,17.9097900390625,4000600
2017-07-19,30.010000228881836,30.170000076293945,29.729999542236328,29.899999618530273,17.9097900390625,4403100
2017-07-20,29.829999923706055,29.829999923706055,28.649999618530273,28.719999313354492,17.202978134155273,5930800
2017-07-21,28.700000762939453,29.040000915527344,28.31999969482422,28.5,17.071205139160156,5482100
2017-07-24,28.6200008392334,29.15999984741211,28.5,29.1299991607666,17.44856834411621,4207500
2017-07-25,29.559999465942383,30.649999618530273,29.559999465942383,30.610000610351562,18.335071563720703,11658200
2017-07-26,30.899999618530273,30.899999618530273,29.649999618530273,29.65999984741211,17.766029357910156,10680100
2017-07-27,29.65999984741211,30.209999084472656,29.270000457763672,29.700000762939453,17.78999137878418,5584000
2017-07-28,29.530000686645508,30.350000381469727,29.329999923706055,30.34000015258789,18.173343658447266,5155700
2017-07-31,31.5,31.520000457763672,31.040000915527344,31.299999237060547,18.74837303161621,6300800
2017-08-01,31.25,31.25,30.700000762939453,31.059999465942383,18.604612350463867,4329100
2017-08-02,30.700000762939453,31.270000457763672,30.540000915527344,31.110000610351562,18.634567260742188,6171300
2017-08-03,31.139999389648438,31.229999542236328,30.639999389648438,30.68000030517578,18.376998901367188,5056500
2017-08-04,30.959999084472656,31.489999771118164,30.739999771118164,31.229999542236328,18.706443786621094,4577600
2017-08-07,31.600000381469727,32.43000030517578,31.59000015258789,32.41999816894531,19.419239044189453,7800300
2017-08-08,32.09000015258789,32.619998931884766,31.559999465942383,32.04999923706055,19.197616577148438,9706400
2017-08-09,32.0,32.25,31.700000762939453,31.920000076293945,19.119749069213867,7870700
2017-08-10,31.790000915527344,32.029998779296875,31.389999389648438,31.5,18.86817169189453,7393600
2017-08-11,31.270000457763672,31.270000457763672,30.559999465942383,30.799999237060547,18.448877334594727,13613400
2017-08-14,30.780000686645508,31.469999313354492,30.540000915527344,31.299999237060547,18.74837303161621,16902200
2017-08-15,31.299999237060547,31.450000762939453,30.690000534057617,31.1200008392334,18.640554428100586,17847800
2017-08-16,31.399999618530273,32.06999969482422,31.31999969482422,31.729999542236328,19.00594139099121,26011500
2017-08-17,31.889999389648438,32.040000915527344,31.110000610351562,31.200000762939453,18.688474655151367,14095900
2017-08-18,31.799999237060547,32.04999923706055,31.40999984741211,31.549999237060547,18.898122787475586,24390300
2017-08-21,31.989999771118164,32.2400016784668,31.709999084472656,31.75,19.017915725708008,19990400
2017-08-22,32.349998474121094,32.38999938964844,31.709999084472656,31.860000610351562,19.08380889892578,19230300
2017-08-23,31.739999771118164,32.54999923706055,31.600000381469727,32.540000915527344,19.491121292114258,15451900
2017-08-24,32.560001373291016,34.0,32.33000183105469,33.880001068115234,20.293766021728516,20534600
2017-08-25,34.119998931884766,34.33000183105469,33.41999816894531,33.83000183105469,20.263818740844727,16366000
2017-08-28,33.70000076293945,34.4900016784668,33.650001525878906,34.36000061035156,20.581283569335938,15021800
2017-08-29,34.0,34.65999984741211,33.90999984741211,34.439998626708984,20.62920379638672,15689600
2017-08-30,34.5,34.709999084472656,34.2400016784668,34.34000015258789,20.569303512573242,14021600
2017-08-31,34.91999816894531,35.18000030517578,34.45000076293945,35.08000183105469,21.01255226135254,56429700
2017-09-01,35.5,35.97999954223633,35.2599983215332,35.66999816894531,21.365955352783203,22554600
2017-09-04,35.380001068115234,36.189998626708984,35.310001373291016,36.099998474121094,21.623523712158203,15002800
2017-09-05,36.5,36.689998626708984,35.18000030517578,35.599998474121094,21.324026107788086,24227100
2017-09-06,35.81999969482422,36.09000015258789,35.470001220703125,35.79999923706055,21.44382667541504,18117700
2017-09-07,35.79999923706055,35.79999923706055,35.79999923706055,35.79999923706055,21.44382667541504,0
2017-09-08,35.689998626708984,36.11000061035156,34.470001220703125,34.47999954223633,20.653160095214844,23042000
2017-09-11,34.79999923706055,35.209999084472656,34.72999954223633,35.09000015258789,21.0185489654541,19131800
2017-09-12,35.369998931884766,35.72999954223633,35.22999954223633,35.2599983215332,21.120370864868164,16114100
2017-09-13,35.04999923706055,35.130001068115234,34.38999938964844,34.77000045776367,20.826868057250977,21951600
2017-09-14,34.0,34.099998474121094,33.349998474121094,33.619998931884766,20.138029098510742,24324600
2017-09-15,33.36000061035156,34.13999938964844,33.29999923706055,33.79999923706055,20.245847702026367,34216900
2017-09-18,33.810001373291016,34.310001373291016,33.779998779296875,34.25,20.51539421081543,18617700
2017-09-19,33.79999923706055,33.9900016784668,33.33000183105469,33.91999816894531,20.31772804260254,17106900
2017-09-20,33.880001068115234,34.150001525878906,32.77000045776367,33.16999816894531,19.86848258972168,24175400
2017-09-21,32.650001525878906,32.77000045776367,32.15999984741211,32.5099983215332,19.473148345947266,26157600
2017-09-22,32.150001525878906,32.380001068115234,31.850000381469727,31.90999984741211,19.113759994506836,16957700
2017-09-25,31.799999237060547,32.290000915527344,31.0,31.09000015258789,18.62258529663086,21014300
2017-09-26,31.469999313354492,31.93000030517578,31.40999984741211,31.5,18.86817169189453,17114500
2017-09-27,31.979999542236328,32.25,31.030000686645508,31.93000030517578,19.125736236572266,26241300
2017-09-28,31.510000228881836,31.850000381469727,31.280000686645508,31.75,19.017915725708008,17561400
2017-09-29,32.13999938964844,32.400001525878906,31.610000610351562,31.8700008392334,19.089799880981445,16047100
2017-10-02,32.25,32.43000030517578,31.8700008392334,31.899999618530273,19.107765197753906,13596900
2017-10-03,32.09000015258789,32.68000030517578,31.760000228881836,32.68000030517578,19.574981689453125,23474600
2017-10-04,32.880001068115234,33.06999969482422,32.61000061035156,32.61000061035156,19.533052444458008,17562500
2017-10-05,33.0,33.189998626708984,32.2400016784668,32.27000045776367,19.329395294189453,17253100
2017-10-06,32.06999969482422,32.150001525878906,31.829999923706055,32.13999938964844,19.251523971557617,12450500
2017-10-09,32.04999923706055,32.099998474121094,31.260000228881836,31.5,18.86817169189453,13520900
2017-10-10,31.649999618530273,31.700000762939453,30.940000534057617,31.31999969482422,18.760351181030273,20181500
2017-10-11,30.940000534057617,31.489999771118164,30.729999542236328,31.100000381469727,18.628576278686523,23041300
2017-10-12,31.100000381469727,31.100000381469727,31.100000381469727,31.100000381469727,18.628576278686523,0
2017-10-13,32.099998474121094,33.099998474121094,32.0,32.90999984741211,19.71274757385254,31395900
2017-10-16,33.380001068115234,33.63999938964844,32.83000183105469,33.349998474121094,19.976301193237305,35861900
2017-10-17,33.11000061035156,33.31999969482422,32.58000183105469,32.58000183105469,19.51508140563965,19842700
2017-10-18,32.7599983215332,32.95000076293945,31.790000915527344,32.27000045776367,19.329395294189453,21210600
2017-10-19,31.75,33.06999969482422,31.709999084472656,33.0,19.76665687561035,18549800
2017-10-20,33.75,33.779998779296875,32.95000076293945,32.95000076293945,19.73670768737793,24301000
2017-10-23,33.0,33.20000076293945,32.63999938964844,32.709999084472656,19.59294891357422,11948700
2017-10-24,32.880001068115234,33.83000183105469,32.54999923706055,33.83000183105469,20.263818740844727,19996200
2017-10-25,33.630001068115234,33.86000061035156,33.06999969482422,33.54999923706055,20.096101760864258,16724100
2017-10-26,33.869998931884766,33.900001525878906,32.66999816894531,32.66999816894531,19.568986892700195,25302400
2017-10-27,32.290000915527344,32.869998931884766,32.029998779296875,32.54999923706055,19.49711036682129,17377200
2017-10-30,32.189998626708984,32.93000030517578,31.84000015258789,32.349998474121094,19.377315521240234,19401600
2017-10-31,32.41999816894531,32.689998626708984,32.0099983215332,32.099998474121094,19.227563858032227,14629600
2017-11-01,32.79999923706055,33.279998779296875,32.689998626708984,32.81999969482422,19.65883445739746,29709500
2017-11-02,32.81999969482422,32.81999969482422,32.81999969482422,32.81999969482422,19.65883445739746,0
2017-11-03,33.20000076293945,33.540000915527344,33.0,33.540000915527344,20.090112686157227,29217800
2017-11-06,33.88999938964844,34.34000015258789,33.83000183105469,34.34000015258789,20.569303512573242,26333200
2017-11-07,34.2400016784668,34.2400016784668,33.52000045776367,33.52000045776367,20.07813262939453,20239700
2017-11-08,33.810001373291016,33.95000076293945,33.45000076293945,33.939998626708984,20.32970428466797,11580800
2017-11-09,33.70000076293945,33.709999084472656,32.79999923706055,32.79999923706055,19.64685821533203,19246700
2017-11-10,32.779998779296875,33.029998779296875,32.5,32.77000045776367,19.628887176513672,12199100
2017-11-13,32.84000015258789,33.439998626708984,32.59000015258789,33.13999938964844,19.850513458251953,12424700
2017-11-14,33.02000045776367,33.099998474121094,31.940000534057617,32.15999984741211,19.263505935668945,23389800
2017-11-15,32.15999984741211,32.15999984741211,32.15999984741211,32.15999984741211,19.263505935668945,0
2017-11-16,32.459999084472656,32.790000915527344,32.029998779296875,32.599998474121094,19.527061462402344,16280300
2017-11-17,32.59000015258789,33.16999816894531,32.31999969482422,32.91999816894531,19.71873664855957,13771300
2017-11-20,32.91999816894531,32.91999816894531,32.91999816894531,32.91999816894531,19.71873664855957,0
2017-11-21,33.290000915527344,34.04999923706055,33.150001525878906,34.04999923706055,20.39559555053711,23741300
2017-11-22,34.400001525878906,34.970001220703125,34.279998779296875,34.7400016784668,20.808900833129883,22150200
2017-11-23,34.83000183105469,35.349998474121094,34.56999969482422,35.20000076293945,21.084430694580078,11962000
2017-11-24,35.18000030517578,35.849998474121094,35.11000061035156,35.790000915527344,21.437837600708008,30784900
2017-11-27,35.459999084472656,35.779998779296875,35.08000183105469,35.40999984741211,21.210222244262695,15112700
2017-11-28,35.45000076293945,36.650001525878906,35.25,36.25,21.7133731842041,28591400
2017-11-29,36.279998779296875,36.58000183105469,35.630001068115234,35.70000076293945,21.383930206298828,18176000
2017-11-30,35.70000076293945,36.08000183105469,34.93000030517578,35.13999938964844,21.048490524291992,25417200
2017-12-01,35.20000076293945,35.970001220703125,34.88999938964844,35.47999954223633,21.25214958190918,17204100
2017-12-04,35.959999084472656,36.97999954223633,35.849998474121094,36.83000183105469,22.060787200927734,22600100
2017-12-05,36.810001373291016,37.400001525878906,36.02000045776367,36.02000045776367,21.575605392456055,25898800
2017-12-06,35.58000183105469,35.9900016784668,35.36000061035156,35.7599983215332,21.419872283935547,20400800
2017-12-07,35.04999923706055,35.5,34.900001525878906,35.34000015258789,21.16829490661621,19876200
2017-12-08,35.810001373291016,35.95000076293945,35.459999084472656,35.47999954223633,21.25214958190918,21502200
2017-12-11,35.83000183105469,36.0,35.47999954223633,35.7599983215332,21.419872283935547,14785300
2017-12-12,35.630001068115234,36.18000030517578,35.220001220703125,36.18000030517578,21.67144012451172,17624400
2017-12-13,36.43000030517578,36.47999954223633,36.04999923706055,36.11000061035156,21.6295108795166,21135300
2017-12-14,35.90999984741211,36.58000183105469,35.790000915527344,36.2400016784668,21.70738410949707,17718000
2017-12-15,36.5099983215332,37.279998779296875,36.36000061035156,36.88999938964844,22.09672737121582,32954100
2017-12-18,37.4900016784668,38.02000045776367,37.34000015258789,37.84000015258789,22.6657657623291,24339300
2017-12-19,37.709999084472656,38.099998474121094,37.63999938964844,37.849998474121094,22.671756744384766,14041000
2017-12-20,37.970001220703125,39.209999084472656,37.970001220703125,39.150001525878906,23.450441360473633,19218100
2017-12-21,39.099998474121094,39.72999954223633,39.08000183105469,39.72999954223633,23.797853469848633,11772500
2017-12-22,39.34000015258789,39.83000183105469,39.220001220703125,39.790000915527344,24.08839225769043,10140000
2017-12-25,39.790000915527344,39.790000915527344,39.790000915527344,39.790000915527344,24.08839225769043,0
2017-12-26,39.61000061035156,40.0,39.02000045776367,39.849998474121094,24.12471580505371,9986600
2017-12-27,39.79999923706055,40.209999084472656,39.630001068115234,39.86000061035156,24.130765914916992,9943000
2017-12-28,40.0099983215332,40.2599983215332,39.93000030517578,40.2599983215332,24.372920989990234,9963300
2017-12-29,40.2599983215332,40.2599983215332,40.2599983215332,40.2599983215332,24.372920989990234,0
2018-01-02,40.439998626708984,41.7400016784668,40.439998626708984,41.720001220703125,25.25678825378418,14156500
2018-01-03,41.83000183105469,41.880001068115234,41.29999923706055,41.470001220703125,25.10544204711914,12744200
2018-01-04,41.810001373291016,42.369998931884766,41.52000045776367,41.63999938964844,25.208354949951172,18433000
2018-01-05,41.56999969482422,42.290000915527344,41.310001373291016,42.290000915527344,25.60186004638672,15251300
2018-01-08,42.400001525878906,43.22999954223633,42.400001525878906,43.22999954223633,26.170921325683594,14542800
2018-01-09,43.58000183105469,43.75,42.93000030517578,43.06999969482422,26.074060440063477,15986200
2018-01-10,42.7400016784668,42.95000076293945,42.41999816894531,42.470001220703125,25.710826873779297,12149500
2018-01-11,42.599998474121094,43.29999923706055,42.599998474121094,43.29999923706055,26.213298797607422,10236300
2018-01-12,42.95000076293945,43.65999984741211,42.75,43.54999923706055,26.36465072631836,15014300
2018-01-15,43.5,43.720001220703125,43.27000045776367,43.470001220703125,26.31621551513672,7253400
2018-01-16,42.97999954223633,43.13999938964844,42.29999923706055,42.29999923706055,25.6079158782959,20121900
2018-01-17,42.400001525878906,43.220001220703125,42.36000061035156,43.150001525878906,26.12249755859375,16490700
2018-01-18,43.5,43.61000061035156,42.68000030517578,42.86000061035156,25.946931838989258,10772100
2018-01-19,43.20000076293945,43.400001525878906,42.599998474121094,42.880001068115234,25.95903968811035,11173100
2018-01-22,43.099998474121094,43.15999984741211,42.220001220703125,42.650001525878906,25.819801330566406,11580900
2018-01-23,41.9900016784668,42.11000061035156,40.810001373291016,40.93000030517578,24.778535842895508,22075600
2018-01-24,41.209999084472656,42.130001068115234,41.13999938964844,41.779998779296875,25.29311752319336,22096600
2018-01-25,41.779998779296875,41.779998779296875,41.779998779296875,41.779998779296875,25.29311752319336,0
2018-01-26,41.849998474121094,41.880001068115234,40.709999084472656,41.43000030517578,25.08122444152832,19259500
2018-01-29,41.099998474121094,42.2400016784668,41.040000915527344,41.88999938964844,25.35970687866211,16752900
2018-01-30,41.70000076293945,41.959999084472656,41.22999954223633,41.470001220703125,25.10544204711914,13180300
2018-01-31,41.75,42.68000030517578,41.45000076293945,41.45000076293945,25.093334197998047,22859700
2018-02-01,41.599998474121094,42.470001220703125,41.56999969482422,41.790000915527344,25.29916763305664,21949700
2018-02-02,41.650001525878906,41.650001525878906,40.75,40.79999923706055,24.699831008911133,17892300
2018-02-05,40.599998474121094,42.040000915527344,40.33000183105469,40.349998474121094,24.42740249633789,22452800
2018-02-06,40.0099983215332,42.470001220703125,39.93000030517578,42.470001220703125,25.710826873779297,26037000
2018-02-07,42.43000030517578,42.720001220703125,41.70000076293945,41.709999084472656,25.250736236572266,20560700
2018-02-08,41.689998626708984,42.130001068115234,41.06999969482422,41.59000015258789,25.178091049194336,18928800
2018-02-09,41.400001525878906,42.400001525878906,41.029998779296875,42.0,25.426294326782227,22760500
2018-02-14,43.400001525878906,44.54999923706055,43.2599983215332,44.5099983215332,26.945817947387695,25905800
2018-02-15,45.0099983215332,45.959999084472656,44.95000076293945,45.95000076293945,27.81757926940918,31043100
2018-02-16,45.81999969482422,46.189998626708984,45.470001220703125,46.029998779296875,27.86600685119629,21107300
2018-02-19,46.099998474121094,46.79999923706055,45.959999084472656,46.45000076293945,28.12027359008789,12756100
2018-02-20,46.04999923706055,46.45000076293945,45.2400016784668,45.5099983215332,27.551204681396484,18417600
2018-02-21,45.5099983215332,45.959999084472656,44.709999084472656,44.79999923706055,27.121381759643555,24312600
2018-02-22,45.22999954223633,45.68000030517578,45.119998931884766,45.66999816894531,27.648073196411133,14081800
2018-02-23,46.0,46.40999984741211,45.650001525878906,46.08000183105469,27.89628028869629,17489800
2018-02-26,46.7400016784668,47.400001525878906,46.689998626708984,47.400001525878906,28.69538688659668,20374600
2018-02-27,47.470001220703125,47.599998474121094,46.709999084472656,47.33000183105469,28.653013229370117,15063400
2018-02-28,46.9900016784668,47.09000015258789,44.650001525878906,45.04999923706055,27.272733688354492,39459100
2018-03-01,45.209999084472656,45.630001068115234,43.970001220703125,44.45000076293945,26.909496307373047,25776000
2018-03-02,43.79999923706055,43.880001068115234,42.7400016784668,43.75,26.4857234954834,25236200
2018-03-05,43.47999954223633,43.939998626708984,42.880001068115234,43.70000076293945,26.455453872680664,16100600
2018-03-06,44.5,44.91999816894531,43.41999816894531,43.4900016784668,26.328327178955078,22342000
2018-03-07,42.5099983215332,43.02000045776367,42.20000076293945,42.849998474121094,26.235572814941406,19334700
2018-03-08,42.68000030517578,42.790000915527344,41.25,41.459999084472656,25.384523391723633,19983100
2018-03-09,40.970001220703125,42.27000045776367,40.5099983215332,42.099998474121094,25.77637481689453,21077800
2018-03-12,42.290000915527344,42.630001068115234,41.939998626708984,42.459999084472656,25.996789932250977,11838200
2018-03-13,42.7400016784668,42.79999923706055,42.04999923706055,42.130001068115234,25.794742584228516,13838900
2018-03-14,42.849998474121094,43.34000015258789,42.56999969482422,42.599998474121094,26.082508087158203,17936000
2018-03-15,42.70000076293945,42.81999969482422,42.130001068115234,42.400001525878906,25.960054397583008,16039100
2018-03-16,42.400001525878906,42.599998474121094,42.04999923706055,42.29999923706055,25.898832321166992,26802000
2018-03-19,41.52000045776367,41.52000045776367,40.66999816894531,41.099998474121094,25.164104461669922,21861500
2018-03-20,41.099998474121094,41.91999816894531,40.93000030517578,41.599998474121094,25.470243453979492,9322500
2018-03-21,41.75,42.689998626708984,41.43000030517578,42.5,26.021286010742188,19798000
2018-03-22,41.939998626708984,42.25,41.619998931884766,41.93000030517578,25.672286987304688,15229500
2018-03-23,41.2400016784668,42.20000076293945,41.0099983215332,41.599998474121094,25.470243453979492,14983200
2018-03-26,42.0,42.380001068115234,41.61000061035156,42.0,25.71514892578125,9850900
2018-03-27,42.38999938964844,42.38999938964844,40.720001220703125,40.86000061035156,25.017168045043945,11659800
2018-03-28,40.61000061035156,41.70000076293945,40.060001373291016,41.540000915527344,25.43350601196289,19038400
2018-03-29,41.869998931884766,42.75,41.7400016784668,42.209999084472656,25.84372329711914,20347700
2018-04-02,42.31999969482422,43.470001220703125,42.31999969482422,43.0,26.327417373657227,18944000
2018-04-03,43.400001525878906,43.54999923706055,42.439998626708984,42.869998931884766,26.24781608581543,13693900
2018-04-04,41.79999923706055,42.599998474121094,41.59000015258789,42.54999923706055,26.051889419555664,12440000
2018-04-05,43.310001373291016,43.689998626708984,43.029998779296875,43.25,26.48048210144043,14686600
2018-04-06,42.90999984741211,43.099998474121094,42.25,42.7400016784668,26.168224334716797,11282700
2018-04-09,43.06999969482422,43.22999954223633,42.209999084472656,42.95000076293945,26.29680061340332,11918100
2018-04-10,43.79999923706055,44.84000015258789,43.66999816894531,44.84000015258789,27.4539794921875,22479700
2018-04-11,44.560001373291016,45.060001373291016,44.220001220703125,44.63999938964844,27.331531524658203,17709600
2018-04-12,44.41999816894531,44.86000061035156,44.31999969482422,44.810001373291016,27.43561553955078,9812400
2018-04-13,44.849998474121094,45.16999816894531,44.599998474121094,44.97999954223633,27.539697647094727,15483300
2018-04-16,44.61000061035156,44.849998474121094,44.310001373291016,44.540000915527344,27.27029800415039,11434200
2018-04-17,44.599998474121094,46.0,44.560001373291016,45.93000030517578,28.121353149414062,13348000
2018-04-18,47.0,48.08000183105469,46.849998474121094,47.47999954223633,29.070362091064453,27655600
2018-04-19,47.779998779296875,48.16999816894531,47.400001525878906,47.83000183105469,29.284658432006836,16092700
2018-04-20,47.7599983215332,47.900001525878906,47.33000183105469,47.630001068115234,29.162202835083008,10188600
2018-04-23,47.220001220703125,47.97999954223633,47.060001373291016,47.5,29.082611083984375,11785300
2018-04-24,47.70000076293945,48.59000015258789,47.70000076293945,48.310001373291016,29.578540802001953,15113400
2018-04-25,47.75,48.4900016784668,47.439998626708984,47.95000076293945,29.358131408691406,15525500
2018-04-26,47.70000076293945,49.0,47.619998931884766,48.70000076293945,29.817325592041016,13273500
2018-04-27,48.900001525878906,49.150001525878906,47.86000061035156,48.349998474121094,29.603031158447266,14624200
2018-04-30,48.2599983215332,48.83000183105469,48.150001525878906,48.66999816894531,29.79895782470703,8464400
2018-05-02,48.5,49.31999969482422,48.41999816894531,48.709999084472656,29.82344627380371,16526500
2018-05-03,48.810001373291016,49.33000183105469,48.58000183105469,49.09000015258789,30.05611228942871,14025900
2018-05-04,48.91999816894531,49.900001525878906,48.91999816894531,49.70000076293945,30.429595947265625,14861100
2018-05-07,49.720001220703125,50.040000915527344,49.11000061035156,49.2400016784668,30.147953033447266,15433900
2018-05-08,49.25,49.68000030517578,48.90999984741211,49.189998626708984,30.11733055114746,22420400
2018-05-09,49.41999816894531,50.41999816894531,49.33000183105469,50.25,30.766338348388672,16776100
2018-05-10,50.40999984741211,51.400001525878906,50.380001068115234,51.400001525878906,31.470449447631836,14314200
2018-05-11,51.77000045776367,53.58000183105469,51.75,52.630001068115234,32.22352981567383,21432500
2018-05-14,53.08000183105469,54.400001525878906,53.0,54.27000045776367,33.22764587402344,15847800
2018-05-15,53.810001373291016,54.650001525878906,53.18000030517578,54.650001525878906,33.460304260253906,15954500
2018-05-16,55.33000183105469,56.0,55.13999938964844,55.900001525878906,34.225643157958984,20944200
2018-05-17,55.29999923706055,55.79999923706055,54.75,55.380001068115234,33.90726089477539,20241200
2018-05-18,54.70000076293945,55.5,53.45000076293945,54.77000045776367,33.533782958984375,22361100
2018-05-21,55.0099983215332,55.099998474121094,53.0,53.0,32.45006561279297,22608800
2018-05-22,52.869998931884766,53.060001373291016,51.869998931884766,52.34000015258789,32.04596710205078,20491700
2018-05-23,51.79999923706055,52.2400016784668,51.25,51.939998626708984,31.801071166992188,15703000
2018-05-24,51.31999969482422,53.0,51.2599983215332,52.459999084472656,32.119441986083984,14500200
2018-05-25,52.58000183105469,52.790000915527344,51.04999923706055,51.47999954223633,31.519426345825195,13141500
2018-05-28,50.900001525878906,52.459999084472656,50.709999084472656,51.06999969482422,31.268396377563477,13832600
2018-05-29,51.970001220703125,52.060001373291016,49.9900016784668,50.15999984741211,30.711238861083984,18697800
2018-05-30,50.209999084472656,51.349998474121094,49.70000076293945,50.630001068115234,30.999000549316406,25861400
2018-06-01,50.900001525878906,53.08000183105469,50.650001525878906,52.7599983215332,32.30311584472656,20424100
2018-06-04,53.18000030517578,53.45000076293945,51.7599983215332,52.52000045776367,32.15618133544922,13964100
2018-06-05,52.5,54.0,52.5,53.72999954223633,32.89701843261719,16988600
2018-06-06,54.5,56.22999954223633,54.4900016784668,56.06999969482422,34.3297233581543,26835500
2018-06-07,56.459999084472656,56.75,53.06999969482422,54.369998931884766,33.28887176513672,32389900
2018-06-08,53.9900016784668,53.9900016784668,50.65999984741211,50.88999938964844,31.158191680908203,30421100
2018-06-11,51.369998931884766,52.0,50.59000015258789,50.849998474121094,31.13369369506836,14362000
2018-06-12,50.5,52.36000061035156,50.15999984741211,51.70000076293945,31.654125213623047,18403200
2018-06-13,51.97999954223633,52.2400016784668,50.72999954223633,51.54999923706055,31.562280654907227,15599000
2018-06-14,51.869998931884766,51.88999938964844,50.75,51.709999084472656,31.660245895385742,18827200
2018-06-15,51.400001525878906,51.439998626708984,48.70000076293945,49.130001068115234,30.080598831176758,36611400
2018-06-18,48.619998931884766,49.290000915527344,47.86000061035156,49.209999084472656,30.12957763671875,20490400
2018-06-19,47.70000076293945,48.75,47.029998779296875,48.29999923706055,29.572420120239258,26764800
2018-06-20,49.04999923706055,49.08000183105469,48.06999969482422,48.810001373291016,29.884674072265625,14448400
2018-06-21,48.5099983215332,49.20000076293945,47.040000915527344,47.209999084472656,28.905052185058594,13952800
2018-06-22,48.150001525878906,48.470001220703125,47.47999954223633,48.0099983215332,29.394865036010742,9632500
2018-06-25,47.70000076293945,47.79999923706055,46.2599983215332,47.15999984741211,28.87443733215332,13800400
2018-06-26,47.5,48.34000015258789,46.630001068115234,48.34000015258789,29.596914291381836,15460100
2018-06-27,48.47999954223633,49.279998779296875,47.900001525878906,48.150001525878906,29.480579376220703,14471100
2018-06-28,47.849998474121094,49.439998626708984,47.5,49.06999969482422,30.04386329650879,16298400
2018-06-29,49.70000076293945,50.099998474121094,49.04999923706055,49.59000015258789,30.36224365234375,12248000
2018-07-02,48.88999938964844,49.189998626708984,48.52000045776367,48.7599983215332,29.854061126708984,8222800
2018-07-03,49.29999923706055,49.4900016784668,47.959999084472656,47.959999084472656,29.36425018310547,11486600
2018-07-04,48.16999816894531,48.369998931884766,47.599998474121094,48.029998779296875,29.4071102142334,6147000
2018-07-05,48.54999923706055,49.77000045776367,48.310001373291016,49.70000076293945,30.429595947265625,12179600
2018-07-06,49.790000915527344,50.439998626708984,49.38999938964844,50.34000015258789,30.821443557739258,8582200
2018-07-10,50.70000076293945,51.099998474121094,49.349998474121094,49.529998779296875,30.32550048828125,10935700
2018-07-11,48.5,49.099998474121094,48.45000076293945,48.86000061035156,29.91529083251953,12912600
2018-07-12,49.349998474121094,50.66999816894531,48.959999084472656,50.45000076293945,30.888792037963867,20765500
2018-07-13,50.599998474121094,50.88999938964844,49.93000030517578,50.310001373291016,30.803075790405273,15555400
2018-07-16,50.310001373291016,50.599998474121094,49.599998474121094,50.0,30.613271713256836,12550000
2018-07-17,50.130001068115234,51.02000045776367,49.70000076293945,50.70000076293945,31.04185676574707,11553600
2018-07-18,51.150001525878906,51.66999816894531,50.81999969482422,51.45000076293945,31.501056671142578,9762900
2018-07-19,50.709999084472656,50.75,49.060001373291016,49.43000030517578,30.26427459716797,20977000
2018-07-20,49.59000015258789,49.86000061035156,48.630001068115234,48.720001220703125,29.829574584960938,16788900
2018-07-23,49.08000183105469,50.130001068115234,48.529998779296875,49.599998474121094,30.368364334106445,8554600
2018-07-24,51.91999816894531,52.38999938964844,51.310001373291016,51.310001373291016,31.415342330932617,20910300
2018-07-25,51.459999084472656,51.75,50.7400016784668,51.75,31.68473243713379,15263700
2018-07-26,52.470001220703125,53.18000030517578,52.400001525878906,52.779998779296875,32.31536865234375,54299500
2018-07-27,53.47999954223633,53.66999816894531,53.25,53.45000076293945,32.725589752197266,21543400
2018-07-30,53.70000076293945,54.349998474121094,53.560001373291016,54.33000183105469,33.26438522338867,15527200
2018-07-31,54.20000076293945,54.97999954223633,54.04999923706055,54.84000015258789,33.57664108276367,15921000
2018-08-01,53.400001525878906,53.77000045776367,53.02000045776367,53.060001373291016,32.48679733276367,36906000
2018-08-02,52.09000015258789,53.09000015258789,51.5,52.84000015258789,32.35210418701172,19796400
2018-08-03,52.310001373291016,52.939998626708984,51.33000183105469,52.54999923706055,33.1019287109375,15607700
2018-08-06,52.099998474121094,52.90999984741211,52.0,52.400001525878906,33.0074462890625,11904900
2018-08-07,53.38999938964844,53.650001525878906,52.630001068115234,52.75,33.22791290283203,19065600
2018-08-08,53.29999923706055,53.33000183105469,52.2599983215332,52.400001525878906,33.0074462890625,13076000
2018-08-09,52.5,53.040000915527344,51.72999954223633,51.84000015258789,32.65468978881836,12752800
2018-08-10,51.40999984741211,51.90999984741211,50.720001220703125,51.709999084472656,32.57280349731445,14630800
2018-08-13,52.06999969482422,52.689998626708984,51.7400016784668,52.279998779296875,32.93185043334961,14720600
2018-08-14,52.099998474121094,52.90999984741211,51.77000045776367,52.7599983215332,33.23420333862305,17475600
2018-08-15,51.599998474121094,51.97999954223633,50.349998474121094,50.40999984741211,31.753915786743164,26625700
2018-08-16,50.900001525878906,51.029998779296875,49.630001068115234,49.720001220703125,31.319276809692383,20125600
2018-08-17,49.529998779296875,51.189998626708984,49.22999954223633,50.79999923706055,31.999584197998047,17343200
2018-08-20,51.099998474121094,51.77000045776367,51.040000915527344,51.439998626708984,32.4027214050293,14783600
2018-08-21,51.15999984741211,52.099998474121094,51.02000045776367,51.72999954223633,32.58539962768555,13378300
2018-08-22,51.650001525878906,53.29999923706055,51.630001068115234,53.29999923706055,33.57435989379883,13073500
2018-08-23,53.099998474121094,53.52000045776367,52.650001525878906,53.349998474121094,33.60585403442383,12263000
2018-08-24,53.599998474121094,54.459999084472656,53.54999923706055,54.150001525878906,34.10978698730469,10971100
2018-08-27,54.16999816894531,55.66999816894531,54.16999816894531,55.66999816894531,35.067256927490234,11205300
2018-08-28,55.93000030517578,56.40999984741211,55.06999969482422,55.650001525878906,35.05466079711914,17875600
2018-08-29,55.25,56.15999984741211,55.13999938964844,55.220001220703125,34.78379821777344,10292800
2018-08-30,55.29999923706055,55.88999938964844,54.400001525878906,54.56999969482422,34.374351501464844,14432500
2018-08-31,54.52000045776367,54.79999923706055,53.310001373291016,53.619998931884766,33.77593231201172,15000000
2018-09-03,53.29999923706055,54.16999816894531,53.209999084472656,54.04999923706055,34.04679870605469,4356600
2018-09-04,53.599998474121094,53.790000915527344,52.0,52.0,32.75547409057617,10521800
2018-09-05,52.08000183105469,52.63999938964844,51.75,52.150001525878906,32.84996795654297,7100000
2018-09-06,52.790000915527344,53.869998931884766,52.400001525878906,53.47999954223633,33.687744140625,12479400
2018-09-10,53.90999984741211,54.040000915527344,52.959999084472656,53.220001220703125,33.52396774291992,9341300
2018-09-11,52.61000061035156,52.9900016784668,52.130001068115234,52.59000015258789,33.12712860107422,10347800
2018-09-12,53.0,53.709999084472656,52.18000030517578,53.45000076293945,33.66884994506836,14230800
2018-09-13,53.70000076293945,54.43000030517578,53.52000045776367,53.779998779296875,33.87671661376953,14353500
2018-09-14,54.099998474121094,55.22999954223633,54.04999923706055,55.20000076293945,34.771202087402344,17021500
2018-09-17,55.29999923706055,55.56999969482422,54.790000915527344,55.040000915527344,34.670413970947266,12096900
2018-09-18,55.630001068115234,57.470001220703125,55.5099983215332,57.34000015258789,36.11921310424805,20647900
2018-09-19,57.61000061035156,58.939998626708984,57.529998779296875,58.58000183105469,36.90030288696289,12451900
2018-09-20,59.209999084472656,59.61000061035156,58.43000030517578,59.31999969482422,37.36643600463867,11264600
2018-09-21,59.88999938964844,61.0099983215332,59.599998474121094,61.0099983215332,38.43098831176758,23057600
2018-09-24,60.849998474121094,61.25,60.150001525878906,60.20000076293945,37.92076110839844,9008600
2018-09-25,60.0,62.220001220703125,59.86000061035156,62.20000076293945,39.18058776855469,16840000
2018-09-26,62.20000076293945,62.41999816894531,59.75,60.0099983215332,37.80107879638672,24600600
2018-09-27,60.220001220703125,60.75,58.61000061035156,59.47999954223633,37.467227935791016,20631400
2018-09-28,58.849998474121094,60.290000915527344,58.849998474121094,59.81999969482422,37.681392669677734,14753000
2018-10-01,59.68000030517578,60.56999969482422,59.08000183105469,60.400001525878906,38.046749114990234,8976500
2018-10-02,60.869998931884766,61.7400016784668,60.47999954223633,61.20000076293945,38.55067825317383,20530200
2018-10-03,62.0099983215332,62.189998626708984,59.31999969482422,59.95000076293945,37.763282775878906,26674700
2018-10-04,59.9900016784668,60.34000015258789,58.66999816894531,58.79999923706055,37.03888702392578,14396500
2018-10-05,57.849998474121094,58.310001373291016,57.22999954223633,57.4900016784668,36.21370315551758,20202600
2018-10-08,57.0,57.56999969482422,55.2599983215332,57.04999923706055,35.9365348815918,26384200
2018-10-09,57.400001525878906,58.31999969482422,56.720001220703125,57.70000076293945,36.34598159790039,17830500
2018-10-10,57.380001068115234,58.13999938964844,55.88999938964844,55.88999938964844,35.20583724975586,14135900
2018-10-11,56.439998626708984,57.15999984741211,55.619998931884766,56.47999954223633,35.577491760253906,15976400
2018-10-15,56.95000076293945,58.45000076293945,56.84000015258789,57.66999816894531,36.327083587646484,16290900
2018-10-16,57.939998626708984,58.849998474121094,57.25,57.70000076293945,36.34598159790039,15825800
2018-10-17,58.34000015258789,58.91999816894531,57.75,58.79999923706055,37.03888702392578,21832000
2018-10-18,58.849998474121094,58.849998474121094,56.31999969482422,56.5,35.590091705322266,17237800
2018-10-19,57.099998474121094,57.529998779296875,56.36000061035156,56.529998779296875,35.608978271484375,13429700
2018-10-22,57.70000076293945,58.41999816894531,57.029998779296875,58.369998931884766,36.76802062988281,14084400
2018-10-23,57.310001373291016,57.54999923706055,56.0,56.75,35.747562408447266,20763100
2018-10-24,57.400001525878906,57.59000015258789,54.43000030517578,54.43000030517578,34.286170959472656,17954800
2018-10-25,55.970001220703125,56.040000915527344,53.79999923706055,54.61000061035156,34.39955520629883,29494700
2018-10-26,54.900001525878906,55.88999938964844,53.5099983215332,55.599998474121094,35.02316665649414,26630300
2018-10-29,54.029998779296875,54.38999938964844,52.599998474121094,53.099998474121094,33.4483757019043,26198300
2018-10-30,53.599998474121094,54.849998474121094,52.959999084472656,53.869998931884766,33.93341064453125,23799200
2018-10-31,54.349998474121094,56.709999084472656,54.27000045776367,56.709999084472656,35.72236633300781,26626000
2018-11-01,56.75,58.2599983215332,55.52000045776367,57.5,36.219993591308594,20420000
2018-11-05,57.61000061035156,58.0,57.040000915527344,57.529998779296875,36.23889923095703,15491800
2018-11-06,57.0,57.849998474121094,56.560001373291016,57.22999954223633,36.049922943115234,11211000
2018-11-07,57.790000915527344,58.150001525878906,57.400001525878906,57.59000015258789,36.27668762207031,12982500
2018-11-08,57.779998779296875,58.77000045776367,57.02000045776367,57.02000045776367,35.91763687133789,16743700
2018-11-09,56.5,57.0,54.130001068115234,54.650001525878906,34.42474365234375,29209700
2018-11-12,55.099998474121094,55.45000076293945,54.400001525878906,54.849998474121094,34.55073165893555,15985200
2018-11-13,54.900001525878906,56.27000045776367,54.349998474121094,56.27000045776367,35.44520950317383,18790200
2018-11-14,55.209999084472656,55.66999816894531,54.25,55.15999984741211,34.746002197265625,28360900
2018-11-16,55.849998474121094,56.349998474121094,55.150001525878906,56.150001525878906,35.3696174621582,19633700
2018-11-19,56.150001525878906,56.279998779296875,54.810001373291016,55.369998931884766,34.87828063964844,12979700
2018-11-21,54.150001525878906,54.54999923706055,53.709999084472656,54.529998779296875,34.34916687011719,18590600
2018-11-22,54.689998626708984,54.720001220703125,53.75,54.040000915527344,34.04050064086914,9255400
2018-11-23,53.38999938964844,53.38999938964844,50.349998474121094,50.349998474121094,31.71611785888672,33531500
2018-11-26,49.95000076293945,51.09000015258789,49.0,50.119998931884766,31.571247100830078,30327300
2018-11-27,49.689998626708984,50.4900016784668,49.099998474121094,49.91999816894531,31.44525718688965,25582700
2018-11-28,50.5,52.31999969482422,50.220001220703125,52.29999923706055,32.944454193115234,29038300
2018-11-29,51.91999816894531,52.72999954223633,51.130001068115234,52.0,32.75547409057617,23362000
2018-11-30,51.560001373291016,53.689998626708984,51.560001373291016,52.79999923706055,33.25940704345703,29502000
2018-12-03,55.599998474121094,55.68000030517578,53.7400016784668,54.11000061035156,34.0845947265625,32418200
2018-12-04,54.349998474121094,54.52000045776367,52.5,52.880001068115234,33.30979919433594,26844200
2018-12-05,53.29999923706055,53.47999954223633,52.43000030517578,52.79999923706055,33.25940704345703,9656100
2018-12-06,51.70000076293945,52.599998474121094,51.06999969482422,52.29999923706055,32.944454193115234,21376400
2018-12-07,52.47999954223633,53.2599983215332,51.09000015258789,51.290000915527344,32.308231353759766,19472100
2018-12-10,51.119998931884766,51.63999938964844,50.189998626708984,50.20000076293945,31.62163543701172,14331300
2018-12-11,51.150001525878906,51.7400016784668,50.25,50.599998474121094,31.873598098754883,19443900
2018-12-12,51.150001525878906,51.400001525878906,50.349998474121094,50.369998931884766,31.72871971130371,15808900
2018-12-13,50.849998474121094,51.279998779296875,50.25,50.599998474121094,31.873598098754883,15149000
2018-12-14,50.380001068115234,51.189998626708984,49.849998474121094,50.880001068115234,32.04997634887695,16910700
2018-12-17,51.900001525878906,52.27000045776367,51.029998779296875,51.25,32.28304672241211,21401300
2018-12-18,51.349998474121094,52.189998626708984,51.349998474121094,51.439998626708984,32.4027214050293,18988400
2018-12-19,51.79999923706055,52.400001525878906,50.0099983215332,50.0099983215332,31.501953125,24414200
2018-12-20,50.7400016784668,51.16999816894531,49.45000076293945,49.810001373291016,31.37596893310547,25323700
2018-12-21,50.279998779296875,51.25,50.220001220703125,50.86000061035156,32.03738021850586,28272600
2018-12-26,50.11000061035156,50.70000076293945,49.400001525878906,50.439998626708984,31.772809982299805,13356400
2018-12-27,50.099998474121094,50.38999938964844,49.279998779296875,49.5,31.18069076538086,14332000
2018-12-28,50.310001373291016,51.20000076293945,50.25,51.0,32.12556838989258,11914300
2019-01-02,50.0099983215332,51.369998931884766,49.790000915527344,51.09000015258789,32.182254791259766,17319600
2019-01-03,50.79999923706055,50.939998626708984,48.400001525878906,49.0,30.865734100341797,30120000
2019-01-04,49.81999969482422,52.45000076293945,49.81999969482422,52.189998626708984,32.87515640258789,43360100
2019-01-07,52.869998931884766,53.650001525878906,51.720001220703125,51.90999984741211,32.69878387451172,20998900
2019-01-08,52.20000076293945,52.79999923706055,51.619998931884766,52.40999984741211,33.01374435424805,19925600
2019-01-09,53.15999984741211,54.060001373291016,52.83000183105469,53.689998626708984,33.82003402709961,27695500
2019-01-10,53.22999954223633,53.290000915527344,52.27000045776367,53.099998474121094,33.4483757019043,18113600
2019-01-11,53.2599983215332,53.459999084472656,52.380001068115234,52.380001068115234,32.99483871459961,12360400
2019-01-14,51.97999954223633,52.70000076293945,51.43000030517578,52.599998474121094,33.1334228515625,14626300
2019-01-15,52.849998474121094,53.20000076293945,51.869998931884766,52.349998474121094,32.9759407043457,14480300
2019-01-16,52.400001525878906,52.81999969482422,52.20000076293945,52.650001525878906,33.164920806884766,15375100
2019-01-17,52.439998626708984,54.709999084472656,52.27000045776367,54.22999954223633,34.16018295288086,25525500
2019-01-18,54.95000076293945,55.599998474121094,54.25,54.7599983215332,34.49403762817383,25815900
2019-01-21,54.849998474121094,55.349998474121094,54.38999938964844,55.279998779296875,34.821590423583984,10676600
2019-01-22,54.47999954223633,55.08000183105469,54.349998474121094,55.08000183105469,34.69561004638672,17154300
2019-01-23,55.459999084472656,55.900001525878906,55.33000183105469,55.650001525878906,35.05466079711914,13470400
2019-01-24,55.79999923706055,56.20000076293945,55.5,56.150001525878906,35.3696174621582,14118200
2019-01-28,45.0,45.0,42.36000061035156,42.36000061035156,26.68311882019043,183534500
2019-01-29,43.27000045776367,44.689998626708984,42.599998474121094,42.7400016784668,26.922481536865234,68335900
2019-01-30,46.25,46.79999923706055,44.97999954223633,46.599998474121094,29.353946685791016,67892500
2019-01-31,46.9900016784668,47.439998626708984,45.5,45.5,28.661035537719727,39814600
2019-02-01,45.720001220703125,46.33000183105469,45.58000183105469,46.25,29.133472442626953,21286700
2019-02-04,46.0,46.099998474121094,44.04999923706055,44.68000030517578,28.144508361816406,35888900
2019-02-05,44.45000076293945,45.209999084472656,43.810001373291016,44.52000045776367,28.043725967407227,21992300
2019-02-06,44.0,44.400001525878906,42.459999084472656,42.459999084472656,26.74610710144043,29257400
2019-02-07,42.150001525878906,42.790000915527344,41.209999084472656,41.59000015258789,26.19808578491211,31403200
2019-02-08,40.63999938964844,43.59000015258789,40.5099983215332,43.15999984741211,27.187044143676758,48169600
2019-02-11,43.86000061035156,44.04999923706055,41.88999938964844,42.02000045776367,26.468950271606445,30697300
2019-02-12,42.5,44.33000183105469,42.04999923706055,44.29999923706055,27.905147552490234,36421200
2019-02-13,44.310001373291016,45.9900016784668,44.29999923706055,45.4900016784668,28.65474510192871,38153200
2019-02-14,45.38999938964844,45.939998626708984,45.04999923706055,45.65999984741211,28.761831283569336,24055400
2019-02-15,45.400001525878906,46.02000045776367,45.189998626708984,45.880001068115234,28.90041160583496,27877700
2019-02-18,45.790000915527344,46.150001525878906,44.900001525878906,45.25,28.503564834594727,18777400
2019-02-19,45.5,45.939998626708984,45.22999954223633,45.4900016784668,28.65474510192871,20523500
2019-02-20,45.900001525878906,46.08000183105469,44.939998626708984,45.79999923706055,28.850017547607422,25493000
2019-02-21,45.84000015258789,46.09000015258789,45.130001068115234,45.380001068115234,28.5854549407959,21401300
2019-02-22,45.70000076293945,47.060001373291016,45.56999969482422,46.9900016784668,29.599611282348633,17580700
2019-02-25,47.349998474121094,47.75,46.400001525878906,47.119998931884766,29.681501388549805,16801500
2019-02-26,46.790000915527344,47.290000915527344,46.599998474121094,47.20000076293945,29.731895446777344,10362900
2019-02-27,47.25,47.25,46.34000015258789,46.83000183105469,29.49883270263672,15004800
2019-02-28,46.58000183105469,47.099998474121094,46.099998474121094,47.099998474121094,29.668901443481445,17877800
2019-03-01,47.290000915527344,47.5,44.54999923706055,46.7400016784668,29.4421329498291,29872100
2019-03-06,47.43000030517578,48.04999923706055,47.189998626708984,48.04999923706055,30.267318725585938,15244200
2019-03-07,47.83000183105469,48.959999084472656,47.720001220703125,48.86000061035156,30.777549743652344,21112500
2019-03-08,48.2599983215332,48.88999938964844,47.650001525878906,48.849998474121094,30.7712459564209,25446000
2019-03-11,48.900001525878906,49.95000076293945,48.61000061035156,49.880001068115234,31.42006492614746,20201600
2019-03-12,49.79999923706055,50.33000183105469,49.54999923706055,49.970001220703125,31.47675323486328,15591300
2019-03-13,49.939998626708984,51.0,49.70000076293945,50.70000076293945,31.936588287353516,21999200
2019-03-14,50.79999923706055,50.93000030517578,50.20000076293945,50.709999084472656,31.94289207458496,17257400
2019-03-15,50.79999923706055,51.2400016784668,50.400001525878906,50.54999923706055,31.842100143432617,26054400
2019-03-18,50.25,50.66999816894531,49.83000183105469,50.459999084472656,31.785415649414062,23021400
2019-03-19,50.70000076293945,52.38999938964844,50.59000015258789,51.900001525878906,32.69248962402344,32034400
2019-03-20,51.45000076293945,51.68000030517578,50.400001525878906,50.560001373291016,31.84840202331543,25667000
2019-03-21,50.529998779296875,51.470001220703125,50.5099983215332,50.88999938964844,32.05628204345703,19660000
2019-03-22,50.470001220703125,51.33000183105469,49.70000076293945,50.04999923706055,31.527145385742188,25714700
2019-03-25,49.599998474121094,50.310001373291016,49.15999984741211,49.54999923706055,31.21218490600586,15897500
2019-03-26,49.810001373291016,50.70000076293945,49.79999923706055,50.279998779296875,31.67203140258789,13413800
2019-03-27,50.04999923706055,50.7400016784668,49.310001373291016,49.599998474121094,31.243684768676758,20805100
2019-03-28,50.5099983215332,50.599998474121094,48.619998931884766,49.29999923706055,31.054704666137695,28490000
2019-03-29,49.95000076293945,51.599998474121094,49.95000076293945,50.93000030517578,32.08146667480469,25118100
2019-04-01,52.349998474121094,53.04999923706055,52.099998474121094,52.599998474121094,33.1334228515625,25392200
2019-04-02,53.04999923706055,53.29999923706055,51.630001068115234,51.630001068115234,32.52241134643555,21442400
2019-04-03,52.779998779296875,52.83000183105469,51.61000061035156,51.779998779296875,32.61689376831055,21477200
2019-04-04,52.0,52.459999084472656,51.619998931884766,52.15999984741211,32.85626220703125,14145700
2019-04-05,52.20000076293945,52.36000061035156,51.70000076293945,51.97999954223633,32.742881774902344,8359200
2019-04-08,52.5,53.38999938964844,52.36000061035156,53.38999938964844,33.63105773925781,14400900
2019-04-09,53.18000030517578,53.29999923706055,52.29999923706055,52.349998474121094,32.9759407043457,14745400
2019-04-10,52.7400016784668,52.7400016784668,51.52000045776367,51.7599983215332,32.60429763793945,15608000
2019-04-11,51.5,51.86000061035156,50.93000030517578,51.790000915527344,32.62318801879883,10274300
2019-04-12,52.09000015258789,52.720001220703125,51.310001373291016,51.47999954223633,32.42792510986328,16905900
2019-04-15,51.59000015258789,51.720001220703125,50.779998779296875,51.33000183105469,32.33343505859375,15787300
2019-04-16,51.27000045776367,53.15999984741211,50.84000015258789,53.099998474121094,33.4483757019043,18935600
2019-04-17,53.15999984741211,53.79999923706055,51.70000076293945,52.25,32.91295623779297,26483700
2019-04-18,52.20000076293945,52.970001220703125,52.0099983215332,52.58000183105469,33.12082290649414,10706000
2019-04-22,51.95000076293945,52.0,50.79999923706055,51.29999923706055,32.314537048339844,16324700
2019-04-23,51.59000015258789,51.91999816894531,51.279998779296875,51.91999816894531,32.7050895690918,9890800
2019-04-24,51.54999923706055,51.7400016784668,50.15999984741211,50.36000061035156,31.722421646118164,19992800
2019-04-25,50.22999954223633,50.43000030517578,49.380001068115234,50.33000183105469,31.703523635864258,15916200
2019-04-26,50.47999954223633,50.650001525878906,49.52000045776367,50.41999816894531,31.760215759277344,10632700
2019-04-29,50.939998626708984,51.060001373291016,50.119998931884766,50.25,31.653127670288086,8729200
2019-04-30,50.220001220703125,50.689998626708984,49.7599983215332,50.099998474121094,31.558637619018555,11371400
2019-05-02,49.279998779296875,49.279998779296875,48.720001220703125,48.939998626708984,30.827943801879883,15906200
2019-05-03,49.45000076293945,50.630001068115234,49.38999938964844,50.400001525878906,31.747621536254883,10614000
2019-05-06,49.599998474121094,49.75,49.09000015258789,49.65999984741211,31.281482696533203,10437300
2019-05-07,49.349998474121094,49.70000076293945,48.720001220703125,49.70000076293945,31.306678771972656,15190600
2019-05-08,49.81999969482422,50.13999938964844,48.939998626708984,49.0,30.865734100341797,18474900
2019-05-09,49.0,49.0099983215332,48.04999923706055,48.540000915527344,30.575977325439453,12456600
2019-05-10,48.29999923706055,49.79999923706055,48.060001373291016,49.459999084472656,31.155498504638672,25272300
2019-05-13,48.529998779296875,48.75,47.43000030517578,47.43000030517578,29.876781463623047,18657700
2019-05-14,48.18000030517578,48.349998474121094,47.349998474121094,47.59000015258789,29.97756576538086,14183900
2019-05-15,47.150001525878906,48.45000076293945,47.02000045776367,47.95000076293945,30.204334259033203,18447400
2019-05-16,48.54999923706055,48.93000030517578,45.81999969482422,46.400001525878906,29.227968215942383,49247900
2019-05-17,46.400001525878906,47.720001220703125,46.29999923706055,47.720001220703125,30.0594482421875,34079700
2019-05-20,47.619998931884766,47.7400016784668,46.630001068115234,46.75,29.44843292236328,23909600
2019-05-21,47.099998474121094,47.959999084472656,46.09000015258789,47.40999984741211,29.864173889160156,32381300
2019-05-22,47.779998779296875,48.689998626708984,47.369998931884766,47.459999084472656,29.895671844482422,21087400
2019-05-23,47.06999969482422,47.900001525878906,46.41999816894531,47.81999969482422,30.122440338134766,15786300
2019-05-24,48.63999938964844,49.43000030517578,48.310001373291016,48.310001373291016,30.43109703063965,24936500
2019-05-27,49.0,50.25,48.900001525878906,50.189998626708984,31.615333557128906,17281600
2019-05-28,49.95000076293945,50.95000076293945,49.849998474121094,50.25,31.653127670288086,37041000
2019-05-29,49.52000045776367,49.849998474121094,49.150001525878906,49.70000076293945,31.306678771972656,17842500
2019-05-30,49.709999084472656,50.130001068115234,49.439998626708984,50.0099983215332,31.501953125,12877800
2019-05-31,49.5099983215332,51.0,48.709999084472656,49.0,30.865734100341797,28857900
2019-06-03,49.349998474121094,49.599998474121094,48.439998626708984,48.83000183105469,30.758649826049805,22451600
2019-06-04,49.18000030517578,49.349998474121094,48.29999923706055,49.11000061035156,30.935028076171875,19537300
2019-06-05,49.279998779296875,49.43000030517578,47.86000061035156,48.38999938964844,30.481487274169922,14392200
2019-06-06,48.88999938964844,48.939998626708984,48.310001373291016,48.79999923706055,30.7397518157959,10869100
2019-06-07,49.04999923706055,49.099998474121094,48.36000061035156,48.65999984741211,30.651565551757812,11626500
2019-06-10,48.95000076293945,49.22999954223633,48.33000183105469,48.34000015258789,30.449996948242188,11670100
2019-06-11,49.7599983215332,51.47999954223633,49.65999984741211,51.43000030517578,32.396427154541016,44669000
2019-06-12,51.54999923706055,52.09000015258789,50.93000030517578,51.4900016784668,32.43421936035156,24531300
2019-06-13,51.900001525878906,52.25,51.59000015258789,51.849998474121094,32.66098403930664,18058600
2019-06-14,51.70000076293945,51.81999969482422,51.150001525878906,51.400001525878906,32.377532958984375,20375200
2019-06-17,51.0,51.33000183105469,50.20000076293945,50.20000076293945,31.62163543701172,20551200
2019-06-18,51.0,52.41999816894531,51.0,52.0,32.75547409057617,27229300
2019-06-19,53.0,53.099998474121094,51.83000183105469,52.29999923706055,32.944454193115234,23746400
2019-06-21,52.75,52.93000030517578,52.099998474121094,52.439998626708984,33.03263854980469,20492800
2019-06-24,52.47999954223633,52.47999954223633,52.099998474121094,52.400001525878906,33.0074462890625,9338300
2019-06-25,52.189998626708984,52.470001220703125,51.34000015258789,51.380001068115234,32.36493682861328,12449700
2019-06-26,51.5,52.040000915527344,51.369998931884766,51.58000183105469,32.49091339111328,13277900
2019-06-27,52.150001525878906,52.150001525878906,51.52000045776367,51.70000076293945,32.566505432128906,14941500
2019-06-28,52.06999969482422,52.20000076293945,51.689998626708984,51.81999969482422,32.642093658447266,11106100
2019-07-01,53.099998474121094,53.790000915527344,53.099998474121094,53.650001525878906,33.79483413696289,22807300
2019-07-02,54.099998474121094,54.15999984741211,50.02000045776367,51.38999938964844,32.37123489379883,48452700
2019-07-03,51.77000045776367,51.970001220703125,51.150001525878906,51.290000915527344,32.308231353759766,19929700
2019-07-04,51.68000030517578,52.099998474121094,51.150001525878906,51.66999816894531,32.547607421875,16192600
2019-07-05,50.400001525878906,50.58000183105469,49.7599983215332,50.36000061035156,31.722421646118164,27847600
2019-07-08,50.650001525878906,51.599998474121094,50.459999084472656,50.95000076293945,32.09407043457031,12777600
2019-07-10,51.61000061035156,52.560001373291016,51.400001525878906,52.130001068115234,32.837364196777344,28106700
2019-07-11,51.869998931884766,52.5,51.720001220703125,52.04999923706055,32.7869758605957,18567500
2019-07-12,52.459999084472656,52.779998779296875,51.72999954223633,51.810001373291016,32.63579559326172,22248600
2019-07-15,52.459999084472656,52.93000030517578,52.25,52.689998626708984,33.19011306762695,20144200
2019-07-16,53.20000076293945,53.470001220703125,52.790000915527344,53.04999923706055,33.41688537597656,17393700
2019-07-17,52.9900016784668,53.119998931884766,52.459999084472656,52.689998626708984,33.19011306762695,13876700
2019-07-18,52.61000061035156,52.81999969482422,52.22999954223633,52.59000015258789,33.12712860107422,12217200
2019-07-19,52.810001373291016,53.22999954223633,52.54999923706055,52.720001220703125,33.20901870727539,11523100
2019-07-22,52.18000030517578,52.65999984741211,51.810001373291016,52.45000076293945,33.0389404296875,11348100
2019-07-23,52.400001525878906,52.599998474121094,51.7599983215332,51.7599983215332,32.60429763793945,11146800
2019-07-24,51.09000015258789,51.2599983215332,50.54999923706055,50.650001525878906,31.905094146728516,25121800
2019-07-25,51.0,51.119998931884766,50.099998474121094,50.4900016784668,31.80430793762207,12761900
2019-07-26,51.0,51.04999923706055,50.18000030517578,50.22999954223633,31.640533447265625,12604500
2019-07-29,50.29999923706055,50.599998474121094,49.79999923706055,50.2599983215332,31.6594295501709,8462200
2019-07-30,50.16999816894531,50.58000183105469,50.0099983215332,50.0099983215332,31.501953125,10182500
2019-07-31,50.380001068115234,50.54999923706055,49.220001220703125,49.810001373291016,31.37596893310547,23244900
2019-08-01,49.2400016784668,49.34000015258789,48.25,48.400001525878906,30.487796783447266,45701400
2019-08-02,48.20000076293945,48.290000915527344,47.40999984741211,47.84000015258789,30.13503646850586,19834300
2019-08-05,46.599998474121094,46.599998474121094,45.7599983215332,46.0,28.975997924804688,36490300
2019-08-06,46.459999084472656,46.970001220703125,46.290000915527344,46.619998931884766,29.366546630859375,21913400
2019-08-07,45.849998474121094,46.47999954223633,45.45000076293945,46.47999954223633,29.27835464477539,20828200
2019-08-08,47.29999923706055,47.4900016784668,46.91999816894531,47.18000030517578,29.719301223754883,24237600
2019-08-09,46.70000076293945,46.810001373291016,45.4900016784668,45.4900016784668,28.65474510192871,24707500
2019-08-12,45.150001525878906,45.9900016784668,45.029998779296875,45.15999984741211,28.446868896484375,16409000
2019-08-13,45.54999923706055,46.79999923706055,45.349998474121094,46.5,29.290950775146484,19989100
2019-08-14,45.97999954223633,45.97999954223633,44.72999954223633,44.880001068115234,28.270496368408203,24950100
2019-08-15,45.0099983215332,45.5,43.16999816894531,43.88999938964844,27.646881103515625,24570500
2019-08-16,44.45000076293945,44.70000076293945,43.47999954223633,43.689998626708984,27.52089500427246,19541100
2019-08-19,44.290000915527344,44.43000030517578,43.209999084472656,43.650001525878906,27.495698928833008,27533700
2019-08-20,43.5099983215332,44.4900016784668,42.900001525878906,43.84000015258789,27.615388870239258,16865100
2019-08-21,43.599998474121094,44.33000183105469,43.06999969482422,44.150001525878906,27.810657501220703,16171800
2019-08-22,44.380001068115234,44.380001068115234,43.54999923706055,43.88999938964844,27.646881103515625,12254400
2019-08-23,43.83000183105469,44.59000015258789,42.900001525878906,43.279998779296875,27.26263999938965,26087800
2019-08-26,43.4900016784668,43.650001525878906,42.540000915527344,42.79999923706055,26.960275650024414,13270500
2019-08-27,43.150001525878906,43.90999984741211,42.439998626708984,43.31999969482422,27.287832260131836,27809400
2019-08-28,43.310001373291016,44.16999816894531,43.040000915527344,43.47999954223633,27.38861656188965,13467000
2019-08-29,44.11000061035156,45.25,43.959999084472656,45.099998474121094,28.409076690673828,23487000
2019-08-30,45.9900016784668,46.33000183105469,45.27000045776367,45.56999969482422,28.705135345458984,27305700
2019-09-02,46.54999923706055,46.66999816894531,45.849998474121094,46.0099983215332,28.9822998046875,12757600
2019-09-03,46.0,46.04999923706055,45.34000015258789,45.52000045776367,28.673635482788086,13227000
2019-09-04,46.04999923706055,46.52000045776367,45.970001220703125,46.52000045776367,29.303558349609375,12439100
2019-09-05,46.95000076293945,47.189998626708984,46.52000045776367,46.52000045776367,29.303558349609375,20284900
2019-09-06,46.45000076293945,46.689998626708984,46.09000015258789,46.45000076293945,29.259464263916016,10419000
2019-09-09,46.70000076293945,47.88999938964844,46.290000915527344,47.88999938964844,30.166540145874023,24430000
2019-09-10,47.880001068115234,48.5,47.20000076293945,48.2400016784668,30.387004852294922,21440800
2019-09-11,48.599998474121094,48.599998474121094,47.58000183105469,47.95000076293945,30.204334259033203,16872500
2019-09-12,48.619998931884766,49.77000045776367,48.599998474121094,49.689998626708984,31.300371170043945,39340500
2019-09-13,49.959999084472656,50.29999923706055,49.65999984741211,49.790000915527344,31.36336898803711,22067600
2019-09-16,49.400001525878906,49.439998626708984,48.349998474121094,48.59000015258789,30.60747528076172,26369500
2019-09-17,48.25,49.150001525878906,48.22999954223633,48.900001525878906,30.802751541137695,14473900
2019-09-18,49.0,49.0,47.97999954223633,48.400001525878906,30.487796783447266,15335300
2019-09-19,48.400001525878906,48.58000183105469,47.7599983215332,48.31999969482422,30.437395095825195,15680000
2019-09-20,48.65999984741211,48.7400016784668,48.0,48.41999816894531,30.500385284423828,23870900
2019-09-23,48.189998626708984,48.58000183105469,47.959999084472656,48.099998474121094,30.2988224029541,11946300
2019-09-24,47.709999084472656,47.880001068115234,46.779998779296875,46.93000030517578,29.56182098388672,15322500
2019-09-25,47.029998779296875,48.02000045776367,46.83000183105469,47.86000061035156,30.14763641357422,14554600
2019-09-26,48.099998474121094,48.279998779296875,47.529998779296875,47.86000061035156,30.14763641357422,12257300
2019-09-27,48.150001525878906,48.349998474121094,47.27000045776367,47.65999984741211,30.02165412902832,13450600
2019-09-30,47.650001525878906,48.040000915527344,47.209999084472656,47.75,30.07834815979004,12116600
2019-10-01,47.849998474121094,48.880001068115234,47.65999984741211,47.709999084472656,30.053152084350586,16083800
2019-10-02,46.900001525878906,46.900001525878906,45.099998474121094,45.099998474121094,28.409076690673828,24637800
2019-10-03,45.31999969482422,45.810001373291016,44.220001220703125,45.439998626708984,28.623247146606445,24569900
2019-10-04,45.70000076293945,46.790000915527344,45.68000030517578,46.59000015258789,29.3476505279541,21339100
2019-10-07,46.29999923706055,46.97999954223633,46.040000915527344,46.040000915527344,29.00119400024414,12531500
2019-10-08,46.29999923706055,46.369998931884766,45.31999969482422,45.31999969482422,28.547653198242188,14671300
2019-10-09,45.66999816894531,46.040000915527344,45.33000183105469,45.66999816894531,28.768129348754883,9509400
2019-10-10,46.060001373291016,47.45000076293945,46.060001373291016,47.2400016784668,29.757095336914062,15441700
2019-10-11,48.029998779296875,48.91999816894531,48.0,48.63999938964844,30.63896942138672,24527700
2019-10-14,48.20000076293945,48.25,47.560001373291016,47.9900016784668,30.229528427124023,11520400
2019-10-15,47.880001068115234,48.290000915527344,47.529998779296875,47.90999984741211,30.179136276245117,14669700
2019-10-16,47.38999938964844,47.52000045776367,46.63999938964844,46.79999923706055,29.479930877685547,24417100
2019-10-17,46.9900016784668,47.04999923706055,46.61000061035156,46.709999084472656,29.423234939575195,14158400
2019-10-18,46.88999938964844,47.18000030517578,46.02000045776367,46.029998779296875,28.994895935058594,16452100
2019-10-21,46.41999816894531,47.209999084472656,46.2599983215332,47.209999084472656,29.738195419311523,13486800
2019-10-22,47.279998779296875,47.540000915527344,47.099998474121094,47.29999923706055,29.794885635375977,15194800
2019-10-23,47.599998474121094,47.83000183105469,47.029998779296875,47.11000061035156,29.675207138061523,12362800
2019-10-24,47.459999084472656,47.56999969482422,46.52000045776367,46.75,29.44843292236328,14646600
2019-10-25,47.75,48.560001373291016,47.54999923706055,48.560001373291016,30.588573455810547,21754000
2019-10-28,48.650001525878906,48.79999923706055,48.34000015258789,48.70000076293945,30.6767635345459,10932200
2019-10-29,48.40999984741211,48.79999923706055,48.08000183105469,48.650001525878906,30.6452693939209,10091200
2019-10-30,48.400001525878906,48.619998931884766,47.689998626708984,48.59000015258789,30.60747528076172,15325200
2019-10-31,48.099998474121094,48.47999954223633,46.86000061035156,47.20000076293945,29.731895446777344,21765000
2019-11-01,47.79999923706055,48.70000076293945,47.7599983215332,48.439998626708984,30.512989044189453,20151300
2019-11-04,49.08000183105469,49.81999969482422,49.08000183105469,49.81999969482422,31.38226318359375,20980000
2019-11-05,50.06999969482422,50.279998779296875,49.43000030517578,49.869998931884766,31.41376304626465,15951200
2019-11-06,49.900001525878906,49.970001220703125,48.900001525878906,49.689998626708984,31.300371170043945,14879300
2019-11-07,49.84000015258789,50.529998779296875,49.540000915527344,50.11000061035156,31.5649471282959,26788900
2019-11-08,49.33000183105469,49.54999923706055,48.810001373291016,49.18000030517578,30.979124069213867,19854000
2019-11-11,48.439998626708984,48.439998626708984,47.959999084472656,48.130001068115234,30.317712783813477,20385800
2019-11-12,48.29999923706055,48.4900016784668,47.900001525878906,47.900001525878906,30.17283058166504,13130500
2019-11-13,47.650001525878906,48.060001373291016,46.970001220703125,47.119998931884766,29.681501388549805,16882100
2019-11-14,47.349998474121094,47.58000183105469,46.959999084472656,47.0,29.605911254882812,14155900
2019-11-18,47.720001220703125,48.04999923706055,47.47999954223633,47.61000061035156,29.990163803100586,16777800
2019-11-19,48.11000061035156,48.4900016784668,47.720001220703125,48.16999816894531,30.342910766601562,13108100
2019-11-21,47.7599983215332,48.41999816894531,47.70000076293945,48.41999816894531,30.500385284423828,15624200
2019-11-22,48.54999923706055,50.029998779296875,48.54999923706055,50.029998779296875,31.51454734802246,27680500
2019-11-25,50.540000915527344,51.18000030517578,50.43000030517578,50.86000061035156,32.03738021850586,24507100
2019-11-26,50.599998474121094,51.5,50.459999084472656,51.220001220703125,32.26414489746094,32446500
2019-11-27,50.93000030517578,51.20000076293945,50.130001068115234,50.58000183105469,31.861000061035156,13507600
2019-11-28,50.560001373291016,50.880001068115234,49.689998626708984,50.369998931884766,31.72871971130371,10145300
2019-11-29,50.369998931884766,50.470001220703125,49.81999969482422,49.97999954223633,31.483057022094727,10290800
2019-12-02,50.150001525878906,51.689998626708984,50.11000061035156,51.34000015258789,32.33973693847656,23952200
2019-12-03,51.25,51.2599983215332,50.25,50.41999816894531,31.760215759277344,13479700
2019-12-04,50.83000183105469,51.029998779296875,50.529998779296875,50.91999816894531,32.07517623901367,9105800
2019-12-05,50.70000076293945,51.08000183105469,50.54999923706055,50.95000076293945,32.09407043457031,9503500
2019-12-06,51.25,51.689998626708984,51.029998779296875,51.349998474121094,32.34603500366211,13892600
2019-12-09,52.25,52.4900016784668,51.33000183105469,51.439998626708984,32.4027214050293,19388300
2019-12-10,51.220001220703125,51.43000030517578,50.900001525878906,51.20000076293945,32.25156021118164,13878600
2019-12-11,51.380001068115234,52.04999923706055,51.220001220703125,51.83000183105469,32.64839553833008,15572100
2019-12-12,52.099998474121094,53.060001373291016,51.72999954223633,52.95000076293945,33.3538932800293,25140900
2019-12-13,53.29999923706055,54.0,52.84000015258789,53.7599983215332,33.8641242980957,28172500
2019-12-16,54.5,54.66999816894531,53.34000015258789,53.34000015258789,33.59955978393555,21806800
2019-12-17,53.25,53.709999084472656,53.04999923706055,53.41999816894531,33.64994812011719,13570300
2019-12-18,53.279998779296875,53.540000915527344,52.599998474121094,53.470001220703125,33.68145751953125,22924500
2019-12-19,53.5,54.2400016784668,53.220001220703125,54.0,34.01530075073242,17683200
2019-12-20,54.77000045776367,54.9900016784668,54.150001525878906,54.790000915527344,34.512939453125,42124200
2019-12-23,54.900001525878906,54.97999954223633,54.400001525878906,54.58000183105469,34.380645751953125,10225700
2019-12-26,54.810001373291016,55.0,54.5099983215332,54.790000915527344,34.512939453125,20410000
2019-12-27,53.9900016784668,54.0,53.41999816894531,53.599998474121094,34.65800857543945,13920400
2019-12-30,53.650001525878906,53.86000061035156,53.20000076293945,53.29999923706055,34.46402359008789,11928100
2020-01-02,53.97999954223633,54.439998626708984,53.75,54.33000183105469,35.13003158569336,17509700
2020-01-03,53.68000030517578,54.5,53.58000183105469,53.93000030517578,34.87138748168945,17284800
2020-01-06,53.79999923706055,53.79999923706055,53.150001525878906,53.61000061035156,34.66447830200195,32787800
2020-01-07,53.5,54.189998626708984,53.400001525878906,54.0,34.916648864746094,16326400
2020-01-08,54.20000076293945,54.369998931884766,53.619998931884766,54.0099983215332,34.923118591308594,15298500
2020-01-09,53.75,53.869998931884766,53.04999923706055,53.29999923706055,34.46402359008789,14638000
2020-01-10,53.75,53.869998931884766,53.11000061035156,53.36000061035156,34.50282287597656,9129200
2020-01-13,53.63999938964844,55.63999938964844,53.5099983215332,55.29999923706055,35.75723648071289,27497400
2020-01-14,55.29999923706055,56.349998474121094,55.0,55.63999938964844,35.977081298828125,27817000
2020-01-15,55.29999923706055,56.08000183105469,55.11000061035156,55.459999084472656,35.86069869995117,21425300
2020-01-16,55.599998474121094,55.95000076293945,55.099998474121094,55.16999816894531,35.67317581176758,13149100
2020-01-17,56.25,57.09000015258789,56.099998474121094,57.0,36.856468200683594,36524100
2020-01-20,57.0,57.36000061035156,56.529998779296875,57.36000061035156,37.08924102783203,16746300
2020-01-21,56.79999923706055,57.0099983215332,55.7400016784668,56.029998779296875,36.22926330566406,25436800
2020-01-22,56.599998474121094,56.849998474121094,56.060001373291016,56.29999923706055,36.40384292602539,17269400
2020-01-23,55.43000030517578,55.72999954223633,54.709999084472656,55.5,35.886558532714844,23028900
2020-01-24,55.619998931884766,55.72999954223633,53.689998626708984,53.79999923706055,34.78732681274414,19744800
2020-01-27,51.65999984741211,51.81999969482422,50.47999954223633,50.5099983215332,32.65999984741211,38779700
2020-01-28,51.20000076293945,52.09000015258789,51.08000183105469,51.20000076293945,33.106170654296875,23046400
2020-01-29,51.70000076293945,51.88999938964844,50.459999084472656,50.75,32.815189361572266,23323000
2020-01-30,49.970001220703125,51.5,49.79999923706055,51.5,33.300140380859375,23083200
2020-01-31,50.959999084472656,51.060001373291016,49.79999923706055,50.27000045776367,32.504817962646484,29988200
2020-02-03,50.5,51.09000015258789,49.79999923706055,50.90999984741211,32.91864776611328,18858200
2020-02-04,52.20000076293945,52.58000183105469,51.970001220703125,52.27000045776367,33.79802703857422,21559200
2020-02-05,53.31999969482422,53.619998931884766,52.9900016784668,52.9900016784668,34.263580322265625,26797700
2020-02-06,53.65999984741211,53.91999816894531,52.81999969482422,53.279998779296875,34.451087951660156,22155800
2020-02-07,52.880001068115234,52.959999084472656,51.91999816894531,52.099998474121094,33.68810272216797,14450900
2020-02-10,51.900001525878906,51.900001525878906,49.91999816894531,50.189998626708984,32.453086853027344,28244800
2020-02-11,51.150001525878906,52.20000076293945,51.02000045776367,52.04999923706055,33.65577697753906,27560600
2020-02-12,53.099998474121094,53.380001068115234,52.83000183105469,53.06999969482422,34.3153076171875,28539800
2020-02-13,52.220001220703125,52.400001525878906,51.560001373291016,52.13999938964844,33.713966369628906,20105600
2020-02-14,52.209999084472656,52.279998779296875,50.95000076293945,51.0,32.97684097290039,19896200
2020-02-17,51.709999084472656,53.40999984741211,51.619998931884766,53.40999984741211,34.53515625,28134200
2020-02-18,52.54999923706055,53.04999923706055,52.119998931884766,52.79999923706055,34.14072799682617,18054400
2020-02-19,52.93000030517578,53.119998931884766,52.400001525878906,52.810001373291016,34.14719009399414,14439700
2020-02-20,53.27000045776367,53.4900016784668,52.060001373291016,52.20000076293945,33.75276184082031,18818800
2020-02-21,51.0,51.13999938964844,49.79999923706055,50.130001068115234,32.4142951965332,32249900
2020-02-26,46.65999984741211,46.84000015258789,45.060001373291016,45.349998474121094,29.32352066040039,46923300
2020-02-27,44.650001525878906,45.540000915527344,43.560001373291016,44.470001220703125,28.754512786865234,42419000
2020-02-28,43.9900016784668,44.310001373291016,43.20000076293945,44.310001373291016,28.651046752929688,33228600
2020-03-02,44.880001068115234,47.09000015258789,44.810001373291016,46.36000061035156,29.97659683227539,48372500
2020-03-03,46.7400016784668,49.09000015258789,46.06999969482422,46.349998474121094,29.970129013061523,52401800
2020-03-04,48.0,49.09000015258789,47.0,48.56999969482422,31.40558433532715,31476600
2020-03-05,47.65999984741211,47.95000076293945,45.95000076293945,46.849998474121094,30.29343032836914,29092300
2020-03-06,44.20000076293945,45.81999969482422,43.650001525878906,44.61000061035156,28.84503173828125,39718600
2020-03-09,40.45000076293945,41.540000915527344,37.810001373291016,37.83000183105469,24.461057662963867,59037000
2020-03-10,41.900001525878906,45.34000015258789,40.79999923706055,44.810001373291016,28.97435760498047,63269800
2020-03-11,43.0099983215332,44.290000915527344,39.0,40.7400016784668,26.34267234802246,50025000
2020-03-12,36.0,36.0,32.45000076293945,35.349998474121094,22.85747528076172,62222000
2020-03-13,42.0,44.029998779296875,37.0,42.900001525878906,27.73933982849121,67635900
2020-03-16,36.0099983215332,41.400001525878906,36.0099983215332,39.040000915527344,25.243450164794922,59078300
2020-03-17,40.5,43.56999969482422,39.11000061035156,41.5099983215332,26.84056282043457,52743800
2020-03-18,38.79999923706055,40.869998931884766,35.70000076293945,38.650001525878906,24.99127197265625,59689100
2020-03-19,37.5,39.0,35.2599983215332,36.400001525878906,23.536409378051758,52645400
2020-03-20,37.900001525878906,39.40999984741211,34.709999084472656,35.189998626708984,22.754016876220703,50479900
2020-03-23,35.54999923706055,35.86000061035156,33.369998931884766,34.099998474121094,22.049219131469727,41958300
2020-03-24,36.86000061035156,38.650001525878906,36.86000061035156,37.63999938964844,24.33820343017578,37044800
2020-03-25,38.189998626708984,41.349998474121094,38.09000015258789,40.849998474121094,26.413795471191406,38064400
2020-03-26,41.0099983215332,42.40999984741211,39.9900016784668,42.0,27.15739631652832,36253000
2020-03-27,39.29999923706055,41.439998626708984,39.20000076293945,40.099998474121094,25.928842544555664,32331200
2020-03-30,40.91999816894531,42.31999969482422,40.7400016784668,41.77000045776367,27.008676528930664,31298300
2020-03-31,42.29999923706055,44.4900016784668,42.220001220703125,43.220001220703125,27.94625473022461,39238000
2020-04-01,41.810001373291016,44.119998931884766,41.20000076293945,43.369998931884766,28.04323959350586,37092100
2020-04-02,43.95000076293945,44.56999969482422,41.91999816894531,42.779998779296875,27.661752700805664,34372600
2020-04-03,42.79999923706055,42.869998931884766,39.7599983215332,40.5,26.187488555908203,31650000
2020-04-06,42.599998474121094,43.38999938964844,41.970001220703125,43.130001068115234,27.888063430786133,32019300
2020-04-07,45.189998626708984,45.5,43.560001373291016,43.779998779296875,28.30835723876953,34191900
2020-04-08,43.5,44.25,43.04999923706055,43.5099983215332,28.133766174316406,29464500
2020-04-09,43.95000076293945,44.470001220703125,42.84000015258789,43.279998779296875,27.98505401611328,29827800
2020-04-13,43.20000076293945,44.56999969482422,42.97999954223633,44.56999969482422,28.819171905517578,22066800
2020-04-14,45.619998931884766,46.0,44.5,44.529998779296875,28.79330825805664,24713600
2020-04-15,43.5,43.900001525878906,42.61000061035156,43.189998626708984,27.926851272583008,28808700
2020-04-16,43.79999923706055,43.9900016784668,42.040000915527344,42.7599983215332,27.64881706237793,24442900
2020-04-17,43.900001525878906,44.22999954223633,43.220001220703125,44.0,28.450607299804688,23604600
2020-04-20,43.2599983215332,43.2599983215332,42.22999954223633,42.459999084472656,27.454833984375,29050700
2020-04-22,42.599998474121094,43.2400016784668,42.04999923706055,42.900001525878906,27.73933982849121,22693600
2020-04-23,43.290000915527344,44.689998626708984,42.810001373291016,43.5099983215332,28.133766174316406,27171100
2020-04-24,43.369998931884766,44.20000076293945,41.83000183105469,43.7599983215332,28.295419692993164,55165900
2020-04-27,44.459999084472656,45.04999923706055,43.86000061035156,44.54999923706055,28.806236267089844,25580600
2020-04-28,45.20000076293945,45.290000915527344,43.47999954223633,44.61000061035156,28.84503173828125,25680000
2020-04-29,45.349998474121094,47.380001068115234,44.84000015258789,46.72999954223633,30.215839385986328,33207500
2020-04-30,45.709999084472656,46.16999816894531,44.7599983215332,44.86000061035156,29.006683349609375,25720300
2020-05-04,43.70000076293945,44.33000183105469,43.400001525878906,43.93000030517578,28.40534019470215,16994300
2020-05-05,44.45000076293945,45.029998779296875,43.70000076293945,43.70000076293945,28.256624221801758,19070600
2020-05-06,44.189998626708984,44.7599983215332,43.61000061035156,44.33000183105469,28.663986206054688,26602700
2020-05-07,45.630001068115234,46.97999954223633,45.45000076293945,46.04999923706055,29.77614974975586,42194300
2020-05-08,47.5,48.959999084472656,46.970001220703125,48.849998474121094,31.586633682250977,33922800
2020-05-11,48.209999084472656,49.25,47.72999954223633,47.72999954223633,30.862443923950195,24783100
2020-05-12,48.43000030517578,48.599998474121094,47.459999084472656,47.459999084472656,30.687856674194336,21806900
2020-05-13,48.16999816894531,49.18000030517578,47.65999984741211,48.540000915527344,31.38619041442871,34159500
2020-05-14,47.95000076293945,48.459999084472656,46.939998626708984,48.09000015258789,31.09522247314453,35513400
2020-05-15,48.689998626708984,49.29999923706055,48.04999923706055,48.04999923706055,31.069353103637695,35196100
2020-05-18,50.34000015258789,51.599998474121094,49.95000076293945,51.2599983215332,33.144954681396484,41936200
2020-05-19,51.29999923706055,52.709999084472656,51.09000015258789,52.29999923706055,33.81742477416992,27704400
2020-05-20,53.369998931884766,53.66999816894531,52.5,52.5,33.94674301147461,27014500
2020-05-21,52.290000915527344,52.65999984741211,50.369998931884766,51.130001068115234,33.0609016418457,41802300
2020-05-22,50.77000045776367,51.099998474121094,49.900001525878906,50.27000045776367,32.504817962646484,23933600
2020-05-25,51.40999984741211,51.68000030517578,49.91999816894531,50.099998474121094,32.39488983154297,21162000
2020-05-26,50.380001068115234,50.52000045776367,48.84000015258789,49.20000076293945,31.81294822692871,28917800
2020-05-27,49.84000015258789,50.83000183105469,48.779998779296875,50.63999938964844,32.74406433105469,31932100
2020-05-28,51.0,51.650001525878906,50.04999923706055,50.09000015258789,32.388431549072266,23530900
2020-05-29,51.400001525878906,53.0,51.060001373291016,53.0,34.270042419433594,92646300
2020-06-01,52.81999969482422,53.849998474121094,52.5,53.41999816894531,34.54161834716797,27152300
2020-06-02,53.79999923706055,53.79999923706055,53.0,53.41999816894531,34.54161834716797,25602700
2020-06-03,53.900001525878906,54.34000015258789,53.380001068115234,53.65999984741211,34.69680404663086,31584300
2020-06-04,53.720001220703125,55.70000076293945,53.52000045776367,55.65999984741211,35.99000930786133,37638600
2020-06-05,56.38999938964844,56.70000076293945,54.34000015258789,54.61000061035156,35.31108474731445,39799100
2020-06-08,54.97999954223633,55.650001525878906,53.97999954223633,54.779998779296875,35.42100524902344,27456500
2020-06-09,54.15999984741211,54.9900016784668,54.119998931884766,54.9900016784668,35.556793212890625,19860000
2020-06-10,54.90999984741211,55.20000076293945,53.7599983215332,54.20000076293945,35.04596710205078,24321300
2020-06-12,53.709999084472656,54.04999923706055,51.97999954223633,53.400001525878906,34.528690338134766,31223700
2020-06-15,52.5,54.43000030517578,52.130001068115234,53.880001068115234,34.839054107666016,27425600
2020-06-16,55.4900016784668,55.5,54.220001220703125,55.38999938964844,35.815433502197266,29329400
2020-06-17,55.4900016784668,56.439998626708984,55.150001525878906,56.20000076293945,36.33918762207031,27840000
2020-06-18,56.29999923706055,56.540000915527344,55.61000061035156,56.16999816894531,36.319786071777344,25770000
2020-06-19,56.33000183105469,56.599998474121094,54.709999084472656,55.16999816894531,35.67317581176758,38079900
2020-06-22,55.0,55.349998474121094,54.43000030517578,55.0,35.563255310058594,14891400
2020-06-23,55.529998779296875,56.560001373291016,55.369998931884766,55.59000015258789,35.94475555419922,18272700
2020-06-24,56.25,56.2599983215332,54.81999969482422,55.38999938964844,35.815433502197266,18156600
2020-06-25,55.5,56.150001525878906,54.869998931884766,56.0,36.209861755371094,17051900
2020-06-26,55.900001525878906,56.95000076293945,55.209999084472656,55.619998931884766,35.96414566040039,21655500
2020-06-29,55.439998626708984,55.90999984741211,54.84000015258789,55.630001068115234,35.970619201660156,15453400
2020-06-30,55.439998626708984,56.540000915527344,55.0099983215332,55.91999816894531,36.15813064575195,27462900
2020-07-01,56.08000183105469,56.08000183105469,54.04999923706055,54.540000915527344,35.26582336425781,28999400
2020-07-02,54.849998474121094,55.7400016784668,54.75,55.4900016784668,35.880096435546875,24148500
2020-07-03,55.20000076293945,55.70000076293945,54.93000030517578,55.2599983215332,35.73137664794922,7831800
2020-07-06,56.09000015258789,56.7400016784668,55.59000015258789,56.56999969482422,36.57842254638672,23609900
2020-07-07,56.7400016784668,56.97999954223633,56.099998474121094,56.369998931884766,36.44910430908203,13598400
2020-07-08,56.900001525878906,57.720001220703125,55.790000915527344,57.31999969482422,37.06338119506836,32634600
2020-07-09,57.52000045776367,57.68000030517578,56.060001373291016,56.41999816894531,36.4814338684082,19741600
2020-07-10,56.52000045776367,57.29999923706055,56.15999984741211,56.970001220703125,36.83707046508789,14728100
2020-07-13,57.72999954223633,59.220001220703125,57.650001525878906,57.650001525878906,37.276756286621094,28780200
2020-07-14,57.91999816894531,61.970001220703125,57.900001525878906,61.70000076293945,39.8955078125,52234500
2020-07-15,62.29999923706055,62.93000030517578,60.38999938964844,61.790000915527344,39.95370864868164,29833100
2020-07-16,61.29999923706055,61.689998626708984,59.849998474121094,60.119998931884766,38.873870849609375,22788400
2020-07-17,60.5,61.25,60.31999969482422,61.040000915527344,39.46875,18896400
2020-07-20,61.119998931884766,61.4900016784668,60.349998474121094,60.79999923706055,39.31356430053711,16491500
2020-07-21,60.439998626708984,60.47999954223633,59.27000045776367,59.70000076293945,38.60230255126953,29043600
2020-07-22,59.93000030517578,60.25,58.79999923706055,59.2400016784668,38.30486297607422,19644700
2020-07-23,59.900001525878906,60.15999984741211,58.63999938964844,58.849998474121094,38.05268478393555,17291900
2020-07-24,58.56999969482422,58.849998474121094,57.81999969482422,58.599998474121094,37.891029357910156,22544100
2020-07-27,59.099998474121094,61.630001068115234,58.97999954223633,61.369998931884766,39.682125091552734,35124800
2020-07-28,60.70000076293945,61.15999984741211,60.20000076293945,60.34000015258789,39.01612091064453,21707500
2020-07-29,61.209999084472656,62.95000076293945,60.849998474121094,62.95000076293945,40.70376205444336,29486600
2020-07-30,62.29999923706055,62.369998931884766,60.650001525878906,61.27000045776367,39.617469787597656,32210700
2020-07-31,61.099998474121094,62.209999084472656,60.5,60.709999084472656,39.25537109375,26318800
2020-08-03,61.86000061035156,62.66999816894531,60.2599983215332,60.2599983215332,38.96439743041992,35910500
2020-08-04,60.2599983215332,60.84000015258789,59.36000061035156,60.70000076293945,39.2489013671875,182535800
2020-08-05,61.900001525878906,62.900001525878906,61.849998474121094,62.189998626708984,40.21234893798828,36999600
2020-08-06,62.619998931884766,62.880001068115234,61.279998779296875,61.83000183105469,39.97957229614258,22468400
2020-08-07,61.38999938964844,61.38999938964844,59.779998779296875,60.45000076293945,39.087249755859375,28427400
2020-08-10,60.70000076293945,62.20000076293945,60.40999984741211,62.20000076293945,40.218807220458984,29341400
2020-08-11,62.790000915527344,62.81999969482422,60.15999984741211,60.279998779296875,38.977333068847656,23822800
2020-08-12,60.880001068115234,62.290000915527344,60.58000183105469,61.5,39.76618194580078,29627900
2020-08-13,61.400001525878906,62.15999984741211,60.11000061035156,60.349998474121094,39.0225944519043,24906200
2020-08-14,60.349998474121094,61.43000030517578,60.29999923706055,61.349998474121094,39.6692008972168,17848800
2020-08-17,61.779998779296875,62.599998474121094,61.150001525878906,62.22999954223633,40.23820114135742,42786400
2020-08-18,63.29999923706055,63.70000076293945,62.849998474121094,63.060001373291016,40.7748908996582,32205700
2020-08-19,63.40999984741211,63.880001068115234,62.33000183105469,62.38999938964844,40.3416633605957,23537900
2020-08-20,61.81999969482422,63.5,61.66999816894531,62.95000076293945,40.70376205444336,25866600
2020-08-21,62.40999984741211,62.790000915527344,61.5099983215332,62.20000076293945,40.218807220458984,27242700
2020-08-24,62.939998626708984,63.130001068115234,62.2400016784668,62.959999084472656,40.710227966308594,17944700
2020-08-25,62.79999923706055,62.84000015258789,61.04999923706055,61.619998931884766,39.843780517578125,23543000
2020-08-26,61.65999984741211,62.349998474121094,61.2400016784668,61.75,39.92783737182617,23924400
2020-08-27,61.689998626708984,62.18000030517578,60.33000183105469,60.790000915527344,39.307098388671875,18201900
2020-08-28,61.18000030517578,61.70000076293945,60.630001068115234,61.099998474121094,39.507545471191406,15040300
2020-08-31,61.099998474121094,61.150001525878906,59.68000030517578,59.68000030517578,38.58937072753906,31080000
2020-09-01,60.290000915527344,61.790000915527344,60.20000076293945,61.7599983215332,39.93429946899414,24197700
2020-09-02,61.900001525878906,62.34000015258789,60.31999969482422,61.31999969482422,39.64979553222656,21797200
2020-09-03,60.0,60.54999923706055,58.849998474121094,59.31999969482422,38.35658645629883,36117400
2020-09-04,59.709999084472656,60.5,58.70000076293945,60.4900016784668,39.113121032714844,26636700
2020-09-08,59.59000015258789,59.7599983215332,58.90999984741211,59.27000045776367,38.32426452636719,14663800
2020-09-09,59.900001525878906,60.33000183105469,59.369998931884766,60.0,38.79628372192383,16481700
2020-09-10,60.0,60.20000076293945,58.31999969482422,58.529998779296875,37.845767974853516,19431400
2020-09-11,60.04999923706055,62.29999923706055,59.84000015258789,61.95000076293945,40.05715560913086,46057000
2020-09-14,62.79999923706055,63.349998474121094,61.380001068115234,61.90999984741211,40.03129577636719,35710200
2020-09-15,62.709999084472656,63.650001525878906,62.150001525878906,62.599998474121094,40.47745132446289,32570600
2020-09-16,62.31999969482422,62.5,60.650001525878906,60.970001220703125,39.42348861694336,28843500
2020-09-17,60.400001525878906,62.41999816894531,60.11000061035156,62.08000183105469,40.14122009277344,31397500
2020-09-18,62.47999954223633,63.099998474121094,61.65999984741211,61.65999984741211,39.8696403503418,33143800
2020-09-21,61.04999923706055,61.38999938964844,59.439998626708984,60.0,38.79628372192383,53120800
2020-09-22,58.13999938964844,58.279998779296875,57.150001525878906,57.810001373291016,38.94280242919922,23996200
2020-09-23,57.66999816894531,59.61000061035156,57.060001373291016,59.099998474121094,39.811790466308594,37365600
2020-09-24,59.689998626708984,59.779998779296875,58.439998626708984,58.65999984741211,39.5153923034668,31607500
2020-09-25,58.349998474121094,59.45000076293945,58.20000076293945,59.25,39.912837982177734,27582200
2020-09-28,59.939998626708984,60.2400016784668,58.70000076293945,58.779998779296875,39.596229553222656,30265400
2020-09-29,58.72999954223633,59.959999084472656,58.349998474121094,58.349998474121094,39.30656433105469,26201600
2020-09-30,59.209999084472656,60.27000045776367,58.75,59.11000061035156,39.81853485107422,25947500
2020-10-01,59.529998779296875,59.849998474121094,58.02000045776367,58.86000061035156,39.650115966796875,22852700
2020-10-02,58.61000061035156,59.439998626708984,58.11000061035156,58.31999969482422,39.28635787963867,23668800
2020-10-05,58.900001525878906,59.84000015258789,58.75,59.59000015258789,40.14187240600586,17887200
2020-10-06,60.0099983215332,60.279998779296875,58.209999084472656,58.619998931884766,39.48844528198242,21951600
2020-10-07,59.13999938964844,60.7599983215332,58.959999084472656,60.16999816894531,40.53257369995117,27276500
2020-10-08,60.349998474121094,61.4900016784668,60.060001373291016,61.290000915527344,41.28705978393555,22207400
2020-10-09,61.689998626708984,61.939998626708984,60.849998474121094,61.599998474121094,41.495872497558594,21120900
2020-10-13,61.27000045776367,62.63999938964844,61.029998779296875,62.13999938964844,41.85963821411133,18602200
2020-10-14,62.08000183105469,63.290000915527344,62.040000915527344,63.0,42.438968658447266,22210600
2020-10-15,62.40999984741211,62.86000061035156,61.97999954223633,62.470001220703125,42.081939697265625,16309700
2020-10-16,62.70000076293945,63.099998474121094,62.2400016784668,62.2400016784668,41.927001953125,15871000
2020-10-19,62.72999954223633,63.18000030517578,61.95000076293945,61.95000076293945,41.73164749145508,29156200
2020-10-20,61.779998779296875,62.290000915527344,61.33000183105469,61.84000015258789,41.65755081176758,25276800
2020-10-21,61.650001525878906,63.209999084472656,61.599998474121094,62.849998474121094,42.337913513183594,21480900
2020-10-22,63.11000061035156,63.4900016784668,62.439998626708984,63.099998474121094,42.50632858276367,32097700
2020-10-23,62.619998931884766,63.88999938964844,62.220001220703125,63.45000076293945,42.742095947265625,24263400
2020-10-26,62.900001525878906,63.45000076293945,62.0099983215332,62.5,42.10214614868164,18250900
2020-10-27,62.5,62.900001525878906,62.060001373291016,62.529998779296875,42.12235641479492,18155500
2020-10-28,61.95000076293945,62.06999969482422,60.25,60.2599983215332,40.59320831298828,23686100
2020-10-29,60.970001220703125,62.2400016784668,59.790000915527344,62.02000045776367,41.778804779052734,37998800
2020-10-30,61.79999923706055,62.40999984741211,60.0099983215332,60.54999923706055,40.7885627746582,27476200
2020-11-03,61.900001525878906,63.34000015258789,61.220001220703125,63.34000015258789,42.667999267578125,32900800
2020-11-04,63.279998779296875,63.279998779296875,61.45000076293945,61.58000183105469,41.48240661621094,27932100
2020-11-05,62.29999923706055,63.060001373291016,61.45000076293945,62.54999923706055,42.13582992553711,25563600
2020-11-06,62.380001068115234,63.959999084472656,62.34000015258789,63.189998626708984,42.566951751708984,26452500
2020-11-09,64.1500015258789,64.2699966430664,62.869998931884766,63.189998626708984,42.566951751708984,37728900
2020-11-10,63.2400016784668,63.59000015258789,62.689998626708984,63.15999984741211,42.546749114990234,53960600
2020-11-11,63.18000030517578,63.91999816894531,63.0,63.599998474121094,42.843143463134766,25908500
2020-11-12,63.56999969482422,63.77000045776367,62.459999084472656,62.66999816894531,42.21665954589844,23726500
2020-11-13,62.72999954223633,63.54999923706055,62.61000061035156,63.25,42.60737609863281,25079300
2020-11-16,63.5,65.33999633789062,62.970001220703125,64.91999816894531,43.732337951660156,91477900
2020-11-17,64.80000305175781,68.0999984741211,64.80000305175781,66.97000122070312,45.11329650878906,62475900
2020-11-18,66.98999786376953,67.38999938964844,66.06999969482422,66.44999694824219,44.763004302978516,22854400
2020-11-19,66.70999908447266,67.72000122070312,66.47000122070312,67.72000122070312,45.618526458740234,25928500
2020-11-23,68.80999755859375,71.31999969482422,68.5,71.29000091552734,48.02339553833008,38662400
2020-11-24,71.05000305175781,74.88999938964844,70.18000030517578,74.80000305175781,50.38785934448242,49842200
2020-11-25,73.80000305175781,75.9000015258789,73.61000061035156,75.5,50.85940170288086,36269100
2020-11-26,75.41999816894531,76.5999984741211,75.4000015258789,76.56999969482422,51.58019256591797,20359000
2020-11-27,77.0,78.77999877929688,76.7699966430664,78.44000244140625,52.83989334106445,48966700
2020-11-30,78.8499984741211,79.36000061035156,77.12000274658203,78.0,52.54348373413086,48594200
2020-12-01,79.83000183105469,81.5,79.25,81.25,54.73279571533203,61441200
2020-12-02,80.9000015258789,81.25,77.30999755859375,79.83999633789062,53.7829704284668,53703300
2020-12-03,81.0,81.05000305175781,78.61000061035156,78.95999908447266,53.19016647338867,35158600
2020-12-04,80.0999984741211,82.68000030517578,80.0999984741211,81.9800033569336,55.22454833984375,48656900
2020-12-07,82.41999816894531,82.98999786376953,81.66999816894531,82.94999694824219,55.87797546386719,27398500
2020-12-08,82.97000122070312,83.30000305175781,81.66000366210938,82.9000015258789,55.84429168701172,28598800
2020-12-09,83.0999984741211,83.83000183105469,82.22000122070312,82.69999694824219,55.70956039428711,26938500
2020-12-10,83.6500015258789,85.22000122070312,83.19999694824219,85.0,57.2589225769043,41230700
2020-12-11,84.62000274658203,85.27999877929688,84.4000015258789,84.86000061035156,57.16460418701172,25136800
2020-12-14,85.19999694824219,85.22000122070312,82.94999694824219,83.55000305175781,56.28215789794922,20931700
2020-12-15,83.55000305175781,85.37999725341797,83.55000305175781,84.5,56.92211151123047,18762800
2020-12-16,84.9000015258789,86.2300033569336,84.36000061035156,86.22000122070312,58.08076095581055,23038300
2020-12-17,86.5,87.94999694824219,86.16999816894531,87.19999694824219,58.74092102050781,21367800
2020-12-18,87.62000274658203,88.37999725341797,87.43000030517578,87.80000305175781,59.14510726928711,23843100
2020-12-21,86.1500015258789,87.4000015258789,84.77999877929688,86.86000061035156,58.511878967285156,31877300
2020-12-22,86.86000061035156,86.98999786376953,85.43000030517578,86.94000244140625,58.565773010253906,23157000
2020-12-23,86.52999877929688,87.52999877929688,86.4000015258789,87.36000061035156,58.84870147705078,17710200
2020-12-28,87.79000091552734,88.58000183105469,87.08000183105469,87.30999755859375,58.81502151489258,26001300
2020-12-29,87.97000122070312,88.19999694824219,86.51000213623047,87.06999969482422,58.65335464477539,19727500
2020-12-30,87.19000244140625,87.58999633789062,86.6500015258789,87.44999694824219,58.90931701660156,30102700
2021-01-04,89.3499984741211,91.4800033569336,88.8499984741211,91.45999908447266,61.610595703125,37865500
2021-01-05,91.45999908447266,93.0,90.5199966430664,93.0,62.64799118041992,34300300
2021-01-06,94.9800033569336,96.3499984741211,94.4000015258789,96.05000305175781,64.70258331298828,53722500
2021-01-07,96.61000061035156,102.52999877929688,96.61000061035156,102.31999969482422,68.92626953125,74541400
2021-01-08,103.01000213623047,103.3499984741211,98.19999694824219,102.0,68.71070098876953,58562700
2021-01-11,100.25,101.9800033569336,99.69999694824219,101.9800033569336,68.6972427368164,29267000
2021-01-12,102.5,102.62000274658203,99.18000030517578,99.19000244140625,66.81779479980469,28598500
2021-01-13,98.87000274658203,98.91999816894531,95.73999786376953,96.22000122070312,64.81710052490234,31658800
2021-01-14,97.22000122070312,98.86000061035156,96.69999694824219,97.80000305175781,65.88145446777344,20809900
2021-01-15,96.58000183105469,97.19999694824219,93.19999694824219,93.55000305175781,63.01850128173828,31712400
2021-01-18,93.9000015258789,95.63999938964844,93.55000305175781,94.30999755859375,63.530452728271484,22667600
2021-01-19,94.5,94.56999969482422,91.9000015258789,94.05999755859375,63.36205291748047,27155400
2021-01-20,95.0,95.13999938964844,90.83000183105469,92.31999969482422,62.18992614746094,20480000
2021-01-21,92.30000305175781,96.0999984741211,92.13999938964844,93.36000061035156,62.890499114990234,25983400
2021-01-22,91.98999786376953,93.80999755859375,90.98999786376953,93.16999816894531,62.76251220703125,25814300
2021-01-26,92.98999786376953,94.16000366210938,91.36000061035156,91.75,61.80595016479492,24921600
2021-01-27,90.38999938964844,91.18000030517578,88.19999694824219,89.19999694824219,60.08818435668945,32419700
2021-01-28,88.19999694824219,91.3499984741211,88.0999984741211,91.0999984741211,61.36808776855469,35900800
2021-01-29,89.98999786376953,90.8499984741211,87.79000091552734,87.94999694824219,59.24614334106445,31481600
2021-02-01,90.01000213623047,91.2699966430664,88.58000183105469,91.2699966430664,61.482608795166016,27135500
2021-02-02,90.18000030517578,90.58000183105469,87.51000213623047,87.66000366210938,59.0507926940918,34426700
2021-02-03,88.8499984741211,91.41999816894531,88.5999984741211,90.43000030517578,60.916751861572266,34346400
2021-02-04,91.94999694824219,92.87000274658203,89.08999633789062,89.29000091552734,60.14881896972656,29939700
2021-02-05,90.19999694824219,92.7699966430664,89.55000305175781,92.69000244140625,62.439178466796875,27114800
2021-02-08,92.97000122070312,94.91000366210938,92.44999694824219,94.01000213623047,63.32837677001953,28164400
2021-02-09,94.5999984741211,95.22000122070312,92.31999969482422,94.25,63.49003982543945,32303400
2021-02-10,94.66000366210938,95.66999816894531,94.37999725341797,94.69999694824219,63.79316711425781,40318300
2021-02-11,95.47000122070312,95.47000122070312,93.0999984741211,93.0999984741211,62.71535873413086,19775900
2021-02-12,93.12000274658203,94.13999938964844,92.19999694824219,93.88999938964844,63.24753952026367,14760700
2021-02-17,96.01000213623047,96.72000122070312,95.19000244140625,96.3499984741211,64.90467071533203,29262900
2021-02-18,97.36000061035156,98.4000015258789,96.0199966430664,97.4000015258789,65.61199188232422,33088500
2021-02-19,97.20999908447266,98.8499984741211,96.33000183105469,97.7699966430664,65.86123657226562,24966600
2021-02-22,96.5,98.5199966430664,94.04000091552734,95.3499984741211,64.23104095458984,50160600
2021-02-23,96.58999633789062,97.3499984741211,93.31999969482422,96.94999694824219,65.30885314941406,35756200
2021-02-24,97.12999725341797,98.20999908447266,95.86000061035156,97.93000030517578,65.9690170288086,21856100
2021-02-25,98.69999694824219,98.94999694824219,95.0199966430664,95.70999908447266,64.47354888916016,24471000
2021-02-26,96.55000305175781,97.69999694824219,94.0199966430664,94.5199966430664,63.671913146972656,42856000
2021-03-01,96.0,99.33000183105469,95.36000061035156,98.56999969482422,66.40013122558594,32798000
2021-03-02,97.5,102.18000030517578,94.94000244140625,101.5999984741211,68.44125366210938,47565800
2021-03-03,102.0,104.0,99.6500015258789,100.3499984741211,67.59920501708984,41473300
2021-03-04,99.4000015258789,101.48999786376953,97.5199966430664,98.86000061035156,66.59548950195312,48492500
2021-03-05,94.72000122070312,100.5999984741211,93.93000030517578,100.20999908447266,70.54598236083984,46503300
2021-03-08,99.19999694824219,101.93000030517578,98.9000015258789,99.66999816894531,70.16584014892578,39677300
2021-03-09,97.5,99.30999755859375,95.87999725341797,98.66999816894531,69.46184539794922,40537000
2021-03-10,97.5,97.83999633789062,95.72000122070312,97.1500015258789,68.39179992675781,31311800
2021-03-11,98.98999786376953,100.0999984741211,98.20999908447266,99.69999694824219,70.18695831298828,26203200
2021-03-12,99.0,99.44000244140625,96.70999908447266,97.4000015258789,68.56779479980469,21115500
2021-03-15,96.5,97.3499984741211,95.76000213623047,96.81999969482422,68.15949249267578,20059000
2021-03-16,97.04000091552734,97.83999633789062,96.0199966430664,96.51000213623047,67.94125366210938,19174300
2021-03-17,96.4000015258789,98.12000274658203,96.05999755859375,97.9000015258789,68.91979217529297,21424300
2021-03-18,97.69999694824219,98.2699966430664,95.52999877929688,96.16000366210938,67.69486236572266,19156100
2021-03-19,96.0999984741211,96.16000366210938,93.44000244140625,94.77999877929688,66.72338104248047,38643000
2021-03-22,93.5199966430664,93.83999633789062,91.8499984741211,93.20999908447266,65.61811828613281,21120800
2021-03-23,93.33999633789062,93.77999877929688,91.05999755859375,91.05999755859375,64.10456085205078,20518500
2021-03-24,92.0,94.63999938964844,91.80999755859375,93.1500015258789,65.57588195800781,24726000
2021-03-25,93.04000091552734,93.29000091552734,90.61000061035156,92.44000244140625,65.0760498046875,23644400
2021-03-26,93.73999786376953,95.7300033569336,93.38999938964844,95.52999877929688,67.2513656616211,26712800
2021-03-29,96.0,98.44999694824219,95.87000274658203,97.9800033569336,68.97610473632812,25960500
2021-03-30,97.91000366210938,98.5,96.58000183105469,97.06999969482422,68.33548736572266,18118600
2021-03-31,97.16999816894531,98.55999755859375,96.69999694824219,97.97000122070312,68.96906280517578,18792000
2021-04-01,98.5,98.86000061035156,96.12999725341797,97.38999938964844,68.56076049804688,17193400
2021-04-05,99.83000183105469,103.81999969482422,99.80000305175781,103.38999938964844,72.78463745117188,35908700
2021-04-06,103.80000305175781,104.55999755859375,102.05000305175781,102.05000305175781,71.84132385253906,22227800
2021-04-07,102.37000274658203,105.31999969482422,102.1500015258789,104.55999755859375,73.6082992553711,32822700
2021-04-08,104.94000244140625,105.30000305175781,104.12000274658203,104.5,73.5660629272461,25936300
2021-04-09,104.0,104.66000366210938,102.94000244140625,103.0,72.51008605957031,18854800
2021-04-12,102.9000015258789,103.62999725341797,102.20999908447266,103.4000015258789,72.79168701171875,14787500
2021-04-13,103.9000015258789,104.29000091552734,102.8499984741211,103.58000183105469,72.91840362548828,17605600
2021-04-14,103.97000122070312,107.77999877929688,103.7699966430664,107.0,75.3260269165039,38030200
2021-04-15,108.66000366210938,109.87999725341797,107.55000305175781,108.20999908447266,76.17784118652344,19378200
2021-04-16,108.63999938964844,109.11000061035156,107.5,108.66999816894531,76.50167083740234,17401500
2021-04-19,109.0,109.87999725341797,107.63999938964844,107.7300033569336,75.83992004394531,23297500
2021-04-20,107.94999694824219,108.3499984741211,105.0199966430664,106.16000366210938,74.73468017578125,20895800
2021-04-22,107.23999786376953,107.23999786376953,104.33999633789062,106.2300033569336,74.78394317626953,19799100
2021-04-23,107.1500015258789,108.0999984741211,106.45999908447266,107.98999786376953,76.02296447753906,12795400
2021-04-26,109.94999694824219,110.69000244140625,108.1500015258789,108.56999969482422,76.4312744140625,16807500
2021-04-27,108.87999725341797,110.5999984741211,108.5199966430664,110.12000274658203,77.52245330810547,24113300
2021-04-28,110.55999755859375,112.43000030517578,109.33000183105469,111.91999816894531,78.78960418701172,20570600
2021-04-29,112.19000244140625,112.94999694824219,110.88999938964844,111.94999694824219,78.81071472167969,19724300
2021-04-30,110.98999786376953,111.55999755859375,109.0199966430664,109.0199966430664,76.7480697631836,36888200
2021-05-03,109.69999694824219,110.3499984741211,108.26000213623047,108.45999908447266,76.35384368896484,19641000
2021-05-04,108.94999694824219,111.06999969482422,108.66000366210938,110.0999984741211,77.50836181640625,20775600
2021-05-05,111.98999786376953,112.81999969482422,110.38999938964844,110.70999908447266,77.93778991699219,25990600
2021-05-06,111.94000244140625,115.19999694824219,111.4800033569336,115.05000305175781,80.99308776855469,38194400
2021-05-07,116.54000091552734,116.55000305175781,114.19000244140625,115.44999694824219,81.27466583251953,21678700
2021-05-10,119.80000305175781,120.44999694824219,114.69000244140625,114.69000244140625,80.73963928222656,38889400
2021-05-11,113.9800033569336,118.72000122070312,113.31999969482422,118.72000122070312,83.5766830444336,28693600
2021-05-12,118.0,118.45999908447266,113.95999908447266,114.33000183105469,80.4862060546875,31737900
2021-05-13,112.0,114.22000122070312,110.72000122070312,112.48999786376953,79.19087982177734,34338500
2021-05-14,111.19999694824219,111.79000091552734,109.62000274658203,110.55999755859375,77.83219146728516,25644200
2021-05-17,111.5,113.81999969482422,111.16999816894531,113.45999908447266,79.87374877929688,26097500
2021-05-18,114.55999755859375,115.4000015258789,113.19000244140625,114.5999984741211,80.67628479003906,27081500
2021-05-19,112.0999984741211,112.77999877929688,109.83999633789062,112.25,79.02193450927734,32914300
2021-05-20,111.69999694824219,112.0999984741211,110.19999694824219,111.11000061035156,78.21939849853516,20951000
2021-05-21,111.11000061035156,111.25,108.5,109.4000015258789,77.01557922363281,27775000
2021-05-24,108.0,110.13999938964844,107.51000213623047,109.77999877929688,77.28308868408203,19332500
2021-05-25,110.27999877929688,110.88999938964844,106.77999877929688,107.05000305175781,75.36122131347656,23310100
2021-05-26,106.37000274658203,110.31999969482422,106.02999877929688,110.19999694824219,77.57877349853516,28241800
2021-05-27,110.80000305175781,112.08999633789062,109.7699966430664,110.98999786376953,78.1349105834961,55448700
2021-05-28,111.11000061035156,112.75,109.41999816894531,111.58999633789062,78.55728149414062,25153500
2021-05-31,112.5,114.88999938964844,112.5,114.77999877929688,80.8030014038086,17812600
2021-06-01,117.0,118.0,113.19999694824219,113.19999694824219,79.69071197509766,31468400
2021-06-02,114.22000122070312,115.69999694824219,113.5,114.80000305175781,80.81708526611328,20338300
2021-06-04,114.5,114.77999877929688,112.38999938964844,112.9000015258789,79.4795150756836,18455100
2021-06-07,112.19999694824219,112.6500015258789,110.69999694824219,111.80000305175781,78.70513153076172,22746100
2021-06-08,112.4800033569336,112.7699966430664,109.69999694824219,109.91999816894531,77.38165283203125,22676500
2021-06-09,110.0,113.33999633789062,109.19999694824219,112.19999694824219,78.9867172241211,22517600
2021-06-10,112.22000122070312,113.37000274658203,111.04000091552734,111.83000183105469,78.72625732421875,30750900
2021-06-11,113.3499984741211,114.76000213623047,113.0199966430664,114.33999633789062,80.49324798583984,18359200
2021-06-14,114.91000366210938,115.27999877929688,113.12000274658203,113.72000122070312,80.05677795410156,19212700
2021-06-15,113.7699966430664,113.86000061035156,111.25,111.5,78.49394226074219,20587900
2021-06-16,111.5,111.62999725341797,108.02999877929688,108.1500015258789,76.13560485839844,38217700
2021-06-17,107.68000030517578,109.16000366210938,104.9000015258789,105.9000015258789,74.5516357421875,33680600
2021-06-18,107.01000213623047,109.08999633789062,106.5199966430664,109.08999633789062,76.79734802246094,59819400
2021-06-21,107.75,110.69000244140625,107.13999938964844,110.11000061035156,77.51539611816406,22673600
2021-06-22,110.69000244140625,112.08000183105469,110.18000030517578,111.4000015258789,78.42355346679688,18576100
2021-06-23,112.41000366210938,114.25,112.16000366210938,113.06999969482422,79.59919738769531,29491400
2021-06-24,111.72000122070312,111.91999816894531,110.2699966430664,111.02999877929688,79.7066421508789,23136700
2021-06-25,111.5999984741211,113.97000122070312,111.4000015258789,112.4000015258789,80.69014739990234,26139200
2021-06-28,113.23999786376953,113.69999694824219,110.01000213623047,110.5999984741211,79.39793395996094,18866400
2021-06-29,110.5999984741211,113.05000305175781,110.5999984741211,112.51000213623047,80.76908874511719,19589500
2021-06-30,111.83000183105469,114.27999877929688,111.68000030517578,113.25,81.30033111572266,18903100
2021-07-01,113.41000366210938,114.36000061035156,110.76000213623047,111.27999877929688,79.88610076904297,22129200
2021-07-02,112.0,113.62000274658203,111.58000183105469,113.58000183105469,81.53723907470703,19688800
2021-07-05,113.9000015258789,113.95999908447266,112.27999877929688,113.16999816894531,81.24290466308594,13732900
2021-07-06,113.5,114.3499984741211,112.66999816894531,113.7699966430664,81.67363739013672,19028000
2021-07-07,114.80999755859375,115.58000183105469,114.0,114.0999984741211,81.91053771972656,21460000
2021-07-08,112.0199966430664,114.51000213623047,111.5,113.66000366210938,81.59468078613281,21824500
2021-07-12,115.30999755859375,116.30000305175781,115.0,115.06999969482422,82.60689544677734,22333300
2021-07-13,115.0999984741211,115.91000366210938,114.8499984741211,115.75,83.09504699707031,12698500
2021-07-14,116.26000213623047,116.43000030517578,114.44000244140625,115.12000274658203,82.64278411865234,19483600
2021-07-15,114.98999786376953,116.16000366210938,114.5,115.4800033569336,82.90121459960938,18236100
2021-07-16,115.33999633789062,115.87000274658203,113.0,113.4000015258789,81.40802001953125,19576800
2021-07-19,112.0,112.16000366210938,110.20999908447266,112.16000366210938,80.51785278320312,18644300
2021-07-20,112.16000366210938,113.12000274658203,110.20999908447266,113.0999984741211,81.19265747070312,13066600
2021-07-21,112.76000213623047,114.87000274658203,112.5,114.4000015258789,82.12590789794922,19607100
2021-07-22,113.68000030517578,114.69999694824219,112.69000244140625,114.69999694824219,82.34127044677734,12083800
2021-07-23,113.62000274658203,114.48999786376953,112.80000305175781,114.12000274658203,81.92489624023438,13163300
2021-07-26,114.44000244140625,116.8499984741211,114.44000244140625,116.5999984741211,83.70525360107422,16419900
2021-07-27,115.69999694824219,116.05000305175781,113.88999938964844,114.18000030517578,81.96796417236328,22106500
2021-07-28,115.5,117.5999984741211,115.25,117.30000305175781,84.20777130126953,25209200
2021-07-29,116.37000274658203,117.55999755859375,114.75,115.56999969482422,82.96582794189453,30576800
2021-07-30,113.51000213623047,113.51000213623047,108.76000213623047,108.76000213623047,78.0770492553711,41956700
2021-08-02,110.9000015258789,111.37000274658203,108.93000030517578,108.93000030517578,78.1990737915039,23109400
2021-08-03,109.77999877929688,113.02999877929688,109.44000244140625,112.63999938964844,80.8624267578125,36641400
2021-08-04,112.0,113.25,111.62000274658203,112.5199966430664,80.77627563476562,18828200
2021-08-05,109.63999938964844,109.98999786376953,107.9000015258789,109.08000183105469,78.3067626953125,32215200
2021-08-06,109.8499984741211,110.88999938964844,109.5,109.69999694824219,78.7518539428711,19273100
2021-08-09,108.19999694824219,109.44999694824219,107.68000030517578,109.01000213623047,78.25650024414062,21502300
2021-08-10,108.94999694824219,110.73999786376953,108.83999633789062,110.05999755859375,79.01029205322266,17440500
2021-08-11,110.19000244140625,110.5,109.26000213623047,109.2699966430664,78.44315338134766,14680600
2021-08-12,109.19999694824219,109.9800033569336,108.83000183105469,109.19999694824219,78.39290618896484,14849500
2021-08-13,109.69999694824219,109.9000015258789,107.95999908447266,108.30000305175781,77.74681091308594,11855200
2021-08-16,107.23999786376953,108.9000015258789,105.91999816894531,108.80000305175781,78.10575866699219,21856700
2021-08-17,108.11000061035156,109.31999969482422,105.66000366210938,107.0,76.81356048583984,23402600
2021-08-18,105.73999786376953,105.73999786376953,103.41000366210938,103.41000366210938,74.23635864257812,35379200
2021-08-19,98.66000366210938,100.27999877929688,97.30000305175781,97.51000213623047,70.0008316040039,60456900
2021-08-20,97.58999633789062,99.0999984741211,97.44000244140625,97.55000305175781,70.02957153320312,31351100
2021-08-23,97.55999755859375,97.93000030517578,96.16000366210938,96.19999694824219,69.06040954589844,19773500
2021-08-24,99.37999725341797,101.2699966430664,99.0999984741211,99.70999908447266,71.5802001953125,29779200
2021-08-25,100.08999633789062,100.45999908447266,98.55000305175781,99.5,71.42943572998047,15088600
2021-08-26,99.48999786376953,99.80000305175781,98.2300033569336,98.2300033569336,70.51773071289062,18032300
2021-08-27,99.01000213623047,101.0,98.9000015258789,100.69000244140625,72.28370666503906,19572800
2021-08-30,100.81999969482422,101.63999938964844,99.94999694824219,100.05000305175781,71.82427215576172,13031600
2021-08-31,99.0,99.26000213623047,97.69999694824219,98.68000030517578,70.84076690673828,20433600
2021-09-01,97.36000061035156,99.58999633789062,95.72000122070312,98.8499984741211,70.96281433105469,20847500
2021-09-02,98.7699966430664,100.0,97.91000366210938,98.54000091552734,70.74026489257812,24448600
2021-09-03,100.16000366210938,100.87999725341797,98.51000213623047,98.61000061035156,70.79052734375,38716500
2021-09-06,96.88999938964844,97.55000305175781,96.16000366210938,97.05999755859375,69.67779541015625,11916100
2021-09-08,96.47000122070312,96.7300033569336,94.69999694824219,95.04000091552734,68.22766876220703,22635100
2021-09-09,95.16000366210938,95.72000122070312,93.16999816894531,94.69999694824219,67.98358154296875,28997700
2021-09-10,95.51000213623047,96.19000244140625,94.80999755859375,94.80999755859375,68.06255340576172,18022000
2021-09-13,94.69999694824219,95.0,93.94000244140625,94.76000213623047,68.02667236328125,18832800
2021-09-14,95.1500015258789,95.58000183105469,93.06999969482422,94.08999633789062,67.54568481445312,25571600
2021-09-15,93.87999725341797,94.44000244140625,91.73999786376953,91.73999786376953,65.85865783691406,35084400
2021-09-16,90.43000030517578,90.43000030517578,87.91999816894531,87.93000030517578,63.12351608276367,39726500
2021-09-17,88.29000091552734,88.79000091552734,85.08000183105469,86.1500015258789,61.84568786621094,74648800
2021-09-20,82.80000305175781,83.94000244140625,81.13999938964844,82.75,59.404876708984375,49636100
2021-09-21,84.69999694824219,84.69999694824219,82.51000213623047,84.12000274658203,60.38837814331055,32380300
2021-09-22,88.0999984741211,89.4800033569336,86.51000213623047,87.11000061035156,62.53485870361328,62161000
2021-09-23,79.19999694824219,80.33999633789062,77.62000274658203,78.91000366210938,62.53266525268555,47485400
2021-09-24,78.29000091552734,78.79000091552734,77.0,77.69000244140625,61.56586837768555,26631600
2021-09-27,78.5999984741211,79.33000183105469,76.5,78.80000305175781,62.44550704956055,38386300
2021-09-28,77.4800033569336,77.80000305175781,74.55999755859375,74.8499984741211,59.315303802490234,35896000
2021-09-29,75.7699966430664,76.80000305175781,74.8499984741211,75.80000305175781,60.06813049316406,39704900
2021-09-30,77.4000015258789,78.33999633789062,75.7300033569336,76.23999786376953,60.416805267333984,39151000
2021-10-01,76.75,77.30999755859375,75.68000030517578,76.19999694824219,60.38510513305664,23191700
2021-10-04,76.58999633789062,77.0,75.44000244140625,75.48999786376953,59.82246017456055,25090000
2021-10-05,75.98999786376953,76.0999984741211,74.94999694824219,74.94999694824219,59.39455032348633,21889400
2021-10-06,74.05999755859375,77.2699966430664,73.91999816894531,77.05999755859375,61.06661605834961,27318400
2021-10-07,78.33999633789062,80.37000274658203,77.70999908447266,79.36000061035156,62.88927459716797,33115300
2021-10-08,81.45999908447266,81.83999633789062,79.58999633789062,79.8499984741211,63.27757263183594,37172600
2021-10-11,81.9000015258789,83.0999984741211,80.73999786376953,81.62000274658203,64.68022918701172,28327900
2021-10-13,80.80000305175781,80.80000305175781,79.16999816894531,79.19999694824219,62.762481689453125,32052800
2021-10-14,79.98999786376953,80.23999786376953,79.12999725341797,79.19999694824219,62.762481689453125,24030000
2021-10-15,79.48999786376953,80.94999694824219,79.30000305175781,80.68000030517578,63.93531799316406,26927200
2021-10-18,79.91000366210938,80.4000015258789,78.4800033569336,79.91999816894531,63.33304214477539,20912800
2021-10-19,79.72000122070312,80.23999786376953,78.80999755859375,79.0,62.60398864746094,20804500
2021-10-20,78.37000274658203,78.37000274658203,76.27999877929688,76.66999816894531,60.757564544677734,27576600
2021-10-21,74.5,75.16000366210938,72.94999694824219,75.16000366210938,59.56095886230469,37556500
2021-10-22,74.66999816894531,77.0999984741211,74.63999938964844,76.08000183105469,60.2900276184082,35142600
2021-10-25,77.19999694824219,77.56999969482422,76.37000274658203,77.0,61.019073486328125,17950000
2021-10-26,77.01000213623047,77.06999969482422,76.06999969482422,76.18000030517578,60.369266510009766,16674100
2021-10-27,75.9800033569336,76.7300033569336,74.44999694824219,74.44999694824219,58.99831771850586,20087300
2021-10-28,74.44999694824219,74.68000030517578,73.55000305175781,73.69999694824219,58.40396499633789,22719000
2021-10-29,73.0199966430664,73.16000366210938,71.0199966430664,71.61000061035156,56.74774169921875,30268500
2021-11-01,72.0,72.86000061035156,71.1500015258789,72.31999969482422,57.310386657714844,19649600
2021-11-03,70.5999984741211,70.9000015258789,66.61000061035156,66.83000183105469,52.95980453491211,77316900
2021-11-04,66.88999938964844,67.62000274658203,65.62000274658203,66.06999969482422,52.35753631591797,30122100
2021-11-05,66.43000030517578,66.66000366210938,64.0,64.11000061035156,50.8043212890625,35954600
2021-11-08,64.4000015258789,68.1500015258789,64.33000183105469,67.5999984741211,53.56998825073242,27722000
2021-11-09,67.25,67.30000305175781,65.2300033569336,65.94000244140625,52.25452423095703,20961500
2021-11-10,64.61000061035156,66.27999877929688,64.4000015258789,65.69000244140625,52.0564079284668,22492600
2021-11-11,68.45999908447266,69.26000213623047,67.5999984741211,68.01000213623047,53.89490509033203,28795100
2021-11-12,67.18000030517578,69.58999633789062,67.01000213623047,68.30000305175781,54.12471389770508,24542500
2021-11-16,68.0,68.06999969482422,66.19000244140625,66.33000183105469,52.56357955932617,17207900
2021-11-17,66.98999786376953,67.70999908447266,65.0,65.0,51.50960922241211,25487600
2021-11-18,64.20999908447266,64.6500015258789,61.849998474121094,62.33000183105469,49.39375686645508,51343900
2021-11-19,63.27000045776367,64.80000305175781,62.810001373291016,64.02999877929688,50.74092102050781,26849500
2021-11-22,65.55000305175781,69.0199966430664,65.1500015258789,67.58999633789062,53.562068939208984,44693500
2021-11-23,70.61000061035156,71.97000122070312,69.20999908447266,69.37000274658203,54.97263717651367,30391600
2021-11-24,70.11000061035156,70.9800033569336,69.51000213623047,70.9800033569336,56.24850082397461,20764100
2021-11-25,71.29000091552734,71.29000091552734,69.80000305175781,70.5,55.868106842041016,17199200
2021-11-26,67.5,69.36000061035156,67.5,68.63999938964844,54.3941535949707,22664200
2021-11-29,70.27999877929688,70.5999984741211,69.16000366210938,69.5,55.075653076171875,18164000
2021-11-30,69.0,71.44999694824219,68.69000244140625,69.94999694824219,55.4322624206543,42668700
2021-12-01,71.30000305175781,71.94999694824219,69.97000122070312,70.2300033569336,55.65414810180664,28194700
2021-12-02,70.97000122070312,73.55999755859375,70.11000061035156,73.48999786376953,58.23755645751953,24888400
2021-12-03,73.08999633789062,74.33999633789062,71.0,71.87000274658203,56.95378112792969,34451500
2021-12-06,72.87000274658203,75.98999786376953,71.95999908447266,75.7699966430664,60.04435729980469,28848800
2021-12-07,78.27999877929688,79.80999755859375,76.0999984741211,76.33000183105469,60.48813247680664,37125100
2021-12-08,76.98999786376953,76.98999786376953,74.9800033569336,75.76000213623047,60.03642654418945,24281000
2021-12-09,74.88999938964844,75.94999694824219,74.44999694824219,75.18000030517578,59.57680892944336,16925200
2021-12-10,75.5,76.19999694824219,74.83999633789062,75.6500015258789,59.94926452636719,16827100
2021-12-13,77.5,78.7300033569336,77.38999938964844,77.86000061035156,61.70058822631836,31699100
2021-12-14,78.5199966430664,78.88999938964844,77.2300033569336,77.8499984741211,61.69266128540039,21063500
2021-12-15,78.08000183105469,78.18000030517578,76.19999694824219,77.41000366210938,61.343990325927734,22112200
2021-12-16,79.0,80.45999908447266,78.45999908447266,80.44000244140625,63.7451286315918,30125700
2021-12-17,79.9000015258789,80.66999816894531,79.06999969482422,79.16999816894531,62.738712310791016,38744500
2021-12-20,78.0,78.9000015258789,77.27999877929688,78.27999877929688,62.03342056274414,19195400
2021-12-21,79.80000305175781,80.38999938964844,79.1500015258789,80.33999633789062,63.66586685180664,19590300
2021-12-22,79.88999938964844,80.1500015258789,78.58000183105469,79.91999816894531,63.33304214477539,18655600
2021-12-23,79.94999694824219,80.05999755859375,78.80000305175781,79.1500015258789,62.722862243652344,13121200
2021-12-27,78.87000274658203,79.44999694824219,78.26000213623047,78.94999694824219,62.564369201660156,11371400
2021-12-28,78.51000213623047,78.52999877929688,76.56999969482422,77.05000305175781,61.05869674682617,18923700
2021-12-29,76.37999725341797,77.9800033569336,76.3499984741211,77.25,61.21719741821289,12113500
2021-12-30,77.98999786376953,78.9800033569336,77.61000061035156,77.95999908447266,61.77983474731445,26568500
2022-01-03,79.0,79.97000122070312,78.0,78.0,61.81153106689453,18557200
2022-01-04,78.51000213623047,79.06999969482422,76.9000015258789,77.08000183105469,61.08247375488281,18178700
2022-01-05,77.37000274658203,78.68000030517578,77.12999725341797,77.80999755859375,61.66096878051758,22039000
2022-01-06,78.63999938964844,80.3499984741211,78.30999755859375,79.37999725341797,62.90512466430664,22044100
2022-01-07,80.4000015258789,84.0,79.79000091552734,84.0,66.5662612915039,35213100
2022-01-10,82.48999786376953,84.2699966430664,82.30000305175781,83.0,65.77381134033203,25056700
2022-01-11,83.4800033569336,85.1500015258789,83.30999755859375,84.58000183105469,67.02589416503906,28418800
2022-01-12,86.48999786376953,86.58000183105469,84.93000030517578,85.5,67.75494384765625,27335400
2022-01-13,84.83999633789062,85.2300033569336,83.69999694824219,84.19999694824219,66.72476196289062,23154200
2022-01-14,83.72000122070312,84.93000030517578,82.91000366210938,84.69000244140625,67.1130599975586,21183400
2022-01-17,84.0,84.5999984741211,84.0,84.25,66.7643814086914,9688500
2022-01-18,84.58000183105469,86.87999725341797,84.4800033569336,86.30999755859375,68.39683532714844,24080200
2022-01-19,88.4800033569336,89.0,87.87999725341797,88.20999908447266,69.90251922607422,29332500
2022-01-20,88.80000305175781,88.97000122070312,86.63999938964844,86.70999908447266,68.71382141113281,22748800
2022-01-21,86.47000122070312,86.7300033569336,84.33999633789062,84.91000366210938,67.28740692138672,32752300
2022-01-24,83.69999694824219,83.95999908447266,82.08000183105469,83.87000274658203,66.46324157714844,29040100
2022-01-25,84.05999755859375,85.05000305175781,83.05000305175781,84.05999755859375,66.61381530761719,22490500
2022-01-26,85.9000015258789,86.55999755859375,83.81999969482422,84.30000305175781,66.80400848388672,25806800
2022-01-27,85.0,85.45999908447266,83.2699966430664,84.48999786376953,66.9545669555664,20994900
2022-01-28,85.58000183105469,86.3499984741211,82.83000183105469,83.66000366210938,66.29682159423828,28453000
2022-01-31,82.94000244140625,82.94000244140625,80.87000274658203,80.87000274658203,64.08588409423828,31397700
2022-02-01,81.5,85.33000183105469,81.37000274658203,85.30999755859375,67.60438537597656,24131300
2022-02-02,85.5,86.29000091552734,84.72000122070312,85.79000091552734,67.98475646972656,17489000
2022-02-03,86.30000305175781,86.77999877929688,85.31999969482422,85.75,67.95306396484375,19179400
2022-02-04,85.75,88.16999816894531,85.55000305175781,88.0,69.73609161376953,24535400
2022-02-07,88.1500015258789,90.23999786376953,88.1500015258789,90.12999725341797,71.42401885986328,24915800
2022-02-08,90.44999694824219,91.4800033569336,89.5,91.38999938964844,72.42251586914062,26598600
2022-02-09,90.0,91.80000305175781,89.33000183105469,91.41000366210938,72.43836212158203,24815300
2022-02-10,92.44999694824219,94.4800033569336,92.02999877929688,93.87000274658203,74.38780212402344,47888900
2022-02-11,93.36000061035156,93.4000015258789,91.5999984741211,91.97000122070312,72.88214111328125,34555300
2022-02-14,91.11000061035156,92.16999816894531,90.81999969482422,91.56999969482422,72.56515502929688,22804400
2022-02-15,89.0199966430664,89.94000244140625,87.69999694824219,88.8499984741211,70.40966796875,29624900
2022-02-16,89.44000244140625,90.62000274658203,89.0999984741211,89.5,70.92477416992188,20774700
2022-02-17,88.8499984741211,89.0,85.37000274658203,85.6500015258789,67.87381744384766,36259300
2022-02-18,86.44000244140625,87.02999877929688,85.43000030517578,85.83000183105469,68.01644897460938,22690600
2022-02-21,86.5999984741211,87.98999786376953,85.5,85.9000015258789,68.07193756103516,14561000
2022-02-22,86.69000244140625,87.4000015258789,85.80000305175781,87.38999938964844,69.252685546875,23591200
2022-02-23,88.08999633789062,88.33999633789062,85.55000305175781,86.47000122070312,68.52364349365234,24413800
2022-02-24,84.62000274658203,88.04000091552734,83.7300033569336,87.54000091552734,69.3715591430664,37212500
2022-02-25,86.5199966430664,92.41000366210938,85.0999984741211,92.27999877929688,73.12779998779297,51028300
2022-03-02,98.97000122070312,99.69999694824219,97.05999755859375,99.6500015258789,78.96818542480469,42191500
2022-03-03,100.19999694824219,101.26000213623047,99.5,99.69999694824219,79.0078125,38621400
2022-03-04,98.68000030517578,102.08999633789062,98.12000274658203,101.97000122070312,80.80668640136719,30533200
2022-03-07,104.44000244140625,105.9000015258789,103.87000274658203,105.06999969482422,83.2633056640625,55305300
2022-03-08,106.98999786376953,107.11000061035156,99.72000122070312,100.45999908447266,79.61009216308594,53060200
2022-03-09,95.79000091552734,95.80000305175781,92.55999755859375,94.19000244140625,77.51102447509766,41051200
2022-03-10,94.5,97.30000305175781,94.08000183105469,97.30000305175781,80.0703125,33107000
2022-03-11,97.43000030517578,98.41000366210938,96.76000213623047,96.79000091552734,79.65061950683594,24321500
2022-03-14,94.9800033569336,95.19999694824219,91.25,91.5999984741211,75.37964630126953,37172800
2022-03-15,88.98999786376953,89.58000183105469,87.27999877929688,88.97000122070312,73.21537017822266,47128500
2022-03-16,91.88999938964844,93.87999725341797,89.30999755859375,91.12999725341797,74.99287414550781,37906100
2022-03-17,92.9000015258789,94.9800033569336,92.56999969482422,94.30000305175781,77.6015396118164,40663500
2022-03-18,95.41000366210938,96.08999633789062,93.80000305175781,96.08999633789062,79.0745620727539,46080900
2022-03-21,97.33000183105469,99.43000030517578,97.1500015258789,98.80999755859375,81.31291961669922,25374600
2022-03-22,98.51000213623047,98.95999908447266,96.19000244140625,96.5999984741211,79.49425506591797,29489800
2022-03-23,97.5,98.94000244140625,96.29000091552734,96.44999694824219,79.37081146240234,26309600
2022-03-24,96.19999694824219,97.5999984741211,95.30999755859375,96.91000366210938,79.74938201904297,23122800
2022-03-25,97.69999694824219,98.30000305175781,94.30000305175781,95.2300033569336,78.36685943603516,22505500
2022-03-28,95.69999694824219,96.33999633789062,93.61000061035156,95.33999633789062,78.45738220214844,16274200
2022-03-29,95.33999633789062,95.66000366210938,93.4000015258789,94.5199966430664,77.7825698852539,38228800
2022-03-30,96.31999969482422,97.11000061035156,95.2699966430664,95.87000274658203,78.89352416992188,22007500
2022-03-31,96.41999816894531,96.88999938964844,95.36000061035156,95.5999984741211,78.67134094238281,17981400
2022-04-01,96.77999877929688,97.5,96.06999969482422,96.95999908447266,79.7905044555664,22457700
2022-04-04,96.7699966430664,98.25,96.55000305175781,97.94000244140625,80.59698486328125,16914000
2022-04-05,97.36000061035156,97.77999877929688,94.81999969482422,95.11000061035156,78.26811218261719,25764400
2022-04-06,95.33000183105469,96.72000122070312,95.33000183105469,96.55000305175781,79.45311737060547,22615800
2022-04-07,95.5,97.69000244140625,95.13999938964844,97.12999725341797,79.93040466308594,19946600
2022-04-08,96.63999938964844,97.4000015258789,94.62000274658203,95.1500015258789,78.30103302001953,26887400
2022-04-11,93.80999755859375,94.70999908447266,92.91999816894531,94.0,77.35466766357422,16515800
2022-04-12,95.0999984741211,95.61000061035156,93.23999786376953,93.37000274658203,76.83621978759766,16822600
2022-04-13,93.48999786376953,94.37999725341797,92.80999755859375,93.4000015258789,76.86091613769531,23674700
2022-04-14,93.30999755859375,94.0,91.36000061035156,92.08999633789062,75.78288269042969,24980700
2022-04-18,91.61000061035156,92.0,90.01000213623047,90.56999969482422,74.53204345703125,14812600
2022-04-19,89.69000244140625,89.69000244140625,86.83999633789062,87.68000030517578,72.15380859375,34550900
2022-04-20,86.61000061035156,86.66999816894531,84.4000015258789,85.4000015258789,70.27753448486328,29635700
2022-04-22,83.25,83.4000015258789,80.08000183105469,80.44999694824219,66.20407104492188,39058200
2022-04-25,77.94000244140625,79.61000061035156,77.54000091552734,79.08000183105469,65.07667541503906,38943700
2022-04-26,79.08000183105469,79.31999969482422,77.8499984741211,78.0,64.18791198730469,37069400
2022-04-27,80.45999908447266,82.69999694824219,80.1500015258789,82.16999816894531,67.61949920654297,49408800
2022-04-28,85.0199966430664,85.55000305175781,80.83000183105469,84.19999694824219,69.29003143310547,56032800
2022-04-29,86.18000030517578,87.19999694824219,83.29000091552734,83.29000091552734,68.54116821289062,47492200
2022-05-02,83.16000366210938,83.19999694824219,80.63999938964844,82.91999816894531,68.23668670654297,31473600
2022-05-03,82.94999694824219,84.20999908447266,82.19000244140625,82.5,67.89105224609375,27364600
2022-05-04,81.93000030517578,82.18000030517578,79.8499984741211,81.80999755859375,67.3232421875,34032200
2022-05-05,81.55000305175781,83.19999694824219,79.08000183105469,80.33000183105469,66.1053237915039,30906600
2022-05-06,79.19999694824219,80.9000015258789,78.25,79.76000213623047,65.63624572753906,25204100
2022-05-09,77.52999877929688,77.9800033569336,76.08000183105469,76.48999786376953,62.94529342651367,37050200
2022-05-10,76.2699966430664,76.94000244140625,74.87000274658203,75.54000091552734,62.16352081298828,31905000
2022-05-11,77.37000274658203,79.88999938964844,77.12000274658203,78.69000244140625,64.75572967529297,33933400
2022-05-12,77.05000305175781,77.9000015258789,75.87000274658203,77.9000015258789,64.10562133789062,27737200
2022-05-13,78.41999816894531,79.3499984741211,77.80000305175781,77.80999755859375,64.03156280517578,26086800
2022-05-16,78.68000030517578,80.63999938964844,78.5199966430664,80.13999938964844,65.94896697998047,23828800
2022-05-17,81.8499984741211,81.91999816894531,78.86000061035156,79.80000305175781,65.66917419433594,29305300
2022-05-18,78.70999908447266,79.25,77.41999816894531,77.77999877929688,64.00687408447266,30631700
2022-05-19,77.77999877929688,80.37999725341797,77.47000122070312,79.8499984741211,65.71031951904297,29984300
2022-05-20,82.01000213623047,82.45999908447266,80.58000183105469,81.26000213623047,66.87064361572266,38372000
2022-05-23,82.30000305175781,83.6500015258789,82.2699966430664,82.91999816894531,68.23668670654297,27632800
2022-05-24,81.81999969482422,84.08999633789062,81.0,84.04000091552734,69.15837097167969,35176800
2022-05-25,84.0,84.80000305175781,83.41000366210938,84.30000305175781,69.37232971191406,24607700
2022-05-26,84.16000366210938,84.6500015258789,83.0999984741211,84.25,69.33116912841797,27450600
2022-05-27,84.9000015258789,85.87999725341797,84.69999694824219,85.72000122070312,70.5408706665039,19834500
2022-05-30,86.27999877929688,87.41000366210938,86.01000213623047,86.6500015258789,71.30618286132812,16147900
2022-05-31,87.22000122070312,87.43000030517578,85.01000213623047,86.20999908447266,70.944091796875,41369800
2022-06-01,86.19000244140625,88.77999877929688,86.0,88.23999786376953,72.61463165283203,26258900
2022-06-02,90.0,90.27999877929688,89.0,89.9000015258789,73.98068237304688,25142400
2022-06-03,89.5,89.80999755859375,88.36000061035156,88.45999908447266,72.7956771850586,18431900
2022-06-06,89.63999938964844,89.79000091552734,88.55000305175781,88.55000305175781,72.86974334716797,14932800
2022-06-07,88.23999786376953,90.88999938964844,88.11000061035156,90.62000274658203,74.57318878173828,27004800
2022-06-08,89.77999877929688,90.33000183105469,86.8499984741211,87.5,72.00566864013672,26959100
2022-06-09,87.0,87.0,84.44999694824219,84.54000091552734,69.56982421875,36291100
2022-06-10,83.37000274658203,84.98999786376953,82.37999725341797,84.55999755859375,69.58627319335938,28689500
2022-06-13,82.0999984741211,82.87000274658203,80.0999984741211,81.87999725341797,67.38085174560547,31050500
2022-06-14,82.33000183105469,82.80000305175781,80.88999938964844,81.72000122070312,67.24918365478516,22634500
2022-06-15,82.0999984741211,83.7699966430664,81.54000091552734,81.66999816894531,67.2080307006836,33610300
2022-06-17,79.3499984741211,79.3499984741211,76.11000061035156,77.41000366210938,63.702396392822266,56914600
2022-06-20,75.5999984741211,76.18000030517578,74.25,75.5,62.1306037902832,26725700
2022-06-21,76.80000305175781,77.63999938964844,75.76000213623047,76.0,62.54206085205078,20981000
2022-06-22,74.0,76.05000305175781,73.37999725341797,75.3499984741211,62.00716781616211,32228300
2022-06-23,76.44000244140625,77.30999755859375,72.43000030517578,72.5999984741211,59.74412536621094,31943300
2022-06-24,72.77999877929688,74.87999725341797,72.5999984741211,74.62000274658203,61.406436920166016,22394300
2022-06-27,76.5,78.97000122070312,76.05999755859375,78.05000305175781,64.22905731201172,28825700
2022-06-28,80.0,80.2300033569336,78.77999877929688,79.44999694824219,65.38114929199219,26052000
2022-06-29,79.61000061035156,80.08999633789062,78.04000091552734,78.79000091552734,64.83802032470703,18636600
2022-06-30,76.98999786376953,78.05000305175781,76.16999816894531,76.55999755859375,63.002899169921875,27471300
2022-07-01,75.5199966430664,76.52999877929688,73.80000305175781,75.0999984741211,61.80143356323242,26721000
2022-07-04,74.0,75.01000213623047,73.58000183105469,74.66999816894531,61.44758224487305,12474200
2022-07-05,74.33999633789062,74.41999816894531,72.56999969482422,74.30000305175781,61.143096923828125,26472200
2022-07-06,74.6500015258789,75.44999694824219,73.54000091552734,75.0,61.719139099121094,23138800
2022-07-07,77.26000213623047,78.22000122070312,76.87999725341797,77.18000030517578,63.51310729980469,34251200
2022-07-08,76.83000183105469,77.86000061035156,75.30000305175781,75.4000015258789,62.048316955566406,24149200
2022-07-11,74.1500015258789,74.16000366210938,72.55999755859375,72.83000183105469,59.933406829833984,22076800
2022-07-12,72.0,73.16999816894531,71.05999755859375,73.05000305175781,60.11445236206055,22460000
2022-07-13,72.94999694824219,73.63999938964844,72.30999755859375,72.80000305175781,59.908714294433594,22980800
2022-07-14,70.5,70.83000183105469,67.55999755859375,67.94999694824219,55.917537689208984,57715800
2022-07-15,67.5,68.48999786376953,66.6500015258789,68.37000274658203,56.26317596435547,36589000
2022-07-18,70.38999938964844,70.38999938964844,68.69999694824219,68.7300033569336,56.55942153930664,22131300
2022-07-19,68.20999908447266,69.2699966430664,67.98999786376953,68.87999725341797,56.682865142822266,21785500
2022-07-20,68.45999908447266,68.4800033569336,66.18000030517578,67.38999938964844,55.45670700073242,40427400
2022-07-21,67.30999755859375,68.62000274658203,66.63999938964844,68.56999969482422,56.427757263183594,26987300
2022-07-22,69.80000305175781,70.75,68.97000122070312,69.20999908447266,56.95442581176758,27884000
2022-07-25,70.66000366210938,71.2300033569336,70.04000091552734,70.48999786376953,58.00775909423828,19833200
2022-07-26,71.31999969482422,71.41999816894531,69.58000183105469,70.36000061035156,57.900787353515625,19791500
2022-07-27,69.97000122070312,70.62000274658203,69.30999755859375,70.5199966430664,58.032447814941406,21666900
2022-07-28,71.45999908447266,71.97000122070312,70.30999755859375,70.69000244140625,58.17235565185547,21778700
2022-07-29,69.66999816894531,70.31999969482422,68.02999877929688,69.75,57.398807525634766,77006600
2022-08-01,68.94000244140625,69.8499984741211,67.93000030517578,68.08000183105469,56.02452850341797,38874000
2022-08-02,68.33000183105469,70.47000122070312,66.9800033569336,70.25,57.81025695800781,32636900
2022-08-03,70.05999755859375,70.1500015258789,67.5199966430664,67.5199966430664,55.563690185546875,31934600
2022-08-04,67.66999816894531,68.05000305175781,66.81999969482422,67.12999725341797,55.24274444580078,40540800
2022-08-05,67.88999938964844,68.75,67.5,68.0,55.95869064331055,36129300
2022-08-08,68.83000183105469,69.13999938964844,67.76000213623047,68.58000183105469,56.43599319458008,35705300
2022-08-09,68.58999633789062,70.16000366210938,68.1500015258789,70.0,57.60453796386719,35174600
2022-08-10,70.7300033569336,70.80999755859375,69.12000274658203,70.05000305175781,57.64568328857422,30202200
2022-08-11,70.80000305175781,73.6500015258789,70.55000305175781,72.48999786376953,59.65361785888672,51158600
2022-08-12,68.77999877929688,69.80000305175781,68.30000305175781,69.80000305175781,60.4171028137207,35608400
2022-08-15,68.0,68.55000305175781,67.04000091552734,68.30000305175781,59.11874008178711,26735800
2022-08-16,69.5,70.3499984741211,69.11000061035156,69.81999969482422,60.434410095214844,22070200
2022-08-17,68.31999969482422,68.80000305175781,67.88999938964844,68.2300033569336,59.058143615722656,29131700
2022-08-18,68.30000305175781,68.61000061035156,67.70999908447266,67.72000122070312,58.61670684814453,27692000
2022-08-19,67.0,67.44000244140625,66.4800033569336,66.95999908447266,57.958866119384766,45903800
2022-08-22,66.80000305175781,66.91000366210938,65.83000183105469,65.9800033569336,57.11060333251953,19335700
2022-08-23,66.77999877929688,70.30000305175781,66.6500015258789,70.20999908447266,60.7719841003418,37223500
2022-08-24,69.77999877929688,70.25,67.80999755859375,67.94999694824219,58.8157844543457,28773800
2022-08-25,68.9000015258789,69.43000030517578,68.25,69.2699966430664,59.95833969116211,24956700
2022-08-26,69.6500015258789,71.19999694824219,68.2300033569336,68.2300033569336,59.058143615722656,28510100
2022-08-29,67.5,67.9000015258789,66.8499984741211,66.91000366210938,57.915584564208984,22128100
2022-08-30,65.94000244140625,66.58000183105469,64.4000015258789,64.97000122070312,56.236366271972656,34469300
2022-08-31,65.41999816894531,65.68000030517578,64.5,64.5,55.829551696777344,33242900
2022-09-01,63.97999954223633,63.97999954223633,61.900001525878906,63.88999938964844,55.301551818847656,40922200
2022-09-02,64.48999786376953,64.81999969482422,62.91999816894531,62.91999816894531,54.46194839477539,49910300
2022-09-05,64.44999694824219,66.4800033569336,64.2300033569336,65.22000122070312,56.45276641845703,24319700
2022-09-06,64.66999816894531,65.55000305175781,63.59000015258789,63.66999816894531,55.11112594604492,24525000
2022-09-08,64.16999816894531,64.69999694824219,63.560001373291016,64.51000213623047,55.83820724487305,24144700
2022-09-09,66.55000305175781,69.63999938964844,66.23999786376953,69.55000305175781,60.20071029663086,49273400
2022-09-12,70.08999633789062,70.5999984741211,69.26000213623047,70.16000366210938,60.72869873046875,24797600
2022-09-13,69.31999969482422,71.0,68.08999633789062,68.25,59.0754508972168,29457800
2022-09-14,67.75,68.9800033569336,66.47000122070312,67.0,57.993492126464844,31018300
2022-09-15,67.80000305175781,68.62999725341797,67.18000030517578,68.3499984741211,59.16201400756836,36958800
2022-09-16,67.27999877929688,68.8499984741211,66.58999633789062,68.25,59.0754508972168,65178000
2022-09-19,67.43000030517578,70.55999755859375,67.33000183105469,70.45999908447266,60.988372802734375,34136800
2022-09-20,69.80000305175781,70.0999984741211,68.4000015258789,69.44999694824219,60.1141471862793,35289700
2022-09-21,69.44999694824219,69.98999786376953,68.41000366210938,68.44999694824219,59.24856948852539,44482000
2022-09-22,70.16999816894531,70.69999694824219,69.27999877929688,70.0199966430664,60.60752487182617,34529500
2022-09-23,68.70999908447266,69.05000305175781,67.83000183105469,68.56999969482422,59.352439880371094,44160700
2022-09-26,67.69999694824219,69.41999816894531,67.63999938964844,68.72000122070312,59.482276916503906,18503200
2022-09-27,67.63999938964844,68.2300033569336,67.19000244140625,67.69999694824219,58.599388122558594,31646600
2022-09-28,67.70999908447266,68.83999633789062,67.44000244140625,68.33999633789062,59.153350830078125,24371000
2022-09-29,67.93000030517578,68.77999877929688,67.3499984741211,68.43000030517578,59.23126220703125,34889700
2022-09-30,68.48999786376953,72.9000015258789,68.26000213623047,72.04000091552734,62.355987548828125,55575000
2022-10-03,73.23999786376953,74.16999816894531,71.12999725341797,74.0,64.0525131225586,42688100
2022-10-04,74.19999694824219,76.25,74.05999755859375,75.79000091552734,65.60189819335938,41717500
2022-10-05,76.29000091552734,77.86000061035156,76.12000274658203,76.95999908447266,66.61461639404297,42621400
2022-10-06,77.19999694824219,77.56999969482422,74.91999816894531,75.2300033569336,65.11717224121094,76852200
2022-10-07,75.36000061035156,79.44000244140625,75.16000366210938,75.51000213623047,65.3595199584961,83593200
2022-10-10,76.41000366210938,77.0199966430664,73.4800033569336,73.98999786376953,64.04385375976562,45515900
2022-10-11,73.19999694824219,74.18000030517578,72.02999877929688,73.48999786376953,63.61106491088867,33885800
2022-10-13,72.25,72.80000305175781,71.05000305175781,72.18000030517578,62.47716522216797,32960000
2022-10-14,72.61000061035156,73.36000061035156,69.5999984741211,69.83000183105469,60.44306564331055,34091700
2022-10-17,70.20999908447266,71.23999786376953,69.26000213623047,70.93000030517578,61.395198822021484,25840500
2022-10-18,72.30000305175781,72.83000183105469,70.73999786376953,71.95999908447266,62.2867431640625,27494000
2022-10-19,71.62999725341797,72.12999725341797,70.58000183105469,71.11000061035156,61.55099868774414,22651000
2022-10-20,70.9800033569336,73.19000244140625,70.31999969482422,72.0199966430664,62.33866882324219,37240700
2022-10-21,71.80000305175781,74.68000030517578,71.44000244140625,74.12999725341797,64.16503143310547,36846800
2022-10-24,73.2699966430664,73.94999694824219,71.18000030517578,71.93000030517578,62.260780334472656,32035800
2022-10-25,71.61000061035156,73.2699966430664,70.91999816894531,71.93000030517578,62.260780334472656,28158100
2022-10-26,71.27999877929688,74.8499984741211,71.12000274658203,73.52999877929688,63.645687103271484,40845700
2022-10-27,72.0,72.12000274658203,69.43000030517578,70.91000366210938,61.37788772583008,52613000
2022-10-28,68.58999633789062,69.05000305175781,66.6500015258789,67.44999694824219,58.382999420166016,52793500
2022-10-31,66.0,69.4000015258789,65.5199966430664,67.12999725341797,58.106014251708984,39184100
2022-11-01,69.44999694824219,70.80000305175781,68.94999694824219,69.16999816894531,59.87178039550781,42670000
2022-11-03,67.63999938964844,67.94000244140625,66.58000183105469,67.1500015258789,58.123321533203125,34390300
2022-11-04,71.1500015258789,73.38999938964844,70.80000305175781,72.25,62.53775405883789,61191100
2022-11-07,72.0,73.02999877929688,71.44000244140625,71.87000274658203,62.20883560180664,29445500
2022-11-08,71.6500015258789,74.93000030517578,71.6500015258789,74.05000305175781,64.09579467773438,39756500
2022-11-09,74.0999984741211,74.77999877929688,72.5199966430664,73.1500015258789,63.316776275634766,42208500
2022-11-10,71.5,75.47000122070312,71.37999725341797,74.55000305175781,64.52857208251953,47658100
2022-11-11,77.98999786376953,82.98999786376953,77.20999908447266,82.30000305175781,71.23677062988281,80174100
2022-11-14,82.38999938964844,84.44000244140625,81.37999725341797,83.30999755859375,72.11100006103516,43822500
2022-11-16,83.31999969482422,84.7699966430664,81.54000091552734,82.44000244140625,71.35796356201172,32935300
2022-11-17,80.87000274658203,83.29000091552734,80.73999786376953,83.0999984741211,71.92922973632812,31790500
2022-11-18,84.3499984741211,84.48999786376953,80.69999694824219,80.83000183105469,69.9643783569336,44324400
2022-11-21,79.0999984741211,80.19000244140625,78.27999877929688,79.91999816894531,69.17671203613281,27745900
2022-11-22,79.94999694824219,81.45999908447266,79.38999938964844,80.13999938964844,69.36714172363281,27105100
2022-11-23,80.93000030517578,81.36000061035156,79.94000244140625,80.93000030517578,70.05094146728516,22415800
2022-11-24,81.51000213623047,82.38999938964844,80.61000061035156,81.44999694824219,70.50104522705078,12420900
2022-11-25,82.0,82.87999725341797,80.68000030517578,80.9000015258789,70.02497863769531,20477000
2022-11-28,80.5999984741211,82.33999633789062,79.5199966430664,81.30000305175781,70.37120056152344,16166300
2022-11-29,82.8499984741211,85.68000030517578,82.62000274658203,84.44000244140625,73.089111328125,42574300
2022-11-30,85.0,86.62000274658203,84.76000213623047,85.70999908447266,74.1883773803711,59932800
2022-12-01,86.41999816894531,86.75,84.7300033569336,86.18000030517578,74.59520721435547,34319300
2022-12-02,86.76000213623047,87.73999786376953,84.97000122070312,86.80000305175781,75.13186645507812,30213600
2022-12-05,87.9000015258789,88.98999786376953,86.68000030517578,86.70999908447266,75.05396270751953,21896500
2022-12-06,86.98999786376953,88.93000030517578,86.87999725341797,87.97000122070312,76.14458465576172,21335700
2022-12-07,85.91000366210938,86.41999816894531,83.86000061035156,84.83999633789062,73.43534088134766,45441000
2022-12-08,85.5,87.25,85.3499984741211,85.87999725341797,74.33553314208984,29827900
2022-12-09,88.05999755859375,89.54000091552734,87.52999877929688,88.73999786376953,76.81107330322266,37713000
2022-12-12,88.1500015258789,88.30000305175781,85.37999725341797,86.08999633789062,74.5173110961914,34995000
2022-12-13,86.25,87.4000015258789,85.62999725341797,86.16000366210938,74.83173370361328,31559400
2022-12-14,85.75,87.33000183105469,85.5,86.88999938964844,75.46572875976562,34564000
2022-12-15,87.38999938964844,88.16999816894531,86.88999938964844,87.16999816894531,75.70892333984375,24782100
2022-12-16,87.0,87.31999969482422,84.51000213623047,85.68000030517578,74.41483306884766,37762100
2022-12-19,85.0,85.58000183105469,84.23999786376953,85.37000274658203,74.14559173583984,27508500
2022-12-20,85.37000274658203,87.25,85.30999755859375,85.75,74.47563171386719,22657300
2022-12-21,86.9000015258789,87.4000015258789,85.81999969482422,86.23999786376953,74.90119934082031,39183700
2022-12-22,86.27999877929688,86.6500015258789,84.69000244140625,85.75,74.47563171386719,19429200
2022-12-23,85.27999877929688,86.5199966430664,85.08000183105469,86.31999969482422,74.9706802368164,18656500
2022-12-26,86.41999816894531,87.54000091552734,86.33000183105469,87.11000061035156,75.65680694580078,18407500
2022-12-27,88.0,89.6500015258789,87.47000122070312,89.19000244140625,77.46333312988281,26720300
2022-12-28,89.19000244140625,90.20999908447266,88.69999694824219,88.98999786376953,77.28962707519531,23314500
2022-12-29,89.0,89.94999694824219,88.83000183105469,88.87999725341797,77.194091796875,40110800
2023-01-02,88.68000030517578,89.9000015258789,88.52999877929688,89.4000015258789,77.64572143554688,12783800
2023-01-03,89.4000015258789,90.08999633789062,88.88999938964844,89.23999786376953,77.50675964355469,25332600
2023-01-04,89.30000305175781,89.6500015258789,87.94999694824219,89.4000015258789,77.64572143554688,26395300
2023-01-05,89.45999908447266,91.68000030517578,89.0,90.9000015258789,78.9485092163086,29085600
2023-01-06,91.0,92.73999786376953,91.0,92.33999633789062,80.19918060302734,31420600
2023-01-09,91.52999877929688,92.98999786376953,91.25,92.44000244140625,80.28602600097656,19285800
2023-01-10,92.48999786376953,93.9000015258789,92.33999633789062,93.58000183105469,81.2761459350586,19821100
2023-01-11,93.98999786376953,94.4800033569336,92.26000213623047,93.25,80.98953247070312,23834100
2023-01-12,93.4800033569336,94.30000305175781,92.94000244140625,93.73999786376953,81.41510772705078,18058600
2023-01-13,93.69000244140625,94.27999877929688,93.36000061035156,93.81999969482422,81.48458099365234,16905800
2023-01-16,92.0,92.38999938964844,90.83000183105469,92.25,80.12100982666016,19563900
2023-01-17,92.51000213623047,93.2300033569336,91.83000183105469,92.12999725341797,80.01678466796875,18719500
2023-01-18,93.05999755859375,94.2300033569336,92.91000366210938,93.33999633789062,81.06768798828125,16737300
2023-01-19,93.80000305175781,94.37000274658203,93.31999969482422,93.73999786376953,81.41510772705078,21712500
2023-01-20,93.9000015258789,94.56999969482422,93.5,93.98999786376953,81.63223266601562,27103900
2023-01-23,94.3499984741211,94.69999694824219,93.69999694824219,94.30000305175781,81.90148162841797,13534300
2023-01-24,94.30999755859375,95.30000305175781,93.19999694824219,95.30000305175781,82.7699966430664,17439800
2023-01-25,95.19999694824219,96.4000015258789,94.7699966430664,96.19999694824219,83.55166625976562,18282900
2023-01-26,96.5,98.0,96.38999938964844,98.0,85.11500549316406,26876000
2023-01-27,97.8499984741211,98.29000091552734,94.83000183105469,95.31999969482422,82.78736877441406,34682400
2023-01-30,95.9000015258789,96.30000305175781,94.19000244140625,94.9800033569336,82.49208068847656,23820000
2023-01-31,94.30999755859375,94.87999725341797,93.8499984741211,94.51000213623047,82.08386993408203,20658600
2023-02-01,95.19999694824219,95.19999694824219,91.58999633789062,93.45999908447266,81.17192077636719,28818100
2023-02-02,91.69000244140625,91.95999908447266,88.86000061035156,89.13999938964844,77.41991424560547,37844400
2023-02-03,89.76000213623047,90.7699966430664,88.69000244140625,88.94999694824219,77.25489044189453,22545600
2023-02-06,88.19999694824219,88.25,86.66000366210938,87.83999633789062,76.29083251953125,17888700
2023-02-07,87.58999633789062,88.68000030517578,86.98999786376953,88.41999816894531,76.79457092285156,16259700
2023-02-08,89.0999984741211,89.37000274658203,87.5999984741211,88.72000122070312,77.05513000488281,14411000
2023-02-09,88.72000122070312,89.55000305175781,87.47000122070312,88.38999938964844,76.76851654052734,19782200
2023-02-10,88.18000030517578,88.94999694824219,86.36000061035156,86.80000305175781,75.3875732421875,18099100
2023-02-13,85.91999816894531,87.11000061035156,85.30000305175781,86.70999908447266,75.30940246582031,13798500
2023-02-14,87.0,87.72000122070312,86.52999877929688,87.0999984741211,75.64812469482422,20072400
2023-02-15,87.0999984741211,89.23999786376953,86.55999755859375,89.0,77.2983169555664,28465800
2023-02-16,89.29000091552734,90.26000213623047,88.9000015258789,89.19000244140625,77.46333312988281,28740800
2023-02-17,89.5999984741211,89.75,87.54000091552734,88.02999877929688,76.45584869384766,26381400
2023-02-22,87.05000305175781,88.44999694824219,86.56999969482422,87.36000061035156,75.87394714355469,16864400
2023-02-23,87.0,88.06999969482422,85.55000305175781,86.94999694824219,75.51783752441406,21485100
2023-02-24,86.05000305175781,86.4800033569336,84.6500015258789,85.04000091552734,73.85897827148438,17183900
2023-02-27,84.55999755859375,85.37999725341797,83.6500015258789,85.04000091552734,73.85897827148438,14422200
2023-02-28,85.05999755859375,86.5,84.33999633789062,85.31999969482422,74.10216522216797,21127300
2023-03-01,87.7699966430664,89.8499984741211,87.5,89.19999694824219,77.47201538085938,30916600
2023-03-02,89.19999694824219,90.13999938964844,88.41999816894531,89.0,77.2983169555664,21740900
2023-03-03,90.0999984741211,90.30000305175781,88.80999755859375,89.30000305175781,77.55887603759766,19783400
2023-03-06,87.43000030517578,87.9000015258789,86.12000274658203,86.1500015258789,74.82303619384766,27298600
2023-03-07,86.8499984741211,87.4000015258789,84.80000305175781,85.33000183105469,74.11085510253906,20898200
2023-03-08,85.5999984741211,86.41000366210938,85.4000015258789,86.11000061035156,74.78829193115234,22274800
2023-03-09,85.12999725341797,86.48999786376953,84.81999969482422,84.9800033569336,73.8068618774414,24439300
2023-03-10,84.5999984741211,86.18000030517578,84.2699966430664,84.69999694824219,73.56368255615234,21820200
2023-03-13,84.37000274658203,86.0,84.05000305175781,85.05000305175781,73.86766815185547,23460200
2023-03-14,83.12000274658203,84.3499984741211,82.9000015258789,83.9800033569336,74.54014587402344,18077900
2023-03-15,82.0,83.08999633789062,80.0999984741211,81.44999694824219,72.2945327758789,34103400
2023-03-16,81.22000122070312,82.1500015258789,80.70999908447266,81.75,72.56080627441406,20573400
2023-03-17,82.91000366210938,83.5,82.62999725341797,82.7300033569336,73.43065643310547,39906400
2023-03-20,82.72000122070312,83.98999786376953,81.80999755859375,83.41000366210938,74.03421783447266,19650900
2023-03-21,83.22000122070312,83.44000244140625,81.54000091552734,82.70999908447266,73.41290283203125,15692200
2023-03-22,82.0,82.75,81.61000061035156,81.68000030517578,72.49868774414062,18085500
2023-03-23,81.5199966430664,82.18000030517578,78.80999755859375,79.58000183105469,70.63472747802734,26000100
2023-03-24,79.69000244140625,79.86000061035156,78.08999633789062,78.66999816894531,69.82701873779297,27801900
2023-03-27,79.51000213623047,80.08000183105469,78.02999877929688,78.54000091552734,69.71163177490234,14202900
2023-03-28,78.72000122070312,79.9000015258789,78.58999633789062,79.37000274658203,70.4483413696289,13866800
2023-03-29,79.98999786376953,80.83999633789062,79.83999633789062,80.51000213623047,71.46018981933594,17345200
2023-03-30,81.69999694824219,81.94999694824219,81.1500015258789,81.81999969482422,72.62294006347656,14249000
2023-03-31,81.5999984741211,82.16999816894531,79.91000366210938,80.29000091552734,71.2649154663086,22468400
2023-04-03,79.80000305175781,80.38999938964844,79.41000366210938,80.30999755859375,71.28266906738281,13510200
2023-04-04,79.95999908447266,80.18000030517578,77.75,78.04000091552734,69.26783752441406,20485600
2023-04-05,77.75,77.76000213623047,75.9000015258789,76.88999938964844,68.2470932006836,25382600
2023-04-06,76.66999816894531,77.5,76.27999877929688,76.75,68.12284088134766,13976800
2023-04-10,76.75,78.26000213623047,76.69999694824219,78.2300033569336,69.43648529052734,13849000
2023-04-11,80.5,82.94999694824219,80.05999755859375,82.36000061035156,73.10224151611328,34226000
2023-04-12,82.75,82.80000305175781,80.29000091552734,80.5999984741211,71.54006958007812,32702000
2023-04-13,80.0,80.7300033569336,78.97000122070312,79.51000213623047,70.57260131835938,21361900
2023-04-14,79.0999984741211,79.80000305175781,78.0,78.80999755859375,69.95128631591797,22693200
2023-04-17,79.4800033569336,80.44000244140625,77.44999694824219,77.87000274658203,69.116943359375,21479200
2023-04-18,78.79000091552734,78.93000030517578,77.66000366210938,78.54000091552734,69.71163177490234,15193400
2023-04-19,77.30000305175781,77.62000274658203,75.0199966430664,76.25,67.67903900146484,31128000
2023-04-20,75.9000015258789,76.45999908447266,74.52999877929688,74.66000366210938,66.26777648925781,31112800
2023-04-24,72.19999694824219,72.54000091552734,71.58999633789062,71.95999908447266,63.87125778198242,29754000
2023-04-25,71.19999694824219,71.19999694824219,69.70999908447266,70.0,62.13157653808594,31799200
2023-04-26,71.0,71.43000030517578,70.2699966430664,70.2699966430664,62.3712272644043,25907200
2023-04-27,69.69999694824219,71.77999877929688,69.18000030517578,71.76000213623047,63.69374465942383,31717800
2023-04-28,71.62999725341797,72.41999816894531,71.05999755859375,72.4000015258789,64.26181030273438,33277500
2023-05-02,71.30000305175781,71.5999984741211,69.31999969482422,69.54000091552734,61.723289489746094,37367900
2023-05-03,69.94000244140625,70.08000183105469,68.86000061035156,69.0,61.243988037109375,19958300
2023-05-04,69.05000305175781,69.33000183105469,66.70999908447266,66.86000061035156,59.34453582763672,35996200
2023-05-05,67.69000244140625,69.25,67.2300033569336,69.04000091552734,61.27949142456055,27107300
2023-05-08,70.69999694824219,71.16000366210938,69.8499984741211,69.97000122070312,62.104957580566406,24917600
2023-05-09,69.5,70.70999908447266,68.68000030517578,70.69000244140625,62.7440185546875,18717400
2023-05-10,70.88999938964844,71.05999755859375,68.69000244140625,69.36000061035156,61.56352233886719,24792600
2023-05-11,68.0,68.29000091552734,67.36000061035156,68.01000213623047,60.36526870727539,27709000
2023-05-12,67.9000015258789,68.56999969482422,67.41000366210938,68.08000183105469,60.42739486694336,17578100
2023-05-15,69.30000305175781,70.12999725341797,68.91999816894531,69.05999755859375,61.297237396240234,21020000
2023-05-16,69.0,69.19999694824219,67.5999984741211,67.63999938964844,60.03685760498047,23990300
2023-05-17,69.12000274658203,70.23999786376953,68.80999755859375,69.87999725341797,62.02505874633789,30913100
2023-05-18,69.87999725341797,70.31999969482422,69.12000274658203,69.9800033569336,62.113826751708984,23710600
2023-05-19,70.5,70.61000061035156,69.12999725341797,69.20999908447266,61.43037414550781,33892200
2023-05-22,68.4000015258789,68.9000015258789,67.7699966430664,68.0999984741211,60.44514846801758,18936200
2023-05-23,67.5,67.69000244140625,66.51000213623047,66.55999755859375,59.0782585144043,39413300
2023-05-24,65.77999877929688,65.77999877929688,64.81999969482422,65.05000305175781,57.73799133300781,33304700
2023-05-25,65.80000305175781,65.80000305175781,64.77999877929688,64.8499984741211,57.56046676635742,36934900
2023-05-26,66.75,67.04000091552734,65.91000366210938,66.33000183105469,58.87411117553711,38181700
2023-05-29,67.33999633789062,67.69999694824219,65.73999786376953,65.83000183105469,58.43031311035156,17320700
2023-05-30,66.31999969482422,66.31999969482422,63.869998931884766,64.27999877929688,57.05453872680664,39920700
2023-05-31,64.27999877929688,64.87000274658203,63.5099983215332,63.810001373291016,56.63737106323242,103408900
2023-06-01,64.94000244140625,65.7699966430664,64.1500015258789,65.16000366210938,57.835628509521484,51982400
2023-06-02,68.0,68.19999694824219,67.37000274658203,67.94000244140625,60.303138732910156,39185700
2023-06-05,68.47000122070312,68.4800033569336,66.62999725341797,67.37999725341797,59.80607986450195,21478500
2023-06-06,67.80000305175781,68.38999938964844,67.4000015258789,67.5999984741211,60.0013542175293,31884200
2023-06-07,67.5999984741211,68.68000030517578,67.4000015258789,68.66999816894531,60.95107650756836,27377500
2023-06-09,69.66999816894531,69.80000305175781,68.25,68.36000061035156,60.675926208496094,30056800
2023-06-12,67.80000305175781,67.80000305175781,66.69999694824219,67.12000274658203,59.575313568115234,26651200
2023-06-13,68.30000305175781,68.56999969482422,67.61000061035156,67.83000183105469,60.20549774169922,34288100
2023-06-14,68.98999786376953,69.61000061035156,68.48999786376953,69.0199966430664,61.26173400878906,53775600
2023-06-15,69.0999984741211,69.6500015258789,68.36000061035156,69.55999755859375,61.74104309082031,31874100
2023-06-16,69.4000015258789,70.19999694824219,69.20999908447266,69.66999816894531,61.83867645263672,39953600
2023-06-19,69.6500015258789,69.6500015258789,68.68000030517578,69.4000015258789,61.59902572631836,14894300
2023-06-20,69.0,69.0199966430664,67.30999755859375,67.61000061035156,60.01022720336914,35748700
2023-06-21,67.06999969482422,67.33999633789062,66.72000122070312,66.93000030517578,59.40666961669922,27336800
2023-06-22,66.66999816894531,67.86000061035156,66.30000305175781,66.56999969482422,59.08713150024414,21394900
2023-06-23,66.0,66.0999984741211,65.30000305175781,65.9000015258789,58.4924430847168,23510900
2023-06-26,65.55999755859375,66.30000305175781,65.31999969482422,66.04000091552734,58.61670684814453,15030400
2023-06-27,66.9000015258789,67.27999877929688,66.44999694824219,66.83000183105469,59.31791305541992,22737400
2023-06-28,66.77999877929688,66.81999969482422,64.72000122070312,64.72000122070312,57.44508361816406,37628600
2023-06-29,64.72000122070312,65.93000030517578,64.3499984741211,65.51000213623047,58.14628219604492,24841800
2023-06-30,65.70999908447266,66.05999755859375,64.22000122070312,64.22000122070312,57.001285552978516,42992000
2023-07-03,64.70999908447266,66.5,64.63999938964844,66.2300033569336,58.78535079956055,22738400
2023-07-04,65.83999633789062,66.45999908447266,65.80000305175781,65.9000015258789,58.4924430847168,12573200
2023-07-05,65.61000061035156,65.86000061035156,65.01000213623047,65.31999969482422,57.977638244628906,27363600
2023-07-06,64.72000122070312,65.58999633789062,64.44000244140625,64.8499984741211,57.56046676635742,18579200
2023-07-07,64.4800033569336,65.5999984741211,64.30999755859375,65.45999908447266,58.10190200805664,57287600
2023-07-10,64.5,65.19000244140625,64.33000183105469,64.45999908447266,57.21430587768555,36698500
2023-07-11,65.08000183105469,67.01000213623047,64.87999725341797,66.58000183105469,59.096004486083984,35550200
2023-07-12,68.0,68.08000183105469,67.0,67.05000305175781,59.513179779052734,22864300
2023-07-13,68.22000122070312,68.80000305175781,67.91999816894531,68.61000061035156,60.897823333740234,24187200
2023-07-14,69.19000244140625,69.29000091552734,68.26000213623047,68.61000061035156,60.897823333740234,20342500
2023-07-17,68.33000183105469,68.33000183105469,67.02999877929688,67.8499984741211,60.2232551574707,15322300
2023-07-18,67.7300033569336,68.2699966430664,67.27999877929688,67.41999816894531,59.841583251953125,16950600
2023-07-19,67.48999786376953,67.97000122070312,66.95999908447266,67.23999786376953,59.681819915771484,14512600
2023-07-20,68.1500015258789,68.48999786376953,67.3499984741211,67.38999938964844,59.81496047973633,20992700
2023-07-21,67.44000244140625,68.16999816894531,66.9800033569336,67.80000305175781,60.17887496948242,24852700
2023-07-24,67.69999694824219,70.31999969482422,67.51000213623047,69.8499984741211,61.998435974121094,30616400
2023-07-25,71.69999694824219,72.66000366210938,71.62000274658203,72.01000213623047,63.915645599365234,31556700
2023-07-26,71.75,72.25,70.75,71.76000213623047,63.69374465942383,19066400
2023-07-27,71.19999694824219,71.23999786376953,70.08999633789062,70.41999816894531,62.504364013671875,28254500
2023-07-28,70.0199966430664,70.0199966430664,67.62999725341797,67.62999725341797,60.027976989746094,45938800
2023-07-31,68.0,69.68000030517578,67.83999633789062,69.16000366210938,61.38600158691406,26065700
2023-08-01,68.7699966430664,68.80999755859375,67.9000015258789,68.19999694824219,60.533905029296875,30015700
2023-08-02,67.73999786376953,67.76000213623047,66.9000015258789,67.08999633789062,59.54867935180664,29547300
2023-08-03,66.8499984741211,67.88999938964844,66.48999786376953,67.51000213623047,59.921470642089844,35512300
2023-08-04,67.19999694824219,68.33000183105469,67.16000366210938,67.55999755859375,59.96584701538086,22954300
2023-08-07,67.6500015258789,68.16999816894531,66.87999725341797,67.9000015258789,60.26763153076172,23057700
2023-08-08,66.98999786376953,68.1500015258789,66.08999633789062,67.45999908447266,59.8770866394043,43405600
2023-08-09,67.45999908447266,67.91000366210938,66.62999725341797,66.8499984741211,59.335655212402344,21859000
2023-08-10,66.80999755859375,67.18000030517578,65.94000244140625,66.05999755859375,58.634456634521484,28372300
2023-08-11,66.19000244140625,66.37999725341797,65.2300033569336,65.51000213623047,58.14628219604492,42335100
2023-08-14,62.97999954223633,63.040000915527344,61.900001525878906,61.900001525878906,56.5995979309082,41056900
2023-08-15,61.95000076293945,61.959999084472656,61.13999938964844,61.290000915527344,56.041831970214844,28611000
2023-08-16,61.38999938964844,61.93000030517578,61.0,61.04999923706055,55.82238006591797,30508600
2023-08-17,62.59000015258789,62.810001373291016,61.720001220703125,61.90999984741211,56.60873794555664,39481200
2023-08-18,61.20000076293945,62.08000183105469,61.02000045776367,61.220001220703125,55.97782516479492,34201900
2023-08-21,61.4900016784668,61.7400016784668,61.02000045776367,61.29999923706055,56.05097579956055,17695300
2023-08-22,62.040000915527344,62.86000061035156,62.029998779296875,62.58000183105469,57.221370697021484,30995800
2023-08-23,63.25,63.66999816894531,63.040000915527344,63.040000915527344,57.6419792175293,19128500
2023-08-24,62.689998626708984,62.689998626708984,61.83000183105469,62.20000076293945,56.87390899658203,17821500
2023-08-25,62.66999816894531,62.779998779296875,61.900001525878906,62.06999969482422,56.755043029785156,11395300
2023-08-28,62.43000030517578,63.27000045776367,62.27000045776367,62.959999084472656,57.56882858276367,14173600
2023-08-29,63.380001068115234,65.02999877929688,63.22999954223633,64.97000122070312,59.40671920776367,28625700
2023-08-30,65.20999908447266,65.87000274658203,64.7300033569336,64.9800033569336,59.41586685180664,21812600
2023-08-31,65.56999969482422,66.16999816894531,65.08000183105469,65.08000183105469,59.507301330566406,31011100
2023-09-01,66.69000244140625,69.0,66.62999725341797,68.88999938964844,62.99105453491211,57288600
2023-09-04,69.27999877929688,70.05000305175781,68.87999725341797,69.4000015258789,63.45738983154297,22397800
2023-09-05,68.98999786376953,69.51000213623047,68.58000183105469,69.0999984741211,63.183074951171875,19253500
2023-09-06,69.1500015258789,69.58999633789062,67.87999725341797,67.98999786376953,62.16811752319336,28466500
2023-09-08,66.69999694824219,66.83999633789062,66.23999786376953,66.70999908447266,60.99772262573242,19989200
2023-09-11,68.0999984741211,68.18000030517578,67.54000091552734,67.66999816894531,61.875518798828125,19493800
2023-09-12,68.0,68.26000213623047,67.44000244140625,67.62000274658203,61.829803466796875,14201300
2023-09-13,67.66999816894531,67.77999877929688,67.1500015258789,67.36000061035156,61.592063903808594,15448400
2023-09-14,69.30000305175781,70.68000030517578,69.05000305175781,70.12000274658203,64.11573791503906,62390300
2023-09-15,71.0,71.2300033569336,69.54000091552734,69.54000091552734,63.58539962768555,37901700
2023-09-18,69.54000091552734,70.05000305175781,68.55000305175781,68.72000122070312,62.83561325073242,21849000
2023-09-19,68.66999816894531,69.25,68.20999908447266,68.8499984741211,62.95447540283203,43870300
2023-09-20,69.27999877929688,69.7699966430664,69.04000091552734,69.30999755859375,63.375091552734375,14372200
2023-09-21,68.30000305175781,68.45999908447266,67.5,67.5,61.7200813293457,21686000
2023-09-22,68.38999938964844,68.87000274658203,67.93000030517578,68.0,62.17726516723633,17063700
2023-09-25,67.01000213623047,67.02999877929688,65.7699966430664,66.5999984741211,60.89714431762695,34715000
2023-09-26,65.69999694824219,66.26000213623047,65.37000274658203,65.55999755859375,59.94619369506836,24178800
2023-09-27,66.0999984741211,66.19000244140625,65.30999755859375,65.69999694824219,60.0742073059082,17109300
2023-09-28,66.11000061035156,67.04000091552734,65.95999908447266,66.69999694824219,60.98857879638672,26072300
2023-09-29,67.30999755859375,67.6500015258789,67.04000091552734,67.58000183105469,61.79323196411133,19018000
2023-10-02,67.58000183105469,67.72000122070312,66.62000274658203,66.98999786376953,61.25374984741211,11175900
2023-10-03,66.08000183105469,66.95999908447266,66.06999969482422,66.58000183105469,60.87885284423828,15268800
2023-10-04,66.4000015258789,66.77999877929688,65.52999877929688,65.87000274658203,60.229652404785156,14377000
2023-10-05,65.87000274658203,66.44999694824219,65.66000366210938,65.9000015258789,60.257083892822266,11556300
2023-10-06,65.88999938964844,67.44999694824219,65.81999969482422,66.86000061035156,61.13488006591797,22711400
2023-10-09,65.7300033569336,66.37999725341797,65.38999938964844,66.37999725341797,60.69597625732422,14392200
2023-10-10,67.05999755859375,67.47000122070312,66.69999694824219,66.77999877929688,61.06173324584961,18261700
2023-10-11,66.80999755859375,67.43000030517578,66.69000244140625,67.36000061035156,61.592063903808594,13659400
2023-10-13,67.19999694824219,67.30000305175781,66.45999908447266,66.58999633789062,60.887996673583984,16302700
2023-10-16,67.4000015258789,67.75,67.18000030517578,67.30000305175781,61.53720474243164,13103300
2023-10-17,67.0,68.05000305175781,66.58999633789062,67.8499984741211,62.04010772705078,24031000
2023-10-18,67.23999786376953,67.30000305175781,65.33000183105469,65.36000061035156,59.76332473754883,34907300
2023-10-19,65.30000305175781,65.6500015258789,64.41999816894531,64.41999816894531,58.90381622314453,22855500
2023-10-20,63.31999969482422,63.470001220703125,62.0,62.68000030517578,57.31280517578125,58015100
2023-10-23,62.38999938964844,62.93000030517578,62.11000061035156,62.560001373291016,57.203086853027344,17595000
2023-10-24,64.0,64.2699966430664,63.56999969482422,63.9900016784668,58.51063537597656,21768800
2023-10-25,64.69999694824219,65.18000030517578,63.75,63.93000030517578,58.45577621459961,26091800
2023-10-26,63.79999923706055,65.37000274658203,63.61000061035156,65.30000305175781,59.708465576171875,30936700
2023-10-27,65.47000122070312,67.76000213623047,64.70999908447266,67.56999969482422,61.78408432006836,47989100
2023-10-30,68.4000015258789,68.88999938964844,68.04000091552734,68.18000030517578,62.34184646606445,26604100
2023-10-31,67.7699966430664,69.23999786376953,67.56999969482422,69.0,63.09164047241211,20961400
2023-11-01,69.26000213623047,70.69999694824219,69.25,70.31999969482422,64.2986068725586,31543500
2023-11-03,71.25,71.61000061035156,70.93000030517578,71.19999694824219,65.1032485961914,28599600
2023-11-06,71.19999694824219,71.80000305175781,71.19999694824219,71.5,65.3775634765625,19096300
2023-11-07,70.83000183105469,71.0999984741211,69.23999786376953,70.08000183105469,64.07916259765625,37073000
2023-11-08,70.12000274658203,70.86000061035156,69.81999969482422,70.12999725341797,64.12487030029297,21047900
2023-11-09,70.5,71.13999938964844,70.22000122070312,70.47000122070312,64.4357681274414,16542700
2023-11-10,71.4000015258789,71.7300033569336,70.9000015258789,71.55000305175781,65.42328643798828,22200500
2023-11-13,72.0,72.48999786376953,70.93000030517578,71.4000015258789,65.28612518310547,14410500
2023-11-14,72.0199966430664,74.30000305175781,71.9000015258789,73.61000061035156,67.30689239501953,52233600
2023-11-16,73.0999984741211,74.33999633789062,73.01000213623047,74.0999984741211,67.75493621826172,31235400
2023-11-17,74.2300033569336,74.6500015258789,74.0999984741211,74.23999786376953,67.88294219970703,24538600
2023-11-20,75.80000305175781,76.6500015258789,75.43000030517578,76.05999755859375,69.54710388183594,28810100
2023-11-21,77.29000091552734,78.55000305175781,76.8499984741211,77.9000015258789,71.22954559326172,45317800
2023-11-22,75.8499984741211,76.06999969482422,74.20999908447266,74.8499984741211,69.12017059326172,33715300
2023-11-23,74.37000274658203,74.62000274658203,74.08000183105469,74.37999725341797,68.68614959716797,10279200
2023-11-24,74.5,74.5,73.4000015258789,73.75,68.10437774658203,16667000
2023-11-27,73.44000244140625,73.86000061035156,72.9000015258789,73.30999755859375,67.69805908203125,17312300
2023-11-28,72.27999877929688,73.7699966430664,72.16000366210938,73.47000122070312,67.84581756591797,22019000
2023-11-29,73.80000305175781,74.0,72.70999908447266,73.44999694824219,67.82733917236328,15853100
2023-11-30,74.01000213623047,74.44000244140625,73.72000122070312,73.8499984741211,68.19671630859375,29712900
2023-12-01,74.7300033569336,75.4800033569336,74.41999816894531,75.22000122070312,69.46185302734375,25025200
2023-12-04,74.23999786376953,74.5,73.04000091552734,73.52999877929688,67.9012222290039,22402300
2023-12-05,73.2300033569336,73.37000274658203,72.52999877929688,72.8499984741211,67.27327728271484,25179500
2023-12-06,73.5,73.91999816894531,72.12000274658203,72.37000274658203,66.83001708984375,20503900
2023-12-07,72.69000244140625,73.08000183105469,72.41999816894531,72.5999984741211,67.04241180419922,17535800
2023-12-08,73.0999984741211,73.26000213623047,72.33000183105469,72.80000305175781,67.22710418701172,16083200
2023-12-11,72.08000183105469,73.23999786376953,71.76000213623047,72.86000061035156,67.28250885009766,15443400
2023-12-12,73.5999984741211,73.8499984741211,72.5999984741211,72.98999786376953,67.40255737304688,11036300
2023-12-13,72.5,73.31999969482422,72.30999755859375,73.0,67.41178894042969,25288200
2023-12-14,74.0,74.26000213623047,73.36000061035156,73.4000015258789,67.78117370605469,29454300
2023-12-15,74.05999755859375,74.30000305175781,73.51000213623047,73.86000061035156,68.2059555053711,23279500
2023-12-18,74.05999755859375,74.93000030517578,73.70999908447266,74.20999908447266,68.52915954589844,16333400
2023-12-19,74.69999694824219,75.08999633789062,74.37000274658203,74.7300033569336,69.00936126708984,21763700
2023-12-20,74.7300033569336,75.41000366210938,74.48999786376953,74.48999786376953,68.78772735595703,14147900
2023-12-21,75.44999694824219,77.05000305175781,75.31999969482422,76.97000122070312,71.07788848876953,24202600
2023-12-22,77.12999725341797,78.19999694824219,76.29000091552734,76.38999938964844,70.54228210449219,26277000
2023-12-26,77.16000366210938,77.44999694824219,76.66000366210938,76.66000366210938,70.79161834716797,12149500
2023-12-27,76.8499984741211,77.55000305175781,76.8499984741211,77.4000015258789,71.4749755859375,13821200
2023-12-28,77.0,77.45999908447266,76.75,77.19999694824219,71.29027557373047,16545800
