Date,event,Open,High,Low,Close,Adj Close,Volume,WClose,Daily_Return,Week_Return,Month_Return,Cumulative_std_Daily_Return,Cumulative_std_Week_Return,Cumulative_std_Month_Return,Indicator_Daily_Return,Indicator_Week_Return,Indicator_Month_Return
2013-10-28,0,6.5,6.5,6.353332996368408,6.403333187103272,5.24271297454834,12658800,,,,,,,,0,0,0
2013-10-29,0,6.400000095367432,6.416666030883789,6.283332824707031,6.309999942779541,5.166296482086182,1794300,,-0.0146830235228575,,,,,,0,0,0
2013-10-30,0,6.266665935516357,6.266665935516357,6.170000076293945,6.170000076293945,5.051671981811523,1532100,,-0.0224368100639358,,,0.0054827550430694,,,-1,0,0
2013-10-31,0,6.116665840148926,6.436666011810303,6.116665840148926,6.393332958221436,5.234525203704834,2972700,,0.0355568696890561,,,0.0314839508505569,,,1,0,0
2013-11-01,0,6.323332786560059,6.656665802001953,6.296666145324707,6.633333206176758,5.43102502822876,539700,,0.0368517437567837,,,0.0317805974856412,,,1,0,0
2013-11-04,0,6.763332843780518,7.093332767486572,6.703332901000977,6.993332862854004,5.725773811340332,1581600,,0.0528498164158009,,,0.0338406718688542,,,1,0,0
2013-11-05,0,6.993332862854004,7.1966657638549805,6.933332920074463,7.166666030883789,5.867689609527588,569100,,0.0244832595770958,0.1126218558519434,,0.0303971368752566,,,1,0,0
2013-11-06,0,7.170000076293945,7.296666145324707,6.949999809265137,6.960000038146973,5.698482036590576,213600,,-0.0292611334327326,0.0980437459420683,,0.0331596515104521,0.0103082803741554,,-1,1,0
2013-11-07,0,6.96999979019165,7.166666030883789,6.96999979019165,7.166666030883789,5.867689609527588,316800,,0.0292611334327326,0.1497416894387366,,0.0313068780163533,0.0266554581522569,,1,1,0
2013-11-08,0,7.166666030883789,7.233333110809326,7.059999942779541,7.179999828338623,5.878607273101807,273900,5.255280833797325,0.0018589121026296,0.11604373185231,,0.0295667782258086,0.021860050643178,,0,1,0
2013-11-11,0,7.153333187103272,7.176665782928467,7.126666069030762,7.176665782928467,5.875876903533936,25800,2.329850404580972,-0.0004645664711351,0.0787274216243912,,0.0281859037581987,0.0261646976558617,,0,1,0
2013-11-12,0,7.133333206176758,7.176665782928467,7.056665897369385,7.150000095367432,5.8540449142456055,696300,2.1003875548934707,-0.0037224484250246,0.0221551567835657,,0.0271255408656754,0.0431775167828034,,-1,1,0
2013-11-13,0,7.156665802001953,7.216666221618652,7.116665840148926,7.216666221618652,5.908627510070801,138600,1.7946235997559488,0.0092807120065208,0.0069526092129907,,0.0258640849659716,0.0518846842163021,,1,1,0
2013-11-14,1,7.216666221618652,7.329999923706055,7.150000095367432,7.329999923706055,6.0014190673828125,333300,1.195513239188304,0.0155823798446355,0.0517961224903589,,0.0248119464471233,0.0493238900883509,,1,1,0
2013-11-18,0,7.363333225250244,7.363333225250244,7.243332862854004,7.28000020980835,5.960481643676758,688200,1.2472437110211485,-0.006844661984621,0.0156903270730052,,0.02427981591244,0.0508064422636995,,-1,1,0
2013-11-19,0,7.276666164398193,7.28000020980835,7.00666618347168,7.25,5.935919284820557,419400,0.9571362019059038,-0.0041293823075603,0.0097020326628154,,0.0236470849204613,0.0518442685380144,,-1,1,0
2013-11-21,0,7.106666088104248,7.216666221618652,7.00666618347168,7.00666618347168,5.736690521240234,588300,0.958708726399088,-0.0341394283914367,-0.0239728292574863,,0.0251865552322696,0.0561905582454282,,-1,-1,0
2013-11-22,0,7.046666145324707,7.096665859222412,6.7733330726623535,6.873332977294922,5.627523899078369,535800,1.038147335712174,-0.0192129391832412,-0.0394633200157029,,0.0251199607308363,0.0605078550537571,,-1,-1,0
2013-11-25,0,6.833333015441895,7.016665935516357,6.813333034515381,6.900000095367432,5.649357318878174,163200,0.9967538770301017,0.003872249190044,-0.0448717828321797,,0.0243700401953053,0.0636087643050505,,1,-1,0
2013-11-26,0,6.836666107177734,7.2133331298828125,6.736666202545166,7.2133331298828125,5.905898094177246,264000,0.9945009423709068,0.0444097387292612,-0.0160444239475542,,0.0254206915795188,0.0630879175285442,,1,-1,0
2013-11-27,0,7.073332786560059,7.2133331298828125,7.073332786560059,7.199999809265137,5.894981384277344,141900,1.0247604349649857,-0.0018501524456516,-0.0110499144085849,,0.0248092022880075,0.0621175357847594,,0,-1,0
2013-11-28,0,7.199999809265137,7.216666221618652,7.116665840148926,7.183332920074463,5.881335735321045,155400,0.885051141858939,-0.0023174741177438,-0.0092380062187685,,0.0242468236014879,0.0610250545094379,,0,-1,0
2013-11-29,0,7.113333225250244,7.25,7.086666107177734,7.183332920074463,5.881335735321045,168000,0.8925233929837159,0.0,0.0249014221726682,0.1149447943986198,0.0236912352284528,0.0591145118311605,,0,1,0
2013-12-02,0,7.03000020980835,7.143332958221436,7.00333309173584,7.143332958221436,5.848585605621338,137700,0.8397306592291832,-0.0055840467890287,0.0385303145668808,0.1240437711324485,0.0232560040686794,0.0573710029200922,0.0064339481503488,-1,1,1
2013-12-03,0,7.013332843780518,7.096665859222412,6.853332996368408,6.996665954589844,5.728503227233887,392100,0.7577372549667516,-0.0207455754782275,0.0139124898986093,0.1257350057181569,0.0233328405393962,0.0559128580537242,0.0058034517364943,-1,1,1
2013-12-04,0,6.996665954589844,6.996665954589844,6.833333015441895,6.916666030883789,5.663002967834473,332400,0.7309131733382216,-0.0114999685098128,-0.0419972173404646,0.0786781675192877,0.0230427737076007,0.0568342445891499,0.0219653753098154,-1,-1,1
2013-12-05,0,6.996665954589844,7.0,6.703332901000977,6.900000095367432,5.649357318878174,567000,0.7233269000661121,-0.0024125213887964,-0.0425595862836094,0.0394139023737075,0.02260293986988,0.0574724617685188,0.0371819030485522,-1,-1,1
2013-12-06,0,6.860000133514404,6.866665840148926,6.693333148956299,6.866665840148926,5.62206506729126,308700,0.666788817272435,-0.0048427437088895,-0.0450848558747551,-0.0182786577509829,0.0222136935688707,0.0580036242264704,0.0574813108694786,-1,-1,-1
2013-12-09,0,6.78000020980835,6.809999942779541,6.72666597366333,6.766665935516357,5.540190696716309,535200,0.7570563097958345,-0.0146701241517233,-0.0597549800264783,-0.0574320414798019,0.0220410715415329,0.0591256312123868,0.073153224314616,-1,-1,-1
2013-12-10,0,6.71999979019165,6.769999980926514,6.546666145324707,6.6966657638549805,5.4828782081604,1634100,1.0840130940776334,-0.0103987384095665,-0.0645696716470162,-0.0385696464566358,0.0217654495960797,0.0602093775291798,0.0758711762223808,-1,-1,-1
2013-12-11,0,6.666666030883789,6.71999979019165,6.646666049957275,6.703332901000977,5.48833703994751,975300,1.28354618131038,0.0009951189752699,-0.0428289771935185,-0.0668356609140984,0.0213871263818317,0.0600341645067047,0.0803318945815174,0,-1,-1
2013-12-12,0,6.670000076293945,6.736666202545166,6.599999904632568,6.683332920074463,5.471961498260498,670200,1.405191554156975,-0.0029881583635363,-0.0343171670472422,-0.0716827313802644,0.0210432793376703,0.0595153354296504,0.0827224090578949,-1,-1,-1
2013-12-13,0,6.686666011810303,6.849999904632568,6.673333168029785,6.849999904632568,5.608419895172119,1134000,1.6425260864498412,0.0246318770878814,-0.0072727685705642,-0.0465862878212479,0.021105202255447,0.0584554774168967,0.0812337573183481,1,-1,-1
2013-12-16,0,6.813333034515381,6.926665782928467,6.786665916442871,6.926665782928467,5.671189785003662,798000,1.806890398781384,0.0111299131048281,0.0086998882431534,-0.0317339262913951,0.0208321109537103,0.0573629417846007,0.0787039431757452,1,1,-1
2013-12-17,0,6.933332920074463,7.0,6.920000076293945,7.0,5.731232643127441,1034700,1.9696509934528852,0.0105316942045004,0.0339017065993771,-0.0304829440934154,0.0205616186233152,0.0565120532548722,0.076296609339427,1,1,-1
2013-12-18,0,7.0,7.130000114440918,6.893332958221436,7.130000114440918,5.837669849395752,1007700,2.1463850017358483,0.0184010902718586,0.0627015352808023,-0.0276642336661923,0.0204318538832553,0.0563476267976765,0.0739669813444748,1,1,-1
2013-12-19,0,7.090000152587891,7.300000190734863,7.076665878295898,7.300000190734863,5.976856708526611,651000,2.176770316302437,0.0235630769149377,0.0852694932204701,0.0027435052333662,0.0204254142588588,0.0569405122338573,0.0712836209890645,1,1,0
2013-12-20,0,7.329999923706055,7.329999923706055,7.010000228881836,7.22666597366333,5.916814804077148,1565700,2.509382750653593,-0.0100965314941964,0.0781611200898099,-0.0032236439532698,0.0202659527849583,0.0571374199459017,0.0689087046544005,-1,1,0
2013-12-23,0,7.193333148956299,7.300000190734863,7.159999847412109,7.300000190734863,5.976856708526611,414600,2.4878620129501168,0.0100965314941963,0.0636257744961251,0.0410123159323633,0.0200208705839148,0.0568354802810752,0.067264403425216,1,1,1
2013-12-26,0,7.210000038146973,7.300000190734863,7.166666030883789,7.166666030883789,5.867689609527588,228600,2.1512824901081524,-0.0184338323063716,0.0340620290849252,0.0417914228092331,0.0200640273992284,0.0560369612865592,0.0657435470276081,-1,1,1
2013-12-27,0,7.199999809265137,7.199999809265137,7.010000228881836,7.066666126251221,5.785815238952637,579600,2.0629509304193734,-0.0140516898237092,0.0094786450567154,0.0238674837954799,0.0199854101272979,0.0552268728603942,0.0639730399949598,-1,1,1
2013-12-30,0,7.036665916442871,7.066666126251221,6.936666011810303,7.066666126251221,5.785815238952637,1423200,2.2647278051058275,0.0,-0.008922445215143,-0.0205422549337812,0.0197377636384391,0.0546174943556626,0.0626527962820064,0,-1,-1
2014-01-02,0,7.066666126251221,7.066666126251221,6.800000190734863,6.916666030883789,5.663002967834473,403200,2.084618923775653,-0.0214549624066834,-0.0539404845367642,-0.0401470648948129,0.0198401391966228,0.0551123604793832,0.0619994948776099,-1,-1,-1
2014-01-03,0,6.896666049957275,6.996665954589844,6.849999904632568,6.900000095367432,5.649357318878174,565200,2.0257438107766017,-0.0024125213887964,-0.0462564744313643,-0.0402421121658655,0.0196132285643546,0.0552741907332011,0.0613247084907535,-1,-1,-1
2014-01-06,0,6.866665840148926,6.940000057220459,6.803332805633545,6.833333015441895,5.5947747230529785,1075800,2.029664962133597,-0.0097087128402961,-0.0660617187658569,-0.0499508250061617,0.0194604786784804,0.0560194094900312,0.0609806965616501,-1,-1,-1
2014-01-07,0,6.866665840148926,6.913332939147949,6.716666221618652,6.716666221618652,5.499253749847412,246900,1.8297529399524115,-0.0172206757901544,-0.0648485622496397,-0.0615874540072874,0.019438936436407,0.056605840221426,0.061041771003984,-1,-1,-1
2014-01-08,0,6.710000038146973,6.776666164398193,6.650000095367432,6.75666618347168,5.532003402709961,339600,1.7408492927372112,0.0059376277112359,-0.0448592447146946,-0.0349042508178239,0.019235174666557,0.0565416865389626,0.0601506961910504,1,-1,-1
2014-01-09,0,6.736666202545166,6.849999904632568,6.50333309173584,6.599999904632568,5.403732776641846,376800,1.421517409984305,-0.0234600592008651,-0.0683193039155596,-0.0468643415088762,0.0193611308104724,0.0570906410928805,0.0595913146590543,-1,-1,-1
2014-01-10,0,6.583333015441895,6.630000114440918,6.416666030883789,6.516665935516357,5.335503578186035,497700,1.429358426021955,-0.0127066979855639,-0.0595710394944401,-0.0571585181056436,0.0192507385955788,0.0573032303327732,0.0593350437420353,-1,-1,-1
2014-01-13,0,6.496665954589844,6.516665935516357,6.420000076293945,6.466666221618652,5.294566631317139,436500,1.4722017038426942,-0.0077021408959688,-0.0648606590016125,-0.060017915292723,0.0190839879411194,0.0576064752596366,0.0591265460811027,-1,-1,-1
2014-01-14,0,6.496665954589844,6.533332824707031,6.436666011810303,6.5,5.321858406066895,274500,1.388584606943753,0.0051414359869137,-0.0500105101744026,-0.0402063551540858,0.0189011681550795,0.0575040768242042,0.0583767488863176,1,-1,-1
2014-01-15,0,6.5,6.633333206176758,6.5,6.616665840148926,5.4173784255981445,450900,1.132703271518134,0.0177894463214468,-0.0150003880628011,-0.0120181704230725,0.0188707965595987,0.0569188184076445,0.0573646505781453,1,-1,-1
2014-01-16,0,6.646666049957275,6.716666221618652,6.646666049957275,6.7133331298828125,5.496524333953857,79500,1.051129949618535,0.0145039400754354,-0.0064340756986018,0.0014906506770928,0.018783487631641,0.0563099724469721,0.0564307260041799,1,-1,0
2014-01-17,0,6.746665954589844,6.829999923706055,6.663332939147949,6.829999923706055,5.592045307159424,67200,0.9266622012524574,0.0172291538378335,0.034255137340097,0.0217079628784628,0.0187365881974841,0.0559048362927314,0.055768747578266,1,1,1
2014-01-20,0,6.75,6.75666618347168,6.5,6.650000095367432,5.444671154022217,643800,0.8156100623276613,-0.0267077465951964,0.0202540887304643,-0.029631660804615,0.0189440399344147,0.0553779693635392,0.0550252153969421,-1,1,-1
2014-01-21,0,6.633333206176758,6.666666030883789,6.453332901000977,6.5,5.321858406066895,268200,0.8186831371293908,-0.0228147936395193,0.0051414359869137,-0.0635763675489626,0.0190337676881725,0.0548109768398832,0.0550112942118627,-1,0,-1
2014-01-22,0,6.483333110809326,6.483333110809326,6.353332996368408,6.383333206176758,5.226337909698486,678000,0.8922349629909263,-0.0181117424569057,-0.0181117424569057,-0.0922198042103688,0.0190192702392529,0.0543393958754931,0.0559573381315978,-1,-1,-1
2014-01-23,0,6.383333206176758,6.383333206176758,6.233333110809326,6.233333110809326,5.1035261154174805,230700,0.8542949430898605,-0.0237791283390896,-0.0596803171174422,-0.1344000228213171,0.0191088120156992,0.0544891646388058,0.0587939673985454,-1,-1,-1
2014-01-24,0,6.199999809265137,6.396666049957275,6.193333148956299,6.396666049957275,5.237254142761231,114600,0.7634903940333205,0.0258656464235843,-0.0483186107692933,-0.1320974533126706,0.0192535847081471,0.0543903649735251,0.0610548883689548,1,-1,-1
2014-01-27,0,6.353332996368408,6.449999809265137,6.2133331298828125,6.300000190734863,5.158109188079834,137700,0.6927653511189626,-0.0152272665096221,-0.0807750311167492,-0.1372281883280963,0.0191893164000167,0.0549930348894314,0.0632181713974593,-1,-1,-1
2014-01-28,0,6.356666088104248,6.489999771118164,6.2733330726623535,6.283332824707031,5.144462585449219,161100,0.664839626035215,-0.0026491658416311,-0.0567164503631838,-0.1499738856639238,0.0190284672295164,0.0549933977669492,0.06566855043979,-1,-1,-1
2014-01-29,0,6.283332824707031,6.283332824707031,6.083333015441895,6.166666030883789,5.048942565917969,234900,0.6093175485660514,-0.0187420816049872,-0.0526437383286516,-0.1502821349625394,0.0190161559249459,0.0549064161762422,0.0677746306840584,-1,-1,-1
2014-01-30,0,6.150000095367432,6.313333034515381,6.103332996368408,6.103332996368408,4.99708890914917,135300,0.6198826295539546,-0.0103233037648656,-0.0448552996366115,-0.1465537489036959,0.0188998814551028,0.054694223145023,0.0694255727885407,-1,-1,-1
2014-01-31,0,6.083333015441895,6.300000190734863,5.956665992736816,6.130000114440918,5.018922328948975,1129200,0.8536693443222289,0.0043597104402598,-0.0167164608572621,-0.1421940384634361,0.0187579972579356,0.0542386882157327,0.0706824172436584,1,-1,-1
2014-02-03,0,6.116665840148926,6.116665840148926,5.926665782928467,5.966666221618652,4.885192394256592,218100,0.7458760102705856,-0.0270065657307864,-0.0695886730116327,-0.147745641787539,0.0188970000174939,0.0544416272939409,0.0719658929530123,-1,-1,-1
2014-02-04,0,6.033332824707031,6.033332824707031,5.883333206176758,5.9633331298828125,4.882464408874512,266700,0.7403459267901246,-0.0005585752054955,-0.0549199817075061,-0.145891695604238,0.018748907839562,0.0543590201298113,0.0730133398050938,0,-1,-1
2014-02-05,0,5.97666597366333,6.099999904632568,5.966666221618652,6.066666126251221,4.967067241668701,78300,0.6009757732824791,0.0171794795029259,-0.0350913363629491,-0.1190035032610161,0.0187396261780917,0.0540326520476469,0.0731594694762523,1,-1,-1
2014-02-06,0,6.056665897369385,6.263332843780518,6.056665897369385,6.263332843780518,5.128087520599365,983400,0.7717603879403088,0.0319032129562659,0.0155539581983039,-0.0698796145145957,0.0190219179200277,0.0536609311534375,0.0724698394376362,1,1,-1
2014-02-07,0,6.289999961853027,6.5,6.206665992736816,6.416666030883789,5.253629207611084,268200,0.8074953841858521,0.0241863287491162,0.0500635907122858,-0.0516309134767155,0.0191120851802819,0.0536950787256322,0.071693529172307,1,1,-1
2014-02-10,0,6.416666030883789,6.416666030883789,6.22666597366333,6.400000095367432,5.239984512329102,398700,0.8684168448417136,-0.0026005727552087,0.0431033075168173,-0.0307714270310591,0.0189736788547177,0.0536087672372972,0.0709438025006629,-1,1,-1
2014-02-11,0,6.400000095367432,6.433332920074463,6.346665859222412,6.383333206176758,5.226337909698486,582600,0.9663257114088476,-0.0026077183204656,0.067502154927138,-0.0206724473659607,0.0188382503230518,0.053932362981704,0.0702629082859664,-1,1,-1
2014-02-12,0,6.376666069030762,6.380000114440918,6.276666164398193,6.333333015441895,5.185400485992432,444600,1.0157832179952482,-0.0078637463042431,0.0601969838283905,-0.0208340527742351,0.018726213156498,0.0540848482236036,0.0696001603818886,-1,1,-1
2014-02-13,0,6.333333015441895,6.389999866485596,6.126666069030762,6.333333015441895,5.185400485992432,448800,1.0887303340821075,0.0,0.0430175043254645,-0.0259754887611488,0.0185938797208785,0.0539596543327337,0.0689306785356973,0,1,-1
2014-02-14,0,6.323332786560059,6.346665859222412,6.206665992736816,6.2133331298828125,5.087151050567627,680100,0.9911968229089002,-0.0191291191941643,-0.0080148278249656,-0.06289405427676,0.0185974051945917,0.0535608841308153,0.0683239273352225,-1,-1,-1
2014-02-17,0,6.239999771118164,6.323332786560059,6.176665782928467,6.300000190734863,5.158109188079834,154500,0.979332817670588,0.0138521170732799,-0.0183490395008018,-0.0635458772789154,0.0185438774271084,0.0532028219587178,0.0677367832545974,1,-1,-1
2014-02-18,0,6.289999961853027,6.300000190734863,6.190000057220459,6.28000020980835,5.141733646392822,290100,0.9877034887871566,-0.003179768030995,-0.0189282347765883,-0.0839547991477442,0.0184213256858556,0.052854357886298,0.0673478168435832,-1,-1,-1
2014-02-19,0,6.146666049957275,6.1966657638549805,5.966666221618652,6.083333015441895,4.980713844299316,1074300,1.206922790828359,-0.0318170848967849,-0.0481376013529077,-0.0890641374493328,0.0186527340639073,0.0527566804837552,0.0670239365764165,-1,-1,-1
2014-02-20,0,6.019999980926514,6.099999904632568,5.97666597366333,6.033332824707031,4.939775943756104,280200,1.0452722076346228,-0.0082532483365442,-0.0485271033852087,-0.0745025921463577,0.0185497295077025,0.0526585485302334,0.0665473254751699,-1,-1,-1
2014-02-21,0,6.066666126251221,6.159999847412109,6.016665935516357,6.083333015441895,4.980713844299316,228000,1.0331922460360436,0.0082532483365443,-0.0402738550486644,-0.0481376013529077,0.0184572005885969,0.0524676608798093,0.0659535793199929,1,-1,-1
2014-02-24,0,6.056665897369385,6.133333206176758,6.033332824707031,6.119999885559082,5.010734558105469,524700,1.05704773664583,0.0060092997408494,-0.0151354361136508,-0.0183491732729685,0.0183538355898073,0.0521228960372481,0.0654551305028326,1,-1,-1
2014-02-25,0,6.056665897369385,6.5,6.056665897369385,6.349999904632568,5.1990461349487305,818100,1.1104392290567968,0.0368926504405604,0.0079050972536296,-0.0073221692559924,0.0187121618806469,0.051788479363987,0.0650540742640796,1,1,-1
2014-02-26,0,6.383333206176758,6.53000020980835,6.329999923706055,6.400000095367432,5.239984512329102,473700,1.1182482699764364,0.0078433694919636,0.0189282347765882,0.0157484667455932,0.0186158013255873,0.0515096581329833,0.0649351443161498,1,1,1
2014-02-27,0,6.426665782928467,6.466666221618652,6.303332805633545,6.400000095367432,5.239984512329102,332700,1.092452607402945,0.0,0.0507453196733733,0.0183976325872242,0.0185005321112325,0.0515453699614509,0.0648451411051166,0,1,1
2014-02-28,0,6.406665802001953,6.666666030883789,6.316666126251221,6.666666030883789,5.458315849304199,1349400,1.265008971722986,0.040821747000968,0.0998203150108857,0.0779614611931796,0.0189256229062428,0.0525177372558767,0.0660450509098799,1,1,1
2014-03-05,0,6.526666164398193,6.559999942779541,6.460000038146973,6.516665935516357,5.335503578186035,278100,1.295355741041314,-0.0227570179554729,0.0688100487188683,0.0655277470025724,0.0189814369373641,0.0527802566131836,0.066808419402465,-1,1,1
2014-03-06,0,6.53000020980835,6.616665840148926,6.400000095367432,6.433332920074463,5.267274856567383,760200,1.40636308307766,-0.0128701479190061,0.049930601059013,0.0482978886433064,0.0189213688251089,0.0527515095080938,0.0671252201870057,-1,1,1
2014-03-07,0,6.380000114440918,6.5,6.266665935516357,6.400000095367432,5.239984512329102,795000,1.3540090451747673,-0.0051945811264891,0.0078433694919636,0.0701098732476037,0.0188182534005371,0.0524284159616519,0.0678751753215876,-1,1,1
2014-03-10,0,6.329999923706055,6.340000152587891,6.1966657638549805,6.1966657638549805,5.073504447937012,370500,1.3759054488494356,-0.0322867512296677,-0.0322867512296677,0.0383816972234314,0.0190259407220276,0.0522247835121895,0.067936043171507,-1,-1,1
2014-03-11,0,6.210000038146973,6.333333015441895,6.210000038146973,6.266665935516357,5.13081693649292,333600,1.4013553025188723,0.0112331019474213,-0.0210536492822463,0.0324353196679271,0.0189567253880421,0.0519543465523027,0.0678887953251605,1,-1,1
2014-03-12,0,6.21999979019165,6.336666107177734,6.170000076293945,6.286665916442871,5.147192001342773,244500,1.3407990503340677,0.0031864301352569,-0.0586889661479572,0.0037185368469181,0.018852218511177,0.0520258891427231,0.0675179688932562,1,-1,0
2014-03-13,0,6.260000228881836,6.353332996368408,6.186666011810303,6.286665916442871,5.147192001342773,264000,1.2129183450542866,0.0,-0.0359319481924845,-0.0204677919021979,0.0187460206344611,0.0518504130706715,0.0670323619609196,0,-1,-1
2014-03-14,0,6.333333015441895,6.383333206176758,6.203332901000977,6.239999771118164,5.108983993530273,145200,1.1360278834484494,-0.0074507661701169,-0.0305125664435952,-0.0253179853171062,0.0186570561203463,0.0516371049068524,0.0665484903934268,-1,-1,-1
2014-03-17,0,6.22333288192749,6.383333206176758,6.173333168029785,6.383333206176758,5.226337909698486,454800,1.1640206938409745,0.0227102669966405,-0.0026077183204656,0.0,0.0187084934973735,0.0513360317213302,0.0661741834923368,1,0,0
2014-03-18,0,6.333333015441895,6.383333206176758,6.2733330726623535,6.383333206176758,5.226337909698486,959100,1.0600688034860155,0.0,0.0296790329092022,0.0078637463042431,0.0186065394293863,0.0511530524683004,0.0658628796940414,0,1,1
2014-03-19,0,6.489999771118164,6.533332824707031,6.323332786560059,6.38666582107544,5.229066371917725,473700,1.1039494794519535,0.0005219238219171,0.0189678547836979,0.0083856701261603,0.0185063226168413,0.0509093073849744,0.0655587344602969,0,1,1
2014-03-20,1,6.333333015441895,6.566666126251221,6.293333053588867,6.513332843780518,5.332774639129639,1274700,1.2273690000563735,0.0196389247536242,0.035420349402065,0.0471537140739489,0.0185178797162628,0.050772596869265,0.0657160691607552,1,1,1
2014-03-21,0,6.516665935516357,6.516665935516357,6.333333015441895,6.456665992736816,5.286379337310791,586200,1.1802318875703883,-0.0087380966747948,0.0266822527272702,0.0245635003258742,0.0184426300100564,0.0505741437018325,0.065557764789555,-1,1,1
2014-03-24,0,6.5,6.5,6.343332767486572,6.4633331298828125,5.291837692260742,917700,1.311740068017603,0.0010319991391991,0.0351650180365865,0.0287752674960686,0.0183465744130593,0.050435638186884,0.0654420109786101,0,1,1
2014-03-25,0,6.4633331298828125,6.5,6.393332958221436,6.5,5.321858406066895,2317800,1.7810895504567958,0.0056569914169598,0.0181117424569057,0.0662493438098133,0.0182604015055138,0.0501978215036196,0.0658741916534365,1,1,1
2014-03-26,0,6.5233330726623535,6.793333053588867,6.436666011810303,6.75,5.526545524597168,1169700,2.011091298671567,0.037740374441973,0.0558521168988787,0.1122429665883306,0.0185556106898005,0.0502617873353343,0.0672872409711481,1,1,1
2014-03-27,0,6.75666618347168,6.88666582107544,6.733333110809326,6.88666582107544,5.63844108581543,571800,2.093497554346944,0.0200446828347306,0.0753748759116922,0.1240344010865169,0.0185644830296126,0.0505833570151917,0.0689003514071737,1,1,1
2014-03-28,0,6.920000076293945,7.123332977294922,6.893332958221436,7.113333225250244,5.824023723602295,1124100,2.349965800722552,0.0323837602274708,0.0881197113855388,0.1504088615731384,0.0187380757340567,0.0510941407789403,0.071131239657912,1,1,1
2014-03-31,0,7.170000076293945,7.243332862854004,7.133333206176758,7.163332939147949,5.864960670471191,2911500,2.999375842218749,0.0070043919741291,0.1038622000344626,0.1205206031067073,0.0186544291184617,0.0518686755110016,0.0723904950012673,1,1,1
2014-04-01,0,7.166666030883789,7.286665916442871,7.103332996368408,7.103332996368408,5.815835952758789,1393800,3.136050773349444,-0.0084112426444323,0.0944189582508311,0.1042659909703114,0.0185864007170774,0.052419341577578,0.0732048647523596,-1,1,1
2014-04-02,0,7.073332786560059,7.233333110809326,7.066666126251221,7.166666030883789,5.867689609527588,767400,3.225554878626866,0.0088764298000166,0.0976383966338878,0.1131424207703279,0.018512044495068,0.0529936425152576,0.0741425408320902,1,1,1
2014-04-03,0,7.133333206176758,7.166666030883789,7.036665916442871,7.066666126251221,5.785815238952637,215400,2.9802881350945616,-0.0140516898237092,0.0458463323682057,0.0582689839456506,0.0184819404866698,0.0528837603423675,0.0741299561432271,-1,1,1
2014-04-04,0,7.099999904632568,7.199999809265137,6.97333288192749,7.046666145324707,5.769440174102783,246600,2.906235171146167,-0.0028342213522747,0.0229674281812002,0.0781917805488487,0.0183973709379816,0.0526478713461307,0.0743684094440394,-1,1,1
2014-04-07,0,7.116665840148926,7.116665840148926,7.016665935516357,7.046666145324707,5.769440174102783,249600,2.755301493019699,0.0,-0.0094163320462705,0.0910619284678548,0.0183105934183952,0.0524074724415813,0.0747812055646006,0,-1,1
2014-04-08,0,7.13666582107544,7.13666582107544,6.960000038146973,6.986666202545166,5.720315456390381,85200,2.231862704363622,-0.0085510986709268,-0.0249718226913266,0.0877054109234172,0.0182474803347205,0.0522356086256025,0.0751109758239668,-1,-1,1
2014-04-09,0,6.949999809265137,6.96999979019165,6.856666088104248,6.933332920074463,5.676648616790772,367200,2.038353340697744,-0.0076629272492327,-0.024223507296127,0.1123292349038521,0.0181809153130914,0.0520607936478471,0.075825285214628,-1,-1,1
2014-04-10,0,6.960000038146973,6.97666597366333,6.869999885559082,6.869999885559082,5.624794960021973,440400,2.005354603805679,-0.0091765304659214,-0.042276467562065,0.0919196024905092,0.0181219548849827,0.0520131998104076,0.0761563584648298,-1,-1,1
2014-04-11,0,7.133333206176758,7.786665916442871,7.133333206176758,7.616665840148926,6.236125469207764,6661500,3.5514716517836,0.1031745752610233,0.0749497975226674,0.1919077476162754,0.0204972054360902,0.0522171035816844,0.078615620686156,1,1,1
2014-04-14,0,7.7133331298828125,7.933332920074463,7.673333168029785,7.853332996368408,6.429896831512451,741300,3.0076337601490155,0.0305994221194532,0.1083834409943954,0.2225071697357287,0.0205883001417569,0.0529221693021927,0.0817703658488326,1,1,1
2014-04-15,0,7.796666145324707,7.923333168029785,7.733333110809326,7.900000095367432,6.468104839324951,460500,2.781094113034423,0.0059246572532589,0.1143080982476543,0.2358825931591045,0.020499814507826,0.0536957020877371,0.0850682103603005,1,1,1
2014-04-16,0,7.996665954589844,8.166666030883789,7.926665782928467,8.149999618530273,6.672791481018066,800100,2.8180308922474846,0.031155134763503,0.1540143316820842,0.2443274609259669,0.0205925269776602,0.0552707096814965,0.0883480445066269,1,1,1
2014-04-17,0,8.146665573120117,8.333333015441895,8.086666107177734,8.333333015441895,6.822895526885986,1577700,3.238554090622633,0.0222456605413819,0.183922919472699,0.2665731214673489,0.0205877632120929,0.0575074169057243,0.0920241914760632,1,1,1
2014-04-22,0,8.283332824707031,8.550000190734863,8.273332595825195,8.300000190734863,6.795604228973389,443700,3.308910618641945,-0.0040079795771292,0.1890914703614912,0.2620432180683025,0.0205063969307929,0.0597177357529136,0.0952736770824534,-1,1,1
2014-04-23,0,8.296666145324707,8.380000114440918,8.220000267028809,8.366665840148926,6.850185871124268,1020300,3.5540788011258244,0.0079998201407451,0.0939167152412129,0.2504041134554233,0.0204247668951702,0.0599554706144144,0.0979697663638735,1,1,1
2014-04-24,0,8.329999923706055,8.4399995803833,8.100000381469727,8.100000381469727,6.631855487823486,853800,3.78271074259971,-0.0323911589162914,0.0309261342054683,0.2267510512139267,0.020586309379061,0.0597129745258301,0.0999199522360807,-1,1,1
2014-04-25,0,8.133333206176758,8.156665802001953,8.00333309173584,8.066665649414062,6.604562282562256,1017000,3.987373106434072,-0.0041239623009976,0.0208775146512119,0.2215950897737299,0.020506558944628,0.0594534137253216,0.1016356728747153,-1,1,1
2014-04-28,0,8.046666145324707,8.260000228881836,7.966666221618652,8.09333324432373,6.626396179199219,1032000,4.180058330127226,0.0033004285395451,-0.0069771915727459,0.2192385268963152,0.0204205925061005,0.0592199981804305,0.1031977092312826,1,-1,1
2014-04-29,0,8.199999809265137,8.406665802001953,8.170000076293945,8.333333015441895,6.822895526885986,663300,2.544644729848502,0.0292228521141279,0.0,0.2107210045684703,0.0204858960459897,0.058973109745067,0.1045033985321121,1,0,1
2014-04-30,0,8.229999542236328,8.449999809265137,8.223333358764648,8.383333206176758,6.863833904266357,938400,2.61862733990272,0.0059822179834083,0.0099901975605375,0.196658539717148,0.0204039762123772,0.0587187351932813,0.1054874852633075,1,1,1
2014-05-02,0,8.359999656677246,8.796666145324707,8.350000381469727,8.733332633972168,7.181806564331055,2171700,3.17610901808436,0.0452847982460633,0.0472751756658558,0.2095595777357405,0.0206880578919189,0.0585562233844848,0.1066320811648793,1,1,1
2014-05-05,0,8.733332633972168,8.893333435058594,8.666666030883789,8.866665840148926,7.291452407836914,1227000,3.335500880133597,0.0151517970332151,0.0948181316153624,0.2177069827948265,0.0206348014989797,0.0587935804871325,0.1078518091670384,1,1,1
2014-05-06,0,8.899999618530273,8.973333358764648,8.833333015441895,8.94333267211914,7.354498863220215,585000,3.0499996194513037,0.0086094571321986,0.1075515510485587,0.2347276825714574,0.0205583158881471,0.0591760053381541,0.1093058432480376,1,1,1
2014-05-07,0,8.94666576385498,9.523332595825195,8.84333324432373,9.166666030883787,7.5381550788879395,1445700,3.398264266864094,0.0246652513741415,0.1289163738831553,0.2505165041455826,0.0205691426309491,0.0598477675685104,0.1109712887201379,1,1,1
2014-05-08,1,9.116665840148926,9.276665687561035,8.783332824707031,8.8100004196167,7.2448530197143555,2828700,3.994894798784881,-0.0396861791492235,0.0600073426198035,0.2248820148200682,0.0208326646753425,0.0597393873446868,0.1120890301371707,-1,1,1
2014-05-09,0,8.666666030883789,8.949999809265137,8.649999618530273,8.916666030883789,7.332569122314453,15556200,8.784306514774034,0.0120346602335368,0.066059784869932,0.2397508964058798,0.0207674231081701,0.059669701943498,0.1133936449417789,1,1,1
2014-05-12,0,8.94666576385498,9.25666618347168,8.94333267211914,9.123332977294922,7.502520561218262,693600,8.717456802701806,0.0229130902444491,0.0436880768683178,0.2626639866503289,0.0207631512970237,0.0594796523869418,0.1150322153604388,1,1,1
2014-05-13,0,9.210000038146973,9.43333339691162,9.170000076293944,9.333333015441896,7.675212860107422,1693800,8.989692059298038,0.0227569883937546,0.0512932682288575,0.2939720737150106,0.0207566109176118,0.0593235787702619,0.117180616727666,1,1,1
2014-05-14,0,9.366665840148926,9.466666221618652,9.283332824707031,9.383333206176758,7.716329574584961,777600,9.054840794114591,0.0053427799662521,0.0480265910629108,0.3069777809304955,0.0206776965115994,0.0591536259641583,0.1194669413236317,1,1,1
2014-05-15,0,9.333333015441896,9.43000030517578,9.286665916442873,9.329999923706056,7.672471523284912,255600,8.856913206450589,-0.0057000112961626,0.0176613283926065,0.3104543001002542,0.0206123785649999,0.0589185130155392,0.1216905042531293,-1,1,1
2014-05-16,0,9.326665878295898,9.383333206176758,9.233332633972168,9.383333206176758,7.716329574584961,641700,8.386600680570183,0.0057000112961627,0.0630475188379929,0.2129797361353936,0.0205356038255429,0.058830121281395,0.1222260314280134,1,1,1
2014-05-19,0,9.396665573120115,9.546666145324709,9.366665840148926,9.399999618530272,7.730035305023193,972000,8.323288698812217,0.0017746225913987,0.0527874811958548,0.1841549366073392,0.0204584901071036,0.0586851536973162,0.1224061557740966,0,1,1
2014-05-20,0,9.43333339691162,9.533332824707031,9.380000114440918,9.466666221618652,7.784859180450439,438000,8.283852251485632,0.0070672866859604,0.0369416776373661,0.1852975660400406,0.0203851686417687,0.0584830317357536,0.1225817712168817,1,1,1
2014-05-21,0,9.566665649414062,9.583333015441896,9.333333015441896,9.396665573120115,7.727293491363525,279300,7.897725630182725,-0.0074220457422683,0.0067626435013428,0.1467203855342693,0.0203289118373238,0.0582649317049816,0.1224106866945185,-1,1,1
2014-05-22,0,9.44333267211914,9.513333320617676,9.386666297912598,9.489999771118164,7.804047107696533,408900,7.133288628604227,0.0098837882893858,0.0113036518244765,0.134358513282273,0.020262942282102,0.058044401512001,0.1221535484870583,1,1,1
2014-05-23,0,9.43333339691162,9.733332633972168,9.43333339691162,9.5,7.812269687652588,385500,2.226768949879564,0.0010530755521539,0.018056738672793,0.1394195684115562,0.0201894691000769,0.0578241693604642,0.121927633460196,0,1,1
2014-05-26,0,9.550000190734863,9.813332557678224,9.483332633972168,9.68333339691162,7.963032245635986,280200,2.095441002056748,0.0191143280527274,0.0314710554293579,0.1505340763235386,0.0201631992503041,0.057619606739094,0.1217755299780878,1,1,1
2014-05-27,0,9.833333015441896,9.84000015258789,9.386666297912598,9.386666297912598,7.719069957733154,405900,1.6595036536337635,-0.0311159777170838,-0.0014195448791247,0.151809257522746,0.0202964707716572,0.0574267724816424,0.1216287123187627,-1,0,1
2014-05-28,0,9.4399995803833,9.56999969482422,9.406665802001951,9.56999969482422,7.869833946228027,972300,1.7324737464278506,0.0193430776337295,0.0108562460686444,0.1752762974574732,0.0202719961737282,0.0572162273201873,0.121661962071608,1,1,1
2014-05-29,0,9.566665649414062,9.616665840148926,9.456665992736816,9.486665725708008,7.801305294036865,351000,1.7668099941585234,-0.008745897532671,0.0095323942782418,0.1632299713852571,0.020223531864637,0.057009151382262,0.1215883528954567,-1,1,1
2014-05-30,0,9.473333358764648,9.833333015441896,9.456665992736816,9.829999923706056,8.083643913269043,2083200,2.292044548794051,0.0355516851531441,0.0352002911420001,0.1695588044242731,0.0203374705307993,0.0568217307409947,0.121558028552972,1,1,1
2014-06-02,0,9.829999923706056,10.056666374206545,9.6899995803833,9.81999969482422,8.075420379638672,1858500,2.623161416590242,-0.0010178230856994,0.0331293925041467,0.1625587633551654,0.0202690399948754,0.0566316490819887,0.1214672326559653,0,1,1
2014-06-03,0,9.783332824707031,9.93333339691162,9.783332824707031,9.91333293914795,8.152173042297363,1503600,3.014066700684029,0.0094595955181318,0.0234746599695513,0.126733560627234,0.0202056612220466,0.0564299907566638,0.1211531530098761,1,1,1
2014-06-04,0,9.963333129882812,9.963333129882812,9.776665687561035,9.859999656677246,8.108314514160156,378600,3.05434087437515,-0.0053945042354082,0.0491961334512268,0.1061872593586105,0.0201479745756582,0.0562920787617926,0.1207550324066776,-1,1,1
2014-06-05,0,9.890000343322754,9.966666221618652,9.84333324432373,9.866665840148926,8.113795280456543,440400,3.071228598156193,0.0006757156219895,0.0305287714394869,0.0982535178484013,0.0200797607528807,0.0561026618600496,0.1203353722384682,0,1,1
2014-06-06,0,9.949999809265137,9.983332633972168,9.766666412353516,9.770000457763672,8.034303665161133,1508700,3.473704187073692,-0.009845401327843,0.0294292676443149,0.0637428651464167,0.0200390571181127,0.0559134424823877,0.1198597409397866,-1,1,1
2014-06-09,0,9.773332595825195,9.866665840148926,9.770000457763672,9.8100004196167,8.0671968460083,248700,3.463766592282929,0.0040857343180046,-0.0020366831908245,0.107514778613645,0.0199714853783074,0.0557419527791681,0.1194787897976548,1,0,1
2014-06-10,0,9.859999656677246,10.399999618530272,9.773332595825195,10.156665802001951,8.352275848388672,792900,3.61792909022024,0.0347279913726609,0.0337091312675356,0.130208109752769,0.0200733658100573,0.0555641797447669,0.1191955762710609,1,1,1
2014-06-11,0,10.25,10.416666030883787,10.18333339691162,10.31999969482422,8.486592292785645,1037700,3.668944627856305,0.0159534823883566,0.0402030181377604,0.1232485018966766,0.0200336486652679,0.0554035345797606,0.1188812093384157,1,1,1
2014-06-13,0,10.326665878295898,10.383333206176758,10.176666259765623,10.226666450500488,8.409839630126953,1170000,3.98268426230278,-0.0090851359549269,0.0365123864182417,0.0914063775479949,0.0199920087953498,0.055234893487393,0.1184634103290507,-1,1,1
2014-06-16,0,10.199999809265137,10.25,10.133333206176758,10.233332633972168,8.415322303771973,681300,3.4919898925867536,0.0006517231585194,0.0364883939547716,0.086715320740262,0.0199271273314057,0.0550676980358692,0.1180400751140331,0,1,1
2014-06-17,0,10.203332901000977,10.273332595825195,10.076665878295898,10.116665840148926,8.319381713867188,409500,2.979430670056714,-0.0114661891765046,0.0348676061061099,0.0809491428599201,0.0198965186098827,0.0548985023125179,0.117611158205215,-1,1,1
2014-06-18,0,10.113332748413086,10.203332901000977,9.800000190734863,9.866665840148926,8.113795280456543,930000,2.7712601985617864,-0.025022204778267,0.0057596670098384,0.0502269267854905,0.0199591171976715,0.0547234372234477,0.1171695186341066,-1,1,1
2014-06-20,0,9.863332748413086,9.983332633972168,9.833333015441896,9.850000381469728,8.100090980529785,498000,2.81385221723832,-0.0016904402768841,-0.0306587646397066,0.0467618639172076,0.0198979025332603,0.0546851246043872,0.1167346148375187,0,-1,1
2014-06-23,0,9.916666030883787,10.063332557678224,9.706665992736816,9.716666221618652,7.990445137023926,360300,2.7831748696767646,-0.013628823785443,-0.0602410708135064,0.026065753445804,0.019877256282316,0.0548702821948306,0.1163309227923983,-1,-1,1
2014-06-24,0,9.703332901000977,10.026665687561035,9.57333278656006,9.899999618530272,8.141207695007324,641100,2.478237325964914,0.018692064495354,-0.0324638703632253,0.0521798636834265,0.0198547370880747,0.0548373107475952,0.1159029998376637,1,-1,1
2014-06-25,0,9.893333435058594,10.0600004196167,9.733332633972168,9.926666259765623,8.16313648223877,376500,2.5253831381156906,0.0026899334576897,-0.030425660064055,0.0449860088517305,0.0197918073581542,0.0547911486427616,0.1154832669831781,1,-1,1
2014-06-26,0,10.029999732971191,10.109999656677246,9.783332824707031,9.899999618530272,8.141207695007324,409500,2.380085712191691,-0.0026899334576896,-0.02164940434524,0.0412429998418868,0.0197342177499136,0.0546996455676778,0.115071137319382,-1,-1,1
2014-06-27,0,9.869999885559082,9.996665954589844,9.783332824707031,9.936665534973145,8.17136001586914,246000,2.0798155877158124,0.0036968251394865,0.0070696255725136,0.0258254969286461,0.0196725929948499,0.0545280559499146,0.1146851072864181,1,1,1
2014-06-30,0,9.93333339691162,9.936665534973145,9.803333282470703,9.926666259765623,8.16313648223877,874200,1.9603814928446617,-0.001006891681797,0.0077531741676007,0.055934582963933,0.0196136316681365,0.0543573523257263,0.1142747835835173,0,1,1
2014-07-01,0,9.949999809265137,9.949999809265137,9.779999732971191,9.779999732971191,8.042526245117188,784500,1.9858297993095613,-0.0148852245180153,0.0064967734350283,0.0217062808121881,0.0196016390414851,0.0541895889963315,0.1139050548503189,-1,1,1
2014-07-02,0,9.770000457763672,9.82333278656006,9.670000076293944,9.75,8.01785659790039,1001400,2.1900468338723007,-0.0030721143898465,-0.0152674054501721,0.0273800639550127,0.0195464823113177,0.0540756256932291,0.1135279642071086,-1,-1,1
2014-07-03,0,9.766666412353516,9.800000190734863,9.466666221618652,9.473333358764648,7.790341377258301,2319000,2.6548284183658293,-0.0287864476188871,-0.0467437865267489,-0.0369580688170185,0.0196392980436228,0.0541334219514893,0.113392359292299,-1,-1,-1
2014-07-04,0,9.510000228881836,9.733332633972168,9.486665725708008,9.5,7.812269687652588,540300,2.663095720853879,0.0028108532271724,-0.0412429998418869,-0.0331293925041467,0.0195797205062499,0.054150003138394,0.1132339284951266,1,-1,-1
2014-07-07,0,9.556666374206545,9.666666030883787,9.520000457763672,9.550000190734863,7.85338830947876,1242900,2.9671493492862395,0.0052495358013422,-0.0396902891800313,-0.0373394522209363,0.0195218993119432,0.0541542256697294,0.113097071111335,1,-1,-1
2014-07-08,0,9.5600004196167,9.906665802001951,9.553333282470703,9.666666030883787,7.949326515197754,745500,2.998380575051086,0.0121421395594012,-0.0265412579388331,-0.019802808426127,0.0194778112779318,0.0540846260766124,0.1128716542335408,1,-1,-1
2014-07-10,0,9.676666259765623,9.826665878295898,9.50666618347168,9.576665878295898,7.875316143035889,428400,3.0116509441125623,-0.0093538809549351,-0.0210099143757529,-0.0298324050030516,0.0194410700351316,0.0539905693739483,0.1126935545461644,-1,-1,-1
2014-07-11,0,9.57333278656006,9.68333339691162,9.543333053588867,9.68333339691162,7.963032245635986,383400,2.999245042907586,0.011076533646919,-0.0068612663389873,-0.0089104700282896,0.019394866281995,0.0538513795245416,0.1124250273290494,1,-1,0
2014-07-14,0,9.716666221618652,9.813332557678224,9.5,9.5,7.812269687652588,595200,3.115869671418064,-0.0191143280527274,0.0028108532271724,-0.0321105323990216,0.0194079809972159,0.0536954333389069,0.112258127647439,-1,0,-1
2014-07-15,0,9.533332824707031,9.566665649414062,9.316665649414062,9.366665840148926,7.702624797821045,560100,2.9911923973873704,-0.0141343810413207,-0.0141343810413207,-0.0809729048130033,0.0193918405326689,0.0535786373831458,0.1124021478060399,-1,-1,-1
2014-07-16,0,9.383333206176758,9.383333206176758,9.010000228881836,9.243332862854004,7.60120153427124,619200,2.920383801812936,-0.0132548221952176,-0.0326387390378807,-0.1101812093965775,0.0193712260733615,0.0535396789817153,0.1127868289153135,-1,-1,-1
2014-07-17,0,9.229999542236328,9.260000228881836,9.020000457763672,9.260000228881836,7.614908218383789,334800,2.678289815333613,0.0018016021233748,-0.042979276473907,-0.0992944713182758,0.0193151765012662,0.0535587695027239,0.1130582711130563,0,-1,-1
2014-07-18,0,9.243332862854004,9.41333293914795,9.109999656677246,9.140000343322754,7.516225814819336,507000,2.0484881014596645,-0.0130438078869105,-0.0466692034058825,-0.1129900023637056,0.0192937879089374,0.0535991700004456,0.1134387099674489,-1,-1,-1
2014-07-21,0,9.140000343322754,9.223333358764648,9.010000228881836,9.033332824707031,7.428508281707764,445500,2.008214189769329,-0.0117390566967891,-0.0694847937495905,-0.1132628698839901,0.0192666748228547,0.0538136597843184,0.1138058894721245,-1,-1,-1
2014-07-22,0,9.056666374206545,9.386666297912598,9.0,9.359999656677246,7.697141647338867,505500,1.7488692984645031,0.0355239763604702,-0.0148464893363928,-0.0527166887452528,0.0193766013730313,0.0536970916075655,0.1137164635621682,1,-1,-1
2014-07-23,0,9.296666145324709,9.703332901000977,9.273332595825195,9.616665840148926,7.908209800720215,758100,1.7519173783408282,0.0270523898325156,0.0263402815374434,-0.0239738586358531,0.0194115914531794,0.0535510886886138,0.1134886926364316,1,1,-1
2014-07-24,0,9.736665725708008,9.890000343322754,9.583333015441896,9.763333320617676,8.028820991516113,982800,1.95147973885708,0.0151362565701336,0.0547313603027949,0.0047912217197236,0.019380715525418,0.0534915684190787,0.1131730471759873,1,1,0
2014-07-25,0,9.766666412353516,9.766666412353516,9.5600004196167,9.68000030517578,7.960291862487793,588600,2.0236006557038264,-0.0085720263879768,0.0443577317914433,-0.0224728691636071,0.0193437389210113,0.0533908396555812,0.112942099079076,-1,1,-1
2014-07-28,0,9.6899995803833,9.6899995803833,9.273332595825195,9.300000190734863,7.647800922393799,836700,2.100875310943443,-0.0400475199372057,0.017354019741148,-0.0652103225585025,0.0195452984057863,0.053239080708116,0.1129219248079001,-1,1,-1
2014-07-29,0,9.303333282470703,9.34666633605957,9.050000190734863,9.216666221618652,7.5792717933654785,521100,2.084763357467335,-0.0090010198261192,0.020092056611818,-0.0715214089269321,0.0195085492465002,0.0530902646702375,0.1129369166636556,-1,1,-1
2014-07-30,0,9.156665802001951,9.316665649414062,8.933333396911621,9.316665649414062,7.661506175994873,517800,2.052090004794357,0.0107914675811013,-0.0046404521675508,-0.0644267664853173,0.0194656700738571,0.0529567368844189,0.1129040094734706,1,0,-1
2014-07-31,0,9.226666450500488,9.609999656677246,9.199999809265137,9.609999656677246,7.90272855758667,1202400,2.359269456702328,0.0309994937333269,-0.0006933482667395,-0.0324203810701933,0.0195291895739484,0.0528176602297865,0.11270889269838,1,0,-1
2014-08-01,0,9.613332748413086,9.613332748413086,9.396665573120115,9.526665687561035,7.834198474884033,718200,2.439492864814927,-0.0087095168911162,-0.0245391217279894,-0.0262446734432942,0.019492649653161,0.0527438028659581,0.1124899974897568,-1,-1,-1
2014-08-04,0,9.666666030883787,9.706665992736816,9.300000190734863,9.523332595825195,7.831457614898682,538200,2.4794982087379114,-0.0003499195945078,-0.0163170149345204,-0.0235224786479555,0.0194407742844381,0.0526412764617656,0.1122620062732077,0,-1,-1
2014-08-05,0,9.516666412353516,9.516666412353516,9.390000343322754,9.510000228881836,7.820494651794434,528300,2.490130876612357,-0.0014008431293713,0.0223296618733137,0.0038631258415601,0.0193901898532127,0.05250067768494,0.1119593657636023,0,1,0
2014-08-06,0,9.496665954589844,9.566665649414062,9.333333015441896,9.333333015441896,7.675212860107422,325500,2.33563335333902,-0.0187517799572704,0.0125789017421627,-0.0176995073428826,0.0193982005584686,0.0523562463909745,0.111714795264159,-1,1,-1
2014-08-07,0,9.350000381469728,9.383333206176758,9.203332901000977,9.303333282470703,7.650542736053467,518100,2.162135976054829,-0.0032194360933793,-0.0014320019323182,-0.0261684792376042,0.019350304924542,0.0522232302934758,0.1114999318394822,-1,0,-1
2014-08-08,0,9.246665954589844,9.263333320617676,8.85666561126709,8.886666297912598,7.3078999519348145,1302000,2.3755056606644898,-0.045820643000635,-0.0782521386662802,-0.0841312617976404,0.0196083875655149,0.0525068994840054,0.1115801883338571,-1,-1,-1
2014-08-11,1,8.906665802001953,8.989999771118164,8.85666561126709,8.899999618530273,7.318863391876221,829800,2.3611149688854467,0.0014990933724522,-0.0680435284027118,-0.0732782874702531,0.0195567267621897,0.0526928526849317,0.111586870656691,0,-1,-1
2014-08-12,0,9.00666618347168,9.260000228881836,8.956665992736816,9.1899995803833,7.557343482971191,2741700,3.1020463843888573,0.032064695714668,-0.0356289130935359,-0.0522901254025042,0.0196277999459057,0.0526643418433118,0.1114774462074913,1,-1,-1
2014-08-13,0,9.133333206176758,9.19666576385498,9.050000190734863,9.113332748413086,7.494297027587891,333600,3.0372316952004628,-0.0083774023250019,-0.0426054722891665,-0.0415531996747787,0.0195906045315465,0.0526704833287046,0.1113187367386354,-1,-1,-1
2014-08-14,0,9.140000343322754,9.293333053588867,9.013333320617676,9.116665840148926,7.497037410736084,2544300,3.4601518738392087,0.0003655956299276,-0.0234880967019686,-0.0270532230035304,0.0195400769073475,0.0525902629100283,0.1111051202418471,0,-1,-1
2014-08-15,0,9.140000343322754,9.166666030883787,9.033332824707031,9.156665802001951,7.529930591583252,915900,3.5162678642617182,0.0043778935814377,-0.0158907670271514,-0.009420507226875,0.0194904957417919,0.0524868662613299,0.110841160490442,1,-1,0
2014-08-18,0,9.266666412353516,9.266666412353516,9.010000228881836,9.033332824707031,7.428508281707764,1389300,3.786015798571528,-0.0135607552334497,0.0163691207400339,-0.0247828645836996,0.0194716219477476,0.0523501518724218,0.1106222544629645,-1,1,-1
2014-08-19,0,9.050000190734863,9.19666576385498,9.0,9.056666374206545,7.447697162628174,1859700,4.215405984785818,0.00257980997032,0.0174498373379015,-0.0091592467264691,0.0194219699395462,0.0522151633070584,0.1103608146673109,1,1,0
2014-08-20,0,9.0,9.119999885559082,8.986665725708008,9.103333473205566,7.486073017120361,1628400,4.643608784601232,0.005139484336889,-0.0094753740398774,0.0077192943072091,0.019374082191489,0.0520994397175229,0.1100685905314043,1,-1,0
2014-08-21,0,9.086666107177734,9.273332595825195,9.033332824707031,9.25333309173584,7.609426021575928,3251100,5.561477923348196,0.0163433815367522,0.0152454098218767,-0.011461300516509,0.0193525795684059,0.0519653220871553,0.1098164777198562,1,1,-1
2014-08-22,0,9.18000030517578,9.43333339691162,9.18000030517578,9.426666259765623,7.751965045928955,693300,5.378549285653167,0.0185586207446007,0.0334384349365501,-0.0199550696044238,0.0193399202019403,0.0518567643865194,0.1095885293335122,1,1,-1
2014-08-25,0,9.423333168029783,9.520000457763672,9.25333309173584,9.43333339691162,7.757448196411133,754800,5.368923556409821,0.0007070739073032,0.0297676152624156,-0.0343842522672543,0.0192917107942592,0.0517413165911287,0.1094081152999077,0,1,-1
2014-08-26,0,9.449999809265137,9.476666450500488,9.316665649414062,9.369999885559082,7.705365180969238,708000,4.694521472547928,-0.006736576473837,0.0365917940220282,-0.0325488023531145,0.0192533634031835,0.0516415443689384,0.109221605133188,-1,1,-1
2014-08-27,0,9.376666069030762,9.66333293914795,9.373332977294922,9.646665573120115,7.93287992477417,452100,4.742517700104731,0.0290992750639987,0.0631112591157071,0.0365979926480899,0.0193002470526526,0.0516429873126462,0.1089195119732976,1,1,1
2014-08-28,0,9.57333278656006,9.786665916442873,9.553333282470703,9.68000030517578,7.960291862487793,500100,4.075661699125492,0.0034495272891159,0.0614213020679338,0.0490485397633249,0.0192529036350667,0.0516347118866775,0.1086246134904776,1,1,1
2014-08-29,0,9.713333129882812,9.986665725708008,9.68333339691162,9.986665725708008,8.212475776672363,2779800,4.7795680663118745,0.0311887689125381,0.0762666894437198,0.0694458410947615,0.0193132043189191,0.0517075867640549,0.1083565052105384,1,1,1
2014-09-01,0,9.986665725708008,10.363332748413086,9.986665725708008,10.260000228881836,8.437251091003418,778800,4.613912073237898,0.0270021211996585,0.0847101898987773,0.0654484685610929,0.0193434500047577,0.0518332531277491,0.1080839723362795,1,1,1
2014-09-02,0,10.266666412353516,10.406665802001951,10.223333358764648,10.399999618530272,8.552380561828613,1744500,4.661147857393457,0.0135531170407715,0.0975562330322457,0.0877111024929808,0.0193122601214699,0.0520513282353083,0.1078588004476663,1,1,1
2014-09-03,0,10.460000038146973,10.583333015441896,10.353333473205566,10.399999618530272,8.552380561828613,2968500,5.244221456649791,0.0,0.1042928095060826,0.0880610220874886,0.0192662530278825,0.0523189732382276,0.10763577036934,0,1,1
2014-09-04,0,10.390000343322754,10.390000343322754,10.300000190734863,10.333333015441896,8.49755573272705,4256400,5.749208488656874,-0.0064311111916769,0.068762423250407,0.0830307540251831,0.0192294855244541,0.0523351028320718,0.1074016877097535,-1,1,1
2014-09-05,0,10.41333293914795,10.456665992736816,10.32333278656006,10.396665573120115,8.549637794494629,450600,5.681966494758177,0.0061103575472411,0.0714232535085322,0.1078928915296945,0.0191852186110526,0.0523637168628009,0.1072413158649681,1,1,1
2014-09-08,0,10.399999618530272,10.403332710266112,10.25,10.3100004196167,8.478368759155273,323700,5.544525358123977,-0.0083708508418634,0.0318636337541307,0.1027414767812105,0.0191536539209288,0.052251198349025,0.1070637689409042,-1,1,1
2014-09-09,0,10.25,10.363332748413086,10.116665840148926,10.146665573120115,8.344051361083984,320700,5.4217263230216055,-0.0159691948618292,-0.0111076823073568,0.1325929249200164,0.0191492651971549,0.052152899030356,0.1070041846118366,-1,-1,1
2014-09-10,0,10.07333278656006,10.103333473205566,9.896665573120115,9.983332633972168,8.209735870361328,602400,5.481772104766,-0.0162281218815782,-0.0408889212297066,0.1148657096659859,0.019145694916985,0.0521640381971907,0.1068686457303869,-1,-1,1
2014-09-11,0,10.023332595825195,10.063332557678224,9.8100004196167,9.873332977294922,8.119277954101562,258900,5.398762383666411,-0.0110795229379243,-0.0519684441676311,0.0717214910133935,0.0191219525907321,0.0522345073710475,0.1066173368848747,-1,-1,1
2014-09-12,0,9.876666069030762,9.899999618530272,9.666666030883787,9.670000076293944,7.952069282531738,1014300,4.746508782324652,-0.0208090464027867,-0.0663463793787409,0.0592898469356086,0.0191407821392321,0.0523968304119007,0.1063514012228904,-1,-1,1
2014-09-15,0,9.670000076293944,9.733332633972168,9.460000038146973,9.649999618530272,7.935621738433838,398100,4.595774229490274,-0.002070477069564,-0.0745272139955461,0.0568537742361171,0.0190981640902588,0.0526157148499264,0.1060851314871414,-1,-1,1
2014-09-16,0,9.626666069030762,9.763333320617676,9.600000381469728,9.6899995803833,7.968514442443848,411600,4.08151822353099,0.0041363769191061,-0.0620199862345764,0.0566122575737854,0.0190544986085754,0.05273838436284,0.105820637908817,1,-1,1
2014-09-17,0,9.770000457763672,9.816665649414062,9.543333053588867,9.626666069030762,7.916432380676269,705600,3.206652617572961,-0.0065574344030909,-0.0526082257758381,0.0636155784041444,0.0190192311673738,0.0527993920012642,0.1055653435416808,-1,-1,1
2014-09-18,0,9.653332710266112,9.653332710266112,9.210000038146973,9.600000381469728,7.894505023956299,599400,1.817737084975026,-0.0027736964882959,-0.0391538003825557,0.0582620719455284,0.0189781761050171,0.0527895837726811,0.1053061871142033,-1,-1,1
2014-09-19,0,9.566665649414062,9.649999618530272,9.146665573120115,9.336666107177734,7.677953243255615,1360500,2.1090387716025703,-0.0278139440100484,-0.0558882214546797,0.0253086435985911,0.0190402591375518,0.0528656221905777,0.1050443201181755,-1,-1,1
2014-09-22,0,9.296666145324709,9.31999969482422,9.140000343322754,9.216666221618652,7.5792717933654785,439200,2.1348566710052084,-0.0129358812939821,-0.0480150563458751,-0.0039706192321433,0.0190225497329036,0.052895594653152,0.1048236839686261,-1,-1,0
2014-09-23,0,9.206665992736816,9.646665573120115,9.18333339691162,9.496665954589844,7.809528827667236,1139400,2.409760681800234,0.0299275071052524,-0.0160170721710587,0.0073982671285082,0.0190739977000333,0.0528044191035877,0.1045844264421232,1,-1,0
2014-09-24,0,9.5,9.69333267211914,9.5,9.653332710266112,7.938362121582031,430500,2.3422487684237563,0.0163623393956675,-0.0037911096944973,0.0230535326168725,0.0190559745132012,0.0526917317871699,0.1043295482619606,1,0,1
2014-09-25,0,9.649999618530272,9.666666030883787,9.529999732971191,9.65999984741211,7.943844318389893,541200,2.4393197861612927,0.0006903571045134,0.003456681813107,0.0304804661952231,0.019013360823523,0.0525729677880213,0.1040724519160143,0,0,1
2014-09-26,0,9.6899995803833,9.763333320617676,9.5,9.75,8.01785659790039,1496100,2.612938762645392,0.0092737998713265,0.0155041781727294,0.010654991002551,0.018977318567374,0.0524538489853266,0.1038338549096404,1,1,1
2014-09-29,0,9.66333293914795,9.75,9.553333282470703,9.75,8.01785659790039,381900,2.608646520727504,0.0,0.0433181221827777,0.0072054637134351,0.0189355163281909,0.0523807335541324,0.1036016300281244,0,1,0
2014-09-30,0,9.75,9.863332748413086,9.633333206176758,9.863332748413086,8.111054420471191,643500,2.6943407636382197,0.0115567454915476,0.0678107489683076,-0.0124265597075553,0.0189044911054335,0.0524021880065339,0.1034083937027359,1,1,-1
2014-10-01,0,10.300000190734863,10.300000190734863,9.91333293914795,9.993332862854004,8.2179594039917,1252200,2.9021982711606342,0.0130940560291855,0.0509772978922409,-0.0263346248780281,0.0188773095607532,0.0523524785738175,0.1032533030518859,1,1,-1
2014-10-02,0,10.100000381469728,10.100000381469728,9.826665878295898,9.829999923706056,8.083643913269043,404700,2.837671411098099,-0.0164791803226018,0.0181357781739714,-0.0563669222414016,0.0188752863600976,0.0522370245838234,0.1032088854964541,-1,1,-1
2014-10-03,0,9.869999885559082,10.076665878295898,9.8100004196167,10.0,8.223442077636719,729000,2.6410238274357853,0.017146115419877,0.0345915364893349,-0.0392208068215246,0.0188608717489735,0.0521435709653046,0.1030954544698668,1,1,-1
2014-10-06,0,10.40999984741211,10.5,10.18333339691162,10.18333339691162,8.374205589294434,457800,2.663330537522798,0.0181673525452581,0.0434850891632666,-0.0146223430845895,0.018850022607563,0.0520715233904954,0.1029093675920138,1,1,-1
2014-10-07,0,10.363332748413086,10.363332748413086,10.15999984741211,10.233332633972168,8.415322303771973,425100,2.428251886198709,0.0048979098086502,0.0483829989719168,-0.0158347908231803,0.0188101215781721,0.0520139276902298,0.1027270342831132,1,1,-1
2014-10-08,0,10.34000015258789,10.34000015258789,9.93333339691162,9.960000038146973,8.190549850463867,500400,2.4583428737039754,-0.0270730955909611,0.009753157889408,-0.0345370355722781,0.0188661910355083,0.0518993822952236,0.1025982802488865,-1,1,-1
2014-10-09,0,9.966666221618652,10.053333282470703,9.926666259765623,9.926666259765623,8.16313648223877,402600,2.413599583706941,-0.0033525644730937,-0.0066934626128714,-0.0219204051835428,0.0188288109480025,0.0517995874752851,0.1024324710672222,-1,-1,-1
2014-10-10,0,9.983332633972168,9.983332633972168,9.800000190734863,9.920000076293944,8.157654762268066,100500,1.9198486467428,-0.0006717468650523,0.009113970844678,-0.0063640301670169,0.0187892798276393,0.0516866125430607,0.1022319083536929,0,1,0
2014-10-13,0,10.053333282470703,10.056666374206545,9.880000114440918,9.9399995803833,8.174101829528809,93600,1.8183685533502465,0.0020141217178134,-0.0060180228573855,0.0067296144887209,0.0187492620087951,0.0515870548199097,0.1020114593718538,1,-1,0
2014-10-14,0,9.94666576385498,9.949999809265137,9.710000038146973,9.786665916442873,8.04800796508789,1042500,1.9584477677877288,-0.0155462397451525,-0.0397316151477961,0.0119924211463552,0.0187437156725526,0.0515848642581766,0.1017862259973738,-1,-1,1
2014-10-15,0,9.720000267028809,9.733332633972168,9.543333053588867,9.616665840148926,7.908209800720215,326100,1.617739802075724,-0.0175231679110624,-0.0621526928675088,-0.0034602696951431,0.0187460579789183,0.051697623807725,0.1015841039829728,-1,-1,0
2014-10-16,0,9.60666561126709,9.619999885559082,9.416666030883787,9.603333473205566,7.897245407104492,226500,1.5522317294890822,-0.0013874191195838,-0.0364670163961316,-0.0089840657338332,0.018707718876032,0.0516794999725734,0.1013934262762221,0,-1,0
2014-10-17,0,9.523332595825195,9.760000228881836,9.513333320617676,9.760000228881836,8.026079177856445,449100,1.4466227736017845,0.0161821209422701,-0.0169323309807676,0.0137554896115278,0.0186918853675601,0.0516004924586932,0.1011705442655759,1,-1,1
2014-10-20,0,9.75,9.81999969482422,9.510000228881836,9.510000228881836,7.820494651794434,199500,1.3461765510547106,-0.025948329704421,-0.0422089138201364,-0.0094191436045975,0.0187381910879866,0.0516052142074023,0.1009830061791801,-1,-1,0
2014-10-21,0,9.426666259765623,9.426666259765623,9.426666259765623,9.426666259765623,7.751965045928955,286200,1.286146177794182,-0.0088014417226888,-0.0530244772606387,0.0095933586827619,0.0187113618160234,0.0516601897165747,0.100767105651781,-1,-1,0
2014-10-22,0,9.34000015258789,9.449999809265137,9.086666107177734,9.266666412353516,7.620389461517334,331500,1.216676519491622,-0.0171188867114,-0.0545971242268863,0.0054103532653441,0.018711300193383,0.0517214383112938,0.1005576047154957,-1,-1,0
2014-10-23,0,9.273332595825195,9.273332595825195,8.829999923706055,9.00333309173584,7.403839111328125,623100,1.2752980656602424,-0.0288288143191425,-0.0659027706349664,-0.0533459681590509,0.0187736916597542,0.0518446743867886,0.1005020100364987,-1,-1,-1
2014-10-24,0,9.00333309173584,9.233332633972168,8.75,9.0,7.401098728179932,463500,1.3906351133376569,-0.0003701985390545,-0.0648855500544371,-0.070078506093773,0.0187355284706809,0.0519585633312336,0.1005163752464951,0,-1,-1
2014-10-27,0,8.5,9.5600004196167,8.5,9.466666221618652,7.784859180450439,1598100,1.90648605686228,0.0505522505786271,-0.0305154204180801,-0.0202166126196595,0.0189579873251813,0.0519133146193951,0.1003553063944497,1,-1,-1
2014-10-28,0,9.486665725708008,10.0,9.486665725708008,10.0,8.223442077636719,990900,1.895819045997048,0.0548081491089946,0.0502410583953355,0.0253177366180084,0.0192198649459719,0.0518731338813949,0.1001333871352777,1,1,1
2014-10-29,0,9.893333435058594,10.426666259765623,9.773332595825195,9.93333339691162,8.168619155883789,807300,2.073234381173841,-0.0066889850375023,0.052353515080522,0.0186287515805061,0.019188532129869,0.0518397571537201,0.0999162072929788,-1,1,1
2014-10-30,0,10.039999961853027,10.260000228881836,9.983332633972168,10.233332633972168,8.415322303771973,519300,2.1872807212500787,0.0297542473914106,0.0992266491833328,0.0368262534803691,0.0192316422471724,0.0520516517099731,0.0996962050016984,1,1,1
2014-10-31,0,10.289999961853027,10.5,10.276665687561035,10.5,8.634614944458008,288900,2.138241189877854,0.025724990173776,0.1537804536762515,0.0494571876249595,0.019252042239475,0.052753466910371,0.0994832579095544,1,1,1
2014-11-03,0,10.359999656677246,10.359999656677246,10.043333053588867,10.186665534973145,8.376945495605469,1064700,2.4633570013558006,-0.0302957694680416,0.1238548827472643,0.0356405984795199,0.0193213074082754,0.0531407605867853,0.0992659494426094,-1,1,1
2014-11-04,0,10.133333206176758,10.186665534973145,10.036665916442873,10.046666145324709,8.261817932128906,297600,2.4739650339136383,-0.0138386967644772,0.0594639354041601,0.0046557862951656,0.0193081453254227,0.0531229154164491,0.0990676093557584,-1,1,0
2014-11-05,0,10.103333473205566,10.266666412353516,9.93000030517578,10.18333339691162,8.374205589294434,400200,2.51042300344128,0.0135115662500925,0.0181673525452581,0.0,0.0192838478458533,0.0530172188972873,0.0988766642644583,1,1,0
2014-11-06,0,10.18333339691162,10.263333320617676,10.07333278656006,10.079999923706056,8.289231300354004,138900,2.3574706683821907,-0.0101989794880326,0.0146573580947277,-0.0150968892966829,0.0192605458197047,0.0529107186430275,0.0987133139036448,-1,1,-1
2014-11-07,0,10.166666030883787,10.233332633972168,10.103333473205566,10.166666030883787,8.360499382019043,171900,2.269407604089011,0.008560921289381,-0.0065359680073018,0.0205371275836593,0.0192272510352929,0.0528160805233286,0.098504431572427,1,-1,1
2014-11-10,0,10.199999809265137,10.25333309173584,10.039999961853027,10.116665840148926,8.319381713867188,156000,1.7770930335234112,-0.0049302211692028,-0.0371911793502806,0.0189594708875504,0.0191941645472191,0.0527979711584615,0.0982977462022387,-1,-1,1
2014-11-11,0,10.063332557678224,10.233332633972168,9.85666561126709,10.149999618530272,8.346793174743652,131100,1.4654259257345816,0.00328947533278,-0.0036059345494591,0.0229206930853828,0.0191568634536393,0.0527004938755402,0.0980903729524494,1,0,1
2014-11-12,1,10.130000114440918,10.199999809265137,9.976666450500488,9.976666450500488,8.204254150390625,97500,1.2094149128579197,-0.0172245955986672,-0.0069918333836492,0.0036819757689017,0.0191562446181361,0.0526076286711008,0.0979002167879512,-1,-1,0
2014-11-13,0,10.399999618530272,10.923333168029783,10.399999618530272,10.800000190734863,8.881318092346191,973800,1.3984450318572224,0.0792971612428905,0.0587937616091488,0.0985253767569448,0.0197171579923884,0.0525903422210142,0.0977875377730736,1,1,1
2014-11-14,0,10.866665840148926,11.296666145324709,10.646665573120115,11.166666030883787,9.182843208312988,1298400,1.8150028063297812,0.0333868945492942,0.1023796356464758,0.1494354392173017,0.0197748777936347,0.0527987444548637,0.0978738789990975,1,1,1
2014-11-17,0,11.153332710266112,11.153332710266112,10.746665954589844,11.0,9.04578685760498,353400,1.5621930810485083,-0.0150377656428994,0.0787809487141954,0.1357850926939863,0.0197654851442391,0.0528640704282651,0.0978934191041093,-1,1,1
2014-11-18,0,10.93333339691162,11.0,10.686665534973145,10.899999618530272,8.96355152130127,324300,1.581993303746095,-0.0091325851218383,0.0745785847615597,0.1104703866298778,0.0197397636222451,0.0529073519295955,0.0978148035994658,-1,1,1
2014-11-19,0,10.869999885559082,11.286665916442873,10.866665840148926,11.25,9.251372337341309,443700,1.6152825704040197,0.0316053777174199,0.1028944871461997,0.1680240940517189,0.0197861834499747,0.0531085285868287,0.0979918049412031,1,1,1
2014-11-21,0,11.293333053588867,12.0,11.173333168029783,11.800000190734863,9.703662872314451,1183800,2.071928239334289,0.0477315286193772,0.1678506113642442,0.2245570643937851,0.0199467093311715,0.0538820573973234,0.0985467729187043,1,1,1
2014-11-24,0,12.146665573120115,12.15999984741211,11.636666297912598,11.75,9.66254425048828,335100,2.151486896591547,-0.0042464364192493,0.0843070137021046,0.2374295146859358,0.0199129965923274,0.0539611109674526,0.099192156266144,-1,1,1
2014-11-25,0,11.833333015441896,12.116665840148926,11.833333015441896,11.983332633972168,9.854425430297852,677100,2.388941784391152,0.0196636430369395,0.0705837621897497,0.2859219720420181,0.0199038589894551,0.0539752580856807,0.1002676925264583,1,1,1
2014-11-26,0,12.00333309173584,12.4399995803833,12.00333309173584,12.333333015441896,10.14224624633789,701700,2.6550233040990667,0.0287888603871742,0.1144103882198234,0.3150810309682468,0.0199320807191745,0.0542336209405288,0.1016207330932103,1,1,1
2014-11-27,0,12.453332901000977,12.630000114440918,12.34333324432373,12.59666633605957,10.358797073364258,199500,2.7109856843432683,0.0211266205422619,0.1446695938839237,0.2856554009318818,0.0199273289920229,0.0547304429615999,0.1026290192855029,1,1,1
2014-11-28,0,12.453332901000977,12.600000381469728,12.453332901000977,12.536665916442873,10.309454917907717,980700,2.7755717140865843,-0.0047746901109817,0.108289526055522,0.2260725617119055,0.0198951172042714,0.0549333021118815,0.103106203206347,-1,1,1
2014-12-01,0,12.25333309173584,12.25666618347168,11.916666030883787,12.0,9.868130683898926,14919780,8.7535683653594,-0.0437509855895825,0.0168070118465622,0.1890105611598253,0.0200567142778796,0.0548293601831663,0.1033308032422216,-1,1,1
2014-12-02,0,12.086666107177734,12.146665573120115,11.803333282470703,12.016666412353516,9.8818359375,15301344,15.292717583329642,0.0013878763507525,0.0224413246165641,0.1606441901191672,0.0200196217440052,0.0547280192621479,0.1034024439480868,0,1,1
2014-12-03,0,12.020000457763672,12.1899995803833,11.833333015441896,11.996665954589844,9.865388870239258,1071900,15.6314890580199,-0.0016657602497489,0.0011119213298757,0.1332534396956423,0.0199841263244146,0.0546311513105208,0.1033594816333026,0,0,1
2014-12-04,0,12.0600004196167,12.126666069030762,11.916666030883787,12.083333015441896,9.936659812927246,1343700,16.040032091056457,0.0071983713987645,-0.020478567658534,0.1707475805624485,0.0199495381571332,0.0545703630417228,0.103474706611301,1,-1,1
2014-12-05,0,11.953332901000977,12.146665573120115,11.953332901000977,12.0,9.868130683898926,80700,15.56770150051499,-0.0069204874997683,-0.0485256757005642,0.1776657898271573,0.0199208277328719,0.0546028680862548,0.1036212847276075,-1,-1,1
2014-12-08,0,12.00333309173584,12.050000190734863,11.666666030883787,11.833333015441896,9.731073379516602,449700,15.61798574939825,-0.0139862351689764,-0.0577372207585589,0.1501679884080884,0.0199087055118946,0.0546760515104542,0.103636936928927,-1,-1,1
2014-12-09,0,11.883333206176758,11.93333339691162,11.66333293914795,11.66333293914795,9.591275215148926,244200,15.42667186057638,-0.0144703531300819,-0.0284565882990585,0.1458966147660391,0.0198979415373837,0.0546349631201217,0.103633745962495,-1,-1,1
2014-12-10,0,11.666666030883787,11.706665992736816,11.646665573120115,11.646665573120115,9.57756805419922,122400,15.16403776337074,-0.0014301502801609,-0.0312746149299721,0.135905543196497,0.0198630518141617,0.0546019571477424,0.1035922437536999,0,-1,1
2014-12-11,0,11.666666030883787,11.723333358764648,11.523332595825195,11.666666030883787,9.59401512145996,690600,15.365460447694003,0.0017157760154601,-0.027893078664763,0.1425515403811599,0.0198271846752899,0.0545589088763962,0.1035736645184048,0,-1,1
2014-12-12,0,11.699999809265137,11.720000267028809,11.25,11.266666412353516,9.265077590942385,758700,15.229336160145554,-0.0348872448840315,-0.0699786949475591,0.1043748201643484,0.0199154754024121,0.054690795106782,0.1034402283591419,-1,-1,1
2014-12-15,0,11.286665916442873,11.463333129882812,11.109999656677246,11.109999656677246,9.136244773864746,424800,8.89604013311472,-0.014002789541381,-0.0770609969891719,0.1075966262216346,0.0199028602923488,0.0548603618128254,0.1033145633777684,-1,-1,1
2014-12-16,0,11.116665840148926,11.133333206176758,10.720000267028809,10.800000190734863,8.881318092346191,1363800,2.7507881932882734,-0.028299464978744,-0.0913742267989396,0.0,0.0199492529842326,0.0551174794659453,0.103151846892536,-1,-1,0
2014-12-17,0,10.859999656677246,11.366665840148926,10.859999656677246,11.166666030883787,9.182843208312988,1525200,2.902371107121465,0.0333868945492942,-0.0435169791195633,0.0,0.0200019376290323,0.0551196333916242,0.1029898456948501,1,-1,0
2014-12-18,0,11.279999732971191,11.533332824707031,11.0,11.3100004196167,9.300713539123535,356100,2.458799274419002,0.0127542474920326,-0.0293325813473695,0.0277920131349321,0.019976696663505,0.0550761132392438,0.1027973312136117,1,-1,1
2014-12-19,0,11.5,12.699999809265137,11.5,12.466666221618652,10.251891136169434,2436600,3.527243071582641,0.0973710678029201,0.0663227104400903,0.1342956660596906,0.0207284338247153,0.055073280775374,0.1027516072422371,1,1,1
2014-12-22,0,12.476666450500488,12.75666618347168,12.066665649414062,12.100000381469728,9.95036506652832,2007000,4.21621375130534,-0.0298529490551004,0.0713570062690213,0.0728373392871701,0.0207797093357729,0.0550882932070613,0.1025709672292852,-1,1,1
2014-12-23,0,12.100000381469728,12.25,11.920000076293944,11.9399995803833,9.8187894821167,895500,4.5012041103377305,-0.0133113964930764,0.0720483993173261,0.0117944141747163,0.0207636163773331,0.055105038605665,0.1023962887211114,-1,1,1
2014-12-26,0,12.100000381469728,12.166666030883787,12.0,12.153332710266112,9.994222640991213,145800,4.513789621963434,0.0177093460317664,0.1180572103278368,0.0337501966257321,0.0207475083154011,0.0553644751351083,0.1022050008670651,1,1,1
2014-12-29,0,12.153332710266112,12.300000190734863,12.09333324432373,12.300000190734863,10.11483383178711,330900,4.368936949067335,0.0119958524448603,0.0966661682234029,0.026082406033653,0.0207192948336307,0.0554898996440453,0.1020188536143362,1,1,1
2014-12-30,0,12.246665954589844,12.333333015441896,11.643333435058594,11.783332824707031,9.689955711364746,855900,4.424791240295369,-0.0429131872426992,0.0409987334886708,-0.0456196415962204,0.0208534498736314,0.0554162756008632,0.1019757123462048,-1,1,-1
2015-01-02,0,11.766666412353516,11.766666412353516,11.079999923706056,11.18333339691162,9.19654941558838,797100,4.577192853510107,-0.0522615051635586,-0.1086338394778077,-0.1190077673020411,0.0210608982310346,0.0557883761334421,0.1022692412153182,-1,-1,-1
2015-01-05,0,10.81999969482422,10.903332710266112,10.399999618530272,10.483332633972168,8.620908737182617,1465500,4.600237604822103,-0.0646378491120391,-0.1434187395347466,-0.1788709263030985,0.0213837154203671,0.0564523011778663,0.1029711245156773,-1,-1,-1
2015-01-06,0,10.463333129882812,10.466666221618652,8.833333015441895,9.0,7.401098728179932,3687300,5.187153989657755,-0.1525620350964285,-0.2826693781380986,-0.2876819758099445,0.0231775185751213,0.0589829724716859,0.1047195944986742,-1,-1,-1
2015-01-07,0,9.220000267028809,9.603333473205566,8.423333168029785,8.569999694824219,7.047490119934082,5206200,6.661852395832087,-0.0489569238893879,-0.3493356480592532,-0.3380267760500853,0.0233224599475009,0.0625981272904684,0.1070271928399358,-1,-1,-1
2015-01-08,0,8.569999694824219,8.866665840148926,8.173333168029785,8.50333309173584,6.992667198181152,3366000,6.598124125713968,-0.0078094851986513,-0.3691409857027651,-0.3441705009989877,0.0232883070744489,0.0663514227077752,0.1093304251056805,-1,-1,-1
2015-01-09,0,8.516666412353516,8.653332710266113,8.50666618347168,8.533332824707031,7.017337322235107,1823100,6.281034661551521,0.0035217903772469,-0.3227060080828189,-0.3478470820205053,0.0232491385008684,0.0690372580945617,0.1115983973328523,1,-1,-1
2015-01-12,0,8.609999656677246,8.609999656677246,7.456665992736816,7.550000190734863,6.2086992263793945,1691700,6.356607398140197,-0.122432437605295,-0.3928769405245553,-0.4633590321260322,0.024293042265901,0.0728072803386853,0.115410499026158,-1,-1,-1
2015-01-13,0,7.566666126251221,8.103333473205566,7.383333206176758,7.869999885559082,6.471848964691162,2689500,7.061242899750996,0.0415104331015558,-0.2867286583109601,-0.4078623638554997,0.0243680380673102,0.074676834639627,0.1182485417629708,1,-1,-1
2015-01-14,0,7.8933329582214355,7.996665954589844,7.69666576385498,7.996665954589844,6.576012134552002,707700,7.118980469208511,0.0159666602756874,-0.1181999629388441,-0.3774253504497304,0.0243430303472643,0.0748968345154795,0.1205911881811023,1,-1,-1
2015-01-15,0,7.9633331298828125,7.97666597366333,7.513332843780518,7.573332786560059,6.227886199951172,1049400,7.041306542488592,-0.0543915215523559,-0.123634560601812,-0.4303867217219252,0.0245105610969688,0.0751432849185809,0.1235293719763834,-1,-1,-1
2015-01-16,0,7.556665897369385,8.166666030883789,7.556665897369385,8.133333206176758,6.688399314880371,2899800,7.574324551775854,0.0713375986939526,-0.0444874767092079,-0.3607648990434327,0.0248082460041524,0.0750693200075176,0.1255127436444363,1,-1,-1
2015-01-19,0,8.166666030883789,8.166666030883789,7.849999904632568,7.869999885559082,6.471848964691162,875400,7.266450769803382,-0.0329127374172841,-0.0809220045037391,-0.3587903915766852,0.0248430296547174,0.075105176282171,0.1274145191605292,-1,-1,-1
2015-01-20,0,7.916666030883789,8.203332901000977,7.800000190734863,8.09666633605957,6.658246994018555,693300,6.264697612201251,0.0283943930389776,0.0699048261405334,-0.3163932089963265,0.0248528754352479,0.0750758767011385,0.1288331292326736,1,1,-1
2015-01-21,0,8.136666297912598,8.236665725708008,7.960000038146973,8.233332633972168,6.770634174346924,1139100,4.984414735756271,0.016738520944883,0.0451329139838604,-0.2713552230726995,0.024828601889948,0.0749869708075172,0.1298213409085706,1,1,-1
2015-01-22,0,8.296666145324707,8.296666145324707,7.0,7.666666030883789,6.304638862609863,5165100,5.383225451398695,-0.0713090668990792,-0.042142813190906,-0.3760511845210732,0.0251306626091137,0.0749091879349174,0.1317706950438417,-1,-1,-1
2015-01-23,0,7.7133331298828125,8.039999961853027,7.646666049957275,7.869999885559082,6.471848964691162,2922000,5.653499091094785,0.0261761529152188,0.0384248612766684,-0.362629279097887,0.0251319781647013,0.0748100208820957,0.1335240269996019,1,1,-1
2015-01-26,0,8.100000381469727,8.100000381469727,7.420000076293945,7.806665897369385,6.419766902923584,1937100,5.738877485420467,-0.008080033668186,-0.0409927710854702,-0.4680803805689932,0.0250957533660571,0.0747307392587458,0.1364222110708002,-1,-1,-1
2015-01-27,0,7.75333309173584,7.926665782928467,7.570000171661377,7.836666107177734,6.444437026977539,397500,5.083040029396925,0.0038354731364016,-0.0042445605317843,-0.4343919583774911,0.0250553683614777,0.0746080423374747,0.138819123422858,1,0,-1
2015-01-28,0,7.796666145324707,7.806665897369385,7.3333330154418945,7.449999809265137,6.126464366912842,176400,4.925175772714884,-0.0505994740553456,-0.0832384276261077,-0.4716800359397604,0.0251845518946935,0.074653098514166,0.1415753747999111,-1,-1,-1
2015-01-29,0,7.283332824707031,7.489999771118164,7.283332824707031,7.433332920074463,6.112758636474609,1902900,5.150340279389686,-0.0022396415464327,-0.1022165901174233,-0.4916290235179595,0.0251441197031671,0.0747773396761286,0.1444797504610974,0,-1,-1
2015-01-30,0,7.3333330154418945,7.3333330154418945,6.453332901000977,6.916666030883789,5.687880516052246,2396700,4.895731318544625,-0.0720404806611398,-0.1029480038794839,-0.57566535662396,0.0254392186187542,0.0749023411255183,0.1483672102991502,-1,-1,-1
2015-02-02,0,6.666666030883789,6.940000057220459,6.4466657638549805,6.823332786560059,5.611128330230713,1772100,5.084738165016928,-0.0135858582660007,-0.1427100150607034,-0.5463380276472616,0.0254102918672333,0.0752424666303868,0.1517194448986214,-1,-1,-1
2015-02-03,0,6.846665859222412,6.863333225250244,6.119999885559082,6.283332824707031,5.167062282562256,4141500,5.826235789666836,-0.0824475245501777,-0.2170775059426951,-0.5765240470338804,0.0257974709229772,0.0761585815147389,0.1553362551717305,-1,-1,-1
2015-02-04,0,6.28000020980835,6.53000020980835,6.073332786560059,6.516665935516357,5.358942985534668,3386400,6.287267438119812,0.0364624482999172,-0.1844505307791796,-0.4754237496219241,0.0258386330867372,0.0767722219133912,0.1576486039391279,1,-1,-1
2015-02-05,0,6.440000057220459,6.866665840148926,6.440000057220459,6.800000190734863,5.591940879821777,1755900,5.28236451543503,0.0425596811535714,-0.0912913755702625,-0.2803020333719242,0.025908522170326,0.0768282122550635,0.1582786200640355,1,-1,-1
2015-02-06,0,6.75,6.75,5.97333288192749,6.0,4.934065341949463,2802600,5.057813835043543,-0.1251631713780765,-0.2142149054019063,-0.3565082808606126,0.0268143595709272,0.0776715144168367,0.1594261631138344,-1,-1,-1
2015-02-09,0,6.00666618347168,6.059999942779541,5.75666618347168,5.813333034515381,4.7805609703063965,1161600,4.753733172440545,-0.0316053637974472,-0.1737797885382137,-0.3803041594594086,0.0268300198943902,0.078171825173035,0.1607363225541387,-1,-1,-1
2015-02-10,0,5.803332805633545,5.840000152587891,5.38666582107544,5.493332862854004,4.517411231994629,2102700,5.060220192192292,-0.0566188039384728,-0.2168127342106858,-0.4404447537751284,0.0269737000834498,0.0790030345739031,0.1625363035473236,-1,-1,-1
2015-02-11,0,5.50666618347168,5.706665992736816,5.260000228881836,5.706665992736816,4.692843914031982,2640300,5.559897398139171,0.0380996834599085,-0.0962655262005996,-0.2799126327099249,0.0270178324917234,0.0790600616320684,0.163091028412848,1,-1,-1
2015-02-12,0,5.816666126251221,6.416666030883789,5.816666126251221,6.283332824707031,5.167062282562256,3492900,5.843364703798602,0.0962655262005997,-0.0364624482999171,-0.2251575396108811,0.0275123387236988,0.0789586529521883,0.1633482952836767,1,-1,-1
2015-02-13,0,6.456665992736816,6.570000171661377,6.133333206176758,6.380000114440918,5.246556758880615,1438200,5.574455798140377,0.0152677028407534,-0.0637544266127351,-0.2258564970458151,0.0274825174421333,0.0789111246326489,0.1636031427661411,1,-1,-1
2015-02-18,0,6.289999961853027,6.563333034515381,6.289999961853027,6.559999942779541,5.394578456878662,912600,5.352650647000443,0.0278224537833462,0.0892311985486876,-0.143642521710113,0.0274834419709255,0.0789512024199526,0.1635418789904865,1,1,-1
2015-02-19,0,6.466666221618652,7.0,6.276666164398193,6.949999809265137,5.715291976928711,1296600,4.734606979730077,0.0577509257497769,0.1785874880959117,-0.1572291946542888,0.0276281067788028,0.079470967124035,0.1635211935089276,1,1,-1
2015-02-20,0,7.010000228881836,7.179999828338623,6.516665935516357,6.993332862854004,5.750926971435547,1647000,4.351304838371336,0.0062156687214328,0.2414219607558174,-0.1181007885155719,0.02758715765265,0.0804990270117398,0.1633900704043209,1,1,-1
2015-02-23,0,8.0,8.316665649414062,7.44666576385498,7.866665840148926,6.469107151031494,6147900,5.674634078814725,0.1176770464556845,0.3209993237515934,-0.0288181350988649,0.0283059647945095,0.0823568235241129,0.1631273498596566,1,1,-1
2015-02-24,0,7.800000190734863,7.869999885559082,7.666666030883789,7.800000190734863,6.414285182952881,1660800,5.534343595337728,-0.0085105378381525,0.2162232597128413,-0.0540671938819004,0.0282668153450867,0.0831028001476451,0.1628866369492259,-1,1,-1
2015-02-25,0,7.776666164398193,8.109999656677246,7.716666221618652,8.0600004196167,6.628094673156738,2320800,5.968614328342439,0.0327898204249303,0.2337453772970182,0.0500316934421091,0.0282794760554838,0.0839774295338288,0.1626446945017607,1,1,1
2015-02-26,1,8.066665649414062,8.09666633605957,7.276666164398193,7.416666030883789,6.099052429199219,3606900,6.520871378081862,-0.0831839636446667,0.1227389598690051,-0.0593284231177763,0.0286147496899179,0.084114099490897,0.1624123505098975,-1,1,-1
2015-02-27,0,6.633333206176758,6.699999809265137,5.340000152587891,5.340000152587891,4.391318321228027,10418100,7.994686990482897,-0.3285039366684267,-0.2635159025491984,-0.3797523261180169,0.0338561070082046,0.0852807908072238,0.1635816172076869,-1,-1,-1
2015-03-02,0,5.233333110809326,5.663332939147949,5.233333110809326,5.566666126251221,4.577715873718262,4362000,8.079512717743494,0.0415706732275056,-0.2281608980431254,-0.342017126026913,0.0338840880968627,0.0861033295721396,0.1644588688003007,1,-1,-1
2015-03-03,0,5.656665802001953,5.656665802001953,5.380000114440918,5.4466657638549805,4.479033946990967,2128200,8.167286074715008,-0.021792769854825,-0.367630714353635,-0.3132104218263921,0.0338530189756396,0.0883722565403753,0.1651355098769872,-1,-1,-1
2015-03-04,0,5.400000095367432,5.483333110809326,5.013332843780518,5.110000133514404,4.202179431915283,1888800,8.300446538603532,-0.0638040832799127,-0.4229242597953951,-0.3747748635598723,0.0339804330258131,0.0912944011600069,0.1662053976264086,-1,-1,-1
2015-03-05,0,5.170000076293945,5.539999961853027,5.099999904632568,5.383333206176758,4.426953315734863,1556100,8.277398898627812,0.0521083052826032,-0.4036057749377222,-0.250626077616129,0.0340524756278686,0.0938318574639679,0.1665182811209261,1,-1,-1
2015-03-06,0,5.333333015441895,5.516665935516357,5.25,5.456665992736816,4.487258434295654,2166600,8.288458140815397,0.0135303132235958,-0.3068914980694596,-0.2235099061265325,0.0340098566100711,0.0951850363992483,0.1667045954205689,1,-1,-1
2015-03-09,0,5.396666049957275,5.46999979019165,5.0,5.0,4.111721038818359,2398800,6.967086441771102,-0.0874002364705561,-0.0657877978715891,-0.228462618046911,0.0342902848686891,0.0951022216672063,0.1669073872136596,-1,-1,-1
2015-03-10,0,5.0,5.179999828338623,4.926665782928467,5.066666126251221,4.166543960571289,2013000,6.866990608765124,0.0132452206463253,-0.0941132504527695,-0.2516798457005029,0.0342474233514334,0.0950884956180455,0.1672084552408422,1,-1,-1
2015-03-11,0,5.13666582107544,5.313333034515381,5.053332805633545,5.216666221618652,4.289895534515381,2065800,6.578912918871383,0.0291754759710101,-0.0431450046269344,-0.2650640508830642,0.0342350509769259,0.0949689685247993,0.1675668685861129,1,-1,-1
2015-03-12,0,5.263332843780518,5.486666202545166,5.263332843780518,5.333333015441895,4.385835647583008,2122200,6.018211128191043,0.0221177955276824,0.0427768741806608,-0.117783083977305,0.0342064546996939,0.0948599918555969,0.1674119897853254,1,1,-1
2015-03-13,0,5.400000095367432,5.4466657638549805,5.086666107177734,5.296666145324707,4.355682849884033,1712700,4.326560036055914,-0.0068987824704888,-0.0162302135724312,-0.0930765026503466,0.0341574225033499,0.0947194898961854,0.1672125977985851,-1,-1,-1
2015-03-16,0,5.333333015441895,5.416666030883789,5.00666618347168,5.083333015441895,4.1802496910095215,1384800,3.7001111336381394,-0.0411104153279225,-0.0708709421239496,-0.0775681140397963,0.0341779311165159,0.0946483555542685,0.1669917861505588,-1,-1,-1
2015-03-17,0,5.066666126251221,5.156665802001953,4.966666221618652,5.053332805633545,4.15557861328125,851100,3.435226143293783,-0.005919303724451,0.0106099906221554,-0.1215871012241558,0.0341286722023068,0.0945099279445185,0.1668458250792153,-1,1,-1
2015-03-18,0,5.079999923706055,5.413332939147949,5.03000020980835,5.400000095367432,4.440659046173096,1630200,3.404391685209533,0.0663511235322514,0.0637158935080816,-0.151501503892504,0.0342712461446075,0.0944409349496062,0.1667706226384636,1,1,-1
2015-03-19,0,5.396666049957275,5.599999904632568,5.216666221618652,5.276666164398193,4.339235782623291,2258700,3.5330574339851104,-0.0231045535976658,0.0114358639394057,-0.1898737603309232,0.0342428059616139,0.0943039204472119,0.1668092542480687,-1,1,-1
2015-03-20,0,5.333333015441895,5.483333110809326,5.316666126251221,5.329999923706055,4.383095264434815,857400,3.2695614393304746,0.0100569105304307,-0.0006250210578458,-0.2076393035838386,0.0341975056001205,0.0941640485343449,0.1669077129524476,1,0,-1
2015-03-23,0,5.363333225250244,5.460000038146973,5.333333015441895,5.416666030883789,4.45436429977417,862800,3.00359384866181,0.0161292009032218,0.0224029623158646,-0.2492610284303937,0.0341594183769215,0.0940353321038184,0.1671701809324748,1,1,-1
2015-03-24,0,5.373332977294922,5.429999828338623,5.323332786560059,5.349999904632568,4.399540901184082,684000,2.765990552671395,-0.0123841622473088,0.0511292153964783,-0.2678608593991352,0.0341157587832529,0.0939434633287125,0.1675116629388328,-1,1,-1
2015-03-25,0,5.333333015441895,5.403333187103272,5.2133331298828125,5.400000095367432,4.440659046173096,1432800,2.655560897741715,0.009302604411322,0.0663511235322514,-0.3762353014434978,0.034070362544557,0.0938813490479725,0.1684584030241177,1,1,-1
2015-03-26,0,5.320000171661377,5.353332996368408,4.909999847412109,5.166666030883789,4.248777866363525,1601400,2.544948439034358,-0.0441714185245592,-0.0441714185245592,-0.4118961821299045,0.0341018477597926,0.0937697027185166,0.1696315895275607,-1,-1,-1
2015-03-27,0,5.186666011810303,5.186666011810303,4.846665859222412,5.00333309173584,4.114461898803711,1679400,2.520642298776868,-0.0321233209315071,-0.0531901858584006,-0.4768093234863421,0.034094560979992,0.0936711449191601,0.1712782401819914,-1,-1,-1
2015-03-30,0,5.036665916442871,5.1966657638549805,5.033332824707031,5.183332920074463,4.262484073638916,651000,2.38748411334399,0.0353440464173313,-0.0279030499715,-0.3582813134243439,0.0341001547299536,0.0935437397132526,0.1720492866063101,1,-1,-1
2015-03-31,0,5.13666582107544,5.22666597366333,5.070000171661377,5.073332786560059,4.302855014801025,1412700,2.4997844045971496,0.0094266530951446,-0.0346055977795772,-0.0203507236607725,0.0340554772673114,0.0934226032364553,0.1717868512210104,1,-1,-1
2015-04-01,0,5.119999885559082,5.586666107177734,5.119999885559082,5.566666126251221,4.721266746520996,2980200,2.801590897957239,0.0927983827825051,0.0705769472502367,0.0308769858942268,0.0343699805488103,0.0933724810785797,0.1715469964419295,1,1,1
2015-04-02,0,5.613333225250244,5.72666597366333,5.366665840148926,5.533332824707031,4.692996025085449,3015900,2.993891469390418,-0.0060059522666573,0.0552683905722573,0.0466638034823945,0.0343223337232906,0.0932907433532472,0.1713239984462156,-1,1,1
2015-04-06,0,5.5,5.710000038146973,5.47333288192749,5.616665840148926,4.763673305511475,4673400,3.811435831520865,0.0149478836483887,0.1143876927452055,0.1254157704106961,0.034283171389382,0.0933695715580319,0.171246038306402,1,1,1
2015-04-07,0,5.6966657638549805,5.6966657638549805,5.420000076293945,5.633333206176758,4.777809143066406,1213800,3.897857125755416,0.0029630296913079,0.1494740433680206,0.0762704948194007,0.0342350088419124,0.0935916674700103,0.1710652846176483,0,1,1
2015-04-08,0,5.670000076293945,5.710000038146973,5.536665916442871,5.583333015441895,4.735402584075928,1828800,4.147515229234015,-0.0089153571037602,0.1052146398469292,0.0538248244920448,0.0341897047508816,0.0936347298315622,0.1708525751049577,-1,1,1
2015-04-09,0,5.606666088104248,5.860000133514404,5.579999923706055,5.75,4.876758098602295,1591500,4.209314742513915,0.0294139289872591,0.1252019157390435,0.1706389899498601,0.0341777854271203,0.0937478697310919,0.1709046806403678,1,1,1
2015-04-10,0,5.699999809265137,5.993332862854004,5.699999809265137,5.989999771118164,5.0803093910217285,2060400,4.371170349085814,0.0408914884331213,0.0732950213896599,0.1982852577366564,0.0341989802198942,0.0936998664288351,0.1710513450712479,1,1,1
2015-04-13,0,6.016665935516357,6.156665802001953,5.866665840148926,6.0,5.088790893554688,2262000,4.574447342858681,0.001668093393178,0.0809690670494951,0.1707778751588241,0.0341511750381818,0.0936699099037621,0.1710990505472543,0,1,1
2015-04-14,0,6.039999961853027,6.059999942779541,5.880000114440918,5.949999809265137,5.046384334564209,1574700,4.802936003147289,-0.0083682433711265,0.0576529400299797,0.1402918362600152,0.0341062476540163,0.0935897819027067,0.171054600724664,-1,1,1
2015-04-15,0,5.883333206176758,6.126666069030762,5.883333206176758,6.099999904632568,5.1736040115356445,3889200,5.423347614130672,0.0248975330333624,0.0795874433720343,0.1720881517638666,0.0340841981361353,0.0935558872970971,0.171102971761178,1,1,1
2015-04-16,0,6.116665840148926,6.283332824707031,5.966666221618652,6.166666030883789,5.230145454406738,3887100,5.699910146886618,0.0108695427044616,0.0993723431802561,0.2240681097962506,0.0340416660581266,0.0935753760988708,0.1713389075587947,1,1,1
2015-04-17,0,6.159999847412109,6.443333148956299,6.066666126251221,6.316666126251221,5.357365608215332,2696100,5.712739685973504,0.0240332740166715,0.0939916882096685,0.2540206875373732,0.0340179572706432,0.0935782197645197,0.1716995945473412,1,1,1
2015-04-20,0,6.293333053588867,6.306665897369385,6.066666126251221,6.216666221618652,5.272552490234375,1053000,4.974452807043024,-0.0159577744620116,0.0371424253145354,0.1717117895431099,0.0339813397822888,0.0934681939691563,0.1717378458758869,-1,1,1
2015-04-22,0,6.233333110809326,6.309999942779541,6.113333225250244,6.22333288192749,5.2782063484191895,2120100,5.212632819217212,0.0010717444711724,0.0365460763925297,0.1958880876119482,0.0339345463976074,0.0933578749005333,0.1718546282968871,0,1,1
2015-04-23,0,6.400000095367432,7.03000020980835,6.400000095367432,6.666666030883789,5.654211521148682,6225600,6.385226635268337,0.0688143361915187,0.113728655955175,0.2546455132730362,0.0340786821382672,0.0934210990955335,0.1722037212625405,1,1,1
2015-04-24,0,6.7733330726623535,6.916666030883789,6.586666107177734,6.863333225250244,5.821011066436768,1388700,6.399465140047474,0.0290732999532602,0.1179044228750728,0.2675896123230746,0.0340653996045166,0.093497184699072,0.1726057733539852,1,1,1
2015-04-27,0,6.863333225250244,6.863333225250244,6.333333015441895,6.5,5.512856960296631,3544500,6.800311693964666,-0.0543909760319484,0.0526439041386626,0.225582798538435,0.0341383472989374,0.0934079770780373,0.172820584813022,-1,1,1
2015-04-28,0,6.466666221618652,6.703332901000977,6.409999847412109,6.703332901000977,5.685310363769531,2217900,6.848849019250018,0.0308027257846301,0.0594133559066214,0.2470829199117432,0.0341292634149714,0.0933300443464281,0.1731192065654386,1,1,1
2015-04-29,0,6.653333187103272,6.913332939147949,6.5233330726623535,6.570000171661377,5.572226524353027,941400,6.72952321580968,-0.020091010024666,0.0552801203439671,0.2711633284116364,0.0340992580355047,0.0932452978065449,0.1735192977770286,-1,1,1
2015-04-30,0,6.586666107177734,6.72666597366333,6.483333110809326,6.72666597366333,5.705099582672119,2362200,6.43595920807544,0.0235657293554625,0.0777741052282573,0.3268523786986063,0.0340747450325906,0.0932041372956136,0.1741938351122107,1,1,1
2015-05-04,0,6.673333168029785,6.909999847412109,6.533332824707031,6.550000190734863,5.555263042449951,2234100,6.086087082262749,-0.0266146641474988,-0.0176548951107602,0.2648936681337761,0.0340571925067178,0.0930815134104902,0.1745498692624957,-1,-1,1
2015-05-05,0,6.483333110809326,6.483333110809326,6.206665992736816,6.369999885559082,5.402599811553955,1996500,5.924486562884246,-0.0278654900506611,-0.0745936851146816,0.2276015249879703,0.0340422787511639,0.093038001859773,0.1747463295039772,-1,-1,1
2015-05-06,0,6.320000171661377,6.320000171661377,6.21999979019165,6.300000190734863,5.343230724334717,1012500,5.918213909448945,-0.0110498097083799,-0.031252518791113,0.123753332497085,0.0340013768238175,0.0929261858622298,0.1746331407606651,-1,-1,1
2015-05-07,1,6.21999979019165,6.47333288192749,6.166666030883789,6.47333288192749,5.49023962020874,3226500,6.20644698052748,0.0271414266495172,-0.0349138179262261,0.1569007114132595,0.0339846504684335,0.0928183757950352,0.1745979959088197,1,-1,1
2015-05-08,0,6.440000057220459,6.933332920074463,6.440000057220459,6.650000095367432,5.640076160430908,5250600,5.959605094731471,0.0269256678040859,0.0121028599025258,0.1688784955689567,0.033967395934598,0.0926944428692345,0.1745943167282127,1,1,1
2015-05-11,0,6.666666030883789,6.766665935516357,6.38666582107544,6.433332920074463,5.456314563751221,2077200,6.103202598468835,-0.0331239955156154,-0.0445868649685521,0.1327914703620333,0.0339655669606192,0.0925988839428,0.1744990148852146,-1,-1,1
2015-05-12,0,6.429999828338623,6.656665802001953,6.429999828338623,6.63666582107544,5.628767967224121,1353000,5.576363388923999,0.0311170111480162,0.013144810326963,0.1728238386138099,0.0339579496352401,0.0924763169495333,0.1745042871504921,1,1,1
2015-05-13,0,6.613333225250244,6.813333034515381,6.606666088104248,6.683332920074463,5.668347358703613,1644600,5.431128221780949,0.0070070194518883,0.0480173198295124,0.1504169290784389,0.0339146960317686,0.092384618831136,0.1744488050258832,1,1,1
2015-05-14,0,6.706665992736816,7.063333034515381,6.690000057220459,6.933332920074463,5.880380630493164,4477500,6.362625017054024,0.036723888766924,0.0957910183048163,0.1462493294122415,0.0339217076977583,0.0923916588282055,0.1743824663176566,1,1,1
2015-05-15,0,7.036665916442871,7.683332920074463,7.036665916442871,7.683332920074463,6.5164794921875,4133100,6.957152718739513,0.1027127820317886,0.1713623736870878,0.2472940180508521,0.0342818553667473,0.092686790902049,0.1746368511491519,1,1,1
2015-05-18,0,7.796666145324707,7.796666145324707,6.96999979019165,7.133333206176758,6.050006866455078,2201700,6.9973258132927,-0.0742748679309391,0.0701618379520627,0.1813873934910397,0.03445078443812,0.0926310311748096,0.1746603506320114,-1,1,1
2015-05-19,0,7.146666049957275,7.146666049957275,6.9633331298828125,6.9633331298828125,5.905824184417725,1105200,6.809151789380937,-0.0241203930924289,0.0791654403752491,0.1323694673652481,0.0344283647561093,0.0925940270373334,0.1745592933859731,-1,1,1
2015-05-20,0,7.039999961853027,7.616665840148926,6.933332920074463,7.3333330154418945,6.219633102416992,2961300,7.383864511274981,0.0517719043606919,0.0998203335879248,0.1732718290214785,0.0344836715443629,0.0926085137701426,0.1745574669164594,1,1,1
2015-05-21,0,7.3333330154418945,7.69666576385498,7.260000228881836,7.666666030883789,6.502344131469727,2368500,7.281653995081558,0.0444518292373054,0.1372651433733419,0.1936903842421123,0.0345117633892257,0.0927463814317218,0.1746135727044445,1,1,1
2015-05-22,0,7.663332939147949,7.900000095367432,7.106666088104248,7.116665840148926,6.0358710289001465,2139900,6.543938356350971,-0.0744425738030221,0.0260986808033957,0.135205584901102,0.034678116571807,0.0926319198779337,0.1745165231637946,-1,1,1
2015-05-25,0,7.116665840148926,7.166666030883789,6.763332843780518,6.896666049957275,5.8492817878723145,5648700,7.502971819484974,-0.0314012912930309,-0.1080153925214238,0.1027325491368985,0.0346707744327855,0.0926829465963127,0.1743587392956525,-1,-1,1
2015-05-26,0,6.876666069030762,6.906665802001953,6.683332920074463,6.833333015441895,5.795567035675049,1732500,7.610114722757444,-0.0092255612738186,-0.0429660858643034,0.0246926516715611,0.034629208818296,0.0925900466933282,0.1741242070074118,-1,-1,1
2015-05-27,0,6.916666030883789,6.966666221618652,6.783332824707031,6.880000114440918,5.835147380828857,1351800,7.546749986877652,0.0068062023588404,-0.0120394904130339,0.0024255540771413,0.0345860364711356,0.0924715815721079,0.173886188795735,1,-1,0
2015-05-28,0,6.933332920074463,7.210000038146973,6.863333225250244,6.866665840148926,5.823837757110596,2437200,7.010590889704486,-0.0019400706205194,-0.0657514653942453,0.0548764594885704,0.0345416208153902,0.0924155184258646,0.1736719459210917,0,-1,1
2015-05-29,0,6.833333015441895,7.233333110809326,6.829999923706055,7.133333206176758,6.050006866455078,1869600,6.320389791930673,0.0380999541259824,-0.0721033405055683,0.0621736878299226,0.0345503381878542,0.092372019192144,0.1734650378856887,1,-1,1
2015-06-01,0,7.173333168029785,7.173333168029785,6.883333206176758,7.00666618347168,5.942576408386231,2286000,6.332072521268901,-0.0179166288707204,-0.0155773955732667,0.0643480689838681,0.0345184011709524,0.0922561455407304,0.1732609541695561,-1,-1,1
2015-06-02,0,7.019999980926514,7.22666597366333,6.986666202545166,7.053332805633545,5.982155799865723,1338300,6.397407299287476,0.0066382265245818,0.0224621222443461,0.0474205661529872,0.0344757084797144,0.0921426638610903,0.1730431893062575,1,1,1
2015-06-03,0,7.033332824707031,7.2133331298828125,6.913332939147949,7.0,5.936923027038574,2650500,6.278897178146339,-0.0075900144017008,0.0240976691164639,0.0664452158987853,0.0344340278323217,0.0920305886300827,0.1728426470584715,-1,1,1
2015-06-05,0,7.0,7.073332786560059,6.893332958221436,6.9633331298828125,5.905824184417725,2030100,6.128179048978557,-0.0052519763445894,0.0120394904130338,0.0890587296048569,0.0343913349058871,0.0919134055410529,0.1726694981669933,-1,1,1
2015-06-08,0,7.039999961853027,7.300000190734863,6.906665802001953,7.300000190734863,6.191362857818604,2629500,6.276804763944835,0.0472162194530568,0.0611957804866101,0.1473247587662936,0.0344286787483946,0.0918445377888742,0.1726017996918775,1,1,1
2015-06-09,0,7.303332805633545,7.559999942779541,7.1966657638549805,7.346665859222412,6.230940818786621,1916700,5.344676909145429,0.006372102295335,0.0294679286559629,0.1265554344121118,0.034386370944966,0.0917373089389928,0.1724903306010228,1,1,1
2015-06-10,0,7.460000038146973,7.809999942779541,7.460000038146973,7.533332824707031,6.3892598152160645,2035800,5.475736617923237,0.0250910911662801,0.0724756486929635,0.1247208577743058,0.0343652113159946,0.0916891054374155,0.1723752682253465,1,1,1
2015-06-11,0,7.599999904632568,7.7733330726623535,7.519999980926514,7.650000095367432,6.488208293914795,1481700,5.551976286916423,0.0153679939696558,0.0812054161380377,0.1732128472595771,0.0343299952635727,0.091658874633732,0.1723691430690481,1,1,1
2015-06-12,0,7.666666030883789,7.8333330154418945,7.566666126251221,7.663332939147949,6.499516010284424,1878600,5.4643273216731165,0.0017412933878111,0.0905367239275497,0.1438371294993719,0.0342868931393518,0.0916499339938842,0.1722919085846306,0,1,1
2015-06-15,0,7.656665802001953,7.853332996368408,7.626666069030762,7.78000020980835,6.598466396331787,1463400,5.39121251687432,0.015109543666416,0.1108982439385551,0.1519396537138996,0.0342516493182755,0.0916956838800675,0.1722321428903736,1,1,1
2015-06-16,0,7.803332805633545,8.063332557678223,7.75333309173584,7.983333110809326,6.770919322967529,1775400,5.32212955324335,0.0257996135092294,0.0894816379947276,0.141015378456205,0.0342319920378311,0.0916829610172387,0.1721480212894041,1,1,1
2015-06-17,0,7.980000019073486,7.986666202545166,7.536665916442871,7.69666576385498,6.527787208557129,1989600,5.5422283553878735,-0.0365688509465741,0.0465406847528183,0.0017337454778422,0.0342396064359517,0.0915931189072321,0.1719214201260649,-1,1,0
2015-06-18,0,7.693333148956299,7.869999885559082,7.616665840148926,7.656665802001953,6.493861675262451,926400,5.112794609550738,-0.0052106473390951,0.016238946247443,0.0707979660696861,0.0341981953586371,0.0914800330954666,0.1717291605658192,-1,1,1
2015-06-19,0,7.706665992736816,7.880000114440918,7.619999885559082,7.699999809265137,6.530614852905273,2396400,5.274520994245169,0.0056437239711411,0.0065146762489281,0.1005620831332561,0.0341566866194675,0.0913651860663894,0.1715742154284424,1,0,1
2015-06-22,0,7.8333330154418945,8.020000457763672,7.8333330154418945,7.866665840148926,6.671968936920166,2919900,5.415956945088898,0.0214139122740365,0.0261872951351537,0.0702040910466007,0.0341301463532852,0.0912578491387524,0.1713824643494763,1,1,1
2015-06-23,0,7.8933329582214355,7.933332920074463,7.703332901000977,7.703332901000977,6.533441543579102,996900,5.176069967150935,-0.0209811690843025,-0.0099034176155647,0.0047710927249929,0.0341047992266578,0.0911460810443746,0.1711591654048068,-1,-1,0
2015-06-24,0,7.746665954589844,7.766665935516357,7.550000190734863,7.636665821075439,6.476899147033691,1659600,5.076301007764718,-0.0086919710825045,-0.0443950022072987,0.0705216954455105,0.0340658474738524,0.0910633609859115,0.1709691759014171,-1,-1,1
2015-06-25,0,7.699999809265137,7.873332977294922,7.366665840148926,7.690000057220459,6.522133827209473,2278800,5.308209093665594,0.0069597273665381,-0.0008664238941864,0.1088827141050797,0.0340254657256858,0.0909502446785562,0.1708287986595021,1,0,1
2015-06-26,0,7.666666030883789,7.666666030883789,7.166666030883789,7.199999809265137,6.10654878616333,3300600,5.659238710459503,-0.0658398296922692,-0.0614956062473606,0.0522684456866289,0.0341418582747524,0.0908941882234629,0.1706244477929166,-1,-1,1
2015-06-29,0,7.053332805633545,7.163332939147949,6.940000057220459,7.0,5.936923027038574,992700,5.49300320436945,-0.0281707765701651,-0.0953101067886668,0.0172914667576233,0.0341292194856458,0.0909128412618956,0.1704054516285429,-1,-1,1
2015-06-30,0,7.063333034515381,7.380000114440918,7.063333034515381,7.186666011810303,6.095239639282227,2172900,5.547047728543859,0.0263170892703833,-0.09040692979232,0.0455486266485262,0.0341117157666648,0.0909180604996017,0.1701982553529406,1,-1,1
2015-07-01,0,7.193333148956299,7.460000038146973,6.953332901000977,6.996665954589844,5.934094905853272,1912800,5.474725900622085,-0.0267935642036695,-0.0962193249116871,-0.0193448916811257,0.0340964581400396,0.0909377230247652,0.1699846615007067,-1,-1,-1
2015-07-02,0,7.059999942779541,7.383333206176758,7.0233330726623535,7.320000171661377,6.208324909210205,2647200,5.935036035842974,0.0451766033786214,-0.0423507504505612,0.043748340568216,0.0341265708589045,0.0908527596804,0.1697780179078806,1,-1,1
2015-07-03,0,7.25333309173584,7.316666126251221,7.066666126251221,7.066666126251221,5.993464469909668,588000,5.399307197059685,-0.0352214981472425,-0.0845319759643418,0.0018886158963917,0.0341301844151752,0.0908424752469877,0.1695614415928237,-1,-1,0
2015-07-06,0,7.016665935516357,7.2133331298828125,7.0,7.033332824707031,5.965193271636963,723600,4.72930119131969,-0.0047281645736251,-0.0234203108456976,0.0047504657244675,0.0340898413069303,0.0907399816004647,0.1693455854661357,-1,-1,0
2015-07-07,0,7.0,7.093332767486572,6.793333053588867,6.869999885559082,5.826665878295898,1046400,4.71091467016103,-0.0234965097146235,-0.018746043990156,-0.0134940676455666,0.0340687467052281,0.090634952608976,0.1691333295902453,-1,-1,0
2015-07-08,0,6.873332977294922,6.953332901000977,6.766665935516357,6.766665935516357,5.739024639129639,568800,4.380233860961011,-0.0151556738590995,-0.0602188071196389,-0.075865960957723,0.0340361402120798,0.0905761832198149,0.1689688862117329,-1,-1,-1
2015-07-10,0,6.856666088104248,6.933332920074463,6.7733330726623535,6.876666069030762,5.832319259643555,1183200,4.028472861977567,0.0161254635489996,-0.0172997793669696,-0.0661125997040585,0.0340042088796715,0.0904710018249948,0.1687937248415661,1,-1,-1
2015-07-13,0,6.97333288192749,7.043333053588867,6.906665802001953,6.97333288192749,5.914305686950684,619200,3.29979162181368,0.0139593728456371,-0.0485170098999538,-0.0772443180247015,0.033970107775783,0.0903949827653367,0.1686318519196429,1,-1,-1
2015-07-14,0,7.03000020980835,7.033332824707031,6.920000076293945,6.983333110809326,5.922787189483643,570900,3.1887975840830007,0.001433038343614,-0.0118624734090973,-0.0911792736507432,0.0339295924674807,0.0902881225104759,0.168488909273101,0,-1,-1
2015-07-15,0,7.0,7.150000095367432,6.936666011810303,6.936666011810303,5.883207321166992,464100,2.7242820722283296,-0.0067050711512258,-0.0138393799866979,-0.0996256381897802,0.0338908909674314,0.0901823940160585,0.1683588007373092,-1,-1,-1
2015-07-16,0,7.010000228881836,7.039999961853027,6.876666069030762,6.900000095367432,5.852109432220459,726900,2.4107375325532283,-0.0052998930309332,0.0043572366969923,-0.1200350748871293,0.0338517039184628,0.0900740514148102,0.1682634718694886,-1,0,-1
2015-07-17,0,6.903333187103272,6.920000076293945,6.586666107177734,6.599999904632568,5.59766960144043,1249200,1.9935786565222733,-0.0444518144225361,-0.0249389038664441,-0.1902865028188949,0.0338813901972643,0.0899752257777347,0.1683336631018472,-1,-1,-1
2015-07-20,0,6.610000133514404,6.630000114440918,6.353332996368408,6.46999979019165,5.487412452697754,2701800,2.492899163060554,-0.0198935442060905,-0.0609579116215343,-0.1736111960784113,0.0338553207728104,0.0899190935580419,0.168356430044958,-1,-1,-1
2015-07-21,0,6.556665897369385,6.556665897369385,6.210000038146973,6.276666164398193,5.3234405517578125,866100,2.505897972616037,-0.0303370097483728,-0.1052542942155443,-0.1987375584876888,0.0338476049739926,0.0899618576034673,0.1684479507515573,-1,-1,-1
2015-07-22,0,6.25333309173584,6.25333309173584,6.076665878295898,6.093332767486572,5.167949676513672,2029200,2.699842313820697,-0.0296437856591694,-0.1363311182183278,-0.2340250681179994,0.0338383288720281,0.0901034882887053,0.1686508252928252,-1,-1,-1
2015-07-23,0,6.053332805633545,6.053332805633545,5.736666202545166,5.800000190734863,4.919165134429932,1762800,2.938734810789275,-0.0493372009346259,-0.178963248001728,-0.3047761813266619,0.0338827013370413,0.0904200701222763,0.1691306526482518,-1,-1,-1
2015-07-24,0,5.666666030883789,5.739999771118164,5.566666126251221,5.650000095367432,4.791944980621338,1655700,2.9843835153489917,-0.0262024487407239,-0.1998658037115186,-0.3099974609830833,0.033866425191713,0.090835283245194,0.1696267800817336,-1,-1,-1
2015-07-27,0,5.7133331298828125,5.840000152587891,5.483333110809326,5.483333110809326,4.650589942932129,3369300,3.5148674783035645,-0.0299422982410497,-0.1853562875300323,-0.3312477881416285,0.0338572831477358,0.0911720497859172,0.1702139900354102,-1,-1,-1
2015-07-28,0,5.50666618347168,5.596665859222412,5.206665992736816,5.400000095367432,4.579912185668945,1462800,3.661467416975463,-0.015314256492234,-0.1807769998161758,-0.3535217720004007,0.0338255709650409,0.0914824478444162,0.1709015969125024,-1,-1,-1
2015-07-29,0,5.346665859222412,5.443333148956299,5.236666202545166,5.236666202545166,4.4413838386535645,1056000,3.7480488932123657,-0.030713821251674,-0.1811538113194771,-0.3183957635598054,0.033817932287718,0.0917901293153891,0.1714113721868689,-1,-1,-1
2015-07-30,0,5.233333110809326,5.340000152587891,5.086666107177734,5.216666221618652,4.424420833587647,1389900,3.8317983467518473,-0.0038266184271219,-0.1553366440874296,-0.2940516054167622,0.0337790834496297,0.0919839083370348,0.1718087146170524,-1,-1,-1
2015-07-31,0,5.159999847412109,5.283332824707031,5.046666145324707,5.283332824707031,4.480963230133057,1123500,3.745281292365016,0.012698645213632,-0.0933007979391716,-0.3076700494735135,0.0337458297511981,0.0919822825821473,0.1722575784479092,1,-1,-1
2015-08-03,0,5.239999771118164,5.25333309173584,4.949999809265137,4.96999979019165,4.21521520614624,1378500,3.346981113132467,-0.0611373826805002,-0.128235731878948,-0.3420138679503442,0.0338328477818752,0.0920763106345928,0.1728547967679098,-1,-1,-1
2015-08-04,0,4.933332920074463,5.050000190734863,4.75,4.936666011810303,4.186943531036377,1287000,3.381352264891427,-0.006729647151827,-0.1050230807897252,-0.3939201184807925,0.0337951662189405,0.0921019522705292,0.1737061823020171,-1,-1,-1
2015-08-05,1,5.033332824707031,5.166666030883789,4.936666011810303,5.150000095367432,4.3678789138793945,905700,3.0928151102733863,0.042306516666846,-0.0474023076306452,-0.316392103666704,0.0338185420456,0.0920200435140162,0.1741689432767657,1,-1,-1
2015-08-06,0,5.183332920074463,5.25333309173584,4.880000114440918,4.883333206176758,4.1417107582092285,2861700,3.2333469398416264,-0.0531685877737048,-0.0698570741526761,-0.3648325268667839,0.033873854569172,0.0919699087396228,0.1748482904598187,-1,-1,-1
2015-08-07,0,4.853332996368408,5.123332977294922,4.853332996368408,4.936666011810303,4.186943531036377,841500,3.038477892252774,0.0108620711068588,-0.0551683846186953,-0.3304739460453013,0.0338394606555625,0.0918977193833733,0.1753572956059642,1,-1,-1
2015-08-10,0,4.926665782928467,5.063333034515381,4.699999809265137,5.0,4.240658760070801,1138500,2.559502288735122,0.0127476249066827,-0.0551194049256445,-0.3025706472795189,0.0338067341419518,0.0918255851788899,0.1757415434847722,1,-1,-1
2015-08-11,0,4.980000019073486,4.980000019073486,4.72666597366333,4.9466657638549805,4.195425033569336,1240800,2.4935043581829146,-0.0107239712431568,-0.0047059934883011,-0.3294200820716755,0.0337717369458439,0.0917197645542189,0.1762323424071534,-1,0,-1
2015-08-12,0,4.866665840148926,5.173333168029785,4.800000190734863,5.173333168029785,4.387668609619141,1921800,2.658834508203044,0.0448033637228247,0.0468270173863508,-0.2985760911944879,0.0338022689608598,0.0916455467956932,0.1765892204189073,1,1,-1
2015-08-13,0,5.2133331298828125,5.436666011810303,5.186666011810303,5.380000114440918,4.562949180603027,2578200,2.9068965683093024,0.0391711470093901,0.043691647728895,-0.2608379825287118,0.0338163546777074,0.0915676823374619,0.1768040191297332,1,1,-1
2015-08-14,0,5.383333206176758,5.38666582107544,4.866665840148926,4.88666582107544,4.14453649520874,2197500,3.086856621703881,-0.0961782048987261,0.0006820306038737,-0.3503111162762121,0.0340837696604013,0.0914630170933974,0.1773691965480822,-1,0,-1
2015-08-17,0,4.900000095367432,5.0,4.706665992736816,4.849999904632568,4.113439083099365,1663800,3.1325072096229456,-0.0075315212091209,-0.017711561712106,-0.3525427444543998,0.0340468998444194,0.0913612727400906,0.1779363746692498,-1,-1,-1
2015-08-18,0,4.856666088104248,4.920000076293945,4.559999942779541,4.639999866485596,3.9353318214416495,3706500,3.538870145583552,-0.0442642345315352,-0.0747234211503242,-0.352355164563399,0.0340716238093159,0.0913212635925766,0.178494597808104,-1,-1,-1
2015-08-19,0,4.596665859222412,4.610000133514404,4.440000057220459,4.599999904632568,3.9014060497283936,1894800,3.690693143574936,-0.0086581902331643,-0.0726576401403316,-0.3411198105904728,0.0340354348564648,0.091277507397286,0.1789955017112221,-1,-1,-1
2015-08-20,0,4.586666107177734,4.650000095367432,4.406665802001953,4.546666145324707,3.856172561645508,1589700,3.4378823861477192,-0.0116618865221896,-0.129122890385346,-0.3224446873642896,0.0340012375143655,0.0913702320739421,0.1794115164320101,-1,-1,-1
2015-08-21,0,4.5233330726623535,4.5233330726623535,4.306665897369385,4.313333034515381,3.658275604248047,1102200,3.460363312144311,-0.0526832372024361,-0.2209772745971723,-0.3454841389075563,0.0340519109062532,0.0918494991635958,0.1799177095105323,-1,-1,-1
2015-08-24,0,4.199999809265137,4.413332939147949,4.079999923706055,4.2733330726623535,3.624350070953369,1016400,3.40981152747532,-0.009316908547988,-0.1341159782464345,-0.3054638465209185,0.0340162582497477,0.0919531660098453,0.1802556582273112,-1,-1,-1
2015-08-25,0,4.486666202545166,4.820000171661377,4.300000190734863,4.533332824707031,3.844863653182984,1560600,3.444918130579456,0.0590631600575485,-0.067521296979765,-0.2201982377226461,0.0340954279718258,0.0918983617965018,0.1803163097715474,1,-1,-1
2015-08-26,0,4.570000171661377,4.633333206176758,4.186666011810303,4.203332901000977,3.564980745315552,1971900,3.3829572789134006,-0.0755794887000225,-0.0988365511482522,-0.2658354281816188,0.0342396076086419,0.0919036891770059,0.180509010915334,-1,-1,-1
2015-08-27,0,4.300000190734863,4.343332767486572,4.170000076293945,4.22666597366333,3.5847697257995605,3219600,3.373119480388946,0.0055355864785142,-0.0846427744365737,-0.2449855852108707,0.0342029478220676,0.0918784324912374,0.1806347631951064,1,-1,-1
2015-08-28,0,4.186666011810303,4.186666011810303,3.953332901000977,4.050000190734863,3.43493390083313,2737200,3.386129958759734,-0.0426965566508545,-0.1156774445652387,-0.2569683206100512,0.0342216421410854,0.0919247643656578,0.1807942020061266,-1,-1,-1
2015-08-31,0,3.94666600227356,3.94666600227356,3.716665983200073,3.766665935516357,3.194629430770874,2403600,3.4230064706506136,-0.0725265856522789,-0.1355207930150815,-0.3256682878352082,0.0343485860046429,0.0920280755247199,0.1811909713015035,-1,-1,-1
2015-09-01,0,3.716665983200073,3.873332977294922,3.670000076293945,3.670000076293945,3.112643957138061,2337300,3.099994575082209,-0.0259985849829435,-0.152202469450037,-0.3643655180317839,0.0343306000947682,0.0921855883583688,0.1817426616152227,-1,-1,-1
2015-09-02,0,3.75,3.7633330821990967,3.569999933242798,3.5866661071777344,3.04196572303772,1310400,2.949506014123968,-0.0229685861404322,-0.2342342156480177,-0.3261967214917158,0.034308077211342,0.0927095257882044,0.1821295708479332,-1,-1,-1
2015-09-03,0,3.609999895095825,3.6333329677581774,3.380000114440918,3.4366660118103027,2.914745807647705,1521000,2.874538615283915,-0.0427213113630568,-0.2013760383110521,-0.3621883857029457,0.0343254502890619,0.0930603636486804,0.1826578574270804,-1,-1,-1
2015-09-04,0,3.3866660594940186,3.466665983200073,3.220000028610229,3.220000028610229,2.7309844493865967,1440300,2.870177323550656,-0.0651204661413907,-0.2720320909309571,-0.4696153685111826,0.0344173758689647,0.0937896639510665,0.1837086874780368,-1,-1,-1
2015-09-08,0,3.2666659355163574,3.2666659355163574,3.1266660690307617,3.156666040420532,2.6772689819335938,1883100,2.9301650486830946,-0.0198649100056946,-0.2492004442857972,-0.4363116907431722,0.0343905551731181,0.0943716294075462,0.1845654389602309,-1,-1,-1
2015-09-09,0,3.200000047683716,3.400000095367432,3.1700000762939453,3.3499999046325684,2.8412415981292725,2310300,2.9550753864090837,0.0594439007165695,-0.1172299579169486,-0.3877298611334615,0.0344702528972466,0.0944071231674578,0.1851768953844844,1,-1,-1
2015-09-10,0,3.163332939147949,3.3933329582214355,3.123332977294922,3.3933329582214355,2.877993583679199,2200500,2.9242918902203585,0.0128522399487035,-0.0783791329853015,-0.3876252460914408,0.0344391013996863,0.0943608263756781,0.1857793924645216,1,-1,-1
2015-09-11,0,3.366666078567505,3.366666078567505,3.140000104904175,3.166666030883789,2.6857500076293945,2077200,2.6608552548123354,-0.0691333576200946,-0.1245439044649637,-0.4460346324683785,0.0345461764055238,0.0944142980832949,0.1866523992438749,-1,-1,-1
2015-09-14,0,3.200000047683716,3.200000047683716,3.00333309173584,3.0833330154418945,2.615072727203369,4896300,2.8111621096027,-0.0266681127250111,-0.1084907058269181,-0.5175061089162145,0.0345286677157671,0.0944267178936573,0.1879059303741785,-1,-1,-1
2015-09-15,0,3.0999999046325684,3.123332977294922,3.0066659450531006,3.0999999046325684,2.629208564758301,761400,2.5603591192734934,0.0053909662747626,-0.0379792734107645,-0.551286289650842,0.0344928440733021,0.0943334956337467,0.1893437673233968,1,-1,-1
2015-09-16,0,3.166666030883789,3.433332920074463,3.1600000858306885,3.273333072662353,2.776218175888061,994800,2.360953112896848,0.0544067582208993,0.0362923948158295,-0.4007013265312165,0.0345530140614114,0.0942540630886233,0.1899577997524073,1,1,-1
2015-09-17,0,3.233333110809326,3.470000028610229,3.200000047683716,3.426666021347046,2.906264543533325,1295700,2.351209245294037,0.0457789613916688,0.0226274554909286,-0.3473908439304267,0.0345848681318014,0.0941628162916436,0.1903459026801779,1,1,-1
2015-09-18,0,3.4033329486846924,3.4033329486846924,3.299999952316284,3.299999952316284,2.798834800720215,1008900,2.2800964160644868,-0.0376654065976548,-0.0278901910554295,-0.3407920159965463,0.0345887758306921,0.0940649273179925,0.1907043461112192,-1,-1,-1
2015-09-21,0,3.3233330249786377,3.3233330249786377,3.203332901000977,3.22666597366333,2.736638069152832,718800,2.193221727146513,-0.0224730029896958,0.018770163574969,-0.3546068287530777,0.0345655245496658,0.0939716861157825,0.1911094043013857,-1,1,-1
2015-09-22,0,3.200000047683716,3.200000047683716,3.00333309173584,3.130000114440918,2.6546525955200195,3009900,2.3234967122015737,-0.0304163879927742,0.015021888307206,-0.3733613302236623,0.0345545814449406,0.0938765288417015,0.1915819576859374,-1,1,-1
2015-09-23,0,3.1333329677581787,3.390000104904175,3.119999885559082,3.273333072662353,2.776218175888061,1672500,2.238629862680682,0.0447758361884559,0.0544067582208993,-0.2759022568327702,0.0345835200298753,0.0938206795779605,0.1917162393057165,1,1,-1
2015-09-24,0,3.176666021347046,3.19333291053772,3.0833330154418945,3.0833330154418945,2.615072727203369,481200,2.014427295030518,-0.059797724495662,-0.059797724495662,-0.3263830727804441,0.0346515139425925,0.0937500230585099,0.1920057676741708,-1,-1,-1
2015-09-25,0,3.109999895095825,3.166666030883789,3.00333309173584,3.1466660499572754,2.668787717819214,512100,1.8283306519326543,0.0203324223554169,-0.085244263531914,-0.3651138104825757,0.0346292624070967,0.0937167324774248,0.1924312619326143,1,-1,-1
2015-09-28,0,3.103332996368408,3.103332996368408,2.953332901000977,2.993333101272583,2.538740873336792,883200,1.3616937970461094,-0.0499560920732757,-0.0975349490075349,-0.3394904138558288,0.0346644407546881,0.0937064797672574,0.1927572750338986,-1,-1,-1
2015-09-29,0,2.9733328819274902,3.2100000381469727,2.966665983200073,3.076666116714477,2.6094181537628174,594300,1.341763706841839,0.0274590279269774,-0.0476029180908616,-0.3175669724073656,0.0346533739332106,0.0936234328046612,0.1930050358567745,1,-1,-1
2015-09-30,0,3.150000095367432,3.2566659450531006,3.1266660690307617,3.2300000190734863,2.739465713500977,2125500,1.476999272333363,0.0486356394240153,0.0314491093259279,-0.2262347763324958,0.0346930642754167,0.0935420965201014,0.1930019780224449,1,1,-1
2015-10-01,0,3.2833330631256104,3.2833330631256104,3.059999942779541,3.0866661071777344,2.6178998947143555,610200,1.381206099386831,-0.0453904768697686,-0.0587172037322968,-0.1990986675499854,0.0347152194425453,0.0934708038791616,0.192943050473708,-1,-1,-1
2015-10-02,0,3.096666097640991,3.3299999237060547,3.0333330631256104,3.240000009536743,2.7479472160339355,635100,1.3335560012529046,0.0484817365930275,0.0495622573563928,-0.1246183459740144,0.034754040144182,0.0934103365768501,0.192776400248234,1,1,-1
2015-10-05,0,3.3499999046325684,3.5299999713897705,3.3399999141693115,3.3966660499572754,2.8808205127716064,1670700,1.4592899768319358,0.0472209878028081,0.076450822803784,-0.0544287720307739,0.0347886108982446,0.0933936454647059,0.1925669664421477,1,1,-1
2015-10-06,0,3.3966660499572754,3.6333329677581774,3.359999895095825,3.546665906906128,3.008040189743042,1069200,1.248368605123093,0.043213613110747,0.1696205279878067,0.0315061524430299,0.0348115414235359,0.0936534220087438,0.1923815917837911,1,1,1
2015-10-07,0,3.613332986831665,4.333333015441895,3.5733330249786377,4.163332939147949,3.531055212020874,1618500,1.295721136569111,0.1603079862434047,0.3024694863042342,0.2569346048278256,0.0355475713126417,0.0946346574402688,0.1926548877439035,1,1,1
2015-10-08,0,4.166666030883789,4.933332920074463,4.099999904632568,4.099999904632568,3.4773404598236084,2218500,1.5809575936904996,-0.0153289872669991,0.2385048596132196,0.261470527566521,0.0355166821353369,0.0952055946202144,0.1929395350882161,-1,1,1
2015-10-09,0,4.066666126251221,4.603332996368408,4.066666126251221,4.333333015441895,3.675237655639648,1157100,1.7084605677813016,0.0553500328486152,0.3392453693316037,0.2573766596985667,0.035571980642312,0.0964184313624598,0.1932069065144516,1,1,1
2015-10-13,0,4.333333015441895,4.510000228881836,3.993333101272583,4.066666126251221,3.449068784713745,901500,1.7467706703255157,-0.0635135216404529,0.2272501110981232,0.1810108981094103,0.0356496811963439,0.0969081548883146,0.1932547926448523,-1,1,1
2015-10-14,0,4.066666126251221,4.466666221618652,4.066666126251221,4.323332786560059,3.6667559146881104,1788300,1.967961450115588,0.0612030470688097,0.2412321703641247,0.3113473027983146,0.0357243418117503,0.0974628789098256,0.1937073567397026,1,1,1
2015-10-15,0,4.383333206176758,4.599999904632568,4.380000114440918,4.596665859222412,3.8985788822174072,1427700,1.9566187477497592,0.0613047733511857,0.2593233306045635,0.3993201888745115,0.0357984448598732,0.098107716597239,0.1945321165199129,1,1,1
2015-10-16,0,4.630000114440918,4.923333168029785,4.47666597366333,4.923333168029785,4.17563533782959,1258200,2.118159135796213,0.0686544258960563,0.167669770257215,0.4625836484958052,0.0358992767740452,0.0983204593506659,0.1956670834663885,1,1,1
2015-10-19,0,4.996665954589844,5.159999847412109,4.833333015441895,5.066666126251221,4.297200679779053,1635000,2.351465170817261,0.028697282550632,0.2116960400748463,0.4368741728255379,0.035886668528513,0.0987103559158414,0.1966503681417136,1,1,1
2015-10-20,0,5.166666030883789,5.326665878295898,5.033332824707031,5.199999809265137,4.410285472869873,1197300,2.372117431622465,0.0259756144393303,0.1823216216655613,0.4170708258731992,0.0358696944554393,0.0989716543112575,0.1975216069114589,1,1,1
2015-10-21,0,5.300000190734863,5.323332786560059,5.079999923706055,5.316666126251221,4.509233951568604,961200,2.421515146286492,0.0221878631187493,0.2680230064247637,0.4769240955896034,0.035847421012251,0.099637098160067,0.1986868519806477,1,1,1
2015-10-22,0,5.233333110809326,5.449999809265137,4.88666582107544,4.88666582107544,4.14453649520874,855000,2.325579282188919,-0.084336323852401,0.122483635503553,0.4150607747268984,0.0360113780234683,0.0996971891796259,0.1995220203775534,-1,1,1
2015-10-23,0,5.016665935516357,5.25333309173584,5.016665935516357,5.230000019073486,4.435729026794434,459300,2.0747578432724483,0.0679010228824626,0.1290798850348298,0.5133781856021353,0.036106731222779,0.0997738187077221,0.200857147888575,1,1,1
2015-10-26,0,5.146666049957275,5.333333015441895,4.909999847412109,5.00666618347168,4.246312618255615,286500,1.940622540939789,-0.0436409954865998,0.0167844636521736,0.4249613539270793,0.0361227311700137,0.0996749545752984,0.2017119298139603,-1,1,1
2015-10-27,0,5.00666618347168,5.070000171661377,4.916666030883789,4.933332920074463,4.184116363525391,454200,1.8872118439724384,-0.0147554491770059,-0.0266682680754644,0.4700036292457356,0.0360917708825544,0.0995785887272205,0.2027770572117102,-1,-1,1
2015-10-28,0,4.796666145324707,4.88666582107544,4.796666145324707,4.869999885559082,4.130402088165283,110400,1.617652688173696,-0.012920777782696,-0.0655646602974908,0.4367504291076224,0.036059508354013,0.0995173485483391,0.2036623977565159,-1,-1,1
2015-10-29,0,4.75,4.75666618347168,4.613333225250244,4.656665802001953,3.9494667053222656,614100,1.4788967447800414,-0.044794201655873,-0.1325467250721131,0.4419123195250252,0.0360780080088737,0.0995885667846208,0.2045601514425509,-1,-1,1
2015-10-30,0,4.583333015441895,4.6966657638549805,4.346665859222412,4.433332920074463,3.7600507736206055,1089600,1.4277868463874663,-0.0491480975542327,-0.0973584987739449,0.365305194043815,0.0361074840915303,0.099578143470187,0.2051119078738079,-1,-1,1
2015-11-03,0,4.46999979019165,4.653333187103272,4.406665802001953,4.539999961853027,3.850518703460693,2479500,1.5391861876079695,0.0237754064631448,-0.1414841151932627,0.3404449610829446,0.0360877301249608,0.099672103652127,0.2055618806603279,1,-1,1
2015-11-04,0,4.50666618347168,4.9466657638549805,4.423333168029785,4.633333206176758,3.929677248001098,1763100,1.6119953511428768,0.0203494299218751,-0.0774936897847878,0.4061848678745884,0.0360636512835676,0.0996266730964043,0.2062688514184376,1,-1,1
2015-11-05,0,4.666666030883789,4.676665782928467,4.496665954589844,4.5,3.816592931747437,1842600,1.7312032402500634,-0.0291991753654418,-0.0919374159732236,0.3285039559161191,0.0360501990188322,0.0996050107732271,0.2066633350366969,-1,-1,1
2015-11-06,0,4.493332862854004,4.496665954589844,4.086666107177734,4.116665840148926,3.4914755821228027,1902900,1.868179428408651,-0.0890336721938179,-0.1680503103843454,0.192249295919493,0.036230382563761,0.0997778937678296,0.2066702240493696,-1,-1,1
2015-11-09,1,3.950000047683716,4.099999904632568,3.880000114440918,3.9800000190734863,3.3755645751953125,5241000,2.559787026368646,-0.0337618578850432,-0.1570179666135157,0.1152738249237026,0.0362240563196571,0.0999134083066631,0.2065432569854852,-1,-1,1
2015-11-10,0,3.9800000190734863,4.056665897369385,3.920000076293945,4.016665935516357,3.4066622257232666,5162700,3.283072441313963,0.0091704006290128,-0.0986994684302702,-0.0358637606906894,0.0361906658960698,0.0999022985102578,0.2063297532697534,1,-1,-1
2015-11-11,0,4.063333034515381,4.066666126251221,3.8833329677581774,3.936666011810303,3.3388118743896484,1896600,3.4788805368895206,-0.0201179750304806,-0.1425928499238957,-0.0406527484541708,0.0361647980048045,0.0999932568606159,0.2061179241598628,-1,-1,-1
2015-11-12,0,3.890000104904175,4.150000095367432,3.890000104904175,4.099999904632568,3.4773404598236084,1006500,3.613364773424919,0.0406527484541708,-0.1222895313916,-0.0553500328486153,0.0361762049109777,0.1000311099489374,0.205911287064136,1,-1,-1
2015-11-13,0,4.130000114440918,4.133333206176758,3.809999942779541,3.866666078567505,3.279442548751831,1415100,3.711241834326077,-0.0585943126232589,-0.1516846686494172,-0.0504308238314213,0.036231643837205,0.1001457203070797,0.205703513301435,-1,-1,-1
2015-11-16,0,3.799999952316284,4.010000228881836,3.799999952316284,3.833333015441896,3.251172065734864,603900,3.616978907601517,-0.0086578863643106,-0.0713088828199099,-0.1202917572645416,0.0361973838733137,0.1000889038901611,0.2055439847477021,-1,-1,-1
2015-11-17,0,3.853332996368408,3.9633328914642334,3.786665916442871,3.833333015441896,3.251172065734864,1215300,3.369733369606359,0.0,-0.0375470249348666,-0.1815965306157274,0.0361616223370751,0.0999992013945736,0.205466632881797,0,-1,-1
2015-11-18,0,3.8366661071777344,4.013332843780518,3.7899999618530273,4.013332843780518,3.40383529663086,1594800,3.3034630524049504,0.0458872573579638,-0.0008301682059153,-0.2043636991538198,0.0361856419753724,0.0998997729204831,0.2054288498338315,1,0,-1
2015-11-19,0,4.046666145324707,4.333333015441895,4.046666145324707,4.276666164398193,3.627176761627197,800400,3.121028644748403,0.0635517697562603,0.0828395765808255,-0.1695092119481915,0.0362625384591004,0.099878040860605,0.2053318723911585,1,1,-1
2015-11-23,0,4.366665840148926,4.576665878295898,4.233333110809326,4.276666164398193,3.627176761627197,736800,2.945567605630725,0.0,0.0421868281266548,-0.1954848263875219,0.0362269137674674,0.0998013446564923,0.2052771814765443,0,1,-1
2015-11-24,0,4.313333034515381,4.466666221618652,4.206665992736816,4.466666221618652,3.788321495056152,1132800,2.353547248470024,0.0434684496481238,0.1442495903980374,-0.1742042398581474,0.036244138048373,0.0999238192474938,0.2051869706558525,1,1,-1
2015-11-25,0,4.513332843780518,4.543333053588867,4.246665954589844,4.246665954589844,3.6017329692840576,1093500,1.7505189289795962,-0.0505079337089373,0.1023995430534108,-0.1403758497146838,0.0362756762261974,0.0999388752489312,0.2050502556850683,-1,1,-1
2015-11-26,0,4.286665916442871,4.286665916442871,4.066666126251221,4.103332996368408,3.4801671504974365,447000,1.5394776676773143,-0.0343347856073603,0.0680647574460504,-0.2426116582045069,0.0362705861984803,0.0998925468685772,0.2050879627594031,-1,1,-1
2015-11-27,0,4.123332977294922,4.123332977294922,3.880000114440918,4.066666126251221,3.449068784713745,1059300,1.5462662975069388,-0.0089760472503183,0.013201452837768,-0.2079467099682254,0.0362370125895064,0.0997973065852764,0.2050541463520958,-1,1,-1
2015-11-30,0,4.039999961853027,4.233333110809326,3.900000095367432,4.183332920074463,3.548018217086792,1503300,1.5768834961791358,0.0282849217658392,-0.0220653951526531,-0.1649063390253802,0.0362244477534832,0.0997022291078535,0.2049491972779795,1,-1,-1
2015-12-01,0,4.216666221618652,4.333333015441895,3.796665906906128,4.260000228881836,3.613041639328003,1350600,1.7057322165190698,0.0181607780609814,-0.0039046170916717,-0.1338247831817028,0.0361988437435964,0.099604438931738,0.2048047642219946,1,0,-1
2015-12-02,0,4.266665935516357,4.363333225250244,4.123332977294922,4.230000019073486,3.587597846984864,1688700,1.798831355351164,-0.0070671218268672,-0.0544401885666627,-0.096097703352697,0.0361648271688392,0.0995312852405146,0.20462561392293,-1,-1,-1
2015-12-03,0,4.306665897369385,4.46999979019165,4.206665992736816,4.309999942779541,3.6554477214813232,811500,1.690056239284745,0.0187357261824243,0.0148034713246987,-0.02821387961604,0.0361399602275103,0.0994377749332934,0.2044194835232816,1,1,-1
2015-12-04,0,4.269999980926514,4.360000133514404,4.096665859222412,4.289999961853027,3.6384856700897217,881400,1.7034770194668265,-0.0046510109313526,0.0444872460007064,-0.0566402970105376,0.0361054765820549,0.0993644795182099,0.2042199337269019,-1,1,-1
2015-12-07,0,4.2733330726623535,4.353332996368408,4.116665840148926,4.233333110809326,3.5904247760772705,1365600,1.802026009169483,-0.0132970528579553,0.0401662403930695,-0.090286779790368,0.0360749034126231,0.0992873594855112,0.2040382453513174,-1,1,-1
2015-12-08,0,4.230000019073486,4.236666202545166,4.010000228881836,4.133333206176758,3.5056118965148926,881100,1.7488933826409252,-0.0239054340999408,-0.0120241154727104,-0.0849930385248669,0.0360545010576698,0.0991914704453534,0.2038535860044733,-1,-1,-1
2015-12-09,0,4.163332939147949,4.260000228881836,4.116665840148926,4.190000057220459,3.5536725521087646,1661700,1.8357813797040428,0.0136165070314396,-0.0165683865022522,0.0176571407003905,0.0360253885512894,0.0990967264537371,0.2036571232656216,1,-1,0
2015-12-10,0,4.130000114440918,4.173333168029785,4.039999961853027,4.070000171661377,3.4518966674804688,2686500,2.176764332989477,-0.0290577517879689,-0.0385590164633539,0.0223612467974649,0.0360121518941676,0.0990121272500865,0.2034631320672411,-1,-1,1
2015-12-11,0,4.066666126251221,4.21999979019165,4.013332843780518,4.026666164398193,3.4151437282562256,1156500,2.189842542099174,-0.0107042591970984,-0.0679990018428766,0.0024865869713536,0.0359803090227422,0.0989556464959712,0.2032631409148617,-1,-1,0
2015-12-14,0,3.97333288192749,4.033332824707031,3.706665992736816,3.706665992736816,3.1437413692474365,2371500,2.2835787602756,-0.0828059699806797,-0.1461539608922037,-0.0602014079788454,0.0361236200930659,0.099054624848575,0.2030684083380519,-1,-1,-1
2015-12-15,0,3.666666030883789,3.796665906906128,3.423332929611206,3.5,2.968461513519287,1429200,2.2554245479133006,-0.0573697998079613,-0.1902267078422096,-0.1582239562409777,0.0361728751334639,0.099291513950232,0.2029583184007803,-1,-1,-1
2015-12-16,0,3.5166659355163574,3.5299999713897705,3.366666078567505,3.400000095367432,2.88364839553833,1493100,2.177984260726366,-0.0289875132505404,-0.1953087869928094,-0.1286171568682592,0.0361589132467944,0.0995439996513121,0.2028130966427758,-1,-1,-1
2015-12-17,0,3.433332920074463,3.5266659259796143,3.299999952316284,3.406666040420532,2.889302015304565,1187700,2.198538449335339,0.0019586593236806,-0.2069666347005684,-0.118000611180268,0.0361248413623129,0.0998372017920236,0.2026576364891333,0,-1,-1
2015-12-18,0,3.3233330249786377,3.5799999237060547,3.273333072662353,3.559999942779541,3.0193490982055664,1359600,2.2382193163311097,0.0440263220025431,-0.1338825609100564,-0.0739742891777249,0.0361439748755121,0.0998977954106172,0.2024708191472559,1,-1,-1
2015-12-21,0,3.866666078567505,3.926666021347046,3.666666030883789,3.736665964126587,3.169185400009156,1310400,2.205075550694948,0.0484333054991273,-0.0747449962138306,-0.0714282410365617,0.036173693280658,0.0998470646795995,0.2022832625777218,1,-1,-1
2015-12-22,0,3.759999990463257,3.8833329677581774,3.75333309173584,3.8833329677581774,3.2935783863067627,433200,2.13164620580453,0.0385000458606853,0.0465610196275343,-0.0964799649321366,0.0361800775042897,0.0997787270101751,0.2021112372559437,1,1,-1
2015-12-23,0,3.8966660499572754,3.983333110809326,3.746665954589844,3.916666030883789,3.3218491077423096,627300,1.962815978974032,0.0085469589259286,0.1124777783614243,-0.0879330060062081,0.0361483019655307,0.0998181890668488,0.2019338482710561,1,1,-1
2015-12-28,0,3.916666030883789,4.216666221618652,3.846666097640991,4.173333168029785,3.539536476135254,552600,1.6395192110649577,0.0634741915805894,0.2049394831925542,-0.0679272640737423,0.03622165451115,0.1001456664483158,0.2017461733252207,1,1,-1
2015-12-29,0,4.173333168029785,4.400000095367432,4.083333015441895,4.400000095367432,3.73177981376648,372600,1.5264536080024167,0.0528895020903026,0.2558703259591763,0.0354701717254975,0.0362619925883839,0.1006953035823165,0.2015653347860717,1,1,1
2015-12-30,0,4.336666107177734,4.599999904632568,4.239999771118164,4.599999904632568,3.9014060497283936,1112700,1.3888616283871464,0.0444517320153657,0.2562957359719989,0.1142566893482237,0.0362804301336784,0.1012395608258828,0.2014590176965946,1,1,1
2016-01-04,0,4.413332939147949,4.413332939147949,4.110000133514404,4.316666126251221,3.661102533340454,1415400,1.4303651140948552,-0.063572673065613,0.1442897574072586,0.0596600635329289,0.0363485752798595,0.1013506187900076,0.2012952462023421,-1,1,1
2016-01-05,0,4.316666126251221,4.336666107177734,3.869999885559082,3.869999885559082,3.282270193099976,1452900,1.4508312399045438,-0.1092290256418331,-0.0034393140952599,-0.0778538838747435,0.0366155719624451,0.1012551501319474,0.201114746652767,-1,0,-1
2016-01-06,0,3.869999885559082,3.933332920074463,3.5899999141693115,3.703332901000977,3.1409144401550293,1762500,1.5437983055063067,-0.0440213345235196,-0.056007607544708,-0.1400359964592444,0.0366287341542676,0.1011845615813695,0.2009866950436003,-1,-1,-1
2016-01-07,0,3.733333110809326,3.863332986831665,3.640000104904175,3.736665964126587,3.169185400009156,1032300,1.506971029130869,0.008960602758094,-0.1105211963672034,-0.124008271874283,0.0365971676002771,0.1011935116724903,0.2008419032876821,1,-1,-1
2016-01-08,0,3.7699999809265137,3.7699999809265137,3.406666040420532,3.450000047683716,2.926054716110229,1588800,1.5288854146989668,-0.0798195808679742,-0.2432302793254802,-0.2225635789246815,0.036720454501208,0.1016230030143569,0.2008399572428131,-1,-1,-1
2016-01-11,0,3.433332920074463,3.44333291053772,3.326666116714477,3.3333330154418945,2.827105760574341,1047000,1.596623603942236,-0.0344015134948611,-0.3220835248357072,-0.25231408148819,0.0367143992749725,0.1024463349148217,0.2008983812281919,-1,-1,-1
2016-01-12,0,3.369999885559082,3.400000095367432,3.119999885559082,3.1700000762939453,2.6885781288146973,803100,1.5999548928287166,-0.0502410116784957,-0.3087518634485897,-0.2892580403087303,0.0367410318150874,0.1031822284737761,0.201042885293288,-1,-1,-1
2016-01-13,0,3.200000047683716,3.346666097640991,3.183332920074463,3.2233328819274902,2.733811378479004,626700,1.5892335961719868,0.0166842676562623,-0.1828385701504941,-0.2486683385525272,0.0367151736869528,0.1033664696490726,0.2010906935799865,1,-1,-1
2016-01-14,0,3.273333072662353,3.3966660499572754,3.1866660118103027,3.3966660499572754,2.8808205127716064,704100,1.617417662501402,0.0523784089640833,-0.0864388266628912,-0.2099064366198834,0.0367532069831062,0.1033274556710666,0.2010618441468938,1,-1,-1
2016-01-15,0,3.356666088104248,3.596666097640991,3.2833330631256104,3.3933329582214355,2.877993583679199,657000,1.509163349635219,-0.0009817748140952,-0.0963812042350805,-0.1818304596460096,0.0367194112767432,0.1033034330431471,0.2009868409135151,0,-1,-1
2016-01-18,0,3.433332920074463,3.576666116714477,3.3166658878326416,3.5333330631256104,2.996732234954834,468600,1.3422632056620605,0.0404290609583629,0.0238674375912564,-0.1306971394905484,0.0367287351209879,0.1032162777603648,0.2008479881243181,1,1,-1
2016-01-19,0,3.559999942779541,3.650000095367432,3.369999885559082,3.4200000762939453,2.90061092376709,763200,1.2293782341944532,-0.0326010618096874,0.0256678892764302,-0.0804922313195561,0.0367199144116705,0.103130361859561,0.2006711149251341,-1,1,-1
2016-01-20,0,3.286665916442871,3.3866660594940186,3.183332920074463,3.299999952316284,2.798834800720215,1146600,1.1265818062817723,-0.0357181902041049,0.0401907107508208,-0.0588406217156997,0.0367161582396931,0.1030549935141727,0.2004856060348119,-1,1,-1
2016-01-21,0,3.293333053588867,3.450000047683716,3.236665964126587,3.2666659355163574,2.770563125610352,592500,1.0545673561035298,-0.0101525939879717,0.0133538491065867,-0.0400057024531309,0.0366846570410016,0.1029636856393514,0.2002963196437298,-1,1,-1
2016-01-22,0,3.299999952316284,3.326666116714477,3.150000095367432,3.150000095367432,2.6716153621673584,1201800,0.9910278162012408,-0.0363672999541547,-0.0753918598116513,-0.0783316617309664,0.0366819611643059,0.1029109890937872,0.2001198086151856,-1,-1,-1
2016-01-26,0,3.1366660594940186,3.44666600227356,3.0866661071777344,3.19666600227356,2.7111940383911133,1185900,1.0023038926966232,0.0147058483985365,-0.0597042365990196,-0.1076521353349729,0.0366548828371543,0.1028413630859694,0.1999624442763777,1,-1,-1
2016-01-27,0,3.2699999809265137,3.3966660499572754,3.1366660594940186,3.166666030883789,2.6857500076293945,643500,0.9832656035151272,-0.0094291210210749,-0.1095624185784574,-0.1655145618551751,0.0366232817869912,0.1028406872411261,0.1998659407040958,-1,-1,-1
2016-01-28,0,3.166666030883789,3.200000047683716,3.076666116714477,3.103332996368408,2.632035732269287,670200,0.9855060491963876,-0.0202024319441377,-0.0971637887129077,-0.2242170396599983,0.0365990041528417,0.1028185112771495,0.1998627267090241,-1,-1,-1
2016-01-29,0,3.150000095367432,3.466665983200073,3.106666088104248,3.326666116714477,2.821451425552368,1912500,1.1342913414428129,0.069493852993716,0.0080482544849132,-0.1632701455922109,0.0366892031248805,0.102726757696983,0.1997629802118461,1,0,-1
2016-02-01,0,3.416666030883789,3.799999952316284,3.359999895095825,3.44333291053772,2.9204001426696777,1605000,1.2578387638275388,0.0344691995977916,0.0526700480706766,-0.1922751375750085,0.0366871883147091,0.1026650297099056,0.1997043744324203,1,1,-1
2016-02-02,0,3.44333291053772,3.576666116714477,3.1433329582214355,3.200000047683716,2.714021682739258,744900,1.285116303154299,-0.0732890914532235,0.015748256571608,-0.3184537311185347,0.0367819155236054,0.1025763189494546,0.1999152963047877,-1,1,-1
2016-02-03,0,3.2566659450531006,3.5266659259796143,3.173332929611206,3.4033329486846924,2.886474847793579,1011300,1.3162790968391174,0.0616044311429476,0.0626468393160191,-0.3013010319909529,0.0368449990593097,0.1025262677546045,0.2000785482212244,1,1,-1
2016-02-04,0,3.5999999046325684,4.133333206176758,3.5733330249786377,3.986665964126587,3.381218194961548,2361900,1.5273291672549558,0.1582000755300818,0.230276035867176,-0.0795282833952578,0.0374242972565085,0.1029292871303079,0.1999042480966068,1,1,-1
2016-02-05,0,3.986665964126587,4.133333206176758,3.7699999809265137,4.059999942779541,3.4434151649475098,1353300,1.66068539128498,0.0182277021402737,0.2687061699515874,0.047928444386849,0.0373993951604725,0.1034993019977601,0.1997448361268629,1,1,1
2016-02-10,0,4.026666164398193,4.083333015441895,3.94333291053772,4.033332824707031,3.420797824859619,778800,1.6365347989877437,-0.0065899534214925,0.1926223635363788,0.085359825488876,0.0373667425016156,0.103749390993708,0.1996186604795472,-1,1,1
2016-02-11,0,3.97333288192749,4.016665935516357,3.733333110809326,3.733333110809326,3.166358709335327,1066800,1.6437215457941048,-0.0772915504654185,0.0808616134731685,-0.0008923277346366,0.0374729216793883,0.1037209551710319,0.1994367161767195,-1,1,0
2016-02-12,0,3.833333015441896,3.8766660690307617,3.640000104904175,3.7566659450531006,3.186147928237915,1419000,1.767112715252867,0.0062303855929363,0.1603810905193282,0.0851576387262738,0.037440716223119,0.1038660217033587,0.1993109018038734,1,1,1
2016-02-15,0,3.8266661167144775,3.950000047683716,3.703332901000977,3.703332901000977,3.1409144401550293,387000,1.742881428211867,-0.0142986606163938,0.084477998759987,0.1052604916047413,0.037411661839752,0.1038423251073592,0.1992080789602365,-1,1,1
2016-02-16,0,3.72666597366333,3.933332920074463,3.716665983200073,3.856666088104248,3.270961284637451,1890300,1.7776549706635332,0.0405699320430528,-0.033152144727042,0.1960714353262899,0.0374192075930305,0.103755997296529,0.1992545572255971,1,-1,1
2016-02-17,0,3.926666021347046,4.046666145324707,3.7566659450531006,3.7566659450531006,3.186147928237915,623400,1.658322529094718,-0.026271271426659,-0.0776511182939748,0.1531158962433683,0.0374013300223289,0.103708359044099,0.1992202380970646,-1,-1,1
2016-02-18,0,3.700000047683716,3.849999904632568,3.5799999237060547,3.7566659450531006,3.186147928237915,736500,1.672677920728475,0.0,-0.0710611648724822,0.100737487279285,0.037368235209727,0.1036528852319653,0.1991115102656381,0,-1,1
2016-02-19,0,3.72333288192749,3.799999952316284,3.653332948684693,3.799999952316284,3.2229011058807373,209400,1.5735264679702805,0.0114692773719173,0.0176996629648536,0.1131885394652975,0.0373388116428046,0.1035650620830615,0.1990181022716769,1,1,1
2016-02-22,0,3.866666078567505,3.900000095367432,3.683332920074463,3.683332920074463,3.123951911926269,720900,1.3201914529362706,-0.0311830797410256,-0.0197138023691083,0.0415763987659091,0.0373275634170077,0.1034746398296947,0.19885669005011,-1,-1,1
2016-02-23,0,3.683332920074463,3.839999914169312,3.6333329677581774,3.703332901000977,3.1409144401550293,628500,1.2015256386489672,0.0054151417527145,0.0,0.079592602328311,0.0372956332624396,0.1033829556229986,0.1987258068584437,1,0,1
2016-02-24,0,3.700000047683716,3.700000047683716,3.373332977294922,3.4366660118103027,2.914745807647705,927600,1.203275239578255,-0.0747313659951741,-0.1153012980382269,0.0405794265372418,0.0373909462678413,0.1033946636746814,0.1985644771820089,-1,-1,1
2016-02-25,0,3.3966660499572754,3.5566658973693848,3.3966660499572754,3.549999952316284,3.0108678340911865,564000,1.1290627653430392,0.032445739672133,-0.0565842869394348,0.0831777601973467,0.0373843903632737,0.1033253407565294,0.1984376203003099,1,-1,1
2016-02-26,0,3.5999999046325684,3.670000076293945,3.5,3.670000076293945,3.112643957138061,602700,1.012197570060139,0.033244157831356,-0.0233401291080787,0.1527892179828575,0.0373790274581084,0.1032366815498824,0.1984021783620921,1,-1,1
2016-02-29,0,3.72666597366333,3.950000047683716,3.660000085830689,3.933332920074463,3.335984468460083,1019700,1.1087844533721285,0.0692953167376722,0.0344859102576759,0.2073786863219931,0.0374613285297722,0.1031594065769294,0.1984685165330351,1,1,1
2016-03-01,0,3.9633328914642334,4.25,3.916666030883789,4.233333110809326,3.5904247760772705,635400,0.9364020629135166,0.0735026887795062,0.1391716787782079,0.2903104961225745,0.0375568558465975,0.1032472414125517,0.198740081006697,1,1,1
2016-03-02,0,4.243332862854004,4.389999866485596,4.199999809265137,4.289999961853027,3.6384856700897217,1031400,1.014447117236582,0.0132970528579552,0.1470535898834488,0.3238099809246677,0.0375286401583948,0.1033539409593462,0.199109220676212,1,1,1
2016-03-03,0,4.380000114440918,4.586666107177734,4.309999942779541,4.5,3.816592931747437,906600,1.0636436365811155,0.0477905515669708,0.2695755074455938,0.3021066794979224,0.0375502426806663,0.1039012249749162,0.1994084464546313,1,1,1
2016-03-04,0,4.516665935516357,4.683332920074463,4.353332996368408,4.400000095367432,3.73177981376648,972000,1.1940838961109004,-0.0224728402348195,0.2146569275386411,0.2451646396653113,0.0375287307374891,0.1042144287030492,0.1995523923264135,-1,1,1
2016-03-07,0,4.416666030883789,4.583333015441895,4.0233330726623535,4.033332824707031,3.420797824859619,849900,1.223034702711723,-0.087011475726724,0.094401293980561,0.2314422553918106,0.0376681104319107,0.1042048594184595,0.1996624125315121,-1,1,1
2016-03-08,1,4.0,4.22666597366333,3.829999923706055,3.863332986831665,3.2766153812408447,694800,1.236400639035263,-0.0430628123294513,-0.0179568350865623,0.1267750119194117,0.0376765916501083,0.1041154965562674,0.1995822196160401,-1,-1,1
2016-03-09,0,3.863332986831665,4.050000190734863,3.7133328914642334,3.809999942779541,3.231381893157959,555600,1.1962683907361902,-0.0139011172215497,-0.1053606410876183,-0.0453261808322198,0.037647965027682,0.1041103978191314,0.1994058437842102,-1,-1,-1
2016-03-10,0,3.890000104904175,3.890000104904175,3.69666600227356,3.869999885559082,3.282270193099976,589200,1.2066855406521644,0.0156254385856445,-0.1030322553599291,-0.0479284443868489,0.0376216937242691,0.1041011409413713,0.1992305191604842,1,-1,-1
2016-03-11,0,3.880000114440918,3.930000066757202,3.733333110809326,3.75,3.18049430847168,1245600,1.2988306431598,-0.0314986873980996,-0.1823214943249997,-0.0728371783634561,0.0376108273263402,0.1042739234298791,0.1990643037002556,-1,-1,-1
2016-03-14,0,3.796665906906128,3.880000114440918,3.619999885559082,3.683332920074463,3.123951911926269,2989800,1.5611894140933489,-0.0179377888781345,-0.1777864429683147,-0.0134834167761719,0.0375851582822229,0.1044317485759614,0.1988871077074707,-1,-1,0
2016-03-15,0,3.543333053588867,3.700000047683716,3.4633328914642334,3.5333330631256104,2.996732234954834,1082700,1.6037447032113907,-0.041576398765909,-0.1323513660074997,-0.0612902011350173,0.0375906357072371,0.1044753415296738,0.1987170918297065,-1,-1,-1
2016-03-16,0,3.5299999713897705,3.616666078567505,3.4200000762939453,3.5666658878326416,3.0250027179718018,1835700,1.6832819166034736,0.0093895500018096,-0.0798990036762386,-0.0376019905168139,0.037560874536047,0.1044310298002885,0.1985416534946285,1,-1,-1
2016-03-17,0,3.799999952316284,3.799999952316284,3.643332958221436,3.766665935516357,3.194629430770874,404400,1.587488277247512,0.0545591070080725,-0.0114387794466164,-0.0236128155517942,0.0375987217594613,0.1043412620574018,0.1983655781582221,1,-1,-1
2016-03-18,0,3.793333053588867,3.833333015441896,3.680000066757202,3.829999923706055,3.248344659805298,296700,1.4698122426571645,0.0166744341482149,-0.0103897838840459,0.0193328900230799,0.0375735862334329,0.1042516307577344,0.1981974936496982,1,0,0
2016-03-21,0,3.849999904632568,3.890000104904175,3.686666011810303,3.733333110809326,3.166358709335327,282900,1.38093917608442,-0.0255632756160162,-0.0044543721019625,-0.0062303855929362,0.0375554377123606,0.1041620371297221,0.1980233983638255,-1,0,0
2016-03-22,0,3.736665964126587,3.833333015441896,3.656666040420532,3.833333015441896,3.251172065734864,394500,1.3370231646215762,0.0264333114132343,0.0399167281894063,0.0087336484483806,0.0375403349421422,0.104089593575317,0.1978528160108103,1,1,0
2016-03-23,0,3.793333053588867,3.793333053588867,3.623332977294922,3.650000095367432,3.0956814289093018,1213200,1.4236320380318204,-0.0490075141449408,0.0324856128103746,-0.0090907859555344,0.0375608995212452,0.1040122133811635,0.1976792728632114,-1,1,0
2016-03-24,0,3.660000085830689,3.683332920074463,3.546665906906128,3.666666030883789,3.109816312789917,1178400,1.5000956132999466,0.0045556082411876,0.0276516710497523,-0.0099503194670615,0.0375297239754434,0.1039321927826862,0.1975060932262254,1,1,0
2016-03-28,0,3.733333110809326,3.740000009536743,3.466665983200073,3.483333110809326,2.9543256759643555,675900,1.4132892488745117,-0.051293233861407,-0.0782006698197271,0.0134878126667055,0.037555151420979,0.1038871215450093,0.1973382278216022,-1,-1,0
2016-03-29,0,3.470000028610229,3.483333110809326,3.356666088104248,3.390000104904175,2.87516713142395,466500,1.059898525956049,-0.0271596219449458,-0.1220347259128879,-0.0461175489503733,0.03753882974597,0.1039100312282238,0.1971680309686034,-1,-1,-1
2016-03-30,0,3.400000095367432,3.553333044052124,3.2566659450531006,3.2666659355163574,2.770563125610352,1421400,1.0905386898897271,-0.0370602112469734,-0.1335316615438452,-0.1164219180287027,0.0375363150718568,0.103955430530422,0.1970354483590324,-1,-1,-1
2016-03-31,0,3.3299999237060547,3.3299999237060547,3.3299999237060547,3.3299999237060547,2.8242788314819336,17400,0.847373550782345,0.0192024571354378,-0.1407625158216417,-0.166514777630937,0.0375139160974948,0.1040156822648979,0.1969561579564186,1,-1,-1
2016-04-01,0,3.3166658878326416,3.4033329486846924,3.259999990463257,3.289999961853028,2.790353775024414,423000,0.8424434732792406,-0.0120846622386243,-0.1038396639153252,-0.2521021286490677,0.0374851088640582,0.1040053661867734,0.1970183568865433,-1,-1,-1
2016-04-04,0,3.176666021347046,3.176666021347046,3.176666021347046,3.176666021347046,2.694231510162353,1800,0.8000769179826606,-0.0350553791104932,-0.143450651267006,-0.3004545606175162,0.0374794851947199,0.1040703698768872,0.1971876212245057,-1,-1,-1
2016-04-05,0,3.343333005905152,3.343333005905152,3.343333005905152,3.343333005905152,2.8355870246887207,4500,0.7610650831929107,0.0511359693590944,-0.0410214480465045,-0.2971091428253927,0.0375089905418574,0.1039921466441724,0.1973468709305988,1,-1,-1
2016-04-06,0,3.356666088104248,3.3766660690307617,3.150000095367432,3.2666659355163574,2.770563125610352,582000,0.7756394865660748,-0.0231983851454146,-0.0370602112469734,-0.2978346877359879,0.0374885616124189,0.1039120058642965,0.197506043378977,-1,-1,-1
2016-04-07,0,3.423332929611206,3.423332929611206,3.423332929611206,3.423332929611206,2.903437614440918,1500,0.6099026359924752,0.0468448252872558,0.0468448252872558,-0.1639783867220079,0.0375082866511871,0.1038475514326818,0.1974210542493988,1,1,-1
2016-04-08,0,3.5,3.5,3.313333034515381,3.366666078567505,2.855376720428467,477900,0.5082856037612686,-0.0166916337526686,0.0109507343991493,-0.1376072081452252,0.0374824927965146,0.1037626915139427,0.1973068263384827,-1,1,-1
2016-04-11,0,3.413332939147949,3.47666597366333,3.236665964126587,3.25,2.7564284801483154,926700,0.5329188081555285,-0.035267972697629,-0.0122325760598552,-0.1589740636213045,0.0374773131097234,0.1036758800691357,0.1972158619208739,-1,-1,-1
2016-04-12,0,3.309999942779541,3.309999942779541,3.309999942779541,3.309999942779541,2.807316303253174,1200,0.4738093599894471,0.0182931619507658,0.0411159650014039,-0.1563063402561831,0.0374544724428428,0.1036072463256705,0.1971218011229722,1,1,-1
2016-04-13,0,3.5,3.5,3.5,3.5,2.968461513519287,1200,0.2999789828681901,0.0558148349159472,0.0457948305582567,-0.0689928179421361,0.0374948272071896,0.1035424922708443,0.196960913321417,1,1,-1
2016-04-14,0,3.5333330631256104,3.596666097640991,3.353332996368408,3.596666097640991,3.0504472255706787,762600,0.400584520189016,0.0272444015190718,0.0962376172227434,-0.0238106275449298,0.0374812971139481,0.1035405962474278,0.1967919249125598,1,1,-1
2016-04-15,0,3.6333329677581774,3.683332920074463,3.539999961853028,3.666666030883789,3.109816312789917,951300,0.4791402661157874,0.0192754498305829,0.0686682417660704,0.0370412210515622,0.0374592704714626,0.1034991949856088,0.1966399886251099,1,1,1
2016-04-18,0,3.660000085830689,3.72666597366333,3.603332996368408,3.690000057220459,3.1296064853668213,616200,0.5641272140407304,0.0063436120879913,0.0917034876067303,0.0339952831377437,0.0374294933278015,0.1034896201676017,0.1964868054236042,1,1,1
2016-04-19,0,3.619999885559082,3.619999885559082,3.619999885559082,3.619999885559082,3.070237159729004,1800,0.5638076221846637,-0.0191524637817377,0.1078189965226215,-0.0397162876520665,0.0374060143392495,0.1035070799980291,0.1963200754510936,-1,1,-1
2016-04-20,0,3.6266660690307617,3.666666030883789,3.576666116714477,3.663332939147949,3.1069893836975098,426300,0.5510853780976722,0.0118994041654606,0.1014252387373162,-0.044491317634821,0.0373788275076321,0.1035128657811106,0.1961544931072477,1,1,-1
2016-04-22,0,3.606666088104248,3.683332920074463,3.5,3.5999999046325684,3.053274393081665,346500,0.59763454477955,-0.0174396272512037,0.0281707765701652,-0.0363676692700085,0.0373541592099132,0.1034361594113754,0.1959882186444069,-1,1,-1
2016-04-25,0,3.539999961853028,3.5999999046325684,3.483333110809326,3.483333110809326,2.9543256759643555,622200,0.6185584709180814,-0.0329441590819174,-0.0320177840308241,-0.0957451397651603,0.0373460545312495,0.1033563085687036,0.1958436342722526,-1,-1,-1
2016-04-26,0,3.4600000381469727,3.5,3.44333291053772,3.4800000190734863,3.005423784255981,1226100,0.6685079484395395,0.0171481572447676,-0.0341450766166395,-0.0295894683754519,0.0373226422931607,0.1032775800391191,0.1956776942175677,1,-1,-1
2016-04-27,0,3.5133330821990967,3.5733330249786377,3.433332920074463,3.5166659355163574,3.0370895862579346,702000,0.7625543710891527,0.0104810994838902,-0.0300075892207405,-0.0236639771327493,0.037294975030387,0.103197274450011,0.1955120817404118,1,-1,-1
2016-04-28,0,3.470000028610229,3.5333330631256104,3.453332901000977,3.483333110809326,3.0083024501800537,739500,0.8606835219339153,-0.0095237342724648,-0.0203788597114676,0.0181055224561928,0.0372661712390646,0.1031141356979544,0.1953548284031729,-1,-1,0
2016-04-29,0,3.496665954589844,3.536665916442871,3.44333291053772,3.496665954589844,3.0198171138763428,233700,0.7890866535736639,0.003820321603943,-0.0284579422729852,0.0490854660050817,0.0372362992799232,0.1030336260057934,0.1952135348543278,1,-1,1
2016-05-02,0,3.496665954589844,3.5,3.440000057220459,3.44666600227356,2.976635694503784,822600,0.7665637846200972,-0.014402570049723,-0.0254208850715044,0.0717431072023321,0.0372099926055026,0.1029522719025933,0.1950891315406097,-1,-1,1
2016-05-03,0,3.4033329486846924,3.433332920074463,3.3066658973693848,3.353332996368408,2.896030902862549,772200,0.7801649357614748,-0.0274525558397459,-0.0199292818293329,0.0250880942271482,0.0371951194396219,0.1028696200598179,0.1949356791488942,-1,-1,1
2016-05-04,0,3.373332977294922,3.373332977294922,3.2633330821990967,3.3499999046325684,2.893152236938477,269700,0.8143943671469243,-0.0009944982191139,-0.0380719372932145,0.0361782582466589,0.0371649653277169,0.1027938990245532,0.194787830395196,0,-1,1
2016-05-05,0,3.3499999046325684,3.363332986831665,3.2666659355163574,3.3499999046325684,2.893152236938477,249900,0.7878190915060561,0.0,-0.0485530367771047,0.0712336373571521,0.0371349045405301,0.1027245973154549,0.1946637911560067,0,-1,1
2016-05-06,0,3.3366661071777344,3.450000047683716,3.2799999713897705,3.309999942779541,2.858607053756714,732900,0.8336396762909718,-0.012012185079145,-0.0510414875837848,0.0080854829189125,0.0371075511118457,0.1026571638891211,0.1945054050846922,-1,-1,0
2016-05-09,0,3.309999942779541,3.3866660594940186,3.233333110809326,3.289999961853028,2.841334581375122,117600,0.7671898493642297,-0.0060605972329492,-0.0609224064206772,0.025223270831378,0.0370781745031221,0.1025976963678071,0.1943533855689046,-1,-1,1
2016-05-10,0,3.3366661071777344,3.440000057220459,3.299999952316284,3.440000057220459,2.970879077911377,332700,0.64805440934536,0.0445840300349106,-0.0019358063360434,0.0229624755790328,0.0370933401181101,0.1025145097487869,0.19420078899276,1,0,1
2016-05-11,0,3.440000057220459,3.4800000190734863,3.366666078567505,3.380000114440918,2.919061183929444,214200,0.5814838142077128,-0.0175958426171081,0.0079209068865942,0.0220582667145932,0.0370695363694884,0.1024329095975205,0.1940481904261024,-1,0,1
2016-05-12,1,3.430000066757202,3.5066659450531006,3.3833329677581787,3.466665983200073,2.993908405303955,640500,0.567918459233997,0.0253176405475361,0.0342330456532443,0.0826438799597583,0.037054685689166,0.102362697319733,0.1939354082962064,1,1,1
2016-05-13,0,3.440000057220459,3.5,3.326666116714477,3.450000047683716,2.9795150756835938,787800,0.64044272494233,-0.0048191317833367,0.0294139138699075,0.0595315862256557,0.0370253147672376,0.1022897632446754,0.1938040744332295,-1,1,1
2016-05-16,0,3.433332920074463,3.4600000381469727,3.373332977294922,3.373332977294922,2.91330361366272,732000,0.6264797001628457,-0.0224728613079167,0.0189532376411358,-0.0187561099982084,0.0370057250010603,0.1022120473344376,0.1936436698186426,-1,1,0
2016-05-17,0,3.4200000762939453,3.4366660118103027,3.3766660690307617,3.3966660499572754,2.9334542751312256,568500,0.6013564079274311,0.0068929624371185,0.0319067973112035,-0.0391075490801617,0.0369774786182966,0.1021408578401916,0.1934846085606114,1,1,-1
2016-05-18,0,3.3966660499572754,3.466665983200073,3.3966660499572754,3.44666600227356,2.976635694503784,426600,0.6229851395734325,0.0146130390597506,0.0019358063360434,-0.0437699598509941,0.036953182092601,0.1020591710802812,0.1933266509793748,1,0,-1
2016-05-19,0,3.44666600227356,3.4800000190734863,3.3933329582214355,3.450000047683716,2.9795150756835938,256800,0.6248469538429,0.0009668598110477,0.0204985087641994,-0.0491467121279376,0.0369238241861568,0.1019825979804017,0.1931701286755179,0,1,-1
2016-05-20,0,3.4366660118103027,3.440000057220459,3.353332996368408,3.366666078567505,2.907545328140259,595800,0.6088200050155601,-0.0244513656320879,-0.0292704974154247,-0.0544456139782877,0.0369063926647587,0.1019052468227304,0.1930152575539795,-1,-1,-1
2016-05-23,0,3.369999885559082,3.369999885559082,3.2066659927368164,3.2100000381469727,2.772244453430176,1255800,0.7478679871586553,-0.0476519312606299,-0.0721032968927179,-0.1139969494043784,0.0369239545925864,0.1018583363444556,0.1928914239925093,-1,-1,-1
2016-05-24,0,3.25333309173584,3.4633328914642334,3.25333309173584,3.416666030883789,2.9507269859313965,1570200,0.908899331002041,0.0623943117977714,0.0127638762129702,-0.0341630103554032,0.0369807875430276,0.1017796313613194,0.1927337088699408,1,1,-1
2016-05-25,0,3.450000047683716,3.563333034515381,3.450000047683716,3.496665954589844,3.0198171138763428,2012400,1.1497653863994617,0.0231446953336218,0.0290156091094735,0.021925844060136,0.0369638853734677,0.1017078778249121,0.1925847946118217,1,1,1
2016-05-27,0,3.5266659259796143,3.576666116714477,3.466665983200073,3.5,3.0226964950561523,434700,1.1230963882335938,0.000953040931011,0.015355610980734,0.0057307277463792,0.0369347475300906,0.1016303223915563,0.1924310676107685,0,1,0
2016-05-30,0,3.563333034515381,3.5799999237060547,3.44333291053772,3.5266659259796143,3.0457258224487305,234300,1.0509203694776004,0.0075899259285894,0.0219786770982755,0.0028395541910784,0.0369071341398689,0.1015554584949226,0.1922770231049765,1,1,0
2016-05-31,0,3.486665964126587,3.5066659450531006,3.4033329486846924,3.4200000762939453,2.953606367111206,1178100,1.1104366673457835,-0.0307123170574031,0.0157177256729603,-0.0183490285938596,0.0368970607681317,0.1014783696966056,0.1921205001289728,-1,1,0
2016-06-01,0,3.440000057220459,3.453332901000977,3.3766660690307617,3.433332920074463,2.965121030807495,1111200,1.1823266289588623,0.003890930414321,0.0672605873479115,-0.0182784197834816,0.0368685313586811,0.1014392803180299,0.191964361956116,1,1,0
2016-06-02,0,3.5333330631256104,3.553333044052124,3.4733328819274902,3.5,3.0226964950561523,1930500,1.3840336600633183,0.0192314607144926,0.0240977362646327,0.015355610980734,0.0368481967969003,0.1013657919729315,0.1918149003910805,1,1,0
2016-06-03,0,3.5666658878326416,3.5866661071777344,3.483333110809326,3.539999961853028,3.057241678237915,999900,1.4852872371810035,0.0113637849423554,0.0123168258733665,0.0541719517628354,0.0368224845223268,0.1012881329397072,0.1916848965250335,1,1,1
2016-06-06,0,3.5666658878326416,3.616666078567505,3.5566658973693848,3.593333005905152,3.103301286697388,955500,1.5397573480826456,0.0149533789395104,0.026317163881866,0.0701198289214598,0.0367989592011024,0.1012160271873798,0.19156665251948,1,1,1
2016-06-07,0,3.619999885559082,3.683332920074463,3.5866661071777344,3.660000085830689,3.160876750946045,1330200,1.571709561820304,0.0183829659000944,0.037110203853371,0.0885027948215543,0.0367780200263687,0.1011502844327398,0.1914644863158866,1,1,1
2016-06-08,0,3.660000085830689,3.799999952316284,3.6333329677581774,3.799999952316284,3.281784772872925,1258500,1.549481925361816,0.0375379705306991,0.1053604914414733,0.1380529504313983,0.0367804393731564,0.1011656910713519,0.1914192806717107,1,1,1
2016-06-09,0,3.7833330631256095,4.00666618347168,3.733333110809326,4.00666618347168,3.460267305374145,861600,1.4127105832576423,0.0529584294964037,0.1544279905235558,0.1970719771607514,0.0368127194193901,0.1012832845076696,0.1914682388209727,1,1,1
2016-06-10,0,3.996665954589844,3.996665954589844,3.873332977294922,3.953332901000977,3.4142074584960938,348600,1.4072421639228436,-0.0134004524602961,0.121796077348767,0.1390874946655446,0.0367875158557434,0.1013277504810927,0.1914237442624459,-1,1,1
2016-06-13,0,3.993333101272583,3.993333101272583,3.833333015441896,3.906666040420532,3.3739047050476074,218400,1.408269246802322,-0.0118746496988412,0.0985576427075703,0.1448086875838115,0.0367615923743074,0.1013305444165651,0.1913868969307581,-1,1,1
2016-06-14,0,3.856666088104248,3.920000076293945,3.7633330821990967,3.8166658878326416,3.296177864074707,366300,1.3078790865296193,-0.0233071656087534,0.0602970981593063,0.0961838814275219,0.0367438671604787,0.1012836494561898,0.1912918596083089,-1,1,1
2016-06-15,0,3.7833330631256095,3.839999914169312,3.7699999809265137,3.8166658878326416,3.296177864074707,2483100,1.5239190110730736,0.0,0.0419141322592117,0.1010030132108586,0.0367154274827704,0.1012210899865525,0.1912017392291081,0,1,1
2016-06-16,0,3.7633330821990967,4.033332824707031,3.740000009536743,4.033332824707031,3.48329758644104,409500,1.3291297144279093,0.055215853218182,0.0595920149466948,0.1786917277369575,0.0367527831976356,0.1011735931648483,0.191216289582822,1,1,1
2016-06-17,0,4.026666164398193,4.073332786560059,3.869999885559082,3.869999885559082,3.342238426208496,359100,1.247097396381244,-0.0413386574234862,-0.034705071973195,0.1304601078763528,0.0367591606890254,0.1011020419052636,0.1911596315464599,-1,-1,1
2016-06-20,0,3.913332939147949,3.9633328914642334,3.869999885559082,3.8833329677581774,3.3537533283233643,537300,1.1957047555333058,0.003439345174814,-0.0178652743380847,0.1192864139914162,0.0367311876588697,0.1010249417556165,0.1910892715171762,0,-1,1
2016-06-21,0,3.880000114440918,4.046666145324707,3.880000114440918,4.046666145324707,3.494812726974488,303300,1.0567726193518334,0.0411996759484551,0.0352090513092115,0.1595192301288238,0.0367396189573392,0.1009585382983037,0.1910723972464182,1,1,1
2016-06-22,0,4.066666126251221,4.070000171661377,3.903332948684693,3.933332920074463,3.396934747695923,231300,0.909013427906973,-0.0284063109332347,0.0301099059847305,0.1555642848276771,0.0367275113873474,0.100889381158696,0.1910493067367268,-1,1,1
2016-06-23,0,3.950000047683716,4.0233330726623535,3.950000047683716,3.9633328914642334,3.4228434562683105,228900,0.8119092762628164,0.0075981454070169,0.0377080513917472,0.2108143614953238,0.0367007600747457,0.1008247879895876,0.1911189468467346,1,1,1
2016-06-24,0,3.8166658878326416,4.0,3.7833330631256095,3.97666597366333,3.4343581199646,248400,0.7970159839894958,0.0033584179759259,-0.0141493838505087,0.1517784676734784,0.0366729831056204,0.1007477368890801,0.1910894944732946,0,-1,1
2016-06-27,0,3.950000047683716,4.046666145324707,3.880000114440918,4.010000228881836,3.463146686553955,150900,0.7875492613379635,0.0083475791803869,0.0355368527533643,0.1369813515202435,0.0366466201152568,0.1006820887224518,0.1910397164708779,1,1,1
2016-06-28,0,4.010000228881836,4.03000020980835,3.906666040420532,3.990000009536743,3.445874214172364,370500,0.790611280806288,-0.0049999872959988,0.0270975202825515,0.1310283232932338,0.0366190318383239,0.1006120086030973,0.1909822371825672,-1,1,1
2016-06-29,0,4.070000171661377,4.733333110809326,4.059999942779541,4.583333015441895,3.9582927227020255,1517400,0.6943665164091353,0.1386351662138544,0.1245330105479507,0.2620735635784988,0.0369923465539182,0.1006606117480525,0.1911572197448695,1,1,1
2016-06-30,0,4.656665802001953,4.796666145324707,4.480000019073486,4.796666145324707,4.142532825469971,671400,0.7542265751385264,0.045494592687542,0.1984339141687273,0.3382804733234438,0.037007510146935,0.1008942089740496,0.1915297311262283,1,1,1
2016-07-01,0,4.763332843780518,4.800000190734863,4.619999885559082,4.623332977294922,3.99283766746521,195900,0.735758928168811,-0.0368052213836071,0.1540305473781033,0.2975843215255156,0.037006623762575,0.1010048807179658,0.1917869928040335,-1,1,1
2016-07-04,0,4.623332977294922,4.6966657638549805,4.496665954589844,4.570000171661377,3.946778297424317,111900,0.6756584815360169,-0.0116025477678989,0.1390695816342785,0.2667503130431241,0.0369811001154333,0.1010806801371361,0.1919664969726333,-1,1,1
2016-07-05,0,4.596665859222412,4.596665859222412,4.303332805633545,4.400000095367432,3.799961566925049,168300,0.6570829338835414,-0.0379086724939912,0.0928133299599002,0.2174778556067771,0.0369818152213423,0.1010727688751558,0.1920403313879256,-1,1,1
2016-07-06,0,4.416666030883789,4.460000038146973,4.25,4.416666030883789,3.814354658126831,137700,0.6455749479072486,0.0037805386377732,0.1015938558936723,0.2063050153050399,0.0369542027007331,0.1010779035890499,0.1920924598448344,1,1,1
2016-07-07,0,4.466666221618652,4.566666126251221,4.383333206176758,4.429999828338623,3.8258700370788574,252600,0.6536567746709883,0.0030144107355788,-0.0340268995846032,0.1909364601405244,0.0369265305727282,0.1010083271612943,0.1921169869225051,0,-1,1
2016-07-08,0,4.5,4.603332996368408,4.426665782928467,4.603332996368408,3.975564956665039,164700,0.6448948670639949,0.0383809633825939,-0.0411405288895514,0.1917794529924193,0.0369294705087374,0.1009426160208348,0.1921423087906157,1,-1,1
2016-07-11,0,4.663332939147949,4.663332939147949,4.50333309173584,4.50333309173584,3.88920259475708,125100,0.6433021645666444,-0.0219627173470292,-0.0262980248529735,0.1168583061489862,0.036911109315903,0.1008701393915682,0.1920639902437433,-1,-1,1
2016-07-12,0,4.5,4.526666164398193,4.326665878295898,4.433332920074463,3.828748464584351,828900,0.7271112196821324,-0.0156661699809468,-0.0303616470660214,0.1145925886283356,0.036888059201837,0.1007993717034315,0.1919832600697013,-1,-1,1
2016-07-13,0,4.433332920074463,4.656665802001953,4.343332767486572,4.646666049957275,4.012989044189453,443400,0.5403606859316316,0.0469983830591048,0.0545454084870747,0.1734656213862816,0.0369061543779666,0.1007478345744401,0.1919782284652162,1,1,1
2016-07-14,0,4.653333187103272,5.0,4.653333187103272,4.966666221618652,4.2893500328063965,210000,0.4572770884856826,0.0665988527559919,0.1173637226052933,0.263371639751027,0.036969475741564,0.100779839123758,0.1921417238956075,1,1,1
2016-07-15,0,4.926665782928467,5.083333015441895,4.766665935516357,5.083333015441895,4.390106678009033,560400,0.5314134333542355,0.0232183130645145,0.1375676249342289,0.2865899528155415,0.0369529825629613,0.1008506703497868,0.1923575761046115,1,1,1
2016-07-18,0,5.066666126251221,5.130000114440918,4.993332862854004,5.016665935516357,4.332530975341797,247200,0.5592189844957975,-0.0132016349089069,0.0859850266427282,0.2181724646884525,0.0369287361574464,0.1008329907313469,0.1924254101683717,-1,1,1
2016-07-19,0,5.016665935516357,5.016665935516357,4.940000057220459,4.940000057220459,4.266319751739502,111900,0.5520558351151069,-0.0154003213470575,0.0925474226426999,0.2441108007648812,0.0369057806828534,0.1008241339946147,0.1925431283246201,-1,1,1
2016-07-20,0,4.940000057220459,5.043333053588867,4.903333187103272,4.909999847412109,4.240411281585693,119100,0.5511632200286238,-0.0060913058520991,0.1021222867715474,0.2345801497379679,0.0368789448546391,0.1008292661549766,0.1926403872215756,-1,1,1
2016-07-21,0,4.9633331298828125,5.133333206176758,4.920000076293945,5.133333206176758,4.433287620544434,258600,0.5591172537434894,0.0444811704374285,0.0996050741498711,0.2378616442269412,0.0368919299807036,0.1008302973894481,0.1927430572335913,1,1,1
2016-07-22,0,5.139999866485596,5.150000095367432,5.039999961853027,5.150000095367432,4.447681427001953,202500,0.5699804450069376,0.0032414974050241,0.0362477187989035,0.2695094525652001,0.0368647564249576,0.1007655540888824,0.192911523489898,0,1,1
2016-07-25,0,5.190000057220459,5.286665916442871,5.050000190734863,5.210000038146973,4.499499320983887,255300,0.5992362672772303,0.0115831958265461,0.0246126015609352,0.2734945029847294,0.0368402112371494,0.1006953765936775,0.1930873178942512,1,1,1
2016-07-26,0,5.206665992736816,5.206665992736816,5.026666164398193,5.096665859222412,4.401620864868164,290700,0.5155533392446097,-0.0219932771139302,0.015820959355912,0.2481428078948732,0.0368224303054329,0.1006224858251911,0.1932068225130196,-1,1,1
2016-07-27,0,5.099999904632568,5.099999904632568,4.913332939147949,4.913332939147949,4.243289947509766,260100,0.4857012211694981,-0.036633952087207,-0.0054126713842376,0.2031612766272791,0.0368217335830375,0.1005475797565475,0.1932409736794042,-1,0,1
2016-07-28,0,4.900000095367432,4.966666221618652,4.733333110809326,4.933332920074463,4.260562419891357,186900,0.4810858928403922,0.0040622756341457,0.0047409101020073,0.2122235395574238,0.0367949123252119,0.1004730480722483,0.1932900759491474,1,0,1
2016-07-29,0,4.903333187103272,5.073332786560059,4.869999885559082,5.073332786560059,4.3814697265625,372000,0.4444021115959443,0.0279830470967762,-0.011757213238645,0.1015714204403455,0.0367837915202364,0.1003991209850453,0.1931925476749741,1,-1,1
2016-08-01,0,5.106666088104248,5.186666011810303,4.840000152587891,5.0,4.318137645721436,228000,0.4405819558374698,-0.0145600133343758,-0.0295587239780449,0.0415168144184277,0.0367607828168428,0.1003303344052385,0.1930563552377628,-1,-1,1
2016-08-02,0,4.936666011810303,4.980000019073486,4.78000020980835,4.816666126251221,4.159805774688721,656100,0.5400705469675445,-0.0373558243715591,-0.0784977441761503,0.0409662114304758,0.0367611998487292,0.1002994191049094,0.192920224384389,-1,-1,1
2016-08-03,0,4.816666126251221,4.88666582107544,4.766665935516357,4.766665935516357,4.116624355316162,331200,0.577995102122991,-0.0104348881142616,-0.0669393551764817,0.0421338710841131,0.03673623322094,0.100256394529756,0.1927848551343226,-1,-1,1
2016-08-04,0,4.793333053588867,4.920000076293945,4.75666618347168,4.826665878295898,4.168441295623779,173400,0.5592782954124137,0.0125086796233237,-0.0177967234659507,0.0925512232014282,0.0367125901639118,0.1001841657460746,0.1926804762249506,1,-1,1
2016-08-05,0,4.826665878295898,4.900000095367432,4.516665935516357,4.543333053588867,3.923747539520264,547800,0.614450199223312,-0.0604949738152227,-0.0823539729153193,0.0282757107484321,0.0367577479857047,0.1001577432910781,0.1925406866011791,-1,-1,1
2016-08-08,0,4.570000171661377,4.650000095367432,4.383333206176758,4.466666221618652,3.8575360774993896,1607100,0.8375956143273328,-0.0170185443290727,-0.1273555643411683,0.0082427556837806,0.0367363406807757,0.100199132362302,0.1923967486226625,-1,-1,0
2016-08-09,0,4.480000019073486,4.516665935516357,4.373332977294922,4.416666030883789,3.814354658126831,213300,0.8170095642709599,-0.0112571664193593,-0.1240527174261518,-0.0413953741181727,0.0367118358160917,0.1002340742775823,0.1922556470494991,-1,-1,-1
2016-08-10,0,4.449999809265137,4.650000095367432,4.423333168029785,4.426665782928467,3.8229901790618896,322200,0.8226685920110753,0.0022613944503622,-0.0844354986042304,-0.0171712623207812,0.0366852154832136,0.1002096086419998,0.1921112323102876,0,-1,0
2016-08-11,1,4.429999828338623,4.489999771118164,4.130000114440918,4.156665802001953,3.589811086654663,685800,0.8962559649104229,-0.0629333067884058,-0.1369339172783745,-0.0644383991282401,0.0367357996030191,0.100267957789986,0.1919784553659365,-1,-1,-1
2016-08-12,0,4.150000095367432,4.206665992736816,4.046666145324707,4.133333206176758,3.569660425186157,529800,0.9078003994145264,-0.0056291067418561,-0.1550717036435546,-0.117065888929201,0.0367096022418457,0.1003635623011636,0.1918790110507048,-1,-1,-1
2016-08-15,0,4.176665782928467,4.28000020980835,4.066666126251221,4.1966657638549805,3.624356508255005,411000,0.9301150618178606,0.0152062853128804,-0.0793704445154512,-0.1684584563723123,0.0366878615240272,0.1003325918065206,0.19183269241446,1,-1,-1
2016-08-16,0,4.233333110809326,4.426665782928467,4.046666145324707,4.426665782928467,3.8229901790618896,1287900,1.0270647146899252,0.0533561282173813,-0.008995771968997,-0.1383206412194454,0.0367185434707633,0.100259579851906,0.1917527264063059,1,0,-1
2016-08-17,0,4.426665782928467,4.559999942779541,4.22666597366333,4.5,3.886324167251587,882600,1.1183708455882653,0.0164308809356782,0.0186922753860405,-0.1086881253748604,0.0366975805147547,0.1001899393072321,0.191646814081751,1,1,-1
2016-08-18,0,4.480000019073486,4.760000228881836,4.480000019073486,4.633333206176758,4.001474380493164,929700,1.250796970277701,0.0291991215907723,0.0456300025264505,-0.0640886824370305,0.0366883266565673,0.1001342337508402,0.1915149153247028,1,1,-1
2016-08-19,0,4.666666030883789,4.730000019073486,4.533332824707031,4.533332824707031,3.915111303329468,322200,1.2115652338812548,-0.021819129320832,0.0867441799940244,-0.0798165059057632,0.036670869577912,0.1001198743508962,0.1913907225327585,-1,1,-1
2016-08-22,0,4.46999979019165,4.699999809265137,4.433332920074463,4.563333034515381,3.941020011901856,686700,1.057234903237438,0.0065958170662259,0.0989691038021063,-0.1177018592769658,0.0366454066589097,0.1001223323737821,0.191292507983614,1,1,-1
2016-08-23,0,4.553332805633545,4.690000057220459,4.486666202545166,4.630000114440918,3.998595714569092,291600,1.0728037431463482,0.0145036520481059,0.0982664705373319,-0.1064397046338839,0.0366233970539413,0.1001235365983887,0.191185611341863,1,1,-1
2016-08-24,0,4.619999885559082,4.923333168029785,4.619999885559082,4.856666088104248,4.194350242614746,497100,1.1105008139322892,0.0477952112700611,0.0927055535900117,-0.0702276891903689,0.0366425591539358,0.1001166509356993,0.1910573138232739,1,1,-1
2016-08-25,0,4.816666126251221,4.906665802001953,4.816666126251221,4.843332767486572,4.182836055755615,369300,1.069979391469121,-0.0027489406824143,0.0735257319719191,-0.0509833527588531,0.0366163792182599,0.1000859310453603,0.1909219654248214,0,1,-1
2016-08-26,0,4.843332767486572,4.880000114440918,4.783332824707031,4.833333015441895,4.17419958114624,382500,1.0569648206972715,-0.0020668758778069,0.0422597345033399,-0.0164162765494529,0.0365901997314113,0.1000280355756667,0.1907809971760976,0,1,0
2016-08-29,0,4.883333206176758,4.88666582107544,4.766665935516357,4.766665935516357,4.116624355316162,397500,1.0634482607632605,-0.0138891265398217,0.0501897372843501,-0.0343676787234204,0.0365676105734677,0.0999757703755628,0.1906422526829366,-1,1,-1
2016-08-30,0,4.739999771118164,4.776666164398193,4.676665782928467,4.693333148956299,4.053291320800781,243600,0.8895414059732483,-0.0155042734100283,0.0280896468080959,-0.0778549992302249,0.0365459666041879,0.0999104266152772,0.1905187392584382,-1,1,-1
2016-08-31,0,4.676665782928467,4.710000038146973,4.606666088104248,4.6966657638549805,4.0561699867248535,375600,0.8053073724868044,0.0007099524705327,0.0142959472305225,-0.0625850334253163,0.0365199129006912,0.0998405764196373,0.1903885718909174,0,1,-1
2016-09-01,0,4.646666049957275,4.796666145324707,4.616665840148926,4.616665840148926,3.9870800971984863,166500,0.6702763926099813,-0.0171800175644935,-0.0506792816040319,-0.0424092266182506,0.0364994020118805,0.0997858328930326,0.1902523424793175,-1,-1,-1
2016-09-02,0,4.646666049957275,4.650000095367432,4.466666221618652,4.556665897369385,3.935262441635132,434400,0.6900707127847673,-0.0130815839534484,-0.061011924875066,-0.0450559224574375,0.03647656971854,0.0997391151935604,0.1901170545663107,-1,-1,-1
2016-09-05,0,4.513332843780518,4.646666049957275,4.496665954589844,4.616665840148926,3.9870800971984863,385800,0.6384637847658319,0.0130815839534483,-0.0458634650438107,-0.0444830181273129,0.036454193975264,0.099681339388323,0.1899819095984683,1,-1,-1
2016-09-06,0,4.590000152587891,4.7133331298828125,4.556665897369385,4.7133331298828125,4.0705647468566895,164400,0.6165151819395166,0.0207225904816721,-0.0112517480223169,0.0367345461695819,0.0364369941781763,0.0996106776311997,0.1898520966846686,1,-1,1
2016-09-08,0,4.666666030883789,4.730000019073486,4.596665859222412,4.599999904632568,3.972686529159546,325500,0.5815282557787314,-0.0243391748372691,-0.0200866494495577,0.0294139156613856,0.0364223477682884,0.0995418455700292,0.1897200191761292,-1,-1,1
2016-09-09,0,4.603332996368408,4.603332996368408,4.363333225250244,4.466666221618652,3.8575360774993896,266100,0.5586323557962733,-0.0294139156613855,-0.050210517581476,0.0112571664193595,0.0364129190746723,0.0994872579169126,0.1895837333925295,-1,-1,0
2016-09-12,0,4.440000057220459,4.646666049957275,4.356666088104248,4.550000190734863,3.9295051097869873,406500,0.5586638341113724,0.0184848339177054,-0.0145456660992772,0.0274806058867024,0.0363941303864782,0.099417514091289,0.1894516187313145,1,-1,1
2016-09-13,0,4.550000190734863,4.550000190734863,4.383333206176758,4.383333206176758,3.785567760467529,473100,0.5654939292576803,-0.0373176132832876,-0.0387816954291164,0.0530962993918206,0.0363948273114239,0.0993562795246476,0.1893299940911844,-1,-1,1
2016-09-14,0,4.393332958221436,4.420000076293945,4.360000133514404,4.420000076293945,3.8172338008880615,200100,0.555617149329974,0.0083301460066174,-0.0435331333759473,0.0670555521402943,0.0363706816603869,0.0992977714432575,0.1892162654914912,1,-1,1
2016-09-15,0,4.453332901000977,4.526666164398193,4.433332920074463,4.449999809265137,3.843142747879028,297600,0.5388382171544396,0.0067644313879541,-0.0574912924696653,0.0586136982153676,0.0363461001347412,0.0992488913018057,0.1890979260567884,1,-1,1
2016-09-16,0,4.5,4.5,4.353332996368408,4.5,3.886324167251587,222600,0.5477294826037513,0.0111733109376916,-0.0219788066947044,0.0164308809356782,0.0363231694002863,0.0991813277805618,0.1889640133355401,1,-1,0
2016-09-19,0,4.510000228881836,4.653333187103272,4.50666618347168,4.526666164398193,3.909353733062744,163200,0.5003909337897844,0.0059083079364768,0.0133434169031579,0.0059083079364768,0.0362984609809105,0.0991130932399487,0.1888285712939858,1,1,0
2016-09-20,0,4.550000190734863,4.603332996368408,4.426665782928467,4.426665782928467,3.8229901790618896,59700,0.4425147373281707,-0.0223391888721549,-0.0274806058867024,-0.0456300025264504,0.0362823019100155,0.0990475431106923,0.1886967676222024,-1,-1,-1
2016-09-21,0,4.453332901000977,4.533332824707031,4.38666582107544,4.533332824707031,3.915111303329468,471600,0.4945229472402309,0.0238108732056186,0.0336478806022036,0.0,0.036268247754539,0.0989871642405304,0.188561266154033,1,1,0
2016-09-22,0,4.546666145324707,4.803332805633545,4.47666597366333,4.710000038146973,4.067686080932617,146700,0.463756272197086,0.0382305482885256,0.0635482828841117,0.0316347312222996,0.0362716258835651,0.098948653415605,0.1884326185299942,1,1,1
2016-09-23,0,4.703332901000977,4.75333309173584,4.426665782928467,4.496665954589844,3.883444786071777,596400,0.5207317589803993,-0.046351716088632,0.0104321354075257,-0.0292206369144384,0.0362869498000627,0.0988803428820485,0.1882984215319934,-1,1,-1
2016-09-26,0,4.5,4.50333309173584,4.366665840148926,4.400000095367432,3.799961566925049,208500,0.4851638631284712,-0.0217316384936477,-0.0224728140238137,-0.0987474866781472,0.0362703823057938,0.0988137878977144,0.1881923706999761,-1,-1,-1
2016-09-27,0,4.396666049957275,4.396666049957275,4.243332862854004,4.25,3.670417070388794,174000,0.4342542597061726,-0.0346856539468072,-0.0630667759070978,-0.1306841999425401,0.0362676035272715,0.0987704672493588,0.1881115577425405,-1,-1,-1
2016-09-28,0,4.28000020980835,4.383333206176758,4.199999809265137,4.25666618347168,3.67617392539978,698400,0.513939391409852,0.0015672183717877,-0.0391603686631549,-0.1270501056929455,0.0362424903291523,0.0987107924527696,0.1880275507108585,0,-1,-1
2016-09-29,0,4.25,4.309999942779541,4.110000133514404,4.199999809265137,3.627235412597656,219300,0.4985526697567737,-0.0134017533483278,-0.0763729952171013,-0.1265627325014516,0.036220534598803,0.0986801766845205,0.1879431767158571,-1,-1,-1
2016-09-30,0,4.230000019073486,4.266665935516357,4.133333206176758,4.133333206176758,3.569660425186157,154800,0.4847456013187442,-0.0160002915187791,-0.1306038350244061,-0.1270587506102022,0.0362000265757665,0.0987265723015839,0.1878592953969284,-1,-1,-1
2016-10-03,0,4.139999866485596,4.199999809265137,4.073332786560059,4.083333015441895,3.526479005813598,165300,0.4823121385471837,-0.0121705478878556,-0.0964226668236296,-0.1399392509685907,0.0361775693420494,0.0987192936348455,0.1877873142576973,-1,-1,-1
2016-10-04,0,4.233333110809326,4.38666582107544,4.086666107177734,4.090000152587891,3.5322365760803223,620700,0.5690933968730543,0.0016313368846757,-0.073059691445306,-0.1211278965194213,0.0361526667778441,0.0986850342646049,0.1876985070474439,0,-1,-1
2016-10-05,0,4.086666107177734,4.156665802001953,4.066666126251221,4.099999904632568,3.5408732891082764,195300,0.5180718214350712,0.0024421272919559,-0.0359319102065429,-0.105604185274017,0.0361278953646153,0.098623999035089,0.1875979416848544,0,-1,-1
2016-10-06,0,4.130000114440918,4.286665916442871,4.130000114440918,4.233333110809326,3.6560232639312735,1586700,0.7480015861461782,0.0320026282306211,-0.0054965003477096,-0.0866831409968443,0.0361231746673633,0.0985556160667677,0.187485574448588,1,0,-1
2016-10-07,0,4.289999961853027,4.396666049957275,4.186666011810303,4.233333110809326,3.6560232639312735,667200,0.7534452113901866,0.0,0.0079052530006181,-0.1074057314785164,0.036098326796469,0.0984882188898017,0.18738659118505,0,0,-1
2016-10-10,0,4.25666618347168,4.289999961853027,4.183332920074463,4.21999979019165,3.644507884979248,188700,0.7488250691924628,-0.0031546714251835,0.0207508730942137,-0.0862212280664308,0.0360736599513183,0.0984241309242978,0.1872743251808507,0,1,-1
2016-10-11,0,4.193333148956299,4.210000038146973,4.119999885559082,4.133333206176758,3.569660425186157,253200,0.7605411947541028,-0.0207508730942137,0.0121705478878556,-0.077558185499259,0.0360567015552454,0.0983577979969619,0.1871577513912599,-1,1,-1
2016-10-13,0,4.119999885559082,4.119999885559082,4.070000171661377,4.096665859222412,3.5379934310913086,372300,0.7053042786986495,-0.0089107332089967,0.0016284777941829,-0.1049537526259612,0.0360333311010971,0.0982901055784876,0.1870575240932618,-1,0,-1
2016-10-14,0,4.099999904632568,4.179999828338623,4.096665859222412,4.153333187103272,3.586933135986328,669000,0.7761794854587192,0.0137378186628367,0.0129241691650639,-0.0538983206798366,0.0360125417869433,0.0982242102520202,0.1869319870174728,1,1,-1
2016-10-17,0,4.2133331298828125,4.326665878295898,4.190000057220459,4.286665916442871,3.702082872390747,140100,0.7746807984083647,0.031598042017921,0.0125195829523637,-0.0306304246685331,0.0360074802366958,0.0981583571203114,0.1868016220528721,1,1,-1
2016-10-18,0,4.303332805633545,4.666666030883789,4.286665916442871,4.666666030883789,4.030261516571045,594300,0.8547479203416621,0.0849356665588224,0.0974552495111862,0.0475408105023354,0.036120747719129,0.0981616746607222,0.1866842789450299,1,1,1
2016-10-19,0,4.686666011810303,4.943333148956299,4.686666011810303,4.826665878295898,4.168441295623779,368100,0.8256744294639388,0.0337109096129709,0.1343208305493408,0.0700784091776144,0.036118002222738,0.0982259427402643,0.1865793301204878,1,1,1
2016-10-20,0,4.699999809265137,4.783332824707031,4.673333168029785,4.72333288192749,4.079200267791748,171000,0.825939987123206,-0.0216412195086181,0.1334304841349365,0.0425288817325195,0.0361019855652936,0.0982879396892361,0.1864602125309929,-1,1,1
2016-10-21,0,4.72333288192749,4.739999771118164,4.539999961853027,4.566666126251221,3.9438984394073486,1028700,0.7488919057948388,-0.0337312706554422,0.1086099466884911,0.0311367999492323,0.0360984109634411,0.0983067302809016,0.1863370672025877,-1,1,1
2016-10-24,0,4.626666069030762,4.646666049957275,4.383333206176758,4.383333206176758,3.785567760467529,124500,0.6619441382977719,-0.0409738073458174,0.0538983206798366,-0.0336478806022037,0.0361048382819397,0.0982616363273909,0.1862085083432298,-1,1,-1
2016-10-25,0,4.383333206176758,4.38666582107544,4.25333309173584,4.309999942779541,3.722235202789306,87000,0.6458674165294754,-0.0168715296004009,0.0054287490615148,-0.0887499584911302,0.036085430622443,0.098195013425268,0.1861001167924376,-1,0,-1
2016-10-26,0,4.283332824707031,4.393332958221436,4.283332824707031,4.353332996368408,3.759658098220825,58200,0.6156023711051162,0.0100036731378002,-0.0695032443595074,-0.0323945692646979,0.0360630601112798,0.0981593055172715,0.1859718752597812,1,-1,-1
2016-10-27,0,4.343332767486572,4.47333288192749,4.333333015441895,4.373332977294922,3.776930809020996,37800,0.5637151583188906,0.0045837025887599,-0.0986304513837184,-0.00607922818229,0.036039159227995,0.0981564900187955,0.185842686304476,1,-1,0
2016-10-28,0,4.333333015441895,4.400000095367432,4.323332786560059,4.400000095367432,3.799961566925049,51000,0.4662583202421855,0.0060792281822901,-0.0709100036928101,0.0346856539468072,0.0360156289107788,0.0981220267255337,0.1857220977221939,1,-1,1
2016-10-31,0,4.466666221618652,4.5,4.429999828338623,4.5,3.886324167251587,64500,0.4544181147999483,0.0224728140238138,-0.0147059190135542,0.0555912495988331,0.0360011608727403,0.0980564280884526,0.1856108114395878,1,-1,1
2016-11-01,0,4.5,4.663332939147949,4.449999809265137,4.449999809265137,3.843142747879028,666000,0.4616791822258605,-0.0111733109376917,0.0150945773945716,0.0578196920094692,0.0359790926410315,0.0979921670908901,0.1855008750122741,-1,1,1
2016-11-03,0,4.426665782928467,4.590000152587891,4.420000076293945,4.566666126251221,3.9438984394073486,220200,0.4322566269603023,0.0258792299512459,0.0578453369462184,0.0996992134794942,0.0359678106063207,0.0979511447036978,0.1854196934193922,1,1,1
2016-11-04,0,4.566666126251221,4.606666088104248,4.483333110809326,4.596665859222412,3.969807386398315,1489200,0.6626287018540503,0.0065478904906072,0.0543895542990253,0.1184176518579571,0.0359445585383211,0.0979073494978712,0.1853555244381978,1,1,1
2016-11-07,0,4.613333225250244,4.783332824707031,4.550000190734863,4.783332824707031,4.131018161773682,339000,0.5452545530113171,0.0398063286222626,0.0896121803325279,0.1565926435955438,0.0359505284997761,0.0978997496644295,0.1853338896307599,1,1,1
2016-11-08,1,4.703332901000977,4.7733330726623535,4.63666582107544,4.63666582107544,4.00435209274292,215400,0.5625396252545308,-0.0311421120269627,0.0523908401232749,0.1230084042766251,0.0359441297240213,0.097854426998521,0.1852741157456809,-1,1,1
2016-11-09,0,4.433332920074463,4.4633331298828125,4.303332805633545,4.320000171661377,3.730870962142944,545700,0.638181784198349,-0.0707400845239827,-0.0408220584245214,0.0202656915220211,0.0360120322010402,0.0977987220518744,0.1851505219472141,-1,-1,1
2016-11-10,0,4.409999847412109,4.409999847412109,4.066666126251221,4.139999866485596,3.57541823387146,279000,0.6725867397782259,-0.0425595505145295,-0.0722082980013593,-0.0222938589925082,0.036020810834323,0.0977664265258105,0.1850237068268479,-1,-1,-1
2016-11-11,0,4.13666582107544,4.139999866485596,3.8966660499572754,4.019999980926514,3.4717824459075928,271800,0.7079695462013678,-0.0294140225527811,-0.1275015505053864,-0.0485532101201058,0.0360122372045854,0.0978079205980825,0.1849017051452187,-1,-1,-1
2016-11-14,0,4.0,4.166666030883789,4.0,4.166666030883789,3.598447561264038,248400,0.7388986485755769,0.0358343842260879,-0.0982150567699057,0.0080320472001957,0.0360127011791826,0.0978048398609977,0.1847765125056421,1,-1,0
2016-11-16,0,4.166666030883789,4.276666164398193,4.050000190734863,4.053332805633545,3.5005698204040527,173700,0.7546880574110685,-0.027576758398504,-0.1655981437906724,-0.0106339779893115,0.0360022726142765,0.0979204502202452,0.1846500904619209,-1,-1,0
2016-11-17,0,4.066666126251221,4.316666126251221,4.066666126251221,4.21999979019165,3.644507884979248,91800,0.6563870545257038,0.0402955842925221,-0.0941604474711876,0.0159237876403737,0.0360090753739601,0.0979116304975833,0.1845268109391852,1,-1,0
2016-11-18,0,4.283332824707031,4.429999828338623,4.233333110809326,4.429999828338623,3.8258700370788574,117600,0.6378962921125355,0.0485645567212646,0.0251441937740599,0.0328903023437172,0.0360294327018503,0.0978516962010722,0.1844083416608199,1,1,1
2016-11-21,0,4.429999828338623,4.5,4.336666107177734,4.5,3.886324167251587,126900,0.398495028549224,0.0156778646504617,0.083381608939051,-0.0363674995646436,0.0360103224164213,0.097837346254167,0.184284882650412,1,1,-1
2016-11-22,0,4.38666582107544,4.643332958221436,4.246665954589844,4.333333015441895,3.7423853874206543,763800,0.4629115770224915,-0.0377405544989108,0.0750550769929213,-0.1078189636765254,0.0360120860908073,0.0978135924242401,0.1841933603286718,-1,1,-1
2016-11-23,0,4.360000133514404,4.563333034515381,4.306665897369385,4.563333034515381,3.941020011901856,237900,0.4662265220813572,0.0517163638350773,0.0909370566019108,-0.03446138033283,0.0360381280821338,0.0978083063717048,0.1840700287249941,1,1,-1
2016-11-24,0,4.546666145324707,4.63666582107544,4.409999847412109,4.599999904632568,3.972686529159546,129900,0.3990767015186032,0.0080029973585379,0.1265168123589529,0.0072728876811502,0.0360156327319258,0.0978566488993485,0.1839464956916614,1,1,0
2016-11-25,0,4.53000020980835,4.550000190734863,4.453332901000977,4.453332901000977,3.8460206985473633,57900,0.3648428362557353,-0.0324035444429254,0.0538176836235052,0.0158431505840423,0.0360106565337873,0.0978132759427504,0.1838247040614711,-1,1,0
2016-11-28,0,4.366665840148926,4.599999904632568,4.366665840148926,4.533332824707031,3.915111303329468,96000,0.339757827814488,0.0178047300181615,0.023057856920402,0.0505194102026046,0.0359930128217451,0.0977529000877295,0.1837146964859535,1,1,1
2016-11-29,0,4.493332862854004,4.550000190734863,4.393332958221436,4.516665935516357,3.900717496871948,105300,0.3184136566741859,-0.0036832492364043,0.0036967430335359,0.0368324878283998,0.0359695551556464,0.0976884848514581,0.1835992819997993,-1,0,1
2016-11-30,0,4.460000038146973,4.596665859222412,4.406665802001953,4.516665935516357,3.900717496871948,118800,0.3120231695126074,0.0,0.0414372975324468,0.0322487852396398,0.0359459480816805,0.097636963590125,0.1834825188994944,0,1,1
2016-12-01,0,4.4466657638549805,4.480000019073486,4.326665878295898,4.416666030883789,3.814354658126831,308700,0.3492643550308008,-0.0223890184195765,-0.0326680847222068,0.0037805386377732,0.0359312025404532,0.0975787195764204,0.1833597345499205,-1,-1,0
2016-12-02,0,4.349999904632568,4.400000095367432,4.286665916442871,4.366665840148926,3.771173000335693,109200,0.3475806119029602,-0.0113853976135785,-0.0520564796943234,-0.030077672999619,0.0359098696768083,0.0975310187911328,0.1832375215135518,-1,-1,-1
2016-12-05,0,4.353332996368408,4.400000095367432,4.25333309173584,4.25333309173584,3.673295497894287,51300,0.3341171756073112,-0.0262968787634612,-0.0459498140148593,-0.0452012408253885,0.0358985590671418,0.0974795497877374,0.1831184099449569,-1,-1,-1
2016-12-06,0,4.320000171661377,4.326665878295898,4.236666202545166,4.326665878295898,3.73662781715393,68400,0.2191210426239041,0.0170943365504836,-0.046660207482537,-0.0539861342261509,0.0358807208323012,0.0974285740992945,0.1830019550254551,1,-1,-1
2016-12-07,0,4.363333225250244,4.4466657638549805,4.186666011810303,4.186666011810303,3.615719795227051,223800,0.213449518309064,-0.0328926022559192,-0.0758695605020519,-0.0934266269726773,0.0358764378549414,0.0974007202067731,0.1829035447828156,-1,-1,-1
2016-12-08,0,4.25,4.300000190734863,4.170000076293945,4.300000190734863,3.713598728179932,53700,0.1994604510529261,0.0267104647922563,-0.0491590957097956,-0.1065224908026836,0.0358664820025474,0.0973513675341241,0.1828136986921762,1,-1,-1
2016-12-09,0,4.313333034515381,4.433332920074463,4.246665954589844,4.433332920074463,3.828748464584351,61800,0.2000759815263644,0.0305365640804157,0.0037664867901967,-0.0448438146953051,0.0358605430375914,0.0972879234741317,0.1826953498186692,1,0,-1
2016-12-12,0,4.376666069030762,4.423333168029785,4.2733330726623535,4.366665840148926,3.771173000335693,41400,0.1903683772116584,-0.0151518844037751,0.0,0.0107443854249026,0.0358411828239035,0.0972243675870188,0.1825752792371603,-1,0,0
2016-12-13,0,4.336666107177734,4.4633331298828125,4.313333034515381,4.413332939147949,3.811476230621338,105000,0.1899026865542799,0.0106304824615939,0.0369273612250554,0.063934418401026,0.0358201429049017,0.0971714590433524,0.1824746793556632,1,1,1
2016-12-14,0,4.366665840148926,4.460000038146973,4.333333015441895,4.366665840148926,3.771173000335693,137100,0.1922717791206702,-0.010630482461594,0.0092025422129777,0.0827179584922131,0.0357988221637662,0.0971090465249648,0.1823859371720846,-1,0,1
2016-12-15,0,4.343332767486572,4.426665782928467,4.316666126251221,4.416666030883789,3.814354658126831,55800,0.1496526837611777,0.0113853976135785,0.0534805420824753,0.0582689718797038,0.0357781779874393,0.0970669528848611,0.1822826101031303,1,1,1
2016-12-16,0,4.416666030883789,4.433332920074463,4.356666088104248,4.369999885559082,3.774052381515503,866100,0.2758727943097033,-0.0106221649269813,0.0161479123632379,0.0752235653512266,0.0357569393729483,0.0970061810950351,0.1821891574762078,-1,1,1
2016-12-19,0,4.329999923706055,4.483333110809326,4.236666202545166,4.456665992736816,3.848899602890015,1363200,0.4993564505210258,0.0196379635900482,0.0052493118728702,0.0545659446487528,0.0357411195823105,0.0969435826930906,0.1820843110681876,1,0,1
2016-12-20,0,4.433332920074463,4.460000038146973,4.353332996368408,4.403333187103272,3.802839994430542,384900,0.5527325942459899,-0.0120391354668072,0.008362060809838,-0.0060377475393192,0.0357205243636392,0.0968814967110932,0.1819638015565163,-1,0,0
2016-12-21,0,4.349999904632568,4.349999904632568,4.349999904632568,4.349999904632568,3.756779670715332,79200,0.5301269566533412,-0.0121860346812227,-0.0144544563329786,-0.0339016468710037,0.0357000259280776,0.0968196705925135,0.1818452086567064,-1,-1,-1
2016-12-22,0,4.5,4.533332824707031,4.5,4.436666011810303,3.831627130508423,2321100,0.9142429838315356,0.0197274313602758,0.0159034574888912,0.0235663389881831,0.0356843831013319,0.0967593102188652,0.1817295770519472,1,1,1
2016-12-23,0,4.516665935516357,4.633333206176758,4.486666202545166,4.493332862854004,3.880565881729126,246300,0.9460163998628296,0.012691437580005,0.0172094974553177,-0.0154585872668891,0.0356645535323602,0.0966993958166715,0.1816097153177217,1,1,0
2016-12-26,0,4.53000020980835,4.563333034515381,4.456665992736816,4.466666221618652,3.8575360774993896,232200,0.9786922806932749,-0.0059523310359583,0.0218793313463407,-0.0294139156613855,0.0356422409024912,0.0966409681575458,0.1814911797759984,-1,1,-1
2016-12-27,0,4.513332843780518,4.599999904632568,4.50666618347168,4.556665897369385,3.935262441635132,173400,0.9911587766345116,0.0199489160635342,0.0221902838198267,0.0229385448450741,0.0356268421683445,0.0965827473806497,0.181376082955994,1,1,1
2016-12-28,0,4.556665897369385,4.653333187103272,4.536665916442871,4.616665840148926,3.9870800971984863,216300,1.0064178619841375,0.0130815839534483,0.0473110032400823,0.0182153987803611,0.0356072991993832,0.0965370867901647,0.1812601025010718,1,1,1
2016-12-29,0,4.599999904632568,4.633333206176758,4.466666221618652,4.543333053588867,3.923747539520264,636900,1.1074239084679978,-0.0160119556879098,0.0434850822333953,0.0058866923288557,0.0355889503884165,0.0964890456219749,0.1811422336167608,-1,1,0
2017-01-02,0,4.519999980926514,4.566666126251221,4.416666030883789,4.416666030883789,3.814354658126831,70200,0.9748397903249166,-0.0282757107484321,-0.0045180598753127,-0.0223890184195765,0.0355801897081164,0.0964271252221684,0.1810239127354927,-1,0,-1
2017-01-03,0,4.443333148956299,4.550000190734863,4.426665782928467,4.456665992736816,3.848899602890015,186300,0.7747105843993758,0.0090157986630669,-0.0081936987922508,0.0090157986630669,0.0355591077547902,0.0963655186910069,0.1809069382027317,1,0,0
2017-01-04,0,4.449999809265137,4.546666145324707,4.433332920074463,4.449999809265137,3.843142747879028,132900,0.7326080010553249,-0.001496834214718,-0.0037382019710106,0.0189043620619273,0.0355365020337202,0.0963038176044266,0.1807920132250574,0,0,1
2017-01-05,0,4.456665992736816,4.50666618347168,4.456665992736816,4.466666221618652,3.8575360774993896,264900,0.7646092859409326,0.0037382019710106,-0.0199489160635341,0.0489394427963992,0.0355142228272524,0.0962442714596347,0.1806871580683452,1,-1,1
2017-01-06,0,4.480000019073486,4.650000095367432,4.46999979019165,4.599999904632568,3.972686529159546,635400,0.4832060545144889,0.0294139156613856,-0.0036165843555971,0.0612590219073011,0.0355075373994263,0.0961828029942719,0.1805883931371262,1,0,1
2017-01-09,0,4.610000133514404,4.856666088104248,4.610000133514404,4.71999979019165,4.076321601867676,758700,0.5776171334237119,0.0257524401567436,0.0381478114890563,0.119904064319964,0.0354971803892328,0.0961323365096218,0.1805328493129484,1,1,1
2017-01-10,0,4.766665935516357,4.813333034515381,4.690000057220459,4.6966657638549805,4.0561699867248535,702000,0.6638454559053791,-0.004955838236653,0.0614676840008355,0.0882377612910546,0.0354750898853456,0.0960980484278933,0.1804510060561291,-1,1,1
2017-01-11,0,4.75333309173584,4.75333309173584,4.583333015441895,4.699999809265137,4.059049129486084,123900,0.6559168300412891,0.0007095662706825,0.053161451608451,0.0584107634813215,0.0354526776275214,0.0960572206113823,0.1803511464774218,0,1,1
2017-01-12,0,4.703332901000977,4.796666145324707,4.633333206176758,4.633333206176758,4.001474380493164,480000,0.7026735521551546,-0.0142858532947052,0.040372432528464,0.0592767945903913,0.0354337581292889,0.0960081509793757,0.1802518803888757,-1,1,1
2017-01-13,0,4.656665802001953,4.766665935516357,4.639999866485596,4.75,4.102231025695801,162900,0.6217880265747646,0.0248680899929623,0.0615023205504156,0.0735144021217595,0.0354227085209972,0.0959739632216976,0.1801606713513962,1,1,1
2017-01-16,0,4.766665935516357,4.880000114440918,4.6966657638549805,4.6966657638549805,4.0561699867248535,132600,0.6337204172537414,-0.0112918029689396,0.0207966019200904,0.072853081614414,0.035402537950331,0.0959165719107316,0.1800691879090099,-1,1,1
2017-01-17,0,4.793333053588867,4.796666145324707,4.72333288192749,4.783332824707031,4.131018161773682,639600,0.7187751969921937,0.018284729511629,0.0133288912749758,0.0797524135124644,0.0353864117839602,0.0958574022337698,0.1799821313369608,1,1,1
2017-01-18,0,4.783332824707031,4.826665878295898,4.733333110809326,4.746665954589844,4.09935188293457,302100,0.7509238770410459,-0.0076950209826469,0.0105897085289819,0.0826795574567989,0.0353651474227511,0.095797837361786,0.1798971060430027,-1,1,1
2017-01-19,0,4.760000228881836,4.760000228881836,4.50666618347168,4.566666126251221,3.9438984394073486,344100,0.7657348154113713,-0.0386591981302228,-0.0287790558719233,0.0243823957365278,0.03536901838981,0.0957420633097257,0.1797854918902782,-1,-1,1
2017-01-20,0,4.566666126251221,4.730000019073486,4.566666126251221,4.716666221618652,4.073442935943604,250500,0.6992935120201748,0.0323188863130044,0.0178256837357863,0.0687404175163396,0.0353657478866966,0.0956842723951654,0.1796921527330267,1,1,1
2017-01-23,0,4.683332920074463,4.72666597366333,4.570000171661377,4.570000171661377,3.946778297424317,151500,0.5890724626902635,-0.0315889468563812,-0.038631353113557,0.0493375053411812,0.0353609001055647,0.0956328207519728,0.1795893344278024,-1,-1,1
2017-01-24,0,4.590000152587891,4.633333206176758,4.4466657638549805,4.449999809265137,3.843142747879028,214800,0.4997420765100288,-0.0266091694078692,-0.0539487195524868,0.003000904573036,0.0353509659807311,0.0955903544546263,0.1794746507756671,-1,-1,0
2017-01-26,0,4.449999809265137,4.583333015441895,4.449999809265137,4.546666145324707,3.926626205444336,258600,0.5223851887343929,0.0214901294858056,-0.05074331957831,0.0117995964788367,0.0353373377577548,0.0955458174416681,0.1793612910452645,1,-1,0
2017-01-27,0,4.546666145324707,4.643332958221436,4.546666145324707,4.619999885559082,3.989958763122559,183300,0.4698387402109209,0.0160003105053334,-0.0270479880903297,0.0337522380201283,0.0353200193230365,0.0954899159386371,0.1792533032417758,1,-1,1
2017-01-30,0,4.666666030883789,4.666666030883789,4.543333053588867,4.599999904632568,3.972686529159546,82200,0.4547421965392216,-0.0043383223587428,0.0072728876811502,0.0094649995978513,0.0352983015800373,0.0954306561070874,0.1791400189763115,-1,0,0
2017-01-31,0,4.606666088104248,4.606666088104248,4.403333187103272,4.466666221618652,3.8575360774993896,432300,0.5046561913712214,-0.0294139156613855,-0.0544599142932398,-0.0330305000169826,0.0352912180386421,0.0953888159842824,0.1790274662837585,-1,-1,-1
2017-02-01,0,4.493332862854004,4.50666618347168,4.269999980926514,4.269999980926514,3.687689781188965,735300,0.5077205363042825,-0.0450284713444861,-0.0678994387813448,-0.0620470156735588,0.0353043352188367,0.0953573845577029,0.1789228592010641,-1,-1,-1
2017-02-02,0,4.28000020980835,4.333333015441895,4.203332901000977,4.300000190734863,3.713598728179932,358200,0.5117762020557151,0.0070012276349075,-0.0342890417385679,-0.0267700772902191,0.0352833989079862,0.0953045171812911,0.1788098395879208,1,-1,-1
2017-02-03,0,4.300000190734863,4.423333168029785,4.260000228881836,4.329999923706055,3.7395074367523193,229200,0.4896857484622288,0.0069524872882708,-0.0488266839361028,-0.0288333886650152,0.03526248703063,0.09525918088507,0.1786972922272644,1,-1,-1
2017-02-06,0,4.336666107177734,4.460000038146973,4.260000228881836,4.436666011810303,3.831627130508423,281700,0.4922911790053616,0.0243356498772612,-0.040491344564175,-0.0030009045730359,0.0352514041680992,0.0952093041896175,0.1785839103752747,1,-1,0
2017-02-07,0,4.413332939147949,4.413332939147949,4.293333053588867,4.323332786560059,3.7337493896484375,107400,0.4835905405994152,-0.0258766241477994,-0.0620296463532316,-0.0326157306918461,0.0352409922929901,0.0951732135346851,0.1784723429390683,-1,-1,-1
2017-02-08,0,4.326665878295898,4.369999885559082,4.309999942779541,4.363333225250244,3.7682945728302,193200,0.4792841178819544,0.0092096040817342,-0.0234061266101119,-0.0528200422714974,0.0352208547690356,0.0951169143742107,0.178365642013615,1,-1,-1
2017-02-09,0,4.363333225250244,4.433332920074463,4.329999923706055,4.366665840148926,3.771173000335693,148800,0.459213850511231,0.0007635625771738,0.0223859073115482,-0.077808919851067,0.035199157587995,0.095061956400539,0.178268882944091,0,1,-1
2017-02-10,0,4.366665840148926,4.433332920074463,4.353332996368408,4.38666582107544,3.788445234298706,120600,0.4470873952096652,0.0045696127721148,0.0199542924487553,-0.0682834688422993,0.0351779093236437,0.0950063412465821,0.1781680447738468,1,1,-1
2017-02-13,0,4.393332958221436,4.633333206176758,4.393332958221436,4.566666126251221,3.9438984394073486,120900,0.453726123646251,0.0402139792410584,0.0532157844015431,-0.0287790558719233,0.0351850756769374,0.0949677593628119,0.1780567194985413,1,1,-1
2017-02-14,0,4.536665916442871,4.650000095367432,4.50666618347168,4.546666145324707,3.926626205444336,192600,0.4134621187930333,-0.0043891004654402,0.0244910340588416,-0.0188823030426584,0.0351637412557603,0.0949137716781428,0.1779446667344659,-1,1,-1
2017-02-15,0,4.656665802001953,4.656665802001953,4.483333110809326,4.483333110809326,3.871929883956909,104400,0.311522309564972,-0.0140275245178621,0.036340133688779,-0.0577779175534826,0.0351454212751484,0.0948649337370056,0.1778404870796865,-1,1,-1
2017-02-16,0,4.556665897369385,4.633333206176758,4.489999771118164,4.583333015441895,3.9582927227020255,137700,0.2768335108262309,0.0220597409038896,0.0491902705109346,-0.0244263736806534,0.0351326453607805,0.0948237020465978,0.1777292840458275,1,1,-1
2017-02-17,0,4.573332786560059,4.710000038146973,4.53000020980835,4.679999828338623,4.041776657104492,272400,0.2876085575427374,0.0208715602420293,0.06929826817579,-0.0218395429502529,0.0351189726310298,0.0947985746409907,0.177618059547479,1,1,-1
2017-02-20,0,4.683332920074463,4.699999809265137,4.603332996368408,4.643332958221436,4.010110378265381,134100,0.2636795957540089,-0.0078655952224694,0.0568630601812057,-0.0220101171900755,0.0350984905716792,0.094762892639525,0.1775070572722394,-1,1,-1
2017-02-21,0,4.679999828338623,4.710000038146973,4.546666145324707,4.603332996368408,3.975564956665039,133500,0.2694113238737737,-0.0086519012215694,0.007997179718578,0.007997179718578,0.0350782610170694,0.0947053345586766,0.1773970206276534,-1,0,0
2017-02-22,0,4.610000133514404,4.650000095367432,4.5,4.650000095367432,4.015868186950684,75900,0.2507126464293019,0.0100866944062967,0.0224729745903149,-0.0142350121881297,0.0350587529484778,0.0946511387013736,0.1772860215138129,1,1,0
2017-02-23,0,4.650000095367432,4.650000095367432,4.46999979019165,4.573332786560059,3.9496562480926514,146700,0.2515195672434099,-0.0166250105496068,0.0198754885585702,0.0007289241186445,0.0350420076153647,0.0945962524257752,0.1771756326674722,-1,1,0
2017-02-24,0,4.550000190734863,4.650000095367432,4.50333309173584,4.596665859222412,3.969807386398315,132000,0.2544853446372771,0.0050890269153391,0.0029047745700197,0.032427120441853,0.0350211982065663,0.0945385034166092,0.1770715057749282,1,0,1
2017-03-01,0,4.46999979019165,4.670000076293945,4.46999979019165,4.656665802001953,4.021624565124512,232800,0.2747827849122626,0.0129683654318241,-0.0049984202401853,0.0239053563878716,0.0350029847186224,0.0944807543446877,0.1769652425969359,1,0,1
2017-03-02,0,4.670000076293945,4.6966657638549805,4.47333288192749,4.5,3.886324167251587,255000,0.2851540006838429,-0.0342221749359856,-0.0313549999537016,-0.0263171290534473,0.0350016435155795,0.0944285884367462,0.1768559027670848,-1,-1,-1
2017-03-03,0,4.533332824707031,4.630000114440918,4.5,4.550000190734863,3.9295051097869873,160200,0.2951069465211752,0.0110497249510243,-0.0116533737811078,-0.0109290817436801,0.0349826777922884,0.0943715788635076,0.1767458842525115,1,-1,0
2017-03-06,0,4.610000133514404,4.96999979019165,4.590000152587891,4.786665916442871,4.133896827697754,1728900,0.5867907411886291,0.0507070122436649,0.0289669440562601,0.0691918461613703,0.0350065448878498,0.0943203253486404,0.1766583598053681,1,1,1
2017-03-07,0,4.833333015441895,4.856666088104248,4.786665916442871,4.793333053588867,4.139654159545898,739800,0.6734531289559056,0.0013917440736938,0.0469836986795608,0.1156120615795502,0.0349854223687247,0.0942784583945915,0.176604433856019,0,1,1
2017-03-08,0,4.803332805633545,4.833333015441895,4.63666582107544,4.650000095367432,4.015868186950684,548700,0.7470474711898836,-0.0303586881299541,0.0115359836342675,0.0782521458146886,0.0349798871556772,0.094222349768569,0.1765224221819947,-1,1,1
2017-03-09,0,4.676665782928467,4.733333110809326,4.619999885559082,4.650000095367432,4.015868186950684,219300,0.7625082141856309,0.0,-0.0014323817975567,0.0712996585264178,0.0349587849314064,0.0941651608676796,0.1764363730172375,0,0,1
2017-03-10,0,4.679999828338623,4.823332786560059,4.616665840148926,4.616665840148926,3.9870800971984863,305400,0.8028387212939683,-0.0071944020881274,0.0255953910503015,0.0397696065610293,0.0349385326346241,0.0941129781988271,0.1763359687403427,-1,1,1
2017-03-13,0,4.666666030883789,4.746665954589844,4.643332958221436,4.746665954589844,4.09935188293457,230400,0.8189681034408387,0.0277697260934755,0.0423153921927528,0.0934159568023042,0.0349310907890174,0.0940686058627907,0.1762644614107334,1,1,1
2017-03-14,1,4.75,4.75,4.666666030883789,4.673333168029785,4.036019325256348,134100,0.8197287044660018,-0.015569993181687,-0.0239616132325991,0.0686363595388831,0.0349141034152403,0.0940148327617536,0.1761772737137114,-1,-1,1
2017-03-15,0,4.650000095367432,4.650000095367432,4.400000095367432,4.426665782928467,3.8229901790618896,852600,0.9223718030730516,-0.0542260048977681,-0.0795793622040612,0.0136467920639409,0.0349430429797302,0.0939967121058955,0.1760706649656326,-1,-1,0
2017-03-16,0,4.4633331298828125,4.659999847412109,4.4633331298828125,4.583333015441895,3.9582927227020255,453000,0.9578090163244064,0.0347799158698197,-0.0144407582042874,0.0438570951616459,0.0349432768149986,0.0939409865282981,0.1759723588077795,1,-1,1
2017-03-17,0,4.633333206176758,4.766665935516357,4.496665954589844,4.766665935516357,4.116624355316162,376800,0.9985277616558385,0.039220694620149,0.0247799364158616,0.0428638105407363,0.0349491347823581,0.0938889972705397,0.1758738476702833,1,1,1
2017-03-20,0,4.833333015441895,4.960000038146973,4.603332996368408,4.656665802001953,4.021624565124512,801300,0.8251369759289824,-0.0233475546183049,0.0086267838856841,0.0239053563878716,0.0349373180848986,0.093833216557435,0.1757698223954542,-1,0,1
2017-03-21,0,4.670000076293945,4.75666618347168,4.366665840148926,4.409999847412109,3.808597326278688,306900,0.741473522344206,-0.0544249761536527,-0.0735679183614441,-0.0164920952479189,0.0349664345133725,0.0938095688523256,0.1756622563279575,-1,-1,0
2017-03-22,0,4.413332939147949,4.466666221618652,4.369999885559082,4.466666221618652,3.8575360774993896,261900,0.6887560976230633,0.012767692250986,-0.0452302329287711,-0.0257841439008227,0.0349485136580652,0.0937651346030953,0.1755556383010179,1,-1,-1
2017-03-23,0,4.46999979019165,4.550000190734863,4.46999979019165,4.47333288192749,3.863293647766113,172500,0.6792898262095004,0.0014914384953053,0.0104872104643025,-0.0451642656475468,0.034927738743346,0.0937099254920357,0.175452709929627,0,1,-1
2017-03-24,0,4.50666618347168,4.539999961853027,4.480000019073486,4.493332862854004,3.880565881729126,130200,0.6478151673469921,0.004460892540653,-0.0198318128648643,-0.0328377778844243,0.0349073386376507,0.0936557930229285,0.1753474413120552,1,-1,-1
2017-03-27,0,4.5233330726623535,4.533332824707031,4.416666030883789,4.423333168029785,3.820112228393554,224100,0.643909422204938,-0.0157011874596511,-0.0747536949446645,-0.0398870641225061,0.0348905860047879,0.0936333849071191,0.175243671823864,-1,-1,-1
2017-03-28,0,4.456665992736816,4.486666202545166,4.406665802001953,4.406665802001953,3.805718421936035,150000,0.6452183942912953,-0.0037750178862023,-0.0551811582125618,-0.0537487764150051,0.0348700574946255,0.0935952956415999,0.1751436635207862,-1,-1,-1
2017-03-29,0,4.516665935516357,4.516665935516357,4.420000076293945,4.420000076293945,3.8172338008880615,174000,0.5305565281151459,0.0030212409509303,0.0022650588920212,-0.0341025249144679,0.034849565890386,0.0935395681376058,0.1750391599809575,0,0,-1
2017-03-30,0,4.420000076293945,4.496665954589844,4.336666107177734,4.389999866485596,3.791324615478516,296700,0.501033956826211,-0.0068105636150183,-0.017313196973983,-0.0460021154448256,0.0348296177097652,0.0934852402691426,0.1749373449703827,-1,-1,-1
2017-03-31,0,4.393332958221436,4.489999771118164,4.363333225250244,4.466666221618652,3.8575360774993896,188100,0.4645608089336172,0.0173131969739831,-0.0014914384953053,-0.0416572839026667,0.0348143193247478,0.0934295821629143,0.1748346816228453,1,0,-1
2017-04-03,0,4.46999979019165,4.480000019073486,4.333333015441895,4.333333015441895,3.7423853874206543,258000,0.3648449096012031,-0.0303054455322298,-0.0362577765681881,-0.0377405544989108,0.0348089455035904,0.0933813409470992,0.1747313879474792,-1,-1,-1
2017-04-04,0,4.433332920074463,4.433332920074463,4.333333015441895,4.333333015441895,3.7423853874206543,327900,0.3674193137655797,0.0,-0.0205565891085369,-0.0487902794499351,0.0347883937459135,0.09332797528034,0.1746308326495889,0,-1,-1
2017-04-05,0,4.333333015441895,4.380000114440918,4.300000190734863,4.333333015441895,3.7423853874206543,586500,0.4197568781834918,0.0,-0.0167815712223347,-0.0994972916936001,0.0347678783475695,0.0932739200824197,0.1745529873941119,0,-1,-1
2017-04-06,0,4.403333187103272,4.406665802001953,4.309999942779541,4.316666126251221,3.727992057800293,751800,0.5141398780316008,-0.0038534458363049,-0.02365625800957,-0.1047424816035989,0.0347475987729762,0.0932215133354387,0.1744785685468951,-1,-1,-1
2017-04-07,0,4.333333015441895,4.38666582107544,4.333333015441895,4.38666582107544,3.788445234298706,121500,0.5121537893891677,0.0160859401077117,-0.00075975428684,-0.0582978533659331,0.0347317516402644,0.0931663540434069,0.174381316803215,1,0,-1
2017-04-10,0,4.403333187103272,4.406665802001953,4.353332996368408,4.383333206176758,3.785567760467529,85800,0.4886811331881039,-0.000759828104759,-0.0188327793655822,-0.0590576814706922,0.0347113416238123,0.0931129810744766,0.1742844804340798,0,-1,-1
2017-04-11,0,4.383333206176758,4.389999866485596,4.313333034515381,4.360000133514404,3.765416145324707,255900,0.5060315036046508,-0.0053374932950597,0.0061351728715877,-0.0572007726776246,0.0346913800330671,0.093058465212724,0.1741871901972122,-1,0,-1
2017-04-12,0,4.356666088104248,4.360000133514404,4.300000190734863,4.333333015441895,3.7423853874206543,606000,0.5768837946909405,-0.0061351728715877,0.0,-0.0911056716426879,0.034671596905896,0.0930036172634812,0.1741049882410338,-1,0,-1
2017-04-13,0,4.333333015441895,4.396666049957275,4.313333034515381,4.333333015441895,3.7423853874206543,296700,0.576242276482612,0.0,0.0,-0.0755356784610009,0.0346512940599515,0.0929488661809909,0.1740150682756009,0,0,-1
2017-04-17,0,4.349999904632568,4.373332977294922,4.320000171661377,4.320000171661377,3.730870962142944,475500,0.6225626827838543,-0.0030815039256106,0.0007719419106942,-0.0243911774888433,0.0346311460133735,0.0928942391926342,0.1739113776322959,0,0,-1
2017-04-18,0,4.316666126251221,4.349999904632568,4.303332805633545,4.333333015441895,3.7423853874206543,118500,0.5994974924465254,0.0030815039256105,-0.0122324942714066,-0.0560895894330525,0.0346111156459733,0.0928402513631772,0.1738143604769148,0,-1,-1
2017-04-19,0,4.356666088104248,4.570000171661377,4.333333015441895,4.416666030883789,3.814354658126831,321300,0.5994278626395971,0.0190482791128704,0.0075756129462228,-0.0762620049403311,0.0345972837435664,0.0927863852686903,0.1737252211755472,1,0,-1
2017-04-20,0,4.46999979019165,4.526666164398193,4.409999847412109,4.456665992736816,3.848899602890015,477900,0.5837206814626025,0.0090157986630669,0.0219289049043494,-0.0438986516589592,0.0345785994340322,0.0927357264672652,0.1736252150411547,1,1,-1
2017-04-24,0,4.559999942779541,4.623332977294922,4.449999809265137,4.449999809265137,3.843142747879028,487800,0.5427199712091932,-0.001496834214718,0.0265672435612191,0.0090294902799752,0.0345584880831863,0.0926867096241257,0.173522921964411,0,1,0
2017-04-25,0,4.5,4.583333015441895,4.483333110809326,4.546666145324707,3.926626205444336,405600,0.592747899106363,0.0214901294858056,0.0480573730470249,0.0177519275147951,0.0345464173334864,0.0926485213828523,0.1734222487237053,1,1,1
2017-04-26,0,4.550000190734863,4.656665802001953,4.433332920074463,4.493332862854004,3.880565881729126,528300,0.6689732199967848,-0.0117995964788367,0.0393392804937986,0.004460892540653,0.0345285575120579,0.0926053157826009,0.1733197698939746,-1,1,0
2017-04-27,0,4.493332862854004,4.493332862854004,4.269999980926514,4.333333015441895,3.759650230407715,683700,0.739967597113741,-0.0316550595601091,0.0046027170080791,-0.0316550595601091,0.0345249742764745,0.0925515675783894,0.1732182158590043,-1,0,-1
2017-04-28,0,4.336666107177734,4.493332862854004,4.336666107177734,4.466666221618652,3.8753316402435294,300900,0.691289184633448,0.0303053144750513,0.0158597523702599,0.0143514423745935,0.0345207593889502,0.0924996810782569,0.1731174606006187,1,1,0
2017-05-02,0,4.593332767486572,4.599999904632568,4.5,4.513332843780518,3.9158196449279785,827400,0.7853760469129685,0.0103934239427177,0.0172373776499109,0.0285198842035133,0.0345027099746862,0.0924482069280066,0.1730199882262837,1,1,1
2017-05-03,0,4.519999980926514,4.736666202545166,4.519999980926514,4.666666030883789,4.048853874206543,747300,0.8406763378992574,0.0334091793801549,0.0521433912447841,0.058907822632738,0.0345018233231601,0.0924130060533458,0.1729339631639123,1,1,1
2017-05-04,0,4.650000095367432,4.783332824707031,4.616665840148926,4.733333110809326,4.10669469833374,351900,0.8849311375552287,0.0141846482619166,0.044837910020895,0.0799030345096731,0.0344854053268741,0.0923731851587739,0.1728595268201942,1,1,1
2017-05-05,0,4.733333110809326,4.849999904632568,4.733333110809326,4.849999904632568,4.207916259765625,490500,0.9219737439349388,0.0243490796846607,0.0809865861843925,0.0869389172203507,0.0344756499325733,0.0923628903433511,0.1727896769482168,1,1,1
2017-05-08,0,4.849999904632568,4.933332920074463,4.789999961853027,4.900000095367432,4.2512969970703125,740100,0.9797179632605632,0.0102565371693338,0.1228981829138354,0.1275008999219143,0.0344576294235352,0.0924070942562802,0.172752413673382,1,1,1
2017-05-09,0,4.933332920074463,5.063333034515381,4.903333187103272,4.980000019073486,4.320705890655518,909300,1.0704713520928946,0.0161946773613772,0.1087875458001612,0.1436955772832916,0.0344423055845289,0.0924301806332751,0.1727311658928051,1,1,1
2017-05-10,1,5.046666145324707,5.066666126251221,4.933332920074463,5.013332843780518,4.349625587463379,4244100,1.8156969840350257,0.0066709800264038,0.1050651018838473,0.1503665573096956,0.034423297891248,0.0924479799245024,0.1727169069703077,1,1,1
2017-05-11,0,5.033332824707031,5.383333206176758,5.033332824707031,5.269999980926514,4.572312831878662,1805700,2.0898889073661246,0.049929397463619,0.1215853199673114,0.2041494006096194,0.0344454127883737,0.0924892495685075,0.1727708808445159,1,1,1
2017-05-12,0,5.333333015441895,5.516665935516357,5.333333015441895,5.400000095367432,4.685102939605713,993300,2.181928271327905,0.0243687206043906,0.1317693923097851,0.2124321811062985,0.0344356620836041,0.092546433628901,0.1728365946501652,1,1,1
2017-05-15,0,5.489999771118164,5.489999771118164,5.243332862854004,5.373332977294922,4.661965847015381,313200,2.194919234457602,-0.0049506728525043,0.10246963977262,0.2082413363585532,0.0344163203103291,0.0925600703479187,0.172895499723633,-1,1,1
2017-05-16,0,5.400000095367432,5.776666164398193,5.400000095367432,5.766665935516357,5.003225803375244,769500,2.2218710306264127,0.0706456503182649,0.1628587529215514,0.284224479971878,0.0344797527766622,0.0926738246458973,0.1730850923628018,1,1,1
2017-05-17,0,5.766665935516357,5.826665878295898,5.536665916442871,5.676665782928467,4.925141334533691,1209900,2.3514632609007475,-0.0157298935029322,0.1309341820572418,0.2746297593405336,0.0344641146707994,0.0927283583779464,0.1732547010363345,-1,1,1
2017-05-18,0,5.0,5.28000020980835,4.896666049957275,5.233333110809326,4.540500164031982,761400,2.4403547848330893,-0.0813157973053783,0.0429474047254596,0.1933139620351552,0.0345535194187213,0.0926869748758214,0.1732903756318889,-1,1,1
2017-05-19,0,5.2733330726623535,5.460000038146973,5.2733330726623535,5.449999809265137,4.728483200073242,816300,2.5196982448276617,0.0405673002846884,0.0335853075465289,0.2369627662454541,0.0345611612899428,0.0926411195746331,0.1733912068862327,1,1,1
2017-05-22,0,5.426665782928467,5.429999828338623,5.113333225250244,5.233333110809326,4.540500164031982,416400,2.464219406481482,-0.0405673002846882,-0.0313507133425499,0.1933139620351552,0.0345684080009717,0.0925938303494642,0.1734259060171591,-1,-1,1
2017-05-23,0,5.199999809265137,5.426665782928467,5.173333168029785,5.366665840148926,4.656181335449219,319200,2.35630475367284,0.0251584820136778,-0.0012415584763676,0.1994241649359627,0.0345592824872237,0.0925408451677511,0.1734685619220975,1,0,1
2017-05-24,0,5.449999809265137,5.556665897369385,5.366665840148926,5.5,4.771863460540772,476400,1.641151991181772,0.0245412349108162,-0.0473459738838163,0.2149496011837122,0.0345496447478185,0.0925013263821665,0.1735330860297107,1,-1,1
2017-05-25,0,5.526666164398193,5.72666597366333,5.403333187103272,5.606666088104248,4.864408493041992,667200,1.4197752302027475,0.0192082328833308,-0.0124078474975533,0.2356546682817611,0.0345361552962097,0.0924493389249245,0.1736292310209825,1,-1,1
2017-05-26,0,5.659999847412109,5.926665782928467,5.623332977294922,5.833333015441895,5.0610671043396,392700,1.3019787771161346,0.039632227168872,0.1085401769766973,0.2537967659648276,0.0345424401416571,0.0924703438931365,0.1737551043580415,1,1,1
2017-05-29,0,5.833333015441895,5.833333015441895,5.833333015441895,5.833333015441895,5.0610671043396,0,1.2374690555389791,0.0,0.0679728766920089,0.2655963624436642,0.0345228749211616,0.0924467157658103,0.1739009957131541,0,1,1
2017-05-30,0,5.570000171661377,5.683332920074463,5.496665954589844,5.666666030883789,4.916464805603027,362400,1.1460917189136863,-0.0289876144634979,0.0795525625131993,0.2682638075402755,0.0345170614301587,0.0924336634465668,0.1740507008771317,-1,1,1
2017-05-31,0,5.639999866485596,5.703332901000977,5.403333187103272,5.433332920074463,4.714022636413574,507300,0.9884762295527818,-0.0420481303304356,0.0123459501690857,0.1959103627347885,0.0345263658029387,0.0923821525978317,0.1740850918959264,-1,1,1
2017-06-01,0,5.460000038146973,5.639999866485596,5.323332786560059,5.566666126251221,4.829704284667969,318900,0.903783957958232,0.0242436346268247,0.0120483498850943,0.2097605734188956,0.0345165712356055,0.0923306811625145,0.1741382258880978,1,1,1
2017-06-02,0,5.566666126251221,5.570000171661377,5.426665782928467,5.550000190734863,4.815244197845459,227700,0.7816932105310369,-0.0029984810562358,-0.0101583640544725,0.1733529129825046,0.0344972466654981,0.0922788934493154,0.1741434004210074,0,-1,1
2017-06-05,0,5.486666202545166,5.486666202545166,5.360000133514404,5.413332939147949,4.696670055389404,172200,0.7338940226503334,-0.0249330012687413,-0.074723592492086,0.1342352634518466,0.0344878787633629,0.092260368220234,0.17410719393019,-1,-1,1
2017-06-06,0,5.406665802001953,5.50666618347168,5.326665878295898,5.483333110809326,4.757403373718262,195900,0.7094055453880025,0.0128482509169417,-0.0618753415751442,0.1227344346841275,0.0344712188350194,0.0922311533115234,0.1740607705945224,1,-1,1
2017-06-07,0,5.5233330726623535,5.666666030883789,5.519999980926514,5.596665859222412,4.855732440948486,478800,0.7116856735924285,0.0204579439120335,-0.0124297831996128,0.1329358414268271,0.0344587369470882,0.0921798736738303,0.174023255211602,1,-1,1
2017-06-08,0,5.596665859222412,5.596665859222412,5.46999979019165,5.593332767486572,4.852839946746826,171900,0.6051509938629649,-0.0005958639791177,0.0290224831517049,0.1161453000863321,0.0344393986346353,0.0921332468583257,0.173971360538181,0,1,1
2017-06-09,0,5.593332767486572,5.646666049957275,5.533332824707031,5.619999885559082,4.875977039337158,218400,0.5643911458257046,0.0047564130856839,0.0095352616105641,0.1142307331456122,0.0344204701663131,0.0920819342978054,0.1739179482589817,1,1,1
2017-06-12,0,5.616665840148926,5.616665840148926,5.423333168029785,5.466666221618652,4.742942810058594,274200,0.6218490346882852,-0.0276627136285531,-0.0151289709617531,0.0366386220534401,0.0344135580363755,0.0920313506462129,0.1738237363621942,-1,-1,1
2017-06-13,0,5.47333288192749,5.566666126251221,5.406665802001953,5.566666126251221,4.829704284667969,271200,0.6009995912046715,0.0181274520179889,0.0279314823249773,0.0303973534670386,0.0343997089156091,0.0919845745055409,0.1737281214157012,1,1,1
2017-06-14,0,5.516665935516357,5.590000152587891,5.46999979019165,5.590000152587891,4.849948883056641,230100,0.5446490727280742,0.004182924234152,0.0192661556421875,0.0395309505536948,0.0343807824087798,0.0919353037238012,0.1736350229806101,1,1,1
2017-06-15,0,5.590000152587891,5.590000152587891,5.590000152587891,5.590000152587891,4.849948883056641,0,0.4766020095875474,0.0,-0.001191788269846,-0.0311146997645701,0.0343615914706962,0.0918837001221355,0.1735381519189755,0,0,-1
2017-06-16,0,5.539999961853027,5.666666030883789,5.449999809265137,5.666666030883789,4.916464805603027,213900,0.4746227380500524,0.0136215714694589,0.0130256471787306,-0.001763234792179,0.0343454791141503,0.0918333175532298,0.1734390926798582,1,1,0
2017-06-19,0,5.666666030883789,5.670000076293945,5.5,5.5,4.771863460540772,337800,0.5101074436536753,-0.029852845588705,-0.0215836114956583,0.0496997169244941,0.0343407178982869,0.0917845651962591,0.1733497470549611,-1,-1,1
2017-06-20,0,5.440000057220459,5.496665954589844,5.316666126251221,5.316666126251221,4.6128010749816895,748200,0.6214133171197403,-0.0339016102534763,-0.0278225081205816,-0.0247691936136704,0.0343400972526802,0.0917377190744077,0.1732523900092852,-1,-1,-1
2017-06-21,0,5.316666126251221,5.353332996368408,5.050000190734863,5.186666011810303,4.500011444091797,1419900,0.8009927433207927,-0.0247553410406263,-0.070705301179197,-0.0089572343696085,0.0343308080325413,0.0917163081424477,0.1731538847640426,-1,-1,0
2017-06-22,0,5.153333187103272,5.22666597366333,5.086666107177734,5.150000095367432,4.468199729919434,283200,0.8200431385628055,-0.0070943573870834,-0.0819825828004323,-0.0412100737703698,0.0343125259375143,0.0917052386572277,0.1730599598540753,-1,-1,-1
2017-06-23,0,5.163332939147949,5.296666145324707,5.159999847412109,5.283332824707031,4.58388090133667,157200,0.8048304563424538,0.0255604151736512,-0.0564221676267812,-0.040190893507535,0.0343041944125025,0.0916728774577908,0.1729659437710614,1,-1,-1
2017-06-26,0,5.25666618347168,5.420000076293945,5.233333110809326,5.380000114440918,4.667750358581543,177000,0.7838744458678313,0.0181312359932552,-0.0519125031029849,-0.0412678903976106,0.0342905848569248,0.0916376190746227,0.1728723373182291,1,-1,-1
2017-06-27,0,5.283332824707031,5.376666069030762,5.283332824707031,5.300000190734863,4.598341464996338,130500,0.7525178534638854,-0.0149815462912481,-0.037041203805528,-0.095881663857731,0.0342751698542669,0.0915945388498985,0.1728018455787962,-1,-1,-1
2017-06-28,0,5.286665916442871,5.316666126251221,5.110000133514404,5.233333110809326,4.540500164031982,174300,0.7381783288738287,-0.0126585131189661,-0.0157981066710178,-0.1085401769766973,0.034258750677727,0.0915449678667914,0.1727395175773663,-1,-1,-1
2017-06-29,0,5.233333110809326,5.400000095367432,5.173333168029785,5.396666049957275,4.682209968566895,198300,0.7791994878097206,0.0307330397024879,0.0396902740720964,-0.0488195228107112,0.034255199843196,0.0915041863802417,0.1726482970926773,1,1,-1
2017-06-30,0,5.396666049957275,5.519999980926514,5.396666049957275,5.460000038146973,4.737159252166748,255600,0.7862324684634069,0.0116674281811118,0.0584520596402919,0.0048960357008361,0.034238547320677,0.0914748201627499,0.1725511341427425,1,1,0
2017-07-03,0,5.519999980926514,5.519999980926514,5.366665840148926,5.429999828338623,4.711130619049072,108600,0.7376199545209271,-0.0055097164287517,0.027381928037889,-0.0248573153547403,0.0342201566823371,0.0914289934794714,0.1724551785010668,-1,1,-1
2017-07-04,0,5.4466657638549805,5.616665840148926,5.366665840148926,5.563333034515381,4.826812267303467,484200,0.6883955984983958,0.0242583379832623,0.0335090300278959,0.0023995036847578,0.0342108729250237,0.0913855543008533,0.1723582093817353,1,1,0
2017-07-05,0,5.653333187103272,5.663332939147949,5.539999961853027,5.576665878295898,4.838379859924316,55500,0.4179628561951515,0.0023936612933778,0.0508842376125222,0.029726166246877,0.0341921696583031,0.0913512075800994,0.1722650910267522,0,1,1
2017-07-06,0,5.566666126251221,5.599999904632568,5.53000020980835,5.53000020980835,4.7978925704956055,181800,0.4005937059946666,-0.0084031513149292,0.0551395994165593,0.0084747640150062,0.034174507421312,0.0913196514086593,0.1721688417141633,-1,1,0
2017-07-07,0,5.526666164398193,5.590000152587891,5.143332958221436,5.176665782928467,4.491335391998291,276600,0.4236436331730851,-0.0660267014565885,-0.0416201417425173,-0.0780098813536158,0.0342253891638554,0.0912793935669008,0.1720897668437343,-1,-1,-1
2017-07-10,0,5.206665992736816,5.333333015441895,5.179999828338623,5.266665935516357,4.569420337677002,160500,0.4195436545030997,0.0172362838561158,-0.0360512860675134,-0.0601777335183822,0.0342114853543133,0.0912366274198684,0.1720033127149549,1,-1,-1
2017-07-11,0,5.269999980926514,5.316666126251221,5.246665954589844,5.316666126251221,4.6128010749816895,150600,0.4237233545354272,0.0094489248549312,-0.0210926447838303,-0.0554852217491347,0.0341942375800832,0.0911889114442167,0.1719153647441162,1,-1,-1
2017-07-12,0,5.333333015441895,5.460000038146973,5.326665878295898,5.400000095367432,4.685102939605713,504900,0.4932684409456933,0.0155526066715319,-0.0297983760955605,-0.0122699014490496,0.0341794800462911,0.0911438524693817,0.1718193710528512,1,-1,0
2017-07-13,0,5.416666030883789,5.416666030883789,5.276666164398193,5.276666164398193,4.578096866607666,404100,0.5339822984820045,-0.023104507156043,-0.0552965445449815,-0.0535018606230816,0.034169247199637,0.0911116562288672,0.1717310691664966,-1,-1,-1
2017-07-14,0,5.316666126251221,5.496665954589844,5.316666126251221,5.47333288192749,4.748726844787598,181800,0.5186294720135708,0.0365931689824109,-0.0103002242476415,-0.0210916158748228,0.0341721336760013,0.0910622216304722,0.1716360685504367,1,-1,-1
2017-07-17,0,5.5,5.5,5.413332939147949,5.449999809265137,4.728483200073242,70500,0.5107533153853523,-0.0042720748842294,0.0514544023247176,-0.0253636907590522,0.0341537925770405,0.0910288225349992,0.1715417349635522,-1,1,-1
2017-07-18,0,5.486666202545166,5.583333015441895,5.383333206176758,5.383333206176758,4.670642375946045,112800,0.4307729381766165,-0.0123078586019195,0.0219102598666823,-0.0512931208304305,0.0341375733898356,0.0909821259893768,0.1714531841806695,-1,1,-1
2017-07-19,0,5.456665992736816,5.456665992736816,5.276666164398193,5.276666164398193,4.578096866607666,80400,0.4351710960810314,-0.020013235496262,-0.007551900484511,-0.0414535107379874,0.0341253080681411,0.0909326662357998,0.171362125099127,-1,0,-1
2017-07-20,0,5.276666164398193,5.333333015441895,5.233333110809326,5.25,4.55496072769165,205800,0.4380496590418021,-0.0050664715879649,-0.028170978744008,-0.0126183720724759,0.0341071615800918,0.0908874976980323,0.1712670870579225,-1,-1,0
2017-07-21,0,5.25,5.356666088104248,5.25,5.346665859222412,4.638829231262207,105600,0.4048060677507505,0.0182451046785394,0.0131786330905745,0.0303820736466897,0.0340940386019546,0.0908391109058496,0.1711760667891466,1,1,1
2017-07-24,0,5.353332996368408,5.389999866485596,5.193333148956299,5.303332805633545,4.601233005523682,216900,0.4164970113302446,-0.0081377012946867,-0.0315522371865231,0.0293387297390863,0.0340765820687728,0.0907952670094225,0.1710849561018751,-1,-1,1
2017-07-25,0,5.25666618347168,5.28000020980835,5.216666221618652,5.28000020980835,4.580989360809326,75600,0.4011059382837,-0.0044093198149542,-0.031689482117248,-0.0006310052495189,0.0340584264817198,0.090751535666215,0.1709902573897912,-1,-1,0
2017-07-26,0,5.25,5.266665935516357,5.203332901000977,5.216666221618652,4.526040077209473,60600,0.308713544460095,-0.0120675903844664,-0.0314492138997949,-0.0308298316272406,0.0340422659548818,0.0907077779094597,0.170897831355787,-1,-1,-1
2017-07-27,0,5.21999979019165,5.493332862854004,5.216666221618652,5.493332862854004,4.766078948974609,226200,0.2746093590499175,0.0516765415209532,0.0402405631174201,0.0358282561849607,0.0340664478807956,0.0906686721124855,0.170808752498399,1,1,1
2017-07-28,0,5.456665992736816,5.659999847412109,5.456665992736816,5.583333015441895,4.844164371490479,255000,0.2910421432972486,0.0162508145449916,0.0615578492503769,0.0647375838489188,0.0340523002144525,0.0906428147052523,0.1707301106421442,1,1,1
2017-07-31,0,5.583333015441895,5.663332939147949,5.566666126251221,5.663332939147949,4.913573265075684,203100,0.3204042529372568,0.0142266715611032,0.0575394161329407,0.0482312157075339,0.0340371871479074,0.0906140570664102,0.17064504286854,1,1,1
2017-08-01,0,5.653333187103272,5.653333187103272,5.340000152587891,5.340000152587891,4.63304615020752,241500,0.3465607537354059,-0.0587868621062064,0.006890255321421,-0.0222230745797843,0.034073306777824,0.0905653614550596,0.1705520347892073,-1,0,-1
2017-08-02,0,5.366665840148926,5.550000190734863,5.303332805633545,5.426665782928467,4.708238124847412,383700,0.4101137064978314,0.0160991993106213,0.0273987744469965,-0.0006141588404112,0.0340591378025969,0.0905211281169878,0.1704582514633588,1,1,0
2017-08-03,0,5.449999809265137,5.563333034515381,5.433332920074463,5.563333034515381,4.826812267303467,153600,0.4014537001000793,0.0248724968236735,0.0643388616551366,0.0,0.034050680255186,0.0904974853384986,0.1703646402922991,1,1,0
2017-08-04,0,5.563333034515381,5.616665840148926,5.496665954589844,5.496665954589844,4.768970966339111,411600,0.4665342553730041,-0.0120557124123844,0.000606607721799,-0.0144493737057623,0.0340346628587909,0.0904486698880928,0.1702714131245574,-1,0,0
2017-08-07,0,5.533332824707031,5.599999904632568,5.329999923706055,5.460000038146973,4.737159252166748,411300,0.5085231489008587,-0.006692909142126,-0.0223371159653188,-0.0127391315329593,0.0340171023309775,0.0904027184336557,0.1701782416390778,-1,-1,0
2017-08-08,0,5.433332920074463,5.566666126251221,5.420000076293945,5.539999961853027,4.806568145751953,146400,0.5243115730261046,0.0145457040979788,-0.0220180834284432,0.0678332740216079,0.0340022645542724,0.0903567550420693,0.1701019732151925,1,-1,1
2017-08-09,0,5.546666145324707,5.546666145324707,5.433332920074463,5.546666145324707,4.812351703643799,70200,0.5271192262313792,0.0012025380561155,0.0379713167338786,0.0517995282216076,0.0339841030390793,0.0903170639376197,0.1700191519029117,0,1,1
2017-08-10,1,5.46999979019165,5.5233330726623535,5.393332958221436,5.46999979019165,4.745834827423096,122100,0.5050897299944891,-0.0139185293853399,0.0079535880379173,0.0284320739813364,0.0339689477659931,0.0902689880308664,0.1699297315288009,-1,0,1
2017-08-11,0,5.510000228881836,5.583333015441895,5.413332939147949,5.583333015441895,4.844164371490479,1140900,0.6946895406619229,0.0205074031965644,0.0035884944108083,0.0333868705063688,0.0339574873948396,0.090220654992806,0.1698415813610103,1,0,1
2017-08-14,0,5.599999904632568,5.716666221618652,5.539999961853027,5.596665859222412,4.855732440948486,810600,0.8244978148049762,0.0023851954646677,0.0180294022878604,0.0588765731270797,0.0339394772400196,0.0901743662862561,0.1697618582139101,0,1,1
2017-08-15,0,5.596665859222412,5.646666049957275,5.466666221618652,5.579999923706055,4.841272354125977,156000,0.8084317855696257,-0.0029823843230292,0.0217399271069571,0.0193010198216394,0.0339215322279771,0.0901290523669444,0.1696711843683724,0,1,1
2017-08-16,0,5.599999904632568,5.603332996368408,5.50666618347168,5.566666126251221,4.829704284667969,160200,0.762800347528383,-0.0023923281809686,0.0048018948280098,0.0211807665249001,0.0339035675129465,0.0900810162973564,0.1695809531876636,0,0,1
2017-08-17,0,5.519999980926514,5.559999942779541,5.486666202545166,5.496665954589844,4.768970966339111,300600,0.7933803314650476,-0.0126546897838625,-0.0090553330119681,0.020833935342957,0.0338880219978678,0.0900333057746741,0.1694908091890718,-1,-1,1
2017-08-18,0,5.489999771118164,5.550000190734863,5.333333015441895,5.550000190734863,4.815244197845459,4047000,1.5676230110175915,0.0096562087276266,0.0145194051009982,0.0505033795668458,0.0338715201448618,0.0899866074478808,0.1694084207143938,1,1,1
2017-08-21,0,5.563333034515381,5.766665935516357,5.480000019073486,5.656665802001953,4.9077887535095215,1652700,1.8398968899612904,0.019036724637623,0.0130487265420567,0.0746065757924336,0.0338592792388762,0.0899397310632983,0.1693364671864538,1,1,1
2017-08-22,0,5.730000019073486,5.820000171661377,5.730000019073486,5.763332843780518,5.000334739685059,735600,1.9713157634388807,0.018681373465064,0.0293449045424532,0.0750428445789583,0.033846837453456,0.0898971294665551,0.1692648165486751,1,1,1
2017-08-23,0,5.766665935516357,5.849999904632568,5.746665954589844,5.766665935516357,5.003225803375244,1174800,2.216076165594882,0.0005780069522707,0.0329052958177534,0.083758552825916,0.0338289304973952,0.0898559212435766,0.1691979014728175,0,1,1
2017-08-24,0,5.776666164398193,6.163332939147949,5.7733330726623535,6.163332939147949,5.347379207611084,1110300,2.452785315116711,0.0665237080648009,0.1018213320635229,0.1546915807056712,0.0338801835946403,0.0898700478481581,0.1691868875824384,1,1,1
2017-08-25,0,6.166666030883789,6.233333110809326,6.036665916442871,6.166666030883789,5.350270748138428,879900,2.416601005038777,0.0005405936088249,0.1150166154562105,0.1672997646989626,0.0338622949124145,0.0899009524301084,0.1691889803293596,0,1,1
2017-08-28,0,6.143332958221436,6.283332824707031,6.099999904632568,6.230000019073486,5.405220031738281,1494600,2.59962404718134,0.0102179924312415,0.1155783991598253,0.1258412156092508,0.0338460488463555,0.0899323795136378,0.169151177772206,1,1,1
2017-08-29,0,6.2133331298828125,6.230000019073486,6.103332996368408,6.230000019073486,5.405220031738281,430200,2.668991874383806,0.0,0.0965416745222024,0.1095904010642592,0.0338282116813222,0.0899397719496107,0.1691007859272865,0,1,1
2017-08-30,0,6.230000019073486,6.230000019073486,6.066666126251221,6.159999847412109,5.344486713409424,367200,2.721513079430315,-0.0112996504891704,0.0665606505679677,0.0840640790139855,0.0338123994176121,0.0899182696751783,0.1690341161525681,-1,1,1
2017-08-31,0,6.166666030883789,6.47333288192749,6.073332786560059,6.233333110809326,5.408112049102783,653400,2.814297679921463,0.0118345489666861,0.077817192582383,0.154685490086878,0.0337967866067542,0.0899062967931758,0.1690226049623427,1,1,1
2017-09-01,0,6.22333288192749,6.286665916442871,6.133333206176758,6.133333206176758,5.321351051330566,484800,2.067309411615136,-0.0161728295359007,-0.0048793450183186,0.1224134612403559,0.0337831102718127,0.0898589599543038,0.1689819044396986,-1,0,1
2017-09-04,0,6.126666069030762,6.163332939147949,5.96999979019165,6.099999904632568,5.292430877685547,326100,1.785203878692652,-0.0054495646152177,-0.0108695032423614,0.0920913998014644,0.0337658446223247,0.0898122568983167,0.1689199515395106,-1,-1,1
2017-09-05,0,6.113333225250244,6.163332939147949,5.993332862854004,6.0,5.205669403076172,319800,1.6962468699157631,-0.0165293620165105,-0.0376168576901134,0.0876177501973383,0.0337523864710583,0.0897732518314807,0.168855414560798,-1,-1,1
2017-09-06,0,6.050000190734863,6.550000190734863,6.043333053588867,6.550000190734863,5.68285608291626,1309200,1.76526647845161,0.0877056363577819,0.0500887786676685,0.1820162956972465,0.0338537792159496,0.089740672998374,0.1688732675620065,1,1,1
2017-09-07,0,6.550000190734863,6.550000190734863,6.550000190734863,6.550000190734863,5.68285608291626,0,1.5029559941046453,0.0,0.061388429156839,0.1674705915992676,0.0338360687416336,0.0897154837353419,0.1688745246899069,0,1,1
2017-09-08,0,6.606666088104248,6.856666088104248,6.583333015441895,6.690000057220459,5.8043212890625,312300,1.3750517519902328,0.0211487521238811,0.0707026323140338,0.1874168056670333,0.033825233086027,0.0896974749357483,0.1688982627364663,1,1,1
2017-09-11,0,6.690000057220459,6.75,6.583333015441895,6.706665992736816,5.818780899047852,895800,1.2484214991408904,0.0024880823055238,0.0893635441554585,0.2038234173578971,0.0338076618803438,0.089696846201624,0.1689421945982754,0,1,1
2017-09-12,0,6.666666030883789,6.716666221618652,6.566666126251221,6.566666126251221,5.697315692901611,210000,1.1985461777703683,-0.0210956394366613,0.073717469334015,0.1622203747246712,0.0337969604818509,0.0896812840919512,0.1689372032583791,-1,1,1
2017-09-13,0,6.583333015441895,6.916666030883789,6.583333015441895,6.900000095367432,5.986519813537598,1001400,1.3767013832036998,0.0495151110246329,0.1397619423751586,0.2093502902846366,0.0338169637391738,0.0897475866953937,0.1689877323056763,1,1,1
2017-09-14,0,6.883333206176758,7.130000114440918,6.883333206176758,7.103332996368408,6.162933826446533,240900,1.286174340947719,0.0290426908192716,0.0810989968366484,0.2413753654269376,0.0338122096264493,0.0897384304071496,0.1690835420845779,1,1,1
2017-09-15,0,7.130000114440918,7.483333110809326,7.130000114440918,7.400000095367432,6.42032527923584,602100,1.342985949406696,0.0409158482743481,0.1220148451109964,0.2846835418822544,0.0338201310965668,0.0897772446128178,0.1692505455284468,1,1,1
2017-09-18,0,7.403333187103271,7.579999923706055,7.156665802001953,7.443333148956299,6.457921504974365,439800,1.3922181212118876,0.0058387346003877,0.1067048275875033,0.3031769662665047,0.0338030528269869,0.0897955860430735,0.1694506355197186,1,1,1
2017-09-19,0,7.493332862854004,7.570000171661377,7.340000152587891,7.466666221618652,6.478166103363037,1335600,1.7009304739744824,0.0031299440029902,0.1073466892849698,0.2966507015418684,0.0337856457701617,0.0898145401995685,0.1696371995688425,0,1,1
2017-09-20,0,7.486666202545166,7.550000190734863,7.266665935516357,7.5,6.507086753845215,285300,1.4542455197657858,0.004454391242053,0.1328967199636841,0.2820683681462987,0.0337684106423237,0.0898685715365401,0.1697962439274766,1,1,1
2017-09-21,0,7.4633331298828125,7.630000114440918,7.436666011810303,7.480000019073486,6.489734172821045,298500,1.5398320795450864,-0.0026702824379892,0.0807113265010618,0.2607167122432452,0.0337510559458779,0.0898584627065638,0.1699182113229183,0,1,1
2017-09-22,0,7.513332843780518,7.513332843780518,7.286665916442871,7.316666126251221,6.348024368286133,126300,1.4951681267605523,-0.022077928982224,0.029590706699566,0.2380607763087503,0.0337412126923467,0.0898164098363722,0.1700043116212262,-1,1,1
2017-09-25,0,7.28000020980835,7.28000020980835,7.053332805633545,7.150000095367432,6.203423023223877,327900,1.3547453293101814,-0.0230424011716133,-0.0343675427463953,0.1484946670723361,0.0337320427317663,0.0897770805766003,0.1699826258981474,-1,-1,1
2017-09-26,0,7.133333206176758,7.449999809265137,7.066666126251221,7.283332824707031,6.319103717803955,171600,1.3497936207366368,0.0184761410790338,-0.0217301362677493,0.1664302145425449,0.0337197537940053,0.0897335347800759,0.1699782906113166,1,-1,1
2017-09-27,0,7.349999904632568,7.349999904632568,7.096665859222412,7.099999904632568,6.160041809082031,317100,1.1712343253659745,-0.0254938165876036,-0.0503538968583434,0.1307184055236998,0.0337124472764216,0.0897023408794452,0.1699410769545776,-1,-1,1
2017-09-28,0,7.099999904632568,7.373332977294922,6.953332901000977,7.373332977294922,6.397189140319824,214200,1.1661812328411842,0.0377751323543874,-0.0170331557460091,0.1684935378780871,0.033716669706724,0.0896577963094276,0.1699386013832916,1,-1,1
2017-09-29,0,7.420000076293945,7.766665935516357,7.420000076293945,7.699999809265137,6.680609226226807,657300,1.1893976910868722,0.0433504878554822,0.0289876145474624,0.2231436762227398,0.0337276958261281,0.0896159129095844,0.1700017438847436,1,1,1
2017-10-02,0,7.706665992736816,7.829999923706055,7.5833330154418945,7.733333110809326,6.709529399871826,531000,1.221321300532583,0.0043196294559006,0.055385172985587,0.2156287567119545,0.0337106118822666,0.0895865775291909,0.1700542956976519,1,1,1
2017-10-03,0,7.776666164398193,7.966666221618652,7.7733330726623535,7.949999809265137,6.897511959075928,245700,0.9139319712071168,0.0276319465586019,0.1060595207158022,0.2594335328064571,0.0337047092381903,0.0896036512398173,0.1701701331625131,1,1,1
2017-10-04,0,8.0,8.229999542236328,8.0,8.100000381469727,7.02765417098999,3753000,1.9971725825824704,0.0186922008636949,0.1062755805004633,0.2835752982853697,0.0336925746018168,0.0896208167246086,0.1703252637039209,1,1,1
2017-10-05,0,8.286665916442871,8.313332557678223,7.933332920074463,8.066665649414062,6.998732566833496,585900,2.0927522429177725,-0.0041238910184011,0.1276455060696659,0.2959807692834791,0.0336756070879085,0.0896661557574962,0.170501319827576,-1,1,1
2017-10-06,0,8.050000190734863,8.09666633605957,7.8333330154418945,7.996665954589844,6.937999725341797,794400,2.3008349591981023,-0.0087155618206641,0.0811548118946144,0.199559571105033,0.0336596018758848,0.089656377811811,0.1705313300615855,-1,1,1
2017-10-09,0,7.996665954589844,7.996665954589844,7.816666126251221,7.816666126251221,6.781829833984375,183900,2.266067971515623,-0.02276655640234,0.0150377676367921,0.1767930147026929,0.0336504559503376,0.0896113284923341,0.1705351575991295,-1,1,1
2017-10-10,0,7.929999828338623,7.989999771118164,7.836666107177734,7.866665840148926,6.825210571289063,390900,2.3360335414080997,0.0063762409735092,0.0170943791544005,0.1620205035523211,0.0336338323458416,0.0895666873602387,0.1705237274056779,1,1,1
2017-10-11,0,7.906665802001953,8.016666412353516,7.716666221618652,7.900000095367432,6.854131698608398,577200,2.4245214552838865,0.0042284445904724,-0.0063091228137289,0.1637608658372695,0.0336169055187079,0.0895211044775095,0.1705138598826949,1,0,1
2017-10-12,0,7.900000095367432,7.900000095367432,7.900000095367432,7.900000095367432,6.854131698608398,0,2.363981376147437,0.0,-0.0250013236774238,0.1848565052739308,0.033599768282366,0.089479284958523,0.1705258940014273,0,-1,1
2017-10-13,0,8.00333309173584,8.100000381469727,7.806665897369385,8.100000381469727,7.02765417098999,229200,2.2411397139313927,0.0250013236774238,0.0041238910184012,0.1603427179267217,0.0335919165809334,0.0894335169768711,0.170512386507321,1,0,1
2017-10-16,0,8.103333473205566,8.109999656677246,7.639999866485596,7.666666030883789,6.651688098907471,894300,2.346548417332295,-0.0549822898858938,-0.0421428370468284,0.0763177372215563,0.0336210430691861,0.0893987122699666,0.1704399311484506,-1,-1,1
2017-10-17,0,7.670000076293945,7.690000057220459,7.400000095367432,7.5,6.507086753845215,360000,2.3751702268398183,-0.0219788191017768,-0.0413550997462651,0.0134230698454312,0.0336114126762022,0.0893635533871333,0.1703517143212578,-1,-1,0
2017-10-18,0,7.456665992736816,7.800000190734863,7.453332901000977,7.7133331298828125,6.692177295684815,316800,1.3035761325969994,0.0280474236389433,-0.0196839170808309,0.0356317588839868,0.0336060341115661,0.0893205105477507,0.1702664765008261,1,-1,1
2017-10-19,0,7.666666030883789,7.760000228881836,7.579999923706055,7.683332920074463,6.6661481857299805,213000,1.1851418777820804,-0.0038970667294082,-0.0278094284007116,0.0286047481515882,0.0335892472645537,0.0892798680925981,0.1701801444321701,-1,-1,1
2017-10-20,0,7.736666202545166,7.763332843780518,7.630000114440918,7.699999809265137,6.680609226226807,163800,0.9899833187638398,0.0021669751999379,-0.0256424532007736,0.0263173321094731,0.0335722829013403,0.089238583845163,0.170093611074752,0,-1,1
2017-10-23,0,7.7733330726623535,7.786665916442871,7.646666049957275,7.670000076293945,6.654581069946289,331500,1.032344610985753,-0.0039036847252244,-0.0545474616034218,0.0250839298222379,0.0335555479351498,0.0892110295789108,0.1700070437625958,-1,-1,1
2017-10-24,0,7.7733330726623535,7.786665916442871,7.606666088104248,7.75,6.723989963531494,872700,1.1737256787798462,0.0103762227159462,0.0108110509984182,0.0575380815204083,0.0335401260710573,0.0891661945593322,0.1699280403188744,1,1,1
2017-10-25,0,7.75333309173584,8.0,7.666666030883789,8.0,6.940892696380615,6634200,3.0333458413311405,0.0317486739372722,0.0645385440374672,0.1123291566292937,0.0335381103316564,0.0891436151370895,0.1698761712899191,1,1,1
2017-10-26,0,8.020000457763672,8.199999809265137,8.020000457763672,8.083333015441895,7.013193607330322,524100,3.195737723136,0.0103627792448604,0.046853899643384,0.1042157947951204,0.0335227123466743,0.0891101220661848,0.169819178012598,1,1,1
2017-10-27,0,8.133333206176758,8.260000228881836,8.050000190734863,8.216666221618652,7.128875255584717,504000,3.2833137098825524,0.0163602977240567,0.067111264096849,0.1460699091067809,0.0335096907824191,0.0890894326272502,0.169792976313108,1,1,1
2017-10-30,0,8.203332901000977,8.216666221618652,8.053333282470703,8.199999809265137,7.114414691925049,537900,3.1895724492259454,-0.0020305096198041,0.0629137792771068,0.1062642671325892,0.0334928958117676,0.0890657071201713,0.1697372619025914,0,1,1
2017-10-31,0,8.233332633972168,8.233332633972168,8.053333282470703,8.133333206176758,7.056573867797852,2560500,3.884352347236998,-0.0081633183304497,0.0586541456718816,0.0547504609466572,0.0334771210455517,0.0890391211636712,0.1696577700215523,-1,1,1
2017-11-01,0,8.199999809265137,8.210000038146973,8.023332595825195,8.133333206176758,7.056573867797852,513900,3.950901627727587,0.0,0.0482779229559353,0.0504308314907564,0.033460295480559,0.0890064516646903,0.169577123539917,0,1,1
2017-11-02,0,8.133333206176758,8.133333206176758,8.133333206176758,8.133333206176758,7.056573867797852,0,3.888169662427903,0.0,0.0165292490186631,0.0227988849321545,0.0334434952596266,0.0889627748588864,0.1694911811071803,0,1,1
2017-11-03,0,8.073332786560059,8.19333267211914,7.706665992736816,8.119999885559082,7.045005798339844,717600,4.063179496497926,-0.0016406774739881,0.0045257922998148,0.0024660065944716,0.0334267753210787,0.0889179674304715,0.1694043389300378,0,0,0
2017-11-06,0,8.19666576385498,8.19666576385498,7.816666126251221,8.0,6.940892696380615,666900,4.170224799128176,-0.014888571544675,-0.0267230769689171,-0.0082986739318022,0.033413478179987,0.088877769542746,0.1693180955986561,-1,-1,0
2017-11-07,0,8.0,8.0,7.7733330726623535,7.966666221618652,6.9119720458984375,1338300,4.319656281735384,-0.0041754096408512,-0.0288679769899642,-0.0037585217519893,0.0333970478400379,0.0888383412206118,0.1692317026837065,-1,-1,0
2017-11-08,0,7.906665802001953,8.066665649414062,7.846665859222412,8.066665649414062,6.998732566833496,444900,2.422815113796785,0.0124740835726534,-0.0082305750868609,0.0314821182230042,0.0333825714421169,0.0887942431586056,0.1691474909599055,1,0,1
2017-11-09,0,8.050000190734863,8.050000190734863,7.786665916442871,7.866665840148926,6.825210571289063,379500,2.3748590982505844,-0.0251058772494949,-0.0333364523363559,0.0,0.0333755357358345,0.0887565819135576,0.1690612236789807,-1,-1,0
2017-11-10,0,7.836666107177734,7.836666107177734,7.633333206176758,7.75,6.723989963531494,329400,2.3139747210359776,-0.0149414706195794,-0.0482779229559353,-0.0191699152100518,0.0333623316774587,0.0887261286403729,0.1689766862085663,-1,-1,-1
2017-11-13,1,7.706665992736816,7.763332843780518,7.50666618347168,7.639999866485596,6.628551959991455,261000,2.2213366304797573,-0.0142953498092999,-0.0609325952912473,-0.0334652650193518,0.0333488549748948,0.0887037227424739,0.1688949050660961,-1,-1,-1
2017-11-14,0,7.7133331298828125,7.7133331298828125,7.186666011810303,7.50333309173584,6.509978771209717,1800600,1.94094315735449,-0.0180501778380558,-0.064094201584628,-0.0765167665348315,0.0333372321391707,0.0886835949890879,0.1688285780692227,-1,-1,-1
2017-11-15,0,7.50333309173584,7.50333309173584,7.50333309173584,7.50333309173584,6.509978771209717,0,1.7807268063605028,0.0,-0.0599187919437768,-0.0215344766489377,0.0333206430158909,0.0886604686411062,0.168744746562199,0,-1,-1
2017-11-16,0,7.466666221618652,7.800000190734863,7.336666107177734,7.666666030883789,6.651688098907471,767700,2.00633649379031,0.0215344766489377,-0.0508583988674925,0.0219788191017768,0.0333108534782009,0.0886315469379677,0.1686600311709238,1,-1,1
2017-11-17,0,7.563333034515381,7.769999980926514,7.556665897369385,7.769999980926514,6.741342067718506,442500,1.914773735073288,0.0133883530288221,-0.0123641685891753,0.0073197484916555,0.033296886662967,0.0885883662375583,0.1685745133291223,1,-1,0
2017-11-20,0,7.769999980926514,7.769999980926514,7.769999980926514,7.769999980926514,6.741342067718506,0,1.710265700786509,0.0,0.002577302030404,0.0112168152210638,0.0332803671781343,0.0885442022519323,0.1684892464756845,0,0,0
2017-11-21,0,7.769999980926514,7.906665802001953,7.656665802001953,7.856666088104248,6.816534519195557,810000,1.5455196648903855,0.0110921827536766,0.0279648345933807,0.0201420227748024,0.0332656210328818,0.0885040826007824,0.1684047291141178,1,1,1
2017-11-22,0,7.860000133514404,8.0600004196167,7.826665878295898,8.050000190734863,6.984273433685303,309000,1.5033006125689032,0.0243097615192522,0.0703247739506888,0.0483554690192793,0.033257750971822,0.0884867587484218,0.1683254395860845,1,1,1
2017-11-23,0,8.010000228881836,8.036665916442871,7.903333187103271,7.996665954589844,6.937999725341797,213900,1.4544308519916564,-0.0066474602549228,0.0636773136957662,0.0313317860484101,0.0332420129884617,0.0884645199974708,0.1682426183637036,-1,1,1
2017-11-24,0,7.966666221618652,8.283332824707031,7.966666221618652,8.266666412353516,7.172255516052246,895800,1.6404334106646794,0.0332066730378299,0.0753495100846584,0.032789785148968,0.0332416900351947,0.0884511824461461,0.168160162726888,1,1,1
2017-11-27,0,8.266666412353516,8.5,8.140000343322754,8.203332901000977,7.117307186126709,837600,1.8273805670894283,-0.0076907323069157,0.0542704247489203,0.0147362735971918,0.0332262282697987,0.0884228671363904,0.168075714370816,-1,1,0
2017-11-28,0,8.233332633972168,8.600000381469727,8.233332633972168,8.600000381469727,7.461459636688232,1022400,1.6465362474272152,0.0472216071399067,0.1014920318888271,0.0455975830130418,0.0332424799010108,0.088434897777342,0.1679961860626059,1,1,1
2017-11-29,0,8.65999984741211,8.806666374206543,8.470000267028809,8.600000381469727,7.461459636688232,503700,1.8125828795438728,0.0,0.0903998491351505,0.0476280926328459,0.0332261020503554,0.0884351027619231,0.1679172844670924,0,1,1
2017-11-30,0,8.543333053588867,8.600000381469727,8.449999809265137,8.600000381469727,7.461459636688232,482700,1.7460970938863725,0.0,0.0660900876158981,0.0557914109632957,0.0332097483829131,0.0884144539955295,0.1678408074678905,0,1,1
2017-12-01,0,8.479999542236328,8.680000305175781,8.463333129882812,8.5,7.374698162078857,588300,1.8059838770275916,-0.0116960826182639,0.0610414652525568,0.0440953283450318,0.0331955630710433,0.0883903168029424,0.1677612465394196,-1,1,1
2017-12-04,0,8.5,8.926666259765625,8.5,8.699999809265137,7.548221111297607,683700,2.033988955272744,0.0232569468892367,0.0510917391039637,0.0673522752342686,0.0331870239276158,0.0883601698400585,0.1676889293420474,1,1,1
2017-12-05,0,8.670000076293945,8.813332557678223,8.553333282470703,8.713333129882812,7.559789180755615,207900,1.8594871827148216,0.0015313825573462,0.0603138539682258,0.070524335265603,0.0331707561746304,0.0883355721669862,0.1676179234722375,0,1,1
2017-12-06,0,8.69333267211914,8.773332595825195,8.543333053588867,8.699999809265137,7.548221111297607,1848300,2.380522710729504,-0.0015313825573462,0.0115608642709728,0.0838815242529318,0.0331545447869536,0.0882925527039848,0.1675527965394692,0,1,1
2017-12-07,0,8.699999809265137,8.746665954589844,8.550000190734863,8.633333206176758,7.490379810333252,525600,2.4888942248575683,-0.0076924158686084,0.0038684484023643,0.0803645180251746,0.0331392610518535,0.0882491095872387,0.1674861112279681,-1,0,1
2017-12-08,0,8.66333293914795,8.75666618347168,8.646665573120117,8.676666259765625,7.527976036071777,194100,2.2695924448619555,0.0050067137387007,0.0088751621410652,0.0728971481912218,0.0331233642406076,0.0882059720060162,0.1674162963279253,1,1,1
2017-12-11,0,8.653332710266113,8.75666618347168,8.543333053588867,8.699999809265137,7.548221111297607,679500,2.2328145048964365,0.0026857021299076,0.0232569468892367,0.1006887275706245,0.0331072511636965,0.0881651417123033,0.1673601458562845,0,1,1
2017-12-12,0,8.613332748413086,8.686665534973145,8.489999771118164,8.633333206176758,7.490379810333252,248400,1.977979828937681,-0.0076924158686084,-0.0076924158686084,0.1079377823215954,0.0330920364306459,0.0881224004759498,0.1673083260497802,-1,0,1
2017-12-13,0,8.633333206176758,8.833333015441895,8.533332824707031,8.833333015441895,7.663901805877685,975000,2.142066147736873,0.0229017229677765,0.0136779245418218,0.145134855098672,0.0330833837186924,0.0880799432077894,0.1672834318258917,1,1,1
2017-12-14,0,8.726666450500488,8.786665916442871,8.546666145324707,8.600000381469727,7.461459636688232,520500,2.154527062356705,-0.0267701713701409,-0.0115608642709728,0.136414861566587,0.0330781004772915,0.0880378310739161,0.1672514360100732,-1,-1,1
2017-12-15,0,8.59666633605957,8.75,8.59000015258789,8.649999618530273,7.5048394203186035,489900,2.1252831174658446,0.005797011665714,0.0019285632633497,0.142211873232301,0.0330624298173992,0.0879947492785523,0.1672240119049092,1,0,1
2017-12-18,0,8.66333293914795,9.053333282470703,8.649999618530273,8.783332824707031,7.620521545410156,2140500,2.617944405643081,0.0152967431393265,0.0122185926639752,0.1359741397226898,0.0330496301761698,0.0879523038349114,0.1671915778046773,1,1,1
2017-12-19,0,8.816665649414062,9.033332824707031,8.813332557678223,9.0,7.808504581451416,1567200,3.0891691597750794,0.0243686590358763,0.0339015495699439,0.1469544457297438,0.0330420342207127,0.0879149712647735,0.1671679531045462,1,1,1
2017-12-20,0,9.016666412353516,9.44666576385498,8.993332862854004,9.383333206176758,8.141088485717773,1587300,3.0437058306519296,0.0417104210070186,0.0833043864455709,0.1886648667367624,0.0330510566773344,0.087908640170639,0.1671843190430731,1,1,1
2017-12-21,0,9.363332748413086,9.496665954589844,9.3100004196167,9.399999618530272,8.155549049377441,866700,3.182056952026046,0.001774668844878,0.0621773323226726,0.1793473528279638,0.0330350507909176,0.0878857343625574,0.1671906328524312,0,1,1
2017-12-22,0,9.393333435058594,9.489999771118164,9.136666297912598,9.333333015441896,8.097707748413086,923400,3.4478598485907512,-0.0071175329187204,0.0818299707740927,0.147920058389991,0.0330198761950254,0.0878780073996754,0.1671674750366101,-1,1,1
2017-12-25,0,9.333333015441896,9.333333015441896,9.333333015441896,9.333333015441896,8.097707748413086,0,3.221255415846008,0.0,0.0760329591083788,0.1545675186449137,0.0330038924051234,0.0878653143099834,0.167149939502119,0,1,1
2017-12-26,0,9.233332633972168,9.34000015258789,9.229999542236328,9.233332633972168,8.010946273803711,1710300,3.7443795717384702,-0.0107721369474875,0.0499640790215649,0.1105887086595962,0.0329897637388707,0.0878351216538046,0.1670995292698665,-1,1,1
2017-12-27,0,9.283332824707031,9.399999618530272,9.233332633972168,9.233332633972168,8.010946273803711,304800,3.5221246759674614,0.0,0.0255954199856886,0.1182794409665119,0.0329738252595504,0.0877954370232902,0.1670540412195582,0,1,1
2017-12-28,0,9.233332633972168,9.5,9.223333358764648,9.43333339691162,8.184469223022461,1488900,3.888921667248723,0.0214294705397237,0.0053144695183936,0.0924873043663289,0.0329643708547319,0.0877528940864718,0.1669935247804982,1,0,1
2017-12-29,0,9.43333339691162,9.43333339691162,9.43333339691162,9.43333339691162,8.184469223022461,0,3.726485336724784,0.0,0.0035398006735157,0.0924873043663289,0.0329484756145245,0.0877103743268145,0.1669330627598897,0,0,1
2018-01-02,0,9.406665802001951,9.563332557678224,9.406665802001951,9.5,8.242310523986816,1162200,3.429037008655328,0.007042346814965,0.0176996804072012,0.0995296511812939,0.0329332397344054,0.0876691913644905,0.166876359165639,1,1,1
2018-01-03,0,9.476666450500488,9.8100004196167,9.476666450500488,9.566665649414062,8.300149917602539,1660800,3.4974025234318376,0.0069928689890277,0.0246925493962289,0.1182186027885858,0.0329180154095489,0.0876295099751459,0.1668309253969426,1,1,1
2018-01-04,0,9.520000457763672,9.733332633972168,9.520000457763672,9.666666030883787,8.386910438537598,840000,3.237736271128898,0.010398632338806,0.0458633186825224,0.1053602882381549,0.0329036328409769,0.087597530556138,0.1667775656517557,1,1,1
2018-01-05,0,9.686665534973145,9.783332824707031,9.529999732971191,9.766666412353516,8.473671913146973,1106400,3.339655201684768,0.010291725233457,0.0561550439159795,0.1141206309142657,0.0328892379931143,0.0875710750361702,0.1667295272537174,1,1,1
2018-01-08,0,9.789999961853027,9.84666633605957,9.6899995803833,9.833333015441896,8.531514167785645,833100,3.323316279384396,0.0068029220545183,0.0415284954307741,0.1224549355261304,0.0328740389768091,0.0875371866307608,0.1666869449129146,1,1,1
2018-01-09,0,9.82333278656006,9.93333339691162,9.636666297912598,9.713333129882812,8.427400588989258,808500,3.624345038896775,-0.0122784845976509,0.0292500108331232,0.1178688667970879,0.0328606434496653,0.0874989092697768,0.1666413191186329,-1,1,1
2018-01-10,0,9.716666221618652,9.716666221618652,9.59000015258789,9.666666030883787,8.386910438537598,402300,3.1680861531261657,-0.0048161626903246,0.0173915013278337,0.1080459903680626,0.0328453065270614,0.0874579864652027,0.1665896149288888,-1,1,1
2018-01-11,0,9.66333293914795,9.75333309173584,9.350000381469728,9.470000267028809,8.21628189086914,484800,3.2361917267710703,-0.0205544273133633,-0.0101557949745574,0.0848058609247916,0.0328360102736754,0.0874168322702895,0.1665258140480608,-1,-1,1
2018-01-12,0,9.350000381469728,9.43000030517578,9.173333168029783,9.233332633972168,8.010946273803711,411600,2.84348776521846,-0.025308891369159,-0.0458633186825224,0.0671893854242409,0.0328299483855441,0.0873877604837842,0.1664550089719636,-1,-1,1
2018-01-15,0,9.233332633972168,9.333333015441896,9.0,9.033332824707031,7.8374247550964355,832500,3.131752790261546,-0.0218985853701663,-0.0780536292861459,0.0223890770862981,0.0328214983151919,0.0873815170147414,0.1663745183106902,-1,-1,1
2018-01-16,0,8.976666450500488,9.236665725708008,8.966666221618652,9.013333320617676,7.820072174072266,802200,2.985692960408228,-0.0022165213516639,-0.0870730726923281,0.0469427271047749,0.0328059336971528,0.0873836298437685,0.1662980420867051,0,-1,1
2018-01-17,0,8.963333129882812,9.333333015441896,8.963333129882812,9.32333278656006,8.089032173156738,807600,2.6652850006480984,0.0338153074883322,-0.0409792806063451,0.0749610229273932,0.0328065228105815,0.0873520973698801,0.1662304155757849,1,-1,1
2018-01-18,0,9.216666221618652,9.266666412353516,9.06999969482422,9.083333015441896,7.880804538726807,703800,2.599080198864842,-0.0260790939427103,-0.0622422118587309,0.0335851858453563,0.0328010776855872,0.0873331668527559,0.1661515911271681,-1,-1,1
2018-01-19,0,9.086666107177734,9.153332710266112,8.873332977294922,8.873332977294922,7.698606967926025,430800,2.3314010493131136,-0.0233905982447557,-0.0650783827901234,-0.0141740714352757,0.0327936649383524,0.087316272326796,0.1660723071855938,-1,-1,0
2018-01-22,0,8.880000114440918,9.083333015441896,8.866665840148926,9.033332824707031,7.8374247550964355,376200,2.147645483048179,0.0178709060507979,-0.0218985853701663,-0.0380135863914963,0.0327825139148522,0.0872777583347081,0.1659978304749566,1,-1,-1
2018-01-23,0,9.033332824707031,9.033332824707031,8.706665992736816,8.763333320617676,7.603168964385986,360300,1.967646778492684,-0.0303451759042722,-0.0303451759042722,-0.0701334311406466,0.0327806100370405,0.0872419135620474,0.165935008508644,-1,-1,-1
2018-01-24,0,8.833333015441895,8.989999771118164,8.833333015441895,8.966666221618652,7.779582977294922,369600,1.9456128829368196,0.0229376054805284,-0.0051910490720799,-0.0400782927413978,0.0327724330316205,0.0872006202273873,0.1658612763381861,1,0,-1
2018-01-25,0,8.966666221618652,8.966666221618652,8.966666221618652,8.966666221618652,7.779582977294922,0,1.769629254147074,0.0,-0.039006356560412,-0.0400782927413978,0.0327568994133318,0.0871683596132545,0.1657876413316494,0,-1,-1
2018-01-26,0,8.926666259765625,9.390000343322754,8.926666259765625,9.329999923706056,8.094815254211426,729600,1.88488265709915,0.0397210297957831,0.0267937671780812,0.0104148740018727,0.0327637462383741,0.0871301869496029,0.1657075573766926,1,1,0
2018-01-29,0,9.399999618530272,9.520000457763672,9.00333309173584,9.023332595825195,7.828747272491455,654300,1.8229275151067583,-0.0334212581983421,0.0167631072244949,-0.0230063841964692,0.032764757938847,0.0870899221711771,0.165630259635536,-1,1,-1
2018-01-30,0,9.100000381469728,9.100000381469728,8.773332595825195,8.826665878295898,7.65811824798584,418500,1.6873655908455034,-0.0220362124196159,-0.0231440112459188,-0.0664720671558089,0.0327565128371872,0.087052062544436,0.1655662566520569,-1,-1,-1
2018-01-31,0,8.956665992736816,9.289999961853027,8.876666069030762,9.166666030883787,7.953105926513672,705600,1.6466754083270383,0.0377962409086286,0.0449974055669822,-0.0286758262471802,0.0327612304604777,0.0870207386436589,0.1654902541319812,1,1,-1
2018-02-01,0,9.046666145324709,9.283332824707031,9.046666145324709,9.166666030883787,7.953105926513672,480000,1.5702858163923488,0.0,0.0220598000864537,-0.0357181730621452,0.0327457756277399,0.0869816278243254,0.1654159723821234,0,1,-1
2018-02-02,0,9.223333358764648,9.373332977294922,9.176666259765623,9.333333015441896,8.097707748413086,1664400,2.0192194047027683,0.0180184926549439,0.0400782927413978,-0.0246925493962288,0.0327348089035618,0.0869482205328746,0.1653393905251384,1,1,-1
2018-02-05,0,9.350000381469728,9.353333473205566,8.949999809265137,8.949999809265137,7.765122890472412,463500,2.047967691857856,-0.0419387449257473,-0.0415814819801326,-0.0770299266607823,0.0327451642401849,0.0869175431002583,0.1652805662208435,-1,-1,-1
2018-02-06,0,8.803333282470703,9.143333435058594,8.546666145324707,9.143333435058594,7.932861328125,645900,2.153313163519836,0.021371511105298,0.0132112873235074,-0.0659501407889413,0.0327360907173643,0.0868771111066309,0.1652167388791862,1,1,-1
2018-02-07,0,9.153332710266112,9.293333053588867,8.970000267028809,9.0,7.808504581451416,680400,2.261007259416456,-0.0158003231127266,0.0194471766303965,-0.0885533859561865,0.0327244640881444,0.0868376892023376,0.1651640332674314,-1,1,-1
2018-02-08,0,9.010000228881836,9.143333435058594,8.873332977294922,9.0,7.808504581451416,423600,2.4071435728952477,0.0,-0.0183490642782321,-0.0762749013585356,0.0327090988882557,0.0867990260415685,0.165104999678354,0,-1,-1
2018-02-09,0,8.963333129882812,9.016666412353516,8.600000381469727,8.833333015441895,7.663901805877685,723000,2.391018604347673,-0.0186922424707758,-0.0370413067490079,-0.0901509811389868,0.0326989631353906,0.0867664885629837,0.165053262279322,-1,-1,-1
2018-02-14,0,8.890000343322754,9.033332824707031,8.803333282470703,8.883333206176758,7.707282543182373,372000,2.29138011431785,0.0056444385148504,-0.0494153608891015,-0.063952115310773,0.0326840373260167,0.0867400827018565,0.1649888380612527,1,-1,-1
2018-02-15,0,8.91333293914795,9.123332977294922,8.84000015258789,8.973333358764648,7.7853684425354,712500,2.3948584656746457,0.0100804646866158,0.0026038487232616,-0.0285627592549982,0.0326700847797879,0.0866992744954036,0.1649136330573245,1,0,-1
2018-02-16,0,9.033332824707031,9.133333206176758,8.8100004196167,9.133333206176758,7.92418622970581,1119300,2.5387922548608928,0.0176734991397262,-0.0010941632423101,0.0110093252548942,0.0326590848729034,0.0866585802488347,0.1648349877158651,1,0,0
2018-02-19,0,9.133333206176758,9.333333015441896,9.066665649414062,9.146665573120115,7.935753345489502,340500,2.489514370785618,0.0014586584998992,0.0161648183703158,0.0146845051064576,0.0326438365043448,0.0866189480260238,0.1647565852034457,0,1,0
2018-02-20,0,9.15999984741211,9.15999984741211,8.949999809265137,8.949999809265137,7.765122890472412,642900,2.114611921243152,-0.021736006362887,-0.0055711879925713,-0.0408668087447616,0.0326355885931917,0.0865786350627084,0.1646846515298663,-1,0,-1
2018-02-21,0,8.960000038146973,9.056666374206545,8.833333015441895,8.893333435058594,7.715958595275879,585000,2.1550242271326203,-0.006351553736709,0.0067695007414955,-0.0211392685387603,0.0326210079130564,0.0865381691600946,0.1646085192438189,-1,0,-1
2018-02-22,0,8.853333473205566,9.166666030883787,8.853333473205566,9.033332824707031,7.8374247550964355,639900,2.1502232224657942,0.0156195763448024,0.0167446385714476,0.0178709060507979,0.0326091280134014,0.0864987941813442,0.164530628431139,1,1,1
2018-02-23,0,9.020000457763672,9.086666107177734,8.949999809265137,9.0,7.808504581451416,348300,2.0356531806662037,-0.0036968346155222,0.0029673392693096,-0.0036968346155222,0.032594179840008,0.086458330226699,0.1644527942515386,-1,0,0
2018-02-26,0,8.989999771118164,9.103333473205566,8.883333206176758,8.883333206176758,7.707282543182373,348300,2.008118066620664,-0.0130478039559254,-0.027753963826342,0.0136005373328246,0.0325815842770905,0.0864227616331942,0.1643749015855601,-1,-1,0
2018-02-27,0,8.883333206176758,9.133333206176758,8.636666297912598,9.0,7.808504581451416,969900,2.0979142658949,0.0130478039559254,-0.0161648183703158,0.0037107358082216,0.0325687360830064,0.086384217850086,0.1642970052369476,1,-1,0
2018-02-28,0,9.086666107177734,9.086666107177734,8.833333015441895,9.013333320617676,7.820072174072266,769500,2.2371033084766863,0.0014803132638583,0.0070515012564296,0.00519104907208,0.0325536300209005,0.0863440475264025,0.1642192007867608,0,0,0
2018-03-01,0,8.933333396911621,9.020000457763672,8.75333309173584,8.903332710266113,7.724635124206543,503100,2.163727219247942,-0.0122791953797657,0.0011238596133728,-0.0468091761034688,0.0325408063279289,0.0863038088824957,0.1641497278475555,-1,0,-1
2018-03-02,0,8.866665840148926,8.899999618530273,8.533332824707031,8.899999618530273,7.721743106842041,1049400,2.12986945068543,-0.0003744589644298,-0.0148701756958595,-0.0137623768695565,0.0325257313436054,0.0862651814648533,0.1640733267606823,0,-1,0
2018-03-05,0,8.803333282470703,8.949999809265137,8.779999732971191,8.933333396911621,7.750663757324219,672600,2.2408064131994925,0.003738356212749,-0.0074349848675882,0.0120121917628083,0.0325108321680661,0.0862255415422883,0.1639959272650933,1,0,0
2018-03-06,0,8.933333396911621,9.0,8.800000190734863,8.836666107177734,7.666793346405029,642000,2.23770861901085,-0.0108800352355244,-0.0052672161471872,-0.0366640843813448,0.0324975883759208,0.0861857584116785,0.1639239292068237,-1,0,-1
2018-03-07,0,8.893333435058594,8.893333435058594,8.723333358764648,8.766666412353516,7.606060981750488,423300,2.1805301633166283,-0.0079530235098707,-0.0262680436129834,-0.0446171078912155,0.0324835476757295,0.0861500734007947,0.1638541816095284,-1,-1,-1
2018-03-08,0,8.766666412353516,8.866665840148926,8.583333015441895,8.726666450500488,7.571357250213623,432900,2.103764673525358,-0.0045730823894571,-0.032321439266299,-0.0672086829356168,0.0324688906050044,0.0861164761248802,0.1637926192449736,-1,-1,-1
2018-03-09,0,8.673333168029785,8.866665840148926,8.673333168029785,8.793333053588867,7.629197120666504,662400,2.206877450153529,0.0076102684411046,-0.0124319754454287,-0.0176596695687648,0.0324546614512611,0.0860776896903494,0.1637172233860666,1,-1,-1
2018-03-12,0,8.863332748413086,9.083333015441896,8.776665687561035,8.996665954589844,7.805611133575439,2577600,2.9771841406609867,0.0228602380575606,0.0108027215765617,-0.0161709426165021,0.0324468954203319,0.0860382424959586,0.1636417323064611,1,1,0
2018-03-13,0,9.0,9.039999961853027,8.920000076293945,8.966666221618652,7.779582977294922,369000,2.7694102058144847,-0.0033401163044462,0.0037242490593666,-0.0037107358082216,0.0324321481197529,0.085998452717505,0.1635651791666668,-1,0,0
2018-03-14,0,8.94666576385498,9.076665878295898,8.6899995803833,8.833333015441895,7.663901805877685,736800,2.753028701734696,-0.0149815066625541,-0.0003772223676631,-0.0186922424707758,0.0324205642399914,0.0859587346529126,0.1634902425050808,-1,0,-1
2018-03-15,0,8.863332748413086,8.976666450500488,8.75333309173584,8.850000381469727,7.6783623695373535,269700,2.672822314597391,0.0018850630880062,0.0094608642302138,0.0018850630880062,0.0324056950899436,0.0859193350821476,0.1634136694823959,0,1,0
2018-03-16,0,8.783332824707031,8.986665725708008,8.776665687561035,8.850000381469727,7.6783623695373535,997800,2.653306417830902,0.0,0.0140339466196711,-0.0037593754268441,0.0323908147634565,0.0858804653674474,0.1633374392981689,0,1,0
2018-03-19,0,8.813332557678223,9.013333320617676,8.813332557678223,8.926666259765625,7.744878768920898,368100,2.548942061419984,0.0086255296388418,0.0150492078174083,-0.005214310474618,0.0323769225783522,0.0858417842088503,0.163261405814918,1,1,0
2018-03-20,0,8.936665534973145,9.013333320617676,8.873332977294922,8.873332977294922,7.698606967926025,213600,2.4041322195816743,-0.005992421691348,-0.0138034519315003,-0.0288802313056923,0.0323626515011958,0.085803605066084,0.1631886429507223,-1,-1,-1
2018-03-21,1,8.866665840148926,9.0,8.736665725708008,9.0,7.808504581451416,866700,2.5608853198826544,0.0141740714352758,0.0037107358082216,-0.0161648183703158,0.032350531782352,0.0857641424641242,0.1631138817929524,1,0,0
2018-03-22,0,8.926666259765625,8.926666259765625,8.4399995803833,8.520000457763672,7.392050743103027,2292600,3.164810286247467,-0.0548082717586836,-0.0361160292879077,-0.0492370837661123,0.0323787256891215,0.0857325267767413,0.1630465902895835,-1,-1,-1
2018-03-23,0,8.476666450500488,8.66333293914795,8.140000343322754,8.566665649414062,7.432538986206055,2159700,3.6507325187396624,0.0054623223323953,-0.0325387700435185,-0.0374232076970078,0.0323642979372432,0.0856995509441707,0.1629760359982013,1,-1,-1
2018-03-26,0,8.600000381469727,8.683333396911621,8.3100004196167,8.3100004196167,7.20985221862793,1455300,3.2253923830668905,-0.0304190668815858,-0.0629578369251044,-0.0834618509233963,0.0323628376926238,0.0856828003031039,0.1629230852680101,-1,-1,-1
2018-03-27,0,8.35666561126709,8.366665840148926,7.949999809265137,7.949999809265137,6.897511959075928,710100,3.3149583794583064,-0.0442876934284931,-0.1158710599924394,-0.1240527097363671,0.0323760585230171,0.0857176917358113,0.1628956147950845,-1,-1,-1
2018-03-28,0,7.956665992736816,8.069999694824219,7.75333309173584,8.033332824707031,6.969812393188477,2065500,3.701513861088866,0.0104275471460028,-0.0994510911550885,-0.1005773586344387,0.0323627560365234,0.0857331859383855,0.162852269674236,1,-1,-1
2018-03-29,0,8.206665992736816,8.533332824707031,7.869999885559082,8.436665534973145,7.319749355316162,4391700,5.030266483030156,0.048987778228542,-0.0646373843618223,-0.0646373843618223,0.0323813939588794,0.0857174510839264,0.1627908136987727,1,-1,-1
2018-04-02,0,8.466666221618652,8.466666221618652,7.803332805633545,7.803332805633545,6.770261764526367,943200,4.973902328984855,-0.078036334767471,-0.0878654473706097,-0.1441540323931516,0.0324527319243026,0.0857209857190805,0.1627793223414898,-1,-1,-1
2018-04-03,0,7.843332767486572,7.993332862854004,7.75666618347168,7.900000095367432,6.854131698608398,964800,5.140109742776293,0.0123118865791973,-0.0810158831238079,-0.1195629504341886,0.0324400200455756,0.0857181633986874,0.1627484932010971,1,-1,-1
2018-04-04,0,8.043333053588867,8.40999984741211,7.966666221618652,8.333333015441895,7.230096817016602,1799700,5.642339513053898,0.0534007889713122,0.0028039727290901,-0.0657877024984464,0.0324648000763574,0.085679058253756,0.1626875997929151,1,0,-1
2018-04-05,0,8.353333473205566,8.553333282470703,8.270000457763672,8.286665916442871,7.1896071434021,562500,5.522013916661218,-0.0056158961571161,0.0414757700004672,-0.0751419548683115,0.0324505543069941,0.0856484861039263,0.1626308071776315,-1,1,-1
2018-04-06,0,8.323332786560059,8.456665992736816,8.15999984741211,8.233332633972168,7.143335342407227,474000,4.92287375682398,-0.0064567288669451,0.0245914939875191,-0.0707186484997322,0.0324364757046583,0.0856122949152712,0.1625720974591043,-1,1,-1
2018-04-09,0,8.183333396911621,8.3100004196167,8.100000381469727,8.210000038146973,7.123090744018555,398400,4.3390581530301535,-0.002838077575236,-0.0272343618162588,-0.0656037025650976,0.0324219176498018,0.0855777453434793,0.16251131046786,0,-1,-1
2018-04-10,0,8.220000267028809,8.313332557678223,8.109999656677246,8.170000076293945,7.088386535644531,540300,4.044696759954696,-0.0048839788679351,0.0459179940832769,-0.0659145990435756,0.0324076153973223,0.0855492871809028,0.1624507119253209,-1,1,-1
2018-04-11,0,8.170000076293945,8.3100004196167,8.10666561126709,8.223333358764648,7.134659290313721,1163400,4.195023931558133,0.0065067522797317,0.0401128597838115,-0.0670181152049485,0.032393503148805,0.0855183007156083,0.162390624581428,1,1,-1
2018-04-12,0,8.300000190734863,8.369999885559082,8.239999771118164,8.333333015441895,7.230096817016602,504000,3.719983253351638,0.0132879291875009,0.0,-0.0765904240750083,0.0323812273693578,0.0854795045369292,0.1623347728213094,1,0,-1
2018-04-13,0,8.316665649414062,8.329999923706055,8.046666145324707,8.166666030883789,7.085494041442871,320100,2.3999436441724398,-0.0202028257613914,-0.0145869296042752,-0.0934531335319534,0.0323724609756508,0.0854421403270784,0.1622875740222581,-1,-1,-1
2018-04-16,0,8.199999809265137,8.236665725708008,7.9633331298828125,7.9633331298828125,6.909080028533936,393600,2.237963429724055,-0.0252131086623373,-0.0333433093996674,-0.1036847355317366,0.0323669022963501,0.085409907981948,0.1622463942370875,-1,-1,-1
2018-04-17,0,7.983333110809326,8.013333320617676,7.843332767486572,7.889999866485596,6.845455169677734,540900,2.109390029851177,-0.0092515394738083,-0.0397567712982396,-0.1148213380935512,0.0323535747953048,0.085380299798954,0.16221240724676,-1,-1,-1
2018-04-18,0,7.900000095367432,8.0,7.683332920074463,7.806665897369385,6.773153781890869,1454700,1.9698182923774283,-0.0106181280837467,-0.0454909205140511,-0.125439466177298,0.032340650202004,0.0853533989204055,0.162185896467376,-1,-1,-1
2018-04-19,0,7.846665859222412,7.849999904632568,7.416666030883789,7.416666030883789,6.43478536605835,1026600,2.0830007130133787,-0.0512483387677675,-0.1032460115615503,-0.1853133345839072,0.0323629121437484,0.0853728516265671,0.1622134416358107,-1,-1,-1
2018-04-20,0,7.336666107177734,7.533332824707031,7.3333330154418945,7.426665782928467,6.443461418151856,962700,2.207466165872112,0.0013473966684258,-0.1151865440806254,-0.1779735162241334,0.0323483890589285,0.0854061071721198,0.1622330416655118,0,-1,-1
2018-04-23,0,7.409999847412109,7.5833330154418945,7.360000133514404,7.366665840148926,6.391404628753662,524400,2.230166884892491,-0.0081118220727126,-0.1030955403919467,-0.2002594097321218,0.0323348214747885,0.0854250792780355,0.1622767150891044,-1,-1,-1
2018-04-24,0,7.3333330154418945,7.579999923706055,7.323332786560059,7.386665821075439,6.408756732940674,343500,2.158220655689458,0.0027112337611997,-0.0751711979684097,-0.1427399042122387,0.0323204072816458,0.0854173312124405,0.1622632381043549,0,-1,-1
2018-04-25,0,7.380000114440918,7.449999809265137,7.233333110809326,7.426665782928467,6.443461418151856,390300,1.9026086773326492,0.005400588311513,-0.0605190701830884,-0.1428016382331211,0.0323063012080673,0.0853988984743392,0.1622497249016517,1,-1,-1
2018-04-26,0,7.323332786560059,7.440000057220459,7.233333110809326,7.236666202545166,6.350903511047363,399600,1.8537381001952449,-0.0144687950250373,-0.064369737124379,-0.1268513663765724,0.0322948104536753,0.0853830330749032,0.1622236955809162,-1,-1,-1
2018-04-27,0,7.216666221618652,7.406665802001953,6.716666221618652,7.216666221618652,6.333351135253906,664800,1.9395526130382053,-0.0027675866633853,-0.0158889850199969,-0.0853312596114646,0.0322804836775962,0.0853461713562269,0.1621720155667078,0,-1,-1
2018-04-30,0,7.216666221618652,7.303332805633545,6.833333015441895,6.833333015441895,5.996938228607178,814500,2.035208287792896,-0.0545804575729493,-0.071816839261372,-0.1503392643304169,0.0323075028893101,0.0853357296791348,0.1621646937476061,-1,-1,-1
2018-05-02,0,6.833333015441895,7.263332843780518,6.75,7.176665782928467,6.298247337341309,441000,1.9943330411166644,0.0490223505195613,-0.014682666669098,-0.1503046920393976,0.0323260902349424,0.0852987362373864,0.1621572342474694,1,-1,-1
2018-05-03,0,7.130000114440918,7.130000114440918,6.633333206176758,6.633333206176758,5.821417808532715,585900,1.7097137334603911,-0.0787275524817132,-0.0961214529120109,-0.1509959097536397,0.0323973919266529,0.0853099457245777,0.1621502639436549,-1,-1,-1
2018-05-04,0,6.666666030883789,6.949999809265137,6.583333015441895,6.826665878295898,5.991086959838867,624600,1.5831833377148807,0.0287290162866983,-0.0727930249368255,-0.1345787800461386,0.0323942236991662,0.0853001821533251,0.1621297681384403,1,-1,-1
2018-05-07,0,6.829999923706055,6.956665992736816,6.536665916442871,6.639999866485596,5.827268600463867,592200,1.4615882065128774,-0.0277244751362665,-0.0860487050480547,-0.2157040441537175,0.032390446181713,0.0853015218907814,0.1621900633034671,-1,-1,-1
2018-05-08,0,6.699999809265137,6.766665935516357,6.566666126251221,6.766665935516357,5.9384307861328125,287700,1.3889916903577584,0.0188965381155589,-0.0643845802691105,-0.1911916098810424,0.0323808872102132,0.0852855729709902,0.1622217429032925,1,-1,-1
2018-05-09,1,6.710000038146973,6.936666011810303,6.693333148956299,6.936666011810303,6.087623119354248,325500,1.3792769071141142,0.024812792094609,0.0150086693984478,-0.1599220889194882,0.0323748628849709,0.0852485708503075,0.1622220704127548,1,1,-1
2018-05-10,0,6.926665782928467,6.926665782928467,6.269999980926514,6.733333110809326,5.909178256988525,1343100,1.618813881183972,-0.0297509342095241,-0.0637646153306375,-0.1868349455537764,0.0323727246096868,0.0852322373613375,0.1622486568966284,-1,-1,-1
2018-05-11,0,6.75,6.75,6.366665840148926,6.5,5.704404830932617,1208100,1.8111628564515363,-0.0352681251814951,-0.0203051880304195,-0.2172190918673363,0.0323754960986507,0.0851965294274181,0.1623095864463052,-1,-1,-1
2018-05-14,0,6.556665897369385,6.559999942779541,6.119999885559082,6.123332977294922,5.373841285705566,1173900,1.9038517041786287,-0.0596956777367269,-0.1087298820538448,-0.2834215218837949,0.0324099958715606,0.0852209770637353,0.1624630442313044,-1,-1,-1
2018-05-15,0,6.123332977294922,6.216666221618652,5.936666011810303,6.153333187103272,5.400169372558594,867000,1.894902454963124,0.0048873423452799,-0.0761180645722982,-0.2918221087260157,0.0323959626171524,0.0852136652503035,0.1626291612952984,1,-1,-1
2018-05-16,0,6.153333187103272,6.293333053588867,6.086666107177734,6.2133331298828125,5.452825546264648,749700,1.95279955995636,0.0097036048158998,-0.0853109978719574,-0.2619156781487247,0.0323829035019711,0.085214084371401,0.1627482701611197,1,-1,-1
2018-05-17,0,6.2133331298828125,6.266665935516357,6.00666618347168,6.019999980926514,5.283156394958496,936600,2.0207248115218146,-0.0316102020017146,-0.1417339919682812,-0.268312771488102,0.0323822463701792,0.0852813015157185,0.162876155921824,-1,-1,-1
2018-05-18,0,6.016665935516357,6.016665935516357,5.889999866485596,5.926665782928467,5.20124626159668,816900,2.0431185583263267,-0.0156254586173449,-0.1276085163761019,-0.2746866906316386,0.0323712716412675,0.0853283683489495,0.163012939937856,-1,-1,-1
2018-05-21,0,5.966666221618652,6.106666088104248,5.926665782928467,6.016665935516357,5.280230522155762,450300,1.995702728957037,0.0150714937005022,-0.0772688974941045,-0.2489970688473896,0.032360080865112,0.0853216097249594,0.163111802011094,1,-1,-1
2018-05-22,0,6.043333053588867,6.25666618347168,6.039999961853027,6.199999809265137,5.441124439239502,379200,2.0113775671120613,0.0300159816339774,0.0124427618765998,-0.1677327484456447,0.0323580726103991,0.0852846147776415,0.1631166293089759,1,1,-1
2018-05-23,0,6.203332901000977,6.286665916442871,6.110000133514404,6.133333206176758,5.382617473602295,273900,1.9889680369833864,-0.0108109627797926,-0.0032555432484727,-0.1798911078938632,0.0323454149000341,0.0852469261213605,0.1631329659085932,-1,0,-1
2018-05-24,0,6.079999923706055,6.47333288192749,6.010000228881836,6.47333288192749,5.681001663208008,359100,1.728452423471279,0.0539527912232107,0.0409936431588382,-0.1178264945979397,0.0323707098079157,0.0852179269844771,0.1630982149310791,1,1,-1
2018-05-25,0,6.47666597366333,6.483333110809326,6.130000114440918,6.130000114440918,5.379692554473877,726000,1.5965356304684393,-0.0544963398094901,0.0181075053510628,-0.1750340681686295,0.0323968783790834,0.0851819636002877,0.1631095361696689,-1,1,-1
2018-05-28,0,6.043333053588867,6.106666088104248,5.906665802001953,6.0,5.265604496002197,680100,1.4760448963432629,-0.0214352734814169,0.0122976904869906,-0.2018699299615595,0.0323888823218336,0.0851451360648489,0.1631484385688408,-1,1,-1
2018-05-29,0,6.066666126251221,6.066666126251221,5.783332824707031,5.816666126251221,5.104710102081299,717000,1.4308977973131758,-0.0310322901021978,-0.0338060933157093,-0.2184334250387201,0.0323877079715213,0.0851135354918513,0.1632061219252493,-1,-1,-1
2018-05-30,0,5.816666126251221,6.25666618347168,5.786665916442871,6.233333110809326,5.470377445220947,753900,1.4324942398772555,0.0691839538873204,0.0053618789376336,-0.1464818844880143,0.0324382683884169,0.0850761772677335,0.1631917206626071,1,0,-1
2018-06-01,0,6.233333110809326,6.360000133514404,6.076665878295898,6.333333015441895,5.558137893676758,234600,1.2714874126395692,0.0159155241220604,0.0320883658394868,-0.0759859027930043,0.0324274546706146,0.0850440238828885,0.1631344969072739,1,1,-1
2018-06-04,0,6.333333015441895,6.630000114440918,6.2733330726623535,6.550000190734863,5.748284816741943,637500,1.2456695885159408,0.0336383766126079,0.011773951228884,-0.0913698766999577,0.0324284750432234,0.0850073215129646,0.1630843283431577,1,1,-1
2018-06-05,0,6.536665916442871,6.539999961853027,6.366665840148926,6.526666164398193,5.72780704498291,1282800,1.4652460291133114,-0.0035687747605663,0.0627015162778078,-0.0162110989788108,0.0324144658229672,0.0849902008186973,0.1630123115324883,-1,1,0
2018-06-06,0,6.493332862854004,6.493332862854004,6.236666202545166,6.300000190734863,5.5288848876953125,779100,1.564400278814412,-0.0353465954041384,0.0487901943550862,-0.0802867106696476,0.0324172037187449,0.0849650891228804,0.1629570936042531,-1,1,-1
2018-06-07,0,6.25,6.263332843780518,6.013332843780518,6.096665859222412,5.350438594818115,1062900,1.7505202728688694,-0.0328076095183485,0.0470148749389356,-0.0853698450517297,0.0324175751036501,0.0849391190358971,0.1629042058172245,-1,1,-1
2018-06-08,0,6.216666221618652,6.230000019073486,5.966666221618652,6.0,5.265604496002197,629100,1.8067423860660776,-0.0159825848367376,-0.0381516637851225,-0.1202489680040263,0.032406872123633,0.0849094938497847,0.1628707908645377,-1,-1,-1
2018-06-11,0,6.110000133514404,6.110000133514404,5.956665992736816,5.966666221618652,5.236350536346436,265800,1.6956789605229,-0.0055711598898578,-0.0596383477970409,-0.1506329199884931,0.0323931601352189,0.0848907729562654,0.1628596567658135,-1,-1,-1
2018-06-12,0,5.996665954589844,6.133333206176758,5.853332996368408,5.993332862854004,5.259753227233887,663600,1.6916688666589326,0.0044593175135805,-0.0888174068960683,-0.1164226682653885,0.0323793159210015,0.0848944020354716,0.1628237292315978,1,-1,-1
2018-06-13,0,5.993332862854004,6.206665992736816,5.993332862854004,6.133333206176758,5.382617473602295,322500,1.606656775026521,0.0230906644439736,-0.0621579676915284,-0.0580638786399197,0.0323723826236723,0.0848772248047194,0.162760402884154,1,-1,-1
2018-06-14,0,6.079999923706055,6.206665992736816,5.933332920074463,6.043333053588867,5.303633213043213,483900,1.5378366902350498,-0.0147826775214362,-0.0415940498088261,-0.0131508784246289,0.0323612472724385,0.0848490625182092,0.1626887040519745,-1,-1,0
2018-06-15,0,6.066666126251221,6.066666126251221,5.699999809265137,5.903333187103272,5.180769920349121,587400,1.6146780630755888,-0.0234384190984754,-0.032224859388953,-0.0414766398683844,0.0323545629986949,0.0848173704535251,0.1626211443693279,-1,-1,-1
2018-06-18,0,5.903333187103272,5.936666011810303,5.739999771118164,5.789999961853027,5.081308364868164,370500,1.535951858051139,-0.0193848979296581,-0.0356271724818734,-0.0705651426139422,0.0323455501434582,0.0847868972724458,0.1625623518526044,-1,-1,-1
2018-06-19,0,5.783332824707031,6.039999961853027,5.733333110809326,5.800000190734863,5.090084552764893,236100,1.26442229248142,0.0017256614006924,-0.0283303511913231,-0.0372292792115351,0.0323315615807077,0.0847540635937037,0.1624940681778635,0,-1,-1
2018-06-20,0,5.809999942779541,6.0233330726623535,5.613333225250244,5.613333225250244,4.926265239715576,677100,1.2214793632642795,-0.0327132988740136,-0.0655029675789174,-0.0543171194682038,0.0323318594912723,0.0847391318985028,0.1624300070077452,-1,-1,-1
2018-06-21,0,5.633333206176758,5.710000038146973,5.366665840148926,5.403333187103272,4.741969108581543,901800,1.1591545743666023,-0.038128669901804,-0.126722301924695,-0.1075172830705102,0.0323372560559703,0.0847844101505759,0.1623890233499782,-1,-1,-1
2018-06-22,0,5.519999980926514,5.579999923706055,5.356666088104248,5.5233330726623535,4.847281455993652,793800,1.182799306015209,0.021965550065585,-0.0899740743376738,-0.1155677146389026,0.0323297674603969,0.0847887860079911,0.1623528588290944,1,-1,-1
2018-06-25,0,5.466666221618652,5.599999904632568,5.366665840148926,5.366665840148926,4.709789752960205,340500,1.1921595300342054,-0.028774754664716,-0.0953104099039145,-0.1335315065238261,0.0323268020538108,0.0847981209443852,0.1623286720204274,-1,-1,-1
2018-06-26,0,5.423333168029785,5.423333168029785,5.106666088104248,5.25,4.607403755187988,851100,1.2112010059428406,-0.0219787469785212,-0.0979042589527775,-0.2094630447255579,0.0323192355319366,0.0848099081846305,0.1623742963882153,-1,-1,-1
2018-06-27,0,5.28000020980835,5.416666030883789,5.133333206176758,5.133333206176758,4.505016803741455,259800,1.1862171281485463,-0.0224729005425111,-0.1221028208959811,-0.1774396054585791,0.0323119608355026,0.0848486326873911,0.1623864301158972,-1,-1,-1
2018-06-28,0,5.173333168029785,5.263332843780518,5.019999980926514,5.053332805633545,4.434808731079102,659100,1.2019700106144071,-0.0157071333945061,-0.1050966554164736,-0.1717114653716682,0.0323012652636399,0.0848675576030194,0.162393051830965,-1,-1,-1
2018-06-29,0,5.053332805633545,5.156665802001953,5.013332843780518,5.013332843780518,4.399704933166504,725400,1.2085247608663765,-0.0079470096475658,-0.0749149951622353,-0.1486261849170362,0.0322881626979187,0.0848588994560575,0.1623798216948004,-1,-1,-1
2018-07-02,0,5.043333053588867,5.186666011810303,4.949999809265137,5.116665840148926,4.490389347076416,353400,1.1954595411178746,0.020401934234041,-0.0764786109937795,-0.1974082045703157,0.0322798928444582,0.0848513994899362,0.1624114578353784,1,-1,-1
2018-07-03,0,5.123332977294922,5.313333034515381,5.083333015441895,5.166666030883789,4.534270286560059,428100,1.228124766925316,0.0097247513115722,-0.037979105017491,-0.2035989773808039,0.0322673057096765,0.084821775628477,0.1624494604446123,1,-1,-1
2018-07-04,0,5.170000076293945,5.333333015441895,5.159999847412109,5.296666145324707,4.648358345031738,239400,1.1299214055544209,0.0248499496081493,0.0088495915691794,-0.2123874043852625,0.0322617409356265,0.0847856540939927,0.1624969123467102,1,1,-1
2018-07-05,0,5.296666145324707,5.296666145324707,5.019999980926514,5.019999980926514,4.405555725097656,507600,1.0397903122257954,-0.0536477039569943,-0.0223252118453036,-0.2624663335816905,0.0322859932235476,0.0847514444420421,0.1626072127400439,-1,-1,-1
2018-07-06,0,5.019999980926514,5.123332977294922,4.97333288192749,5.0,4.388003349304199,3578700,1.5635800308947847,-0.0039921035284573,-0.0106101819792547,-0.2311118417060093,0.0322723415478081,0.084715419380766,0.1626759181204734,-1,-1,-1
2018-07-10,0,4.966666221618652,5.123332977294922,4.766665935516357,4.800000190734863,4.212483882904053,1496100,1.771168903157232,-0.0408218360455658,-0.0434850083772547,-0.2391260682332265,0.0322804531862363,0.0846881762892146,0.1627541920236154,-1,-1,-1
2018-07-11,0,4.786665916442871,4.88666582107544,4.75,4.833333015441895,4.24173641204834,375300,1.6682523058086152,0.006920246898033,-0.0569666957132626,-0.2162232364984556,0.0322673011762803,0.0846677016214865,0.1628045415063485,1,-1,-1
2018-07-12,0,4.833333015441895,4.869999885559082,4.716666221618652,4.843332767486572,4.250512599945068,568500,1.7233022542426366,0.0020668708627416,-0.0646245761620931,-0.208585205745856,0.032253563946616,0.084651876210686,0.1628460494844882,0,-1,-1
2018-07-13,0,4.883333206176758,4.960000038146973,4.75,4.949999809265137,4.344123363494873,470100,1.684387294674312,0.021784393407892,-0.0676901323623504,-0.1912601298515445,0.0322461657863741,0.0846380633334975,0.1628691280632041,1,-1,-1
2018-07-16,0,4.989999771118164,5.093332767486572,4.953332901000977,5.056665897369385,4.43773365020752,275100,1.597318917987007,0.0213198261602897,0.0072773977549337,-0.1930309681352283,0.0322385007076419,0.0846021144347103,0.1628937787120284,1,0,-1
2018-07-17,0,5.099999904632568,5.323332786560059,4.880000114440918,5.083333015441895,4.461136817932129,2126100,1.9462559184681327,0.0052598184823058,0.0165293197656968,-0.1729884721314864,0.0322251301547263,0.0845674260392799,0.1628991004726707,1,1,-1
2018-07-18,0,5.033332824707031,5.103332996368408,4.949999809265137,5.070000171661377,4.449435710906982,738000,2.0055715038996595,-0.0026263438658181,0.0547248119454444,-0.152176396898829,0.0322114729161021,0.0845469554965268,0.1628867255499181,0,1,-1
2018-07-19,0,5.00666618347168,5.079999923706055,4.97666597366333,5.079999923706055,4.458211421966553,1111800,2.175394949374644,0.0019703775346937,0.049774942582105,-0.1308211214344773,0.032197810154954,0.0845238227546142,0.162858679106115,0,1,-1
2018-07-20,0,5.139999866485596,5.296666145324707,5.056665897369385,5.073332786560059,4.4523606300354,718200,2.2178715625295906,-0.0013132249507312,0.046394846768632,-0.133860007785901,0.0321841242901101,0.0844990256509096,0.162832670165215,0,1,-1
2018-07-23,0,5.103332996368408,5.210000038146973,5.0,5.0,4.388003349304199,456600,1.6126030434825325,-0.0145601284838409,0.0100503248768988,-0.1157068373957284,0.0321731837739599,0.0844635458145566,0.1627950231403017,-1,1,-1
2018-07-24,0,5.090000152587891,5.156665802001953,5.0,5.066666126251221,4.446509838104248,406800,1.4140781780558778,0.0132451767053766,0.0019756754219856,-0.0643329907885475,0.0321618819207577,0.0844275462108729,0.1627340702944685,1,0,-1
2018-07-25,0,5.083333015441895,5.190000057220459,5.059999942779541,5.083333015441895,4.461136817932129,2709000,1.8776811900136607,0.0032841430603201,0.0,-0.0830143977938125,0.0321483826221473,0.0843915548164724,0.1626800285320273,1,0,-1
2018-07-26,0,5.093332767486572,5.400000095367432,5.083333015441895,5.366665840148926,4.709789752960205,1731900,2.131300117487746,0.0542396431290963,0.0568659869949146,0.0,0.0321737108744884,0.0843724401764699,0.1626098306381182,1,1,0
2018-07-27,0,5.460000038146973,5.573332786560059,5.416666030883789,5.480000019073486,4.809252262115479,1224600,2.301274460796167,0.0208983485769856,0.0757939580372066,0.042877095555507,0.0321658740866685,0.0843661439026001,0.1625456710206895,1,1,1
2018-07-30,0,5.559999942779541,5.559999942779541,5.22666597366333,5.266665935516357,4.622029781341553,1050000,2.4617531327648527,-0.0397076619517537,0.0373995210361843,0.0256423341462644,0.0321729140887187,0.0843376134666764,0.1624780292720358,-1,1,1
2018-07-31,0,5.21999979019165,5.21999979019165,4.949999809265137,5.0,4.388003349304199,1361400,2.306634286541294,-0.0519596495200253,0.0,-0.0106101819792547,0.0321946190908955,0.0843017813928213,0.1624081350678025,-1,0,0
2018-08-01,0,4.966666221618652,5.230000019073486,4.916666030883789,5.199999809265137,4.563523769378662,795900,2.3220280089905856,0.0392207758465679,0.0259755991411912,0.036557603514879,0.0322013437785683,0.0842695889710988,0.1623427346458063,1,1,1
2018-08-02,0,5.25666618347168,5.283332824707031,5.123332977294922,5.276666164398193,4.630805969238281,739200,2.2542745282110443,0.0146358468317548,0.037327302912626,0.0307915161125929,0.0321905953822023,0.0842411314225576,0.1622762437637279,1,1,1
2018-08-03,0,5.25333309173584,5.546666145324707,5.22666597366333,5.346665859222412,4.692237854003906,1020600,2.3245756931672217,0.0131786946498675,-0.0037336455666029,0.0342454594508881,0.0321793217541408,0.0842054746200849,0.1622105124393326,1,0,1
2018-08-06,0,5.353332996368408,5.50333309173584,5.309999942779541,5.320000171661377,4.668835639953613,490200,2.337171700852143,-0.0049999100676299,-0.0296319042112187,0.0043955997751087,0.032166067811686,0.0841740218504495,0.1621410910750017,-1,-1,0
2018-08-07,0,5.326665878295898,5.460000038146973,5.210000038146973,5.28000020980835,4.633731842041016,606000,2.3813172897203096,-0.0075471561168764,0.0025286016236585,0.0504961476152266,0.0321532420626788,0.0841384610725182,0.1620795563649144,-1,0,1
2018-08-08,0,5.329999923706055,5.396666049957275,5.206665992736816,5.266665935516357,4.622029781341553,576600,1.9651264858644768,-0.0025286016236585,0.0519596495200253,0.0519596495200253,0.0321397836262113,0.0841168297033835,0.1620185210698217,0,1,1
2018-08-09,0,5.269999980926514,5.436666011810303,5.133333206176758,5.166666030883789,4.534270286560059,915900,1.7882286108451275,-0.0191697916427231,-0.0064309179692657,0.073611693922868,0.0321310181237927,0.0840814656570867,0.1619652420804737,-1,0,1
2018-08-10,0,5.159999847412109,5.159999847412109,4.800000190734863,4.846665859222412,4.253437519073486,1977000,1.899548322275581,-0.063936679548679,-0.0850034443496998,0.0027547674761558,0.0321707009540662,0.0840816330126464,0.1618960866566347,-1,-1,0
2018-08-13,0,4.883333206176758,4.883333206176758,4.703332901000977,4.75666618347168,4.1744537353515625,1228800,1.91176157239186,-0.0187439761181893,-0.1169261151177565,-0.0180560795047751,0.0321616894832527,0.0841137846849735,0.1618273791540884,-1,-1,-1
2018-08-14,0,4.793333053588867,5.016665935516357,4.766665935516357,4.88666582107544,4.288541316986084,737100,1.787492079390578,0.0269631478593577,-0.0849630571907689,-0.0128773250533097,0.0321578073816412,0.0841137481040529,0.1617584564571347,1,-1,0
2018-08-15,1,4.833333015441895,4.883333206176758,4.603332996368408,4.666666030883789,4.0954694747924805,10558200,3.537438152660994,-0.046065299177008,-0.1234812002509004,-0.0802624503906076,0.0321717579295673,0.0841534252091491,0.1617046047521432,-1,-1,-1
2018-08-16,0,4.666666030883789,4.746665954589844,4.373332977294922,4.690000057220459,4.115947723388672,2451600,3.8320170472029744,0.004987760469682,-0.1159648381575599,-0.0805345084032314,0.0321586339301921,0.0841839860466484,0.1616509099988825,1,-1,-1
2018-08-17,0,4.666666030883789,4.783332824707031,4.46999979019165,4.590000152587891,4.02818775177002,1525200,3.891877451772769,-0.0215525316314449,-0.1183475781462816,-0.0994606961688582,0.0321511032423521,0.0842171302379669,0.1616057822103593,-1,-1,-1
2018-08-20,0,4.616665840148926,4.666666030883789,4.416666030883789,4.590000152587891,4.02818775177002,2136600,4.171010581749958,0.0,-0.0544108985976026,-0.1014310737035519,0.0321376599659177,0.0841958604919194,0.161561672234236,0,-1,-1
2018-08-21,0,4.550000190734863,4.706665992736816,4.420000076293945,4.483333110809326,3.9345762729644775,2040900,4.401724674291179,-0.0235133909442475,-0.0591803134236609,-0.123631239697068,0.0321312813408886,0.0841772345452432,0.161530176380667,-1,-1,-1
2018-08-22,0,4.416666030883789,4.603332996368408,4.340000152587891,4.550000190734863,3.993083477020264,1101900,4.478374797398031,0.014760539216189,-0.0713829220668293,-0.0943105719970379,0.032120789446903,0.0841663747693294,0.1614826076847867,1,-1,-1
2018-08-23,0,4.590000152587891,4.590000152587891,4.396666049957275,4.466666221618652,3.919949769973755,885300,4.448216638513364,-0.0184848937647781,-0.0438025166545995,-0.1260406424671928,0.0321117174820744,0.0841400725130402,0.16145262509515,-1,-1,-1
2018-08-24,0,4.46999979019165,4.519999980926514,4.363333225250244,4.519999980926514,3.966755151748657,689700,4.197570797420777,0.0118695784260311,-0.0369206986982501,-0.1174552071014815,0.0321002374424865,0.0841111267236214,0.1614173588407474,1,-1,-1
2018-08-27,0,4.579999923706055,4.606666088104248,4.453332901000977,4.606666088104248,4.042813301086426,1191000,4.183672460897276,0.0189923929167384,0.0036242258499332,-0.1527024573138396,0.0320916616374019,0.0840760834346675,0.1614061309037313,1,0,-1
2018-08-28,0,4.613333225250244,4.663332939147949,4.403333187103272,4.403333187103272,3.864368438720703,1361100,4.276395223041154,-0.0451425478404523,-0.041518321990519,-0.2187433537312777,0.0321044503181349,0.0840489336594004,0.1614573100254473,-1,-1,-1
2018-08-29,0,4.400000095367432,4.513332843780518,4.383333206176758,4.433332920074463,3.890696048736572,1691700,2.6567731009427504,0.0067898110205632,-0.0112151200257083,-0.1722458807589608,0.0320917460210466,0.0840143186300052,0.1614619092207596,1,-1,-1
2018-08-30,0,4.416666030883789,4.433332920074463,4.243332862854004,4.243332862854004,3.723952054977417,1268100,2.419596290837442,-0.0438025897322784,-0.069778248974176,-0.1640888209712138,0.0321029449850517,0.0840024164584718,0.1614594371656716,-1,-1,-1
2018-08-31,0,4.300000190734863,4.349999904632568,4.203332901000977,4.333333015441895,3.802936315536499,1310700,2.368378137320013,0.0209879982283032,-0.0303053569810946,-0.1823215985894786,0.0320954671014753,0.0839715113479408,0.1614728254593626,1,-1,-1
2018-09-03,0,4.349999904632568,4.349999904632568,4.173333168029785,4.173333168029785,3.662520408630371,674700,2.0973053350192954,-0.037621936307028,-0.0797968717141538,-0.2345793817282616,0.0321001709818657,0.0839668730320066,0.1615413388240306,-1,-1,-1
2018-09-04,0,4.2133331298828125,4.236666202545166,3.950000047683716,4.016665935516357,3.525028944015503,1420200,1.9637098486401008,-0.0382628993511969,-0.1370521639820892,-0.2860209757293258,0.0321054587538218,0.0840227081846497,0.1616776604289229,-1,-1,-1
2018-09-05,0,4.016665935516357,4.059999942779541,3.856666088104248,3.966665983200073,3.4811489582061768,1299600,1.9691936895919853,-0.0125262475992451,-0.104435863740882,-0.2935473132609409,0.0320940845913676,0.084039911004834,0.1618243959843755,-1,-1,-1
2018-09-06,0,3.953332901000977,3.993333101272583,3.839999914169312,3.8966660499572754,3.4197168350219727,981000,1.9640868523005235,-0.0178046488300336,-0.1290303235914788,-0.3038048059740982,0.0320847379984065,0.0840848923140044,0.1619859546007585,-1,-1,-1
2018-09-10,0,3.906666040420532,4.033332824707031,3.869999885559082,3.966665983200073,3.4811489582061768,717300,1.9535345645224147,0.0178046488300335,-0.0674230850291667,-0.283471555520406,0.0320757213753824,0.0840711505151228,0.1621164575334417,1,-1,-1
2018-09-11,0,3.933332920074463,3.953332901000977,3.849999904632568,3.910000085830689,3.4314188957214355,839100,1.8680142143985636,-0.014388551838427,-0.102799635095897,-0.2786903157161099,0.0320650151437426,0.0840863743544243,0.1622395205719535,-1,-1,-1
2018-09-12,0,3.906666040420532,3.97333288192749,3.8833329677581774,3.916666030883789,3.4372689723968506,927300,1.7764532199160126,0.0017034048430447,-0.0634742939458243,-0.2130502313243861,0.03205183848367,0.0840701011991285,0.1622809872845729,0,-1,-1
2018-09-13,0,3.8966660499572754,4.033332824707031,3.793333053588867,4.033332824707031,3.539655923843384,604500,1.5801943225136197,0.0293522730632491,0.0041408784686216,-0.1649539821429477,0.0320499615885269,0.0840354895902016,0.1622770674794585,1,0,-1
2018-09-14,0,4.086666107177734,4.166666030883789,3.950000047683716,4.13666582107544,3.630341053009033,742800,1.49069596071621,0.0252970720929671,0.0419641981608338,-0.1666200579093382,0.0320451895031778,0.0840102850858884,0.1622744080386813,1,1,-1
2018-09-17,0,4.103332996368408,4.353332996368408,4.066666126251221,4.266665935516357,3.744429111480713,1340100,1.49217163837165,0.0309425672965917,0.0907114142874594,-0.0896121914357383,0.0320445288544001,0.0840178834383765,0.162223782527135,1,1,-1
2018-09-18,0,4.25333309173584,4.296666145324707,4.186666011810303,4.260000228881836,3.738579273223877,2275200,1.7587993855565816,-0.0015634993702449,0.0713432660871809,-0.0961634512756651,0.0320313711758663,0.084009606741268,0.1621760749052964,0,1,-1
2018-09-19,0,4.199999809265137,4.46999979019165,4.1966657638549805,4.340000152587891,3.808787345886232,787200,1.670085568284254,0.0186051907698598,0.1043370086954679,-0.0560057288743602,0.032022779783312,0.0840303656321828,0.1621142598655721,1,1,-1
2018-09-20,0,4.360000133514404,4.440000057220459,4.276666164398193,4.369999885559082,3.835115194320679,577800,1.5681085229459977,0.0068886154440647,0.1095222192964879,-0.0491171134302954,0.0320102866968772,0.084056521735123,0.1620509261938011,1,1,-1
2018-09-21,0,4.369999885559082,4.516665935516357,4.263332843780518,4.433332920074463,3.890696048736572,1747200,1.7202268997180752,0.0143886024603394,0.0945585486935783,-0.0112151200257083,0.0319999013007294,0.0840673213457713,0.1619833076086211,1,1,0
2018-09-24,0,4.400000095367432,4.46999979019165,4.22333288192749,4.263332843780518,3.741503953933716,753000,1.7343791093294665,-0.0391004171455444,0.0301610594550669,-0.065076076387442,0.0320061065914395,0.084037679785501,0.1619241759121619,-1,1,-1
2018-09-25,0,4.25666618347168,4.369999885559082,4.173333168029785,4.333333015441895,3.802936315536499,390600,1.6727964164404514,0.0162858256415692,0.0155043178000442,-0.0303053569810946,0.0319965053296802,0.0840045577781275,0.1618579867494267,1,1,-1
2018-09-26,0,4.376666069030762,4.489999771118164,4.316666126251221,4.400000095367432,3.861443519592285,543900,1.6247656013451028,0.0152675994171516,0.0323354165874405,-0.0269073359899742,0.031986493691676,0.0839756810771672,0.1617915168577746,1,1,-1
2018-09-27,0,4.449999809265137,4.50666618347168,4.383333206176758,4.50666618347168,3.955053567886353,355200,1.5922976505783786,0.0239530630992427,0.0376832889168233,-0.0219466658074701,0.0319808972153647,0.0839487465106166,0.1617247077894998,1,1,-1
2018-09-28,0,4.5,4.586666107177734,4.436666011810303,4.566666126251221,4.007709503173828,362100,1.5372736506502318,0.0132257364344009,0.0440204099071593,0.036421618467383,0.0319701421840727,0.0839244614878517,0.1616625292326202,1,1,1
2018-10-01,0,4.606666088104248,4.610000133514404,4.366665840148926,4.389999866485596,3.8526670932769775,529500,1.405706436856814,-0.0394542219491227,-0.0098224145023027,-0.0098224145023027,0.0319767297314945,0.0838903937429603,0.1615953892618152,-1,-1,0
2018-10-02,0,4.393332958221436,4.733333110809326,4.393332958221436,4.63666582107544,4.069141387939453,886800,1.18933055144082,0.0546663560461767,0.0839443586894185,0.0886465312761525,0.0320021125351694,0.0838916909228728,0.1615522427124205,1,1,1
2018-10-03,0,4.699999809265137,4.923333168029785,4.699999809265137,4.843332767486572,4.250512599945068,827700,1.212298946724349,0.0436075714102704,0.1112661044581196,0.1112661044581196,0.0320134939367788,0.0839193091433982,0.1615216208496119,1,1,1
2018-10-04,0,4.816666126251221,5.033332824707031,4.72666597366333,4.9466657638549805,4.341197490692139,531000,1.216241926838976,0.0211106421527488,0.1171091471937169,0.1699986829178966,0.0320062138782433,0.0839533441461758,0.161535639886622,1,1,1
2018-10-05,0,5.026666164398193,5.076665878295898,4.846665859222412,4.896666049957275,4.297317981719971,539100,1.0182612338501127,-0.0101591266472,0.0829969574472743,0.1981024556218933,0.031994461978818,0.0839535900562689,0.1615770703805758,-1,1,1
2018-10-08,0,5.170000076293945,5.233333110809326,5.0,5.110000133514404,4.48453950881958,551100,1.0029780634139662,0.0426447136999973,0.1124159347128706,0.2532734169211358,0.0320047168351103,0.0839820506354538,0.1616839876258229,1,1,1
2018-10-09,0,5.123332977294922,5.159999847412109,5.026666164398193,5.050000190734863,4.431883811950684,845400,1.1028837335581625,-0.0118110832343935,0.1400590734275999,0.2592669825167759,0.0319934465536695,0.0840445021888319,0.1617984302400261,-1,1,1
2018-10-10,0,5.00333309173584,5.066666126251221,4.866665840148926,4.866665840148926,4.270989418029785,564900,1.1166877299287612,-0.0369792191629094,0.0484134982185136,0.2044831145238328,0.0319976668235294,0.0840220874197697,0.1618456147337278,-1,1,1
2018-10-11,0,4.889999866485596,5.056665897369385,4.876666069030762,4.933332920074463,4.32949686050415,371700,1.1257200221620989,0.0136058225416062,0.0184117493498495,0.2324774889038663,0.0319870913345452,0.0839896899665975,0.1619246297954523,1,1,1
2018-10-15,0,4.940000057220459,4.966666221618652,4.646666049957275,4.746665954589844,4.165677547454834,800700,1.2089685631231024,-0.0385723979167736,-0.0412712907196729,0.1922016861440479,0.0319928103112496,0.0839633813208911,0.1619583963478406,-1,-1,1
2018-10-16,0,4.75,4.940000057220459,4.75,4.856666088104248,4.262213706970215,613500,1.2343673043705965,0.0229097359855768,-0.0082024280868961,0.1857591490663756,0.0319866019742348,0.0839294945696615,0.161985538614296,1,0,1
2018-10-17,0,4.856666088104248,5.363333225250244,4.829999923706055,5.233333110809326,4.592776775360107,1243200,1.32720128865048,0.0746961282750863,0.0238489864881929,0.2351582052484949,0.0320444331012439,0.0838983839977646,0.1620668119873973,1,1,1
2018-10-18,0,5.22666597366333,5.360000133514404,5.210000038146973,5.329999923706055,4.677611827850342,699900,1.3164083971114169,0.0183028833824688,0.0539629531050552,0.2225185213343717,0.0320357511256142,0.0838789212866718,0.162132621272324,1,1,1
2018-10-19,0,5.349999904632568,5.426665782928467,5.300000190734863,5.406665802001953,4.744894027709961,536700,1.327074047569729,0.0142814118564861,0.1052235841244507,0.2383634325611028,0.0320254134497735,0.0838993414118358,0.1622170315450422,1,1,1
2018-10-22,0,5.5,5.579999923706055,5.436666011810303,5.579999923706055,4.897012233734131,702000,1.37660162576824,0.0315561725792232,0.1231739341620677,0.2513144143704661,0.0320250914472892,0.0839395586706301,0.1623174103278681,1,1,1
2018-10-23,0,5.583333015441895,5.833333015441895,5.4466657638549805,5.733333110809326,5.0315775871276855,1089900,1.5096959278067408,0.0271082996231357,0.188854631701977,0.2715340985495369,0.032021460575358,0.0840787064116561,0.1624445216768858,1,1,1
2018-10-24,0,5.733333110809326,5.949999809265137,5.733333110809326,5.796666145324707,5.087158203125,1438200,1.6674055902922815,0.0109857943007097,0.17693069001711,0.2681312903899073,0.0320100835382989,0.084196116524493,0.1625662933125436,1,1,1
2018-10-25,0,5.803332805633545,5.866665840148926,5.639999866485596,5.75,5.046204566955566,1326000,1.8564372400511555,-0.0080829750344749,0.0941515867075487,0.2991487325009768,0.0319980108569818,0.0842050122898042,0.1627324973431906,-1,1,1
2018-10-26,0,5.75,5.75,5.566666126251221,5.670000076293945,4.975996494293213,4118100,2.6906772122552227,-0.0140107389028195,0.0618379644222604,0.268852167956588,0.0319875928196831,0.0841895501585172,0.1628539604056559,-1,1,1
2018-10-29,0,5.573332786560059,5.666666030883789,5.376666069030762,5.50666618347168,4.832654476165772,901800,2.735857892795827,-0.0292297532266999,0.0183267993390743,0.2243548153127365,0.0319854319936621,0.0841572349445922,0.1629187954065049,-1,1,1
2018-10-30,0,5.47333288192749,5.623332977294922,5.303332805633545,5.466666221618652,4.797550201416016,892800,2.809568591471089,-0.0072904847635148,-0.0205198580036637,0.1931112674499789,0.0319732390277506,0.0841252503616483,0.1629499346710125,-1,-1,1
2018-10-31,0,5.466666221618652,5.683332920074463,5.409999847412109,5.550000190734863,4.870684146881104,894900,2.7498817806830425,0.0151289962102633,-0.0324991614165361,0.1950145272258414,0.0319633045829894,0.0840963053804151,0.1629827464338828,1,-1,1
2018-11-01,0,5.593332767486572,5.7733330726623535,5.583333015441895,5.653333187103272,4.961369514465332,1384800,2.9087846640288326,0.0184474052787466,-0.0250375504384993,0.2529161544537106,0.0319547802491179,0.0840653598168718,0.1630813246519212,1,-1,1
2018-11-05,0,5.716666221618652,5.803332805633545,5.573332786560059,5.593332767486572,4.908712863922119,438900,2.89145910910934,-0.0106700528128639,-0.0276246282168882,0.18757974559467,0.0319433903123725,0.0840350904702477,0.1631063374573781,-1,-1,1
2018-11-06,0,5.630000114440918,5.739999771118164,5.533332824707031,5.71999979019165,5.019876003265381,432300,2.8354549799075617,0.0223934712543361,0.0087795819402675,0.1663656454387357,0.0319369111149303,0.0840017096381269,0.1631120416409061,1,1,1
2018-11-07,0,5.806665897369385,5.923333168029785,5.533332824707031,5.653333187103272,4.961369514465332,593700,2.7233083934892237,-0.0117234184414723,0.026285916725495,0.1335315848445145,0.0319258442517934,0.0839713664417531,0.1630924999808397,-1,1,1
2018-11-08,0,5.663332939147949,5.693333148956299,5.366665840148926,5.38666582107544,4.727341651916504,2146200,2.848316845694695,-0.0483187885224839,-0.0147423870334741,0.0953719229692305,0.0319422315177519,0.083938651038257,0.1630505035507633,-1,-1,1
2018-11-09,0,5.420000076293945,5.493332862854004,5.166666030883789,5.38666582107544,4.727341651916504,1165800,2.796177563859197,0.0,-0.0298713832437372,0.0527272092692333,0.0319294725726464,0.083909142524735,0.1629920908262508,0,-1,1
2018-11-12,1,5.516665935516357,5.626666069030762,5.389999866485596,5.539999961853027,4.861907958984375,678000,2.0364751311264007,0.0280679191346969,-0.0202508693877871,0.0926062116383236,0.0319266270834771,0.083877399469615,0.1629488173658241,1,-1,1
2018-11-13,0,5.489999771118164,5.553332805633545,5.263332843780518,5.50333309173584,4.829729080200195,557100,1.962805917170607,-0.006640569989111,-0.0162213865640342,0.122944860812122,0.0319144351997194,0.0838450070352955,0.1629223156442569,-1,-1,1
2018-11-14,0,5.50333309173584,5.823332786560059,5.320000171661377,5.783332824707031,5.0754570960998535,1003200,1.998523758435244,0.049626214033511,0.0110113562151404,0.1589652523040267,0.0319325157522109,0.0838120861907351,0.162921582031184,1,1,1
2018-11-16,0,5.800000190734863,5.869999885559082,5.650000095367432,5.816666126251221,5.104710102081299,437700,1.904663976953643,0.0057470738796398,0.0284818485362526,0.2032847241004401,0.031920216528422,0.0837825624620359,0.1629612594335884,1,1,1
2018-11-19,0,5.869999885559082,6.039999961853027,5.863333225250244,6.03000020980835,5.291932582855225,899100,1.811330642114192,0.0360198437776051,0.1128204808363419,0.2163948318924686,0.0319236934052523,0.0838101463656804,0.1630145187621487,1,1,1
2018-11-21,0,5.933332920074463,6.053332805633545,5.816666126251221,5.833333015441895,5.11933708190918,756600,1.8872712225017527,-0.0331585522471773,0.0796619285891645,0.1085401513702048,0.0319246892355379,0.0838071242834686,0.1629792487326373,-1,1,1
2018-11-22,0,5.906665802001953,5.906665802001953,5.736666202545166,5.833333015441895,5.11933708190918,466800,1.8969739682771969,0.0,0.0515940094544676,0.0902372679877359,0.0319120081315479,0.0837864783428466,0.1629347367711961,0,1,1
2018-11-23,0,5.833333015441895,5.833333015441895,5.559999942779541,5.7133331298828125,5.014025688171387,595800,1.8988203500273628,-0.020785831466992,0.0374487479765866,0.0551700246642578,0.0319047023271593,0.083759827140577,0.16287719758513,-1,1,1
2018-11-26,0,5.659999847412109,5.833333015441895,5.643332958221436,5.653333187103272,4.961369514465332,602700,1.582679527453864,-0.0105573085996884,-0.0227347746566128,0.0130565434853462,0.0318934246033999,0.083728895827006,0.1628121014253802,-1,-1,0
2018-11-27,0,5.690000057220459,5.733333110809326,5.583333015441895,5.666666030883789,4.97307014465332,1217100,1.6066073941892836,0.0023555703189626,-0.0261262782172899,-0.0116961858188268,0.0318808575177725,0.0836987793778915,0.1627467041047581,0,-1,0
2018-11-28,0,5.666666030883789,5.706665992736816,5.586666107177734,5.646666049957275,4.9555182456970215,558600,1.583270122878763,-0.003535631965083,-0.0656817539599781,-0.0262176120846196,0.031868385453531,0.0836858525560906,0.1626825728357271,-1,-1,-1
2018-11-29,0,5.566666126251221,5.78000020980835,5.559999942779541,5.666666030883789,4.97307014465332,1151100,1.717308671156274,0.003535631965083,-0.0289875697477177,-0.0145990050850616,0.0318559358337561,0.083656525850384,0.16261748543646,1,-1,0
2018-11-30,0,5.703332901000977,5.703332901000977,5.610000133514404,5.610000133514404,4.923340320587158,807600,1.6680200915396737,-0.0100501576451322,-0.03903772739285,-0.0106384238273744,0.0318445844039992,0.0836304438056981,0.1625522771344907,-1,-1,0
2018-12-03,0,5.633333206176758,5.72666597366333,5.633333206176758,5.639999866485596,4.949667930603027,735300,1.7301012572492869,0.0053332625174692,-0.0129186334083886,0.0239245919167948,0.0318323642897201,0.0835980299586062,0.162488701054036,1,-1,1
2018-12-04,0,5.63666582107544,5.75,5.559999942779541,5.559999942779541,4.879460334777832,1234500,1.7860217523245765,-0.0142858629894993,-0.0166471877981996,0.0169292136908103,0.0318223126628541,0.0835661645748926,0.1624244097526266,-1,-1,1
2018-12-05,0,5.563333034515381,5.650000095367432,5.559999942779541,5.630000114440918,4.940892219543457,240300,1.6673521818352648,0.0125112995210414,-0.0064914585961209,0.0143115170015884,0.0318117183766758,0.0835332550497134,0.1623599615952648,1,0,0
2018-12-06,0,5.583333015441895,5.650000095367432,5.5233330726623535,5.593332767486572,4.908712863922119,338100,1.635097017130833,-0.0065341645357055,-0.0094899911667436,-0.0106700528128639,0.0317997028053406,0.0835006015388892,0.1622950688430461,-1,-1,0
2018-12-07,0,5.63666582107544,5.643332958221436,5.553332805633545,5.596665859222412,4.911638259887695,801300,1.6769954755467396,0.0005957823738127,-0.0124298407580139,0.0005957823738127,0.0317871859623174,0.0834682815184187,0.1622301081857098,0,-1,0
2018-12-10,0,5.593332767486572,5.593332767486572,5.416666030883789,5.5,4.826804161071777,675300,1.688894421318382,-0.0174229596796767,-0.0198026427925583,-0.0392206485602002,0.031778411705277,0.08343709803642,0.1621685422471361,-1,-1,-1
2018-12-11,0,5.5233330726623535,5.650000095367432,5.496665954589844,5.519999980926514,4.844356060028076,503700,1.5292856362394291,0.0036297440690901,-0.0215061612409376,-0.0238674860496379,0.0317660865237606,0.0834062760141877,0.1621048446072941,1,-1,-1
2018-12-12,0,5.563333034515381,5.663332939147949,5.519999980926514,5.519999980926514,4.844356060028076,1053000,1.6323576079471045,0.0,-0.0072202982514382,0.0244513024728461,0.031753607259762,0.0833736011240143,0.1620418767108133,0,0,1
2018-12-13,0,5.579999923706055,5.663332939147949,5.553332805633545,5.616665840148926,4.929190158843994,1699800,1.7496196796578336,0.0173603782154539,-0.0023712195570255,0.0418116806883001,0.0317448926151896,0.0833407629824547,0.1619820220804428,1,0,1
2018-12-14,0,5.633333206176758,5.646666049957275,5.563333034515381,5.599999904632568,4.91456413269043,545400,1.6923751205241837,-0.0029716379510262,0.0011913070276535,0.0107721236025768,0.0317325467204503,0.0833079571013105,0.1619178501596982,0,0,0
2018-12-17,0,5.579999923706055,5.639999866485596,5.5,5.50333309173584,4.829729080200195,1511100,1.8540202577799143,-0.0174126935916878,-0.0168171689378469,0.0,0.0317238305631458,0.0832764510087499,0.1618533422759437,-1,-1,0
2018-12-18,0,5.493332862854004,5.623332977294922,5.47333288192749,5.603332996368408,4.917489051818848,258000,1.6439410031086492,0.0180076698717818,0.0186134606136117,-0.031618544161729,0.0317154359657726,0.0832454172950607,0.1617909977157739,1,1,-1
2018-12-19,0,5.630000114440918,5.683332920074463,5.590000152587891,5.590000152587891,4.905787944793701,1068900,1.823160742946797,-0.0023823236509128,0.0126013928936088,-0.0397479416922817,0.0317030923785196,0.0832135107222619,0.1617300543816138,0,1,-1
2018-12-20,0,5.573332786560059,5.666666030883789,5.550000190734863,5.633333206176758,4.943817615509033,809700,1.926693029233348,0.0077221081516633,0.0203235010452719,-0.0680456773182237,0.03169144118448,0.0831828673055301,0.1616763328477836,1,1,-1
2018-12-21,0,5.646666049957275,5.816666126251221,5.590000152587891,5.650000095367432,4.958444118499756,1020000,1.976260317163164,0.0029541763328279,0.0059172991626459,-0.0319329487382185,0.0316791701886509,0.0831504262680432,0.1616142396419524,0,0,-1
2018-12-26,0,5.650000095367432,5.650000095367432,5.349999904632568,5.456665992736816,4.788774013519287,739500,1.9887086119026316,-0.0348175741512551,-0.025928637037583,-0.0667505228894737,0.0316816924731119,0.0831209165758683,0.1615602201939965,-1,-1,-1
2018-12-27,0,5.403333187103272,5.590000152587891,5.403333187103272,5.546666145324707,4.867758274078369,194700,1.9227752981826745,0.0163590861972999,0.0078431427514048,-0.0296056052251817,0.0316726552710997,0.0830886833573276,0.1614979403342756,1,0,-1
2018-12-28,0,5.5,5.716666221618652,5.5,5.666666030883789,4.97307014465332,884700,1.8917854276669333,0.0214038669444559,0.011239339824079,0.0023555703189626,0.0316659743957631,0.0830568046426098,0.1614340027389352,1,1,0
2019-01-02,0,5.616665840148926,6.053332805633545,5.616665840148926,6.00333309173584,5.268529415130615,724200,1.6901806473188756,0.0577138905184001,0.0713355539933921,0.0577138905184001,0.0316946181396005,0.0830485142055137,0.1613789944186734,1,1,1
2019-01-03,0,6.0,6.353332996368408,5.986666202545166,6.266665935516357,5.499630928039551,933000,1.7984570351968832,0.0429297107443224,0.1065431565860514,0.1041792332278058,0.0317048877725408,0.0830697325718893,0.1613430479568109,1,1,1
2019-01-04,0,6.25,6.400000095367432,6.233333110809326,6.25,5.485004425048828,972900,1.7117811005954588,-0.0026630855126023,0.1009258947406212,0.0979805157501204,0.0316926478187023,0.0830853464058709,0.1613039635627642,0,1,1
2019-01-07,0,6.239999771118164,6.380000114440918,6.183332920074463,6.296666145324707,5.525959014892578,1499100,2.021721125542353,0.0074389092156927,0.143182378107569,0.1154695826109454,0.031681004511438,0.0831492768844041,0.1612742307495812,1,1,1
2019-01-08,0,6.276666164398193,6.543333053588867,6.269999980926514,6.496665954589844,5.701478481292725,1491300,2.165698566309266,0.0312687141924333,0.1580920061027026,0.1414050342859096,0.0316806459365739,0.083233931873845,0.1612610667903126,1,1,1
2019-01-09,0,6.50333309173584,6.563333034515381,6.340000152587891,6.340000152587891,5.56398868560791,739500,2.170627407399984,-0.0244102833300942,0.1122778558281523,0.1312806139453147,0.031675685698394,0.0832603570035663,0.1612409895178636,-1,1,1
2019-01-10,0,6.340000152587891,6.443333148956299,6.289999961853027,6.440000057220459,5.6517486572265625,406800,2.048755270716062,0.0156497535688646,0.0702137188786167,0.1344190679931379,0.0316663838746937,0.0832508669016401,0.1612229408820821,1,1,1
2019-01-11,0,6.440000057220459,6.4466657638549805,6.1966657638549805,6.269999980926514,5.502556324005127,615000,2.041808877475864,-0.026752223686802,0.000531784447492,0.1142010088420413,0.031662903879601,0.0832184928915155,0.1611923870121839,-1,0,1
2019-01-14,0,6.199999809265137,6.316666126251221,6.070000171661377,6.2733330726623535,5.505481719970703,1122900,2.273067175392208,0.0005315018030927,0.0037263717631872,0.1141367282713215,0.0316506510441758,0.0831862132755985,0.1611617873133264,0,0,1
2019-01-15,0,6.320000171661377,6.369999885559082,6.156665802001953,6.183332920074463,5.426497459411621,1256100,2.379832397211924,-0.0144503815225753,-0.0181629189750807,0.1171093064284231,0.0316409729418562,0.0831554925874087,0.161132879695499,-1,-1,1
2019-01-16,0,6.166666030883789,6.383333206176758,6.126666069030762,6.190000057220459,5.432348251342773,1338900,2.5326055412032247,0.001077608551255,-0.0483540246162591,0.1145571709105879,0.0316287580297487,0.0831342304424759,0.1611024970346544,0,-1,1
2019-01-17,0,6.133333206176758,6.353332996368408,6.133333206176758,6.216666221618652,5.455750942230225,1191900,2.59320199418041,0.004298771807719,-0.0196449694784459,0.1188559427183069,0.0316167664217462,0.0831038332614717,0.1610745809258992,1,-1,1
2019-01-18,0,6.233333110809326,6.353332996368408,6.116665840148926,6.2133331298828125,5.452825546264648,681300,2.5215692966424834,-0.0005363478981497,-0.0358310709454602,0.1009592166047031,0.0316045701638888,0.0830776769652544,0.1610369460347533,0,-1,1
2019-01-21,0,6.216666221618652,6.329999923706055,6.099999904632568,6.293333053588867,5.523033618927002,441000,2.2631859532413583,0.0127933547947802,0.0037145075361218,0.1167242093505097,0.0315943702292963,0.0830455795511856,0.1610077755603298,1,0,1
2019-01-22,0,6.320000171661377,6.616665840148926,6.22666597366333,6.480000019073486,5.68685245513916,2562900,2.5314619234842923,0.0292296457760825,0.0324126515091116,0.16336654871828,0.0315925799554481,0.0830183078300589,0.1610106394819953,1,1,1
2019-01-23,0,6.556665897369385,6.666666030883789,6.486666202545166,6.563333034515381,5.75998592376709,1262700,2.671010075344684,0.0127781071606388,0.0596411401923258,0.1581369860071371,0.0315823863443671,0.0830026803804661,0.1610092833921062,1,1,1
2019-01-24,0,6.616665840148926,6.733333110809326,6.50333309173584,6.663332939147949,5.847745895385742,989700,2.825129882828027,0.0151212390476279,0.0736847706886989,0.175640548705678,0.0315729937212764,0.0829957254575199,0.1610220974620754,1,1,1
2019-01-28,0,6.630000114440918,6.646666049957275,6.46999979019165,6.556665897369385,5.754134654998779,855000,2.892979028648287,-0.0161376031254536,0.053248395755526,0.1517808374285611,0.0315640589071705,0.0829767417287159,0.1610157281820974,-1,1,1
2019-01-29,0,6.559999942779541,6.71999979019165,6.533332824707031,6.533332824707031,5.733657360076904,1375800,2.968363107266481,-0.0035650569897568,0.050219686663919,0.1452616041059763,0.0315520960380453,0.0829563163648327,0.1610045639728498,-1,1,1
2019-01-30,0,6.553332805633545,6.760000228881836,6.553332805633545,6.760000228881836,5.932580947875977,726600,2.857663055291411,0.0341057442047487,0.0715320760738875,0.2141849224619803,0.0315540673687394,0.0829478730702119,0.1610535276962876,1,1,1
2019-01-31,0,6.763332843780518,6.826665878295898,6.663332939147949,6.72666597366333,5.903326988220215,799200,2.7447618235735227,-0.004943265761139,0.0373591645366661,0.1928825705035413,0.031542274412301,0.082922275039874,0.1610812101317044,-1,1,1
2019-02-01,0,6.72666597366333,6.789999961853027,6.659999847412109,6.769999980926514,5.941357135772705,534300,2.5977171561493244,0.0064214930237396,0.0310025503997668,0.1779001965828249,0.0315306735427115,0.0828947094262413,0.1610952592824528,1,1,1
2019-02-04,0,6.793333053588867,6.820000171661377,6.670000076293945,6.75,5.923804759979248,305400,2.513513704313396,-0.0029586429163794,0.0129226684357591,0.1172276631480451,0.0315187130000866,0.0828635658674641,0.1610658770487443,0,1,1
2019-02-05,0,6.75,6.800000190734863,6.539999961853027,6.546666145324707,5.745358943939209,423600,2.513428710146555,-0.0305865496860138,-0.0015262781248009,0.0437114027177088,0.0315180710888271,0.0828317564307821,0.1610078840548899,-1,0,1
2019-02-06,0,6.556665897369385,6.590000152587891,6.283332824707031,6.329999923706055,5.555212497711182,807900,2.0677860189897768,-0.0336557129384473,-0.0316169340734912,0.0127187752918639,0.0315198074075751,0.0828047302760179,0.1609457175662967,-1,-1,0
2019-02-07,0,6.373332977294922,6.426665782928467,6.0,6.079999923706055,5.335812091827393,678000,1.9062848741040352,-0.0402955829548269,-0.106018261233067,-0.0350157168786556,0.0315274721183837,0.0828254138081466,0.1608861648967917,-1,-1,-1
2019-02-08,0,6.119999885559082,6.166666030883789,5.903333187103272,6.163332939147949,5.408945560455322,497400,1.7694520789969377,0.0136130753973726,-0.0874619200745551,-0.0526713556737164,0.0315176745544638,0.0828293263348782,0.160830397892254,1,-1,-1
2019-02-11,0,6.199999809265137,6.449999809265137,6.199999809265137,6.266665935516357,5.499630928039551,795300,1.7453324726612571,0.0166268177781925,-0.0772565953201021,-0.0116342545654295,0.0315089860412583,0.0828253871884111,0.1607683648824356,1,-1,0
2019-02-12,0,6.303332805633545,6.353332996368408,6.043333053588867,6.25,5.485004425048828,827100,1.5972506058977138,-0.0026630855126023,-0.0769610379163249,-0.0299470936468964,0.0314970638632247,0.0828212004479799,0.1607082212235856,0,-1,-1
2019-02-13,0,6.243332862854004,6.260000228881836,6.043333053588867,6.043333053588867,5.303633213043213,505800,1.5253225646305075,-0.0336258028843724,-0.0800002911146836,-0.0368206728444668,0.0314987574505808,0.0828191828660049,0.1606492428141114,-1,-1,-1
2019-02-14,0,6.073332786560059,6.150000095367432,6.016665935516357,6.119999885559082,5.370916366577148,8563200,3.348856962175017,0.0126064419105033,-0.0337381362657329,-0.0247457327370562,0.0314886857223227,0.0827928235299588,0.160588553860673,1,-1,-1
2019-02-15,0,6.159999847412109,6.159999847412109,5.953332901000977,6.043333053588867,5.303633213043213,609900,3.3515174806062,-0.0126064419105035,-0.0060489952214094,-0.0229017931249844,0.0314786343678769,0.0827613904072551,0.1605277245057149,-1,0,-1
2019-02-18,0,6.039999961853027,6.039999961853027,5.78000020980835,5.900000095367432,5.177844524383545,862500,3.468895506798259,-0.0240032429094121,-0.0436653135281943,-0.0479826445856515,0.0314736278600477,0.0827386339378114,0.1604712059548623,-1,-1,-1
2019-02-19,0,5.903333187103272,6.086666107177734,5.846665859222412,6.083333015441895,5.338737487792969,568200,3.4953923950339822,0.030600344824597,-0.02969178648179,-0.0216810715687736,0.0314729723720887,0.0827111675350273,0.1604103817769001,1,-1,-1
2019-02-20,0,6.083333015441895,6.133333206176758,5.840000152587891,5.860000133514404,5.142740249633789,678900,3.451359532466305,-0.0374031396076433,-0.0644318405768309,-0.0585478632782672,0.0314778948681904,0.0826987813132378,0.1603566747641771,-1,-1,-1
2019-02-21,0,5.836666107177734,6.033332824707031,5.816666126251221,5.929999828338623,5.204172134399414,804300,3.4764558187725614,0.0118745775236287,-0.0189314601688296,-0.0594666405494185,0.0314676616787672,0.0826689506206665,0.1603032787500296,1,-1,-1
2019-02-22,0,6.013332843780518,6.186666011810303,5.906665802001953,6.106666088104248,5.359214782714844,682500,3.519189973257066,0.0293568311607642,-0.0021810709185689,-0.0593394551647367,0.0314661122551408,0.0826375326178577,0.1602498982857309,1,0,-1
2019-02-25,0,6.099999904632568,6.369999885559082,6.099999904632568,6.266665935516357,5.499630928039551,640800,3.4816497928069823,0.0258635174050402,0.0362888883969747,-0.0462540449203353,0.03146223198568,0.0826121960466841,0.1601932833187961,1,1,-1
2019-02-26,0,6.22333288192749,6.316666126251221,6.13666582107544,6.263332843780518,5.496705532073975,527400,3.409295449168981,-0.0005320673926631,0.0597600639137236,-0.0619073513606266,0.0314503341323257,0.0825972393105019,0.1601407507367081,0,1,-1
2019-02-27,0,6.326665878295898,6.383333206176758,6.246665954589844,6.383333206176758,5.602017879486084,822300,3.4942977598264044,0.0189779498569501,0.0481376689460768,-0.0267917983782229,0.0314427556387348,0.0825765242827905,0.1600808927696825,1,1,-1
2019-02-28,0,6.376666069030762,6.376666069030762,6.153333187103272,6.239999771118164,5.4762282371521,793500,1.654303696248462,-0.0227102823623275,0.0628305261913926,-0.0459370237507935,0.0314370981273328,0.0825632910746012,0.1600243866985432,-1,1,-1
2019-03-01,0,6.25666618347168,6.333333015441895,6.086666107177734,6.086666107177734,5.341662406921387,540900,1.6390444742008508,-0.0248796694139105,0.0260762792538534,-0.1049224373694528,0.0314326790061798,0.0825351025076962,0.15998908292741,-1,1,-1
2019-03-06,0,6.086666107177734,6.086666107177734,5.936666011810303,5.97666597366333,5.245126247406006,466200,1.5497720189884858,-0.0182376050747004,-0.0215181569816113,-0.1182167766830141,0.0314248188129788,0.0825060058771121,0.1599608426809466,-1,-1,-1
2019-03-07,0,6.0,6.0,5.816666126251221,5.833333015441895,5.11933708190918,2088900,1.8882113426534357,-0.0242743571283534,-0.071656031515005,-0.1489126268351072,0.0314200379375036,0.0824983967302976,0.1599520901112147,-1,-1,-1
2019-03-08,0,5.816666126251221,6.320000171661377,5.816666126251221,6.25333309173584,5.487929821014404,642000,1.8896182645310025,0.0695261481467488,-0.001597815975593,-0.0764278357719789,0.0314660850411417,0.0824672249249591,0.1599045327463091,1,0,-1
2019-03-11,0,6.266665935516357,6.433332920074463,6.230000019073486,6.38666582107544,5.604942321777344,557700,1.8427936347652871,0.0210976633507139,0.0005218975181707,-0.0247436227352512,0.031459546731357,0.0824360768024887,0.1598447497912662,1,0,-1
2019-03-12,0,6.429999828338623,6.429999828338623,6.276666164398193,6.276666164398193,5.508406639099121,278400,1.7489479889765256,-0.0173733608382348,0.0058588190422633,-0.0084612706350388,0.0314513438226318,0.0824051167712345,0.1597838166471896,-1,0,0
2019-03-13,0,6.276666164398193,6.360000133514404,6.246665954589844,6.346665859222412,5.569838523864746,326100,1.673494158323345,0.0110906580512106,0.0418291465073844,0.0429249703709985,0.0314409854215838,0.0823820158050081,0.1597274176570716,1,1,1
2019-03-14,0,6.343332767486572,6.343332767486572,6.146666049957275,6.266665935516357,5.499630928039551,420600,1.6476122176369654,-0.0126850771954332,0.0473816743866517,0.0166268177781925,0.0314311151635096,0.0823611906987971,0.1596672234012096,-1,1,1
2019-03-15,0,6.326665878295898,6.38666582107544,6.156665802001953,6.203332901000977,5.44404935836792,489900,1.5619234290068202,-0.0101578346831172,0.0614981968318876,-0.0101578346831172,0.0314205629161317,0.0823473816435732,0.1596065668723175,-1,1,0
2019-03-18,0,6.216666221618652,6.289999961853027,6.203332901000977,6.266665935516357,5.499630928039551,303600,1.4437086953112686,0.0101578346831171,0.0021298833682563,0.0026630855126023,0.0314100074096792,0.0823164122382979,0.1595458065904288,1,0,0
2019-03-19,0,6.289999961853027,6.396666049957275,6.22666597366333,6.309999942779541,5.537660598754883,314100,1.3929039567628565,0.006891150989145,-0.0120766289933125,0.0431800393861198,0.0313988013142725,0.0822861462750714,0.1594897213303676,1,-1,1
2019-03-20,0,6.286665916442871,6.326665878295898,6.170000076293945,6.293333053588867,5.523033618927002,319800,1.3629046245455223,-0.002644859005531,0.0026518728393912,0.0279287384700853,0.031387134015668,0.082255257147586,0.1594310458599258,0,0,1
2019-03-21,1,6.22333288192749,6.276666164398193,5.97333288192749,6.046666145324707,5.306558609008789,586200,1.0278775673964546,-0.0399837490608223,-0.0484225342726415,0.0005514313197665,0.0313944663380412,0.0822351470036344,0.1593704650098019,-1,-1,0
2019-03-22,0,6.0,6.099999904632568,5.953332901000977,6.050000190734863,5.309484481811523,432900,0.9737659295232676,0.0005512172194077,-0.0351862398578004,0.0251058914485863,0.0313827357794175,0.0822099840966993,0.1593115541894121,0,-1,1
2019-03-25,0,6.0,6.166666030883789,5.896666049957275,6.119999885559082,5.370916366577148,347400,0.9180971422199408,0.0115037933713292,-0.013524611803354,0.0060093399953186,0.0313725862954366,0.0821800122585936,0.1592512176139267,1,-1,0
2019-03-26,0,6.099999904632568,6.489999771118164,6.086666107177734,6.383333206176758,5.602017879486084,871800,1.0661162784557598,0.0421283289507582,0.0184458824642868,0.0855408085537202,0.0313819537071398,0.0821507607806229,0.1592085905329068,1,1,1
2019-03-27,0,6.366665840148926,6.366665840148926,6.046666145324707,6.066666126251221,5.324110507965088,546300,1.114372276412311,-0.0508812115734318,-0.03932648009829,0.0227850194566596,0.0314010430569113,0.0821270935094985,0.1591495925848172,-1,-1,1
2019-03-28,0,6.079999923706055,6.21999979019165,6.00666618347168,6.119999885559082,5.370916366577148,590400,1.1522725873847288,0.0087528826226736,-0.0279287384700854,0.002181070918569,0.0313902478223802,0.0820999464657739,0.1590893633582149,1,-1,0
2019-03-29,0,6.199999809265137,6.28000020980835,6.046666145324707,6.233333110809326,5.470377445220947,567600,1.1716214456790273,0.018349077328359,0.0304040879190959,-0.0053333691581124,0.0313825427314902,0.0820734490608675,0.1590292319052846,1,1,0
2019-04-01,0,6.289999961853027,6.289999961853027,6.090000152587891,6.090000152587891,5.344588756561279,941100,1.3200738085451402,-0.0232630151578054,0.0065898555418826,-0.0280643169232546,0.031377295178392,0.0820429884286659,0.1589708904630384,-1,0,-1
2019-04-02,0,6.119999885559082,6.303332805633545,6.119999885559082,6.303332805633545,5.5318098068237305,585900,1.386420591659871,0.0344304309881223,0.0295164931586756,-0.0126118357920824,0.0313796534215374,0.0820163061040234,0.1589111774676334,1,1,0
2019-04-03,0,6.296666145324707,6.496665954589844,6.269999980926514,6.329999923706055,5.555212497711182,573900,1.4492400676801145,0.0042216431070571,-0.0083901926850252,0.0143200896773021,0.0313682015584237,0.0819860486857668,0.158851741252219,1,-1,0
2019-04-04,0,6.329999923706055,6.4633331298828125,6.25333309173584,6.393332958221436,5.610793590545654,307800,1.388106883447665,0.0099554937470925,0.052446512635499,0.0491552528383053,0.0313577179500604,0.0819679405377057,0.1587977462020576,1,1,1
2019-04-05,0,6.480000019073486,6.486666202545166,6.333333015441895,6.333333015441895,5.558137893676758,428400,1.391757568768785,-0.0094290285624059,0.0342646014504194,0.0579638293505996,0.0313471470835714,0.0819427034527982,0.1587460739638543,-1,1,1
2019-04-08,0,6.396666049957275,6.613333225250244,6.349999904632568,6.606666088104248,5.798015117645264,2593500,1.9736769631802864,0.0422524969277362,0.0581680210497969,0.1244906834066894,0.0313565770093824,0.081927477310237,0.1587234422428067,1,1,1
2019-04-09,0,6.630000114440918,6.829999923706055,6.47666597366333,6.47666597366333,5.683926582336426,2565000,2.4020296678806075,-0.0198733442831265,0.0615576919244758,0.0350911909768141,0.0313496592738227,0.0819140821591566,0.1586667334621941,-1,1,1
2019-04-10,0,6.559999942779541,6.593332767486572,6.426665782928467,6.483333110809326,5.689777851104736,675900,2.443434186149529,0.0010289117883729,0.0281561727247267,0.0150224394144734,0.0313380658185444,0.0818871755741551,0.1586076489676919,0,1,0
2019-04-11,0,6.53000020980835,6.556665897369385,6.406665802001953,6.466666221618652,5.675150871276856,539100,2.438507347407154,-0.0025740571298654,0.021360472487804,0.0298217431228426,0.03132655603453,0.0818587873978905,0.1585502408411316,0,1,1
2019-04-12,0,6.453332901000977,6.453332901000977,6.340000152587891,6.373332977294922,5.593241691589356,2191500,2.8428773660988016,-0.0145381201264006,-0.0031331413856892,0.0041929649452314,0.031317489606244,0.0818284719707026,0.158490766735643,-1,0,0
2019-04-15,0,6.366665840148926,6.486666202545166,6.363333225250244,6.373332977294922,5.593241691589356,653100,2.78204708857961,0.0,0.0062958871767167,0.0168780421406647,0.0313059226929437,0.08179830018401,0.1584320238042253,0,0,1
2019-04-16,0,6.423333168029785,6.423333168029785,5.97333288192749,6.289999961853027,5.520108222961426,1535400,3.0133113028598277,-0.0131615624289369,-0.0491181721799566,0.013874314394845,0.0312964244086766,0.0817790507695693,0.1583731203040497,-1,-1,0
2019-04-17,0,6.260000228881836,6.343332767486572,6.126666069030762,6.2133331298828125,5.452825546264648,430500,2.9761686585606677,-0.0122635425228939,-0.0415083704197241,-0.0085470628111661,0.0312866645317827,0.0817566714709097,0.1583139461702801,-1,-1,0
2019-04-18,0,6.199999809265137,6.380000114440918,6.166666030883789,6.336666107177734,5.561062812805176,522000,3.0281197370702,0.0196553201943605,-0.0228819620137365,0.0042171063940493,0.0312796689215615,0.0817288458107434,0.1582547387554475,1,-1,0
2019-04-22,0,6.336666107177734,6.420000076293945,6.283332824707031,6.320000171661377,5.546436786651611,313200,2.9996689195259,-0.0026335422253928,-0.0229414471092639,0.0042284231741875,0.0312682343054919,0.0817010606951144,0.1581955979725258,0,-1,0
2019-04-23,0,6.396666049957275,6.460000038146973,6.329999923706055,6.420000076293945,5.634196758270264,347100,2.421715790352036,0.0156988910631837,0.0072955640803205,0.0599110632981935,0.031259611486978,0.0816711125914434,0.1581450900734495,1,0,1
2019-04-24,0,6.380000114440918,6.389999866485596,6.303332805633545,6.353332996368408,5.575689792633057,232200,1.83479067384016,-0.0104385529024444,-0.0031429888221239,0.0489212931763414,0.0312494109301168,0.081641020601619,0.158091781747894,-1,0,1
2019-04-25,0,6.316666126251221,6.543333053588867,6.306665897369385,6.543333053588867,5.742434024810791,486900,1.7884126947072552,0.0294671272710223,0.0394857008778352,0.0668846270760345,0.0312480999120569,0.0816178795810321,0.1580434703601763,1,1,1
2019-04-26,0,6.583333015441895,6.610000133514404,6.420000076293945,6.420000076293945,5.636178016662598,1385100,1.9981479892500895,-0.018676987406776,0.0330722559939531,0.0060793107185002,0.0312407521083376,0.0815926691884516,0.157984630155997,-1,1,0
2019-04-29,0,6.366665840148926,6.676665782928467,6.366665840148926,6.663332939147949,5.849802017211914,778500,1.6577997995898834,0.0372016382826022,0.0506185740821951,0.0941621605745344,0.0312454841028728,0.0815740644853778,0.1579468232686834,1,1,1
2019-04-30,0,6.619999885559082,6.716666221618652,6.570000171661377,6.650000095367432,5.838097095489502,894600,1.7271556247231703,-0.0020029135300643,0.0512492027775235,0.0834063644217965,0.0312340792762128,0.0815557540596498,0.1579045174620148,0,1,1
2019-05-02,0,6.650000095367432,6.693333148956299,6.570000171661377,6.666666030883789,5.852727890014648,2118300,1.900444479093788,0.0025029546129576,0.0380532663272974,0.067560241706395,0.0312227050173496,0.0815321783624504,0.1578565874722207,0,1,1
2019-05-03,0,6.666666030883789,6.666666030883789,6.4633331298828125,6.4633331298828125,5.674220085144043,383400,1.892847779877928,-0.0309747345497822,0.0175170846799594,0.0598485223144183,0.0312225745321846,0.081503546594717,0.1578063784938995,-1,1,1
2019-05-06,0,6.406665802001953,6.443333148956299,6.343332767486572,6.416666030883789,5.633250713348389,390900,1.8618841832786603,-0.0072464571086925,-0.0191964996997552,0.0181716342176036,0.0312117771177804,0.081475343774965,0.1577485363796696,-1,-1,1
2019-05-07,0,6.449999809265137,6.449999809265137,6.309999942779541,6.393332958221436,5.612766265869141,287700,1.8564786023814013,-0.0036429733605462,-0.0041624856535254,0.0103070177500001,0.0312005270829643,0.0814455417991017,0.1576902261939705,-1,0,0
2019-05-08,0,6.356666088104248,6.583333015441895,6.356666088104248,6.553332805633545,5.753232002258301,265800,1.837638965297912,0.0247180907233011,-0.0166460332128266,0.0250696147262087,0.0311962495315062,0.0814169804302031,0.1576332170372595,1,-1,1
2019-05-09,0,6.543333053588867,6.666666030883789,6.4466657638549805,6.646666049957275,5.835169792175293,311700,1.8607962503551496,0.0141415799846228,-0.0005015396981395,0.0486402232732375,0.031187178248042,0.0813871550566952,0.1575803645409249,1,0,1
2019-05-10,0,6.590000152587891,6.663332939147949,6.5,6.593332767486572,5.788348197937012,362700,1.8300217412420623,-0.0080563986783206,-0.0110608929894177,-0.0016686723328194,0.0311765757815827,0.0813579432451079,0.1575219966601316,-1,-1,0
2019-05-13,1,6.583333015441895,6.659999847412109,6.480000019073486,6.630000114440918,5.8205389976501465,528000,1.6208948507702885,0.005545903182373,0.0254597447427375,0.0237505751326799,0.0311655620872257,0.081331018452238,0.1574650199888953,1,1,1
2019-05-14,0,6.630000114440918,6.630000114440918,6.453332901000977,6.513332843780518,5.718115329742432,242700,1.4810056363755235,-0.017753605443875,0.014952596407555,0.004968057900432,0.0311579236351993,0.081302245187484,0.1574068342372387,-1,1,0
2019-05-15,0,6.50333309173584,6.50333309173584,6.303332805633545,6.336666107177734,5.563018321990967,606600,1.399349005450349,-0.0274984386586493,-0.0089028688905481,-0.0199563236283519,0.0311554507347376,0.0812729307689621,0.1573495842106815,-1,-1,-1
2019-05-16,0,6.336666107177734,6.389999866485596,6.306665897369385,6.306665897369385,5.536680698394775,392700,0.9476623262758656,-0.0047456553510996,-0.038366614964949,-0.010163858853051,0.0311443869811195,0.0812499922806802,0.1572917074534272,-1,-1,0
2019-05-17,0,6.306665897369385,6.326665878295898,6.13666582107544,6.13666582107544,5.3874359130859375,325500,0.9290230511306982,-0.0273256094054307,-0.0798338043550024,-0.0374894682584817,0.0311418006992288,0.0812491784104114,0.1572369393763002,-1,-1,-1
2019-05-20,0,6.13666582107544,6.300000190734863,6.133333206176758,6.2733330726623535,5.507417678833008,541200,0.9634212540171913,0.0220262926039311,-0.0497511130727506,-0.0023016132256135,0.0311361349461633,0.0812307782978841,0.1571789618608403,1,-1,0
2019-05-21,0,6.353332996368408,6.353332996368408,6.25,6.333333015441895,5.560091972351074,767100,1.080516203115905,0.0095187974352818,-0.0457782188198418,0.019480726732562,0.0311258828952839,0.0812106758037334,0.157121935314628,1,-1,1
2019-05-22,0,6.366665840148926,6.366665840148926,6.116665840148926,6.190000057220459,5.434258460998535,531300,1.1405143834921945,-0.0228915763694989,-0.0509161897454657,-0.0230661698312972,0.0311207194018736,0.0811928178171244,0.1570653114554974,-1,-1,-1
2019-05-23,0,6.173333168029785,6.246665954589844,6.056665897369385,6.070000171661377,5.328909397125244,566700,1.1935787321675766,-0.0195764722288499,-0.0429942233156664,-0.0400090998347544,0.0311139134566694,0.0811716234887455,0.1570112431298907,-1,-1,-1
2019-05-24,0,6.076665878295898,6.443333148956299,6.00333309173584,6.246665954589844,5.484005928039551,690900,1.2682208120375134,0.0286892413524068,-0.0095593266121597,-0.0270187495455313,0.0311122112775997,0.081142542310775,0.1569552001240381,1,-1,-1
2019-05-27,0,6.243332862854004,6.363333225250244,6.22666597366333,6.233333110809326,5.472301006317139,294600,1.2036679252575566,-0.0021366553977679,0.0156296273955029,-0.0187168520408549,0.0311010077126176,0.0811141497672632,0.1568983344339961,0,1,-1
2019-05-28,0,6.210000038146973,6.433332920074463,6.179999828338623,6.433332920074463,5.64788293838501,776400,1.3360881611641438,0.0315815864978015,0.0251849212893731,-0.0166023928140757,0.0311013267815407,0.081087519787294,0.1568413574338182,1,1,-1
2019-05-29,0,6.396666049957275,6.496665954589844,6.360000133514404,6.433332920074463,5.64788293838501,373500,1.280197468802916,0.0,0.0156661238540915,0.0020745945927003,0.0310900887563099,0.0810591900942682,0.1567838233643684,0,1,0
2019-05-30,0,6.383333206176758,6.426665782928467,6.306665897369385,6.38666582107544,5.606913566589356,311700,1.261350810363847,-0.0072803720153403,0.0312773282082499,-0.0424074157052424,0.0310794872284146,0.0810341422671416,0.1567305095371826,-1,1,-1
2019-05-31,0,6.286665916442871,6.340000152587891,6.25,6.329999923706055,5.557165622711182,275700,1.2515647538627137,-0.0089122035616614,0.0419415968754386,-0.0493167057368394,0.0310692049130329,0.0810125866450495,0.1566787235863861,-1,1,-1
2019-06-03,0,6.346665859222412,6.346665859222412,6.233333110809326,6.239999771118164,5.478153705596924,448500,1.2284288852002283,-0.0143200690382841,-0.0010677135152524,-0.0661397293880811,0.0310603950941336,0.0809832787363335,0.1566315050014012,-1,0,-1
2019-06-04,0,6.233333110809326,6.300000190734863,6.170000076293945,6.173333168029785,5.419626712799072,253800,1.100761823721673,-0.0107411882517796,-0.009672246369264,-0.0459061830900784,0.0310505496266027,0.0809544311787051,0.156579061854015,-1,-1,-1
2019-06-05,0,6.166666030883789,6.199999809265137,6.079999923706055,6.079999923706055,5.337688446044922,272700,1.0375109841808032,-0.0152342569203947,-0.0564880897874602,-0.0538939829017806,0.0310420682188556,0.0809395154863657,0.1565285188368643,-1,-1,-1
2019-06-06,0,6.090000152587891,6.123332977294922,6.036665916442871,6.066666126251221,5.325982570648193,247800,0.9623984367354816,-0.0021954690988396,-0.0586835588862998,-0.052446478640074,0.0310309564916457,0.080925728280856,0.1564776670192777,0,-1,-1
2019-06-07,0,6.083333015441895,6.190000057220459,5.96999979019165,6.00333309173584,5.270381927490234,530100,0.9184353616397332,-0.0104943829463963,-0.0618975698173558,-0.0876589523097715,0.0310210783048346,0.0809136664577954,0.1564382997322045,-1,-1,-1
2019-06-10,0,6.00333309173584,6.170000076293945,5.953332901000977,6.170000076293945,5.41670036315918,1416000,1.1860790390218514,0.0273840090423787,-0.0256013572133156,-0.0744165232520156,0.0310186099112544,0.0808874287739617,0.1563939814923047,1,-1,-1
2019-06-11,0,6.179999828338623,6.400000095367432,6.13666582107544,6.400000095367432,5.618619441986084,14153700,4.505796411360688,0.0365991418571087,0.025317853682077,-0.0297609827165862,0.0310229451520107,0.080861126213053,0.156338968328404,1,1,-1
2019-06-12,0,6.396666049957275,6.616665840148926,6.393332958221436,6.5233330726623535,5.726894855499268,994200,4.664149269415749,0.0190874909689834,0.0551465329028401,-0.0162193949299757,0.0310160044886767,0.0808455088865838,0.1562825971953235,1,1,-1
2019-06-13,0,6.53000020980835,6.656665802001953,6.5,6.573332786560059,5.770790100097656,380400,4.683921695874658,0.0076355297662515,0.0780163195894863,0.0091697402801508,0.0310055480093442,0.0808434102466817,0.1562259353234795,1,1,0
2019-06-14,0,6.603332996368408,6.603332996368408,6.360000133514404,6.360000133514404,5.583503246307373,418800,4.719542995667874,-0.0329926022571848,0.047219186431141,0.0036755766816153,0.031007060391674,0.080824183658649,0.1561691569566728,-1,1,0
2019-06-17,0,6.366665840148926,6.426665782928467,6.300000190734863,6.400000095367432,5.618619441986084,283800,4.68144194955375,0.0062695815219498,0.0639831508994873,0.0146908135546648,0.030996407731803,0.0808132159501135,0.1561129386488589,1,1,0
2019-06-18,0,6.409999847412109,6.489999771118164,6.266665935516357,6.349999904632568,5.574724197387695,383700,4.715174950625018,-0.0078431380344777,0.0287560038226309,0.0341732849256178,0.0309860382865372,0.0807878116356904,0.1560590423106824,-1,1,1
2019-06-19,0,6.323332786560059,6.406665802001953,6.25,6.406665802001953,5.624471664428711,267300,4.717288282613968,0.0088841725535022,0.0010410345190244,0.0210311648751889,0.0309758630212806,0.080758832095038,0.1560034846253559,1,0,1
2019-06-21,0,6.413332939147949,6.416666030883789,6.183332920074463,6.383333206176758,5.603987693786621,527100,4.789483520756518,-0.0036485848525499,-0.0216950413025091,0.0078637825873569,0.0309649559187993,0.0807320217656972,0.1559470724160752,-1,-1,0
2019-06-24,0,6.396666049957275,6.516665935516357,6.380000114440918,6.416666030883789,5.633250713348389,451500,4.778419888717509,0.0052082343810548,-0.0241223366877057,0.0359635933379108,0.0309542097699945,0.0807057365935511,0.1558936444278797,1,-1,1
2019-06-25,0,6.416666030883789,6.453332901000977,6.233333110809326,6.316666126251221,5.545459747314453,1946100,4.916351325662828,-0.0157071374690385,-0.0068368718995593,0.0398329280977222,0.0309460283962473,0.0806770679379475,0.1558409601251866,-1,0,1
2019-06-26,0,6.376666069030762,6.426665782928467,6.293333053588867,6.333333015441895,5.560091972351074,313800,1.479984976809791,0.0026351205006266,-0.0104713329208826,0.0137788072459419,0.0309350754386144,0.0806487160811462,0.1557850357800035,0,-1,0
2019-06-27,0,6.316666126251221,6.436666011810303,6.2733330726623535,6.333333015441895,5.560091972351074,360900,1.3170882444197294,0.0,-0.0026281948864048,0.0159154626437099,0.0309240567316512,0.0806199232950115,0.1557293229005799,0,0,1
2019-06-28,0,6.333333015441895,6.486666202545166,6.333333015441895,6.369999885559082,5.592282295227051,667800,1.3850966433862018,0.0057728357209844,-0.0057395317189225,-0.0098932881331068,0.030913427604678,0.0805912827661463,0.155673260969007,1,0,0
2019-07-01,0,6.416666030883789,6.4633331298828125,6.320000171661377,6.380000114440918,5.6010613441467285,341100,1.366193893634947,0.0015686198874333,-0.0005223269789391,-0.0083246682456735,0.0309024589174875,0.0805625180073282,0.1556171962789135,0,0,0
2019-07-02,0,6.380000114440918,6.516665935516357,6.380000114440918,6.5,5.70641040802002,389700,1.393993558679714,0.0186340703766852,0.0129035090166912,0.017589774146352,0.0308954464934767,0.0805344936701663,0.1555617985253045,1,1,1
2019-07-03,0,6.53000020980835,6.583333015441895,6.513332843780518,6.566666126251221,5.764937400817871,400500,1.4014970511559806,0.0102041192737333,0.0388147657594632,0.0367060969817468,0.0308856554368333,0.0805123741385773,0.1555088999685999,1,1,1
2019-07-04,0,6.596665859222412,6.599999904632568,6.519999980926514,6.556665897369385,5.756157875061035,419700,1.441809369791281,-0.0015240786133679,0.0346555666454684,0.049502087406663,0.0308747224483505,0.0804889289906967,0.1554586317444941,0,1,1
2019-07-05,0,6.596665859222412,6.650000095367432,6.533332824707031,6.550000190734863,5.750306129455566,714300,1.4927756227128912,-0.0010171232635256,0.0336384433819428,0.0592261523949168,0.0308637854992943,0.0804651984766038,0.1554108739186231,0,1,1
2019-07-08,0,6.616665840148926,6.816666126251221,6.550000190734863,6.716666221618652,5.896623611450195,1000200,1.64097552324099,0.0251268245600197,0.0529924322209781,0.0995872338753313,0.0308600544266061,0.0804488425218979,0.1553780434040827,1,1,1
2019-07-10,0,6.783332824707031,6.923333168029785,6.670000076293945,6.789999961853027,5.961004257202148,4215900,2.274484165861014,0.0108590485559675,0.0622828608895122,0.1126417515301385,0.0308504566202229,0.0804371893437133,0.1553516397110861,1,1,1
2019-07-11,0,6.800000190734863,6.989999771118164,6.7733330726623535,6.929999828338623,6.083911418914795,1506600,2.602362116985204,0.0204088481989854,0.0640576387118124,0.1435449826755202,0.0308442710788762,0.080426510328564,0.1553435420527814,1,1,1
2019-07-12,0,7.0,7.0,6.673333168029785,6.71999979019165,5.899550437927246,1155600,2.81491115710635,-0.0307716635653001,0.0230818558727788,0.0853893100678414,0.0308442864446269,0.0804002281550825,0.1553046303692999,-1,1,1
2019-07-15,0,6.766665935516357,6.856666088104248,6.536665916442871,6.699999809265137,5.881992340087891,1376100,3.0075257968085345,-0.0029806131792931,0.0216253213068536,0.0458095550314396,0.0308334929927181,0.0803736901087131,0.155253756359074,0,1,1
2019-07-16,0,6.75666618347168,6.846665859222412,6.703332901000977,6.760000228881836,5.934667110443115,466500,3.045432996818394,0.008915399394714,0.0315578439650935,0.0356374634571702,0.0308234969526523,0.0803494658383637,0.1552010222333486,1,1,1
2019-07-17,0,6.840000152587891,6.980000019073486,6.736666202545166,6.933332920074463,6.086837291717529,730800,3.143712143889672,0.0253176814365732,0.0317487008416468,0.0533196151274919,0.0308199024598007,0.0803253149753517,0.1551519638312756,1,1,1
2019-07-18,0,6.936666011810303,7.139999866485596,6.903333187103272,7.093332767486572,6.2273030281066895,983400,3.312265384647355,0.0228147195862742,0.0437043718719538,0.1091269369709512,0.03081493083235,0.080305104063687,0.1551238243327228,1,1,1
2019-07-19,0,7.139999866485596,7.1966657638549805,6.9633331298828125,7.096665859222412,6.230228900909424,779400,3.4200658811892906,0.0004697355580874,0.0237652592310558,0.1033270910070887,0.0308040723323827,0.080279077847432,0.1550928465551434,0,1,1
2019-07-22,0,7.110000133514404,7.286665916442871,6.993332862854004,7.026666164398193,6.16877555847168,648900,3.4154478658779737,-0.0099127064350448,0.044624216361311,0.1012575226065215,0.030794374403927,0.0802592517309215,0.1550608992468405,-1,1,1
2019-07-23,0,7.010000228881836,7.246665954589844,6.983333110809326,7.246665954589844,6.361915588378906,573900,3.3161867094412223,0.0308291577354546,0.0784339872760588,0.123202507788474,0.0307943108183505,0.0802575576271763,0.1550402622441372,1,1,1
2019-07-24,0,7.246665954589844,7.25333309173584,7.090000152587891,7.126666069030762,6.256566524505615,860100,2.443626551290489,-0.0166979690146545,0.0528206188666901,0.1101531236263696,0.0307867155527888,0.0802411999685375,0.1550126223502003,-1,1,1
2019-07-25,0,7.126666069030762,7.216666221618652,6.993332862854004,7.036665916442871,6.177554607391357,605400,2.2038953996637267,-0.0127090575641985,0.0147938798659184,0.0922358316811161,0.0307777750511343,0.0802137768826778,0.1549766805596935,-1,1,1
2019-07-26,0,7.0,7.190000057220459,6.866665840148926,7.166666030883789,6.291682720184326,827100,2.1326020577460767,0.0183060594512325,0.0102852197308766,0.1262490286013873,0.0307707398903088,0.080185912444246,0.1549577446356675,1,1,1
2019-07-29,0,7.170000076293945,7.263332843780518,7.053332805633545,7.133333206176758,6.262419700622559,613500,1.9447354647964563,-0.0046619139433007,0.0051535702294884,0.1189519941574598,0.0307602027720468,0.0801577603938226,0.1549346941965166,-1,0,1
2019-07-30,0,7.133333206176758,7.190000057220459,7.056665897369385,7.159999847412109,6.285830497741699,287700,1.9023179013979177,0.0037313288962317,0.0187976055607651,0.1226833230536916,0.0307495636225765,0.0801309887765289,0.1549136844637455,1,1,1
2019-07-31,0,7.159999847412109,7.2133331298828125,6.983333110809326,7.173333168029785,6.2975358963012695,2169000,2.3092721362955047,0.0018604563467903,-0.0101710958278991,0.1187709436794973,0.0307388217570365,0.0801033274684416,0.1548905008838023,0,-1,1
2019-08-01,0,7.183332920074463,7.303332805633545,7.043333053588867,7.083333015441895,6.218523979187012,819000,2.263723479220748,-0.0126258531070072,-0.0060989799202518,0.1045764706850568,0.0307299092222432,0.0800753792695804,0.1548600913480503,-1,0,1
2019-08-02,0,7.130000114440918,7.159999847412109,6.956665992736816,7.059999942779541,6.198039531707764,404100,2.1598448446137883,-0.0032995387243354,0.0033105389196112,0.0826428615840359,0.0307192881492121,0.0800472879645861,0.1548203715884979,-1,0,1
2019-08-05,0,6.97666597366333,7.099999904632568,6.909999847412109,7.0,6.145365238189697,508500,2.121054024701804,-0.0085348595868627,-0.023530380118484,0.06390388272344,0.0307093969673362,0.0800217681705767,0.1547744746035623,-1,-1,1
2019-08-06,0,7.266665935516357,7.496665954589844,7.266665935516357,7.340000152587891,6.443854331970215,4191300,3.15298778427187,0.0474286819427361,0.0285602157675528,0.1128566432795441,0.0307241201066813,0.0799971098318961,0.1547481872073837,1,1,1
2019-08-07,0,7.343332767486572,7.480000019073486,7.289999961853027,7.466666221618652,6.555055618286133,745500,3.131141272922161,0.0171097422036142,0.0419386290749351,0.130983508746684,0.0307166602971107,0.0799765210798189,0.1547319107269173,1,1,1
2019-08-08,0,7.466666221618652,7.633333206176758,7.3933329582214355,7.599999904632568,6.672110557556152,1112700,3.293910949310013,0.017699633252214,0.0577778059803589,0.1235563174388783,0.030709435585414,0.0799627559399618,0.1547113199906756,1,1,1
2019-08-09,0,7.596665859222412,7.599999904632568,7.453332901000977,7.453332901000977,6.5433502197265625,638100,3.248469194768025,-0.0194869349773788,0.0509167241099874,0.0932103339055321,0.030703110559983,0.0799457722968646,0.1546758571533343,-1,1,1
2019-08-12,0,7.356666088104248,7.363333225250244,7.139999866485596,7.21999979019165,6.338504791259766,1179600,3.409062517091835,-0.0318063970244959,0.0224098658098269,0.0409950886820505,0.0307039968850919,0.0799198554044939,0.1546247332944882,-1,1,1
2019-08-13,1,7.210000038146973,7.329999923706055,7.019999980926514,7.076665878295898,6.212670803070068,1521300,3.746732654732861,-0.0200520187976732,0.0108927065990164,0.0517147334496774,0.0306979222784338,0.0798923696157805,0.1545758593952686,-1,1,1
2019-08-14,0,7.0,7.0,6.72666597366333,6.769999980926514,5.943446159362793,1307400,3.4865561634388103,-0.0443017578419151,-0.0808377331856348,0.0103935887870554,0.0307095877540852,0.07989359949506,0.1545214494162824,-1,-1,0
2019-08-15,0,6.75,6.793333053588867,6.400000095367432,6.449999809265137,5.662514686584473,1875300,3.730697152738068,-0.0484210421917255,-0.1463685175809746,-0.0469428527993841,0.0307255293482465,0.0799601780225377,0.1544722689298232,-1,-1,-1
2019-08-16,0,6.46999979019165,6.566666126251221,6.360000133514404,6.496665954589844,5.703483581542969,620700,3.7764475319811033,0.0072090583551234,-0.1568590924780652,-0.0650514758808339,0.0307154303056345,0.0800403867385274,0.1544278819778865,1,-1,-1
2019-08-19,0,6.599999904632568,6.690000057220459,6.47666597366333,6.5,5.70641040802002,894900,3.864002915315872,0.0005130330823274,-0.136859124418359,-0.0873531623847806,0.0307047657081625,0.0800946236199843,0.1543914252051945,0,-1,-1
2019-08-20,0,6.50333309173584,6.556665897369385,6.283332824707031,6.536665916442871,5.73859977722168,591900,2.820828385548352,0.0056250634218481,-0.0994276639720146,-0.0821978345210199,0.0306944598843928,0.0801100787305283,0.1543529618340501,1,-1,-1
2019-08-21,0,6.533332824707031,6.746665954589844,6.533332824707031,6.746665954589844,5.9229607582092285,558900,2.7511793901325534,0.0316212126270443,-0.0477544325472971,-0.0406639154589307,0.030695059738471,0.0800922634200933,0.1543026502268428,1,-1,-1
2019-08-22,0,6.703332901000977,6.880000114440918,6.666666030883789,6.833333015441895,5.999046802520752,837000,2.645019139620609,0.0127641384115004,0.0093114637061184,-0.0587289347828849,0.0306862362361804,0.0800647580372524,0.1542565803934051,1,1,-1
2019-08-23,0,6.829999923706055,6.829999923706055,6.536665916442871,6.563333034515381,5.7620110511779785,1481400,2.837671238236358,-0.0403140357591012,0.0174184701387426,-0.0823450015273317,0.0306940209108995,0.0800381954913093,0.1542182657753655,-1,1,-1
2019-08-26,0,6.630000114440918,6.683332920074463,6.466666221618652,6.533332824707031,5.735673427581787,598200,2.6589233469082814,-0.0045813867499595,0.0056280250336596,-0.0742173307130927,0.0306836416338161,0.0800105192766105,0.1541770346739652,-1,0,-1
2019-08-27,0,6.486666202545166,6.706665992736816,6.486666202545166,6.633333206176758,5.823464870452881,1461600,2.617403933663795,0.0151902553135591,0.0203052472648913,-0.077333134850766,0.0306756080403601,0.0799844736003721,0.1541369220504741,1,1,-1
2019-08-28,0,6.659999847412109,6.96999979019165,6.550000190734863,6.900000095367432,6.057574272155762,906600,2.516730531377244,0.0394140116575032,0.0540941955005461,-0.0332572092499621,0.0306824299593849,0.0799692313409945,0.1540855427753834,1,1,-1
2019-08-29,0,6.956665992736816,7.116665840148926,6.866665840148926,7.0,6.145365238189697,1883100,2.558853616663471,0.0143887430747789,0.0368617259482806,-0.0225997950714151,0.0306741302965291,0.0799472659235832,0.1540328120947635,1,1,-1
2019-08-30,0,7.033332824707031,7.090000152587891,6.816666126251221,7.0,6.145365238189697,1364100,2.772810134435022,0.0,0.0240975875367802,-0.0244602514182054,0.0306635440188528,0.0799219985991428,0.1539803429014872,0,1,-1
2019-09-02,0,6.983333110809326,7.059999942779541,6.896666049957275,6.900000095367432,6.057574272155762,520800,2.686574277359379,-0.0143887430747788,0.0500228802211027,-0.0262231413859771,0.030655331471275,0.0799049650528208,0.1539281380823565,-1,1,-1
2019-09-03,0,7.00666618347168,7.050000190734863,6.903333187103272,7.0,6.145365238189697,455700,2.660232124815116,0.0143887430747789,0.0689930100458411,-0.0085348595868627,0.030647060405678,0.0798976186803719,0.1538745126084353,1,1,0
2019-09-04,0,7.073332786560059,7.090000152587891,6.916666030883789,6.933332920074463,6.086837291717529,1441200,2.9015483869964376,-0.0095695591986668,0.0442331955336152,-0.0095695591986668,0.0306375574346235,0.0798782541018839,0.1538209901684577,-1,1,0
2019-09-05,0,7.036665916442871,7.036665916442871,6.849999904632568,6.849999904632568,6.013678550720215,1718400,3.136268263667263,-0.0120919857241392,-0.0072728018480271,-0.0690902268655422,0.0306286824392249,0.0798509337823335,0.1537784040831314,-1,0,-1
2019-09-06,0,6.849999904632568,6.953332901000977,6.673333168029785,6.776666164398193,5.94929838180542,635100,2.92608022856447,-0.0107633393946646,-0.0324248843174706,-0.096963308463821,0.0306194711730968,0.0798280802452977,0.1537464612809703,-1,-1,-1
2019-09-09,0,6.71999979019165,6.813333034515381,6.5,6.533332824707031,5.735673427581787,673500,2.945161781593279,-0.0365681257283705,-0.0689930100458411,-0.1512310674444056,0.030624017454372,0.0798214324864151,0.1537452591709074,-1,-1,-1
2019-09-10,0,6.590000152587891,6.590000152587891,6.400000095367432,6.453332901000977,5.665441036224365,619500,2.724176304183291,-0.0123204235824428,-0.0669246905535051,-0.1440645560494697,0.0306152177673793,0.0798135426620091,0.15373916933305,-1,-1,-1
2019-09-11,0,6.433332920074463,6.733333110809326,6.433332920074463,6.733333110809326,5.911255836486816,1198200,2.7944711671278823,0.04247355805842,-0.0388398755698639,-0.0697846009665535,0.0306248668754595,0.0797927152421975,0.1536968541026597,1,-1,-1
2019-09-12,0,6.739999771118164,6.7733330726623535,6.573332786560059,6.7733330726623535,5.946372032165527,361800,2.378245786834805,0.0059229887679452,-0.0233473276032516,-0.0438095934009349,0.0306147445862622,0.0797676906854477,0.1536478253800293,1,-1,-1
2019-09-13,0,6.766665935516357,6.826665878295898,6.650000095367432,6.736666202545166,5.914181709289551,399900,2.112373602745345,-0.0054281448602906,-0.0166834867394031,-0.0049359804193104,0.030604591382931,0.0797415158106842,0.153594459986382,-1,-1,0
2019-09-16,0,6.75,6.820000171661377,6.590000152587891,6.650000095367432,5.838097095489502,413700,2.0796990209407653,-0.0129482423061382,-0.0188683896508767,0.0305368194662769,0.0305960079339009,0.0797157088709357,0.1535431164956451,-1,-1,1
2019-09-17,0,6.650000095367432,6.800000190734863,6.616665840148926,6.653333187103272,5.841022968292236,596700,2.109958302872436,0.000501043374495,0.0182007794519887,0.0238288044856483,0.0305855372712408,0.0796896949802372,0.1534910170894934,0,1,1
2019-09-18,0,6.716666221618652,6.88666582107544,6.656665802001953,6.849999904632568,6.013678550720215,349800,1.8153264141829168,0.0291306856710463,0.0596518887054779,0.0524464570743672,0.0305845112647097,0.0796774527475127,0.1534438281067995,1,1,1
2019-09-19,0,6.856666088104248,7.033332824707031,6.846665859222412,6.983333110809326,6.130733013153076,507000,1.4960920317592066,0.0192776878264647,0.0364560184735225,0.0660990814789837,0.0305781675567912,0.0796557030923057,0.1534002994070939,1,1,1
2019-09-20,0,6.9466657638549805,6.9633331298828125,6.806665897369385,6.9633331298828125,6.113174915313721,348600,1.4233108140634971,-0.0028680565024895,0.0276649732030876,0.0316098123494498,0.0305678212249708,0.0796315810340224,0.1533492994883294,0,1,1
2019-09-23,0,7.016665935516357,7.143332958221436,6.853332996368408,7.143332958221436,6.271198272705078,306000,1.337423659466367,0.0255211841605342,0.0586143022239125,0.0443668580984835,0.0305645960617329,0.0796188290629039,0.1533004986093704,1,1,1
2019-09-24,0,7.130000114440918,7.156665802001953,6.833333015441895,6.833333015441895,5.999046802520752,597000,1.3405909961778495,-0.0443668580984835,0.0271956864315671,0.0403140357591012,0.0305762406317784,0.0795946320002338,0.1532509825203656,-1,1,1
2019-09-25,0,6.853332996368408,6.853332996368408,6.7133331298828125,6.833333015441895,5.999046802520752,321000,1.1127425857116706,0.0,0.026694643057072,0.0448954225090608,0.0305658175993342,0.0795703428989877,0.1532023792160016,0,1,1
2019-09-26,0,6.856666088104248,6.989999771118164,6.703332901000977,6.900000095367432,6.057574272155762,557700,1.1669486229826116,0.0097088444620014,0.0072728018480271,0.0394140116575032,0.0305564353596057,0.0795433372307485,0.1531527987706,1,0,1
2019-09-27,0,6.849999904632568,6.909999847412109,6.776666164398193,6.833333015441895,5.999046802520752,267900,1.1334623185446244,-0.0097088444620015,-0.0217137304404389,-0.0097088444620015,0.0305471041438559,0.0795182972864705,0.153100154236728,-1,-1,0
2019-09-30,0,6.766665935516357,6.889999866485596,6.716666221618652,6.889999866485596,6.048794746398926,1219200,1.3525760401537004,0.0082584463645255,-0.0105872275734238,-0.0158391411722547,0.0305374545921998,0.0794916858675045,0.15304793868882,1,-1,-1
2019-10-01,0,6.893332958221436,6.893332958221436,6.626666069030762,6.666666030883789,5.852727890014648,480300,1.3227860592666516,-0.032951178183135,-0.069059589917093,-0.0487903193553898,0.0305392234280887,0.0794853473623329,0.1530006887431146,-1,-1,-1
2019-10-02,0,6.650000095367432,6.650000095367432,6.433332920074463,6.610000133514404,5.802980422973633,612000,1.386752866730275,-0.0085362069439505,-0.03322893876256,-0.0429377832245614,0.0305296727230052,0.0794631276585419,0.1529522534529251,-1,-1,-1
2019-10-03,0,6.650000095367432,6.670000076293945,6.466666221618652,6.670000076293945,5.855655193328857,399000,1.35265074324194,0.0090362424064675,-0.0241926963560924,-0.0482902838928727,0.0305202016205513,0.0794386653676877,0.1529049798319528,1,-1,-1
2019-10-04,0,6.633333206176758,6.72666597366333,6.563333034515381,6.666666030883789,5.852727890014648,381000,1.3570174286678909,-0.0005000354625169,-0.0344015762806109,-0.0392207601567229,0.0305098506881671,0.0794168274681969,0.1528559358880689,0,-1,-1
2019-10-07,0,6.666666030883789,6.706665992736816,6.543333053588867,6.663332939147949,5.849802017211914,350700,1.3628731132488507,-0.0005000410828932,-0.0251927729015027,-0.027628815515477,0.03049951028028,0.0793926223658806,0.1528051619426431,0,-1,-1
2019-10-08,0,6.570000171661377,6.6966657638549805,6.516665935516357,6.63666582107544,5.826390743255615,510900,1.3361557041890184,-0.0040100922979451,-0.0374613115639734,-0.0208755684187575,0.0304893619353215,0.0793717725062884,0.1527536827942869,-1,-1,-1
2019-10-09,0,6.619999885559082,6.703332901000977,6.533332824707031,6.533332824707031,5.735673427581787,1412700,1.6090650346909174,-0.015692557309613,-0.0202026906904514,0.0,0.0304817968989359,0.0793466219278321,0.1527012180277289,-1,-1,0
2019-10-10,0,6.513332843780518,6.786665916442871,6.513332843780518,6.736666202545166,5.914181709289551,448500,1.576998613145933,0.030647978383632,0.0189814946371312,0.0429684019660748,0.0304818613000324,0.0793211636921667,0.1526528353076229,1,1,1
2019-10-11,0,6.796666145324707,6.796666145324707,6.619999885559082,6.619999885559082,5.811759471893311,329700,1.5906501708050045,-0.0174697861234643,-0.0075245338928007,-0.0169749422158096,0.0304749697922013,0.0792945201962666,0.1526011737909418,-1,0,-1
2019-10-14,0,6.630000114440918,6.820000171661377,6.590000152587891,6.820000171661377,5.987341403961182,261300,1.333950520280405,0.0297641144180124,0.0227396159877288,0.0068661834342574,0.0304744425889788,0.0792697716342412,0.1525489554399093,1,1,0
2019-10-15,0,6.823332786560059,6.826665878295898,6.693333148956299,6.75,5.925887584686279,300000,1.288298467969403,-0.0103169954056776,0.0129226616649442,0.0019773328888704,0.0304653517384827,0.0792435840319208,0.1524967077038304,-1,1,0
2019-10-16,0,6.703332901000977,6.763332843780518,6.666666030883789,6.75,5.925887584686279,264300,1.2005900650656929,0.0,0.0169327539628893,0.0149255751950085,0.0304550716208915,0.0792179196041972,0.1524449673037829,0,1,0
2019-10-17,0,6.75,6.880000114440918,6.746665954589844,6.833333015441895,5.999046802520752,594300,1.2548807229524832,0.0122701112365584,0.0448954225090608,0.026694643057072,0.0304464455991371,0.079199559829245,0.1523943436212382,1,1,1
2019-10-18,0,6.78000020980835,6.869999885559082,6.72666597366333,6.869999885559082,6.03123664855957,280200,1.2310258411729844,0.0053514820314436,0.0195989261568725,0.0029154394174694,0.0304364917836006,0.0791743451967463,0.1523422631992518,1,1,0
2019-10-21,0,6.840000152587891,6.960000038146973,6.826665878295898,6.933332920074463,6.086837291717529,527400,1.2822170041507592,0.0091765463066698,0.0462452585870066,-0.0071857021023254,0.0304271542552469,0.0791565326776321,0.1522903632001573,1,1,0
2019-10-22,0,6.983333110809326,7.233333110809326,6.97666597366333,7.1966657638549805,6.318019866943359,627600,1.3258891924378218,0.0372772281746919,0.053758372343686,0.0329595825748558,0.030432189480779,0.0791418995173992,0.1522407144622938,1,1,1
2019-10-23,0,7.193333148956299,7.236666202545166,7.113333225250244,7.206665992736816,6.326798915863037,355200,1.0671877669194645,0.0013885608771537,0.0654639286265176,0.0088269592914755,0.030421972634749,0.0791331603745689,0.1521889301110449,0,1,0
2019-10-24,0,7.203332901000977,7.286665916442871,7.070000171661377,7.130000114440918,6.259493350982666,309000,1.0354514482621409,-0.0106951602620648,0.0547687683644528,0.0424986571278943,0.0304130414767478,0.0791189842979031,0.1521409630335758,-1,1,1
2019-10-25,0,7.113333225250244,7.143332958221436,7.050000190734863,7.050000190734863,6.189260959625244,222000,1.0115000600879145,-0.011283560549393,0.0312150965785012,0.0312150965785012,0.0304042622414328,0.0790963097157838,0.1520912159652593,-1,1,1
2019-10-28,0,7.0,7.056665897369385,6.909999847412109,6.943333148956299,6.095616817474365,1182600,1.2608650618952808,-0.0152457285565982,0.0106178859904594,0.0062605235599016,0.0303966597413037,0.0790700978973246,0.1520395083414311,-1,1,0
2019-10-29,0,6.900000095367432,7.153333187103272,6.900000095367432,7.0,6.145365238189697,768000,1.3908396435058992,0.0081282195148772,0.0095695591986668,0.0240975875367802,0.030387175269145,0.0790438277740372,0.1519890048611023,1,1,1
2019-10-30,0,6.926665782928467,7.066666126251221,6.926665782928467,7.016665935516357,6.159996509552002,485400,1.4537465939502234,0.0023780330163841,-0.0253296359596408,0.0182171741886389,0.0303770470795294,0.0790201137824292,0.1519380154017812,0,-1,1
2019-10-31,0,6.953332901000977,7.133333206176758,6.876666069030762,7.133333206176758,6.262419700622559,566400,1.4529425463439714,0.0164904331587992,-0.0102277636779954,0.067658785530573,0.0303698299260747,0.0789940576667545,0.1518963946061751,1,-1,1
2019-11-01,0,7.153333187103272,7.153333187103272,7.00333309173584,7.086666107177734,6.221450328826904,466800,1.5065878723704875,-0.0065635926650152,-0.006096196080946,0.0696313998095084,0.0303601562335701,0.0789677189624149,0.1518554031124267,-1,0,1
2019-11-04,0,7.090000152587891,7.146666049957275,7.03000020980835,7.096665859222412,6.230228900909424,446700,1.4877158017071168,0.0014100224355267,0.0065973869039739,0.0620051798385675,0.0303500191197503,0.0789413673373743,0.1518122297841833,0,0,1
2019-11-05,0,7.123332977294922,7.126666069030762,6.940000057220459,7.126666069030762,6.256566524505615,953400,1.5760696574256543,0.0042184822857552,0.0260615977463272,0.06672369758684,0.0303400590383099,0.0789176392647371,0.1517704280633597,1,1,1
2019-11-06,0,7.076665878295898,7.206665992736816,7.043333053588867,7.176665782928467,6.300461769104004,373500,1.5807503339202826,0.0069913712654262,0.0249247494968765,0.0742151099351594,0.0303304436138891,0.0788936922802512,0.1517309822283103,1,1,1
2019-11-07,0,7.183332920074463,7.199999809265137,7.099999904632568,7.139999866485596,6.268272399902344,286500,1.5746390847552805,-0.0051221450221596,0.0174245714583326,0.0731030572109449,0.0303206208962295,0.0788684604435262,0.151691202986327,-1,1,1
2019-11-08,0,7.110000133514404,7.13666582107544,7.010000228881836,7.093332767486572,6.2273030281066895,296400,1.5954817085205844,-0.0065574440871094,-0.0056233057875758,0.0822381704334486,0.0303109958194649,0.078842228596119,0.1516545720718392,-1,0,1
2019-11-11,1,7.116665840148926,7.116665840148926,6.900000095367432,6.900000095367432,6.057574272155762,492000,1.408669503956689,-0.0276339034623862,-0.0266936165849468,0.0239562885874304,0.0303093540995926,0.0788190281070386,0.1516044576794031,-1,-1,1
2019-11-12,0,6.836666107177734,7.163332939147949,6.75666618347168,7.163332939147949,6.288756847381592,908700,1.4526273925871669,0.0374539768301689,0.0093503378096952,0.0788800515410637,0.0303145852185998,0.078793002012951,0.1515667001619588,1,1,1
2019-11-13,0,7.119999885559082,7.143332958221436,6.796666145324707,7.016665935516357,6.159996509552002,964800,1.5830980414587017,-0.0206872007390059,-0.0155553452150659,0.0284287363840453,0.0303092448721395,0.0787677929863875,0.1515171752140023,-1,-1,1
2019-11-14,0,7.110000133514404,7.316666126251221,6.900000095367432,7.316666126251221,6.423369407653809,807300,1.6554906873551158,0.04186659896537,0.0193198824848777,0.080612330755093,0.03031828791886,0.0787429764262617,0.1514800870884637,1,1,1
2019-11-18,0,7.320000171661377,7.553332805633545,7.320000171661377,7.456665992736816,6.546276569366455,3849600,2.640563998722844,0.0189536154393717,0.043395642946409,0.0995659461944646,0.0303120886967945,0.0787244446066537,0.1514505134575269,1,1,1
2019-11-19,0,7.53000020980835,7.53000020980835,7.28000020980835,7.28000020980835,6.391180038452148,574800,2.679911798098207,-0.023977504424394,0.0259755826091246,0.0633183305335122,0.0303083927965971,0.0787009078475807,0.1514080273544637,-1,1,1
2019-11-21,0,7.283332824707031,7.416666030883789,7.2133331298828125,7.409999847412109,6.505307674407959,378900,2.5252721280388406,0.0176994880926155,0.0713089741641263,0.0756663365946842,0.0303017081103362,0.0786957836879544,0.1513693156535096,1,1,1
2019-11-22,0,7.409999847412109,7.416666030883789,7.21999979019165,7.400000095367432,6.49652910232544,991500,2.705887356218547,-0.0013503589634631,0.0325046383704942,0.0651394313245512,0.0302916772060152,0.0786738487964681,0.151327401827353,0,1,1
2019-11-25,0,7.403333187103271,7.403333187103271,7.303332805633545,7.313333034515381,6.420443058013916,621900,2.8029533378845084,-0.0117809225512584,0.0414109165582418,0.0160812805986008,0.0302831873805507,0.0786546564937296,0.1512769855521515,-1,1,1
2019-11-26,0,7.300000190734863,7.376666069030762,7.239999771118164,7.373332977294922,6.473117828369141,736800,2.932121458163591,0.0081707549794509,0.0077150725723225,0.0228634747008981,0.0302738579423497,0.0786287063679336,0.1512271622615808,1,0,1
2019-11-27,0,7.266665935516357,7.75333309173584,7.266665935516357,7.75333309173584,6.806723117828369,1274100,3.1836042810183374,0.050252935092761,0.0390143922257119,0.0838115700557238,0.0302912785859768,0.0786087497424722,0.1511914213398048,1,1,1
2019-11-28,0,7.636665821075439,7.636665821075439,7.380000114440918,7.47666597366333,6.5638346672058105,1095300,3.2487611225645097,-0.0363358324453511,0.0266560642047548,0.0587592981597657,0.0302958056088616,0.0785854654191355,0.151147945181659,-1,1,1
2019-11-29,0,7.466666221618652,7.590000152587891,7.436666011810303,7.50666618347168,6.590172290802002,887400,3.2445619184050307,0.004004507352973,0.0129610834651121,0.0780095340693369,0.0302859477295432,0.0785600081377327,0.1511102105532774,1,1,1
2019-12-02,0,7.46999979019165,7.596665859222412,7.400000095367432,7.44666576385498,6.537497043609619,675900,3.210679963444394,-0.0080251152815617,0.0062863271470134,0.061856199272898,0.0302766667139534,0.0785340810473514,0.1510676069782478,-1,0,1
2019-12-03,0,7.416666030883789,7.593332767486572,7.400000095367432,7.53000020980835,6.610657215118408,820800,2.337024390871544,0.0111286991510723,0.0291959488493443,0.070606865407586,0.0302679814446043,0.0785114443131883,0.1510275421312537,1,1,1
2019-12-04,0,7.510000228881836,7.599999904632568,7.50666618347168,7.599999904632568,6.672110557556152,443100,2.305336183117128,0.0092531589745942,0.0302783528444875,0.063369591223381,0.0302588930122615,0.0784890900598663,0.1509854129902234,1,1,1
2019-12-05,0,7.613333225250244,7.843332767486572,7.50333309173584,7.843332767486572,6.885735034942627,907500,2.4725141216840605,0.0315156500738321,0.0115410678255587,0.1014488339622285,0.0302596231640107,0.0784635917125059,0.1509569195446906,1,1,1
2019-12-06,0,7.8333330154418945,7.903333187103271,7.699999809265137,7.856666088104248,6.897440433502197,849300,2.4467428666625106,0.0016985057471646,0.0495754060180745,0.1017373172738664,0.0302496731295433,0.0784476250336059,0.1509285568364322,0,1,1
2019-12-09,0,7.916666030883789,7.956665992736816,7.809999942779541,7.840000152587891,6.882809162139893,783300,2.5085267684687675,-0.0021235140566702,0.0434473846084314,0.0953953209314408,0.0302397656215354,0.0784293104430429,0.1508974844726398,0,1,1
2019-12-10,0,7.8333330154418945,8.09333324432373,7.7733330726623535,8.09333324432373,7.105212688446045,602700,2.487007079659567,0.0318018190785618,0.0832743189685549,0.1202057687445765,0.030240689640335,0.0784319260894128,0.1508780348598376,1,1,1
2019-12-11,0,8.100000381469727,8.279999732971191,8.066665649414062,8.279999732971191,7.2690887451171875,1323000,2.5287385013476382,0.022802242999382,0.0949478628168647,0.1481301567661181,0.0302362950424511,0.0784431496293369,0.1508748741796594,1,1,1
2019-12-12,0,8.289999961853027,8.836666107177734,8.210000038146973,8.836666107177734,7.757791519165039,1421400,2.6982851219635577,0.0650667565051256,0.1507614603473961,0.2197543573583532,0.0302720296888394,0.0785113998534915,0.150929152030549,1,1,1
2019-12-13,0,8.829999923706055,9.449999809265137,8.75333309173584,9.32333278656006,8.185040473937988,2360700,3.293591776724724,0.0536104600588262,0.1728562703323902,0.3009987208795656,0.0302929483224759,0.0786091269849555,0.1510756426226541,1,1,1
2019-12-16,0,9.32333278656006,9.44666576385498,9.109999656677246,9.34666633605957,8.205525398254395,1577100,3.6701118022993016,0.002499600702253,0.1736573652874784,0.2660443447516498,0.0302830543078959,0.0787075942792295,0.151178304466469,0,1,1
2019-12-17,0,9.300000190734863,9.479999542236328,9.300000190734863,9.426666259765623,8.275757789611816,905400,3.761426766589959,0.0085227364494709,0.1843036157936195,0.2952542819401264,0.0302738506402705,0.0788214279023175,0.1513162446355183,1,1,1
2019-12-18,0,9.453332901000977,9.65999984741211,9.326665878295898,9.536665916442873,8.37232780456543,1284300,4.105868319512523,0.0116014658322537,0.1641032625473114,0.2649891488070103,0.0302653060914952,0.0789057040619732,0.1514168035494381,1,1,1
2019-12-19,0,9.456665992736816,9.65999984741211,9.456665992736816,9.556666374206545,8.389885902404785,647400,4.069764042612941,0.0020949624635478,0.1433959820114775,0.2481304958311864,0.0302554225252169,0.078963428076196,0.1514982279055877,0,1,1
2019-12-20,0,9.630000114440918,9.633333206176758,9.34666633605957,9.613332748413086,8.439634323120117,597300,4.033668152658363,0.0059120598746762,0.0842412853810278,0.2780200601302566,0.0302458538677364,0.0789658032529396,0.1516133306362665,1,1,1
2019-12-23,0,9.613332748413086,9.666666030883787,9.399999618530272,9.403332710266112,8.25527286529541,797100,4.086198047617709,-0.0220868496506995,0.0085439756715023,0.2382337223869413,0.0302413804867289,0.0789400653343895,0.1516836654356394,-1,1,1
2019-12-26,0,9.406665802001951,9.796666145324709,9.386666297912598,9.766666412353516,8.574247360229492,1614000,4.508413633421194,0.037911086424056,0.0439554613933053,0.2774951677744607,0.0302467797521023,0.078921554397985,0.1517973185524265,1,1,1
2019-12-27,0,9.8100004196167,10.09666633605957,9.746665954589844,10.0,8.779092788696289,1424700,4.636121508927545,0.0236098574826024,0.0590425824264368,0.3128859478083216,0.0302427508020942,0.0789092807180344,0.1519554877414963,1,1,1
2019-12-30,0,10.0,10.056666374206545,9.866665840148926,9.93000030517578,8.717639923095703,1432800,4.700789482568383,-0.0070245250135069,0.040416591580676,0.2976906678153637,0.0302334573593085,0.078889598946068,0.1520930808175144,-1,1,1
2020-01-02,0,10.013333320617676,10.09666633605957,9.813332557678224,9.866665840148926,8.66203784942627,1735500,4.511277453009099,-0.0063985378899163,0.0319230912272118,0.2410391948326864,0.0302240772738675,0.0788675121281098,0.1521648131693645,-1,1,1
2020-01-03,0,9.666666030883787,9.989999771118164,9.463333129882812,9.983332633972168,8.764460563659668,2960100,5.085750149528436,0.0117549597391818,0.0377659910917176,0.2891299870172194,0.0302156265499103,0.0788470406382879,0.1522907068049909,1,1,1
2020-01-06,0,9.853333473205566,10.076665878295898,9.75,10.066665649414062,8.83761978149414,1722600,5.427304231299233,0.0083126127902756,0.0681654535326929,0.2934380924545222,0.0302064626051334,0.0788394523741028,0.1524214532222336,1,1,1
2020-01-07,0,10.166666030883787,10.916666030883787,9.983332633972168,10.813332557678224,9.493124961853027,4258200,6.738196963720393,0.0715502634850704,0.1018046305937071,0.3730134712211542,0.0302512366251706,0.0788549895868007,0.1526647763667884,1,1,1
2020-01-08,0,10.813332557678224,11.279999732971191,10.760000228881836,10.923333168029783,9.589695930480955,4485300,8.398560733728708,0.0101213330646113,0.0883161061757162,0.3720061051346934,0.030242407004101,0.0788600620611808,0.152905407982989,1,1,1
2020-01-09,0,11.00333309173584,11.00333309173584,10.653332710266112,10.8100004196167,9.49020004272461,2224500,9.108545491693004,-0.0104294897390463,0.0849111414501766,0.3523234564210528,0.0302338267047403,0.0788627063825361,0.1531147087072173,-1,1,1
2020-01-10,0,10.833333015441896,10.920000076293944,10.576665878295898,10.576665878295898,9.285353660583496,1232400,9.323396733535692,-0.0218214081837136,0.0694882711563793,0.2989863981635071,0.0302292968354996,0.0788557389464785,0.1532496832414935,-1,1,1
2020-01-13,0,10.666666030883787,10.713333129882812,10.543333053588867,10.713333129882812,9.40533447265625,999000,9.127105248250722,0.012838741867851,0.0705720532850486,0.3101266342841935,0.0302211440824121,0.078849363204693,0.1533984148402439,1,1,1
2020-01-14,0,10.713333129882812,10.776665687561035,10.486665725708008,10.666666030883787,9.364365577697754,1638900,9.252565031242735,-0.0043654357726215,0.0578940047221514,0.3078847125682422,0.0302115722298721,0.0788364772123388,0.1535436320328176,-1,1,1
2020-01-15,0,10.736665725708008,11.0,10.646665573120115,10.93333339691162,9.598475456237791,2514900,9.767209126327046,0.0246926895919354,0.0110364308290165,0.3007755830816158,0.0302081155319301,0.0788111287339173,0.1536791891233041,1,1,1
2020-01-16,0,10.983332633972168,11.246665954589844,10.963333129882812,10.973333358764648,9.633591651916504,1098600,9.5706261887402,0.0036518419478128,0.0045669397122179,0.2816251820300466,0.0301984328494454,0.0787855086185253,0.1537908828346405,1,0,1
2020-01-17,0,11.1899995803833,11.1899995803833,10.739999771118164,11.119999885559082,9.762351036071776,1364100,9.012760595136688,0.0132771350917283,0.0282735645429927,0.2298355606166493,0.0301904259216944,0.0787626833060441,0.1538470148493032,1,1,1
2020-01-20,0,11.119999885559082,11.50333309173584,11.119999885559082,11.359999656677246,9.97304916381836,1571400,9.032552108840978,0.021353114839259,0.0714480875659654,0.1975782153970823,0.0301853538023295,0.0787568186514074,0.1538744062491581,1,1,1
2020-01-21,0,11.466666221618652,12.0600004196167,11.463333129882812,11.993332862854004,10.529058456420898,2006700,8.180083728751985,0.0542525357038655,0.1128618814019799,0.2493311503986948,0.0302066314006651,0.0787815868967093,0.1539494707570178,1,1,1
2020-01-22,0,11.976666450500488,12.43000030517578,11.886666297912598,12.43000030517578,10.912412643432615,1172100,6.844839372730823,0.0357620091465054,0.1529893263211069,0.2765704230957294,0.0302102031622324,0.0788493425345443,0.154053926484171,1,1,1
2020-01-23,0,12.329999923706056,12.923333168029783,11.983332633972168,12.866665840148926,11.29576587677002,2247300,7.033669527928083,0.0345270383795201,0.1628236751086915,0.2994959956429957,0.0302128371812083,0.0789293824309738,0.15418534821244,1,1,1
2020-01-24,0,12.920000076293944,12.93000030517578,12.57333278656006,12.666666030883787,11.120183944702148,1226400,7.13062550995983,-0.0156661238540914,0.1435057093067872,0.2817349093253564,0.0302058684295906,0.0789852535115248,0.154294891658845,-1,1,1
2020-01-27,0,12.550000190734863,12.550000190734863,12.153332710266112,12.220000267028809,10.728052139282228,820200,7.104259212370022,-0.0358998243957523,0.0943287498193064,0.2399230250549279,0.030210256307911,0.0789940867301688,0.1543590940294429,-1,1,1
2020-01-28,0,12.19666576385498,12.316665649414062,12.116665840148926,12.233332633972168,10.73975658416748,1118400,6.956875564911618,0.0010904183278096,0.0740660533078568,0.2631002930334369,0.0302005137077145,0.0789893487561807,0.1544469775995557,0,1,1
2020-01-29,0,12.333333015441896,12.483332633972168,12.013333320617676,12.133333206176758,10.651966094970703,9391800,10.310289318929332,-0.0082079394339056,0.0116055781700856,0.2169812671754754,0.0301915784870912,0.0789641163726692,0.1544891998780856,-1,1,1
2020-01-30,0,12.199999809265137,12.68000030517578,12.043333053588867,12.329999923706056,10.824621200561523,8848200,14.07427685291098,0.0160787952830272,-0.0080776356933924,0.2094502049759002,0.0301844534583958,0.0789390742962732,0.1545246979775063,1,-1,1
2020-01-31,0,12.44666576385498,12.510000228881836,12.173333168029783,12.303333282470703,10.801210403442385,6269100,16.47758597827311,-0.002165078013441,-0.0447697520863535,0.214309651975966,0.0301748076433688,0.0789228241255525,0.1545642135913684,0,-1,1
2020-02-03,0,12.526665687561035,12.760000228881836,12.526665687561035,12.583333015441896,11.047024726867676,5781300,18.606861870532605,0.0225029339777849,-0.0066006942544771,0.2432111238436674,0.0301702738012974,0.0788977026807554,0.1546304502323213,1,0,1
2020-02-04,0,12.833333015441896,12.996665954589844,12.556666374206545,12.583333015441896,11.047024726867676,4043100,19.646683717496423,0.0,0.0292991301412751,0.2314561641044854,0.0301605736361141,0.0788751282276801,0.1546850751166287,0,1,1
2020-02-05,0,12.829999923706056,12.983332633972168,12.333333015441896,12.66333293914795,11.117258071899414,4056600,21.074071971646383,0.006337545928565,0.0345462577420307,0.2294810972427748,0.0301512459373888,0.0788538227151935,0.1547376268497711,1,1,1
2020-02-06,0,12.69333267211914,12.81999969482422,12.426666259765623,12.59666633605957,11.058730125427246,2262900,21.05815915744881,-0.0052785095163903,0.0374756876595459,0.152652324241314,0.0301419153046936,0.0788333285245557,0.1547309742895158,-1,1,1
2020-02-07,0,12.59666633605957,12.59666633605957,11.91333293914795,12.316665649414062,10.812915802001951,2956800,21.868164093109197,-0.0224788454380032,-0.0010819530614846,0.1200521457386993,0.0301378498838666,0.0788080053491101,0.154706762826415,-1,0,1
2020-02-10,0,12.32333278656006,12.32333278656006,11.403332710266112,11.983332633972168,10.520278930664062,3968400,23.323903052556183,-0.0274366059153338,-0.0263534809633775,0.1030450295624118,0.0301364629559241,0.0787861157422957,0.154675191138806,-1,-1,1
2020-02-11,0,11.966666221618652,12.613332748413086,11.896665573120115,12.479999542236328,10.956307411193848,2583900,24.043992089268656,0.0406105884344452,-0.0082458265067172,0.1654770261805706,0.0301439484638658,0.0787612754315713,0.1546765488875275,1,-1,1
2020-02-12,0,12.666666030883787,13.026665687561035,12.600000381469728,12.916666030883787,11.339661598205566,4988400,22.12325644333502,0.0343911467120715,0.0261453202053544,0.1870294310247912,0.0301465102878451,0.0787381884677507,0.1546929803934776,1,1,1
2020-02-13,0,12.800000190734863,12.93333339691162,12.489999771118164,12.899999618530272,11.325029373168944,1163400,18.47378907149353,-0.001291191403225,0.0185165828735641,0.1901036753941877,0.0301368925961516,0.0787139064995064,0.1547116178204856,0,1,1
2020-02-14,0,12.916666030883787,12.996665954589844,12.643333435058594,12.85666561126709,11.286986351013184,1888800,16.4240169436265,-0.0033648533164085,0.0204302390735459,0.1620461324858435,0.0301274082427669,0.0786899068915924,0.1547105051496988,-1,1,1
2020-02-17,0,13.0,13.300000190734863,12.396665573120115,12.720000267028809,11.167006492614746,3046500,15.10539986267921,-0.0106868298323107,0.0322222546792384,0.1477074607057198,0.0301191003828985,0.0786681878511803,0.1547005802195493,-1,1,1
2020-02-18,0,12.733332633972168,12.90999984741211,12.449999809265137,12.90999984741211,11.33380889892578,1877100,14.07202979679603,0.0148266148632905,0.0744854754578628,0.149256940477282,0.0301116576919875,0.0786638744073213,0.1546915184925069,1,1,1
2020-02-19,0,12.996665954589844,13.19666576385498,12.876666069030762,12.876666069030762,11.304545402526855,1963500,13.060208458212916,-0.0025853038881289,0.0312895831352888,0.1253185217498938,0.0301021423614744,0.0786419580130704,0.1546696014677857,0,1,1
2020-02-20,0,12.916666030883787,12.976666450500488,12.619999885559082,12.766666412353516,11.207975387573242,1788900,12.840415082583911,-0.0085792797867372,-0.0116808433635201,0.0624867062592911,0.0300934074456346,0.0786176458919575,0.1546254695116299,-1,-1,1
2020-02-21,0,12.779999732971191,12.84666633605957,12.426666259765623,12.84666633605957,11.278207778930664,1361700,12.10638985312603,0.0062467355370651,-0.0041429164232299,0.0329714326498507,0.0300841615133156,0.078592693652836,0.1545766465854017,1,0,1
2020-02-26,0,12.229999542236328,12.329999923706056,11.899999618530272,11.899999618530272,10.447120666503906,1533300,10.969611273792582,-0.0765459424613834,-0.0773240055682048,-0.0781015481910527,0.0301373476454222,0.078593723446519,0.1545427087393602,-1,-1,-1
2020-02-27,0,11.746665954589844,11.899999618530272,11.100000381469728,11.34333324432373,9.958417892456056,2368800,10.761055340031492,-0.04790819329825,-0.1145453690341441,-0.1103436176352113,0.0301524310541622,0.0786245833090405,0.1545227309397523,-1,-1,-1
2020-02-28,0,11.203332901000977,12.0,10.853333473205566,12.0,10.534912109375,2691000,9.514389438139665,0.0562764916545534,-0.073095492242881,-0.0181673015849055,0.0301757502513557,0.0786228328241817,0.1544744491251288,1,-1,-1
2020-03-02,0,11.670000076293944,11.796666145324709,11.306666374206545,11.793333053588867,10.353476524353027,2483100,10.068116243176014,-0.0173723451110481,-0.0878825334658002,-0.0366300650237631,0.0301694953384404,0.0786310342595763,0.1544290366627154,-1,-1,-1
2020-03-03,0,11.66333293914795,12.026665687561035,11.416666030883787,11.706665992736816,10.27739143371582,1101000,9.626154973429449,-0.0073758831411036,-0.0866791368201666,-0.0357980087309612,0.0301605462098647,0.0786383048030907,0.1543835060112414,-1,-1,-1
2020-03-04,0,11.84666633605957,11.850000381469728,11.369999885559082,11.520000457763672,10.113515853881836,1168800,8.645356838624396,-0.0160737436368204,-0.1089996159940522,-0.0679505476508089,0.0301538307005539,0.0786636786098028,0.1543462030037673,-1,-1,-1
2020-03-05,0,11.376666069030762,11.460000038146973,10.776665687561035,10.94333267211914,9.607254028320312,1116300,8.179243511329119,-0.0513542915249971,-0.0838079650576658,-0.1171397611623651,0.0301724524970369,0.0786687845871773,0.1543297698826843,-1,-1,-1
2020-03-06,0,10.723333358764648,10.976666450500488,10.233332633972168,10.783332824707031,9.466788291931152,1561200,7.85155726395744,-0.0147287369250313,-0.0506285086844471,-0.1543714320651814,0.0301652792805288,0.0786551463890216,0.1543357690319762,-1,-1,-1
2020-03-09,0,10.213333129882812,10.216666221618652,9.576665878295898,9.783332824707031,8.588878631591797,4201500,8.560051800340778,-0.0973215201512069,-0.2042265204902076,-0.2516929522163883,0.0302558354704949,0.0788025953774595,0.1544275217298926,-1,-1,-1
2020-03-10,0,10.100000381469728,10.34333324432373,9.989999771118164,10.036665916442873,8.81128215789795,3062100,9.073587844348994,0.025564779735621,-0.1612893956435385,-0.2324657184093324,0.0302529222980438,0.07888539274784,0.1544988826552682,1,-1,-1
2020-03-11,1,9.906665802001951,10.130000114440918,8.933333396911621,9.463333129882812,8.307948112487793,2725800,9.366384887956158,-0.0588203032335242,-0.2127338157359591,-0.2860075121264664,0.0302799271861966,0.0790460874113272,0.1546294732152941,-1,-1,-1
2020-03-12,0,8.333333015441895,8.406665802001953,7.340000152587891,8.233332633972168,7.228119373321533,2697600,9.185644214894204,-0.1392337725115811,-0.3358938446107199,-0.4027624392000442,0.0304730528869465,0.07947823709058,0.1549300989912307,-1,-1,-1
2020-03-13,0,9.25666618347168,9.34666633605957,7.673333168029785,8.166666030883789,7.169591903686523,6475500,9.984312692551333,-0.0081301522018824,-0.2926697052876052,-0.3834559854865929,0.030464134553477,0.0797984189108434,0.1551973338167127,-1,-1,-1
2020-03-16,0,6.866665840148926,7.50666618347168,6.376666069030762,6.50666618347168,5.712262630462647,3778500,9.802069528339944,-0.227233533090405,-0.505174501452979,-0.6513001070114431,0.0309863224383107,0.0807870230822355,0.1560417131980242,-1,-1,-1
2020-03-17,0,6.849999904632568,6.896666049957275,6.300000190734863,6.550000190734863,5.750306129455566,3466200,10.1827453522198,0.006637890594635,-0.401215090707137,-0.6790533631288795,0.0309769753693086,0.0813943396411402,0.1569554623834611,1,-1,-1
2020-03-18,0,6.300000190734863,6.300000190734863,4.663332939147949,5.176665782928467,4.544642925262451,3427500,10.348692536599769,-0.235303933052966,-0.662083803495724,-0.9130661047786206,0.031526449079281,0.083061406854091,0.1586209505070771,-1,-1,-1
2020-03-19,0,4.433332920074463,5.616665840148926,4.166666030883789,5.616665840148926,4.930922985076904,3529500,10.643781691008227,0.0815770283554054,-0.5216864719067943,-0.8281242231068066,0.0315831468616367,0.0840679239275432,0.1599675641901309,1,-1,-1
2020-03-20,0,6.0,6.603332996368408,5.623332977294922,5.75333309173584,5.050904750823975,8367900,11.858133547610006,0.0240411972194708,-0.3584115021757422,-0.793396196055025,0.0315789739587138,0.0845239620184061,0.16118714989238,1,-1,-1
2020-03-23,0,5.593332767486572,5.739999771118164,5.156665802001953,5.5,4.828501224517822,5410500,11.418022756577797,-0.0450312717923713,-0.395312621766231,-0.8532540827106867,0.0315892204909126,0.0850797262782219,0.1625892650122247,-1,-1,-1
2020-03-24,0,5.993332862854004,6.436666011810303,5.63666582107544,6.13666582107544,5.3874359130859375,4741800,11.35462834677545,0.1095334458493052,-0.0585456428265206,-0.7411353329732525,0.0316987066738432,0.0850655098409478,0.1636256551127286,1,-1,-1
2020-03-25,0,5.866665840148926,7.53000020980835,5.866665840148926,6.836666107177734,6.001972675323486,2547300,11.02959052413028,0.1080186345363659,0.0428351011152102,-0.6245374186501492,0.0318042718024784,0.085045515463045,0.164342361549123,1,1,-1
2020-03-26,0,6.766665935516357,8.09000015258789,6.766665935516357,7.633333206176758,6.701374053955078,2321400,10.85542928439177,0.110224393637613,0.3883634278057893,-0.5205597605496014,0.0319139482410522,0.0855765529454224,0.1648225639897378,1,1,-1
2020-03-27,0,7.633333206176758,7.633333206176758,6.833333015441895,7.383333206176758,6.481896877288818,1287900,9.173080829286894,-0.0332993925458266,0.2734870069045573,-0.4773132106340445,0.0319149324261714,0.0858243829066239,0.1652163622721741,-1,1,-1
2020-03-30,0,7.329999923706055,7.526666164398193,6.960000038146973,6.960000038146973,6.110248565673828,2027700,8.766880379064787,-0.059045741368678,0.1904000683164083,-0.4884507587044726,0.0319393421461806,0.085929896897288,0.1656289611327878,-1,1,-1
2020-03-31,0,6.78000020980835,6.936666011810303,6.210000038146973,6.356666088104248,5.580576419830322,2164500,8.41994768593145,-0.0906753820328053,0.1447559580759743,-0.6354026323918315,0.0320101585387434,0.0859791445048287,0.1663570131928998,-1,1,-1
2020-04-01,0,5.763332843780518,6.22666597366333,5.75,6.21999979019165,5.460595607757568,4332300,8.776936886698941,-0.0217342026256057,0.0134883096010633,-0.6397644899063889,0.032004759984515,0.0859527046834704,0.1670906072173882,-1,1,-1
2020-04-02,0,6.233333110809326,6.333333015441895,5.960000038146973,6.130000114440918,5.381584167480469,4174200,9.000497244289326,-0.0145750837249179,-0.1091054086602208,-0.6469636904902033,0.0319968128802571,0.0859695901148829,0.1678366610766448,-1,-1,-1
2020-04-03,0,6.110000133514404,6.110000133514404,5.800000190734863,5.800000190734863,5.091874122619629,4574400,8.16224477824228,-0.0553368259794968,-0.2746666282773305,-0.6862267728328797,0.0320167634460499,0.0862186669433019,0.1686762217217449,-1,-1,-1
2020-04-06,0,6.166666030883789,6.349999904632568,5.923333168029785,6.053332805633545,5.314277172088623,3161100,7.750229639846859,0.0427510450469431,-0.1986161906845608,-0.5921214362609395,0.0320246148715842,0.0863354776274513,0.169283784351252,1,-1,-1
2020-04-07,0,6.356666088104248,6.900000095367432,6.356666088104248,6.733333110809326,5.911255836486816,2487300,7.271172996487654,0.106461297508034,-0.0331091518078488,-0.4709314018278741,0.0321250871714992,0.08631238871742,0.1696466544804188,1,-1,-1
2020-04-08,0,6.763332843780518,6.816666126251221,6.316666126251221,6.4633331298828125,5.674220085144043,2599200,7.247297997680555,-0.0409251783353082,0.0166410518896484,-0.4145350600119754,0.0321313934693734,0.0862863040232502,0.1699145738602766,-1,1,-1
2020-04-09,0,6.606666088104248,6.863333225250244,6.053332805633545,6.333333015441895,5.560091972351074,3703800,7.469832606196974,-0.0203184740771043,0.0180567804381497,-0.4604183138247008,0.0321253840459237,0.0862604201625035,0.1702560426127938,-1,1,-1
2020-04-13,0,6.2733330726623535,6.420000076293945,6.033332824707031,6.099999904632568,5.355246543884277,1987200,7.571179602059688,-0.0375379071344905,-0.0049060429714229,-0.4391359177256671,0.0321290675815256,0.0862334838581682,0.170560390065183,-1,0,-1
2020-04-14,0,6.2133331298828125,6.646666049957275,6.2133331298828125,6.416666030883789,5.633250713348389,5319900,8.347816648055389,0.0506099241029023,0.1010407071109763,-0.2492922211111833,0.0321438895561073,0.0862434392733252,0.1706215070482931,1,1,-1
2020-04-15,0,6.313333034515381,6.623332977294922,6.126666069030762,6.433332920074463,5.64788293838501,7310400,9.638301423344112,0.0025941068856795,0.0608837689497127,-0.2385679620236214,0.0321339248689175,0.0862298121348598,0.1706727077016027,0,1,-1
2020-04-16,0,6.563333034515381,6.869999885559082,6.436666011810303,6.869999885559082,6.03123664855957,2002800,9.126793898829998,0.0656712986228483,0.0200937700645271,0.0543368696896319,0.0321656435463558,0.0862042757370346,0.1706243356261666,1,1,1
2020-04-17,0,6.876666069030762,7.203332901000977,6.72333288192749,7.0,6.145365238189697,1967100,8.668405789539417,0.0187461055053366,0.079765053905172,0.0664450846003336,0.0321589921769106,0.0862002516130965,0.1705787252267197,1,1,1
2020-04-20,0,6.863333225250244,7.433332920074463,6.776666164398193,7.25,6.364842414855957,1787400,8.141957526934796,0.035091295730692,0.1351748237129684,0.3368403133839918,0.0321608267195422,0.0862392032811948,0.170734951181665,1,1,1
2020-04-22,0,7.116665840148926,7.53000020980835,7.116665840148926,7.353332996368408,6.455559253692627,1521000,7.833572538063022,0.0141521857542392,0.1868649166016981,0.2694154707828255,0.0321527227700353,0.0863380282171783,0.1708151657431685,1,1,1
2020-04-23,0,7.380000114440918,7.496665954589844,6.96999979019165,7.186666011810303,6.309240818023682,1476300,7.595493528629096,-0.0229263041686893,0.1133286883301064,0.2224479693946651,0.0321478621866658,0.0863570706909068,0.1708525137531311,-1,1,1
2020-04-24,0,7.163332939147949,7.163332939147949,6.166666030883789,6.413332939147949,5.630324840545654,1692900,7.365008261945007,-0.1138482165837314,-0.0031136351393047,0.1536310246033051,0.0322631303800643,0.0863301957805528,0.1708420793534347,-1,0,1
2020-04-27,0,6.553332805633545,6.623332977294922,6.296666145324707,6.583333015441895,5.779569149017334,1259100,6.7766774593738575,0.0261619995831878,-0.0426229341789651,0.0702595783371875,0.0322596726113516,0.0863100219856566,0.1707973276533035,1,-1,1
2020-04-28,0,6.763332843780518,6.986666202545166,6.543333053588867,6.986666202545166,6.133659362792969,2078400,6.869733504837693,0.0594623932977493,-0.0019066463865524,0.021703337098571,0.0322835784332226,0.0862831680267987,0.1707444499753217,1,0,1
2020-04-29,0,7.00666618347168,7.596665859222412,6.960000038146973,7.400000095367432,6.49652910232544,1894200,6.08938413459251,0.0574765185124368,0.0204785763951924,-0.0310445380266051,0.0323051704432558,0.0862577531376024,0.1706925951093128,1,1,-1
2020-04-30,0,7.329999923706055,7.980000019073486,7.170000076293945,7.593332767486572,6.666257381439209,7617600,6.508775468652584,0.025790540193549,0.0321169308345023,0.0280453947127704,0.0323014690952497,0.0862345214220926,0.1706403905139215,1,1,1
2020-05-04,0,7.429999828338623,7.429999828338623,7.050000190734863,7.230000019073486,6.347284317016602,2391900,6.645855853711041,-0.049031535399554,0.0060116996036376,0.0380596006818944,0.0323146421793915,0.086207826908305,0.1705894383462401,-1,0,1
2020-05-05,0,7.433332920074463,7.436666011810303,6.800000190734863,6.800000190734863,5.969783306121826,658500,6.285452755633157,-0.0613164252038631,0.0585434909835059,0.0674185575108367,0.032340764604478,0.0861931572682677,0.1705441842363033,-1,1,1
2020-05-06,0,6.900000095367432,7.116665840148926,6.643332958221436,7.093332767486572,6.2273030281066895,771300,5.995034160361998,0.042232708671591,0.0746142000719091,0.1313854688080336,0.0323477458518789,0.0861861211223973,0.1705222333626982,1,1,1
2020-05-07,0,7.239999771118164,7.283332824707031,6.610000133514404,6.800000190734863,5.969783306121826,979800,5.819648807756661,-0.042232708671591,-0.0270809018974311,0.1037278438613605,0.0323548677125704,0.0861621493354945,0.1704883764509493,-1,-1,1
2020-05-08,0,6.980000019073486,7.053332805633545,6.599999904632568,6.599999904632568,5.794201374053955,978000,5.658494498296007,-0.029852975251972,-0.1144103956618402,0.1292116945888852,0.0323534217260139,0.0861830166263137,0.1704653750321974,-1,-1,1
2020-05-11,0,6.599999904632568,6.656665802001953,6.413332939147949,6.413332939147949,5.630324840545654,904200,5.462303254978886,-0.0286905157315338,-0.1688914515869231,0.0577701338104082,0.0323513162832235,0.08625942547871,0.1704180191854089,-1,-1,1
2020-05-12,0,6.400000095367432,6.610000133514404,6.113333225250244,6.116665840148926,5.369877815246582,1088100,5.39894383723785,-0.0473619835812373,-0.1672218997686065,-0.0960531472788631,0.0323627563125596,0.0863335284148195,0.170381882378525,-1,-1,-1
2020-05-13,0,6.116665840148926,6.186666011810303,5.783332824707031,5.949999809265137,5.223560333251953,2775300,5.476205117139912,-0.0276259294705106,-0.1335314040352541,-0.0827538984140656,0.0323600511881387,0.0863710010584023,0.1703413720510964,-1,-1,-1
2020-05-14,1,5.966666221618652,6.133333206176758,5.913332939147949,6.099999904632568,5.355246543884277,2016900,5.40972488570944,0.0248975172024708,-0.1508665955043744,-0.0375379071344905,0.0323559780373187,0.0864259941489876,0.1702908255120371,1,-1,-1
2020-05-15,0,6.013332843780518,6.593332767486572,6.0,6.300000190734863,5.530828952789307,2949300,3.8868627224387167,0.0322609625661469,-0.0763729242666364,0.0322609625661469,0.0323559054459428,0.0864202212632276,0.1702395118660204,1,-1,1
2020-05-18,0,6.353332996368408,6.72333288192749,6.336666107177734,6.510000228881836,5.715189933776856,1535700,3.6038730677582578,0.0327898256041011,-0.0137301234105632,0.0144408640673454,0.0323561475991784,0.0863942131809169,0.1701867564349513,1,-1,0
2020-05-19,0,6.493332862854004,6.593332767486572,6.409999847412109,6.440000057220459,5.653736114501953,698700,3.604719711022921,-0.0108109451244946,0.004149447196476,0.0010358120571714,0.0323473123528505,0.086367602380506,0.1701336978363444,-1,0,0
2020-05-20,0,6.516665935516357,6.686666011810303,6.25333309173584,6.38666582107544,5.606913566589356,1456800,3.753389811791435,-0.0083161840725117,0.0431952467052016,-0.0729516706381887,0.0323380285189159,0.0863475838408243,0.1700905813375476,-1,1,-1
2020-05-21,0,6.296666145324707,6.916666030883789,6.296666145324707,6.783332824707031,5.955151081085205,2067600,4.038960712762584,0.0602561711905614,0.1310773473662738,-0.0314416049529639,0.0323625170924112,0.0863821262317056,0.1700394874661539,1,1,-1
2020-05-22,0,6.366665840148926,6.766665935516357,6.166666030883789,6.563333034515381,5.7620110511779785,1527300,4.17740548884044,-0.0329700183429175,0.0732098118208855,-0.0995029190265736,0.0323629364229829,0.0863745009911786,0.1700048654049706,-1,1,-1
2020-05-25,0,6.593332767486572,6.989999771118164,6.593332767486572,6.829999923706055,5.996120452880859,1688100,4.399684391581223,0.0398261143094639,0.0807749635642026,-0.0738289904713487,0.0323679927669303,0.0863709967600408,0.1699620794225668,1,1,-1
2020-05-26,0,6.933332920074463,7.316666126251221,6.896666049957275,7.133333206176758,6.262419700622559,1365300,4.5192872181682295,0.0434539751616008,0.0914391131217023,-0.0074487111410584,0.0323758790123643,0.0863739827443567,0.1699093674813639,1,1,0
2020-05-27,0,7.25333309173584,7.579999923706055,7.13666582107544,7.44666576385498,6.537497043609619,861300,4.1275706970225645,0.0429877330977147,0.1452377913439115,0.1493872385403876,0.032383351528042,0.0864220755220225,0.1698971545931549,1,1,1
2020-05-28,0,7.336666107177734,7.489999771118164,7.25333309173584,7.313333034515381,6.420443058013916,1582200,4.099181314051703,-0.0180672496982719,0.1354867257181515,0.1051579892589278,0.0323765621818025,0.0864602997675588,0.1698644263615364,-1,1,1
2020-05-29,0,7.316666126251221,7.433332920074463,7.130000114440918,7.309999942779541,6.417517185211182,1488900,3.800649696675824,-0.0004558158458135,0.0747747386817764,0.045239780115365,0.0323666506274768,0.0864533062330384,0.169815377513741,0,1,1
2020-06-01,0,7.300000190734863,7.50333309173584,7.239999771118164,7.50333309173584,6.587245941162109,782400,3.640584327364373,0.0261040346907238,0.1338487917154178,0.0138672962936518,0.0323631237041027,0.0864897699031214,0.1697630523647326,1,1,0
2020-06-02,0,7.623332977294922,8.020000457763672,7.510000228881836,7.666666030883789,6.730637550354004,1366200,3.8723188381657914,0.0215345254459989,0.1155572028519527,0.0096112815461017,0.0323575489589967,0.0865100187892951,0.169710602255169,1,1,0
2020-06-03,0,7.783332824707031,8.510000228881836,7.78000020980835,8.366665840148926,7.345173835754394,3817800,4.750380752762604,0.0873736048057246,0.1594768324960764,0.1460164217513804,0.0324194109077999,0.0865727082381017,0.1696966197704592,1,1,1
2020-06-04,0,8.463333129882812,8.733332633972168,8.203332901000977,8.513333320617676,7.473934650421143,1380300,4.6621692866493,0.0173781108678048,0.1338672102661665,0.2247109578230482,0.0324122845520637,0.0866087642092869,0.1697355685079012,1,1,1
2020-06-05,0,8.783332824707031,9.279999732971191,8.626666069030762,8.979999542236328,7.883625030517578,1755300,4.884744038760969,0.0533662399054912,0.2053006998699296,0.2358444890569483,0.0324289743016364,0.08672974219822,0.1697836472857587,1,1,1
2020-06-08,0,9.066665649414062,9.223333358764648,8.869999885559082,8.970000267028809,7.874846458435059,3195900,5.549452872841647,-0.0011141401622295,0.2046423755535137,0.2769630575663097,0.0324190973495424,0.0868492785716213,0.1698697253029012,0,1,1
2020-06-09,0,8.933333396911621,8.933333396911621,8.613332748413086,8.746665954589844,7.678779602050781,1760100,5.768825873188982,-0.025213058630325,0.1533252822324647,0.2816029741879569,0.032415306040992,0.0869041701160573,0.1699601701569225,-1,1,1
2020-06-10,0,8.893333435058594,8.893333435058594,8.260000228881836,8.496665954589844,7.459301948547363,1871400,6.136790343138781,-0.0289987912930161,0.1027919654934496,0.2812946986264746,0.0324134561303797,0.0869138382429364,0.1700499659794891,-1,1,1
2020-06-12,0,8.246665954589844,8.416666030883789,7.710000038146973,7.8333330154418945,6.876955986022949,2255400,6.373240275625731,-0.0812857271106397,-0.0658673664229146,0.2473709550970722,0.0324659066398509,0.0869031478909655,0.1701071131071073,-1,-1,1
2020-06-15,0,7.666666030883789,7.97333288192749,7.486666202545166,7.7733330726623535,6.824281215667725,1277100,6.336139305302185,-0.0076890910068781,-0.0909345682975975,0.2673077935607046,0.0324566031326841,0.0869064745806935,0.1701824943317229,-1,-1,1
2020-06-16,0,8.166666030883789,8.199999809265137,7.606666088104248,7.72333288192749,6.780385971069336,1578300,6.581238105118144,-0.0064529909208757,-0.1507537991239644,0.2359572854373582,0.0324471401098382,0.0869609783834658,0.170229261650634,-1,-1,1
2020-06-17,0,7.766665935516357,8.109999656677246,7.736666202545166,8.063332557678223,7.078874588012695,1596000,6.674127815482828,0.0430809103570174,-0.1065587486047175,0.2467772332282286,0.0324545263752092,0.08697510222903,0.1702851990753944,1,-1,1
2020-06-18,0,8.063332557678223,8.173333168029785,7.816666126251221,7.816666126251221,6.862323760986328,1426200,5.86759007709858,-0.0310688135286361,-0.1124145035030286,0.1829185940954914,0.032453803332956,0.0869936894337756,0.1702918549630626,-1,-1,1
2020-06-19,0,7.966666221618652,8.289999961853027,7.8333330154418945,8.276665687561035,7.266161918640137,5456100,7.163354832680755,0.0571820929301414,-0.026233619279871,0.2509116321501276,0.0324743379505115,0.0869697907583246,0.1703511127198352,1,-1,1
2020-06-22,0,8.666666030883789,8.723333358764648,8.25333309173584,8.293333053588867,7.280794143676758,2678400,7.413540179649192,0.0020117239522409,0.0570638317830097,0.2612395401748801,0.0324645145269656,0.0869543202981175,0.1704195854148596,0,1,1
2020-06-23,0,8.399999618530273,8.50666618347168,8.263333320617676,8.383333206176758,7.359806060791016,1358400,6.743331251321647,0.0107936400285329,0.0755465628184207,0.2117770090128516,0.0324557173379539,0.0869472895297568,0.1704461180614771,1,1,1
2020-06-24,0,8.363332748413086,8.553333282470703,8.10666561126709,8.313332557678223,7.298351764678955,1599300,6.661898562089394,-0.008385044957094,0.0736145087822023,0.236361982398675,0.0324465696042654,0.0869392506054925,0.170492107795883,-1,1,1
2020-06-25,0,8.359999656677246,8.376666069030762,8.133333206176758,8.166666030883789,7.169591903686523,1278000,6.449980605125527,-0.0177998012073572,0.0127337972178277,0.1787360668818539,0.0324397648998041,0.0869133094242322,0.1704954794555572,-1,1,1
2020-06-26,0,8.166666030883789,8.173333168029785,7.633333206176758,7.633333206176758,6.701374053955078,2114400,6.3907384135746526,-0.0675361477429468,-0.0237335369964827,0.0677459439773062,0.0324726984918183,0.0868890761647048,0.1704507654444973,-1,-1,1
2020-06-29,0,7.633333206176758,7.940000057220459,7.53000020980835,7.876666069030762,6.914998531341553,1238100,6.383942075594097,0.0313801646791554,-0.0495354652474687,0.0561383755587471,0.0324719565588364,0.0868716598679598,0.1704036235782774,1,-1,1
2020-06-30,0,7.900000095367432,8.19333267211914,7.78000020980835,8.1899995803833,7.19007682800293,1774800,6.474931051979962,0.0390091043432979,-0.0125380848564117,0.1132147296003171,0.0324761766471582,0.086845961268728,0.1703732747636459,1,-1,1
2020-07-01,0,8.206665992736816,8.333333015441895,8.079999923706055,8.300000190734863,7.286647319793701,1061100,6.31738105837214,0.0133416818980202,-0.0099900429869241,0.127012227344151,0.0324679719472357,0.0868200663459284,0.1703487313684325,1,-1,1
2020-07-02,0,8.433333396911621,8.806666374206543,8.34000015258789,8.359999656677246,7.339321613311768,3625200,7.060479654941676,0.0072028761299258,0.0055978781000958,0.108111068783353,0.0324586233960709,0.0867938411671004,0.1703164167469344,1,0,1
2020-07-03,0,8.363332748413086,8.563332557678223,8.213333129882812,8.563332557678223,7.517829418182373,654000,5.526155328522692,0.0240310399971028,0.0474287193045558,0.110607583334457,0.0324541037932971,0.0867750637153028,0.1702850623883223,1,1,1
2020-07-06,0,8.779999732971191,8.806666374206543,8.533332824707031,8.666666030883789,7.608546733856201,1382400,5.129286290411526,0.011994730583364,0.1269595976308667,0.0352287091120965,0.0324456036519065,0.0868040078150236,0.1702348787509157,1,1,1
2020-07-07,0,8.66333293914795,8.766666412353516,8.403332710266113,8.4399995803833,7.409554004669189,780000,4.942926563281824,-0.0265019364882178,0.0690774964634934,-0.008651338243926,0.0324424559721704,0.086793820327047,0.1701831605925629,-1,1,0
2020-07-08,0,8.4399995803833,8.59666633605957,8.223333358764648,8.223333358764648,7.219340801239014,1120800,4.78472293853518,-0.0260066022238284,0.0040617898963668,-0.0880241803732457,0.0324390605265593,0.0867676231150392,0.1701461630563353,-1,0,-1
2020-07-09,0,8.216666221618652,8.380000114440918,8.09000015258789,8.380000114440918,7.356880187988281,1581000,4.893782951413794,0.0188723084044642,0.0095924164028109,-0.0680377318065518,0.0324325309649943,0.0867416659714946,0.1701033690909176,1,1,-1
2020-07-10,0,8.390000343322754,8.586666107177734,8.293333053588867,8.586666107177734,7.538313865661621,730800,4.5111595289429545,0.0243625763947052,0.0267521166675902,-0.0184620967815214,0.0324281841895644,0.0867177566319796,0.1700523681343436,1,1,-1
2020-07-13,0,8.609999656677246,8.920000076293945,8.376666069030762,8.380000114440918,7.356880187988281,1460400,4.607585535136796,-0.0243625763947052,-0.0216414997242179,-0.0138258818832106,0.0324240327738165,0.0866934191131252,0.1700010930293486,-1,-1,0
2020-07-14,0,8.44333267211914,8.760000228881836,8.306666374206543,8.656665802001953,7.599767208099365,1335900,4.492343282648648,0.0324816609364307,-0.0011545693711512,0.0999415061638598,0.032423939446407,0.0866673064065267,0.1699661244581815,1,0,1
2020-07-15,0,8.670000076293945,8.863332748413086,8.50333309173584,8.59666633605957,7.547093391418457,538500,4.330298799044412,-0.006955108442379,0.0183922586746874,0.1006754887283589,0.032414678127761,0.0866422236511414,0.1699314258860949,-1,1,1
2020-07-16,0,8.66333293914795,8.66333293914795,8.359999656677246,8.583333015441895,7.535387992858887,433800,3.29922064209142,-0.001552185029965,0.0428466758685508,0.1055762946192698,0.0324049773992296,0.0866221566425997,0.1698984922259515,0,1,1
2020-07-17,0,8.583333015441895,8.716666221618652,8.516666412353516,8.666666030883789,7.608546733856201,518400,3.256259607972256,0.0096618628434953,0.033636230307582,0.0721572471057477,0.0323960817099401,0.0865997358396829,0.1698553484157117,1,1,1
2020-07-20,0,8.666666030883789,8.899999618530273,8.600000381469727,8.873332977294922,7.789981365203857,981300,3.129294978294919,0.0235662820554452,0.0328399359683222,0.1267923426898293,0.0323914092035456,0.0865771550989915,0.169831002077341,1,1,1
2020-07-21,0,9.033332824707031,9.210000038146973,8.850000381469727,9.199999809265137,8.076765060424805,1436700,3.386623675815785,0.0361529608206881,0.0933554731837156,0.1057632105803758,0.0323936284728942,0.086580544404285,0.1697981728551758,1,1,1
2020-07-22,0,9.199999809265137,9.199999809265137,8.920000076293945,9.066665649414062,7.959710121154785,1336800,3.4992452945071952,-0.0145988463043798,0.0462749659429049,0.0891526403237552,0.0323859679474676,0.0865615416891917,0.169759781637013,-1,1,1
2020-07-23,0,9.066665649414062,9.119999885559082,8.586666107177734,8.586666107177734,7.538313865661621,939600,3.2983006012172296,-0.0543940504846304,-0.0011639760993464,0.023964949810592,0.0324038439416067,0.0865355811151023,0.1697090763731265,-1,0,1
2020-07-24,0,8.566665649414062,8.640000343322754,8.183333396911621,8.640000343322754,7.585136890411377,1492200,3.5549712359022982,0.0061921283857783,0.0065803373163969,0.0385421231534642,0.0323944817073417,0.0865097160179705,0.1696598575475091,1,0,1
2020-07-27,0,8.640000343322754,8.776665687561035,8.479999542236328,8.773332595825195,7.702190399169922,852900,3.37052537106688,0.0153140956771441,0.0122325701500455,0.0716560200379656,0.032386899719986,0.0864841889035967,0.169616767644115,1,1,1
2020-07-28,0,8.770000457763672,8.880000114440918,8.583333015441895,8.866665840148926,7.784128189086914,847500,3.213441132186704,0.0105820571963945,-0.0007516547090052,0.1497742249773069,0.0323782128209231,0.0864582916810692,0.1696035377016832,1,0,1
2020-07-29,0,8.876666069030762,9.166666030883787,8.733332633972168,9.166666030883787,8.047501564025879,1283100,3.490085851431852,0.0332748655125816,-0.0036297500171116,0.151668925810733,0.032378605276461,0.0864324887144526,0.16959126923184,1,0,1
2020-07-30,0,9.100000381469728,10.123332977294922,8.973333358764648,9.75,8.559616088867188,4665000,5.109834438645012,0.0616936611763882,0.0726627574636563,0.1743534826438234,0.0324036938978941,0.0864242112685504,0.1695918291203589,1,1,1
2020-07-31,0,9.766666412353516,9.93333339691162,9.579999923706056,9.579999923706056,8.410370826721191,1605000,5.53195507965555,-0.0175897731577962,0.1094670347904905,0.1434220275880067,0.0323969724848141,0.0864387418785458,0.1695752642415312,-1,1,1
2020-08-03,0,9.699999809265137,9.733332633972168,9.286665916442873,9.486665725708008,8.328432083129883,4041000,6.681138789486323,-0.0097903534110815,0.0934845529936308,0.1264287980469992,0.0323882503595726,0.0864421603597288,0.1695507602168555,-1,1,1
2020-08-04,0,9.470000267028809,9.470000267028809,9.109999656677246,9.16333293914795,8.044575691223145,1202400,6.595821516540282,-0.034677176017947,0.0434932812985395,0.0677205820319493,0.0323898315577224,0.0864224194791947,0.1695068300635933,-1,1,1
2020-08-05,0,9.216666221618652,9.366665840148926,9.133333206176758,9.220000267028809,8.094324111938477,1037400,6.496702221529593,0.0061650520037014,0.0390762761058464,0.0618909034522865,0.0323805111585195,0.0864014786244834,0.1694616744952292,1,1,1
2020-08-06,0,9.25,9.579999923706056,9.166666030883787,9.43333339691162,8.281611442565918,1644900,6.78561965873002,0.0228744789954355,0.0286758895887004,0.1112673189359399,0.0323755751113584,0.086378233072475,0.1694310222047685,1,1,1
2020-08-07,0,9.40999984741211,9.609999656677246,9.279999732971191,9.369999885559082,8.2260103225708,1146600,6.702268113110179,-0.006736443450111,-0.0397542150377989,0.1305374777096575,0.0323664003823666,0.086358375123302,0.1694083652258887,-1,-1,1
2020-08-10,0,9.34333324432373,9.44666576385498,9.176666259765623,9.329999923706056,8.19089412689209,756000,6.685617125824524,-0.0042780597699459,-0.0264425016499486,0.1073871095352472,0.032356972879066,0.0863353455890927,0.1693762715305524,-1,-1,1
2020-08-11,0,9.516666412353516,9.586666107177734,8.760000228881836,9.036665916442873,7.933372974395752,3671400,7.68099181070906,-0.0319447761393273,-0.0485969243781945,0.0510797570012144,0.0323568799922517,0.086318303763996,0.1693292184119293,-1,-1,1
2020-08-12,0,9.086666107177734,9.18333339691162,8.783332824707031,8.783332824707031,7.7109694480896,1387800,7.697583238273737,-0.0284343700468343,-0.0423541184070818,0.0470079633490855,0.032354817420916,0.0862992460263647,0.1692815584883436,-1,-1,1
2020-08-13,1,8.783332824707031,9.216666221618652,8.66333293914795,9.149999618530272,8.032869338989258,1094100,6.321709158088389,0.040897872805788,-0.0076212976049951,0.0554241752184428,0.0323603728932419,0.0862738597299506,0.1692353367104573,1,0,1
2020-08-14,0,9.19333267211914,9.69666576385498,9.19333267211914,9.399999618530272,8.252346992492676,5874600,7.86718238995531,0.0269558522988499,-0.0035399243015806,0.0893351359596719,0.0323573084647665,0.0862482969420349,0.1691973246954675,1,0,1
2020-08-17,0,9.35666561126709,9.66333293914795,9.0,9.376666069030762,8.23186206817627,1372800,6.879541262512092,-0.0024854010023773,0.0007111181461529,0.0884019199872594,0.0323477919522252,0.0862226718416243,0.1691590552547539,0,0,1
2020-08-18,0,9.376666069030762,9.533332824707031,9.199999809265137,9.263333320617676,8.132366180419922,1060800,6.833328782995727,-0.0121603185078627,-0.0071711405917637,0.0665797386359014,0.0323396274476842,0.0861973256746477,0.1691151656648686,-1,0,1
2020-08-19,0,9.263333320617676,9.473333358764648,9.229999542236328,9.31999969482422,8.182114601135254,918000,6.794190242196494,0.0060987015863083,0.0308723371338721,0.0491121581667645,0.0323303699007678,0.086174716320914,0.1690680116960221,1,1,1
2020-08-20,0,9.233332633972168,9.449999809265137,9.056666374206545,9.34666633605957,8.205525398254395,712800,6.450749132232171,0.0028571305014735,0.06216383768218,0.0158163278475499,0.0323208704624686,0.0861618159129162,0.1690176087495416,0,1,0
2020-08-21,0,9.34666633605957,9.489999771118164,9.029999732971191,9.489999771118164,8.331358909606934,1319100,6.519580821468475,0.0152188208756206,0.0364847857520127,0.0456339950275504,0.0323133618824853,0.0861404749540598,0.1689700103412716,1,1,1
2020-08-24,0,9.516666412353516,9.613332748413086,9.130000114440918,9.18333339691162,8.0621337890625,2142000,7.008962431624155,-0.0328483177017008,-0.0233193842485381,0.0671797278104802,0.0323138395165462,0.0861170831270174,0.1689264012593771,-1,-1,1
2020-08-25,0,9.18333339691162,9.456665992736816,9.18333339691162,9.420000076293944,8.269906044006348,1982400,6.446437207770001,0.0254448883290681,0.0046109050829074,0.0864324877537701,0.0323100944849899,0.0860916181779561,0.1688877391825419,1,0,1
2020-08-26,0,9.456665992736816,9.630000114440918,9.296666145324709,9.529999732971191,8.366475105285645,3008100,7.085553805483906,0.0116095135171807,0.0283807371079508,0.0827279055938068,0.03230173589168,0.0860686175705754,0.1688480538899595,1,1,1
2020-08-27,0,9.529999732971191,10.046666145324709,9.526665687561035,9.916666030883787,8.705933570861816,2320800,7.589921289301406,0.0397721514052024,0.062054186926845,0.1119179998026147,0.0323064418472842,0.0860557318429938,0.1688179459516271,1,1,1
2020-08-28,0,9.916666030883787,10.489999771118164,9.779999732971191,10.293333053588867,9.036612510681152,3055200,6.667840813853123,0.0372795690782409,0.0964766255036123,0.115922703368274,0.032309388059954,0.0860611959797532,0.1687893881972595,1,1,1
2020-08-31,0,10.146665573120115,10.399999618530272,9.869999885559082,9.979999542236328,8.761534690856934,1910400,6.908067067063611,-0.0309132992843743,0.0503445053436173,0.0233157429075113,0.0323087599991798,0.0860439087424104,0.1687396569011755,-1,1,1
2020-09-01,0,10.0,10.076665878295898,9.710000038146973,9.75,8.559616088867188,3144600,7.716124459118104,-0.0233157429075114,0.0598770801378068,0.0175897731577962,0.0323043294589063,0.0860301216855999,0.1686896546645705,-1,1,1
2020-09-02,0,9.84000015258789,10.119999885559082,9.670000076293944,10.050000190734863,8.822988510131836,2598300,8.39711036670472,0.0303053062594436,0.0647374980681823,0.0576854328283215,0.0323030267253832,0.0860183537060996,0.1686443319288936,1,1,1
2020-09-03,0,10.053333282470703,10.3100004196167,9.970000267028809,10.133333206176758,8.896147727966309,2015400,8.930832921047097,0.008257697505742,0.0613856820567435,0.1006203063520106,0.0322941052126147,0.0860051739988645,0.1686102908001564,1,1,1
2020-09-04,0,10.136666297912598,10.300000190734863,9.85666561126709,10.300000190734863,9.042466163635254,2185500,9.318405871269125,0.0163135994295702,0.0379271300811113,0.1107688537778794,0.0322869455686696,0.0859843026577067,0.1685798690142793,1,1,1
2020-09-08,0,10.293333053588867,10.553333282470703,9.833333015441896,10.329999923706056,9.068802833557127,2203500,9.438313497352045,0.0029083206140483,0.0035558816169187,0.0908026953964923,0.0322775256436859,0.0859589900821753,0.1685427150256474,0,0,1
2020-09-09,0,10.41333293914795,10.600000381469728,10.216666221618652,10.483332633972168,9.203414916992188,2057700,9.550692201328772,0.0147343382865799,0.0492035191878727,0.1122734771331832,0.032269940937314,0.0859413765925758,0.1685128792922417,1,1,1
2020-09-10,0,10.529999732971191,10.533332824707031,9.989999771118164,10.143333435058594,8.904927253723145,1542300,9.045566742738238,-0.0329698542531711,0.039549407842213,0.0835816826499579,0.032270548749213,0.0859209613598427,0.1684736730300601,-1,1,1
2020-09-11,0,10.166666030883787,10.213333129882812,9.566665649414062,9.59666633605957,8.425003051757812,2175000,8.962491276272226,-0.0554009090938882,-0.0461568075111189,0.060125549695397,0.0322892574483863,0.0859035868921355,0.1684289856781433,-1,-1,1
2020-09-14,0,9.653332710266112,10.479999542236328,9.600000381469728,10.456665992736816,9.180004119873049,3816600,9.29065556800642,0.0858238149554057,0.0314093099385449,0.1743837346976373,0.0323460967392083,0.0858813377992647,0.1684293861084652,1,1,1
2020-09-15,0,10.496665954589844,10.59666633605957,10.216666221618652,10.233332633972168,8.983938217163086,989100,8.943746328838234,-0.0215893129931256,-0.006493602484151,0.1118965488987235,0.0323409722361222,0.0858563572833563,0.1683994352372136,-1,0,1
2020-09-16,0,10.333333015441896,10.43333339691162,10.143333435058594,10.156665802001951,8.916631698608398,1015500,8.154599476095457,-0.0075200774122649,-0.0169220005104643,0.0774206191876086,0.0323320640916698,0.0858323643086355,0.1683586687055275,-1,-1,1
2020-09-17,0,10.103333473205566,10.103333473205566,9.833333015441896,9.899999618530272,8.691301345825195,1194600,7.600476630445696,-0.0255955828404805,-0.0572519216375247,0.0543104373495055,0.0323286759558476,0.0858191133031521,0.1683130203187435,-1,-1,1
2020-09-18,0,9.829999923706056,9.84000015258789,9.466666221618652,9.600000381469728,8.427929878234863,1469700,7.355592300724112,-0.0307715043625418,-0.0550535717468953,0.0356992514948262,0.0323279478136967,0.0858049920322402,0.1682648224400459,-1,-1,1
2020-09-21,0,9.43333339691162,9.806666374206545,9.156665802001951,9.75,8.559616088867188,1474200,7.039976324189491,0.0155041639046823,0.0158515012516751,0.0451047138132002,0.0323205988244533,0.0857805321684844,0.1682178197681592,1,1,1
2020-09-22,0,9.733332633972168,9.993332862854004,9.56999969482422,9.896665573120115,8.688374519348145,1086600,6.5742074186951385,0.0149305302057668,-0.0550417834979638,0.0571781135174934,0.032313099658809,0.0857664294069193,0.1681727914184785,1,-1,1
2020-09-23,0,9.953332901000977,9.956665992736816,9.300000190734863,9.32333278656006,8.185040473937988,1590600,6.312712232219449,-0.0596777142197464,-0.0931301847245845,-0.0177184215778738,0.0323361164231092,0.0857720215092933,0.1681240664938424,-1,-1,-1
2020-09-24,0,9.32333278656006,9.563332557678224,9.213333129882812,9.453332901000977,8.299168586730957,1129500,6.120076613569969,0.0138471838092947,-0.0717629235030249,0.0289770799331218,0.032328351616842,0.0857653213999695,0.1680754011594009,1,-1,1
2020-09-25,0,9.333333015441896,9.539999961853027,9.223333358764648,9.456665992736816,8.302095413208008,700800,5.567538504418168,0.0003526028508897,-0.0458147378116548,0.0038847944549432,0.0323189306262406,0.0857479260721094,0.1680258188739614,0,-1,0
2020-09-28,0,9.586666107177734,9.633333206176758,8.956665992736816,9.036665916442873,7.933372974395752,1622100,4.588150999944146,-0.045429653593277,-0.0604728870423899,-0.0531543726555145,0.0323283227620791,0.0857360040216884,0.167982317606196,-1,-1,-1
2020-09-29,0,9.023332595825195,9.133333206176758,8.75666618347168,8.823332786560059,7.746086120605469,1838400,4.824712706029615,-0.0238905896641035,-0.0998676406111759,-0.1168171137248206,0.0323241532506755,0.085745994384283,0.1679590496862,-1,-1,-1
2020-09-30,0,8.866665840148926,8.899999618530273,8.603333473205566,8.69666576385498,7.634883880615234,1767600,5.020901477678546,-0.0144599693761368,-0.1292581401930795,-0.1685566521791985,0.0323166902850024,0.0857791256596584,0.1679626320055443,-1,-1,-1
2020-10-01,0,8.783332824707031,9.423333168029783,8.783332824707031,9.423333168029783,8.272831916809082,3021000,5.666366260673991,0.0802491531939234,0.0106687272205904,-0.0573941997009006,0.0323648404105714,0.0857544027170367,0.1679200856208491,1,1,-1
2020-10-02,0,9.350000381469728,9.40999984741211,9.170000076293944,9.34333324432373,8.20259952545166,1439100,5.640645587446164,-0.0085257635926344,-0.0117042201813388,-0.0426042203860237,0.0323561296206255,0.0857299999810569,0.1678747067701592,-1,-1,-1
2020-10-05,0,9.403332710266112,9.533332824707031,8.986665725708008,9.4399995803833,8.287463188171387,2760600,6.093931873241578,0.0102927943220516,-0.0017640287101768,-0.0626167323234158,0.0323476363492125,0.0857050661673177,0.1678334188884627,1,0,-1
2020-10-06,0,9.526665687561035,9.526665687561035,9.100000381469728,9.176666259765623,8.056281089782715,1759200,6.302987913506074,-0.0282918668659727,0.0153737580171273,-0.0991662966951306,0.0323455612431095,0.0856807784676282,0.1678031742132481,-1,1,-1
2020-10-07,0,9.223333358764648,9.263333320617676,8.903332710266113,9.133333206176758,8.018238067626953,1806000,6.367572074072403,-0.0047333413598466,0.0345310063213844,-0.1202132374845475,0.0323364014507549,0.0856595677365979,0.1677813924139574,-1,1,-1
2020-10-08,0,9.1899995803833,9.316665649414062,9.0,9.313332557678224,8.176260948181152,1177500,6.378777950202087,0.0195162438880077,0.0685072195855289,-0.1036053142105881,0.0323303545964417,0.0856499099692252,0.1677528077163907,1,1,-1
2020-10-09,0,9.333333015441896,9.899999618530272,9.3100004196167,9.8100004196167,8.612290382385254,2678400,7.140856100332208,0.0519553479637493,0.0402134143553546,-0.0663843045334188,0.0323449194801408,0.0856301033563467,0.1677125173331047,1,1,-1
2020-10-13,0,9.883333206176758,10.063332557678224,9.676666259765623,9.766666412353516,8.574247360229492,1760100,7.239061726899126,-0.0044270794803868,0.0443120984676024,-0.0378415297606343,0.0323357525327204,0.0856114411531916,0.1676665601989406,-1,1,-1
2020-10-14,0,9.766666412353516,10.153332710266112,9.763333320617676,10.086666107177734,8.855177879333496,1868100,7.340764031047712,0.0322391412455337,0.0662584453910845,0.0497985205787876,0.0323355278945784,0.0856007804546188,0.1676209532137948,1,1,1
2020-10-15,0,10.083333015441896,10.25,9.84666633605957,9.9399995803833,8.726418495178223,1308000,7.248811903626825,-0.0146473259255912,0.0799029863314661,-0.0506726203022094,0.032328173936567,0.0855967209695094,0.1675772847687232,-1,1,-1
2020-10-16,0,9.90999984741211,9.94333267211914,9.60666561126709,9.649999618530272,8.471824645996094,1830900,6.829925880377139,-0.0296091230977779,0.0550272045935348,-0.0586924304068617,0.0323268203788358,0.0855815566051662,0.1675353191156885,-1,1,-1
2020-10-19,0,9.673333168029783,9.916666030883787,9.600000381469728,9.826665878295898,8.626921653747559,1563600,6.904357125412796,0.0181418285153672,0.0536527892208944,-0.0330305244792294,0.0323203321146782,0.0855659060490759,0.1674888370664605,1,1,-1
2020-10-20,0,9.826665878295898,10.376666069030762,9.82333278656006,10.333333015441896,9.071728706359863,2368200,6.842737926558672,0.0502751035008767,0.0519725447580219,0.0428401618621278,0.0323333050364906,0.0855496791917387,0.1674423970599479,1,1,1
2020-10-21,0,10.359999656677246,10.579999923706056,9.866665840148926,9.866665840148926,8.66203784942627,2925900,7.3363110751688625,-0.0462128296592295,0.010186794579179,0.0273988365654402,0.0323432821335785,0.0855251637241161,0.1673943689344346,-1,1,1
2020-10-22,0,9.873332977294922,10.3100004196167,9.873332977294922,10.199999809265137,8.95467472076416,2447700,7.6649027807689665,0.033225698719616,0.0111733520532613,0.0451203713803739,0.0323436215875938,0.0855007290087244,0.1673483179423652,1,1,1
2020-10-23,0,10.199999809265137,10.210000038146973,9.793333053588867,9.976666450500488,8.758607864379883,1732800,7.9100787419174114,-0.0221387383689492,0.0036819396099035,0.0080511028056577,0.0323387873329377,0.0854760270404942,0.1672995095135507,-1,0,0
2020-10-26,0,9.976666450500488,9.976666450500488,9.640000343322754,9.69666576385498,8.51279354095459,1345800,7.397110446486477,-0.0284668183279238,0.0048242443797575,0.0392619986974806,0.0323368368377184,0.0854513658889416,0.1672527778282939,-1,0,1
2020-10-27,0,9.739999771118164,9.806666374206545,9.383333206176758,9.510000228881836,8.348917961120605,2552400,7.671837979000996,-0.0194382094286822,-0.0327557935642919,0.0059766054595034,0.0323309867927764,0.0854307124835061,0.1672040391570344,-1,-1,0
2020-10-28,0,9.416666030883787,9.416666030883787,8.930000305175781,8.956665992736816,7.86314058303833,2233200,7.7167967813821505,-0.0599458530630787,-0.1429767501282475,-0.0543218504544648,0.0323539208089796,0.0854767191164921,0.1671614626645809,-1,-1,-1
2020-10-29,0,8.956665992736816,9.119999885559082,8.626666069030762,9.10666561126709,7.994826316833496,1943700,7.899060061673117,0.0166085301684308,-0.0801553903005871,0.0077163333072429,0.0323469992783355,0.0854746262901096,0.1671128189991418,1,-1,0
2020-10-30,0,9.130000114440918,9.303333282470703,8.880000114440918,9.303333282470703,8.167482376098633,3131700,8.343830747472161,0.0213660846055534,-0.0920150044146496,0.0529730075769002,0.0323416653394961,0.0854795170652953,0.1670682189134857,1,-1,1
2020-11-03,0,9.619999885559082,10.173333168029783,9.329999923706056,10.100000381469728,8.866884231567383,5431500,9.875644778398843,0.0821627575311185,0.0122864914854181,0.1495957344841554,0.0323918787422666,0.0854552832594064,0.1670560269150474,1,1,1
2020-11-04,0,10.066665649414062,10.50333309173584,9.953332901000977,10.316665649414062,9.057096481323242,3271500,10.235569731737986,0.0212251278028008,0.0619784376161428,0.0905717090930331,0.0323864580372006,0.0854429808346653,0.1670202003844593,1,1,1
2020-11-05,0,10.420000076293944,10.69666576385498,10.213333129882812,10.34666633605957,9.08343505859375,3363600,10.465698445349654,0.002903839473547,0.0843204865183721,0.1020013121592144,0.0323772256766866,0.0854414397719601,0.1669880153791866,0,1,1
2020-11-06,0,10.266666412353516,10.886666297912598,10.100000381469728,10.739999771118164,9.42874526977539,2014500,10.336506937055924,0.037310599014918,0.1815769385963688,0.1290191168520808,0.0323800555320519,0.0855257437374666,0.1669662007226309,1,1,1
2020-11-09,1,11.053333282470703,11.066665649414062,10.380000114440918,10.543333053588867,9.25609016418457,2281800,10.599101756049436,-0.0184812994998375,0.1464871089281005,0.1388296842182161,0.0323739086855896,0.0855715232082848,0.1669487618310171,-1,1,1
2020-11-10,0,10.543333053588867,10.69666576385498,10.289999961853027,10.489999771118164,9.209268569946287,1381200,10.654916526435745,-0.0050713008351726,0.1200497234873744,0.1384917247428902,0.0323648940449366,0.0855938394868376,0.1669311490282278,-1,1,1
2020-11-11,0,10.623332977294922,10.653332710266112,10.186665534973145,10.3100004196167,9.05124568939209,1322700,10.242368954400582,-0.0173080366932869,0.0205789292629689,0.1016674441615955,0.0323583775599311,0.0855704407457659,0.1668988665051301,-1,1,1
2020-11-12,0,10.3100004196167,10.399999618530272,9.863332748413086,9.976666450500488,8.758607864379883,1971300,10.229374392550593,-0.0328654207483871,-0.033511619288219,0.0168466754494592,0.0323588467138521,0.0855500900056836,0.1668507646965667,-1,-1,1
2020-11-13,0,10.013333320617676,10.25,9.829999923706056,10.25,8.998570442199707,1503300,10.140482780003778,0.027028752236355,-0.009386706525411,0.048302507166201,0.0323559070808532,0.0855259838742095,0.1668056632820908,1,-1,1
2020-11-16,0,10.35666561126709,10.43000030517578,9.973333358764648,10.153332710266112,8.913704872131348,1928400,9.769853115520265,-0.0094757593421138,-0.0561730648824429,0.0065876065785533,0.0323475063429116,0.0855127540008054,0.1667574208531494,-1,-1,0
2020-11-17,0,10.153332710266112,10.186665534973145,9.836666107177734,9.920000076293944,8.708860397338867,2020800,8.419614109572574,-0.0232490217404619,-0.0609407871230673,-0.0020140892363173,0.0323431630911729,0.0855014517641061,0.1667093151969378,-1,-1,0
2020-11-18,0,9.916666030883787,10.246665954589844,9.916666030883787,10.083333015441896,8.852252006530762,1693200,7.772732825462969,0.0163309467824518,-0.0395385395054428,0.0439259806439125,0.0323362012429856,0.0854826935874957,0.1666637161273032,1,-1,1
2020-11-19,0,10.079999923706056,10.079999923706056,9.760000228881836,9.916666030883787,8.705933570861816,1173900,6.874396582470071,-0.016667077834011,-0.0388975806461669,0.009117074294534,0.0323295149428364,0.0854637704771076,0.1666156188827746,-1,-1,0
2020-11-23,0,10.186665534973145,10.5,10.10666561126709,10.383333206176758,9.11562442779541,1686000,6.714229217021099,0.0459850984719769,0.039952938574197,0.0048270692656341,0.0323386990252577,0.085444216388897,0.1665675412687697,1,1,0
2020-11-24,0,10.44666576385498,10.44666576385498,9.853333473205566,10.18000030517578,8.937116622924805,4058700,7.383681214597071,-0.0197768995390933,-0.0068527132012513,0.0312629993857705,0.0323330396800793,0.0854200486539562,0.1665206539236304,-1,0,1
2020-11-25,0,10.18333339691162,11.869999885559082,10.173333168029783,11.646665573120115,10.224716186523438,9021900,10.89723279507587,0.134594932961404,0.1372179791022666,0.1326322336275586,0.0324822146254415,0.0854569503493098,0.1665006165507538,1,1,1
2020-11-26,0,11.50333309173584,12.630000114440918,11.50333309173584,12.566665649414062,11.032392501831056,5391000,12.995981058392,0.0760277736172855,0.2364947744600143,0.2307987456137936,0.032523051994669,0.0856161947721362,0.1665403496316464,1,1,1
2020-11-27,0,12.566665649414062,12.803333282470703,12.380000114440918,12.479999542236328,10.956307411193848,1416300,12.918734087644928,-0.0069204086275102,0.2132434190500522,0.252345155314207,0.0325142721330054,0.0857402990476381,0.1665974791965551,-1,1,1
2020-11-30,0,12.479999542236328,12.880000114440918,11.883333206176758,11.966666221618652,10.505647659301758,3079800,13.750560261315474,-0.0420023248377229,0.1879081720463402,0.2297810399051664,0.0325207528416067,0.0858305373231026,0.1666360886843028,-1,1,1
2020-12-01,0,11.983332633972168,12.350000381469728,11.93333339691162,12.18000030517578,10.692935943603516,1828800,13.8550945466509,0.0176703463819816,0.1595934199563449,0.3073972393502267,0.0325141189113965,0.0858882470470146,0.1667448126266552,1,1,1
2020-12-02,0,12.133333206176758,12.279999732971191,11.836666107177734,11.93333339691162,10.476384162902832,1918500,13.965550180454652,-0.0204597345233273,0.158910584972111,0.2703289746584685,0.0325086860665657,0.0859450492187755,0.1668170820089327,-1,1,1
2020-12-03,0,11.966666221618652,12.18000030517578,11.616665840148926,11.643333435058594,10.221790313720703,2481300,14.423913307055596,-0.0246018498335643,-0.0002861978228575,0.2243610402193507,0.0325049111497664,0.0859206113459752,0.1668509823948541,-1,0,1
2020-12-04,0,11.666666030883787,12.00666618347168,11.366665840148926,11.723333358764648,10.29202365875244,8121900,17.665503596831776,0.0068474462669935,-0.0694665251731496,0.1490457289552256,0.0324960561958515,0.0859132498448107,0.1668380598942281,1,-1,1
2020-12-07,0,11.75,11.963333129882812,11.566665649414062,11.85666561126709,10.409076690673828,4869000,19.225656329418904,0.0113089910649744,-0.0512371254806649,0.1391295922173992,0.0324878850629642,0.0858983181051186,0.1668204221087605,1,-1,1
2020-12-08,0,11.963333129882812,12.979999542236328,11.876666069030762,12.666666030883787,11.120183944702148,8589900,21.843293413324243,0.0660836462418593,0.0568488455989172,0.2023093989857117,0.0325162810250083,0.085883747385445,0.1668383906546721,1,1,1
2020-12-09,0,12.609999656677246,12.85666561126709,12.086666107177734,12.643333435058594,11.09969997406006,6689700,21.04835997985611,-0.0018437518863539,0.0373347473305817,0.1631550480844397,0.0325071183622999,0.085863407108549,0.1668326012867717,0,1,1
2020-12-10,0,12.69333267211914,12.69333267211914,12.103333473205566,12.32333278656006,10.818768501281738,2937900,19.82493990937673,-0.0256356285354132,0.0321588533184959,0.156000719048864,0.0325038280980871,0.0858419727600534,0.1668230196363632,-1,1,1
2020-12-11,0,12.333333015441896,12.93000030517578,11.833333015441896,12.616665840148926,11.076288223266602,5778300,21.967036361064142,0.0235241772410634,0.0802848803931236,0.1845961971251,0.0324992814633863,0.0858376707379389,0.166829430477045,1,1,1
2020-12-14,0,12.69666576385498,12.766666412353516,12.233332633972168,12.373332977294922,10.862664222717283,1250100,21.13750165501473,-0.0194750185005544,0.0539624156255757,0.1824292153178324,0.0324935365747789,0.0858221072466315,0.1668344608225027,-1,1,1
2020-12-15,0,12.373332977294922,12.483332633972168,12.113332748413086,12.483332633972168,10.959234237670898,1559400,21.028577619424624,0.0088508014591554,0.0515042260197568,0.2241454375253751,0.032484975294851,0.0858057328939993,0.1668674569818232,1,1,1
2020-12-16,0,12.479999542236328,12.733332633972168,12.1899995803833,12.68333339691162,11.13481616973877,2148300,21.19743615852569,0.0158943810911016,0.0013149608689989,0.2130110663801216,0.0324778840766448,0.0857814400811933,0.1668922632224447,1,0,1
2020-12-17,0,12.69666576385498,12.899999618530272,12.553333282470703,12.833333015441896,11.266502380371094,2196300,21.170101047043524,0.0117571407462999,0.0149158535016529,0.2342439664685355,0.032469833933177,0.0857576739511721,0.1669326594432846,1,1,1
2020-12-18,0,12.890000343322754,12.890000343322754,12.43333339691162,12.43333339691162,10.915339469909668,1810800,18.35024378810457,-0.0316648413438548,0.0088866406932112,0.2258281468651427,0.0324696194275502,0.0857335530595048,0.16696649945695,-1,1,1
2020-12-21,0,12.140000343322754,12.5600004196167,11.85666561126709,12.423333168029783,10.906559944152832,1461300,16.815221723898137,-0.0008046527998274,-0.0154421893476795,0.2086925472828632,0.0324604794846099,0.0857103766118913,0.1669879341065931,0,-1,1
2020-12-22,0,12.479999542236328,12.5,11.9399995803833,12.09666633605957,10.619775772094728,1992600,13.529918374540449,-0.0266465360948321,-0.0226137069419573,0.198713089022042,0.0324576859934576,0.0856882350577031,0.1670025889025118,-1,-1,1
2020-12-23,0,12.09666633605957,12.266666412353516,11.873332977294922,12.100000381469728,10.622702598571776,2089200,11.229830464117008,0.0002755635613224,-0.0311889448397904,0.1530035541113877,0.0324485469735829,0.0856677690860969,0.1669909594563618,0,-1,1
2020-12-28,0,12.100000381469728,12.229999542236328,11.869999885559082,12.010000228881836,10.54369068145752,1968000,10.742317612139562,-0.0074658240607418,-0.0545491499916339,0.1653146295897391,0.0324399515362223,0.0856542871502372,0.1669856495201445,-1,-1,1
2020-12-29,0,12.213333129882812,12.213333129882812,11.936665534973145,12.043333053588867,10.572954177856444,1926000,8.814325732658148,0.0027716065053817,-0.0635346842325522,0.0334913031337168,0.0324308766907755,0.0856444406308767,0.1669392324663181,0,-1,1
2020-12-30,0,12.043333053588867,12.140000343322754,11.703332901000977,12.0,10.534912109375,4263600,10.198832226535876,-0.0036045433634047,-0.035474386252102,-0.0461410138469736,0.0324218990339051,0.0856250107286406,0.1668967351818356,-1,-1,-1
2021-01-04,0,12.130000114440918,12.213333129882812,11.873332977294922,12.0,10.534912109375,1426200,10.10760144628579,0.0,-0.0346697334522745,-0.0392206052194633,0.0324127918107393,0.0856053949506148,0.1668530765320147,0,-1,-1
2021-01-05,0,12.00666618347168,12.133333206176758,11.670000076293944,11.94333267211914,10.485162734985352,1625400,9.803710265589018,-0.0047335195187655,-0.0127567168762078,-0.001951799900506,0.0324039183930328,0.085582039252132,0.1668058344175396,-1,-1,0
2021-01-06,0,11.963333129882812,12.100000381469728,11.75333309173584,11.796666145324709,10.356403350830078,1725300,9.499890904935354,-0.0123561753292993,-0.0253884557668296,-0.031978321611787,0.0323962312284041,0.085560479087251,0.16676117539114,-1,-1,-1
2021-01-07,0,11.876666069030762,12.243332862854004,11.733332633972168,11.733332633972168,10.30080223083496,2262300,9.656203206780209,-0.0053832309552352,-0.0233058626613231,-0.0169018180436949,0.0323874328115082,0.0855385701501489,0.1667148933133932,-1,-1,-1
2021-01-08,0,11.736665725708008,12.036665916442873,11.733332633972168,11.956665992736816,10.496868133544922,1864500,9.816741251014964,0.0188551609840925,-0.0072223081826123,0.0265551927739618,0.0323813075960074,0.0855148228851385,0.1666681979451438,1,0,1
2021-01-11,0,11.84333324432373,12.043333053588867,11.603333473205566,11.869999885559082,10.420783042907717,2388900,9.98167921655751,-0.0072747581020147,-0.0108925229212222,0.0124329884049537,0.0323727438423887,0.0854913688167619,0.1666209847274544,-1,-1,0
2021-01-12,0,11.953332901000977,12.029999732971191,11.733332633972168,12.0,10.534912109375,1698300,9.791634777640404,0.0108925229212221,0.0,0.0120165202612015,0.032364634234024,0.0854673815467316,0.1665738054822685,1,0,0
2021-01-13,0,12.029999732971191,12.083333015441896,11.670000076293944,12.029999732971191,10.561248779296877,2702100,10.135696315562036,0.0024968224069798,0.0072303419257451,-0.051570303573678,0.0323556157330501,0.0854434779488912,0.166532646753915,0,0,-1
2021-01-14,0,12.039999961853027,12.329999923706056,11.896665573120115,12.18000030517578,10.692935943603516,1526400,9.957125504948788,0.0123918043567424,0.0319783216117869,-0.0373347473305818,0.0323478106859671,0.0854224078064464,0.1664889874846528,1,1,-1
2021-01-15,0,12.18000030517578,12.25,11.776665687561035,12.1899995803833,10.70171356201172,1643100,8.749544379462375,0.0008205433698171,0.0381820959368393,-0.0108785754253515,0.032338770209463,0.0854026870018261,0.1664424918077042,0,1,0
2021-01-18,0,12.43333339691162,12.66333293914795,12.233332633972168,12.233332633972168,10.73975658416748,1427700,8.763163524499097,0.0035485497791757,0.0228754847319225,-0.0308542028872391,0.0323298214492061,0.0853801471970591,0.1663979812721485,1,1,-1
2021-01-19,0,12.326665878295898,12.770000457763672,12.156665802001951,12.550000190734863,11.017762184143066,2037300,9.001912712138882,0.0255562901065511,0.0557065329404885,0.0141771057198664,0.0323262570707032,0.0853655805067613,0.1663510384205874,1,1,0
2021-01-20,0,12.586666107177734,12.68000030517578,12.136666297912598,12.306666374206545,10.804137229919434,1975800,9.155614077186485,-0.0195795768946274,0.0252344331246387,-0.0142532726339165,0.032320685519389,0.0853434067578736,0.1663048924748239,-1,1,0
2021-01-21,0,12.34000015258789,12.390000343322754,11.736665725708008,11.876666069030762,10.4266357421875,1819200,8.964073668888602,-0.0355654765174958,-0.0128278657998368,-0.065713130242514,0.0323228286726559,0.085320294534774,0.1662671259783859,-1,-1,-1
2021-01-22,0,11.716666221618652,11.829999923706056,11.5,11.583333015441896,10.169116020202637,1362000,8.711311578465779,-0.0250083751532489,-0.0502280453098282,-0.102478646142063,0.0323193760810358,0.0853055022950027,0.1662408345063448,-1,-1,-1
2021-01-26,0,11.59666633605957,11.783332824707031,11.270000457763672,11.34333324432373,9.958417892456056,1436400,8.243438874208563,-0.0209370731084474,-0.0719856617880927,-0.0917508779066555,0.032314283378089,0.0852997494599179,0.1662107342507346,-1,-1,-1
2021-01-27,0,11.203332901000977,11.529999732971191,10.970000267028809,11.34333324432373,9.958417892456056,3343200,8.923892473837443,0.0,-0.0755342115672685,-0.090946225106828,0.0323052870432436,0.0852957481217668,0.1661803737253385,0,-1,-1
2021-01-28,0,11.436665534973145,11.619999885559082,11.333333015441896,11.619999885559082,10.201306343078612,3543600,9.260188417110838,0.0240975721002695,-0.0769929295735499,-0.0402021169117262,0.0323011497405987,0.0852924778616306,0.1661374493976282,1,-1,-1
2021-01-29,0,11.550000190734863,11.59666633605957,11.046666145324709,11.176666259765623,9.81209945678711,2147100,9.46986472944044,-0.0388995223555474,-0.0963128750344699,-0.079377202828596,0.0323054359043972,0.085300407204969,0.166103491451056,-1,-1,-1
2021-02-01,0,11.34333324432373,11.380000114440918,11.00333309173584,11.043333053588867,9.69504451751709,1517100,9.3428167205083,-0.0120013820991624,-0.0727487806161364,-0.0839127608670166,0.0322977676906095,0.0852949519074681,0.1660709190493296,-1,-1,-1
2021-02-02,0,11.100000381469728,11.316665649414062,11.066665649414062,11.133333206176758,9.774056434631348,1711500,9.40445554264289,0.0081166923000679,-0.0396237131628196,-0.0785676750723303,0.0322893146208396,0.0852768750427302,0.1660367568966852,1,-1,-1
2021-02-03,0,11.07333278656006,11.35666561126709,10.853333473205566,11.170000076293944,9.806246757507324,2835900,9.641399715874616,0.0032880340576284,-0.0153986059967438,-0.0716750976512972,0.0322804235091784,0.0852541285010325,0.1660006880290771,1,-1,-1
2021-02-04,0,11.09333324432373,11.329999923706056,10.956665992736816,11.043333053588867,9.69504451751709,2052300,9.577351827058855,-0.0114047263576963,-0.0268033323544401,-0.0830798240089936,0.0322726522606306,0.0852331248277528,0.165967907721092,-1,-1,-1
2021-02-05,0,11.036665916442873,11.286665916442873,10.966666221618652,11.25666618347168,9.882331848144531,1668900,9.46798153203904,0.0191336204450862,-0.0317672840096235,-0.0592126840451418,0.0322667350247657,0.0852131512712024,0.1659288128786318,1,-1,-1
2021-02-08,0,11.236665725708008,11.390000343322754,11.19666576385498,11.273332595825195,9.896963119506836,1838400,9.65991390577161,0.0014794535452306,0.0086116918911545,-0.0453770551706118,0.0322578016042921,0.0851896053391497,0.1658869593749483,0,1,-1
2021-02-09,0,11.266666412353516,11.43000030517578,11.029999732971191,11.176666259765623,9.81209945678711,1735800,9.78042037309604,-0.0086116918911545,0.0120013820991625,-0.048605516106531,0.032249554463989,0.0851662615269707,0.1658457284917955,-1,1,-1
2021-02-10,0,11.25,11.25,10.69666576385498,10.766666412353516,9.452157020568848,1922400,9.112310266217984,-0.0373732909808623,-0.0334886011817678,-0.1048339680714859,0.0322528337056558,0.0851467296426458,0.1658204642505602,-1,-1,-1
2021-02-11,0,10.766666412353516,10.883333206176758,10.57333278656006,10.863332748413086,9.537020683288574,1432800,8.118916253126253,0.0089381677319843,-0.0278384675074119,-0.0886210422374869,0.0322445441579817,0.0851260068958794,0.1657895161430897,1,-1,-1
2021-02-12,0,10.890000343322754,10.890000343322754,10.636666297912598,10.739999771118164,9.42874526977539,1061400,7.630280685751972,-0.0114181088314264,-0.027851849981142,-0.1109316739901357,0.0322368093058267,0.0851053014802872,0.1657666246836042,-1,-1,-1
2021-02-17,0,10.773332595825195,10.853333473205566,10.563332557678224,10.699999809265137,9.39362907409668,1393800,7.558905957100064,-0.0037313290852876,-0.0507167995115159,-0.1171598254824031,0.032228038951327,0.0850907564367033,0.165746272563328,-1,-1,-1
2021-02-18,0,10.699999809265137,10.743332862854004,10.246665954589844,10.34333324432373,9.0805082321167,2611500,7.867529245092868,-0.0339015376724369,-0.0860977907291835,-0.1634531675115825,0.0322291701260008,0.0850924187506079,0.1657488919783399,-1,-1,-1
2021-02-19,0,10.369999885559082,10.550000190734863,10.130000114440918,10.460000038146973,9.182930946350098,2034800,7.464418188715735,0.0112162651295879,-0.0662698337084412,-0.1530574457518117,0.0322212906349122,0.0850839794744988,0.1657456713025324,1,-1,-1
2021-02-22,0,10.100000381469728,10.56999969482422,9.8100004196167,10.399999618530272,9.130256652832031,3296500,7.9150963162810415,-0.0057526237301763,-0.0346491664577553,-0.1623586192611638,0.032212712933149,0.0850647716197084,0.1657475570684823,-1,-1,-1
2021-02-23,0,10.43000030517578,10.460000038146973,9.899999618530272,10.300000190734863,9.042466163635254,1659200,7.849294919978213,-0.0096618622350396,-0.0532491964247792,-0.1975767716027546,0.0322046782912468,0.0850511140037144,0.1657715045356352,-1,-1,-1
2021-02-24,0,10.300000190734863,10.510000228881836,10.079999923706056,10.1899995803833,8.945895195007324,2627100,8.08377097211443,-0.0107371532601375,-0.0525682408534904,-0.1887343479682647,0.0321968427780319,0.0850372162252907,0.1657894059619012,-1,-1,-1
2021-02-25,0,10.31999969482422,10.31999969482422,9.489999771118164,9.59000015258789,8.419150352478027,2900000,8.409989034559082,-0.0606858747452116,-0.1095227865134143,-0.2138547461959805,0.032219764427801,0.0850539589031454,0.1658247483794708,-1,-1,-1
2021-02-26,0,9.760000228881836,9.760000228881836,9.229999542236328,9.279999732971191,8.146998405456543,2963800,8.67398069330543,-0.0328593492989514,-0.1084805981399289,-0.2217057203416832,0.0322202620170996,0.0850698867232996,0.1658658598771466,-1,-1,-1
2021-03-01,0,9.399999618530272,9.399999618530272,8.720000267028809,8.949999809265137,7.857287883758545,6246900,10.238825294665066,-0.036208071667219,-0.1559049349367358,-0.2369767189004548,0.0322227367660284,0.0851268962883511,0.1659188833368167,-1,-1,-1
2021-03-02,0,8.930000305175781,8.949999809265137,8.119999885559082,8.539999961853027,7.497345447540283,9754100,13.02761883620423,-0.0468924763770768,-0.1970447875836363,-0.2838691952775317,0.0322328092962058,0.0852311106842798,0.1660135922625844,-1,-1,-1
2021-03-03,0,8.40999984741211,8.5600004196167,8.0,8.34000015258789,7.321763515472412,7654900,14.925387498749208,-0.0236978011910967,-0.2110807265396934,-0.3316645685688981,0.0322288152658131,0.085353567684418,0.1661581489922002,-1,-1,-1
2021-03-04,0,8.3100004196167,8.670000076293945,8.289999961853027,8.520000457763672,7.479787826538086,5300200,15.629216436956344,0.0213532097764503,-0.1789903635031055,-0.2714118364369004,0.032223778878234,0.0854349418007168,0.1662403494625219,1,-1,-1
2021-03-05,0,8.479999542236328,8.970000267028809,8.199999809265137,8.829999923706055,7.751939296722412,3224200,15.907925963833378,0.0357386177496471,-0.0825658710082465,-0.2236718365880906,0.0322256898203027,0.0854340539884304,0.1662819308013961,1,-1,-1
2021-03-08,0,8.65999984741211,8.819999694824219,7.800000190734863,7.900000095367432,6.935483455657959,5500900,16.263737088601538,-0.1112922801370026,-0.1609988018462977,-0.3430808090251613,0.0323225250092771,0.0854952330974965,0.1664383876919918,-1,-1,-1
2021-03-09,0,7.920000076293945,8.100000381469727,7.840000152587891,7.849999904632568,6.891587734222412,2640300,16.40478892081873,-0.0063492649017666,-0.1311399950808454,-0.3527181079845564,0.0323140173081062,0.0855279618761491,0.1666056303654568,-1,-1,-1
2021-03-10,0,7.900000095367432,8.229999542236328,7.760000228881836,8.130000114440918,7.137402534484863,2459300,16.141968055473768,0.0350474206163407,-0.0492000980874276,-0.3062659610105193,0.0323154846140962,0.0855125637244084,0.1667206223638092,1,-1,-1
2021-03-11,0,8.180000305175781,8.6899995803833,8.079999923706055,8.630000114440918,7.576357364654541,2977900,16.06006106572727,0.0596836059210044,0.0341813090246734,-0.2657159755346011,0.0323366368296914,0.0854925980475043,0.1667960571781023,1,1,-1
2021-03-12,0,8.59000015258789,8.699999809265137,8.289999961853027,8.3100004196167,7.295426845550537,951700,15.300016735826492,-0.0377848330632484,-0.0249567338150254,-0.3049802621430803,0.0323399943723011,0.0854712918181438,0.1669090288811616,-1,-1,-1
2021-03-15,0,8.279999732971191,8.739999771118164,8.140000343322754,8.649999618530273,7.593914985656738,3953700,14.457945578596192,0.0400995744780727,-0.0205957770865998,-0.256268995773853,0.0323446209029048,0.0854493347556952,0.1669755887476308,1,-1,-1
2021-03-16,0,8.649999618530273,8.649999618530273,8.1899995803833,8.369999885559082,7.348100662231445,1949100,11.8597709925079,-0.0329054002826112,0.0577911027677915,-0.251801105075602,0.0323450384113095,0.0854362363173096,0.1670381003794707,-1,1,-1
2021-03-17,1,8.319999694824219,8.649999618530273,8.170000076293945,8.619999885559082,7.567578315734863,2974500,10.378050174612248,0.0294312442891213,0.0935716119586797,-0.2313080285184647,0.0323434215290118,0.0854402656602589,0.1670837329661555,1,1,-1
2021-03-18,0,8.449999809265137,8.479999542236328,8.199999809265137,8.199999809265137,7.198855876922607,2303600,9.359191138598694,-0.049951003405407,0.0085731879369319,-0.2698409230924454,0.0323558177629323,0.0854170330721734,0.167161644072349,-1,1,-1
2021-03-19,0,8.199999809265137,8.84000015258789,8.180000305175781,8.59000015258789,7.54124116897583,3830600,9.531217145244153,0.0464646723307751,-0.0046457456532973,-0.2196449216763825,0.0323650565635436,0.085393746806824,0.1671980670098468,1,0,-1
2021-03-22,0,8.579999923706055,9.31999969482422,8.529999732971191,9.170000076293944,8.05042839050293,4205400,9.34141038379215,0.0653385264831634,0.0984776138931145,-0.120404857520782,0.0323919746052115,0.0854007472726157,0.1671773919757189,1,1,-1
2021-03-23,0,9.109999656677246,9.1899995803833,8.84000015258789,9.0,7.901183605194092,3709500,9.832418153834764,-0.0187127345332288,0.0396653048818128,-0.1503338571835988,0.0323861596522634,0.0853821330581415,0.167170452560863,-1,1,-1
2021-03-24,0,9.0600004196167,9.0600004196167,8.850000381469727,8.850000381469727,7.769497871398926,1799800,9.674715762151711,-0.0168070334171027,0.0557636717473214,-0.1613882668705251,0.0323797699177474,0.0853683255402116,0.1671692945615129,-1,1,-1
2021-03-25,0,8.850000381469727,9.34000015258789,8.65999984741211,9.31999969482422,8.182114601135254,1957500,9.385545508245963,0.0517450876275292,0.0780775150857292,-0.0999813170079562,0.032393277732696,0.0853639022761304,0.167140903482845,1,1,-1
2021-03-26,0,9.359999656677246,9.619999885559082,8.970000267028809,9.130000114440918,8.015312194824219,3245300,10.228032183733394,-0.0205968892810442,0.1074316292100918,-0.109841053028863,0.0323881046156505,0.085376637825376,0.1671160437342581,-1,1,-1
2021-03-29,0,9.130000114440918,9.149999618530272,8.789999961853027,8.979999542236328,7.883625030517578,1325800,9.363326208730811,-0.0165659092799662,0.0444010475993506,-0.0657210875636175,0.0323816582351331,0.0853592677990962,0.1670779181927697,-1,1,-1
2021-03-30,0,8.970000267028809,9.59000015258789,8.899999618530273,9.470000267028809,8.313801765441895,2510700,9.652767460500424,0.0531291697401063,0.0321916908562932,0.0202674314754402,0.0323963487330927,0.0853390231457154,0.1670324003415221,1,1,1
2021-03-31,0,9.479999542236328,10.109999656677246,9.279999732971191,10.0,8.779092788696289,6749700,11.276259190839475,0.0544560781982855,0.1053605035878079,0.1109315813409449,0.032412182384909,0.0853502994050322,0.1670054616339745,1,1,1
2021-04-01,0,10.130000114440918,10.170000076293944,9.760000228881836,9.859999656677246,8.656185150146484,2846500,11.632204481735794,-0.014098963600942,0.1080685734039684,0.1437250941170796,0.0324051064575927,0.085363343946497,0.1669918852038394,-1,1,1
2021-04-05,0,9.989999771118164,10.81999969482422,9.850000381469728,10.43000030517578,9.156594276428224,3385700,11.72560297901336,0.0562001939867354,0.1125236797631748,0.223623089294912,0.0324225021310004,0.0853794242743624,0.1670255943435028,1,1,1
2021-04-06,0,10.40999984741211,10.789999961853027,10.350000381469728,10.739999771118164,9.42874526977539,3973700,11.885172531450396,0.0292887248381342,0.1624092938823534,0.2315586043565959,0.032420731495997,0.0854386372758137,0.167065008482244,1,1,1
2021-04-07,0,10.699999809265137,10.859999656677246,10.350000381469728,10.40999984741211,9.139036178588867,1683200,11.269882480522464,-0.0312081015191262,0.1477671016431934,0.1646118850878225,0.0324202485022705,0.085483361470035,0.1670615870291512,-1,1,1
2021-04-08,0,10.40999984741211,10.779999732971191,10.40999984741211,10.520000457763672,9.23560619354248,1181100,11.134010036163083,0.0105113233931685,0.1051492552962557,0.2864154886179937,0.0324123281703636,0.0854941447326146,0.1671466668903295,1,1,1
2021-04-09,0,10.489999771118164,10.800000190734863,10.369999885559082,10.550000190734863,9.261942863464355,1047500,10.855025289315302,0.00284758674105,0.0535407638390203,0.2956123402608107,0.0324035971081118,0.0854794334215143,0.1672401126523984,0,1,1
2021-04-12,0,10.550000190734863,10.6899995803833,10.470000267028809,10.609999656677246,9.314617156982422,1275100,10.23052752662088,0.0056710644631068,0.0733107919030694,0.2662359841075768,0.0323950595433073,0.0854724683063534,0.1673066503554512,1,1,1
2021-04-13,0,10.59000015258789,10.960000038146973,10.510000228881836,10.829999923706056,9.507758140563965,3426600,11.208125465118108,0.0205232081246406,0.0376338060409746,0.2270755863112131,0.0323897014584867,0.0854533378443812,0.1673419395543491,1,1,1
2021-04-14,0,10.890000343322754,11.149999618530272,10.229999542236328,10.34000015258789,9.077582359313965,4451700,12.071296582475291,-0.0463002145351614,-0.0379551333323211,0.2185602048393001,0.032399084038809,0.0854351759306238,0.1673710185971074,-1,-1,1
2021-04-15,0,10.350000381469728,10.630000114440918,10.270000457763672,10.460000038146973,9.182930946350098,1617800,10.109661389009837,0.0115385317041843,0.0047914998909894,0.1899991620654117,0.0323913760798478,0.0854120352502158,0.1673813550953389,1,0,1
2021-04-16,0,10.399999618530272,10.920000076293944,10.350000381469728,10.649999618530272,9.349733352661133,1769200,9.751872158404904,0.0180013955855194,0.0122815720833402,0.2409059579335424,0.0323852332514972,0.0853892328540221,0.1674266312335361,1,1,1
2021-04-19,0,10.850000381469728,10.880000114440918,10.489999771118164,10.56999969482422,9.279500961303713,1257600,8.89778597514693,-0.0075400548314123,0.0018939305108774,0.2039346588130086,0.0323769982207677,0.0853661015610859,0.1674455148773775,-1,0,1
2021-04-20,0,10.510000228881836,10.6899995803833,10.210000038146973,10.359999656677246,9.09514045715332,1238200,7.74000834128443,-0.0200675144423587,-0.023844648394588,0.2338181477760569,0.0323717167937152,0.085345076974618,0.1674851384880842,-1,-1,1
2021-04-22,0,10.4399995803833,10.670000076293944,10.18000030517578,10.279999732971191,9.024907112121582,1639100,7.71393718631752,-0.0077520433079205,-0.0521198998271494,0.1796014321373611,0.0323635205868834,0.085331198222787,0.1674890176423573,-1,-1,1
2021-04-23,0,10.380000114440918,10.550000190734863,10.3100004196167,10.5,9.218048095703123,1354100,7.78347719880077,0.0211750999899217,0.0153554146979338,0.1354380056441196,0.0323584239460115,0.0853087043934696,0.1674709383163038,1,1,1
2021-04-26,0,10.600000381469728,10.800000190734863,10.40999984741211,10.68000030517578,9.37607192993164,2491500,8.386926031568583,0.0169975926427522,0.0208144756365019,0.1711483328201007,0.0323520213920033,0.0852867920616979,0.1674700480880528,1,1,1
2021-04-27,0,10.710000038146973,10.960000038146973,10.630000114440918,10.899999618530272,9.56921100616455,1912700,8.670830644720928,0.0203898530562608,0.0232029331072434,0.2083452192934642,0.032346660009601,0.085265202312914,0.1674914145748736,1,1,1
2021-04-28,0,10.899999618530272,10.960000038146973,10.670000076293944,10.800000190734863,9.481420516967772,1306000,7.778529416440598,-0.0092166089657099,0.0215263789729458,0.1473835227002252,0.0323387069130391,0.085243410629747,0.1674785268993179,-1,1,1
2021-04-29,0,10.920000076293944,10.920000076293944,10.539999961853027,10.770000457763672,9.455083847045898,1879600,6.778323071499716,-0.002781578521206,0.0388123148940985,0.1651988334600634,0.0323300831555105,0.0852247375611045,0.167474341150339,0,1,1
2021-04-30,0,10.829999923706056,10.979999542236328,10.579999923706056,10.81999969482422,9.498978614807127,4118000,7.850179773086313,0.0046317085132966,0.0511960667153158,0.1863964512533263,0.0323215412473004,0.0852094580874284,0.1674818262683014,1,1,1
2021-05-03,0,10.979999542236328,11.239999771118164,10.65999984741211,10.8100004196167,9.49020004272461,3541900,8.604426473606592,-0.0009245868782647,0.0290963798471291,0.1323426946349554,0.0323128643627895,0.0851888330775972,0.1674622963645141,0,1,1
2021-05-04,0,10.81999969482422,11.050000190734863,10.729999542236328,10.899999618530272,9.56921100616455,3395300,9.52429183570311,0.0082910658518838,0.0203898530562608,0.0861776822885536,0.0323047099136962,0.085166963974607,0.1674272631217412,1,1,1
2021-05-05,0,10.970000267028809,11.399999618530272,10.890000343322754,11.300000190734863,9.920374870300291,2646000,10.186461954130063,0.0360399523583531,0.0360399523583531,0.1363165982478489,0.0323066334260415,0.0851477161762509,0.1674093873110844,1,1,1
2021-05-06,0,11.359999656677246,11.5,11.149999618530272,11.279999732971191,9.902816772460938,1823300,10.330627713619998,-0.0017714707850656,0.0434850905389972,0.0783449334760477,0.0322979987767754,0.0851302617987835,0.167372441485761,0,1,1
2021-05-07,0,11.350000381469728,11.729999542236328,11.229999542236328,11.710000038146973,10.280318260192873,3549900,11.391496393320176,0.0374119795680209,0.0836786486282244,0.0864681882059344,0.0323007422378091,0.0851284688987611,0.1673375309234084,1,1,1
2021-05-10,0,11.779999732971191,11.84000015258789,11.289999961853027,11.670000076293944,10.24520206451416,1907100,11.222643341692976,-0.0034217139819357,0.075625226132992,0.1142545757431249,0.0322922000967452,0.0851227061790578,0.1673111334219773,-1,1,1
2021-05-11,0,11.5600004196167,11.6899995803833,11.220000267028809,11.640000343322754,10.218864440917969,1086000,10.904304968438815,-0.0025740375825333,0.0739757754287232,0.1011692147674229,0.0322836175164292,0.0851161733228682,0.1672804324351204,0,1,1
2021-05-12,0,11.56999969482422,11.619999885559082,11.170000076293944,11.220000267028809,9.850142478942873,2637200,11.504902477293886,-0.0367495471993766,0.0289351623774626,0.061572080826996,0.0322863877823028,0.0850955939438588,0.1672400961412394,-1,1,1
2021-05-13,1,11.229999542236328,11.81999969482422,11.18000030517578,11.720000267028809,10.28909683227539,2333300,11.780404439364116,0.0435988546453358,0.0364940646644453,0.0994998710092249,0.0322932524989215,0.0850764902324669,0.1672089199102504,1,1,1
2021-05-14,0,11.949999809265137,12.06999969482422,11.68000030517578,11.850000381469728,10.403225898742676,4720100,12.221659733061276,0.0110311660300549,0.0492967014795659,0.0900078289146391,0.0322855551144134,0.0850606925380844,0.167175036870717,1,1,1
2021-05-17,0,11.760000228881836,12.09000015258789,11.6899995803833,11.890000343322754,10.438342094421388,1380900,11.373429632172934,0.0033698260055148,0.0152545479170597,0.1396778694553153,0.0322769961414696,0.0850384296176281,0.1671586160467485,1,1,1
2021-05-18,0,11.850000381469728,12.130000114440918,11.8100004196167,12.050000190734863,10.57880687713623,2519100,11.115357216471654,0.0133668819061623,0.0320431438051579,0.1415062196572935,0.0322697679624905,0.0850184618171436,0.1671429738341905,1,1,1
2021-05-19,0,12.0,12.149999618530272,11.90999984741211,12.109999656677246,10.631481170654297,1196700,10.517739361369602,0.0049668728390808,0.0395840542267721,0.128471696910855,0.0322613222227184,0.0850001074088986,0.1671218992546519,1,1,1
2021-05-20,0,12.079999923706056,12.350000381469728,12.050000190734863,12.279999732971191,10.780726432800291,1365500,10.370408337943788,0.0139404289248409,0.0902740303509898,0.1499521806671082,0.0322542305831977,0.0850017969143899,0.1671100286560649,1,1,1
2021-05-21,0,12.279999732971191,12.359999656677246,11.850000381469728,11.989999771118164,10.526132583618164,1250100,9.33943064619178,-0.0238989676238081,0.0227762080818459,0.1461207274856588,0.032250500052059,0.0849803863413525,0.1670963840476024,-1,1,1
2021-05-24,0,12.020000457763672,12.130000114440918,11.920000076293944,12.119999885559082,10.640260696411133,968500,8.931485093758074,0.0107840024818794,0.0225290445336703,0.1646567732754587,0.0322427949621942,0.0849589600687111,0.167091617168206,1,1,1
2021-05-25,0,12.140000343322754,12.390000343322754,12.050000190734863,12.15999984741211,10.675376892089844,1069000,8.945370750652852,0.0032948793862749,0.0224540979144304,0.1467765526718118,0.0322342706665495,0.0849375403609696,0.1670782190872924,1,1,1
2021-05-26,0,12.15999984741211,12.270000457763672,11.880000114440918,12.050000190734863,10.57880687713623,1448700,8.474787944072132,-0.0090872160082679,0.0,0.1206917440207915,0.0322264231737242,0.0849148666643401,0.1670541242859392,-1,0,1
2021-05-27,0,12.09000015258789,12.699999809265137,11.979999542236328,12.699999809265137,11.14944839477539,2728100,8.757954691189145,0.0525373768280417,0.0475705039889609,0.1528392677925723,0.032240308263681,0.0848986564849199,0.1670434891795817,1,1,1
2021-05-28,0,12.68000030517578,12.850000381469728,12.550000190734863,12.609999656677246,11.070436477661133,1763700,7.451113626307181,-0.0071118505421966,0.0265182245219234,0.1549440262160857,0.0322321938099968,0.0848778515372396,0.1670338242410687,-1,1,1
2021-05-31,0,12.600000381469728,12.729999542236328,12.420000076293944,12.600000381469728,11.061657905578612,1299300,7.449262691399876,-0.000793288912552,0.0496239032331794,0.1569323158247397,0.0322236319762808,0.0848622583475054,0.1670250845433126,0,1,1
2021-06-01,0,12.649999618530272,12.880000114440918,12.5600004196167,12.699999809265137,11.14944839477539,2698200,7.6009961349255395,0.0079051394547487,0.0467450402060488,0.1602057467661916,0.0322155301790121,0.0848458418212585,0.167017910517719,1,1,1
2021-06-02,0,12.710000038146973,12.75,12.489999771118164,12.670000076293944,11.1231107711792,2570500,8.30211406962675,-0.0023650300512194,0.0410851307685541,0.1587653035932368,0.0322070332623722,0.0848279550600649,0.1670099977452815,0,1,1
2021-06-04,0,12.6899995803833,12.920000076293944,12.579999923706056,12.890000343322754,11.316250801086426,2374000,8.838633265966005,0.0172148212877443,0.0673871680645665,0.1676890590290972,0.0322008105798638,0.0848186442131899,0.16700652781078,1,1,1
2021-06-07,0,12.869999885559082,13.100000381469728,12.670000076293944,12.739999771118164,11.184564590454102,3435900,9.95509846546997,-0.011705150401945,0.0031446408345797,0.1199439562687989,0.0321934726236126,0.0847960729322305,0.1669820794427335,-1,0,1
2021-06-08,0,12.75,12.850000381469728,12.279999732971191,12.579999923706056,11.04409885406494,3451500,11.183928339035653,-0.0126384212390614,-0.002381929862285,0.1090770058148033,0.0321863328137538,0.0847735886256921,0.1669538927914736,-1,0,1
2021-06-09,0,12.5600004196167,12.619999885559082,12.300000190734863,12.380000114440918,10.86851692199707,1608400,11.452059635533804,-0.0160259908514221,-0.0176146318011551,0.05563903539536,0.0321800191036198,0.0847523032541116,0.1669128583729906,-1,-1,1
2021-06-10,0,12.390000343322754,12.539999961853027,12.210000038146973,12.399999618530272,10.886075019836426,1512700,11.502507487932885,0.0016141972875242,-0.0239055739683796,0.06067494666482,0.0321715036170416,0.0847319453705389,0.1668726734312515,0,-1,1
2021-06-11,0,12.4399995803833,12.449999809265137,12.079999923706056,12.15999984741211,10.675376892089844,860800,10.564660331679429,-0.019544586851394,-0.0410851307685541,0.0437043973959594,0.0321662517055296,0.084715352092534,0.1668300824538708,-1,-1,1
2021-06-14,0,12.18000030517578,12.710000038146973,12.100000381469728,12.4399995803833,10.921191215515137,5062400,12.144679347553126,0.0227651854952191,-0.0355347665610793,0.1032191300905552,0.0321618598720467,0.0846973543980572,0.1668001165696661,1,-1,1
2021-06-15,0,12.4399995803833,12.510000228881836,12.25,12.350000381469728,10.842180252075195,4772500,13.79580233878896,-0.0072609439844748,-0.031090560143609,0.0523593314607447,0.0321538314724838,0.084678376176414,0.166758706784438,-1,-1,1
2021-06-16,0,12.350000381469728,12.449999809265137,12.1899995803833,12.34000015258789,10.83340072631836,1798600,13.327551889719734,-0.0008100845136015,-0.0192622234181492,0.0405180809170881,0.0321453402686605,0.0846573769487253,0.1667158523244327,0,-1,1
2021-06-17,0,12.329999923706056,12.65999984741211,12.279999732971191,12.399999618530272,10.886075019836426,1045800,12.567318340353818,0.0048504298542514,0.0016141972875242,0.0419986847658244,0.0321370080648461,0.0846349435920147,0.166673190560992,1,0,1
2021-06-18,0,12.5,12.970000267028809,12.380000114440918,12.75,11.19334316253662,5624600,14.161951902224738,0.027834789717623,0.027834789717623,0.0564665925772851,0.0321347087644827,0.0846145709465883,0.1666324907890055,1,1,1
2021-06-21,0,12.800000190734863,13.25,12.59000015258789,13.149999618530272,11.544507026672363,5105200,15.068012069229392,0.0308905006254432,0.0782698771944603,0.0823902203636475,0.0321338585851747,0.0846102258309,0.1665969512028633,1,1,1
2021-06-22,0,13.149999618530272,13.609999656677246,13.149999618530272,13.31999969482422,11.693751335144045,2382800,14.614944404797166,0.0128448834796477,0.0683495751788888,0.0812946749184542,0.032126646820424,0.0846014644361034,0.1665611722695717,1,1,1
2021-06-23,0,13.31999969482422,14.260000228881836,13.260000228881836,13.800000190734863,12.115148544311523,4710700,16.364061220232436,0.0354019901667583,0.1110125093301221,0.1405956327090207,0.032128212609195,0.084615970153846,0.1665450082522606,1,1,1
2021-06-24,0,13.93000030517578,14.050000190734863,13.600000381469728,13.81999969482422,12.13270664215088,1414700,16.394845324055893,0.001448218885597,0.1132708127293207,0.1312598491127385,0.0321197516407698,0.0846319658181469,0.1665250025958664,0,1,1
2021-06-25,0,13.859999656677246,13.970000267028809,13.399999618530272,13.619999885559082,11.957124710083008,1903100,16.99421367925564,-0.0145775235047703,0.0938428593702992,0.1133874462216933,0.0321131387118892,0.0846356512527011,0.1664984472130921,-1,1,1
2021-06-28,0,13.579999923706056,13.789999961853027,13.479999542236328,13.699999809265137,12.02735710144043,1009600,15.088046614330514,0.0058565027711458,0.0718645724238221,0.1283311650011072,0.0321049233233175,0.0846282970043888,0.1664772928291963,1,1,1
2021-06-29,0,13.800000190734863,13.979999542236328,13.43000030517578,13.920000076293944,12.220497131347656,2372500,14.08287972811688,0.0159308211607909,0.0569048929591699,0.0917246093338565,0.0320984406771313,0.0846151693786203,0.1664441953528055,1,1,1
2021-06-30,0,14.020000457763672,14.130000114440918,13.710000038146973,13.8100004196167,12.12392807006836,2540200,14.582664738288766,-0.0079336083724918,0.0361264011070303,0.0909028515035613,0.0320905721576992,0.0845963566177242,0.1664108959327396,-1,1,1
2021-07-01,0,14.18000030517578,14.18000030517578,13.760000228881836,13.84000015258789,12.150264739990234,2256300,15.29088352756501,0.0021699325256284,0.0028943434659002,0.0938660729417416,0.032082159528427,0.0845740565295227,0.1663784115708619,0,0,1
2021-07-02,0,13.970000267028809,14.539999961853027,13.890000343322754,14.300000190734863,12.554102897644045,3100200,14.228870329747176,0.03269657741603,0.0341427019963333,0.118657510903023,0.0320822460704824,0.084554870564231,0.1663537112926152,1,1,1
2021-07-05,0,14.350000381469728,14.449999809265137,14.0,14.06999969482422,12.35218334197998,1993400,12.712840005595964,-0.0162146999918385,0.032505525509265,0.1048078409624041,0.0320760948556003,0.0845353842731794,0.1663244356006484,-1,1,1
2021-07-06,0,14.0,14.039999961853027,13.15999984741211,13.270000457763672,11.649856567382812,4437100,13.765569022783534,-0.058538968149689,-0.0318899454115699,0.0290540515249707,0.0320961277338566,0.0845168457631746,0.166280980894891,-1,-1,1
2021-07-07,0,13.420000076293944,13.5,12.920000076293944,13.100000381469728,11.500612258911133,3197300,12.868700648408046,-0.0128935942659576,-0.0607143608383185,0.0278656076609582,0.0320891549425566,0.0845070928323918,0.166237483537948,-1,-1,1
2021-07-08,0,12.899999618530272,13.050000190734863,12.720000267028809,12.899999618530272,11.325029373168944,1800800,13.011403677816125,-0.0153850088342908,-0.0681657613001174,0.0251190200657289,0.0320827786761197,0.0845004419630098,0.1661938604422484,-1,-1,1
2021-07-12,0,12.8100004196167,13.460000038146973,12.789999961853027,13.369999885559082,11.73764705657959,2619000,13.364200947560857,0.0357861082149344,-0.0345495856108114,0.0769311191320854,0.0320845915895129,0.0844825158476831,0.1661573366713892,1,-1,1
2021-07-13,0,13.34000015258789,13.6899995803833,13.220000267028809,13.40999984741211,11.7727632522583,2071600,13.90522390559162,0.0029872912749621,-0.0642588717518795,0.0783042131195233,0.0320762406797421,0.0844741891002776,0.1661211389873083,0,-1,1
2021-07-14,0,13.5,13.640000343322754,13.350000381469728,13.420000076293944,11.781542778015137,1340800,13.3221937586403,0.0007454710108748,-0.0472987007491661,0.0985942709817921,0.0320678435043699,0.0844597163202564,0.1660901426354498,0,-1,1
2021-07-15,0,13.420000076293944,13.420000076293944,13.020000457763672,13.09000015258789,11.491832733154297,825800,12.380820929771504,-0.0248975495810598,-0.0136572821805369,0.0509315359055132,0.0320646815852462,0.0844383648018175,0.1660490820706745,-1,-1,1
2021-07-16,0,13.119999885559082,13.220000267028809,12.84000015258789,12.84000015258789,11.272356033325195,1055800,11.69543023339486,-0.0192832262059724,-0.0200469141205516,0.0389092536840156,0.0320594574633749,0.0844177956348029,0.1660066536007441,-1,-1,1
2021-07-19,0,12.609999656677246,12.68000030517578,12.3100004196167,12.380000114440918,10.86851692199707,2236700,11.049920325338473,-0.03648310563089,-0.041145010917151,0.003236232566727,0.032062162855757,0.0844015686996994,0.1659628197162186,-1,-1,0
2021-07-20,0,12.34000015258789,12.56999969482422,12.3100004196167,12.470000267028809,10.947528839111328,894600,10.394754025332617,0.0072434998942993,-0.069687619237786,0.0056293026067751,0.0320541696824564,0.0843955923771595,0.1659189902731104,1,-1,0
2021-07-21,0,12.380000114440918,12.489999771118164,11.880000114440918,12.0,10.534912109375,4481700,10.196944623274172,-0.0384190495054582,-0.1110939600182064,-0.0606245366163061,0.0320580585717479,0.0844134233982404,0.1658827628364628,-1,-1,-1
2021-07-22,0,11.899999618530272,12.4399995803833,11.899999618530272,12.359999656677246,10.850958824157717,2067600,9.563591211184011,0.0295587424773775,-0.0822806885517037,-0.0619562947643718,0.0320566271280436,0.0844135152702792,0.165846852766463,1,-1,-1
2021-07-23,0,12.359999656677246,12.369999885559082,12.100000381469728,12.3100004196167,10.807064056396484,2029500,9.631577786767066,-0.0040534473625912,-0.0614365863332352,-0.0788546256066108,0.0320484247355122,0.0844040128073093,0.1658151945020484,-1,-1,-1
2021-07-26,0,12.31999969482422,12.31999969482422,11.869999885559082,11.960000038146973,10.499794960021973,1664700,9.045655909388444,-0.028844270253656,-0.0709976303809187,-0.1431008860270252,0.0320470121563804,0.084398558714926,0.1658079001442285,-1,-1,-1
2021-07-27,0,11.859999656677246,12.25,11.649999618530272,11.9399995803833,10.482236862182615,2124800,8.952178034592835,-0.0016736321903004,-0.0361881569403291,-0.1462227371029229,0.0320386948221233,0.0843810715443802,0.1658020905304451,0,-1,-1
2021-07-28,0,12.0,12.489999771118164,11.539999961853027,12.220000267028809,10.728052139282228,4139000,10.216047784968575,0.0231799089140757,-0.0202517479205527,-0.1084653046840767,0.0320345813690306,0.0843605956071877,0.1657800089033939,1,-1,-1
2021-07-29,0,12.15999984741211,12.15999984741211,11.670000076293944,11.9399995803833,10.482236862182615,2568900,10.986467846083782,-0.0231799089140757,-0.0050126073291702,-0.1375017163692985,0.0320307479576468,0.0843387380729154,0.165770000181738,-1,0,-1
2021-07-30,0,11.8100004196167,11.880000114440918,11.390000343322754,11.5,10.095956802368164,1741000,11.237225568437164,-0.037547070063633,-0.0721184198701808,-0.1909796075937225,0.032034079864034,0.0843338027601755,0.1657891771841565,-1,-1,-1
2021-08-02,0,11.640000343322754,11.979999542236328,11.510000228881836,11.880000114440918,10.42956256866455,1563200,10.883508188349532,0.0325093013059085,-0.0355556712016808,-0.150536697915322,0.0320341455640213,0.0843162062513986,0.1657853673738701,1,-1,-1
2021-08-03,0,11.779999732971191,11.960000038146973,11.329999923706056,11.850000381469728,10.403225898742676,2340900,11.526748710480144,-0.0025283877857616,-0.0092397887337863,-0.155235018226712,0.0320258871451769,0.0842946333043092,0.1657839114476089,0,-1,-1
2021-08-04,0,11.829999923706056,11.90999984741211,11.649999618530272,11.84000015258789,10.39444637298584,1591500,10.171652565671396,-0.0008442797024242,-0.0084104362459101,-0.1887758753451663,0.0320175793333777,0.084273020856284,0.1658014986105026,0,0,-1
2021-08-05,0,11.960000038146973,12.050000190734863,11.5,11.56999969482422,10.157410621643066,1033300,9.644142176450538,-0.0230681113261589,-0.054658456486145,-0.1956292866794868,0.0320137135016501,0.0842610331673782,0.1658233341420879,-1,-1,-1
2021-08-06,0,11.56999969482422,11.600000381469728,11.239999771118164,11.239999771118164,9.867700576782228,2155600,9.61488908424464,-0.0289366942340921,-0.0604152418061614,-0.16602701276389,0.0320123517560254,0.0842511642488296,0.1658274467785315,-1,-1,-1
2021-08-09,0,11.229999542236328,11.40999984741211,11.0,11.199999809265137,9.832584381103516,1991300,9.707696166958538,-0.0035650482159437,-0.0264332199584721,-0.1566984667138761,0.032004171469433,0.0842317577826262,0.1658265290773371,-1,-1,-1
2021-08-10,0,11.279999732971191,11.539999961853027,11.100000381469728,11.220000267028809,9.850142478942873,1803500,9.50853209310174,0.0017841128032283,-0.0571584084611524,-0.139529345076357,0.031995892074358,0.0842206709453947,0.1658171370225049,0,-1,-1
2021-08-11,0,11.039999961853027,11.15999984741211,10.699999809265137,10.699999809265137,9.39362907409668,2185000,8.453566622992984,-0.0474542185273764,-0.1020842392027671,-0.2227696718186677,0.0320060771762819,0.0842321893748538,0.1658572305485015,-1,-1,-1
2021-08-12,0,10.68000030517578,11.25,10.56999969482422,10.859999656677246,9.53409481048584,2936400,8.500756116612298,0.0148425997743258,-0.086397359726017,-0.2109143633193039,0.0319994986628841,0.0842343643306228,0.1658888094772001,1,-1,-1
2021-08-13,0,10.859999656677246,10.960000038146973,10.520000457763672,10.619999885559082,9.323396682739258,2494500,8.751710220276458,-0.0223472879545515,-0.0856765363544095,-0.2340071222847303,0.0319953664284229,0.0842361217441748,0.1659369743278556,-1,-1,-1
2021-08-16,1,10.670000076293944,10.68000030517578,9.65999984741211,9.859999656677246,8.656185150146484,6656400,10.57706692543528,-0.0742529015593563,-0.1309927436796737,-0.2833624742630269,0.0320319780573606,0.0842685770170831,0.1660262537114724,-1,-1,-1
2021-08-17,0,9.760000228881836,9.90999984741211,9.43000030517578,9.850000381469728,8.647406578063965,5073800,11.439579248178884,-0.0010146532550639,-0.1284423487187939,-0.2650939013121184,0.0320237088049826,0.084298868547334,0.1660991088070205,0,-1,-1
2021-08-18,0,9.859999656677246,9.960000038146973,9.260000228881836,9.779999732971191,8.585952758789062,10390900,14.650336746260267,-0.0071319907584282,-0.1373584522804505,-0.2357427864396565,0.0320158734935903,0.0843364345587796,0.1661480271189186,-1,-1,-1
2021-08-19,0,9.630000114440918,9.850000381469728,9.31999969482422,9.75,8.559616088867188,4817400,16.008432240337317,-0.0030721279497469,-0.0929763617028211,-0.2460584142837027,0.0320076931264803,0.0843420727846108,0.1662047970387305,0,-1,-1
2021-08-20,0,9.710000038146973,10.380000114440918,9.5600004196167,10.170000076293944,8.928338050842285,3420200,16.417807223736087,0.0421749293232853,-0.0656440321538616,-0.1654644354549591,0.0320135962527449,0.0843341118874185,0.1662077430112242,1,-1,-1
2021-08-23,0,10.210000038146973,10.210000038146973,9.789999961853027,9.859999656677246,8.656185150146484,2100900,16.356225890487146,-0.0309561573600463,-0.0742529015593563,-0.2259793352923829,0.0320131932497361,0.084329918993335,0.1662489721099991,-1,-1,-1
2021-08-24,0,9.9399995803833,10.5600004196167,9.890000343322754,10.449999809265137,9.174152374267578,2875000,16.736665478242237,0.0581158937172099,0.0581158937172099,-0.1638099942125817,0.0320318825092328,0.0843179292072103,0.1662508922983731,1,1,-1
2021-08-25,0,10.40999984741211,10.520000457763672,9.979999542236328,10.380000114440918,9.112698554992676,3711400,17.324085127926857,-0.0067211189999296,0.0524094279723441,-0.1416868429588554,0.0320240210364715,0.0843040621654021,0.1662417579931323,-1,1,-1
2021-08-26,0,10.300000190734863,10.3100004196167,9.899999618530272,10.039999961853027,8.814208984375,4241600,17.73896267991831,-0.0333038097551184,0.0262376089756541,-0.1733170205236733,0.0320248421266231,0.0842841486420012,0.1662487874561032,-1,1,-1
2021-08-27,0,10.06999969482422,10.130000114440918,9.90999984741211,9.979999542236328,8.761534690856934,1200800,17.176259037260873,-0.0059939940178895,0.0233157429075113,-0.2024909234556387,0.0320169108619877,0.0842638342548659,0.1662734471054834,-1,1,-1
2021-08-30,0,9.970000267028809,10.130000114440918,9.640000343322754,9.949999809265137,8.735197067260742,3562500,16.005470616127262,-0.0030105786444077,-0.0218697650601817,-0.1823215931859706,0.032008756939084,0.0842437782497499,0.1662855080249718,0,-1,-1
2021-08-31,0,9.949999809265137,10.210000038146973,9.649999618530272,9.6899995803833,8.506940841674805,2742500,15.097777769521064,-0.0264781040860956,-0.017391711786231,-0.1712526272084332,0.032006266990496,0.0842231547761848,0.1662911861000534,-1,-1,-1
2021-09-01,0,9.760000228881836,10.130000114440918,9.65999984741211,9.960000038146973,8.743976593017578,1955900,11.91174311297848,0.0274826740578577,-0.0480249314455833,-0.1762792544564841,0.0320039930786383,0.0842089732985441,0.1662996232331735,1,-1,-1
2021-09-02,0,9.9399995803833,9.970000267028809,9.59000015258789,9.609999656677246,8.436708450317383,2967000,11.195863558667916,-0.0357728354491591,-0.0770766478948127,-0.2095237021198817,0.0320061899351326,0.084206186147717,0.1663285854977075,-1,-1,-1
2021-09-03,0,9.65999984741211,9.739999771118164,9.4399995803833,9.68000030517578,8.498162269592285,2823900,10.906976234503905,0.0072576980413416,-0.0365151400983526,-0.2014217243761158,0.0319983640729831,0.0841889242938415,0.1663521091565467,1,-1,-1
2021-09-06,0,9.600000381469728,10.029999732971191,9.579999923706056,9.770000457763672,8.577174186706543,1183900,10.55214800270316,0.0092545738403899,-0.0212665722400731,-0.1690990392095668,0.0319908004071946,0.0841688402673369,0.1663563374041093,1,-1,-1
2021-09-08,0,9.770000457763672,9.779999732971191,9.06999969482422,9.119999885559082,8.006532669067383,3004900,10.449787183189397,-0.0688467182936856,-0.087102711889351,-0.2090090632691602,0.0320208492299711,0.0841711607171567,0.1663846644815969,-1,-1,-1
2021-09-09,0,9.119999885559082,9.449999809265137,8.920000076293945,9.399999618530272,8.252346992492676,2753400,9.95942994478251,0.0302398517369788,-0.0303847560662765,-0.1752041633162376,0.0320198528009035,0.0841526124349357,0.1663921302446972,1,-1,-1
2021-09-10,0,9.479999542236328,9.84000015258789,9.220000267028809,9.289999961853027,8.155776977539062,2343800,9.152208276449269,-0.0117711360770226,-0.0696385662011568,-0.1887594121964887,0.0320127986659071,0.0841464004713431,0.1664074218374328,-1,-1,-1
2021-09-13,0,9.399999618530272,10.039999961853027,9.270000457763672,9.869999885559082,8.66496467590332,2713700,9.726262057644252,0.0605613387677909,0.0266956080157931,-0.0807438549013214,0.0320337045212373,0.0841267427828703,0.1663757272449,1,1,-1
2021-09-14,0,9.920000076293944,10.0,9.770000457763672,9.84000015258789,8.638628005981445,1520100,8.93155584317621,-0.0030440719153732,0.0163938380590782,-0.0986305265910206,0.032025589400239,0.0841058326713151,0.1663493045691728,0,1,-1
2021-09-15,0,9.84000015258789,9.890000343322754,9.520000457763672,9.789999961853027,8.594732284545898,3281800,9.146977694413428,-0.0050942840660577,0.0020449801526305,-0.0813775227025266,0.0320176220956555,0.0840842544794968,0.166317804844904,-1,0,-1
2021-09-16,0,9.75,9.75,9.210000038146973,9.4399995803833,8.287463188171387,5424500,10.377547655460088,-0.0364055768840409,0.0344861215622751,-0.0435301980272112,0.0320201623532539,0.0840660273701537,0.1662784185358269,-1,1,-1
2021-09-17,0,9.3100004196167,9.489999771118164,9.140000343322754,9.470000267028809,8.313801765441895,1774700,9.923491511712438,0.0031730834298677,0.007419353255164,-0.0393424613422795,0.0320120451319201,0.0840445897900887,0.166238459645738,0,0,-1
2021-09-20,0,9.270000457763672,9.300000190734863,8.739999771118164,9.050000190734863,7.945079326629639,4078500,10.294877973346404,-0.0453642126715928,-0.0261737233394061,-0.0775746832554441,0.0320204522573254,0.0840253804990552,0.1662060264374047,-1,-1,-1
2021-09-21,0,9.079999923706056,9.670000076293944,9.06999969482422,9.550000190734863,8.384034156799316,3455800,11.126319155039718,0.0537764172053231,-0.0329586449018737,-0.0207261381003741,0.0320351415136496,0.0840074646327152,0.1661641160749211,1,-1,-1
2021-09-22,0,9.6899995803833,9.760000228881836,9.5,9.56999969482422,8.401591300964355,2635100,11.041500850797611,0.0020919268825523,-0.0278226461039483,-0.0608091405411071,0.0320269913962159,0.0839885653465714,0.1661278846436197,0,-1,-1
2021-09-23,0,9.619999885559082,10.15999984741211,9.619999885559082,10.029999732971191,8.80543041229248,4340000,11.726019723614916,0.0469474949683015,0.0242191329304109,0.0170945117872406,0.0320361874609404,0.0839686699848906,0.1660852835511738,1,1,1
2021-09-24,0,9.949999809265137,9.949999809265137,9.609999656677246,9.739999771118164,8.550836563110352,2197200,11.71154553906741,-0.0293395016660315,0.0312852081484203,-0.0703608835960007,0.0320349906488585,0.0839499223559144,0.1660511870454687,-1,1,-1
2021-09-27,0,9.649999618530272,9.75,9.329999923706056,9.510000228881836,8.348917961120605,1618600,11.269712209281025,-0.0238971768296296,0.0042149478889232,-0.0875369414257008,0.0320314624908996,0.0839284949612871,0.1660215579918236,-1,0,-1
2021-09-28,0,9.460000038146973,9.460000038146973,8.859999656677246,8.90999984741211,7.822171688079834,2496000,11.552141205325778,-0.0651697194950939,-0.015590558934578,-0.1194028511656762,0.0320572946794053,0.0839079391154182,0.1660026081364297,-1,-1,-1
2021-09-29,0,8.970000267028809,9.170000076293944,8.800000190734863,8.960000038146973,7.866067409515381,1545000,10.842900371590616,0.0055960182291324,-0.0637709579107685,-0.1078128389186541,0.0320493632678182,0.0838994357444891,0.1659794110265276,1,-1,-1
2021-09-30,0,9.029999732971191,9.170000076293944,8.800000190734863,8.9399995803833,7.848508834838867,1909700,9.518929983597378,-0.0022346873005706,-0.0680975720938915,-0.107036947574817,0.0320412544766964,0.0838926970421103,0.1659559457235462,0,-1,-1
2021-10-01,0,8.869999885559082,9.609999656677246,8.869999885559082,9.609999656677246,8.436708450317383,3185300,10.054355525456568,0.07226868209742,-0.0427763849647731,-0.0082901613913014,0.0320742875640903,0.0838772153824242,0.1659135244154144,1,-1,0
2021-10-04,0,9.420000076293944,9.43000030517578,9.010000228881836,9.06999969482422,7.962636947631836,1149300,9.027037603402803,-0.0578320186771669,-0.0712689019759086,-0.0936048541263261,0.0320928437593744,0.0838718361671721,0.1658857341982847,-1,-1,-1
2021-10-05,0,9.119999885559082,9.140000343322754,8.710000038146973,8.739999771118164,7.672926902770996,3859600,9.055352395221162,-0.0370620732262854,-0.0844337983725644,-0.0948940919034523,0.0320956835188304,0.0838727696267097,0.165858345752499,-1,-1,-1
2021-10-06,0,8.600000381469727,8.619999885559082,8.350000381469727,8.479999542236328,7.444670677185059,5487400,9.882102624532722,-0.0301997155331199,-0.0494637944105904,-0.132351505477914,0.0320948380588099,0.083859212126955,0.1658446214504493,-1,-1,-1
2021-10-07,0,8.5600004196167,9.100000381469728,8.550000190734863,8.970000267028809,7.874846458435059,4099800,9.620097989157395,0.0561752561144255,0.0011154434747023,-0.0854308232038785,0.0321114724373615,0.0838378712129366,0.1658144782415731,1,0,-1
2021-10-08,0,9.050000190734863,9.479999542236328,9.050000190734863,9.300000190734863,8.164556503295898,3150700,9.926544062036532,0.0361287209632446,0.0394788517385176,0.0195446160530516,0.03211351538377,0.0838209894958819,0.1657723250585422,1,1,1
2021-10-11,0,9.350000381469728,9.359999656677246,9.039999961853027,9.039999961853027,7.936300277709961,1151600,9.733291818522863,-0.0283552014634814,-0.0611450318223838,-0.0390504371474086,0.0321118187292226,0.0838114720741048,0.1657327144118111,-1,-1,-1
2021-10-13,0,9.09000015258789,9.56999969482422,9.050000190734863,9.5,8.34013843536377,2135800,9.65768628367888,0.0496326085175706,0.0463195953723536,0.0223533074471844,0.0321229456626377,0.0837963477170525,0.1656907726026083,1,1,1
2021-10-14,0,9.550000190734863,9.630000114440918,9.09000015258789,9.220000267028809,8.094324111938477,1252800,9.56877205343954,-0.0299167260640167,0.0534649425346223,-0.068124757384623,0.0321219741504505,0.0837833371048591,0.1656564042527579,-1,1,-1
2021-10-15,0,9.279999732971191,9.489999771118164,9.149999618530272,9.369999885559082,8.2260103225708,867700,9.221926188107757,0.0161380355453244,0.0998026936130668,-0.0489426499239254,0.0321158374377587,0.0837914854503499,0.1656183476346393,1,1,-1
2021-10-18,0,9.239999771118164,9.59000015258789,9.1899995803833,9.4399995803833,8.287463188171387,1397200,8.546214857823943,0.0074427889738267,0.0510702264724681,-0.0364055768840409,0.0321081199498835,0.0837777266606829,0.165578508858386,1,1,-1
2021-10-19,0,9.34000015258789,9.34000015258789,8.670000076293945,8.720000267028809,7.655369281768799,3202600,9.225081725805143,-0.079336645109564,-0.0643951396003404,-0.079336645109564,0.0321498159666295,0.0837695457795624,0.1655468989110688,-1,-1,-1
2021-10-20,0,8.760000228881836,8.899999618530273,8.520000457763672,8.6899995803833,7.629031658172607,2018600,8.597074188352844,-0.0034463437288731,-0.039486281865732,-0.0859560722683048,0.0321417921097938,0.0837533408428982,0.1655170733953906,-1,-1,-1
2021-10-21,0,8.510000228881836,8.619999885559082,7.909999847412109,8.010000228881836,7.0320539474487305,3353300,7.834013045648033,-0.0814820927528976,-0.1706009831362002,-0.1220739523496096,0.0321860464830539,0.0838213810738758,0.1654992849595775,-1,-1,-1
2021-10-22,0,7.929999828338623,7.929999828338623,7.070000171661377,7.480000019073486,6.566761493682861,6777200,8.373857428475958,-0.0684580444272422,-0.2091423014994256,-0.2443084139821749,0.0322148160434413,0.0839336147215042,0.1655519650611623,-1,-1,-1
2021-10-25,0,7.519999980926514,7.730000019073486,7.400000095367432,7.53000020980835,6.610657215118408,5254400,8.771969940297549,0.0066622886877529,-0.2186180483569972,-0.2397380521769743,0.0322070199747599,0.0840577077785105,0.1656010193301157,1,-1,-1
2021-10-26,0,7.420000076293945,7.619999885559082,6.889999866485596,7.019999980926514,6.162923336029053,5449200,9.851907774472735,-0.0701318438106329,-0.296192681141457,-0.356817390955909,0.0322375151143352,0.0843016270653608,0.1657586305992393,-1,-1,-1
2021-10-27,0,7.039999961853027,7.440000057220459,6.909999847412109,6.96999979019165,6.119027614593506,2788700,9.818827990018033,-0.0071480351149445,-0.2240040711468376,-0.334625924404822,0.0322297943143641,0.0844316857211399,0.1658919374524473,-1,-1,-1
2021-10-28,0,6.949999809265137,7.210000038146973,6.78000020980835,6.800000190734863,5.969783306121826,2976000,10.155729522366146,-0.0246925677823763,-0.2452502952003407,-0.3354213153575688,0.0322264670673819,0.0845911165160189,0.1660256483206623,-1,-1,-1
2021-10-29,0,6.849999904632568,6.900000095367432,6.489999771118164,6.599999904632568,5.794201374053955,4757500,11.058265472931229,-0.029852975251972,-0.1936211776994153,-0.3001045711144469,0.0322253424098791,0.0846822223992598,0.1661242288426097,-1,-1,-1
2021-11-01,0,6.730000019073486,7.070000171661377,6.650000095367432,6.909999847412109,6.06635332107544,1777200,11.023003812234808,0.0458999993467739,-0.079263133925399,-0.2598005899968054,0.032233643421999,0.0846797880237834,0.1661876163416101,1,-1,-1
2021-11-03,0,6.920000076293945,7.309999942779541,6.880000114440918,7.050000190734863,6.189260959625244,3855500,10.994092287119935,0.0200580332309028,-0.0658673893822492,-0.2375078694653319,0.0322286481711567,0.0846715133439293,0.1662336660258999,1,-1,-1
2021-11-04,0,6.949999809265137,7.119999885559082,6.710000038146973,6.789999961853027,5.961004257202148,3597600,11.261180954292737,-0.0375767205260673,-0.0333122660976836,-0.3473532720888193,0.032231604874147,0.0846535442898586,0.1663785938679546,-1,-1,-1
2021-11-05,0,6.929999828338623,6.960000038146973,6.670000076293945,6.670000076293945,5.855655193328857,3722100,11.182306942791303,-0.0178310724085264,-0.0439953033912653,-0.3073523258201789,0.0322259984061582,0.0846380682361622,0.166482813946815,-1,-1,-1
2021-11-08,0,6.650000095367432,6.940000057220459,6.550000190734863,6.909999847412109,6.06635332107544,11767600,12.369984478767597,0.0353497597036909,0.016047024094802,-0.2349404928902022,0.0322276086933534,0.084617478494507,0.1665263606534547,1,1,-1
2021-11-09,0,6.949999809265137,7.179999828338623,6.800000190734863,6.989999771118164,6.136585712432861,2717600,11.572155081972609,0.0115108608909756,0.0574108602377498,-0.1932299164661067,0.0322205334680616,0.0846058513220307,0.1665422826626786,1,1,-1
2021-11-10,0,6.960000038146973,7.420000076293945,6.769999980926514,7.199999809265137,6.32094669342041,3076700,10.947643145078926,0.0296004756040894,0.0411113364950652,-0.2198046969764426,0.0322192318231505,0.0845894882059219,0.1665750072315786,1,1,-1
2021-11-11,0,7.28000020980835,7.630000114440918,7.150000095367432,7.400000095367432,6.49652910232544,2319600,10.85951186611697,0.027399059820001,0.0484523630841633,-0.2285343581196862,0.0322169512206718,0.0845750695990525,0.1666136224955948,1,1,-1
2021-11-12,0,7.440000057220459,7.510000228881836,7.210000038146973,7.28000020980835,6.391180038452148,2447700,10.76574309248969,-0.0163491291291524,0.0696799544810782,-0.2165282857853572,0.0322109790088204,0.084568051467487,0.1666439174396801,-1,1,-1
2021-11-16,1,7.730000019073486,7.739999771118164,7.010000228881836,7.110000133514404,6.241935253143311,3728500,10.576080888306771,-0.0236286498738781,0.0638823770157265,-0.2897895441768059,0.0322072843717397,0.084558742163398,0.1667308297382736,-1,1,-1
2021-11-17,0,7.289999961853027,7.349999904632568,6.599999904632568,6.75,5.925887584686279,4837100,11.366166958025868,-0.0519597918961925,-0.0234271745841569,-0.3118326100089817,0.0322202725388486,0.0845392049392238,0.1668377015581624,-1,-1,-1
2021-11-18,0,6.78000020980835,7.130000114440918,6.679999828338623,6.840000152587891,6.004899978637695,3907100,11.348452594843817,0.0132453199220901,-0.0216927155530425,-0.314725325632216,0.0322135546844292,0.0845194437358915,0.1669470048822226,1,-1,-1
2021-11-19,0,6.829999923706055,7.090000152587891,6.75,6.820000171661377,5.987341403961182,1972500,10.922757568670718,-0.0029283245164124,-0.0542215156735445,-0.3250964391224553,0.0322055619499642,0.0845071170837451,0.1670660547163247,0,-1,-1
2021-11-22,0,6.849999904632568,7.150000095367432,6.760000228881836,6.860000133514404,6.022458076477051,3209100,10.813689830431477,0.0058480198030922,-0.0757725556904533,-0.2399117742097991,0.0321977650671748,0.0845031596692074,0.1671116918732869,1,-1,-1
2021-11-23,0,6.889999866485596,6.980000019073486,6.75,6.900000095367432,6.057574272155762,3266000,8.533851379933887,0.00581394048979,-0.0536094860715107,-0.2306514899911359,0.0321899707878482,0.0844906327100807,0.1671505701604445,1,-1,-1
2021-11-24,0,6.900000095367432,7.420000076293945,6.900000095367432,7.329999923706055,6.435075283050537,3668800,8.840122884798742,0.0604541051544734,0.0304732689568407,-0.0887152920837649,0.0322102087428409,0.0844721475332225,0.1671204851608203,1,1,-1
2021-11-25,0,7.369999885559082,7.570000171661377,7.28000020980835,7.349999904632568,6.452633380889893,2563700,8.711775649857607,0.0027247836152199,0.0851578444682532,-0.0175324640413028,0.0322022165404399,0.0844722776094248,0.1670788096337608,0,1,-1
2021-11-26,0,7.039999961853027,7.070000171661377,6.730000019073486,6.989999771118164,6.136585712432861,2626100,8.757986144182663,-0.0502198089931205,0.0216927155530425,-0.0744145617221762,0.0322137972636072,0.0844524725628353,0.1670452056650414,-1,1,-1
2021-11-29,0,7.010000228881836,7.099999904632568,6.739999771118164,6.760000228881836,5.934667110443115,2895700,8.826083196889593,-0.033457577337034,-0.008836537267579,-0.0377402952485773,0.0322144663042771,0.0844316020441141,0.1670053237040176,-1,-1,-1
2021-11-30,0,7.619999885559082,8.640000343322754,7.550000190734863,8.5600004196167,7.514904022216797,19114300,14.14409439277733,0.2360773143661355,0.2213927572954644,0.2054850542325028,0.032634683948175,0.084554869474616,0.1670264303815247,1,1,1
2021-12-01,0,8.680000305175781,8.800000190734863,7.889999866485596,7.909999847412109,6.944262504577637,9549200,15.807417824190278,-0.0789724719065033,0.136606344899171,0.1512051501083758,0.032674351845394,0.0845884005025519,0.1670184135698757,-1,1,1
2021-12-02,0,8.0600004196167,8.300000190734863,7.809999942779541,8.289999961853027,7.277868270874023,4230000,16.130982572918796,0.0469222196714721,0.1230744594161698,0.2279803450318202,0.0326828892506496,0.0846115142238011,0.1670540034324469,1,1,1
2021-12-03,0,8.319999694824219,8.699999809265137,8.239999771118164,8.300000190734863,7.286647319793701,3610500,16.771534998954753,0.0012055395770988,0.121555215378049,0.1832858852621451,0.0326747583407628,0.0846334650319554,0.1670619472256877,0,1,1
2021-12-06,0,8.449999809265137,8.739999771118164,8.25,8.430000305175781,7.400775909423828,2504600,16.736601760064353,0.0155413083676349,0.1873163327388043,0.1787691603988772,0.0326684258696497,0.0847148665752206,0.1670673878163355,1,1,1
2021-12-07,0,8.5600004196167,8.859999656677246,8.489999771118164,8.8100004196167,7.734381198883057,4487100,17.395820388822994,0.0440906333421324,0.2648645434179709,0.2604365142670772,0.032674979106389,0.0848986325772201,0.1671263978519242,1,1,1
2021-12-08,0,8.869999885559082,9.210000038146973,8.649999618530273,8.890000343322754,7.804614067077637,5636700,18.29637085227303,0.0090396251813417,0.0378268542331769,0.2873072118569453,0.0326674493547253,0.0848814541306824,0.1672072207540017,1,1,1
2021-12-09,0,8.800000190734863,8.90999984741211,8.609999656677246,8.65999984741211,7.602694511413574,2173000,18.29540059492941,-0.0262123804288324,0.0905869457108479,0.2257450717244219,0.0326646344526722,0.0848838538096356,0.1672406874204507,-1,1,1
2021-12-10,0,8.779999732971191,8.949999809265137,8.640000343322754,8.949999809265137,7.857287883758545,2168100,18.33605133629872,0.0329387685067625,0.0766034945461381,0.2471729793402087,0.0326646749251148,0.0848794581441048,0.1672891297910852,1,1,1
2021-12-13,0,8.930000305175781,9.149999618530272,8.800000190734863,8.800000190734863,7.725602149963379,3151000,18.65231381426646,-0.0169017259783887,0.0584962289906504,0.2006707777577303,0.0326587869807833,0.0848679944586822,0.1673064564005727,-1,1,1
2021-12-14,0,8.819999694824219,9.010000228881836,8.529999732971191,8.550000190734863,7.506124496459961,2380000,13.095351263402115,-0.0288204811270628,0.0141344394959527,0.1444512368106666,0.032657075380573,0.0848473777031022,0.1672949553507854,-1,1,1
2021-12-15,0,8.550000190734863,8.819999694824219,8.3100004196167,8.760000228881836,7.69048547744751,2370900,10.971188649607448,0.0242646256980866,-0.005691568148093,0.1850649916379057,0.0326533796056961,0.0848264149350314,0.1673032371029176,1,0,1
2021-12-16,0,8.819999694824219,9.020000457763672,8.550000190734863,8.670000076293945,7.611473560333252,2278900,10.377415533690144,-0.0103271246685569,-0.0250583179979917,0.198366516843227,0.0326461235466722,0.0848073378532743,0.1673190109095257,-1,-1,1
2021-12-17,0,8.569999694824219,8.869999885559082,8.359999656677246,8.6899995803833,7.629031658172607,1969500,9.878919952994217,0.0023041369502762,0.0034581993811169,0.2526304456896958,0.0326380678945649,0.0847862866455304,0.1673709585063831,0,0,1
2021-12-20,0,8.569999694824219,8.59000015258789,8.130000114440918,8.3100004196167,7.295426845550537,3079500,10.052563328158907,-0.0447132324811031,-0.0741938016067487,0.1946718932865026,0.0326452729809221,0.0847818281839905,0.1673844001640916,-1,-1,1
2021-12-21,0,8.460000038146973,8.579999923706055,8.329999923706055,8.449999809265137,7.418333530426025,1813300,9.113574893728282,0.0167067480350636,-0.0405853275932962,0.2143069658379786,0.0326392659752851,0.0847658627803669,0.167409626214549,1,-1,1
2021-12-22,0,8.380000114440918,8.579999923706055,8.279999732971191,8.289999961853027,7.277868270874023,1480100,7.645873134031956,-0.0191164409744531,-0.0308812874406866,0.1893425050604334,0.0326340091116296,0.0847478175682987,0.1674199006524088,-1,-1,1
2021-12-23,0,8.34000015258789,8.359999656677246,8.109999656677246,8.220000267028809,7.216414928436279,985400,7.2301487638158175,-0.0084797171172785,-0.0636256302560518,0.1750488474533647,0.0326265041343008,0.0847390284137489,0.1674224516674082,-1,-1,1
2021-12-27,0,8.220000267028809,8.420000076293945,8.170000076293945,8.319999694824219,7.304204940795898,1103200,6.833519939756161,0.0120919193297241,-0.0412065862577709,0.1266866616286155,0.0326195178438845,0.0847232353816352,0.1674035784712612,1,-1,1
2021-12-28,0,8.3100004196167,8.430000305175781,8.079999923706055,8.239999771118164,7.233972549438477,1256500,6.159589893786886,-0.009661862742086,-0.0531725859501332,0.1143000152713094,0.0326121896328629,0.0847108178451672,0.1673803495117727,-1,-1,1
2021-12-29,0,8.229999542236328,8.369999885559082,8.0,8.119999885559082,7.1286234855651855,2082300,6.026135211490523,-0.0146701826041485,-0.0231295360731786,0.1498496416602814,0.0326058007331909,0.0846915403050891,0.1673708215193725,-1,-1,1
2021-12-30,0,8.229999542236328,8.470000267028809,8.029999732971191,8.399999618530273,7.3744378089904785,1897500,5.838791671383336,0.0339015137710664,-0.0059347703371758,0.2172087327683819,0.0326063710631841,0.0846707225777934,0.1673975205383005,1,0,1
2022-01-03,0,8.449999809265137,8.479999542236328,7.920000076293945,7.920000076293945,6.9530415534973145,2190100,5.745219632926424,-0.0588404725910729,-0.0456588019537956,-0.0777090541888266,0.0326246518446623,0.0846561196528452,0.1673654733789329,-1,-1,-1
2022-01-04,0,7.869999885559082,7.96999979019165,7.329999923706055,7.420000076293945,6.514087200164795,2932000,5.925209246019935,-0.0652121040980013,-0.1023911889345185,-0.0639486863803247,0.0326488583087288,0.0846663330167657,0.1673304229309509,-1,-1,-1
2022-01-05,0,7.349999904632568,7.559999942779541,6.940000057220459,6.980000019073486,6.127807140350342,4347500,6.109636772995628,-0.0611301332736865,-0.175613241537929,-0.1720010393254835,0.0326690966707748,0.0847362060892801,0.167334238734898,-1,-1,-1
2022-01-06,0,6.980000019073486,7.309999942779541,6.929999828338623,7.110000133514404,6.241935253143311,4474900,6.74939229286961,0.0184533109524729,-0.1474980678433701,-0.1547532679501096,0.032663594392206,0.084779297210834,0.167329484764559,1,-1,-1
2022-01-07,0,7.070000171661377,7.239999771118164,6.960000038146973,7.099999904632568,6.233155727386475,5186100,7.701657893729954,-0.0014075291667201,-0.1342354144059416,-0.1717021054844646,0.0326555689487047,0.084811340396129,0.1673330562992137,0,-1,-1
2022-01-10,0,7.039999961853027,7.039999961853027,6.630000114440918,6.710000038146973,5.890771389007568,2655000,8.078474059898355,-0.0564957868899867,-0.2246327150669949,-0.272288525716584,0.0326716406978015,0.0849378355577472,0.1674036701768863,-1,-1,-1
2022-01-11,0,6.699999809265137,6.880000114440918,6.570000171661377,6.820000171661377,5.987341403961182,2485500,8.37994395630113,0.016260519566192,-0.1495317229097299,-0.2650676313317335,0.0326655801820149,0.0849822038873455,0.1674682647634266,1,-1,-1
2022-01-12,0,6.78000020980835,7.210000038146973,6.659999847412109,6.96999979019165,6.119027614593506,3250800,8.85719676033206,0.0217557228660538,-0.0625638959456748,-0.2170995280368474,0.0326610887493289,0.0849727676033123,0.1674980542094333,1,-1,-1
2022-01-13,0,6.909999847412109,7.039999961853027,6.78000020980835,6.849999904632568,6.013678550720215,2385600,8.835207888076805,-0.0173665644211987,-0.018800327093187,-0.2674048609648087,0.0326553510068049,0.0849529054834229,0.1675641684001817,-1,-1,-1
2022-01-14,0,6.820000171661377,7.03000020980835,6.619999885559082,6.980000019073486,6.127807140350342,2091800,8.783302039948888,0.018800327093187,-0.0184533109524728,-0.2317028078932328,0.0326499688440827,0.0849330189683888,0.1676034957277711,1,-1,-1
2022-01-17,0,6.920000076293945,7.150000095367432,6.920000076293945,6.920000076293945,6.075132369995117,2134700,8.683485456728627,-0.0086331817792595,-0.0256789635650122,-0.2115155085454296,0.0326425237937927,0.0849140864540907,0.1676293450513694,-1,-1,-1
2022-01-18,0,6.940000057220459,7.139999866485596,6.800000190734863,6.829999923706055,5.996120452880859,3452100,8.75417060630573,-0.0130911093775389,0.0177257139474355,-0.2488712436210553,0.0326358163210904,0.0848940710767466,0.1676807200212158,-1,1,-1
2022-01-19,0,6.869999885559082,7.130000114440918,6.75,6.860000133514404,6.022458076477051,3237200,8.438509720127412,0.0043828254218485,0.0058480198030922,-0.2341612935306497,0.0326279524360903,0.0848732860186805,0.16772136903533,1,0,-1
2022-01-20,0,6.860000133514404,7.539999961853027,6.820000171661377,7.429999828338623,6.5228657722473145,5329600,8.740363600771904,0.0798183206586837,0.063910617595722,-0.1566471098222424,0.032667684388244,0.0848641061825526,0.1677168092978836,1,1,-1
2022-01-21,0,7.400000095367432,7.639999866485596,7.349999904632568,7.579999923706055,6.654552459716797,3216300,8.257787735401399,0.0199873858661939,0.1012645678831147,-0.0919464914749453,0.0326626435366207,0.0848726773129029,0.1676881908728485,1,1,-1
2022-01-24,0,7.559999942779541,7.579999923706055,7.190000057220459,7.360000133514404,6.46141242980957,2986500,8.419357650301096,-0.0294532645768938,0.0530109762130338,-0.1381065040869027,0.0326611974989881,0.0848598225549219,0.1676754509630369,-1,1,-1
2022-01-25,0,7.300000190734863,7.78000020980835,7.28000020980835,7.739999771118164,6.795017719268799,3070000,8.683522503422568,0.0503417190108211,0.1119858770031144,-0.0686483441016284,0.0326721059075864,0.0848749189157423,0.1676412269467509,1,1,-1
2022-01-26,0,7.769999980926514,8.350000381469727,7.739999771118164,8.119999885559082,7.1286234855651855,3832300,9.01166663245994,0.0479285009678393,0.1730054873484929,-0.0122401260165106,0.0326812119928706,0.0849399622767473,0.1676000627078806,1,1,0
2022-01-27,0,8.1899995803833,8.4399995803833,8.149999618530273,8.350000381469727,7.330543041229248,2332800,9.133361056378606,0.0279314416462327,0.1965541035728769,0.003599396299998,0.0326789926219242,0.0850297982785897,0.1675586615120171,1,1,0
2022-01-28,0,8.289999961853027,8.40999984741211,8.1899995803833,8.319999694824219,7.304204940795898,1514900,9.055911674710774,-0.003599396299998,0.1131363866141953,0.009661862742086,0.0326711114566364,0.0850453491858289,0.1675173843103259,-1,1,0
2022-01-31,0,8.34000015258789,8.880000114440918,8.279999732971191,8.829999923706055,7.751939296722412,2665700,9.395917074508509,0.0594928422916165,0.1526418430396178,0.0838248876378512,0.0326894310108092,0.0850908716440091,0.1674860410374114,1,1,1
2022-02-01,0,8.829999923706055,9.020000457763672,8.619999885559082,8.6899995803833,7.629031658172607,2833700,9.4365272345507,-0.0159821190835694,0.1661129885329422,0.0339412547832153,0.0326834022065789,0.0851485304444219,0.1674462764994911,-1,1,1
2022-02-02,0,8.670000076293945,8.739999771118164,8.289999961853027,8.380000114440918,7.356880187988281,1808000,9.162841642615373,-0.0363249694405828,0.0794463000815383,0.0564567579337055,0.0326853730978891,0.0851453970318545,0.1674094390661379,-1,1,1
2022-02-03,0,8.380000114440918,8.520000457763672,8.15999984741211,8.300000190734863,7.286647319793701,1737500,8.186280111370959,-0.0095924164028108,0.021925382710888,0.1120764456288958,0.032678110389346,0.0851258357044175,0.1673861748082776,-1,1,1
2022-02-04,0,8.300000190734863,8.359999656677246,7.789999961853027,8.069999694824219,7.084727764129639,2473900,8.015029332464554,-0.0281020908246086,-0.0341081497599533,0.1451044880779738,0.0326761000147069,0.0851085662529994,0.1673752562393514,-1,-1,1
2022-02-07,0,8.039999961853027,8.170000076293945,7.829999923706055,8.010000228881836,7.0320539474487305,1545300,7.642567965302786,-0.0074626160848952,-0.0379713695448504,0.1191885610406057,0.0326685686990941,0.0850921272879461,0.1673543708140088,-1,-1,1
2022-02-08,0,8.050000190734863,8.239999771118164,7.889999866485596,8.039999961853027,7.0583906173706055,922500,7.0086015902499685,0.0037382355781116,-0.0937259762583553,0.1243343257854376,0.0326607077665669,0.085097061266199,0.1673352997699581,1,-1,1
2022-02-09,0,8.069999694824219,8.270000457763672,8.010000228881836,8.109999656677246,7.11984395980835,913300,6.088911689192974,0.0086687417871899,-0.0690751153875959,0.1894988544626144,0.0326532976849027,0.0850903338549652,0.1673459346288681,1,-1,1
2022-02-10,0,8.109999656677246,8.289999961853027,7.980000019073486,8.140000343322754,7.146182060241699,1151600,5.69697661599693,0.003692427074062,-0.0290577188729509,0.1769307619704844,0.0326454454151845,0.085072145312535,0.1673498136794554,1,-1,1
2022-02-11,0,8.180000305175781,8.329999923706055,7.820000171661377,7.820000171661377,6.865251064300537,1752700,5.739725390293748,-0.0401056263105047,-0.0595709287806447,0.1150694127939259,0.0326495725597809,0.0850618658527764,0.1673274834128948,-1,-1,1
2022-02-14,0,7.800000190734863,8.079999923706055,7.75,7.909999847412109,6.944262504577637,1004800,5.13503279716624,0.0114431695320736,-0.0200256684239624,0.1438791467471983,0.0326425878115117,0.0850423826557627,0.1673159318578456,1,-1,1
2022-02-15,0,7.989999771118164,8.369999885559082,7.559999942779541,7.619999885559082,6.689668655395508,6650000,6.145357082304916,-0.0373514351500178,-0.049914487489085,0.0877273845039935,0.032645111812365,0.085029038287634,0.1672856259252051,-1,-1,1
2022-02-16,0,7.650000095367432,7.760000228881836,7.400000095367432,7.659999847412109,6.724785327911377,4151900,6.791254846288462,0.0052356589061442,-0.0484170641610524,0.1015962251893972,0.0326373781765206,0.0850152694153276,0.1672590985679154,1,-1,1
2022-02-17,0,7.610000133514404,7.670000076293945,7.28000020980835,7.320000171661377,6.426296234130859,4422900,7.487647776551446,-0.0454016445425852,-0.1024874504908278,0.0692856900243509,0.0326448594634448,0.0850250853170325,0.1672246884314036,-1,-1,1
2022-02-18,0,7.389999866485596,7.480000019073486,7.230000019073486,7.300000190734863,6.408738136291504,1812700,7.226548145916615,-0.0027359659951399,-0.1089158435600298,0.0621668986073624,0.0326369985404398,0.0850387720463312,0.1671889724633764,0,-1,1
2022-02-21,0,7.269999980926514,7.400000095367432,6.96999979019165,7.050000190734863,6.189260959625244,2264000,7.365534725908513,-0.0348467060010725,-0.1036569232505976,-0.0524981280523937,0.0326381525336737,0.0850491963972075,0.1671523916605712,-1,-1,-1
2022-02-22,0,7.159999847412109,7.369999885559082,7.079999923706055,7.25,6.364842414855957,1782000,7.578962989570627,0.0279737866889709,-0.0871263060937002,-0.0445117272296167,0.0326360168835762,0.0850505165715903,0.1671146490838352,1,-1,-1
2022-02-23,0,7.25,7.460000038146973,7.190000057220459,7.230000019073486,6.347284317016602,1524600,7.719215896581839,-0.0027624188108126,-0.052537289754495,-0.0178208814635354,0.0326281704607685,0.0850379130962934,0.167074328363917,0,-1,-1
2022-02-24,0,7.010000228881836,7.5,6.920000076293945,7.409999847412109,6.505307674407959,2940600,8.200785880263144,0.0245913541694681,-0.0331815944911711,-0.0435712463048884,0.0326247217935945,0.0850205172120357,0.1670365117212195,1,-1,-1
2022-02-25,0,7.349999904632568,7.519999980926514,7.170000076293945,7.170000076293945,6.294609546661377,3805900,8.727595510584072,-0.0329247693617995,-0.0207047193103853,-0.1244245166345273,0.0326249148759786,0.0850011755276494,0.1670190959182484,-1,-1,-1
2022-03-02,0,7.239999771118164,7.519999980926514,7.090000152587891,7.320000171661377,6.426296234130859,1952800,8.973757053443348,0.0207047193103853,0.0027359659951399,-0.1316512389703746,0.0326201725280887,0.0849805756399834,0.1670044224718222,1,0,-1
2022-03-03,0,7.309999942779541,7.53000020980835,7.190000057220459,7.199999809265137,6.32094669342041,1695900,7.481918937386129,-0.0165293687320499,0.0210533032641623,-0.1445812114024265,0.0326143334135742,0.0849611783448054,0.1669950333431022,-1,1,-1
2022-03-04,0,7.190000057220459,7.550000190734863,7.119999885559082,7.199999809265137,6.32094669342041,3721500,7.287645326056662,0.0,-0.0069204834248085,-0.2040740536940431,0.032606450855645,0.084940752619368,0.1670162637770068,0,0,-1
2022-03-07,0,7.170000076293945,7.199999809265137,6.809999942779541,6.820000171661377,5.987341403961182,2711900,6.749266247242621,-0.0542215156735445,-0.0583795802875404,-0.2423134502840181,0.0326204130800591,0.0849300733596437,0.1670625353496091,-1,-1,-1
2022-03-08,0,6.920000076293945,7.079999923706055,6.739999771118164,6.900000095367432,6.057574272155762,2204000,6.825865905395903,0.0116619602928823,-0.0713089741641263,-0.1943265205505531,0.032613531881052,0.084924206858416,0.167077857286292,1,-1,-1
2022-03-09,0,6.909999847412109,7.329999923706055,6.889999866485596,7.21999979019165,6.338504791259766,1882000,6.733818548757481,0.0453334684714685,0.0069492636691415,-0.1394006356762738,0.0326208131415706,0.0849037811237944,0.167066119833138,1,0,-1
2022-03-10,0,7.170000076293945,7.21999979019165,6.940000057220459,7.139999866485596,6.268272399902344,1930600,6.767368512749975,-0.0111421209219728,-0.0248975765632166,-0.1224406657736379,0.0326138770163167,0.0848850828998577,0.1670478147910871,-1,-1,-1
2022-03-11,0,7.170000076293945,7.269999980926514,6.71999979019165,6.769999980926514,5.943446159362793,1412500,6.710730751237996,-0.0532116557176154,-0.0615798635487821,-0.1681897054063582,0.0326269996752043,0.0848755208837277,0.1670490760999326,-1,-1,-1
2022-03-14,0,6.809999942779541,6.869999885559082,6.46999979019165,6.53000020980835,5.732748031616211,2530200,6.50641590496614,-0.0360941242236035,-0.0976739877723857,-0.2080220652080736,0.0326287869186072,0.0848823954291075,0.1670722810645234,-1,-1,-1
2022-03-15,0,6.510000228881836,6.690000057220459,6.429999828338623,6.639999866485596,5.829317569732666,1665400,5.87690429035852,0.0167049361453619,-0.0267475359534791,-0.1999858708499015,0.0326229760723264,0.0848639927057714,0.1670905960138588,1,-1,-1
2022-03-16,0,6.730000019073486,6.940000057220459,6.300000190734863,6.409999847412109,5.627398490905762,2110000,5.847061854816127,-0.0352526829848014,-0.0736621792311629,-0.238930980908765,0.0326243153438057,0.0848590903736766,0.1671338304632,-1,-1,-1
2022-03-17,0,6.400000095367432,6.409999847412109,5.909999847412109,6.199999809265137,5.443037509918213,5671000,6.737208088927356,-0.0333099847583095,-0.1523056324609408,-0.2321353393565699,0.032624661582461,0.0849048001783744,0.1671722568561586,-1,-1,-1
2022-03-18,0,6.190000057220459,6.409999847412109,6.150000095367432,6.25,5.48693323135376,5645900,7.066588593155055,0.0080322186535291,-0.1331312928854388,-0.2355462902351143,0.0326172877475842,0.0849348235338185,0.1672128865629062,1,-1,-1
2022-03-21,0,6.260000228881836,6.409999847412109,6.179999828338623,6.269999980926514,5.504491329193115,2587700,6.978531735209941,0.0031948748185619,-0.0767247623492613,-0.1949999802665345,0.0326095202913558,0.0849311349466854,0.1672279534176025,0,-1,-1
2022-03-22,0,6.320000171661377,6.570000171661377,6.320000171661377,6.46999979019165,5.680072784423828,2577400,7.035477611022307,0.0313996825045288,-0.0092309556211288,-0.1688359566681498,0.0326089353835398,0.0849109269271459,0.1672290842933159,1,-1,-1
2022-03-23,0,6.590000152587891,6.650000095367432,6.309999942779541,6.599999904632568,5.794201374053955,1697300,6.942937760013964,0.0198936075516752,-0.0060422842148155,-0.1035407045738893,0.0326040058001569,0.0848905925087746,0.1672042577576376,1,0,-1
2022-03-24,0,6.630000114440918,7.0,6.449999809265137,6.980000019073486,6.127807140350342,3508000,7.358009174442991,0.0559793057063367,0.0851897044763226,-0.0448254328724126,0.0326191963482412,0.0848906542508741,0.1671667022162731,1,1,-1
2022-03-25,0,7.050000190734863,7.46999979019165,6.980000019073486,7.199999809265137,6.32094669342041,4356400,8.203695408594504,0.0310320301355025,0.1495317193701347,0.0210533032641623,0.0326184157607354,0.0849333813220936,0.1671267887220052,1,1,1
2022-03-28,1,7.269999980926514,7.349999904632568,6.829999923706055,7.170000076293945,6.294609546661377,4727500,8.87757604691657,-0.0041753505783354,0.1373241501382702,-0.0110958340031439,0.0326107263647377,0.0849661014874833,0.16708649596884,-1,1,0
2022-03-29,0,7.28000020980835,7.599999904632568,7.230000019073486,7.320000171661377,6.426296234130859,2984800,9.296104295314644,0.0207047193103853,0.1548339946300934,0.0123713041180541,0.0326060322321608,0.0850131465020303,0.1670462351707646,1,1,0
2022-03-30,0,7.369999885559082,7.510000228881836,7.210000038146973,7.420000076293945,6.514087200164795,3126300,9.67125206924166,0.013568734406134,0.1370030465316987,0.0013486843547199,0.0325995526553986,0.0850454101161194,0.1670058036326052,1,1,0
2022-03-31,0,7.389999866485596,7.539999961853027,7.260000228881836,7.260000228881836,6.373621940612793,1830200,8.822870431928127,-0.0217991918429541,0.0953102471370693,0.0124742618735654,0.0325952683319716,0.085050371486369,0.1669656047316554,-1,1,0
2022-04-01,0,7.349999904632568,7.78000020980835,7.349999904632568,7.590000152587891,6.663331508636475,6154200,9.265951536158386,0.0444516845038835,0.0837826259346158,0.0362212270670632,0.0326019076552042,0.0850495159432819,0.1669270671432793,1,1,1
2022-04-04,0,7.599999904632568,7.739999771118164,7.420000076293945,7.690000057220459,6.75112247467041,1597800,9.113216977480723,0.0130891976004185,0.0658397933995318,0.0658397933995318,0.0325953421684325,0.0850411320325263,0.1668928776828181,1,1,1
2022-04-05,0,7.690000057220459,7.78000020980835,7.449999809265137,7.5,6.584319591522217,2060800,9.06590571897521,-0.0250177807742487,0.0449973632036185,0.0408220126252831,0.0325921816326036,0.0850263036409079,0.1668548948246895,-1,1,1
2022-04-06,0,7.400000095367432,7.46999979019165,7.119999885559082,7.21999979019165,6.338504791259766,2024900,9.19846338554205,-0.0380480995344769,-0.0137554556412438,0.0569954287643507,0.0325950635489866,0.085006511819377,0.1668191946471294,-1,-1,1
2022-04-07,0,7.210000038146973,7.380000114440918,7.119999885559082,7.309999942779541,6.417517185211182,2276800,8.894280511519112,0.0123884083321227,-0.014935781715255,0.0577218768035913,0.0325883840549845,0.0849868331598186,0.1667836359131962,1,-1,1
2022-04-08,0,7.289999961853027,7.300000190734863,6.960000038146973,7.070000171661377,6.2068190574646,2735100,8.427717141965429,-0.0333827759869908,-0.0265193658592917,-0.0209943676548679,0.03258881142569,0.0849685588312527,0.1667440858546593,-1,-1,-1
2022-04-11,0,6.980000019073486,7.130000114440918,6.78000020980835,6.78000020980835,5.952225208282471,1858600,7.601757387045774,-0.0418834014115134,-0.1128544517746885,-0.0517356481444086,0.0325939235801472,0.0849844412454861,0.1667078596538606,-1,-1,-1
2022-04-12,0,6.860000133514404,6.960000038146973,6.679999828338623,6.710000038146973,5.890771389007568,1678600,7.191186263506242,-0.0103781792641613,-0.1363218286392684,-0.0089021716909544,0.0325869446978537,0.085016780811475,0.1666678173441385,-1,-1,0
2022-04-13,0,6.789999961853027,6.789999961853027,6.46999979019165,6.480000019073486,5.688852310180664,3263300,7.11163598579312,-0.034878430126346,-0.1461824779913658,-0.0076864775936968,0.0325880999763016,0.085056876626277,0.1666277723135139,-1,-1,0
2022-04-14,0,6.420000076293945,6.519999980926514,6.289999961853027,6.329999923706055,5.557165622711182,3283700,7.402481428984055,-0.0234203266449877,-0.1315547051018764,-0.0478117403840466,0.0325843560790687,0.085085425199696,0.1665910521177134,-1,-1,-1
2022-04-18,0,6.320000171661377,6.329999923706055,6.159999847412109,6.190000057220459,5.434258460998535,2148800,6.106641294502669,-0.0223651246465886,-0.1663082380805878,-0.0349241820458336,0.0325802579944292,0.0851429759875437,0.1665527915709793,-1,-1,-1
2022-04-19,0,6.179999828338623,6.329999923706055,6.019999980926514,6.320000171661377,5.548387050628662,1220200,5.929175479037576,0.0207841904654398,-0.1121412716281572,0.0191699931779155,0.032575650687107,0.0851580435959522,0.1665132261404995,1,-1,1
2022-04-20,0,6.309999942779541,6.429999828338623,6.150000095367432,6.179999828338623,5.425479412078857,1661500,5.7279522738322814,-0.0224009975992214,-0.0926588678158653,-0.0112632230748348,0.0325715710428808,0.0851618688671671,0.1664733991140742,-1,-1,0
2022-04-22,0,6.119999885559082,6.119999885559082,5.739999771118164,5.739999771118164,5.039199352264404,4008100,6.0532461954702,-0.0738590556259546,-0.1561397441776586,-0.0883171535193515,0.0326036449152412,0.0852099056981497,0.1664448163690744,-1,-1,-1
2022-04-25,0,5.699999809265137,6.059999942779541,5.619999885559082,6.0,5.2674560546875,2449600,5.97777453254623,0.0443003131485772,-0.0769610009027352,-0.0754165228753032,0.0326102091841354,0.0852061884761236,0.1664131758937974,1,-1,-1
2022-04-26,0,5.980000019073486,6.119999885559082,5.739999771118164,5.929999828338623,5.206002235412598,2875900,5.889221521839442,-0.0117352879709131,-0.0652759622286607,-0.1070454183978916,0.0326034624119311,0.0851978116963551,0.1663899254787473,-1,-1,-1
2022-04-27,0,6.019999980926514,6.090000152587891,5.739999771118164,5.75,5.047978401184082,3368800,6.151780688480793,-0.03082438942189,-0.0737352270039622,-0.1938491135261186,0.032602635509801,0.0851927160381223,0.1664044522187791,-1,-1,-1
2022-04-28,0,5.769999980926514,5.820000171661377,5.599999904632568,5.71999979019165,5.021641254425049,2228700,6.209369710232845,-0.0052310231600332,-0.0997504406294353,-0.2301121668216543,0.0325950920249984,0.0852002078344464,0.1664410978661444,-1,-1,-1
2022-04-29,0,5.789999961853027,5.889999866485596,5.550000190734863,5.550000190734863,4.872396945953369,9468600,7.427451758033418,-0.0301708213438739,-0.1075202643740877,-0.2561076375871928,0.0325939720946087,0.0852121557344978,0.1664958391118102,-1,-1,-1
2022-05-02,0,5.579999923706055,5.610000133514404,5.309999942779541,5.380000114440918,4.723152160644531,3327100,7.3155122089390145,-0.0311095946952298,-0.0647708034433629,-0.307921951592808,0.0325932649001133,0.0852035498323337,0.1665924615908614,-1,-1,-1
2022-05-03,0,5.409999847412109,5.449999809265137,5.199999809265137,5.25,4.6090240478515625,2829800,7.375840385801553,-0.0244602760325823,-0.1335313926245226,-0.3459509620315246,0.0325898698873712,0.0852328878348489,0.1667245114354514,-1,-1,-1
2022-05-04,0,5.210000038146973,5.400000095367432,5.039999961853027,5.389999866485596,4.731931209564209,2591100,7.618427199013534,0.0263172774145447,-0.0954788272390647,-0.2978344927740256,0.0325872040698658,0.0852379183829311,0.1668117634815487,1,-1,-1
2022-05-05,0,5.320000171661377,5.320000171661377,5.050000190734863,5.159999847412109,4.5300116539001465,2954300,7.811434864878064,-0.0436088966282804,-0.1082633344454551,-0.3858950739061895,0.0325932702267092,0.0852501518830782,0.1669849399841345,-1,-1,-1
2022-05-06,0,5.139999866485596,5.28000020980835,5.010000228881836,5.010000228881836,4.3983259201049805,2894000,7.481454097186901,-0.0295005162738237,-0.1325328275592455,-0.4284847877804318,0.0325918427082931,0.085278554318885,0.1672070987294917,-1,-1,-1
2022-05-09,0,4.960000038146973,5.090000152587891,4.849999904632568,4.900000095367432,4.301755905151367,2508300,7.388096988782,-0.0222007064401653,-0.1245627126555371,-0.4256677134463484,0.0325876802512203,0.0853011962625302,0.167425072896797,-1,-1,-1
2022-05-10,0,5.0,5.099999904632568,4.820000171661377,4.880000114440918,4.2841973304748535,3009500,7.296260411712579,-0.0040900756555147,-0.0975431936158221,-0.3917096895673864,0.0325800876478507,0.0853071674534854,0.1676028538415542,-1,-1,-1
2022-05-11,0,4.880000114440918,5.03000020980835,4.820000171661377,4.860000133514404,4.266639232635498,1452600,6.81875749852844,-0.0041067613412833,-0.0771896789245231,-0.4082048592407926,0.0325725013164927,0.0853032882825485,0.1677987886548051,-1,-1,-1
2022-05-12,0,4.809999942779541,5.070000171661377,4.789999961853027,5.0,4.3895463943481445,2303900,6.7711015343999295,0.0283994423349822,-0.0751075140040854,-0.3464226409188194,0.0325706928552424,0.0852985230548118,0.1679280842156249,1,-1,-1
2022-05-13,0,5.019999980926514,5.46999979019165,5.010000228881836,5.380000114440918,4.723152160644531,2719900,5.300396320000037,0.0732505126221232,0.0417518952463181,-0.2312887268851829,0.0326019643675608,0.0852832936136624,0.167963058603763,1,1,-1
2022-05-16,1,5.420000076293945,5.659999847412109,5.360000133514404,5.550000190734863,4.872396945953369,2715400,5.190655755401465,0.0311095946952299,0.1023620062153716,-0.1898009529257916,0.0326012947744342,0.08529247670586,0.1679733139228156,1,1,-1
2022-05-17,0,5.619999885559082,5.829999923706055,5.550000190734863,5.710000038146973,5.012862205505371,2537800,5.176474818682297,0.028421048433906,0.1529837610894431,-0.1265014743655396,0.0325994599204103,0.0853375751597416,0.1679554041975784,1,1,-1
2022-05-18,0,5.710000038146973,5.760000228881836,5.449999809265137,5.539999961853027,4.863617420196533,1276300,4.909027118569575,-0.0302245642888335,0.1268492724561243,-0.1333057120093855,0.0325983681164373,0.0853622436756642,0.1679399628105843,-1,1,-1
2022-05-19,0,5.570000171661377,5.639999866485596,5.449999809265137,5.510000228881836,4.8372802734375,832000,4.495564970979944,-0.0054298503704585,0.1255261834269492,-0.1163704377332555,0.0325908929314547,0.0853859132095205,0.16791860157563,-1,1,-1
2022-05-20,0,5.5,5.639999866485596,5.309999942779541,5.449999809265137,4.784605503082275,1090100,4.163631539201825,-0.010949058803413,0.0861776822885536,-0.1481036870021084,0.0325840732574094,0.085386420322694,0.1679089702286894,-1,1,-1
2022-05-23,0,5.449999809265137,5.730000019073486,5.449999809265137,5.550000190734863,4.872396945953369,2306000,4.183320880213794,0.0181824250287993,0.0311095946952299,-0.1075202643740877,0.0325787985321853,0.0853689796708754,0.1678848400446843,1,1,-1
2022-05-24,0,5.510000228881836,5.539999961853027,5.199999809265137,5.360000133514404,4.705594062805176,3740700,4.391365262540285,-0.0348339749508767,-0.0348339749508767,-0.0684951836990098,0.0325798755515488,0.0853521405760732,0.1678511991949285,-1,-1,-1
2022-05-25,0,5.309999942779541,5.559999942779541,5.230000019073486,5.46999979019165,4.802163600921631,1883300,4.517112632599476,0.0203145394613069,-0.0429404839234756,-0.09248095738628,0.0325752033054484,0.0853370411302077,0.1678229115997043,1,-1,-1
2022-05-26,0,5.46999979019165,5.679999828338623,5.409999847412109,5.550000190734863,4.872396945953369,2843400,4.682397600508999,0.0145194354895697,0.0018035158549274,-0.0662262339257972,0.0325690715435752,0.0853169335341589,0.1677888858225174,1,0,-1
2022-05-27,0,5.570000171661377,5.619999885559082,5.449999809265137,5.510000228881836,4.8372802734375,4322900,5.038697694791141,-0.0072333662253861,0.0,-0.0426352107292933,0.0325617885008376,0.0852968284213507,0.1677513806926518,-1,0,-1
2022-05-30,0,5.510000228881836,5.75,5.440000057220459,5.590000152587891,4.90751314163208,1470600,4.77301520637139,0.0144146892191639,0.025363748022577,-0.022989498350096,0.0325556436374195,0.0852785519119326,0.1677121896085154,1,1,-1
2022-05-31,0,5.639999866485596,5.739999771118164,5.460000038146973,5.579999923706055,4.898733615875244,3256800,4.915832272210283,-0.001790599057869,0.0053907239359088,0.0053907239359088,0.0325480193093453,0.0852585627803201,0.1676724828672201,0,0,0
2022-06-01,0,5.53000020980835,5.610000133514404,5.46999979019165,5.539999961853027,4.863617420196533,1389600,4.940178049321714,-0.0071942397908364,0.0330304590959492,0.0293060788403023,0.0325407479252899,0.0852415574313119,0.1676341144702394,-1,1,1
2022-06-02,0,5.679999828338623,5.829999923706055,5.550000190734863,5.739999771118164,5.039199352264404,1999800,5.207594894988362,0.0354647246030606,0.0481806442377028,0.0892310794759453,0.0325421954142106,0.0852279758944582,0.1676061519258831,1,1,1
2022-06-03,0,5.710000038146973,5.800000190734863,5.300000190734863,5.320000171661377,4.670477867126465,3031800,5.602759978715237,-0.0759858173326403,-0.0423246085845073,-0.0130720152712397,0.032576116371791,0.0852128266508259,0.1675666230575905,-1,-1,0
2022-06-06,0,5.400000095367432,5.400000095367432,5.139999866485596,5.170000076293945,4.538791179656982,2438900,5.595421996867273,-0.0286006768412391,-0.0636919192003602,0.0019362045158015,0.0325743412383887,0.0852039000350157,0.1675269698496458,-1,-1,0
2022-06-07,0,5.170000076293945,5.269999980926514,5.039999961853027,5.179999828338623,4.54757022857666,2083800,5.236408687098635,0.0019323580159326,-0.0761742504035917,0.0333690788055579,0.0325667368801956,0.0851997620730588,0.1674890871551097,0,-1,1
2022-06-08,0,5.150000095367432,5.380000114440918,5.090000152587891,5.150000095367432,4.521233081817627,1476400,5.131754520958959,-0.0058083122769643,-0.0801919636226869,0.049761472968759,0.032559346130236,0.0851973362660149,0.1674532445220527,-1,-1,1
2022-06-09,0,5.150000095367432,5.260000228881836,5.059999942779541,5.090000152587891,4.468558311462402,1896200,4.89402194334272,-0.0117189311482275,-0.0847166549800781,0.0421326174760462,0.0325526991255929,0.0851969415788117,0.167416393458746,-1,-1,1
2022-06-10,0,5.039999961853027,5.090000152587891,4.869999885559082,4.989999771118164,4.380767345428467,3876700,4.720472474724001,-0.019841929139017,-0.1400233087221558,0.0263974496783124,0.0325478894618936,0.0852306042195002,0.1673779600249602,-1,-1,1
2022-06-13,0,4.900000095367432,4.96999979019165,4.789999961853027,4.829999923706055,4.240302085876465,2992200,4.962179116399429,-0.0325893886891271,-0.0966268800786425,-0.0345913813457968,0.0325478660417708,0.0852360536238538,0.1673399312953828,-1,-1,-1
2022-06-14,0,4.880000114440918,4.920000076293945,4.78000020980835,4.809999942779541,4.222743511199951,1642800,4.563796946430911,-0.0041494754267694,-0.0721756786641728,-0.1119913693946893,0.0325403747437663,0.0852301998443359,0.1673175113344825,-1,-1,-1
2022-06-15,0,4.849999904632568,5.019999980926514,4.809999942779541,4.949999809265137,4.345650672912598,1817800,4.614209138965306,0.0286904616662446,-0.0454175750138607,-0.1144105024236746,0.0325387210469209,0.0852157726153586,0.1672958521372624,1,-1,-1
2022-06-17,0,4.860000133514404,5.170000076293945,4.760000228881836,5.170000076293945,4.538791179656982,2794500,4.72935603789378,0.0434852169979282,0.0038759542610317,-0.0993463338596523,0.0325447417012095,0.0851958765529502,0.1672697414301173,1,0,-1
2022-06-20,0,5.139999866485596,5.329999923706055,5.070000171661377,5.210000038146973,4.573907375335693,1941700,4.496134078535796,0.0077071285286772,0.0233020139379366,-0.0614146410421414,0.0325375774172265,0.0851775023982235,0.1672352679167396,1,1,-1
2022-06-21,0,5.260000228881836,5.28000020980835,5.019999980926514,5.150000095367432,4.521233081817627,1995100,4.405592190072197,-0.011583082789709,0.0315608602872446,-0.0675678734613918,0.0325309362301129,0.0851604080472053,0.1672018967719375,-1,1,-1
2022-06-22,0,5.090000152587891,5.21999979019165,5.019999980926514,5.050000190734863,4.433442115783691,2113100,4.400824176308627,-0.0196084786979131,0.0445417702784585,-0.076227293355892,0.0325260850700996,0.0851460715833004,0.1671702463764211,-1,1,-1
2022-06-23,0,5.050000190734863,5.190000057220459,4.789999961853027,4.789999961853027,4.205185413360596,3478600,4.752195104078919,-0.0528578976546389,-0.004166651949411,-0.1472676160393303,0.0325384554726946,0.0851262121958233,0.167160530817883,-1,0,-1
2022-06-24,0,4.829999923706055,4.829999923706055,4.429999828338623,4.460000038146973,3.915475606918335,4607500,5.174885635920528,-0.071381580685849,-0.1042386943015047,-0.1838152217743025,0.032567224763373,0.0851358405173127,0.1671675913551514,-1,-1,-1
2022-06-27,0,4.489999771118164,4.570000171661377,4.309999942779541,4.550000190734863,3.9944875240325928,4990900,5.305359142808446,0.0199784863358204,-0.1277454249636124,-0.1841512748997892,0.0325625318879521,0.0851603020134652,0.167174773048242,1,-1,-1
2022-06-28,0,4.570000171661377,4.570000171661377,4.349999904632568,4.400000095367432,3.8628010749816895,6897400,5.921923252935737,-0.0335227042473278,-0.1689752577396175,-0.2321934146366867,0.0325629212147023,0.0852180403336296,0.1672096894173304,-1,-1,-1
2022-06-29,0,4.400000095367432,4.400000095367432,4.119999885559082,4.150000095367432,3.6433236598968506,9316200,7.115019374324038,-0.0584962289906504,-0.2158884039405589,-0.2834562774019509,0.0325796599044053,0.0853247764765261,0.167281250550858,-1,-1,-1
2022-06-30,0,4.039999961853027,4.090000152587891,3.890000104904175,3.900000095367432,3.423846483230591,9419400,8.19087035938345,-0.0621317366414633,-0.2584116618841091,-0.3600027032625784,0.0325994702647131,0.0854859669352273,0.1674211176441704,-1,-1,-1
2022-07-01,0,3.920000076293945,3.940000057220459,3.759999990463257,3.900000095367432,3.423846483230591,3287700,8.127821073551086,0.0,-0.2055537642294701,-0.3582121042047093,0.0325918919158739,0.0855800872124914,0.1675587822365203,0,-1,-1
2022-07-04,0,3.890000104904175,3.890000104904175,3.7100000381469727,3.7799999713897705,3.3184971809387207,1431400,7.945307262704146,-0.0312525976644408,-0.1654247812080619,-0.3822704620783137,0.0325911912108747,0.0856336723552781,0.1677207510767403,-1,-1,-1
2022-07-05,0,3.7100000381469727,3.809999942779541,3.569999933242798,3.809999942779541,3.344834327697754,2902900,7.975765887963794,0.0079051399073154,-0.1774981276365672,-0.4098300467740591,0.0325840909775498,0.085698276221932,0.1679124592756343,1,-1,-1
2022-07-06,0,3.809999942779541,4.070000171661377,3.7699999809265137,3.9800000190734863,3.494079113006592,4940100,8.324476430436338,0.0436526899753203,-0.1003227334139189,-0.2901915394660984,0.0325902255225002,0.0857050198095702,0.1679878981581789,1,-1,-1
2022-07-07,0,4.090000152587891,4.389999866485596,3.940000057220459,4.389999866485596,3.8540217876434326,5067400,8.541038363651188,0.0980473692433834,0.0562208648201148,-0.1635434933814759,0.0326512776191352,0.0856940329897341,0.1679842576289443,1,1,-1
2022-07-08,0,4.320000171661377,4.389999866485596,4.190000057220459,4.320000171661377,3.792568445205689,2037000,8.085308561842451,-0.0160737436368203,0.1022788578247578,-0.1815495950342287,0.032645506720534,0.08570313504967,0.1679890675760504,-1,1,-1
2022-07-11,0,4.28000020980835,4.440000057220459,4.190000057220459,4.309999942779541,3.783789157867432,1954600,7.531267404973098,-0.0023175493364209,0.0999613084883369,-0.1780588320936854,0.0326379718522043,0.0857109165639403,0.1679921185809955,0,1,-1
2022-07-12,0,4.309999942779541,4.46999979019165,4.199999809265137,4.46999979019165,3.9242544174194336,2860100,6.850019317759276,0.036450445587216,0.1676643517399939,-0.1298894553582417,0.0326399156115664,0.0857681152207276,0.1679749743791082,1,1,-1
2022-07-13,0,4.449999809265137,4.550000190734863,4.340000152587891,4.340000152587891,3.810126543045044,1748200,5.644717795515059,-0.0295139738601166,0.130245237972562,-0.1395615000793413,0.0326384781471977,0.0857948057940758,0.167961349180565,-1,1,-1
2022-07-14,0,4.269999980926514,4.489999771118164,4.25,4.449999809265137,3.906696319580078,4182300,4.941729205997682,0.0250296838034416,0.1116222318006831,-0.0819424275867727,0.0326354165497194,0.0858091521175026,0.1679305706581779,1,1,-1
2022-07-15,0,4.420000076293945,4.590000152587891,4.369999885559082,4.539999961853027,3.985708236694336,15082500,7.10031247375918,0.0200229363074508,0.0335977988647507,-0.0577700158525524,0.0326307450369085,0.0857924644843337,0.1678953703969937,1,1,-1
2022-07-18,0,4.579999923706055,4.78000020980835,4.53000020980835,4.570000171661377,4.012045860290527,2093200,7.261480667243187,0.0065862787190503,0.0562578212206213,-0.0798741987997465,0.0326235170591535,0.0857813935454275,0.1678641830275593,1,1,-1
2022-07-19,0,4.579999923706055,4.630000114440918,4.329999923706055,4.389999866485596,3.8540217876434326,2836900,7.315547228542376,-0.0401840775838011,0.0183912929732412,-0.1635434933814759,0.0326273416905021,0.085762516098284,0.1678604070634378,-1,1,-1
2022-07-20,0,4.349999904632568,4.659999847412109,4.289999961853027,4.630000114440918,4.064720153808594,2277300,6.96190082822248,0.0532276745476335,0.0351685219336588,-0.1180229473625197,0.0326399620822106,0.0857461533946819,0.1678393005874998,1,1,-1
2022-07-21,0,4.579999923706055,4.710000038146973,4.539999961853027,4.639999866485596,4.073499202728272,1249500,6.323927526052812,0.0021574872685102,0.0668399830622854,-0.1042823773043005,0.03263245972737,0.08573865990638,0.1678141064835908,0,1,-1
2022-07-22,0,4.639999866485596,4.710000038146973,4.510000228881836,4.570000171661377,4.012045860290527,1676500,6.279779032558395,-0.0152010842323426,0.0266092150265012,-0.0998749828387298,0.032626535200343,0.0857208461811387,0.1677877199246941,-1,1,-1
2022-07-25,0,4.619999885559082,4.690000057220459,4.489999771118164,4.659999847412109,4.091057300567627,1805300,6.279328010170781,0.0195021445286867,0.0260884232477372,-0.027514940655404,0.0326217294167755,0.085702967139176,0.1677493798746748,1,1,-1
2022-07-26,0,4.690000057220459,4.690000057220459,4.409999847412109,4.539999961853027,3.985708236694336,2583200,6.238333522988489,-0.0260884232477372,-0.0065862787190504,0.0177782167827078,0.0326189732395836,0.0856832449060662,0.1677109776258257,-1,0,1
2022-07-27,0,4.539999961853027,4.71999979019165,4.449999809265137,4.699999809265137,4.126173496246338,2454100,6.391428174897639,0.034635441171669,0.0682332400364196,0.0324351716185562,0.0326199896831157,0.0856762823782694,0.1676737919759102,1,1,1
2022-07-28,0,4.739999771118164,4.739999771118164,4.46999979019165,4.550000190734863,3.9944875240325928,2219800,6.061308109298979,-0.0324351716185561,-0.0174296061297701,0.0335227042473277,0.0326198508702646,0.0856572439142978,0.1676367429644124,-1,-1,1
2022-07-29,0,4.579999923706055,4.619999885559082,4.400000095367432,4.480000019073486,3.9330337047576895,2068900,3.764901420157942,-0.0155042285033182,-0.0350913219015984,0.0765147047346599,0.0326140068167389,0.0856406459857581,0.1676067708118623,-1,-1,1
2022-08-01,0,4.449999809265137,4.659999847412109,4.429999828338623,4.539999961853027,3.985708236694336,2278500,3.7950955952243577,0.0133039589502053,-0.0065862787190504,0.1519504003263288,0.0326077720860621,0.0856209747856777,0.1676015601580809,1,0,1
2022-08-02,0,4.599999904632568,4.599999904632568,4.400000095367432,4.46999979019165,3.9242544174194336,1695400,3.605988478496382,-0.0155386462507758,-0.0416270694985131,0.136411754075553,0.0326019440912055,0.0856057216432839,0.16758994116411,-1,-1,1
2022-08-03,0,4.489999771118164,4.710000038146973,4.449999809265137,4.710000038146973,4.134953022003174,2056900,3.5727908647984776,0.0522995915029748,0.0367609452521991,0.2199639432429687,0.03261382913715,0.0855897809476031,0.16762045971521,1,1,1
2022-08-04,0,4.739999771118164,5.179999828338623,4.739999771118164,5.090000152587891,4.468558311462402,2295700,3.801145559043553,0.0775898638552669,0.0797153679357969,0.2896486671909203,0.0326488472885125,0.085587490593214,0.1677007601273341,1,1,1
2022-08-05,0,5.059999942779541,5.139999866485596,4.900000095367432,5.130000114440918,4.503674983978272,2205000,3.942719132902648,0.0078278953916212,0.1199784349459742,0.253823872607221,0.0326417836720202,0.0856069684753817,0.1677535564321934,1,1,1
2022-08-08,0,5.159999847412109,5.289999961853027,5.139999866485596,5.179999828338623,4.54757022857666,1987700,4.015777495990992,0.0096993480335707,0.1451820114828633,0.1654758513974086,0.0326349571925673,0.0856444363997005,0.1677541469483172,1,1,1
2022-08-09,0,5.21999979019165,5.21999979019165,4.940000057220459,5.150000095367432,4.521233081817627,4089300,4.3777424442247534,-0.0058083122769643,0.1260697402556935,0.1757412827572645,0.0326276963332471,0.0856678214753803,0.1677596375435761,-1,1,1
2022-08-10,0,5.199999809265137,5.489999771118164,5.159999847412109,5.440000057220459,4.775826454162598,5276600,5.043728663677064,0.0547822760106685,0.1963906625171379,0.232841108104354,0.0326413553331104,0.0857521579751547,0.1677978238497139,1,1,1
2022-08-11,0,5.489999771118164,5.489999771118164,5.119999885559082,5.150000095367432,4.521233081817627,2313900,5.114184694660429,-0.0547822760106686,0.0893087950034944,0.1416083865064693,0.0326549109074234,0.0857540384968836,0.1677879371279432,-1,1,1
2022-08-12,0,5.199999809265137,5.449999809265137,5.150000095367432,5.409999847412109,4.7494893074035645,1663300,5.103703759601688,0.0492523356843597,0.0609712668325873,0.2203746960509458,0.0326644926182495,0.0857444275282496,0.1678180524431485,1,1,1
2022-08-15,1,5.309999942779541,5.690000057220459,5.28000020980835,5.550000190734863,4.872396945953369,2881100,5.322683031614462,0.0255489040024183,0.0786922754433844,0.2208939162499224,0.0326616007813497,0.0857414790913177,0.1678483909343938,1,1,1
2022-08-16,0,5.550000190734863,5.590000152587891,5.119999885559082,5.309999942779541,4.661698341369629,3770200,5.805242210120976,-0.0442061693589387,0.024786758050875,0.1566648105835329,0.0326677961458997,0.0857234853623161,0.1678446994152128,-1,1,1
2022-08-17,0,5.28000020980835,5.28000020980835,4.889999866485596,5.070000171661377,4.451000213623047,7684900,6.940704282407523,-0.0462509946510217,-0.0156559243231822,0.1038275372134607,0.0326752660250537,0.0857044401940525,0.1678215987106369,-1,-1,1
2022-08-18,0,5.079999923706055,5.150000095367432,4.820000171661377,4.900000095367432,4.301755905151367,5111600,7.458963023791324,-0.0341055486455766,-0.1045437489794276,0.1099060661516852,0.0326758954749425,0.0857138221349383,0.1678003385917326,-1,-1,1
2022-08-19,0,4.849999904632568,4.849999904632568,4.550000190734863,4.610000133514404,4.047162055969238,3723600,7.686026630452451,-0.0610073808091204,-0.1107688537778794,-0.0043289892050687,0.0326943801990037,0.0857267373981461,0.1677615841003126,-1,-1,0
2022-08-22,0,4.539999961853027,4.539999961853027,4.369999885559082,4.400000095367432,3.8628010749816895,5860000,8.286745566281914,-0.0466233211720291,-0.2066445106342683,-0.0531097976456081,0.0327020209975843,0.085820636576884,0.1677263263582319,-1,-1,-1
2022-08-23,0,4.420000076293945,4.610000133514404,4.360000133514404,4.550000190734863,3.9944875240325928,2517800,7.914240791548975,0.0335227042473277,-0.1986707103893589,-0.0043860091659376,0.0327024627078073,0.085905654034639,0.1676876248542525,1,-1,0
2022-08-24,0,4.559999942779541,4.949999809265137,4.510000228881836,4.900000095367432,4.301755905151367,3712300,7.506419606136001,0.0741079977338217,-0.0803565432965984,0.0502198440391973,0.0327334490229834,0.0859029169157091,0.167652825385171,1,-1,1
2022-08-25,0,4.900000095367432,5.110000133514404,4.900000095367432,5.070000171661377,4.451000213623047,2978000,7.629834351742678,0.0341055486455765,0.0,0.1104138159325112,0.0327341279850765,0.0858832584462261,0.16763181242755,1,0,1
2022-08-26,0,5.099999904632568,5.409999847412109,5.090000152587891,5.260000228881836,4.61780309677124,5690200,8.441719703378526,0.0367902337905776,0.0708957824361542,0.1125686085514197,0.0327361279222408,0.0858772484853853,0.1676114768308182,1,1,1
2022-08-29,0,5.190000057220459,5.369999885559082,5.150000095367432,5.230000019073486,4.591465473175049,1998800,8.226981131481882,-0.0057198235021791,0.1261833397430956,0.1392839566677968,0.0327288832088765,0.085900410170352,0.1676005849410195,-1,1,1
2022-08-30,0,5.230000019073486,5.320000171661377,4.989999771118164,5.050000190734863,4.433442115783691,2188600,7.879167019842887,-0.0350229646631292,0.1377836962519953,0.1197652205079858,0.0327299325778878,0.0859316809193157,0.1675825901277975,-1,1,1
2022-08-31,0,5.079999923706055,5.099999904632568,4.929999828338623,5.059999942779541,4.442221164703369,1911400,6.743072129986102,0.0019782300218548,0.1062392220265224,0.1084394915796351,0.032722502151715,0.0859423321541406,0.167560961488235,0,1,1
2022-09-01,0,5.070000171661377,5.269999980926514,5.0,5.269999980926514,4.626582145690918,2021600,6.184813310993047,0.0406638843460248,0.0727951086387255,0.1646420221764359,0.0327265963668316,0.0859369628780542,0.1675607911953424,1,1,1
2022-09-02,0,5.289999961853027,5.389999866485596,5.159999847412109,5.239999771118164,4.600244522094727,1462800,5.816310564138199,-0.0057089389618769,0.0329806210312718,0.1066334917115838,0.0327193663064898,0.0859203135944041,0.1675386055406999,-1,1,1
2022-09-05,0,5.25,5.340000152587891,5.179999828338623,5.230000019073486,4.591465473175049,824300,4.983444964904281,-0.0019102107428734,-0.0057198235021791,0.0271334171134436,0.0327119429035412,0.0859007873232729,0.1675013050115741,0,0,1
2022-09-06,0,5.210000038146973,5.25,4.949999809265137,5.079999923706055,4.459779262542725,1477300,4.830186418340645,-0.0290999762127648,-0.0290999762127648,-0.0097944544909423,0.0327103632278886,0.0858833822989665,0.1674629039446663,-1,-1,0
2022-09-08,0,5.090000152587891,5.21999979019165,5.03000020980835,5.190000057220459,4.556349277496338,1470200,4.4206003696084215,0.0214224337333121,0.0273454221836765,0.0019286312087991,0.0327061359300934,0.0858658550585738,0.167424481608684,1,1,0
2022-09-09,0,5.21999979019165,5.619999885559082,5.190000057220459,5.510000228881836,4.8372802734375,2882500,4.451013678705505,0.0598309299756286,0.0851981221374501,0.067567873461392,0.0327236151564626,0.0858657343915902,0.1673927764175479,1,1,1
2022-09-12,0,5.619999885559082,5.659999847412109,5.489999771118164,5.53000020980835,4.854838848114014,1236700,3.555368173309854,0.0036232724062785,0.048157510197704,0.0164088698570017,0.0327162734694305,0.0858524278127085,0.1673548645881993,1,1,0
2022-09-13,0,5.409999847412109,5.46999979019165,5.230000019073486,5.360000133514404,4.705594062805176,1461700,3.453785101244711,-0.031223881131769,0.0226425680278118,0.0399672647359012,0.0327155929913406,0.0858342894259628,0.1673189527235069,-1,1,1
2022-09-14,0,5.369999885559082,5.550000190734863,5.309999942779541,5.409999847412109,4.7494893074035645,1827900,3.4086569908555213,0.0092850709484585,0.0338378497191436,0.0,0.0327087712030557,0.0858178585730479,0.1672806154015924,1,1,0
2022-09-15,0,5.409999847412109,5.550000190734863,5.320000171661377,5.440000057220459,4.775826454162598,1572200,3.365257798624132,0.0055299403263088,0.0684677662582174,-0.0200189636761095,0.0327015655414021,0.0858108819587386,0.1672427222337846,1,1,-1
2022-09-16,0,5.400000095367432,5.400000095367432,5.039999961853027,5.039999961853027,4.424663066864014,3246800,3.5867320069675976,-0.0763729058826785,-0.0293275733577732,-0.0521857001998492,0.0327345161351373,0.0857936078335495,0.1672078226122958,-1,-1,-1
2022-09-19,0,5.03000020980835,5.78000020980835,4.900000095367432,5.690000057220459,4.995304107666016,7136900,4.864520189226945,0.121304160183594,0.0321456568501923,0.1153694546347666,0.0328289284875226,0.0857769055919918,0.1671885370220151,1,1,1
2022-09-20,0,5.690000057220459,6.0,5.590000152587891,5.690000057220459,4.995304107666016,4447400,5.67883429099623,0.0,0.0285223844439139,0.1494750032803433,0.0328214901926773,0.0857596252035911,0.1671818227224049,0,1,1
2022-09-21,0,5.699999809265137,5.75,5.53000020980835,5.590000152587891,4.90751314163208,2637200,5.959544635530292,-0.0177309676310283,0.0420152979446545,0.1927514164584353,0.0328162201238025,0.0857448938220437,0.1671956005251712,-1,1,1
2022-09-22,0,5.670000076293945,5.789999961853027,5.5,5.78000020980835,5.074316024780273,6057900,7.021695067545183,0.0334244173709355,0.0661546443671317,0.2727991550014002,0.0328165083051764,0.0857371096816335,0.1672606986292514,1,1,1
2022-09-23,0,5.690000057220459,5.739999771118164,5.53000020980835,5.739999771118164,5.039199352264404,3852600,7.263389160131967,-0.0069445316165804,0.0536801724242426,0.2323319191374918,0.0328094139105743,0.0857253532094815,0.1672974943237926,-1,1,1
2022-09-26,0,5.699999809265137,5.71999979019165,5.5,5.599999904632568,4.916292190551758,2536200,7.54900620176813,-0.0246925842026981,0.105360494104223,0.1335313372009721,0.0328061887536569,0.0857353794196128,0.1672843440081631,-1,1,1
2022-09-27,0,5.659999847412109,5.699999809265137,5.559999942779541,5.599999904632568,4.916292190551758,3408900,7.9855566287804605,0.0,-0.0159436660793711,0.0994257885553954,0.032798772417399,0.0857166112424734,0.1672601692696359,0,-1,1
2022-09-28,0,5.599999904632568,6.03000020980835,5.510000228881836,5.949999809265137,5.223560333251953,4550200,8.652098167938615,0.060624598994972,0.0446809329156007,0.1232601537597898,0.0328166878320201,0.0857025126119587,0.1672433572905728,1,1,1
2022-09-29,0,5.949999809265137,6.0,5.630000114440918,5.949999809265137,5.223560333251953,5563500,9.604316383604411,0.0,0.062411900546629,0.128979977261969,0.0328092758188823,0.0856934474969986,0.1672285338508896,0,1,1
2022-09-30,0,5.929999828338623,6.099999904632568,5.800000190734863,6.059999942779541,5.320130348205566,7262500,10.676650342815927,0.0183185790173175,0.0473060621930109,0.1823215209424157,0.0328041774235535,0.085679995897848,0.1672365746694635,1,1,1
2022-10-03,0,6.070000171661377,6.199999809265137,5.809999942779541,6.019999980926514,5.285014152526856,6155900,10.538939997383055,-0.0066225074102245,0.0476280863993667,0.1737207835103363,0.0327970771159511,0.0856666298322073,0.1672403578465149,-1,1,1
2022-10-04,0,6.130000114440918,6.380000114440918,5.949999809265137,6.28000020980835,5.513270378112793,8154100,11.543597331978171,0.0422826849546868,0.1146033555567516,0.1753395841189984,0.0328019664076284,0.0856819539915601,0.1672448752866045,1,1,1
2022-10-05,0,6.28000020980835,6.369999885559082,6.099999904632568,6.28000020980835,5.513270378112793,4408700,12.045680362792869,0.0,0.1146033555567516,0.1810485230808753,0.0327945710855363,0.0856972302539513,0.1672521403723623,0,1,1
2022-10-06,0,6.329999923706055,6.550000190734863,6.21999979019165,6.449999809265137,5.662514686584473,2377400,11.28233923444807,0.0267101023228337,0.0806888588846134,0.2096688361465825,0.0327920728438483,0.0856950176235527,0.1672746687930328,1,1,1
2022-10-07,0,6.420000076293945,6.5,6.289999961853027,6.340000152587891,5.565945148468018,2344000,11.00101997829688,-0.0172012761567793,0.0634875827278342,0.2215675362025681,0.0327867263084458,0.0856862664344617,0.1673041319764575,-1,1,1
2022-10-10,0,6.380000114440918,6.380000114440918,6.170000076293945,6.269999980926514,5.504491329193115,1535100,10.823467833249907,-0.0111024440007566,0.0340665597097601,0.1890426584684994,0.0327801946846803,0.0856699705412678,0.1673152623326922,-1,1,1
2022-10-11,0,6.25,6.349999904632568,6.150000095367432,6.269999980926514,5.504491329193115,1398900,10.423237006052355,0.0,0.0406890671199846,0.1292117284928708,0.0327728175764468,0.0856549829305286,0.1673003109332855,0,1,1
2022-10-13,0,6.179999828338623,6.429999828338623,6.119999885559082,6.190000057220459,5.434258460998535,3595000,10.2362597790835,-0.0128412907596152,-0.0144349085943174,0.1127471653269771,0.032766580742407,0.0856362290621919,0.1672798977259336,-1,-1,1
2022-10-14,0,6.21999979019165,6.28000020980835,5.909999847412109,5.909999847412109,5.188443660736084,2354700,9.49207490459104,-0.0462892940294909,-0.0607242026238082,0.0976817524292552,0.0327739185926906,0.0856266665028148,0.1672551428006677,-1,-1,1
2022-10-17,0,6.010000228881836,6.090000152587891,5.889999866485596,5.96999979019165,5.241118431091309,2101000,8.27154033872281,0.0101011370891617,-0.0773331678574801,0.0984978185699586,0.0327672529264707,0.085623139227197,0.1672306139492284,1,-1,1
2022-10-18,0,6.03000020980835,6.130000114440918,5.909999847412109,6.039999961853027,5.302572250366211,1665900,7.224433089940804,0.0116571164756033,-0.0484747752250974,0.1046249947192533,0.0327608232885583,0.0856100507375769,0.1672077941842609,1,-1,1
2022-10-19,0,6.039999961853027,6.090000152587891,5.639999866485596,5.699999809265137,5.004082679748535,2808100,5.859076412895423,-0.0579379178815265,-0.0953102491058674,0.1230599827204052,0.0327764628267302,0.0856146671280044,0.1671907104036269,-1,-1,1
2022-10-20,0,5.699999809265137,5.769999980926514,5.550000190734863,5.659999847412109,4.968966484069824,2375800,5.306767541914124,-0.0070422476073184,-0.1023524967131857,-0.0052864250705072,0.0327694438898332,0.0856229121579784,0.1671528556302906,-1,-1,0
2022-10-21,0,5.650000095367432,5.900000095367432,5.519999980926514,5.789999961853027,5.083094596862793,3855800,5.577920324853994,0.0227083811384907,-0.0668028248150796,0.0174219560679836,0.0327656287664823,0.0856153532225531,0.1671154510773775,1,-1,1
2022-10-24,0,5.71999979019165,5.789999961853027,5.619999885559082,5.739999771118164,5.039199352264404,1420200,5.3176991818215935,-0.0086730379446566,-0.0291865687302454,0.026479885754355,0.0327587943671766,0.0855983332492058,0.1670786303403438,-1,-1,1
2022-10-25,0,5.739999771118164,6.119999885559082,5.650000095367432,6.0,5.2674560546875,3664200,5.797108868624573,0.0443003131485772,0.00501260732917,0.0373557815319967,0.0327648831041484,0.0855791728113462,0.1670427977449239,1,0,1
2022-10-26,0,5.980000019073486,6.159999847412109,5.860000133514404,5.949999809265137,5.223560333251953,5809200,6.797561565136763,-0.0083682983563034,-0.0150128075027368,0.0359320147922738,0.0327580213950491,0.0855605398920139,0.1670068438079378,-1,-1,1
2022-10-27,0,5.96999979019165,6.429999828338623,5.929999828338623,6.28000020980835,5.513270378112793,4460100,7.020833072136353,0.0539787565617797,0.0969038669405693,0.1146033555567516,0.0327705926292027,0.0855660121218447,0.1669871032310705,1,1,1
2022-10-28,0,6.239999771118164,6.400000095367432,6.050000190734863,6.170000076293945,5.41670036315918,5254900,7.738639348988566,-0.0176711411610444,0.0862749733868433,0.0969322143957072,0.0327653948998216,0.0855663517348327,0.1669622710573067,-1,1,1
2022-10-31,0,6.550000190734863,6.909999847412109,6.460000038146973,6.849999904632568,6.013678550720215,17085900,11.791683403969156,0.1045497919956964,0.1681163842440489,0.1408574073964317,0.0328325734588755,0.0856211977619802,0.1669516501932862,1,1,1
2022-11-01,0,6.889999866485596,7.349999904632568,6.730000019073486,7.190000057220459,6.312168121337891,7273000,13.429682487887488,0.048442585406902,0.2252320075956077,0.1892999928033338,0.0328411655535642,0.0857346003733837,0.1669627099320381,1,1,1
2022-11-03,0,7.010000228881836,7.28000020980835,7.010000228881836,7.179999828338623,6.303388595581055,6858500,14.718872778419705,-0.0013918572713352,0.1795398371756951,0.1695895565146811,0.0328338390853973,0.0857994159881063,0.1669641317329643,0,1,1
2022-11-04,0,7.300000190734863,7.519999980926514,7.090000152587891,7.300000190734863,6.408738136291504,6329300,15.989406792754602,0.0165750318300328,0.2044831673620314,0.1927870957549383,0.0328283531223233,0.0858889841005624,0.1669768948862326,1,1,1
2022-11-07,0,7.260000228881836,7.300000190734863,6.639999866485596,6.639999866485596,5.829317569732666,5428300,16.52151633820844,-0.0947624543639337,0.0557419564363177,0.0557419564363177,0.032882152058505,0.0858777599907147,0.1669434989152877,-1,1,1
2022-11-08,0,6.630000114440918,6.769999980926514,6.429999828338623,6.590000152587891,5.785422325134277,2592600,16.868009942125557,-0.0075585771151311,0.0658545204822311,0.0481833793211866,0.032875204087663,0.0858697212056549,0.1669090555494208,-1,1,1
2022-11-09,0,6.559999942779541,6.659999847412109,6.369999885559082,6.460000038146973,5.671294212341309,1675400,16.4350671246571,-0.0199240136234018,-0.0586192851368672,0.0015492633749509,0.0328705736117626,0.0858595785816353,0.1668714639098019,-1,-1,0
2022-11-10,0,6.309999942779541,6.340000152587891,5.690000057220459,5.880000114440918,5.162106990814209,4333700,16.082782794162163,-0.0940725201360705,-0.2011343906798397,-0.0753219806043402,0.0329232603668889,0.0859459787799453,0.1668414798175316,-1,-1,-1
2022-11-11,0,5.929999828338623,6.119999885559082,5.639999866485596,5.710000038146973,5.012862205505371,3950800,15.871380781547472,-0.029337777229995,-0.2290803106384995,-0.0935573138335786,0.0329217435138157,0.0860633605817554,0.1668156453568039,-1,-1,-1
2022-11-14,1,5.78000020980835,5.840000152587891,5.349999904632568,5.579999923706055,4.898733615875244,9718600,16.7172065965964,-0.023030324497997,-0.2686856669665294,-0.1165876383315757,0.0329179897257129,0.0862314349071567,0.166796318405052,-1,-1,-1
2022-11-16,0,5.53000020980835,5.699999809265137,5.150000095367432,5.230000019073486,4.591465473175049,5574300,13.308435303820568,-0.064777477657471,-0.2387006902600666,-0.1685238252294313,0.0329390026972742,0.0863595630196815,0.1667968782970722,-1,-1,-1
2022-11-17,0,5.110000133514404,5.130000114440918,4.889999866485596,5.079999923706055,4.459779262542725,8249500,12.90561838471351,-0.0290999762127648,-0.2602420893577003,-0.1513345074127054,0.0329373672490172,0.0865149585451101,0.1667900235389823,-1,-1,-1
2022-11-18,0,5.150000095367432,5.400000095367432,5.019999980926514,5.059999942779541,4.442221164703369,4758600,11.929528645725842,-0.0039447584285094,-0.2442628341628079,-0.1653804029303767,0.0329301385500693,0.0866490601015756,0.1667891131180082,-1,-1,-1
2022-11-21,0,5.099999904632568,5.269999980926514,4.980000019073486,5.230000019073486,4.591465473175049,3765600,10.901298100935133,0.0330447346412743,-0.117145579385463,-0.1439927847647058,0.0329302192583937,0.08666485527431,0.1667793058667021,1,-1,-1
2022-11-22,0,5.230000019073486,5.309999942779541,4.940000057220459,5.0,4.3895463943481445,2533800,9.99466004305034,-0.0449733535957909,-0.1327811557512589,-0.1310282204789703,0.0329365108831781,0.0866906144654594,0.1667647116016459,-1,-1,-1
2022-11-23,0,4.960000038146973,5.0,4.650000095367432,4.760000228881836,4.1788482666015625,7142200,10.650608397370892,-0.0491902204564497,-0.1589410517097117,-0.1731761933281017,0.0329454563942989,0.0867358378117229,0.166767258503259,-1,-1,-1
2022-11-24,0,4.820000171661377,5.099999904632568,4.820000171661377,5.019999980926514,4.4071044921875,4039500,11.0173455583603,0.0531822218176696,-0.0409813522345711,-0.142702352648923,0.0329572693166795,0.0867207368547339,0.1667569017441386,1,-1,-1
2022-11-25,0,5.03000020980835,5.03000020980835,4.570000171661377,4.570000171661377,4.012045860290527,4862200,10.890826828906258,-0.0939165952672879,-0.1057979712890942,-0.2279459099715542,0.0330092075430828,0.0867298805114103,0.1667887575990056,-1,-1,-1
2022-11-28,0,4.559999942779541,4.559999942779541,4.159999847412109,4.25,3.731114625930786,7526100,11.256464483039831,-0.0725942844716294,-0.1744474973322142,-0.3448405075917609,0.0330371692081976,0.0867880966873289,0.1669100399501007,-1,-1,-1
2022-11-29,0,4.260000228881836,4.389999866485596,4.159999847412109,4.329999923706055,3.801347255706787,5773400,10.122688900731776,0.0186485285299902,-0.1888437034434983,-0.3178236807054674,0.0330322122461223,0.0868594894041616,0.1670070787690729,1,-1,-1
2022-11-30,0,4.320000171661377,4.460000038146973,4.130000114440918,4.420000076293945,3.880359172821045,9372000,10.59862828327249,0.0205721747925072,-0.1232981750552002,-0.35123026247474,0.0330277668012788,0.0868786211857231,0.1671336555173599,1,-1,-1
2022-12-01,0,4.380000114440918,4.590000152587891,4.260000228881836,4.429999828338623,3.889137983322144,4494500,9.74544173189345,0.0022598152906462,-0.0718481393081042,-0.3312993060230492,0.0330204844310336,0.0868722394762344,0.1672417682504789,0,-1,-1
2022-12-02,0,4.449999809265137,4.570000171661377,4.429999828338623,4.480000019073486,3.9330337047576895,2987700,9.330670390373696,0.0112235281892298,-0.1138068329365438,-0.4246255698295157,0.0330140334463205,0.0868855821408815,0.1674433756943458,1,-1,-1
2022-12-05,0,4.46999979019165,4.480000019073486,4.199999809265137,4.289999961853027,3.766230821609497,2934700,9.055120237845989,-0.0433363438673759,-0.0632265815366318,-0.5164044991037937,0.0330192397030205,0.0868762372298237,0.1677589610525073,-1,-1,-1
2022-12-06,0,4.300000190734863,4.349999904632568,4.179999828338623,4.239999771118164,3.722335338592529,4600100,9.320244469793703,-0.0117234687723469,-0.0023557658373493,-0.5267361106048055,0.0330128287339275,0.0868569691961988,0.1680876209479151,-1,0,-1
2022-12-07,0,4.239999771118164,4.440000057220459,4.21999979019165,4.320000171661377,3.792568445205689,2610100,8.438960258120627,0.0186922290883573,-0.0023120652789821,-0.524618913346481,0.0330079032487296,0.0868377136495481,0.1684120835693096,1,0,-1
2022-12-08,0,4.309999942779541,4.320000171661377,4.099999904632568,4.150000095367432,3.6433236598968506,6378900,8.679211388332465,-0.0401471211832944,-0.0630313612547839,-0.4700035801658416,0.0330113204501916,0.0868283260046424,0.1686638318037907,-1,-1,-1
2022-12-09,0,4.159999847412109,4.269999980926514,3.920000076293945,3.9800000190734863,3.494079113006592,4493700,8.51105782090549,-0.0418265044232686,-0.1071176809686987,-0.504271507473979,0.0330156424839233,0.0868378660856945,0.168958550320082,-1,-1,-1
2022-12-12,0,3.9800000190734863,4.039999961853027,3.609999895095825,3.930000066757202,3.450183629989624,9109700,8.659037072806019,-0.0126423982767051,-0.1309836074346337,-0.4969898921272823,0.0330093862523724,0.0868617378662696,0.1692426518957605,-1,-1,-1
2022-12-13,0,3.940000057220459,4.079999923706055,3.7300000190734863,3.930000066757202,3.450183629989624,8860900,9.04009862858437,0.0,-0.0876472635672577,-0.4029173719912117,0.0330020956168581,0.0868616353123124,0.1694152183489188,0,-1,-1
2022-12-14,0,3.890000104904175,4.090000152587891,3.829999923706055,4.019999980926514,3.5291953086853027,5449900,8.283149234918,0.0226424313685815,-0.0532813634263293,-0.3509371633926352,0.0329982941207383,0.0868493663251402,0.1695362563008575,1,-1,-1
2022-12-15,0,3.990000009536743,4.190000057220459,3.9800000190734863,4.050000190734863,3.555532932281494,2869300,7.961607884432524,0.0074350755680936,-0.064538516946593,-0.3204717633265445,0.0329913992721169,0.0868404156477881,0.1696303970564996,1,-1,-1
2022-12-16,0,4.03000020980835,4.039999961853027,3.690000057220459,3.700000047683716,3.24826455116272,6065300,8.312888891993564,-0.0903840931837805,-0.114775488947079,-0.3460783788528541,0.0330384721612575,0.0868541034888551,0.1697464157415789,-1,-1,-1
2022-12-19,0,3.7200000286102295,3.920000076293945,3.680000066757202,3.809999942779541,3.344834327697754,6668700,8.810053602942444,0.0292962945484899,-0.0436526899753203,-0.2876821080915991,0.0330369958450282,0.086839508222311,0.1698142289205438,1,-1,-1
2022-12-20,0,3.809999942779541,4.050000190734863,3.7300000190734863,3.900000095367432,3.423846483230591,6344900,9.01332313332913,0.0233474577571256,-0.0076628339414897,-0.260389891905964,0.0330334118148665,0.0868204353904249,0.1698625647446741,1,0,-1
2022-12-21,0,3.950000047683716,4.099999904632568,3.7899999618530273,4.050000190734863,3.555532932281494,4544000,9.289778726610123,0.0377403408781648,0.030077506936675,-0.2556942856690736,0.0330357234796279,0.0868037480232911,0.169907647534422,1,1,-1
2022-12-22,0,4.050000190734863,4.130000114440918,3.819999933242798,3.9600000381469727,3.476520776748657,5299000,9.076901404689526,-0.0224729457675962,-0.0150378701995025,-0.2331938778408788,0.0330317631760823,0.0867850828460062,0.1699384712752369,-1,-1,-1
2022-12-23,0,3.990000009536743,4.190000057220459,3.920000076293945,4.179999828338623,3.669660806655884,4693300,9.144121536901688,0.0540672176608205,0.0315942718932244,-0.1299364397236084,0.0330440893371156,0.0867686643423666,0.1699213616398321,1,1,-1
2022-12-26,0,4.170000076293945,4.260000228881836,4.059999942779541,4.159999847412109,3.652102470397949,1076000,7.92912642560878,-0.0047962134945792,0.1171821515824256,-0.1879148750358572,0.0330369629549353,0.086785087802697,0.1699276642741276,-1,1,-1
2022-12-27,0,4.170000076293945,4.230000019073486,3.829999923706055,3.849999904632568,3.379950761795044,4134200,7.195797231539984,-0.0774418791735189,0.0104439778604166,-0.1714401589420883,0.0330694163044765,0.0867662990646135,0.1699263824280174,-1,1,-1
2022-12-28,0,3.880000114440918,4.110000133514404,3.819999933242798,4.110000133514404,3.60820746421814,5200300,7.175032209180633,0.0653499598437949,0.0524464799470859,-0.0334959146266638,0.033090679413572,0.0867544569278792,0.1698897839948676,1,1,-1
2022-12-29,0,4.119999885559082,4.199999809265137,3.809999942779541,3.859999895095825,3.3887298107147217,8056900,7.930559063210429,-0.0627559376415512,-0.0480497985726299,-0.1149003807982053,0.0331094023912874,0.0867409572819088,0.1698680203992929,-1,-1,-1
2023-01-02,0,3.819999933242798,3.839999914169312,3.640000104904175,3.799999952316284,3.336055278778076,4216800,7.681634237987325,-0.0156661093384703,-0.0412429621435042,-0.1511386649291828,0.0331037189384437,0.0867259580722235,0.169858405727468,-1,-1,-1
2023-01-03,0,3.799999952316284,3.819999933242798,3.630000114440918,3.650000095367432,3.204369068145752,7726100,7.789947154542861,-0.0402738423557708,-0.1355840221600958,-0.1936723225756001,0.0331070967994423,0.0867527332232672,0.1698673846431245,-1,-1,-1
2023-01-04,0,3.660000085830689,3.740000009536743,3.539999961853028,3.5999999046325684,3.160473346710205,5722900,7.629266138917453,-0.01379340273691,-0.1445812114024265,-0.2186892535017399,0.0331010538186053,0.0867857674662742,0.1698894497937246,-1,-1,-1
2023-01-05,0,3.619999885559082,3.690000057220459,3.5,3.569999933242798,3.134136199951172,5949000,7.739216196975389,-0.0083682078311666,-0.0755075400600742,-0.1837211174655307,0.0330942335694164,0.0867806640166729,0.1698935506684336,-1,-1,-1
2023-01-06,0,3.5799999237060547,3.740000009536743,3.509999990463257,3.5899999141693115,3.151694297790528,7025600,7.903589374289341,0.005586578738044,-0.1352709211658252,-0.1664110699551396,0.0330872021488522,0.0868070452079353,0.169889940355976,1,-1,-1
2023-01-09,0,3.5299999713897705,3.910000085830689,3.4600000381469727,3.799999952316284,3.336055278778076,6961700,8.168754024375378,0.0568488741858034,-0.0156661093384703,-0.1282544248576935,0.0331015094319288,0.0867885027113883,0.1698721617760839,1,-1,-1
2023-01-10,0,3.7799999713897705,3.839999914169312,3.5899999141693115,3.809999942779541,3.344834327697754,7860400,9.156730029189962,0.00262810927581,0.00262810927581,-0.0854791943985889,0.0330943119063208,0.0867694906607515,0.1698430400759193,0,0,-1
2023-01-11,0,3.809999942779541,3.890000104904175,3.660000085830689,3.890000104904175,3.415067195892334,4315200,9.190453536209388,0.0207800055058495,0.0636819571374305,-0.0228726844694707,0.033089976237833,0.086761130124056,0.1698059249056914,1,1,-1
2023-01-12,0,3.859999895095825,4.139999866485596,3.75,3.910000085830689,3.432625532150269,5892400,9.255074315528722,0.0051282601120947,0.0826036199864352,-0.005102026080671,0.033082921576098,0.0867598832773671,0.169768419464762,1,1,0
2023-01-13,0,3.869999885559082,3.900000095367432,3.75,3.7799999713897705,3.3184971809387207,4118600,8.652663880982683,-0.0338134055252596,0.0571584222923422,-0.0389154316059306,0.0330831587753395,0.0867494797809196,0.1697324327530347,-1,1,-1
2023-01-16,0,3.75,3.809999942779541,3.700000047683716,3.7100000381469727,3.257043600082397,3335600,8.511140018905747,-0.0186921113229917,0.0328797322313065,-0.0802499742975039,0.0330781843482777,0.0867334070149932,0.169702330064042,-1,1,-1
2023-01-17,0,3.7100000381469727,3.799999952316284,3.660000085830689,3.700000047683716,3.24826455116272,3339300,7.89656873985039,-0.0026990433181829,-0.0266681852726801,-0.0903840931837805,0.0330709959188047,0.086716045937072,0.1696743555457186,0,-1,-1
2023-01-18,0,3.759999990463257,4.210000038146973,3.75,4.130000114440918,3.625765562057495,13729800,9.296835805896464,0.1099445860787157,0.0806482915302256,0.1099445860787157,0.0331438016771462,0.0867139748482255,0.1696541378747662,1,1,1
2023-01-19,0,4.059999942779541,4.210000038146973,4.03000020980835,4.199999809265137,3.6872189044952393,4871600,9.266690282112076,0.0168070339285415,0.0766753199529177,0.0974553254587673,0.0331384604742979,0.0867102903966824,0.1696303932141531,1,1,1
2023-01-20,0,4.199999809265137,4.300000190734863,4.139999866485596,4.159999847412109,3.652102470397949,1901400,8.595210067719112,-0.0095694684248317,0.0619775914159913,0.0645383992768099,0.0331318111283078,0.0867013718969604,0.1695993042112432,-1,1,1
2023-01-23,0,4.150000095367432,4.340000152587891,4.119999885559082,4.230000019073486,3.713556289672852,3047500,8.069123929811138,0.0166869650846977,0.1124779620259488,0.0434850234833429,0.0331264504307933,0.0867149421969346,0.1695650078342414,1,1,1
2023-01-24,0,4.239999771118164,4.349999904632568,4.170000076293945,4.199999809265137,3.6872189044952393,2317100,7.284998164628351,-0.007117496659866,0.1240525766890744,0.058840472591073,0.0331195457037007,0.0867354276673839,0.1695329682197095,-1,1,1
2023-01-25,0,4.170000076293945,4.420000076293945,4.099999904632568,4.28000020980835,3.7574520111083984,2682500,7.079233113511128,0.0188685815977537,0.1456202016050111,0.0236418365280062,0.0331147068303267,0.0867706029233886,0.1694967300655977,1,1,1
2023-01-26,0,4.28000020980835,4.340000152587891,4.130000114440918,4.150000095367432,3.6433236598968506,2117500,6.5264567959268245,-0.0308447126579321,0.0048309028683631,-0.0024066626353466,0.0331136901428236,0.0867517394672705,0.169459465709102,-1,0,0
2023-01-27,0,4.179999828338623,4.190000057220459,4.039999961853027,4.090000152587891,3.590649127960205,2637400,6.341003834895375,-0.0145633566679129,-0.0265394877280913,0.0604718598702593,0.0331078424703474,0.0867344511765454,0.1694277610971244,-1,-1,1
2023-01-30,0,4.119999885559082,4.159999847412109,4.03000020980835,4.079999923706055,3.581869840621948,2143800,6.20027086347906,-0.0024480358326404,-0.0194180551359,-0.0073261358061761,0.0331006691968511,0.0867163845565614,0.1693905442298558,0,-1,0
2023-01-31,0,4.099999904632568,4.510000228881836,4.010000228881836,4.420000076293945,3.880359172821045,6594900,6.851658281173608,0.0800427537553372,0.0439377335347393,0.1354725555907125,0.0331357188841379,0.0867025433796101,0.1693788747706588,1,1,1
2023-02-01,0,4.409999847412109,4.590000152587891,4.21999979019165,4.53000020980835,3.976929426193237,5726000,5.658370888426258,0.0245823009143351,0.0756375311089406,0.1757209658435179,0.0331325190316299,0.0866983847482777,0.1693839191468437,1,1,1
2023-02-02,0,4.5,4.730000019073486,4.460000038146973,4.539999961853027,3.985708236694336,4876500,5.723478063480286,0.0022050015157463,0.0589739510269334,0.2181998097150354,0.0331253509914629,0.0866885052385263,0.1694111059395877,0,1,1
2023-02-03,0,4.539999961853027,4.539999961853027,4.050000190734863,4.050000190734863,3.555532932281494,4191900,6.075172457326455,-0.1142100594481639,-0.0243913957632985,0.1177831530037814,0.0332034115496123,0.0866710121102953,0.1693933477982642,-1,-1,1
2023-02-06,0,4.079999923706055,4.090000152587891,3.839999914169312,3.930000066757202,3.450183629989624,5976100,6.48612439582516,-0.0300775069366751,-0.0399055460320605,0.096073853898273,0.0332020487956763,0.0866559639402921,0.1693693224740928,-1,-1,1
2023-02-07,0,3.910000085830689,4.019999980926514,3.880000114440918,3.890000104904175,3.415067195892334,4550900,6.795301036830449,-0.0102302861927656,-0.0476877963921859,0.0802569889674632,0.0331954997005902,0.0866425981945207,0.1693415102450141,-1,-1,1
2023-02-08,0,3.910000085830689,4.03000020980835,3.849999904632568,4.010000228881836,3.520416498184204,6375500,7.341599798574803,0.0303821364401418,-0.0973484137073813,0.0537902512218015,0.0331944018288577,0.0866470760780063,0.1693088137204452,1,-1,1
2023-02-09,0,4.019999980926514,4.199999809265137,3.950000047683716,3.9600000381469727,3.476520776748657,5470400,7.84098602641563,-0.0125472890782972,-0.1344780037000137,0.0386148528676943,0.0331882009630027,0.0866729298313408,0.1692741469710815,-1,-1,1
2023-02-10,0,3.950000047683716,4.130000114440918,3.859999895095825,4.099999904632568,3.599427938461304,4651900,8.162366593564133,0.0347429099723613,-0.1019400952433989,0.0525777573342058,0.0331889685739014,0.0866796099545191,0.1692413081946901,1,-1,1
2023-02-13,0,4.110000133514404,4.130000114440918,4.010000228881836,4.019999980926514,3.5291953086853027,3451500,8.361277958092428,-0.0197050397728587,-0.0074350755680936,0.0277444574492524,0.0331842678959661,0.0866608820061524,0.1692056258023626,-1,0,1
2023-02-14,0,4.03000020980835,4.090000152587891,3.690000057220459,3.7100000381469727,3.257043600082397,6142300,8.114534752671965,-0.0802499742975039,-0.0576075429289224,-0.0186921113229917,0.0332189060529715,0.0866500669693692,0.1691688916697053,-1,-1,-1
2023-02-15,0,3.680000066757202,3.869999885559082,3.5999999046325684,3.7100000381469727,3.257043600082397,5317200,7.8735923257849425,0.0,-0.0473772567361566,0.0,0.0332117121975453,0.0866366207656924,0.1691319442976259,0,-1,0
2023-02-16,0,3.7100000381469727,3.839999914169312,3.660000085830689,3.799999952316284,3.336055278778076,4486500,7.676143826991563,0.0239691419544971,-0.0537902512218015,0.0266681852726801,0.0332083306627048,0.0866247671991951,0.1690962446836744,1,-1,1
2023-02-17,0,3.7799999713897705,3.839999914169312,3.7200000286102295,3.75,3.2921597957611084,3027100,7.457945895659725,-0.0132452324673978,-0.054488194610902,-0.0965216332734335,0.0332022542657527,0.0866131013573754,0.1690702706840186,-1,-1,-1
2023-02-22,0,3.740000009536743,3.75,3.5799999237060547,3.75,3.2921597957611084,3574900,7.066967215115102,0.0,-0.0892311045832634,-0.1133286672019751,0.0331950733346014,0.0866137235422639,0.1690486638521324,0,-1,-1
2023-02-23,0,3.75,3.890000104904175,3.640000104904175,3.7200000286102295,3.265822649002075,4625000,7.0476513558306735,-0.0080321313989772,-0.0775581962093819,-0.1117913301761206,0.0331882960564653,0.0866095316078986,0.1690266311829333,-1,-1,-1
2023-02-24,0,3.690000057220459,3.759999990463257,3.5299999713897705,3.539999961853028,3.10779881477356,3841800,6.583536820635528,-0.0495969918710648,-0.0469052137829429,-0.1780752871318833,0.0331970002294614,0.0865959858112188,0.1690286008095009,-1,-1,-1
2023-02-27,0,3.539999961853028,3.5799999237060547,3.359999895095825,3.369999885559082,2.958554267883301,4453800,6.325469683056078,-0.0492139729926963,-0.0961191867756392,-0.2201717634647137,0.0332054359690139,0.0865997208622148,0.1690516395397807,-1,-1,-1
2023-02-28,0,3.390000104904175,3.4100000858306885,3.190000057220459,3.190000057220459,2.8005306720733643,6041000,6.333149510625152,-0.0548918010422866,-0.174980129772423,-0.2939321461047541,0.0332176708263004,0.0866562893165868,0.1691225408087123,-1,-1,-1
2023-03-01,0,3.190000057220459,3.25,3.130000114440918,3.200000047683716,2.809309720993042,8876300,6.896687999550329,0.0031298773124647,-0.1586050199925605,-0.2599575561343572,0.0332105769071149,0.0866992011132527,0.1691694686694754,0,-1,-1
2023-03-02,0,3.2100000381469727,3.2799999713897705,3.1700000762939453,3.2300000190734863,2.8356471061706543,3635000,6.468214717396276,0.0093313650017205,-0.1492736549908399,-0.2360628344647236,0.0332040110178224,0.0867349119985136,0.1692013341525289,1,-1,-1
2023-03-03,0,3.2300000190734863,3.3499999046325684,3.2100000381469727,3.25,2.8532052040100098,2393200,6.004754605311664,0.0061728280624996,-0.1350686955293627,-0.2274419705695835,0.033197120192444,0.0867605831055404,0.169228083130683,1,-1,-1
2023-03-06,0,3.259999990463257,3.3399999141693115,3.2300000190734863,3.2799999713897705,2.879542589187622,2925600,5.715686986019325,0.0091884629947761,-0.0762832406635219,-0.2982962613301448,0.0331905445818019,0.0867557335256762,0.1693016492860221,1,-1,-1
2023-03-07,0,3.259999990463257,3.390000104904175,3.240000009536743,3.2699999809265137,2.870763301849365,3258700,5.688703933447647,-0.0030535050920921,-0.0301227727629176,-0.325932067336572,0.0331834444642991,0.086739025294883,0.1693967795607674,0,-1,-1
2023-03-08,0,3.259999990463257,3.809999942779541,3.259999990463257,3.700000047683716,3.24826455116272,8304500,6.360521472804704,0.123542916220374,0.148311944499743,-0.2045941526319445,0.0332755871788305,0.0867761991487604,0.1694108333508221,1,1,-1
2023-03-09,0,3.670000076293945,3.930000066757202,3.660000085830689,3.829999923706055,3.3623926639556885,6716200,6.690909241223679,0.0345319534546343,0.1797140206419125,-0.0558521397291462,0.0332762271978334,0.0868390979920129,0.1693772813941604,1,1,-1
2023-03-10,0,3.839999914169312,3.859999895095825,3.640000104904175,3.819999933242798,3.353613376617432,5849800,7.03014883316543,-0.0026144384879837,0.1677682171522081,-0.0283890712804548,0.0332691051301501,0.0868914445378321,0.1693411737264306,0,1,-1
2023-03-13,0,3.7899999618530273,4.03000020980835,3.7100000381469727,3.950000047683716,3.4677417278289795,7442900,7.588296709061265,0.0334651987703889,0.1950605878600973,0.0153064136826998,0.0332692699521712,0.0869683750410592,0.1693049772613106,1,1,0
2023-03-14,0,3.9700000286102295,4.019999980926514,3.7200000286102295,3.75,3.2921597957611084,7787700,7.973569284247486,-0.0519597609317573,0.133912363933564,-0.0670354836891993,0.0332794344443385,0.0869949133785474,0.1692730928879044,-1,1,-1
2023-03-15,0,3.690000057220459,3.910000085830689,3.619999885559082,3.859999895095825,3.3887298107147217,5050000,7.627933879173715,0.0289113418058682,0.1658772108315244,-0.0255768528050338,0.0332777530162435,0.0870452793881406,0.1692368992848708,1,1,-1
2023-03-16,0,3.839999914169312,4.099999904632568,3.839999914169312,4.090000152587891,3.590649127960205,5855000,8.101361721715769,0.0578778376680155,0.100212132279166,-0.0024419251093796,0.0332923535525539,0.0870519561054388,0.1692002288269956,1,1,0
2023-03-17,0,4.039999961853027,4.039999961853027,3.809999942779541,3.9700000286102295,3.485300064086914,3810100,8.386374812084957,-0.0297788596337316,0.0359013191908,-0.0125157449702523,0.0332908598647727,0.0870366158028318,0.1691636314996237,-1,1,0
2023-03-20,0,3.950000047683716,4.0,3.7699999809265137,3.7699999809265137,3.309718132019043,3262700,8.491270266019045,-0.0516911128358519,-0.0131753551570682,0.0160431164913994,0.0333008139785393,0.0870182548758591,0.1691275940115929,-1,-1,0
2023-03-21,0,3.7799999713897705,3.849999904632568,3.650000095367432,3.660000085830689,3.2131481170654297,2732200,8.465822386670304,-0.0296118508975333,-0.0762524048249904,-0.0135687344061339,0.0332992416147827,0.0870134834822043,0.1690910643964975,-1,-1,0
2023-03-22,0,3.660000085830689,3.799999952316284,3.609999895095825,3.619999885559082,3.17803168296814,4395300,7.891170108139202,-0.0109891408432401,-0.0352817847364732,-0.048527017203871,0.0332928491839677,0.0869976587629378,0.1690568376973155,-1,-1,-1
2023-03-23,0,3.640000104904175,3.650000095367432,3.1700000762939453,3.240000009536743,2.844426155090332,5905100,7.635544827168412,-0.1109006932548924,-0.175093819797234,-0.1461824779913658,0.0333644693190754,0.0870535952632212,0.1690455538404675,-1,-1,-1
2023-03-24,0,3.299999952316284,3.380000114440918,3.1600000858306885,3.3399999141693115,2.9322168827056885,6526000,7.614235500062611,0.0303974079202922,-0.2025742495449572,-0.1157850700710735,0.0333633547125081,0.0871347777182627,0.1690245162021822,1,-1,-1
2023-03-27,1,3.3499999046325684,3.4200000762939453,3.2300000190734863,3.309999942779541,2.905879735946656,5016400,7.117951724433186,-0.0090225726457667,-0.1818179625569924,-0.1167755113178629,0.0333567037117359,0.087196241447917,0.1690037606962455,-1,-1,-1
2023-03-28,0,2.9600000381469727,3.1600000858306885,2.720000028610229,2.720000028610229,2.387913227081299,28065900,8.946182058607054,-0.1963163217500806,-0.326443171471221,-0.2634948411968787,0.0335952708742924,0.0874369704822741,0.1690521213244975,-1,-1,-1
2023-03-29,0,2.75,2.7699999809265137,2.390000104904175,2.430000066757202,2.133319616317749,24110000,10.462524980424757,-0.1127405859762258,-0.4095719065499135,-0.3270214541804082,0.0336684323004983,0.0878254107482829,0.1691472706947103,-1,-1,-1
2023-03-30,0,2.5,2.680000066757202,2.4800000190734863,2.509999990463257,2.20355224609375,23587000,11.830008647118737,0.0323914436962021,-0.3661913220104714,-0.2397382094419193,0.0336680527442947,0.0881300629153382,0.169180443396487,1,-1,-1
2023-03-31,0,2.559999942779541,2.5899999141693115,2.450000047683716,2.509999990463257,2.20355224609375,14397300,12.644962950976652,0.0,-0.2552906287555788,-0.2428680867543841,0.0336608557425458,0.0882670979182382,0.1692153970158553,0,-1,-1
2023-04-03,0,2.539999961853028,2.539999961853028,2.299999952316284,2.359999895095825,2.0718657970428467,11224400,13.195316754550744,-0.0616211629893731,-0.3473091996652441,-0.3138206147454778,0.0336774640484904,0.0885369357858582,0.1692994216508728,-1,-1,-1
2023-04-04,0,2.380000114440918,2.4200000762939453,2.319999933242798,2.359999895095825,2.0718657970428467,7737900,13.515757428720246,0.0,-0.3382866270194775,-0.3199934428079775,0.0336702713119929,0.088790667012033,0.1693881050208622,0,-1,-1
2023-04-05,0,2.390000104904175,2.400000095367432,2.2799999713897705,2.289999961853028,2.0104122161865234,8968900,13.695254763003287,-0.03010976880835,-0.1720800740777467,-0.3592916746111037,0.0336686786184448,0.0888410936868212,0.169509827050755,-1,-1,-1
2023-04-06,0,2.299999952316284,2.319999933242798,2.1600000858306885,2.1700000762939453,1.905063271522522,10054600,13.799434519036698,-0.0538245622995077,-0.1131640504010288,-0.4100627318185193,0.0336795686611613,0.0888516354155339,0.1696799251440854,-1,-1,-1
2023-04-10,0,2.1600000858306885,2.25,2.130000114440918,2.150000095367432,1.887505054473877,10284100,13.811612683996223,-0.009259341420349,-0.15481483551758,-0.5428649894592423,0.0336728771122719,0.0888884941827283,0.1700074734332332,-1,-1,-1
2023-04-11,0,2.180000066757202,2.430000066757202,2.180000066757202,2.4200000762939453,2.124540567398072,16575000,14.723382478243703,0.1182996954192276,-0.0365151400983523,-0.4590972474946491,0.0337548298993151,0.088872284054002,0.1702292827522329,1,-1,-1
2023-04-12,0,2.450000047683716,2.509999990463257,2.309999942779541,2.4200000762939453,2.124540567398072,17307300,13.38696076459496,0.0,0.0251060228910207,-0.4564828090066655,0.0337476359443439,0.0888551297390854,0.1704474200782375,0,1,-1
2023-04-13,0,2.4200000762939453,2.5899999141693115,2.390000104904175,2.509999990463257,2.20355224609375,10942600,12.179862119659536,0.0365151400983524,0.0616211629893731,-0.4534328676787019,0.0337490381356781,0.0888460263426583,0.1706614358014389,1,1,-1
2023-04-14,0,2.509999990463257,2.5999999046325684,2.450000047683716,2.539999961853028,2.2298896312713623,8209500,10.692340261404516,0.0118813760218063,0.1036123078195293,-0.3895917307251383,0.0337427973276084,0.0888540733593857,0.1708083438891662,1,1,-1
2023-04-17,0,2.549999952316284,2.5899999141693115,2.490000009536743,2.490000009536743,2.1859941482543945,7063000,9.97283144650804,-0.0198813787123414,0.1375554914066957,-0.4383844512433479,0.0337380165800475,0.0888821207538845,0.1710046173425035,-1,1,-1
2023-04-18,0,2.509999990463257,2.539999961853028,2.3499999046325684,2.390000104904175,2.098203420639038,10503700,9.919083149067598,-0.0409892482444281,0.1058255845826167,-0.5372515371557917,0.0337412376534008,0.0888912252091593,0.1713191940411174,-1,1,-1
2023-04-19,0,2.369999885559082,2.390000104904175,2.1700000762939453,2.180000066757202,1.9138423204422,9958600,10.052831906515632,-0.0919685571639736,-0.1044426680005845,-0.5994412346860337,0.0337868709873174,0.088897285355984,0.1717196786815003,-1,-1,-1
2023-04-20,0,2.190000057220459,2.240000009536743,2.150000095367432,2.220000028610229,1.9489586353302,7871200,9.933961362542163,0.0181822893421028,-0.0862603786584817,-0.5295678325080789,0.0337818663832048,0.0888952167453453,0.1720216845080429,1,-1,-1
2023-04-24,0,2.190000057220459,2.240000009536743,2.1700000762939453,2.180000066757202,1.9138423204422,5839800,9.581477813181468,-0.0181822893421027,-0.1409578080989369,-0.5181382709526484,0.0337766711028874,0.0889222679684852,0.172307965423914,-1,-1,-1
2023-04-25,0,2.190000057220459,2.240000009536743,2.0999999046325684,2.180000066757202,1.9138423204422,8078000,9.40690713275713,0.0,-0.1528391841207433,-0.5071491301094082,0.0337694971788264,0.0889574598051823,0.1725795071852576,0,-1,-1
2023-04-26,0,2.190000057220459,2.259999990463257,2.150000095367432,2.2100000381469727,1.9401795864105225,7162100,8.465037133117779,0.013667631682517,-0.1192901737258848,-0.3825808051719987,0.0337635755445809,0.0889711417961183,0.1727155742658307,1,-1,-1
2023-04-27,0,2.220000028610229,2.319999933242798,2.190000057220459,2.2799999713897705,2.0016331672668457,7507100,7.504385802129367,0.0311828918647717,-0.047118033616685,-0.3817953212275194,0.0337626858807565,0.088956964940183,0.1728505444239488,1,-1,-1
2023-04-28,0,2.299999952316284,2.3299999237060547,2.200000047683716,2.309999942779541,2.027970552444458,10587500,7.387684112012712,0.0130721341622712,0.05792265770956,-0.3597006144194813,0.0337566644572359,0.0889467940827638,0.1729653967572877,1,1,-1
2023-05-02,0,2.299999952316284,2.309999942779541,2.0899999141693115,2.0899999141693115,1.834830403327942,12143500,7.563302392090461,-0.1000835111519011,-0.0603431427844439,-0.2634678038213017,0.0338118499817909,0.0889358708573434,0.173008102992796,-1,-1,-1
2023-05-03,0,2.069999933242798,2.0899999141693115,2.009999990463257,2.0199999809265137,1.7733768224716189,11465800,7.779501833328288,-0.0340665156458166,-0.0762273690881577,-0.1847937334908925,0.0338117664982782,0.0889299333602672,0.173009002184459,-1,-1,-1
2023-05-04,0,2.0299999713897705,2.130000114440918,2.0299999713897705,2.059999942779541,1.8084931373596191,9781300,7.587337758930687,0.0196084394091512,-0.0566189296790064,-0.1975767377779434,0.0338071250071579,0.0889180156574611,0.1730155975103239,1,-1,-1
2023-05-05,0,2.059999942779541,2.220000028610229,2.0299999713897705,2.1600000858306885,1.896284222602844,13757200,7.897857357051767,0.0474023212900337,-0.0228842400714896,-0.1501744164879096,0.0338143032107109,0.0889001228909986,0.1730029485338029,1,-1,-1
2023-05-08,0,2.190000057220459,2.289999961853028,2.190000057220459,2.200000047683716,1.9314005374908447,8167400,7.91702644699384,0.0183491078073562,-0.0357180241289051,-0.0702041456911803,0.0338093517579155,0.0888838740835228,0.1729704864683072,1,-1,-1
2023-05-09,0,2.180000066757202,2.3399999141693115,2.180000066757202,2.2300000190734863,1.957737803459168,8680600,8.174065589904117,0.0135442179115074,-0.0352459403796692,-0.0566599277796729,0.0338034176714898,0.0888675599282954,0.1729362527849275,1,-1,-1
2023-05-10,0,2.2799999713897705,2.430000066757202,2.259999990463257,2.319999933242798,2.036749601364136,19976600,9.288630423610256,0.0395655797341007,0.1044031505063326,0.0130154207627778,0.0338062659273755,0.0888760495250326,0.1728999929115031,1,1,0
2023-05-11,0,2.309999942779541,2.490000009536743,2.289999961853028,2.450000047683716,2.150877952575684,13503200,9.957881232633484,0.0545209043355415,0.1929905704876909,0.1213608873978272,0.0338179718476131,0.0889483576351939,0.1728843611502803,1,1,1
2023-05-12,0,2.509999990463257,2.5799999237060547,2.430000066757202,2.4800000190734863,2.177215099334717,14323400,10.671785098976455,0.0121704739392065,0.1855526050177463,0.1427907027573828,0.0338118079782095,0.0890136837746677,0.1728762227750176,1,1,1
2023-05-15,1,2.5,2.630000114440918,2.470000028610229,2.4800000190734863,2.177215099334717,13531600,11.024793200248991,0.0,0.1381502837277125,0.0244910073381554,0.0338046657509029,0.0890418279566167,0.1728408223340501,0,1,1
2023-05-16,0,2.390000104904175,2.430000066757202,2.259999990463257,2.2699999809265137,1.992854118347168,16725300,11.512983931075444,-0.0884787412261413,0.0313224346942151,-0.0639877338879859,0.0338459707326211,0.0890256853185068,0.1728076186416259,-1,1,-1
2023-05-17,0,2.2799999713897705,2.470000028610229,2.2699999809265137,2.4600000381469727,2.1596570014953613,9387000,11.510311708287734,0.080381571947064,0.0981597887297716,-0.0201213020392744,0.0338794950760149,0.0890308585838295,0.1727709471487965,1,1,-1
2023-05-18,0,2.4800000190734863,2.75,2.470000028610229,2.740000009536743,2.4054715633392334,23040800,13.177458314136278,0.1077965470871044,0.1663907560827753,0.0757938690260236,0.0339451157963937,0.0890795949551466,0.1727431920722247,1,1,1
2023-05-19,0,2.75,2.8499999046325684,2.7100000381469727,2.75,2.414250612258911,9194000,13.005553122894096,0.0036429728971532,0.1155128246443868,0.0993182206355184,0.0339380546148895,0.0890936615206079,0.1727210865943557,1,1,1
2023-05-22,0,2.7699999809265137,2.9600000381469727,2.720000028610229,2.9100000858306885,2.554716110229492,14628500,13.95973386659876,0.05655217255919,0.1598945232643703,0.1968596414391365,0.0339509841303358,0.0891371102718835,0.1727368761507625,1,1,1
2023-05-23,0,2.930000066757202,2.9600000381469727,2.8399999141693115,2.880000114440918,2.528378963470459,8067100,14.110052545899654,-0.0103627345403018,0.1495317887240684,0.2784654640628083,0.0339444576933131,0.0891727545041708,0.1728022453929874,-1,1,1
2023-05-24,0,2.8399999141693115,2.900000095367432,2.809999942779541,2.859999895095825,2.5108206272125244,6241700,13.004843933691,-0.0069687286638642,0.2310418012863454,0.2533144460568411,0.0339375830098349,0.0892824406311887,0.1728504254318999,-1,1,1
2023-05-25,0,2.900000095367432,3.0199999809265137,2.890000104904175,2.930000066757202,2.572274208068848,8656600,12.705448413785382,0.0241807706501255,0.1748409999894069,0.2956775060490694,0.033934157263103,0.0893374371202202,0.1729280130880102,1,1,1
2023-05-26,0,2.940000057220459,2.970000028610229,2.859999895095825,2.940000057220459,2.5810534954071045,8266400,12.270306449581376,0.0034072336699015,0.0704516865722041,0.2990847397189711,0.033927100681459,0.0893309510822073,0.1730079665118151,1,1,1
2023-05-29,0,2.9200000762939453,3.059999942779541,2.900000095367432,3.009999990463257,2.642507076263428,6159700,11.687819015517128,0.0235304694835989,0.0903391831586499,0.3089475775200532,0.0339234828613733,0.0893321783287051,0.1730952867581202,1,1,1
2023-05-30,0,3.0199999809265137,3.119999885559082,2.9100000858306885,3.0,2.63372802734375,10297400,11.413432269029403,-0.0033277732507895,0.0304592373486703,0.2744369124044919,0.0339164065910099,0.0893158134232515,0.173156970526845,0,1,1
2023-05-31,0,3.0,3.069999933242798,2.940000057220459,2.990000009536743,2.624948740005493,19481400,12.77707396344725,-0.0033389751388698,0.0374829967501023,0.2580258031033508,0.0339093351691703,0.0893006426691448,0.1732074472693524,0,1,1
2023-06-01,0,3.009999990463257,3.2300000190734863,3.0,3.220000028610229,2.826868057250977,12319200,11.866981653964917,0.0741080370307906,0.1185597624447574,0.4322173512860425,0.0339364790123757,0.0893159828437511,0.1734084884977827,1,1,1
2023-06-02,0,3.259999990463257,3.4600000381469727,3.220000028610229,3.430000066757202,3.0112290382385254,13452300,12.675992537950416,0.0631789085064446,0.1575579003010765,0.5294627754383038,0.0339542401378917,0.0893569533843459,0.1737250008882404,1,1,1
2023-06-05,0,3.430000066757202,3.619999885559082,3.400000095367432,3.559999942779541,3.125357151031494,10531500,12.479079883629232,0.0372002512148283,0.1913509178460033,0.5470545872439809,0.0339557717349734,0.0894258159839042,0.1740637621536659,1,1,1
2023-06-06,0,3.650000095367432,3.680000066757202,3.5899999141693115,3.670000076293945,3.2219271659851074,8077500,12.72774888675164,0.0304311142924765,0.198251562654881,0.5300833802464238,0.0339544488848285,0.0895008598773554,0.1743787479244253,1,1,1
2023-06-07,0,3.670000076293945,3.839999914169312,3.630000114440918,3.809999942779541,3.344834327697754,12539700,13.888443684285429,0.0374374847316383,0.2390168206373089,0.549171757170706,0.0339560758233428,0.0896177870127356,0.1747179086076547,1,1,1
2023-06-09,0,3.849999904632568,3.9700000286102295,3.7699999809265137,3.839999914169312,3.371171712875366,7938700,14.08706199369548,0.007843209202739,0.2501990049789176,0.5434707484619375,0.033949354583067,0.0897472255908743,0.1750481805600428,1,1,1
2023-06-12,0,3.869999885559082,3.930000066757202,3.7699999809265137,3.859999895095825,3.3887298107147217,5006100,13.893916442714731,0.0051947908599212,0.1812857588080483,0.5090999595877581,0.0339424181703992,0.0898063470903883,0.1753330287193334,1,1,1
2023-06-13,0,3.869999885559082,3.890000104904175,3.630000114440918,3.640000104904175,3.195590019226074,8947500,14.438025622094145,-0.0586834237403028,0.0594234265613008,0.3958956315119136,0.0339564166701869,0.0897960936612966,0.1754916676073261,-1,1,1
2023-06-14,0,3.680000066757202,3.799999952316284,3.609999895095825,3.75,3.2921597957611084,9940500,14.685666656128085,0.0297720819344345,0.0519952572809071,0.4134972395071416,0.0339548464233369,0.0897838649669466,0.1756672869952954,1,1,1
2023-06-15,0,3.7899999618530273,3.900000095367432,3.740000009536743,3.869999885559082,3.3975088596343994,7358100,13.530846301081024,0.0314986524630693,0.0530627954514997,0.444995891970211,0.033953928742315,0.0897719071841056,0.1758753760847382,1,1,1
2023-06-16,0,3.880000114440918,4.130000114440918,3.849999904632568,4.130000114440918,3.625765562057495,11585200,13.84808559153341,0.0650229808103641,0.0806482915302256,0.5984976140067165,0.0339730052177057,0.0897687136416337,0.176277096200283,1,1,1
2023-06-19,0,4.119999885559082,4.349999904632568,4.039999961853027,4.300000190734863,3.775010108947754,7511400,13.311184318932888,0.0403376050219872,0.1131426873494738,0.5584536470816398,0.033975988847318,0.089780374989298,0.176621276717721,1,1,1
2023-06-20,0,4.289999961853027,4.400000095367432,4.139999866485596,4.400000095367432,3.8628010749816895,11563700,13.830467517003026,0.0229895268370264,0.130937423326579,0.4736466268315618,0.0339721758081141,0.0898022172455698,0.1768586382174307,1,1,1
2023-06-21,0,4.400000095367432,4.559999942779541,4.369999885559082,4.489999771118164,3.941812515258789,11007000,14.597554169342777,0.0202480593809417,0.2098689064478237,0.4902517133153504,0.0339676296575211,0.089887038370809,0.1771145288833586,1,1,1
2023-06-22,0,4.389999866485596,4.429999828338623,4.010000228881836,4.179999828338623,3.669660806655884,17131500,15.521976054106808,-0.0715414122416664,0.1085554122717226,0.3621581285144939,0.033991878780212,0.0898961316674949,0.1772381339992013,-1,1,1
2023-06-23,0,4.150000095367432,4.25,4.039999961853027,4.139999866485596,3.6345443725585938,7503300,15.544435663890004,-0.0096154759620542,0.0674412838465989,0.3629053870927415,0.0339853318842258,0.0898881889043815,0.1773620667091213,-1,1,1
2023-06-26,0,4.150000095367432,4.190000057220459,3.920000076293945,3.920000076293945,3.4414045810699463,5601500,15.646613106112662,-0.0546040620779438,-0.052185759041709,0.3152700536786619,0.0339964360166863,0.0898755143439786,0.1774467503651156,-1,-1,1
2023-06-27,0,3.9700000286102295,4.039999961853027,3.7899999618530273,3.849999904632568,3.379950761795044,6302000,15.3244420909809,-0.0180185546281,-0.1105419186917963,0.2730707284004365,0.0339912968034507,0.0898846786227916,0.1775012687194379,-1,-1,1
2023-06-28,0,3.869999885559082,3.9800000190734863,3.809999942779541,3.869999885559082,3.3975088596343994,5077800,14.64079410355408,0.0051813328594448,-0.1283501126693779,0.2748448275899797,0.0339843851209485,0.0899036169603655,0.1775568202384363,1,-1,1
2023-06-29,0,3.859999895095825,4.179999828338623,3.849999904632568,4.130000114440918,3.625765562057495,8684100,14.92740873732546,0.0650229808103641,-0.0835751912399554,0.316337338916745,0.0340033598414336,0.0899006774090735,0.1776417524640357,1,-1,1
2023-06-30,0,4.179999828338623,4.369999885559082,4.130000114440918,4.190000057220459,3.6784400939941406,9787900,14.66227861798954,0.0144233192711741,0.0023895402728848,0.3340884314387086,0.0339975766564878,0.0898819341153159,0.1777403249292815,1,0,1
2023-07-03,0,4.25,4.28000020980835,4.099999904632568,4.159999847412109,3.652102470397949,5557900,14.306287203128084,-0.0071857537674643,0.0048192624674751,0.3302416528101142,0.0339907993996991,0.08986325474694,0.1778355847043964,-1,0,1
2023-07-04,0,4.159999847412109,4.329999923706055,4.079999923706055,4.28000020980835,3.7574520111083984,4708500,13.114450185629313,0.0284380500225856,0.0878613745680046,0.284571665801909,0.0339887269205445,0.0898628403130173,0.1778969721840933,1,1,1
2023-07-05,0,4.269999980926514,4.659999847412109,4.25,4.449999809265137,3.906696319580078,10558000,13.019875249098376,0.0389510147194824,0.1448309439155869,0.2603437720149469,0.0339910049623226,0.0898934116017697,0.1779423782675794,1,1,1
2023-07-06,0,4.389999866485596,4.389999866485596,3.9700000286102295,4.03000020980835,3.53797459602356,16731000,12.857601490453082,-0.0991376703975427,0.0405119406585993,0.1240058504025759,0.034043858891143,0.0898786538208584,0.1779244839321285,-1,1,1
2023-07-07,0,4.059999942779541,4.300000190734863,3.990000009536743,4.199999809265137,3.6872189044952393,12162900,13.634133322764033,0.0413180740803065,0.0168070339285415,0.1348928101904056,0.0340472847981809,0.0898606542825339,0.1779100201677304,1,1,1
2023-07-10,0,4.179999828338623,4.289999961853027,4.170000076293945,4.199999809265137,3.6872189044952393,3572400,13.36441760165872,0.0,0.0023837146573675,0.0974553254587673,0.0340402086978323,0.0898419641288372,0.1778849205543952,0,0,1
2023-07-11,0,4.190000057220459,4.230000019073486,3.9800000190734863,4.230000019073486,3.713556289672852,6581600,13.503176143280012,0.0071174966598661,0.0166869650846977,0.0967296129158943,0.0340334587823317,0.0898239769816598,0.177859654949999,1,1,1
2023-07-12,0,4.400000095367432,4.429999828338623,4.110000133514404,4.110000133514404,3.60820746421814,5739800,13.655976531160553,-0.0287788844144218,-0.0405299693523094,0.0627559376415513,0.0340313927999689,0.0898089240958234,0.1778276787568952,-1,-1,1
2023-07-13,0,4.139999866485596,4.150000095367432,3.940000057220459,4.010000228881836,3.520416498184204,8892000,13.6478928792237,-0.0246317957582201,-0.1041127798300121,0.096807565623634,0.0340279816482481,0.0898149021239667,0.1778024519734747,-1,-1,1
2023-07-14,0,4.019999980926514,4.039999961853027,3.869999885559082,3.940000057220459,3.4589626789093018,3795500,12.637223921414105,-0.0176105656220803,-0.0225856750545497,0.0494249180671189,0.0340227762901871,0.0897973109908064,0.1777686146404465,-1,-1,1
2023-07-17,0,3.900000095367432,4.099999904632568,3.890000104904175,4.039999961853027,3.5467536449432373,4543800,12.452447076725218,0.025063978558787,-0.0388397705760692,0.0429902441628366,0.03401960083437,0.0897819680802492,0.1777340340316971,1,-1,1
2023-07-18,0,4.03000020980835,4.309999942779541,3.9700000286102295,4.260000228881836,3.739893913269043,6395600,12.727557095995234,0.0530245266932068,0.0141847561171376,0.0309917900456791,0.0340297772305996,0.0897638475378186,0.1776983129881494,1,1,1
2023-07-19,0,4.230000019073486,4.389999866485596,4.21999979019165,4.260000228881836,3.739893913269043,4244000,11.606476636640716,0.0,0.0070672594572715,-0.0093458149763079,0.0340227252770324,0.0897453562556814,0.1776611971181986,0,0,0
2023-07-20,0,4.300000190734863,4.300000190734863,4.150000095367432,4.199999809265137,3.6872189044952393,3502900,9.56187872803006,-0.0141847561171375,0.0216613877545557,-0.046520097930472,0.0340168781885397,0.0897279109496307,0.1776261874089767,-1,1,-1
2023-07-21,0,4.199999809265137,4.460000038146973,4.179999828338623,4.380000114440918,3.845242738723755,6427900,8.6724982902448,0.0419642425014959,0.0882574260142718,-0.0248039148099178,0.034020623345257,0.0897276902043184,0.1775895880581764,1,1,-1
2023-07-24,0,4.380000114440918,4.550000190734863,4.340000152587891,4.550000190734863,3.9944875240325928,5240000,9.015293018679303,0.0380785596763038,0.143946551312656,0.0848160571080523,0.0340224589463335,0.0897575606295919,0.1775618079287581,1,1,1
2023-07-25,0,4.610000133514404,4.949999809265137,4.610000133514404,4.820000171661377,4.231523036956787,11379600,10.06290543008162,0.057646692623015,0.1765292653768842,0.1520782256931216,0.0340356945878252,0.0898115799828781,0.1775534069443797,1,1,1
2023-07-26,0,4.800000190734863,4.800000190734863,4.480000019073486,4.71999979019165,4.143731594085693,8236300,10.655752145305067,-0.0209652511791624,0.1025394875045148,0.1857170365919032,0.0340313031156371,0.0898175908287478,0.1775586512551746,-1,1,1
2023-07-27,0,4.730000019073486,4.789999961853027,4.570000171661377,4.630000114440918,4.064720153808594,4466500,10.074841176171873,-0.0192518353140824,0.0832876521904324,0.1844837559059207,0.0340264961287719,0.0898152636658928,0.177563308463047,-1,1,1
2023-07-28,0,4.630000114440918,4.789999961853027,4.630000114440918,4.699999809265137,4.126173496246338,3874200,10.201071617771683,0.015005565488786,0.112477973796356,0.1943079885352618,0.0340208512828201,0.0898261867513171,0.1775723822746504,1,1,1
2023-07-31,0,4.760000228881836,4.900000095367432,4.71999979019165,4.809999942779541,4.222743511199951,7522500,10.892495655435033,0.0231345746808834,0.0936483059757436,0.1524195824057811,0.0340171003946392,0.089828079887036,0.1775640045771695,1,1,1
2023-08-01,0,4.789999961853027,4.889999866485596,4.619999885559082,4.849999904632568,4.25786018371582,7656800,11.276105761302984,0.0082816918440046,0.0638514381434443,0.1462779549786117,0.0340105023172808,0.0898190656169354,0.1775534052932163,1,1,1
2023-08-02,0,4.849999904632568,5.010000228881836,4.75,4.800000190734863,4.213964939117432,7498600,11.970926374971194,-0.0103627345403018,-0.0041579890198726,0.143100974205774,0.0340041239947848,0.089800519913632,0.1775416875310634,-1,0,1
2023-08-03,0,4.909999847412109,5.059999942779541,4.800000190734863,4.800000190734863,4.213964939117432,7820400,12.856263966381189,0.0,0.0168072621592897,0.1146629241831885,0.0339971092685088,0.089782653500373,0.1775211296535001,0,1,1
2023-08-04,0,4.760000228881836,4.960000038146973,4.75,4.75,4.170069217681885,3107700,12.336806795605144,-0.0104713606144244,0.025587736858948,0.0652405488492817,0.0339907523011321,0.0897656779675656,0.1774897472251305,-1,1,1
2023-08-07,0,4.769999980926514,4.869999885559082,4.630000114440918,4.809999942779541,4.222743511199951,3484100,12.062061213729864,0.0125524033107216,0.0231345746808834,0.176930622557546,0.0339847156400567,0.0897484304947147,0.1774909744873292,1,1,1
2023-08-08,0,4.769999980926514,5.039999961853027,4.659999847412109,4.980000019073486,4.371988296508789,5245400,10.94781013852444,0.0347328554432507,0.0347328554432507,0.1703454039204903,0.033985061848012,0.0897327666722985,0.1774894394156617,1,1,1
2023-08-09,0,4.980000019073486,5.039999961853027,4.650000095367432,4.710000038146973,4.134953022003174,5620200,10.466691282797902,-0.0557419260436042,-0.029290762444358,0.1146034778768861,0.0339968307078458,0.0897161465725547,0.1774688527597404,-1,-1,1
2023-08-10,0,4.739999771118164,4.769999980926514,4.53000020980835,4.699999809265137,4.126173496246338,4514700,10.487604871301684,-0.00212550408053,-0.0210535319845862,0.10536047713649,0.0339898567667761,0.0896986037266819,0.1774458172496111,0,-1,1
2023-08-11,0,4.699999809265137,4.909999847412109,4.679999828338623,4.800000190734863,4.213964939117432,4946200,10.70221312593785,0.0210535319845863,0.0,0.1551928935354979,0.0339855700347722,0.0896801080196622,0.1774383511227502,1,0,1
2023-08-14,1,4.590000152587891,4.599999904632568,3.759999990463257,3.890000104904175,3.415067195892334,39911200,15.320609869663372,-0.21020682573386,-0.1997354651194356,-0.0303821364401419,0.0342446679014515,0.0897527158295245,0.1774023970250619,-1,-1,-1
2023-08-15,0,3.910000085830689,3.990000009536743,3.640000104904175,3.7899999618530273,3.3272762298583984,20986200,16.96525627242181,-0.0260431492199153,-0.2383310176500725,-0.0388147200379768,0.034241642686724,0.0898637674092469,0.1773670830990027,-1,-1,-1
2023-08-16,0,3.829999923706055,3.9800000190734863,3.75,3.75,3.2921597957611084,10206200,17.05368888316189,-0.010610198029142,-0.2836740711224656,-0.0744888966259059,0.0342352569617234,0.0900284628795291,0.1773362428427751,-1,-1,-1
2023-08-17,0,3.809999942779541,3.859999895095825,3.670000076293945,3.809999942779541,3.344834327697754,12445600,17.436895191545762,0.0158733417432079,-0.2120588033356535,-0.1116400815759049,0.0342297716691868,0.0901118275375348,0.1773132115347597,1,-1,-1
2023-08-18,0,3.7899999618530273,3.910000085830689,3.75,3.890000104904175,3.415067195892334,10204600,18.404017694937203,0.0207800055058495,-0.1891532937492739,-0.0908600760700552,0.0342253781729754,0.0901741041337317,0.1772854318601436,1,-1,-1
2023-08-21,0,3.900000095367432,3.900000095367432,3.7899999618530273,3.839999914169312,3.371171712875366,7876600,18.92715949574667,-0.0129367963031104,-0.2231436220369705,-0.0896121162560281,0.0342193288925827,0.090267983783472,0.1772574102554391,-1,-1,-1
2023-08-22,0,3.869999885559082,4.03000020980835,3.839999914169312,4.019999980926514,3.5291953086853027,8164500,19.186999940090185,0.0458095138644576,0.0328727175613471,-0.0857668448930666,0.0342249843022946,0.0902520555826714,0.1772286435013861,1,1,-1
2023-08-23,0,4.050000190734863,4.130000114440918,3.930000066757202,3.990000009536743,3.502858161926269,14555400,20.41285308317136,-0.0074906341415683,0.0514252326396941,-0.1313360387109389,0.0342182862551781,0.090239789677669,0.1772110697080876,-1,1,-1
2023-08-24,0,3.9800000190734863,3.990000009536743,3.839999914169312,3.880000114440918,3.406288146972656,5742500,20.454037356300027,-0.0279560744598266,0.0340793562090095,-0.2169388057937805,0.0342158964624956,0.0902240655311441,0.177227572714785,-1,1,-1
2023-08-25,0,3.890000104904175,3.890000104904175,3.660000085830689,3.680000066757202,3.230706214904785,8618800,20.763378481160835,-0.0529224227567613,-0.0347164082909596,-0.2488959773713794,0.0342255387916189,0.0902081121251993,0.1772611035917735,-1,-1,-1
2023-08-28,0,3.819999933242798,3.9700000286102295,3.7899999618530273,3.809999942779541,3.344834327697754,19924900,17.686006351251756,0.0347164082909596,-0.0207800055058496,-0.1949277337663372,0.03422582099125,0.0901904765807351,0.177267099744957,1,-1,-1
2023-08-29,0,3.819999933242798,3.920000076293945,3.740000009536743,3.839999914169312,3.371171712875366,7090500,15.6570618367424,0.007843209202739,0.0,-0.2020900900523843,0.0342191979305145,0.0901719730169448,0.1772763045188864,1,0,-1
2023-08-30,0,3.829999923706055,3.890000104904175,3.7200000286102295,3.7799999713897705,3.3184971809387207,5316800,14.952082812629694,-0.0157483491100543,-0.061557862974512,-0.2409730138433221,0.0342136428721065,0.0901617899683926,0.1773051683969085,-1,-1,-1
2023-08-31,0,3.7799999713897705,3.819999933242798,3.5999999046325684,3.640000104904175,3.195590019226074,7425500,14.161262072046094,-0.0377402837703272,-0.0918075126032708,-0.2869949894576541,0.0342150724948104,0.0901619975815382,0.1773617904097009,-1,-1,-1
2023-09-01,0,3.680000066757202,3.839999914169312,3.680000066757202,3.799999952316284,3.336055278778076,8296000,13.844331433799942,0.0430173144018324,-0.0208341237416116,-0.2336149405155197,0.0342192352252908,0.0901443994688006,0.1773864732475535,1,-1,-1
2023-09-04,0,3.809999942779541,3.829999923706055,3.619999885559082,3.630000114440918,3.1868109703063965,6990700,13.655443534034262,-0.045768333797451,-0.0136800347823014,-0.2793832743129708,0.0342246472797449,0.0901262886209546,0.1774379158744632,-1,-1,-1
2023-09-05,0,3.5999999046325684,3.5999999046325684,3.289999961853028,3.3399999141693115,2.9322168827056885,13365100,14.11383147055264,-0.0832619687410202,-0.1316584118142813,-0.3521738824395665,0.0342588077298658,0.0901464983410571,0.1775418628775354,-1,-1,-1
2023-09-06,0,3.3499999046325684,3.470000028610229,3.3499999046325684,3.4100000858306885,2.993670701980591,10639600,13.26847268675758,0.0207415417722457,-0.1187600792447745,-0.3439847439780423,0.0342544330035608,0.0901593982116549,0.1776390225105119,1,-1,-1
2023-09-08,0,3.369999885559082,3.430000066757202,3.309999942779541,3.309999942779541,2.905879735946656,4980300,13.04366020429578,-0.0297641144180125,-0.1327758445527327,-0.4084817138393057,0.034252636611055,0.0901801740203734,0.1777914606556422,-1,-1,-1
2023-09-11,0,3.359999895095825,3.450000047683716,3.3499999046325684,3.390000104904175,2.976112604141236,7966400,12.860932196187942,0.0238817741159819,-0.0711537866664235,-0.3288580136797195,0.0342491117248129,0.0901727838502336,0.1778764524721758,1,-1,-1
2023-09-12,0,3.400000095367432,3.509999990463257,3.369999885559082,3.4600000381469727,3.0375661849975586,5784700,10.69279631656144,0.0204386440608129,-0.093732457007443,-0.3062938655383765,0.0342446683796621,0.090173687724627,0.177944921531245,1,-1,-1
2023-09-13,0,3.4800000190734863,3.5799999237060547,3.4200000762939453,3.5,3.0726826190948486,4133600,10.197879834913364,0.0114943996088786,-0.0364697236011134,-0.3158529979140841,0.0342385019850229,0.0901580477062274,0.1780199806305957,1,-1,-1
2023-09-14,0,3.5299999713897705,3.640000104904175,3.4800000190734863,3.5899999141693115,3.151694297790528,4250500,10.010221156019645,0.0253891832127608,0.0721814283526676,-0.0802569889674632,0.0342354250382237,0.0901518963174356,0.1779899020461681,1,1,-1
2023-09-15,0,3.609999895095825,3.619999885559082,3.3299999237060547,3.5299999713897705,3.099019765853882,9985600,10.329062085748406,-0.016854323625898,0.0345855629545238,-0.0710681633734458,0.034230097778443,0.0901364170824831,0.1779583411715743,-1,1,-1
2023-09-18,0,3.549999952316284,3.5999999046325684,3.4100000858306885,3.4100000858306885,2.993670701980591,5142300,9.78645192451174,-0.0345855629545238,0.0297641144180124,-0.0950435282988276,0.0342301525948632,0.0901202133657572,0.1779311080514765,-1,1,-1
2023-09-19,0,3.400000095367432,3.490000009536743,3.3499999046325684,3.4200000762939453,3.002449989318848,4777100,9.43587509722084,0.0029283245164125,0.0088106648184432,-0.1079885455256228,0.0342232424507116,0.0901020608072243,0.1779067630652024,0,0,-1
2023-09-20,0,3.440000057220459,3.5899999141693115,3.440000057220459,3.440000057220459,3.020008087158203,4362800,8.28656789114247,0.0058308907636259,-0.0057970884787437,-0.1229376602678464,0.0342164954664201,0.0900837305677619,0.1778862263444882,1,0,-1
2023-09-21,0,3.3499999046325684,3.3499999046325684,3.059999942779541,3.059999942779541,2.6864023208618164,15258300,8.690313669501528,-0.1170566379792829,-0.1343481260669052,-0.2270575019440188,0.0342905700831595,0.0901053741878877,0.1779064394154599,-1,-1,-1
2023-09-22,0,3.0999999046325684,3.109999895095825,2.6600000858306885,2.690000057220459,2.3615760803222656,26411100,10.806563032203377,-0.1288736444879693,-0.2886109537676355,-0.4017406602964459,0.0343815058732943,0.0902733082579503,0.1780509408946888,-1,-1,-1
2023-09-25,0,2.5999999046325684,2.690000057220459,2.490000009536743,2.690000057220459,2.3615760803222656,16511100,11.481793299451764,0.0,-0.2717566301417373,-0.3942500261548774,0.0343745176732151,0.0904194957646713,0.1781882971407883,0,-1,-1
2023-09-26,0,2.6600000858306885,2.8299999237060547,2.650000095367432,2.690000057220459,2.3615760803222656,12828400,12.043943413611066,0.0,-0.2371710671872135,-0.3662939516950507,0.0343675337325566,0.0905258890482978,0.1783012337725652,0,-1,-1
2023-09-27,0,2.720000028610229,2.8399999141693115,2.609999895095825,2.640000104904175,2.317680597305298,10541900,12.562252081386356,-0.0187622837213963,-0.2588616754250226,-0.3321338126596858,0.0343625619516147,0.0906559468864777,0.1783869591327481,-1,-1,-1
2023-09-28,0,2.5999999046325684,2.9100000858306885,2.5999999046325684,2.9100000858306885,2.554716110229492,12539700,13.385743721789757,0.0973741629646662,-0.1673184032239823,-0.2694760579859791,0.0344119252116831,0.0906989211464139,0.1784300972463232,1,-1,-1
2023-09-29,0,2.930000066757202,3.180000066757202,2.930000066757202,3.069999933242798,2.695181608200073,16371900,13.968033181209147,0.0535244831516129,0.0032627179069135,-0.2237947840371051,0.0344220122621093,0.0906805367222108,0.1784479288949844,1,0,-1
2023-10-02,0,3.049999952316284,3.0999999046325684,2.950000047683716,3.069999933242798,2.695181608200073,10614000,14.551764383736543,0.0,0.132136362394883,-0.2080464349270507,0.0344150298305134,0.0907023526374985,0.1784581290998149,0,1,-1
2023-10-03,0,3.0299999713897705,3.069999933242798,2.8499999046325684,2.890000104904175,2.5371580123901367,8998000,14.92669849688859,-0.0604210273349395,0.0717153350599432,-0.2307271784916631,0.0344293568804918,0.0906960389573682,0.1784793560408913,-1,1,-1
2023-10-04,0,2.890000104904175,2.9600000381469727,2.7300000190734863,2.809999942779541,2.4669251441955566,12591600,15.716954912574073,-0.028072067603335,0.0436432674566083,-0.3018165604968306,0.0344269192091972,0.0906822432978407,0.1785428166255885,-1,1,-1
2023-10-05,0,2.8299999237060547,2.930000066757202,2.759999990463257,2.7799999713897705,2.4405877590179443,7492100,14.71383673008508,-0.0107335990990688,0.0516719520789359,-0.2667818257984485,0.034420583649556,0.0906702300955605,0.1785838564986215,-1,1,-1
2023-10-06,0,2.7100000381469727,2.75,2.559999942779541,2.700000047683716,2.370355129241944,11195700,13.130657566541036,-0.0291991076568184,-0.0749013185425489,-0.2127189647142467,0.0344185213542189,0.0906637950357426,0.1785959691192246,-1,-1,-1
2023-10-09,0,2.6600000858306885,2.7300000190734863,2.5799999237060547,2.7300000190734863,2.396692514419556,7985400,12.25350500797706,0.0110498803991048,-0.1173759212950571,-0.2224106260873878,0.0344123136720849,0.0906752766208223,0.1786127027048294,1,-1,-1
2023-10-10,0,2.759999990463257,2.9800000190734863,2.75,2.970000028610229,2.6073906421661377,9371600,11.994613005135763,0.0842602994052198,-0.0331156218898372,-0.1083862122641552,0.0344473774382898,0.0906590753858987,0.1785880510787079,1,-1,-1
2023-10-11,0,2.9800000190734863,3.049999952316284,2.940000057220459,3.009999990463257,2.642507076263428,6560200,11.68104444089882,0.013378149337684,0.0406835547827863,-0.1188898370424531,0.0344415047340412,0.090644744605316,0.1785659701197251,1,1,-1
2023-10-13,0,2.970000028610229,3.0299999713897705,2.880000114440918,2.940000057220459,2.5810534954071045,7197300,11.086424748886088,-0.0235304694835989,0.0452251529025224,-0.1628589505868652,0.0344377139622073,0.0906313291090489,0.1785573502296861,-1,1,-1
2023-10-16,0,2.970000028610229,3.1600000858306885,2.970000028610229,3.150000095367432,2.7654144763946533,9247200,10.266741233595535,0.0689928776451236,0.124951629646715,-0.10536047255062,0.0344589033018962,0.0906488712263476,0.1785320181964099,1,1,-1
2023-10-17,0,3.0999999046325684,3.240000009536743,2.990000009536743,3.0199999809265137,2.651286125183105,8117900,9.953773538697686,-0.042145672265881,0.1120050650376524,-0.172895328029262,0.0344622238316507,0.0906594174184199,0.1785270663284466,-1,1,-1
2023-10-18,0,3.0,3.0199999809265137,2.7699999809265137,2.799999952316284,2.458146095275879,7750600,9.786891735573672,-0.0756374064977085,0.025317778140839,-0.2316784109010725,0.0344885209636845,0.0906427029828969,0.1785482739082197,-1,1,-1
2023-10-19,0,2.7799999713897705,2.940000057220459,2.6700000762939453,2.690000057220459,2.3615760803222656,10796300,9.540969896578025,-0.0400782192406648,-0.0990207405050457,-0.2371710671872135,0.0344908137523133,0.0906454885698568,0.1785722609229858,-1,-1,-1
2023-10-20,0,2.6600000858306885,2.7300000190734863,2.640000104904175,2.6600000858306885,2.3352389335632324,7404700,9.497081328904711,-0.0112150138892774,-0.1236139037320071,-0.2513144055929036,0.0344845476813305,0.0906602687516003,0.178603813699193,-1,-1,-1
2023-10-23,0,2.6600000858306885,2.8299999237060547,2.650000095367432,2.789999961853028,2.449366807937622,6259100,9.001948317795854,0.0477153325204162,-0.0523681017279921,-0.2094299638361135,0.034491085333836,0.0906476424103816,0.1786140064155827,1,-1,-1
2023-10-24,0,2.8499999046325684,2.900000095367432,2.7699999809265137,2.880000114440918,2.528378963470459,5307100,8.749225380813245,0.0317488260718293,-0.0896121533012865,-0.0606244997850013,0.0344901355532753,0.0906464980586583,0.1785809134041848,1,-1,-1
2023-10-25,0,2.869999885559082,2.970000028610229,2.640000104904175,2.690000057220459,2.3615760803222656,11656200,8.885814137302031,-0.068249144702968,-0.1157156257383734,0.0,0.0345101512425716,0.0906570593471361,0.1785446747821812,-1,-1,0
2023-10-26,0,2.7100000381469727,2.8399999141693115,2.700000047683716,2.8399999141693115,2.49326229095459,6411900,8.826221803154201,0.0542627831967984,0.0141845639561335,0.0542627831967984,0.0345205827426538,0.09063933410281,0.1785127190351488,1,1,1
2023-10-27,0,2.8299999237060547,2.859999895095825,2.6600000858306885,2.720000028610229,2.387913227081299,6627300,8.70467142052645,-0.0431721521776781,0.0110906310191203,0.0110906310191203,0.0345243489192456,0.0906214190271773,0.1784768486897676,-1,1,0
2023-10-30,0,2.759999990463257,2.7799999713897705,2.569999933242798,2.5999999046325684,2.282564163208008,6041000,8.184071778954056,-0.0451204137756289,-0.0228147688672311,-0.0152674990351122,0.0345290982323895,0.0906041132588818,0.1784406847739895,-1,-1,0
2023-10-31,0,2.630000114440918,2.650000095367432,2.559999942779541,2.5999999046325684,2.282564163208008,4943500,7.731702915430159,0.0,-0.0705301013876474,-0.1126416619997785,0.0345221506809855,0.090596321800312,0.1784170760777994,0,-1,-1
2023-11-01,0,2.630000114440918,2.7300000190734863,2.5999999046325684,2.680000066757202,2.352797031402588,7750300,7.695597229930598,0.0303054025008617,-0.0719735249586149,-0.1358607426505299,0.034520674610513,0.0905889725389256,0.1783996409755894,1,-1,-1
2023-11-03,0,2.7799999713897705,3.0,2.7699999809265137,2.990000009536743,2.624948740005493,11074100,7.853440524218806,0.1094565217087173,0.1057321414530704,-0.0264042209418125,0.0345838344854362,0.0905965026079443,0.1783638739325766,1,1,-1
2023-11-06,0,3.0199999809265137,3.0999999046325684,2.7100000381469727,2.759999990463257,2.423029661178589,9685900,8.126366971996799,-0.0800426849665619,-0.0285733267102899,-0.0460258785734348,0.0346138280167799,0.0905798366438852,0.178329410747094,-1,-1,-1
2023-11-07,0,2.720000028610229,2.940000057220459,2.720000028610229,2.9200000762939453,2.56349515914917,8657500,8.42956387163848,0.0563529405948395,0.0709517660622277,0.0383991296247397,0.034625498734533,0.0905734016174495,0.1782956682285363,1,1,1
2023-11-08,0,2.9100000858306885,3.0199999809265137,2.869999885559082,3.009999990463257,2.642507076263428,7291700,8.688022389581787,0.0303564927613817,0.1464286725992383,0.0794892214851901,0.034623989391461,0.0906040263370668,0.1782681405040836,1,1,1
2023-11-09,0,3.059999942779541,3.2100000381469727,2.990000009536743,3.150000095367432,2.7654144763946533,9334200,8.612293217263852,0.0454624081615247,0.1918910807607631,0.1541507373035334,0.0346291615881081,0.0906690585288324,0.1782616825247749,1,1,1
2023-11-10,1,3.440000057220459,3.509999990463257,3.309999942779541,3.4100000858306885,2.993670701980591,28104000,11.623112713164996,0.0793097691829589,0.2408954474428604,0.2224106260873877,0.0346588669650255,0.0907812686746737,0.1782855075425624,1,1,1
2023-11-13,0,3.3499999046325684,3.4800000190734863,3.200000047683716,3.3499999046325684,2.9409961700439453,11273100,12.388711040896682,-0.0177519366622931,0.1136869890718499,0.1203983900198747,0.0346536923232732,0.0907924666089875,0.1782679254333956,-1,1,1
2023-11-14,0,3.380000114440918,3.650000095367432,3.359999895095825,3.440000057220459,3.020008087158203,16837300,14.026046016497292,0.0265111519423318,0.2202408259807437,0.1335313926245223,0.0346508806813119,0.0908830415462481,0.1782543364529037,1,1,1
2023-11-16,0,3.450000047683716,3.5899999141693115,3.4200000762939453,3.559999942779541,3.125357151031494,8864700,14.75156217197458,0.0342890557378817,0.1981769411237861,0.1913509178460033,0.0346508216231057,0.0909528463516655,0.1782629652157681,1,1,1
2023-11-17,0,3.5899999141693115,3.619999885559082,3.4200000762939453,3.5999999046325684,3.160473346710205,5117800,14.660540185295318,0.0111732446556239,0.1789936930180282,0.1335312848565035,0.0346446282445063,0.0910063983775449,0.1782493451236434,1,1,1
2023-11-20,0,3.640000104904175,3.640000104904175,3.549999952316284,3.5999999046325684,3.160473346710205,2716100,13.755504511470455,0.0,0.1335312848565035,0.1756769571223846,0.0346376905368666,0.0910282440857236,0.1782511442900685,0,1,1
2023-11-21,0,3.569999933242798,3.609999895095825,3.450000047683716,3.5999999046325684,3.160473346710205,5396300,13.472112435375164,0.0,0.0542215156735446,0.2513143636200932,0.0346307569954588,0.0910167805961185,0.1782906536419028,0,1,1
2023-11-22,0,3.660000085830689,3.910000085830689,3.5799999237060547,3.75,3.2921597957611084,15289500,14.715451447769007,0.0408220126252831,0.1127954649611207,0.3322145954860412,0.0346335477182822,0.0910271940210826,0.1783846959426305,1,1,1
2023-11-23,0,3.799999952316284,3.990000009536743,3.7699999809265137,3.849999904632568,3.379950761795044,6972300,14.905325914676258,0.0263173196036244,0.1126016326224134,0.3697469289789432,0.0346306756365456,0.0910374777555179,0.1785088345382936,1,1,1
2023-11-24,0,3.849999904632568,3.880000114440918,3.7100000381469727,3.7200000286102295,3.265822649002075,5269100,14.52515010573068,-0.0343494510026017,0.0439631258819298,0.2876821454559252,0.0346304915205654,0.091023727632009,0.1785705677200907,-1,1,1
2023-11-27,0,3.7799999713897705,3.849999904632568,3.700000047683716,3.7799999713897705,3.3184971809387207,6951600,11.82723356056147,0.0160003332348698,0.0487902144611757,0.2719336526189657,0.0346250824188473,0.0910109927681745,0.1786219837850557,1,1,1
2023-11-28,0,3.75,3.849999904632568,3.670000076293945,3.829999923706055,3.3623926639556885,5831200,11.22869933079076,0.0131407988134594,0.0619310132746351,0.3533235961353933,0.034619188923232,0.0910015284170028,0.1787317757148978,1,1,1
2023-11-29,0,3.849999904632568,3.930000066757202,3.809999942779541,3.829999923706055,3.3623926639556885,4917100,9.712607763139292,0.0,0.0619310132746351,0.2990608129385949,0.0346122756370452,0.0909920636561243,0.1788006933328117,0,1,1
2023-11-30,0,3.880000114440918,3.9700000286102295,3.809999942779541,3.9700000286102295,3.485300064086914,8706800,9.829265470183666,0.0359013191908,0.0570103198401522,0.3781342843070731,0.0346128704110003,0.0909812882734752,0.1789307448641616,1,1,1
2023-12-01,0,3.9700000286102295,3.9800000190734863,3.619999885559082,3.890000104904175,3.415067195892334,16827500,11.653598686416876,-0.0203569725910947,0.0103360276454329,0.4028977254916072,0.0346083138788968,0.0909633844975054,0.1790825147831272,-1,1,1
2023-12-04,0,3.859999895095825,3.859999895095825,3.5999999046325684,3.650000095367432,3.204369068145752,9161300,12.571324941550246,-0.0636819571374305,-0.0189964784893957,0.3392157683541766,0.0346246435980672,0.0909459088673541,0.1791800470594235,-1,-1,1
2023-12-05,0,3.650000095367432,3.930000066757202,3.619999885559082,3.890000104904175,3.415067195892334,11180500,13.504747415097023,0.0636819571374305,0.0286851454131648,0.3725923229907456,0.0346412217681375,0.0909296874408115,0.1793043883981046,1,1,1
2023-12-06,0,3.930000066757202,3.990000009536743,3.890000104904175,3.920000076293945,3.4414045810699463,11558400,13.038270414018218,0.0076825269826669,0.0232268735823723,0.2708183282646952,0.0346346724192053,0.0909128264275818,0.1793538483413532,1,1,1
2023-12-07,0,3.920000076293945,4.199999809265137,3.859999895095825,4.199999809265137,3.6872189044952393,19644800,15.197330077168932,0.0689927929702507,0.0922196665526231,0.4198538062015079,0.0346552666955791,0.0909137821237285,0.1795201375824729,1,1,1
2023-12-08,0,4.300000190734863,4.329999923706055,4.039999961853027,4.239999771118164,3.722335338592529,12799300,16.54199009729243,0.0094787610347586,0.0657971083965817,0.3729796266414271,0.0346488968360023,0.0909054417828122,0.1796439185256313,1,1,1
2023-12-11,0,4.230000019073486,4.289999961853027,4.130000114440918,4.190000057220459,3.6784400939941406,5800500,16.465465583669165,-0.0118624756921262,0.0742916052955501,0.3307606581879191,0.0346427892055436,0.0908997471152044,0.1797337511155158,-1,1,1
2023-12-12,0,4.199999809265137,4.269999980926514,4.150000095367432,4.25,3.731114625930786,5762000,16.549051311815536,0.0142182415294757,0.1521918039624565,0.2995164915558701,0.0346370797565457,0.0909330555045213,0.179801061817393,1,1,1
2023-12-13,0,4.28000020980835,4.539999961853027,4.25,4.539999961853027,3.985708236694336,6957300,17.043724568521373,0.066008005752579,0.1545178525776049,0.2862147281254899,0.0346552970387942,0.0909678558737619,0.1798593855050257,1,1,1
2023-12-14,0,4.599999904632568,4.630000114440918,4.449999809265137,4.449999809265137,3.906696319580078,6532200,16.830486059051218,-0.0200229363074508,0.1268123892874869,0.2839437284803322,0.0346506810820256,0.0909854124530212,0.179916102287537,-1,1,1
2023-12-15,0,4.440000057220459,4.5,4.340000152587891,4.349999904632568,3.818905353546143,5695300,15.252467465559182,-0.0227282608981832,0.035091335419053,0.2347043156398172,0.0346467258731778,0.0909701130651369,0.1799437592946443,-1,1,1
2023-12-18,0,4.360000133514404,4.400000095367432,4.269999980926514,4.360000133514404,3.8276846408844,5098200,14.817644382641689,0.0022962630930355,0.0279088374773297,0.2027115229949709,0.0346398762767922,0.0909538062683726,0.1799554535619159,0,1,1
2023-12-19,0,4.400000095367432,4.590000152587891,4.380000114440918,4.429999828338623,3.889137983322144,5839500,14.134098295412894,0.0159274469731633,0.0556987601426193,0.2074657253125101,0.0346344739420596,0.0909426844954348,0.1799693141855293,1,1,1
2023-12-20,0,4.460000038146973,4.46999979019165,4.300000190734863,4.320000171661377,3.792568445205689,8357500,13.777084123442588,-0.0251440553621356,0.016336463251008,0.1823216699503744,0.0346311869222783,0.0909252344760528,0.1799719896773566,-1,1,1
2023-12-21,0,4.369999885559082,4.400000095367432,4.289999961853027,4.300000190734863,3.775010108947754,7441100,11.817907449842007,-0.0046404190296705,-0.0543119615312415,0.1776812509207039,0.0346244315842699,0.09091342685864,0.1799727325395516,-1,-1,1
2023-12-22,0,4.300000190734863,4.550000190734863,4.269999980926514,4.53000020980835,3.976929426193237,6787600,10.905595303137869,0.0521069600154951,0.0178179347917043,0.1889661983109158,0.0346331876525373,0.0908961134067086,0.179978144360848,1,1,1
2023-12-26,0,4.550000190734863,4.590000152587891,4.429999828338623,4.449999809265137,3.906696319580078,4523600,10.743696235842547,-0.0178179347917044,0.0227282608981833,0.1448309439155869,0.0346281154583097,0.0908792612823434,0.1799667658814097,-1,1,1
2023-12-27,0,4.409999847412109,4.510000228881836,4.400000095367432,4.489999771118164,3.941812515258789,2868100,10.2933530520352,0.0089485609941776,0.0293805587993252,0.1881289559123662,0.0346217224921787,0.0908631977130051,0.1799717595875252,1,1,1
2023-12-28,0,4.46999979019165,4.489999771118164,4.380000114440918,4.460000038146973,3.915475606918335,4870700,9.910805826118168,-0.0067038414694344,0.0067492703567276,0.165424781208062,0.0346151118101232,0.0908452830195489,0.179967614410474,-1,0,1
