Date,event,Open,High,Low,Close,Adj Close,Volume,WClose,Daily_Return,Week_Return,Month_Return,Cumulative_std_Daily_Return,Cumulative_std_Week_Return,Cumulative_std_Month_Return,Indicator_Daily_Return,Indicator_Week_Return,Indicator_Month_Return
2017-02-24,0,4.550000190734863,4.550000190734863,4.550000190734863,4.550000190734863,3.5267107486724854,5200,,,,,,,,0,0,0
2017-03-01,0,4.550000190734863,4.550000190734863,4.487500190734863,4.487500190734863,3.478266954421997,17200,,-0.0138314691679762,,,,,,0,0,0
2017-03-02,0,4.487500190734863,4.487500190734863,4.487500190734863,4.487500190734863,3.478266954421997,0,,0.0,,,0.0097803256424486,,,0,0,0
2017-03-03,0,4.75,4.75,4.625,4.6875,3.633287906646729,7200,,0.0436038295915213,,,0.0299761489576403,,,1,0,0
2017-03-06,0,4.699999809265137,4.875,4.625,4.800000190734863,3.7204861640930176,22800,,0.0237163512872255,,,0.0254283846822844,,,1,0,0
2017-03-07,0,4.525000095367432,4.75,4.525000095367432,4.59499979019165,3.5615904331207275,13600,,-0.0436471530411858,,,0.0336926235471561,,,-1,0,0
2017-03-08,0,4.554999828338623,4.75,4.465000152587891,4.625,3.584843397140503,16400,,0.0065075943143789,0.0163491529839636,,0.030192523681366,,,1,0,0
2017-03-09,0,4.474999904632568,4.75,4.40749979019165,4.747499942779541,3.679792642593384,6800,,0.0261416131804519,0.0563222353323918,,0.0289480911963925,0.0282652375935019,,1,1,0
2017-03-10,0,4.525000095367432,4.744999885559082,4.5,4.672500133514404,3.6216611862182617,26000,,-0.0159235916720997,0.0403986436602921,,0.0279059886851868,0.0201237259885141,,-1,1,0
2017-03-13,0,4.599999904632568,4.599999904632568,4.599999904632568,4.599999904632568,3.565465450286865,2400,0.0049371896292453,-0.0156382053656314,-0.0188433912968606,,0.0268577697547332,0.0326952996001913,,-1,-1,0
2017-03-14,0,4.697500228881836,4.75,4.625,4.647500038146973,3.602283239364624,3600,0.0048746700377677,0.010273271143869,-0.032286471440217,,0.0254832763120174,0.0377548411672691,,1,-1,0
2017-03-15,0,4.625,4.670000076293945,4.625,4.670000076293945,3.619723081588745,6400,0.0044479144733873,0.0048296485349053,0.0161903301358742,,0.0241893570885863,0.0338046150906866,,1,1,0
2017-03-16,0,4.625,4.747499942779541,4.625,4.650000095367432,3.60422158241272,3200,0.0045821750848822,-0.0042917059003616,0.0053910299211338,,0.023143598745941,0.0309937349176188,,-1,1,0
2017-03-17,0,4.625,4.724999904632568,4.625,4.650000095367432,3.60422158241272,4400,0.0044622608676009,0.0,-0.0207505832593182,,0.0221640051794308,0.0309337582127812,,0,-1,0
2017-03-20,0,4.574999809265137,4.574999809265137,4.375,4.375,3.3910679817199707,8000,0.0037905969956365,-0.0609609095791122,-0.0657879011663307,,0.0270862305137321,0.0379437780521704,,-1,-1,0
2017-03-21,0,4.375,4.375,4.252500057220459,4.252500057220459,3.2961184978485107,10000,0.0036104369986948,-0.0283993472153749,-0.0785490430160743,,0.0269247600876585,0.043491384372514,,-1,-1,0
2017-03-22,0,4.449999809265137,4.650000095367432,4.449999809265137,4.647500038146973,3.602283239364624,623200,0.0290592430224619,0.0888223141599435,0.0,,0.0349431319553888,0.0413327794365418,,1,0,0
2017-03-23,0,4.545000076293945,4.642499923706055,4.474999904632568,4.474999904632568,3.4685778617858887,12000,0.0292524862387346,-0.0378232057279257,-0.0426528542628311,,0.0351405904096475,0.0407009175006977,,-1,-1,0
2017-03-24,0,4.480000019073486,4.572500228881836,4.460000038146973,4.465000152587891,3.4608278274536133,46800,0.0300417816936876,-0.0022368549082829,-0.0405980032707523,,0.0340926720516958,0.039860888707063,,0,-1,0
2017-03-27,0,4.474999904632568,4.474999904632568,4.449999809265137,4.449999809265137,3.4492006301879883,1600,0.030006411979892,-0.0033653141402799,-0.0439633174110323,,0.0331363879487844,0.0391992263310516,,-1,-1,0
2017-03-28,0,4.487500190734863,4.675000190734863,4.487500190734863,4.675000190734863,3.623598575592041,61200,0.0324369888537896,0.0493251109194097,0.0663227030874897,,0.0341718547325774,0.0432061518895203,,1,1,0
2017-03-29,0,4.695000171661377,4.75,4.65749979019165,4.697500228881836,3.641038417816162,85200,0.0357785166814797,0.0048013068630037,0.0995233571658685,,0.0333150928790721,0.0498514017855623,,1,1,0
2017-03-30,0,4.697500228881836,4.762499809265137,4.625,4.724999904632568,3.662354230880737,349200,0.0505317549750163,0.0058372525250267,0.0165382955309518,0.0377405358015054,0.0325252329075427,0.0484930233961143,,1,1,0
2017-03-31,1,4.695000171661377,4.767499923706055,4.695000171661377,4.75,3.681730747222901,390400,0.0670791904450142,0.0052767802552809,0.0596382815141584,0.0568487852247626,0.0317861016854104,0.0492063422903692,0.0135115727437891,1,1,1
2017-04-03,0,4.724999904632568,4.8125,4.675000190734863,4.8125,3.730175495147705,105200,0.071331453176318,0.0130723288220906,0.074947465244532,0.0699211140468531,0.0311714014894306,0.0506754099264154,0.0161843576386749,1,1,1
2017-04-04,0,4.724999904632568,4.972499847412109,4.724999904632568,4.972499847412109,3.8541910648345934,24000,0.0720245463438368,0.0327058622994806,0.1110186416842926,0.0590231467548125,0.03111368088557,0.0546580392476849,0.0133792241342401,1,1,1
2017-04-05,0,4.807499885559082,4.960000038146973,4.807499885559082,4.894999980926514,3.7941207885742174,18000,0.0466863609481336,-0.0157084367443861,0.0459850940204966,0.0195983587232007,0.030718175221005,0.0538195296541833,0.0199392453964553,-1,1,1
2017-04-06,0,4.764999866485596,4.789999961853027,4.625,4.625,3.584843397140503,74000,0.0492899155945651,-0.0567379174500078,-0.015554130292515,0.0065075943143789,0.032228093010105,0.0528650487428382,0.0247734589978922,-1,-1,1
2017-04-07,0,4.71999979019165,4.762499809265137,4.712500095367432,4.762499809265137,3.6914196014404297,9200,0.0477998121885626,0.0292963096143217,0.00790492679678,0.0292963096143217,0.0320870702072986,0.0516545850073457,0.0230886528344649,1,1,1
2017-04-10,0,4.677499771118164,4.8125,4.672500133514404,4.747499942779541,3.679792642593384,19600,0.0485751579065555,-0.0031546964338697,-0.0005265498923706,0.0,0.0315214029945735,0.0505758334582305,0.0256010435193881,-1,0,0
2017-04-11,0,4.747499942779541,4.75,4.630000114440918,4.679999828338623,3.6274733543396,11600,0.0464834535864621,-0.0143200431838615,-0.0279189218983228,0.0016035484882381,0.0311069544164344,0.0501100792397244,0.0263898900439458,-1,-1,0
2017-04-12,0,4.625,4.772500038146973,4.625,4.772500038146973,3.6991703510284415,27600,0.0440607534413084,0.0195722047671677,-0.0410525794306357,0.0368139586210375,0.0307666655914054,0.0500756201333887,0.0249445353903248,1,-1,1
2017-04-13,0,4.652500152587891,4.652500152587891,4.525000095367432,4.602499961853027,3.5674033164978027,39544400,1.6713668792698582,-0.0362705962455399,-0.0616147389317894,-0.0097299087683715,0.0309956308931816,0.0508593798081631,0.026764022540032,-1,-1,-1
2017-04-17,0,4.352499961853027,4.650000095367432,4.352499961853027,4.599999904632568,3.565465450286865,4008000,1.8209880145696544,-0.0005433623754975,-0.0054201838572791,-0.0151029196787745,0.0305078841731819,0.0499451593535091,0.0283860799084056,0,-1,-1
2017-04-18,0,4.599999904632568,4.599999904632568,4.474999904632568,4.5,3.487955331802368,3004400,1.938407590181172,-0.0219789067187751,-0.0566954001903759,-0.032790120497188,0.0302847558872378,0.0503369830096664,0.0314644285953076,-1,-1,-1
2017-04-19,0,4.402500152587891,4.599999904632568,4.25,4.372499942779541,3.3891308307647705,6914000,2.2101059899518907,-0.0287422033019149,-0.0822829070584212,-0.061532323799103,0.0302202491222618,0.0518116910589944,0.0372617358409008,-1,-1,-1
2017-04-20,0,4.269999980926514,4.487500190734863,4.269999980926514,4.375,3.3910679817199707,2558400,2.310304176021384,0.0005714142199908,-0.0673914496545689,0.0,0.0297867635376918,0.0523343172717886,0.0360918865770124,0,-1,0
2017-04-24,0,4.502500057220459,4.502500057220459,4.449999809265137,4.449999809265137,3.4492006301879883,8001600,2.628495176789122,0.0169975921680799,-0.0699660622536568,0.045396939383455,0.0295202824953882,0.0528365647026072,0.0357843499960488,1,-1,1
2017-04-25,0,4.449999809265137,4.449999809265137,4.449999809265137,4.449999809265137,3.4492006301879883,0,2.628099838934688,0.0,-0.0336954660081169,-0.0434253747764885,0.0291187902959726,0.0522462346897142,0.037454374386299,0,-1,-1
2017-04-26,0,4.5,4.5,4.5,4.5,3.487955331802368,400,2.627276491446557,0.0111731969138442,-0.0219789067187751,0.0055710278652814,0.028794714489884,0.0515239684829724,0.0363654893415247,1,-1,1
2017-04-27,0,4.5,4.5,4.5,4.5,3.487955331802368,0,2.6267866569355407,0.0,0.0,0.0078078827735643,0.0284231895244633,0.0507714457664324,0.035350671322175,0,0,1
2017-04-28,0,4.5,4.5,4.5,4.5,3.487955331802368,0,2.625598153139445,0.0,0.0287422033019149,0.0111731969138442,0.0280656840549548,0.0503753257991714,0.0344078200231118,0,1,1
2017-05-02,0,4.5,4.574999809265137,4.425000190734863,4.574999809265137,3.546087741851806,51600,0.9855345614382972,0.016529251525518,0.0447000406074421,-0.0216226624800475,0.0278422315918173,0.0503399475105183,0.0342945671974541,1,1,-1
2017-05-03,0,4.650000095367432,4.75,4.5625,4.75,3.681730747222901,6040400,1.0780651872323512,0.037538002123359,0.0652404505627213,0.0111140327803076,0.0280940453169346,0.0508994945030959,0.0334694839090398,1,1,1
2017-05-04,0,4.672500133514404,4.672500133514404,4.550000190734863,4.635000228881836,3.592594861984253,6047600,1.2089948044179375,-0.0245082091790958,0.0407322413836255,-0.0192314289238147,0.0280304929237412,0.0506871791322018,0.0332531717079654,-1,1,-1
2017-05-05,0,4.625,4.650000095367432,4.574999809265137,4.650000095367432,3.60422158241272,11200,0.936689525230624,0.0032310760274067,0.032790120497188,-0.0212771331516889,0.0277133008153468,0.050314385541489,0.0330845179411182,1,1,-1
2017-05-08,0,4.5,4.650000095367432,4.5,4.650000095367432,3.60422158241272,1600,0.8357634627141023,0.0,0.032790120497188,-0.0343494619737796,0.0274037378545164,0.0499442182381203,0.0334388584387418,0,1,-1
2017-05-09,0,4.650000095367432,4.6875,4.579999923706055,4.6875,3.633287906646729,21200,0.5153810279672686,0.0080321775184476,0.0408222980156356,-0.0590231467548124,0.0271266551506923,0.0497158669764998,0.0351272536985005,1,1,-1
2017-05-10,0,4.6875,4.837500095367432,4.6875,4.6875,3.633287906646729,6203200,0.7777441296788826,0.0,0.0242930464901178,-0.0433147100104263,0.0268366779064116,0.0492402645464815,0.0355839812725963,0,1,-1
2017-05-11,0,4.6875,4.747499942779541,4.6875,4.747499942779541,3.679792642593384,11200,0.7782076534443135,0.0127184057408705,-0.0005265498923706,0.0261416131804519,0.026611839609547,0.0486662072849976,0.0352311846116434,1,0,1
2017-05-12,0,4.75,4.75,4.542500019073486,4.75,3.681730747222901,1600,0.7782762273943578,0.0005265498923707,0.0245082091790958,-0.0026281465414989,0.0263389344961915,0.0482243849070285,0.0346082211492134,0,1,0
2017-05-15,0,4.75,4.75,4.75,4.75,3.681730747222901,0,0.7782762273943578,0.0,0.021277133151689,0.0005265498923707,0.0260744931806883,0.047763849380997,0.0340074869194507,0,1,0
2017-05-16,0,4.699999809265137,4.699999809265137,4.699999809265137,4.699999809265137,3.642975091934204,400,0.7761631573889024,-0.0105822726013664,0.0106948605503224,0.0042643204748658,0.0258661702550793,0.0472546806268922,0.0334382886017518,-1,1,1
2017-05-17,0,4.650000095367432,4.699999809265137,4.599999904632568,4.699999809265137,3.642975091934204,45200,0.5191961745327882,0.0,0.0026626830318748,-0.0153078842923019,0.0256163929902304,0.0467493587366315,0.0330382867204254,0,0,-1
2017-05-18,0,4.519999980926514,4.519999980926514,4.077499866485596,4.190000057220459,3.2476747035980225,527200,0.2862101930129219,-0.1148614163122416,-0.1121987332803667,-0.0938987043590037,0.029845373995826,0.0491136364713433,0.0365180409690936,-1,-1,-1
2017-05-19,0,4.389999866485596,4.389999866485596,4.300000190734863,4.337500095367432,3.3620026111602783,14400,0.2863038506539735,0.0345975472041742,-0.090319591817063,-0.0587577947793319,0.0299662683502679,0.0502936227400425,0.0372847860792872,1,-1,-1
2017-05-22,0,4.074999809265137,4.199999809265137,4.074999809265137,4.199999809265137,3.255424976348877,30000,0.2873736042200441,-0.0322139834263947,-0.1230601251358284,-0.0689928714869514,0.0299865716103036,0.0526449366207144,0.0383878539109279,-1,-1,-1
2017-05-23,0,4.199999809265137,4.275000095367432,4.082499980926514,4.082499980926514,3.164351463317871,17200,0.2871105328045652,-0.0283747025333244,-0.1514348276691529,-0.0686253707183609,0.0299311743981752,0.0560285218708658,0.039297752856241,-1,-1,-1
2017-05-24,0,4.199999809265137,4.3125,3.9375,3.9375,3.0519614219665527,6968400,0.2723181463276009,-0.0361636525996835,-0.17701620766747,-0.1053604375380353,0.030006615924867,0.0602473563507046,0.0420075325316464,-1,-1,-1
2017-05-25,0,4.050000190734863,4.050000190734863,3.940000057220459,3.940000057220459,3.053898811340332,8000,0.2721227828030351,0.0006345999956661,-0.1763816076718038,-0.1217234297104489,0.0297495997319588,0.0638578812566372,0.0452692249616818,0,-1,-1
2017-05-26,0,3.927500009536743,3.927500009536743,3.927500009536743,3.927500009536743,3.044210433959961,800,0.2720825587716234,-0.003177504745237,-0.0646976961047992,-0.1249009344556859,0.0294965608057468,0.0636547979114453,0.0481714011237362,-1,-1,-1
2017-05-29,0,3.927500009536743,3.927500009536743,3.927500009536743,3.927500009536743,3.044210433959961,0,0.2720825587716234,0.0,-0.0992952433089734,-0.1360741313695301,0.029251408208672,0.0641092070215721,0.0512477713681238,0,-1,-1
2017-05-30,0,3.875,3.875,3.75,3.8125,2.955073595046997,114400,0.2760009287264035,-0.0297180125366994,-0.0967992724192782,-0.1657921439062296,0.0292171890054287,0.0644527443777892,0.0556050498073948,-1,-1,-1
2017-05-31,0,3.797499895095825,3.805000066757202,3.5374999046325684,3.5374999046325684,2.7419204711914062,43200,0.2754629844173847,-0.0748649790315465,-0.1432895489175003,-0.2406571229377762,0.0303675879222299,0.0660225775778217,0.0644737819527968,-1,-1,-1
2017-06-01,0,3.539999961853028,3.539999961853028,3.5,3.5,2.712854146957397,8040000,0.5094357740116225,-0.01065730534313,-0.1177832016609467,-0.2678436798064242,0.0301371185856917,0.066713401485928,0.0735299911215806,-1,-1,-1
2017-06-02,0,3.5,3.5,3.5,3.5,2.712854146957397,4000000,0.6351926344323476,0.0,-0.118417801656613,-0.3053816819297832,0.0299050684558564,0.0673488620208687,0.083497435807421,0,-1,-1
2017-06-05,0,3.650000095367432,3.650000095367432,3.5,3.5,2.712854146957397,2800,0.6341441748616711,0.0,-0.115240296911376,-0.2808734727506874,0.0296782969413441,0.0678465221313018,0.090085457117284,0,-1,-1
2017-06-06,0,3.555000066757202,3.555000066757202,3.555000066757202,3.555000066757202,2.7554855346679688,400,0.6335234270731668,0.0155923932713727,-0.0996479036400032,-0.2685121555067215,0.0295494607723386,0.0679810755255934,0.0950205295379573,1,-1,-1
2017-06-07,0,3.555000066757202,3.555000066757202,3.555000066757202,3.555000066757202,2.7554855346679688,0,0.3859527118385172,0.0,-0.0699298911033037,-0.2685121555067215,0.0293315142801111,0.0676715729012428,0.0992832288436279,0,-1,-1
2017-06-08,0,3.494999885559082,3.494999885559082,3.4375,3.4375,2.6644108295440674,800,0.3856931233458483,-0.0336107086233718,-0.0286756206951289,-0.310155041648541,0.0293379154412637,0.0671336266498601,0.1049627134515529,-1,-1,-1
2017-06-09,0,3.4375,3.4375,3.4375,3.4375,2.6644108295440674,0,0.3856647734272156,0.0,-0.018018315351999,-0.310155041648541,0.0291285953155777,0.0666133957364736,0.1098822375580549,0,-1,-1
2017-06-12,0,3.4375,3.4375,3.4375,3.4375,2.6644108295440674,0,0.3856647734272156,0.0,-0.018018315351999,-0.3228734473894116,0.0289236920399212,0.066105075110519,0.1147425372858068,0,-1,-1
2017-06-13,0,3.362499952316284,3.362499952316284,3.362499952316284,3.362499952316284,2.60627818107605,800,0.3817537120179949,-0.0220597366930936,-0.0400780520450926,-0.3454597339748759,0.0287984835962255,0.0656275795979501,0.1199876102435721,-1,-1,-1
2017-06-14,0,3.492500066757202,3.5174999237060547,3.377500057220459,3.377500057220459,2.6179044246673584,59600,0.3821911327040592,0.0044509404293618,-0.0512195048871036,-0.341008793545514,0.0286157159408091,0.0652111247424628,0.1244090603900123,1,-1,-1
2017-06-15,0,3.377500057220459,3.377500057220459,3.377500057220459,3.377500057220459,2.6179044246673584,0,0.1282870679980214,0.0,-0.0512195048871036,-0.3304265209441476,0.0284230035311275,0.0648022009122837,0.1279220474732826,0,-1,-1
2017-06-16,0,3.377500057220459,3.377500057220459,3.377500057220459,3.377500057220459,2.6179044246673584,0,0.0019666377960125,0.0,-0.0176087962637317,-0.3304265209441476,0.0282341321797555,0.0643390237510178,0.1310496405538027,0,-1,-1
2017-06-19,0,3.377500057220459,3.377500057220459,3.377500057220459,3.377500057220459,2.6179044246673584,0,0.0018782134948711,0.0,-0.0176087962637317,-0.2155651046319059,0.0280489759846021,0.0638856377929415,0.1309440153764977,0,-1,-1
2017-06-20,0,3.414999961853028,3.484999895095825,3.375,3.4749999046325684,2.693476676940918,40400,0.0031321062008093,0.0284586442663783,0.0108498480026466,-0.2217040075697019,0.0281071026029098,0.0635819735471779,0.1309097501638642,1,1,-1
2017-06-21,0,3.375,3.375,3.375,3.375,2.615966558456421,2400,0.0032051915942343,-0.0291991540365805,0.0037104306591595,-0.2186891781798878,0.028075190806975,0.063230800183328,0.1307857312830027,-1,0,-1
2017-06-22,0,3.150000095367432,3.150000095367432,3.150000095367432,3.150000095367432,2.4415690898895264,800,0.0032031163286362,-0.0689927477972771,-0.0697332575674794,-0.2593072234438405,0.0288419890334351,0.0630110739420655,0.131394828298812,-1,-1,-1
2017-06-23,0,3.352499961853028,3.375,3.352499961853028,3.362499952316284,2.60627818107605,6000,0.0033851531226685,0.0652823171381175,-0.0044509404293618,-0.1578612537060394,0.029706402666662,0.0626315644727492,0.130483770457086,1,0,-1
2017-06-26,0,3.3499999046325684,3.487499952316284,3.3499999046325684,3.487499952316284,2.703166007995605,9600,0.0036872394785491,0.0365004622215917,0.03204952179223,-0.1219953914801137,0.0298575126977947,0.0625598378701934,0.1294049142450203,1,1,-1
2017-06-27,0,3.487499952316284,3.497499942779541,3.414999961853028,3.414999961853028,2.6469709873199463,28000,0.0045257365880574,-0.0210077190154745,0.0110418027767553,-0.1398256057503514,0.029737122192748,0.0622793132931936,0.1284223078998314,-1,1,-1
2017-06-28,0,3.497499942779541,3.497499942779541,3.497499942779541,3.497499942779541,2.710916757583618,9600,0.0030123906862803,0.0238709020211813,0.0064540605315582,-0.1159547037291701,0.0297075416078605,0.0619703105408124,0.1273797773398197,1,1,-1
2017-06-29,0,3.450000047683716,3.5,3.450000047683716,3.5,2.712854146957397,6400,0.0032145033746035,0.0007144068177942,0.036367621385933,-0.0855222843746765,0.0295310790808482,0.061941829552573,0.1263635587456656,0,1,-1
2017-06-30,0,3.617500066757202,3.617500066757202,3.525000095367432,3.612499952316284,2.800053358078003,13600,0.003657797907634,0.0316372020215108,0.1369975712047208,0.0209798966783807,0.0295959109919427,0.0640941396241714,0.1262781180645416,1,1,1
2017-07-03,0,3.612499952316284,3.612499952316284,3.612499952316284,3.612499952316284,2.800053358078003,0,0.003657797907634,0.0,0.0717152540666033,0.0316372020215108,0.0294227583139818,0.0645193419606084,0.1263301163468491,0,1,1
2017-07-04,0,3.75,3.75,3.75,3.75,2.906629800796509,400,0.0024046089847849,0.0373557925041198,0.0725705843491312,0.0689929945256305,0.0295644857888249,0.0649264665125659,0.1270073996689754,1,1,1
2017-07-05,0,3.875,3.912499904632568,3.875,3.912499904632568,3.032583951950073,312000,0.0133457648727673,0.0424207795653069,0.1359990829299128,0.1114137740909375,0.0297768418500436,0.0667258530820999,0.1285253920772858,1,1,1
2017-07-06,0,3.775000095367432,3.775000095367432,3.652499914169312,3.652499914169312,2.961038827896118,12400,0.0137504453290621,-0.0238748833895942,0.0882532975191373,0.0719464974299703,0.0297002017677597,0.067306375568263,0.1290903719186955,-1,1,1
2017-07-07,0,3.674999952316284,3.674999952316284,3.674999952316284,3.674999952316284,2.9792792797088623,400,0.0135822811510982,0.0061412566837548,0.0936801473850981,0.0780877541137252,0.0295452319833407,0.0679459543285764,0.1297057379041093,1,1,1
2017-07-10,0,3.674999952316284,3.674999952316284,3.674999952316284,3.674999952316284,2.9792792797088623,0,0.0132801947952176,0.0,0.0620429453635874,0.111698462737097,0.0293812902511498,0.0680447887062078,0.1309238047752096,0,1,1
2017-07-11,0,3.674999952316284,3.674999952316284,3.674999952316284,3.674999952316284,2.9792792797088623,0,0.0124174261131717,0.0,0.0620429453635874,0.111698462737097,0.0292200477370332,0.0681298892158675,0.1320373110488196,0,1,1
2017-07-12,0,3.819999933242798,3.819999933242798,3.819999933242798,3.819999933242798,3.096829414367676,400,0.0121288935619348,0.0386973997269988,0.0633845525864662,0.1503958624640959,0.0293631516371949,0.0682189746520858,0.1339087459743401,1,1,1
2017-07-13,0,3.819999933242798,3.819999933242798,3.819999933242798,3.819999933242798,3.096829414367676,0,0.0119267808736116,0.0,0.0209637730211594,0.1724555991571895,0.0292052143706282,0.0679184247919173,0.1361612388113332,0,1,1
2017-07-14,0,3.819999933242798,3.819999933242798,3.819999933242798,3.819999933242798,3.096829414367676,0,0.0114834863405811,0.0,0.0448386564107535,0.1680046587278275,0.029049798573264,0.0677945974901926,0.138127755271919,0,1,1
2017-07-17,0,3.9574999809265137,3.9574999809265137,3.825000047683716,3.825000047683716,3.100882768630981,800,0.0115123640335289,0.0013080164814151,0.0400054162084139,0.1693126752092427,0.0288977913737842,0.0676259832619196,0.1399699324882883,0,1,1
2017-07-18,0,4.125,4.125,3.9600000381469727,3.974999904632568,3.2224857807159424,198000,0.0189263416562459,0.038466208292582,0.0784716245009957,0.2077788835018246,0.0290296281047086,0.0678847445384668,0.1425823841756062,1,1,1
2017-07-19,0,3.962500095367432,4.025000095367432,3.900000095367432,3.900000095367432,3.161684036254883,538800,0.027742579762421,-0.0190482348092682,0.0594233896917276,0.1887306486925563,0.0289375390865383,0.0678883585297039,0.1445441189459034,-1,1,1
2017-07-20,0,3.924999952316284,3.927500009536743,3.887500047683716,3.887500047683716,3.151550531387329,264800,0.0370298621088358,-0.003210244593858,0.0175157453708707,0.1570617598323201,0.0287902902118903,0.0675753714780027,0.1457077937929441,-1,1,1
2017-07-21,0,3.882499933242798,3.882499933242798,3.8125,3.875,3.1414170265197754,919600,0.0706448162179679,-0.0032205834634182,0.0142951619074525,0.1830403304054823,0.0286452741119549,0.06725440107182,0.1472911933462428,-1,1,1
2017-07-24,0,3.875,3.875,3.875,3.875,3.1414170265197754,400,0.0706594438068001,0.0,0.0142951619074525,0.2520330782027594,0.0285019203510679,0.0669378806682069,0.1503292763593152,0,1,1
2017-07-25,0,3.827500104904175,3.869999885559082,3.799999952316284,3.799999952316284,3.080615758895874,121600,0.0750201644651416,-0.0195444817308156,-0.0065573363047781,0.1672062793338263,0.0284189226175102,0.0665884310777565,0.1513453497849501,-1,0,1
2017-07-26,0,3.799999952316284,3.799999952316284,3.799999952316284,3.799999952316284,3.080615758895874,0,0.0750057444925706,0.0,-0.0450235445973601,0.1307058171122344,0.0282795727970849,0.0663516777028209,0.1517048934082617,0,-1,1
2017-07-27,0,3.799999952316284,3.799999952316284,3.799999952316284,3.799999952316284,3.080615758895874,110400,0.0789648198271175,0.0,-0.0259753097880919,0.1517135361277091,0.0281422529914632,0.0660368560550069,0.1523361103391799,0,-1,1
2017-07-28,0,3.799999952316284,3.799999952316284,3.799999952316284,3.799999952316284,3.080615758895874,400000,0.0933092956769254,0.0,-0.0227650651942338,0.1278426341065277,0.0280069143855585,0.0657185605522932,0.1525714333503711,0,-1,1
2017-07-31,0,3.799999952316284,3.799999952316284,3.799999952316284,3.799999952316284,3.080615758895874,0,0.0932804179839776,0.0,-0.0195444817308156,0.1271282272887336,0.0278735097920429,0.0653985820821239,0.152764752895337,0,-1,1
2017-08-01,0,3.799999952316284,3.799999952316284,3.799999952316284,3.799999952316284,3.080615758895874,0,0.0858529060277879,0.0,-0.0195444817308156,0.095491025267223,0.0277419935822183,0.065083228963452,0.1525638160514447,0,-1,1
2017-08-02,0,3.75,3.787499904632568,3.662499904632568,3.752500057220459,3.0421078205108643,494400,0.0835305752493734,-0.0125788615593406,-0.0125788615593406,0.0829121637078823,0.027633511618877,0.0647645963643509,0.1522303088221746,-1,-1,1
2017-08-03,0,3.8125,3.8125,3.75,3.7799999713897705,3.0644021034240723,4033600,0.2177042602978664,0.007301840902893,-0.0052770206564477,0.0528582121066555,0.0275178159509227,0.0644502795999293,0.1516553647787722,1,0,1
2017-08-04,0,3.8125,3.849999904632568,3.799999952316284,3.802500009536743,3.082642078399658,6656800,0.4229532226971829,0.0059345688656212,0.0006575482091735,0.0163720014069698,0.0273999544983107,0.0641460406144201,0.1508930993849169,1,0,1
2017-08-07,0,3.8450000286102295,3.849999904632568,3.839999914169312,3.839999914169312,3.1130428314208984,1055600,0.4611921356412411,0.0098136033212265,0.0104711515304002,0.0500604881177905,0.0272952355363444,0.0638664810212219,0.1503127953364613,1,1,1
2017-08-08,0,3.865000009536743,3.867500066757202,3.847500085830689,3.867500066757202,3.1353371143341064,2000800,0.5298570062054556,0.0071360505330105,0.0176072020634105,0.0510552819670464,0.027183213309357,0.0636139684941392,0.1497435332165147,1,1,1
2017-08-09,0,3.785000085830689,3.795000076293945,3.755000114440918,3.762500047683716,3.050215005874634,18400,0.5305103404704182,-0.0275246189225073,-0.0099174168590966,0.0235306630445389,0.0271759471696105,0.0633162524719351,0.1490369502439444,-1,-1,1
2017-08-10,0,3.732500076293945,3.732500076293945,3.680000066757202,3.690000057220459,2.99143934249878,20000,0.5272477270247116,-0.0194574248392557,-0.0167959801390117,0.0040732382052832,0.0271089170454057,0.0630279310044257,0.1482741511341689,-1,-1,0
2017-08-11,0,3.652499914169312,3.674999952316284,3.5174999237060547,3.674999952316284,2.9792792797088623,38800,0.5142488949335445,-0.0040732382052831,-0.0281710592471878,-0.0386973997269988,0.0269908700178112,0.0627670653657466,0.1474762375199088,-1,-1,-1
2017-08-14,0,3.569999933242798,3.632499933242798,3.5174999237060547,3.622499942779541,2.936717987060547,122000,0.5184195976370671,-0.0143887919622848,-0.048494420075094,-0.0530861916892836,0.0269000312348056,0.0625970619705851,0.1467048918865801,-1,-1,-1
2017-08-15,0,3.622499942779541,3.640000104904175,3.607500076293945,3.607500076293945,2.924558401107788,120400,0.5225185601343229,-0.0041491315514604,-0.0624571549477812,-0.0572353232407441,0.0267848864303823,0.0625208909332503,0.1459521668376425,-1,-1,-1
2017-08-16,0,3.660000085830689,3.694999933242798,3.650000095367432,3.650000095367432,2.959012508392334,33200,0.506154005989183,0.0117121053396212,-0.0578811001411704,-0.0468312343825378,0.0266983164283831,0.062409314254015,0.1451968252762948,1,-1,-1
2017-08-17,0,3.650000095367432,3.662499904632568,3.5999999046325684,3.662499904632568,2.9691452980041504,6800,0.3625006527423272,0.003418532303184,-0.0269379489154789,-0.0818789103719358,0.0265887508662861,0.0621536635279851,0.1445304052978737,1,-1,-1
2017-08-18,0,3.612499952316284,3.674999952316284,3.612499952316284,3.625,2.9387450218200684,45600,0.1251828252207678,-0.0102915060566649,-0.0177720301328882,-0.0731221816193325,0.0264891075984802,0.0618849300749667,0.1438459242511021,-1,-1,-1
2017-08-21,0,3.755000114440918,3.997499942779541,3.75,3.7799999713897705,3.0644021034240723,770000,0.1143970695102734,0.0418698511747929,0.028171059247188,-0.0280420858506815,0.0266717974351284,0.0617163993498098,0.1431188320245165,1,1,-1
2017-08-22,0,3.637500047683716,4.0,3.637500047683716,3.825000047683716,3.100882768630981,9457600,0.3827635643161328,0.0118343569612258,0.0543942081706987,-0.0129871454260374,0.0265874007487709,0.0617333884670406,0.1424167232041089,1,1,0
2017-08-23,0,3.869999885559082,3.952500104904175,3.827500104904175,3.902499914169312,3.1637110710144043,2498800,0.4741372738125599,0.0200588930763301,0.0786022327984894,0.0070717476502929,0.0265465623590751,0.0619956364948478,0.1417675607743956,1,1,0
2017-08-24,0,3.777499914169312,4.012499809265137,3.777499914169312,3.940000057220459,3.194111585617065,3716400,0.6116254276213883,0.0095632570885774,0.0764533845474454,0.0361794864696857,0.0264550674148901,0.0622187701869085,0.1412371526860718,1,1,1
2017-08-25,0,3.987499952316284,4.037499904632568,3.950000047683716,3.974999904632568,3.2224857807159424,2109200,0.689401542539491,0.0088440581276742,0.0818789103719358,0.04502354459736,0.0263622904683237,0.0624921569524263,0.1407562023634568,1,1,1
2017-08-28,0,3.940000057220459,4.167500019073486,3.940000057220459,4.014999866485596,3.254913330078125,773200,0.714527521622212,0.0100126052813275,0.1021830217099282,0.0550361498786875,0.026274038185646,0.0630148300644649,0.140334696502503,1,1,1
2017-08-29,0,4.010000228881836,4.175000190734863,4.0,4.125,3.3440890312194824,2156400,0.7943734587421694,0.0270286704346173,0.0873418409697526,0.0820648203133048,0.0262844590058189,0.0633190290919491,0.140096659771252,1,1,1
2017-08-30,0,4.027500152587891,4.192500114440918,4.027500152587891,4.105000019073486,3.32787561416626,12996800,1.2967196689620242,-0.0048601723270685,0.0706473116814581,0.0772046479862363,0.0261837155242458,0.063428038259286,0.1398191026584707,-1,1,1
2017-08-31,0,4.067500114440918,4.135000228881836,3.994999885559082,4.085000038146973,3.311662197113037,10858000,1.715069025786237,-0.0048839090134562,0.0457045095916716,0.0723207389727801,0.0260841518646989,0.0633304227113714,0.1395054925778729,-1,1,1
2017-09-01,0,4.252500057220459,4.492499828338623,4.074999809265137,4.425000190734863,3.5872957706451416,2530400,1.819177073064136,0.0799484137260917,0.1160896662291861,0.1648480142582126,0.0269235528787107,0.063984153637332,0.1400824427465847,1,1,1
2017-09-04,0,4.375,4.744999885559082,4.300000190734863,4.724999904632568,3.830502986907959,1924400,1.8775193694873624,0.0655974713220559,0.1728430794235677,0.2231436446773755,0.0274229497690878,0.0656279202743614,0.1414524755892555,1,1,1
2017-09-05,0,4.800000190734863,4.800000190734863,4.642499923706055,4.724999904632568,3.830502986907959,4027600,1.7157202387826147,0.0,0.1628304741422402,0.2172090758117543,0.0273181366757353,0.0669784607521804,0.1426579339672696,0,1,1
2017-09-06,0,4.724999904632568,4.822500228881836,4.679999828338623,4.710000038146973,3.8183422088623047,6755200,1.9239550888910213,-0.0031797710584571,0.1326220326491656,0.2042157014320704,0.0272164628742799,0.0677431722151086,0.1436118115310865,-1,1,1
2017-09-07,0,4.710000038146973,4.710000038146973,4.710000038146973,4.710000038146973,3.8183422088623047,0,1.7857704731933528,0.0,0.1374822049762342,0.1970796508990599,0.0271140014014122,0.0685460041453457,0.1444184414359816,0,1,1
2017-09-08,0,4.824999809265137,4.824999809265137,4.622499942779541,4.775000095367432,3.8710367679595934,3845200,1.8799227099240687,0.0137060181751021,0.1560721321647926,0.2383102879966695,0.0270362065558363,0.0696100871029808,0.1457673157789777,1,1,1
2017-09-11,0,4.772500038146973,4.800000190734863,4.695000171661377,4.800000190734863,3.891303777694702,3565600,2.0121417922542664,0.0052218929766269,0.0813456114153279,0.2629896058125521,0.0269386893589123,0.0696802705817182,0.1474349108592867,1,1,1
2017-09-12,0,4.797500133514404,4.797500133514404,4.692500114440918,4.692500114440918,3.80415415763855,1457200,1.992727303452325,-0.0226505938338415,-0.0069024537405696,0.2444122501839939,0.0269136565051847,0.0694196394236758,0.1487294186259932,-1,0,1
2017-09-13,0,4.65500020980835,4.800000190734863,4.602499961853027,4.747499942779541,3.8487417697906494,7295600,1.8161013906893304,0.0116526128396857,0.0047501590991162,0.2704536549859646,0.0268318937068905,0.0691562915743826,0.1503563456346673,1,0,1
2017-09-14,0,4.764999866485596,4.849999904632568,4.71999979019165,4.802499771118164,3.893329620361328,6554800,1.694593145799431,0.0115184532139172,0.0194483833714907,0.2861212397513423,0.0267504378504361,0.0689098158543304,0.1521516238689052,1,1,1
2017-09-15,0,4.775000095367432,4.817500114440918,4.670000076293945,4.75,3.850768804550171,6790400,1.89331484377844,-0.0109919171992494,0.0084564661722411,0.2634172172124715,0.0266723861453366,0.0686535392641669,0.1535074506443934,-1,1,1
2017-09-18,0,4.837500095367432,4.837500095367432,4.677499771118164,4.724999904632568,3.830502986907959,4126800,1.9915211017993075,-0.0052766951137839,-0.0105262471166449,0.2547219897955034,0.0265816083668417,0.0684094073340475,0.1546731891951055,-1,-1,1
2017-09-19,0,4.71999979019165,4.732500076293945,4.675000190734863,4.71999979019165,3.826448917388916,1009200,1.8568813163440665,-0.0010589252612634,-0.0168070653545354,0.263954570590905,0.0264875393291797,0.0681793483689336,0.1559094943940658,0,-1,1
2017-09-20,0,4.737500190734863,4.8125,4.710000038146973,4.75,3.850768804550171,2251600,1.6575507172383002,0.0063356203750474,0.0121791488543534,0.2284203397911595,0.0263985051200996,0.0679342915157829,0.1566294335884766,1,1,1
2017-09-21,0,4.75,4.800000190734863,4.6875,4.784999847412109,3.879143476486206,1740000,1.736123521047847,0.007341557924658,0.0078680939393259,0.2239275407545917,0.0263120127592385,0.0676887950878135,0.1572605469872474,1,1,1
2017-09-22,0,4.787499904632568,4.800000190734863,4.6875,4.75,3.850768804550171,264800,1.57471957665012,-0.0073415579246582,-0.0109919171992494,0.1965270897536033,0.0262289141007197,0.0674557954421957,0.1575699692471044,-1,-1,1
2017-09-25,0,4.797500133514404,4.797500133514404,4.682499885559082,4.75,3.850768804550171,520400,1.4365315109682153,0.0,0.0,0.1869638326650259,0.0261383612466061,0.0672150141084649,0.1577686103452588,0,0,1
2017-09-26,0,4.75,4.795000076293945,4.722499847412109,4.75,3.850768804550171,4233600,1.5617784715834817,0.0,0.0052766951137839,0.1781197745373516,0.0260487398425825,0.0669764556055419,0.1578727644101155,0,0,1
2017-09-27,0,4.777500152587891,4.792500019073486,4.652500152587891,4.772500038146973,3.869009494781494,520800,1.2583707944977605,0.0047257119234501,0.0110613322984976,0.1728328811794744,0.0259622046767579,0.0667433942404423,0.1579197159237099,1,1,1
2017-09-28,0,4.775000095367432,4.802499771118164,4.690000057220459,4.724999904632568,3.830502986907959,766800,0.9954866947073208,-0.0100024070372341,-0.0052766951137839,0.1358018037076229,0.0258889918790939,0.0665134700843062,0.15769055851911,-1,0,1
2017-09-29,0,4.724999904632568,4.800000190734863,4.630000114440918,4.712500095367432,3.8203682899475098,6033600,0.9594267874588872,-0.0026492937918993,-0.0152675468303414,0.1380126822427921,0.0258032958678493,0.0662999654881158,0.1574723246766719,-1,-1,1
2017-10-02,0,4.755000114440918,4.797500133514404,4.599999904632568,4.650000095367432,3.7697012424468994,6880400,1.0773414997215407,-0.0133510766677861,-0.0212770655734694,0.1295455145884622,0.0257419499757818,0.0661018137115586,0.1572005429444622,-1,-1,1
2017-10-03,0,4.65749979019165,4.772500038146973,4.650000095367432,4.675000190734863,3.7899677753448486,794800,1.067453870182869,0.0053617642261735,-0.0159153013472959,0.0549588650885439,0.0256596741331197,0.0658934431336243,0.1566383353828654,1,-1,1
2017-10-04,0,4.672500133514404,4.710000038146973,4.522500038146973,4.650000095367432,3.7697012424468994,319600,0.980547510607013,-0.0053617642261735,-0.0212770655734694,-0.0160003704596853,0.0255794787768407,0.0656988296159652,0.156059742001512,-1,-1,-1
2017-10-05,0,4.622499942779541,4.792500019073486,4.599999904632568,4.775000095367432,3.8710367679595934,7083200,1.2211607996587277,0.0265266175763303,0.0005238400794107,0.0105262471166448,0.0255822914263959,0.0654767338201635,0.1554676051466156,1,0,0
2017-10-06,0,4.787499904632568,4.840000152587891,4.675000190734863,4.815000057220459,3.903465032577514,1278400,1.2673811283053609,0.0083422587107093,0.0188685058273541,0.0220482768858115,0.0255066691517816,0.0652700700053393,0.154884116615689,1,1,1
2017-10-09,0,4.809999942779541,4.809999942779541,4.639999866485596,4.772500038146973,3.869009494781494,1365600,1.3055584355906866,-0.00886609879012,0.0126517008291336,0.0131821780956913,0.025435681492973,0.0650571165790114,0.1543051115531928,-1,1,0
2017-10-10,0,4.787499904632568,4.824999809265137,4.75,4.772500038146973,3.869009494781494,2628000,1.234143069895208,0.0,0.0260027774969196,-0.0005238400794107,0.0253540700938023,0.0648685771397847,0.1537368139228182,0,1,0
2017-10-11,0,4.800000190734863,4.824999809265137,4.737500190734863,4.824999809265137,3.911571502685547,4607600,1.4204905839194608,0.010940682313538,0.0315816955842841,0.0051949492575003,0.0252866070560139,0.0646961742222329,0.1531719159986988,1,1,0
2017-10-12,0,4.824999809265137,4.824999809265137,4.824999809265137,4.824999809265137,3.911571502685547,0,1.3862985394904734,0.0,0.0369434598104577,0.0278455430913419,0.0252065127397919,0.064541814783125,0.152617332511177,0,1,1
2017-10-13,0,4.84499979019165,4.900000095367432,4.775000095367432,4.84499979019165,3.9277849197387695,164000,1.1254673142995324,0.0041364212308148,0.0145532634649422,0.0203293514824708,0.0251286323915328,0.0643381737408503,0.1520647112723036,1,1,1
2017-10-16,0,4.875,5.09250020980835,4.84499979019165,5.0625,4.104108810424805,3090400,0.97118193491672,0.0439129874526488,0.0501239922068819,0.0527238857212026,0.0252807147043582,0.0642390360952774,0.1515542158373014,1,1,1
2017-10-17,0,5.074999809265137,5.177499771118164,5.037499904632568,5.125,4.154778003692627,3582800,1.1094000292721438,0.0122703773874749,0.0712604683844767,0.075986180307927,0.02521779308388,0.064259033232582,0.151104738152652,1,1,1
2017-10-18,0,5.110000133514404,5.322500228881836,5.099999904632568,5.275000095367432,4.27638053894043,23267200,2.2536392775894707,0.0288479851766606,0.1001084535611375,0.1101108605983717,0.025234208716352,0.0645070125198227,0.1507857410256125,1,1,1
2017-10-19,0,5.275000095367432,5.46999979019165,5.244999885559082,5.369999885559082,4.353396892547607,1336400,2.00217863318895,0.0178494518568466,0.107017223104446,0.1290192377164815,0.0251903272427971,0.064811550679272,0.1505600633155171,1,1,1
2017-10-20,0,5.429999828338623,5.474999904632568,5.387499809265137,5.457499980926514,4.424330711364746,1062400,1.9988053197883917,0.0161625801518367,0.1231798032562827,0.1388461974932711,0.0251401073310194,0.0652745183005141,0.1503869394540369,1,1,1
2017-10-23,0,5.412499904632568,5.667500019073486,5.28000020980835,5.574999809265137,4.51958703994751,13743600,2.6603804333545287,0.021301611475608,0.1403449935010759,0.1528062510442208,0.0251114855409702,0.0659237848139235,0.1502944152100231,1,1,1
2017-10-24,0,5.574999809265137,5.664999961853027,5.452499866485596,5.574999809265137,4.51958703994751,1485200,2.6201579684358176,0.0,0.0964320060484269,0.160147808968879,0.0250360013172829,0.0660932257867076,0.1502439942997671,0,1,1
2017-10-25,0,5.550000190734863,5.752500057220459,5.489999771118164,5.599999904632568,4.539853572845459,3500000,2.5953224306941385,0.0044741320290864,0.0886357606900384,0.1646219409979654,0.0249619957454965,0.0661942360814751,0.1502172113461327,1,1,1
2017-10-26,0,5.572500228881836,5.597499847412109,5.480000019073486,5.550000190734863,4.499319553375244,5938800,2.9063742160715256,-0.0089685838741381,0.0508191916392395,0.1556533571238273,0.024900625591954,0.0660753016429599,0.1501272149637704,-1,1,1
2017-10-27,0,5.525000095367432,5.612500190734863,5.492499828338623,5.552499771118164,4.501347064971924,853200,2.943583154063036,0.00045052477043,0.033420264552823,0.151378169970807,0.0248269620635045,0.0659025256620816,0.150007181291876,0,1,1
2017-10-30,0,5.552499771118164,5.552499771118164,5.414999961853027,5.442500114440918,4.412171363830566,649600,2.82930205309857,-0.0200097587184467,-0.0027520743174604,0.1413708182895944,0.0248080979787637,0.0657082904497519,0.1498275541526509,-1,0,1
2017-10-31,0,5.425000190734863,5.565000057220459,5.332499980926514,5.502500057220459,4.460812091827393,425600,2.6781189494029305,0.0109638917924172,-0.0130897940006512,0.154984003873911,0.024746403845462,0.0655311821442693,0.1497221658350839,1,-1,1
2017-11-01,0,5.494999885559082,5.494999885559082,5.25,5.25,4.256113052368164,1703600,1.6042597216098102,-0.0469745180831974,-0.0600643120838486,0.1213605624584998,0.0249465772896852,0.0655470765341535,0.1494415764125053,-1,-1,1
2017-11-02,0,5.25,5.25,5.25,5.25,4.256113052368164,0,1.5365342731490697,0.0,-0.0645384441129351,0.1159987982323263,0.0248745092729578,0.0655886127420484,0.1491388694131557,0,-1,1
2017-11-03,0,5.21750020980835,5.21750020980835,5.007500171661377,5.122499942779541,4.152750015258789,1643200,1.5612524765853288,-0.02458554567955,-0.080155405918347,0.0967750167789498,0.0248786949490944,0.0657384561250004,0.148767611032043,-1,-1,1
2017-11-06,0,5.097499847412109,5.199999809265137,5.027500152587891,5.099999904632568,4.134510040283203,944800,0.8836450942981248,-0.0044019384709601,-0.085007869159737,0.0658464607316592,0.0248107711859328,0.0659207597908092,0.1483217748111923,-1,-1,1
2017-11-07,0,5.052499771118164,5.147500038146973,4.962500095367432,5.090000152587891,4.126403331756592,2118800,0.9072823552111772,-0.0019626670233208,-0.0669607774646112,0.055541534997629,0.0247411235556214,0.0659652271034392,0.1478636479332967,0,-1,1
2017-11-08,0,5.0625,5.074999809265137,4.972499847412109,5.0,4.053441047668457,3030400,0.8653059130264869,-0.017840001792018,-0.0957646710490466,0.046567631995731,0.0247110329426851,0.0662263215226631,0.1473994483988294,-1,-1,1
2017-11-09,0,5.0,5.122499942779541,4.925000190734863,4.925000190734863,3.992639780044556,4268000,0.7526221665510245,-0.0151135506268409,-0.0639037035926901,0.0314540813688901,0.0246701474477842,0.0662431422789049,0.1469302618845438,-1,-1,1
2017-11-10,0,5.002500057220459,5.167500019073486,4.755000114440918,4.982500076293945,4.039254188537598,2430000,0.8221747587131614,0.0116074569832112,-0.0522962466094789,0.0321208560385632,0.0246145864330057,0.0661942300507168,0.1464657297575657,1,-1,1
2017-11-13,0,4.985000133514404,5.010000228881836,4.90500020980835,5.0,4.053441047668457,619200,0.8180276145836137,0.0035060936436299,-0.0242046072862989,0.035626949682193,0.0245469698101125,0.0660406476100361,0.1460069424250015,1,-1,1
2017-11-14,0,5.0,5.050000190734863,4.6875,4.885000228881836,3.9602127075195312,1044800,0.8440928900858911,-0.0232684239332054,-0.0430710927485444,0.0082221045181727,0.0245438267283325,0.0659496943879487,0.1455558457304006,-1,-1,0
2017-11-15,0,4.885000228881836,4.885000228881836,4.885000228881836,4.885000228881836,3.9602127075195312,0,0.7596879343735101,0.0,-0.0411084257252235,-0.0356908829344762,0.0244763510502298,0.0658508091602274,0.1451807462197064,0,-1,-1
2017-11-16,0,4.877500057220459,5.042500019073486,4.837500095367432,4.900000095367432,3.97237229347229,3198000,0.9075700187047292,0.0030657334210601,-0.0202026905121452,-0.044895526900891,0.0244100427263197,0.065690401925745,0.1448335855943389,1,-1,-1
2017-11-17,0,4.887499809265137,5.065000057220459,4.887499809265137,5.050000190734863,4.0939764976501465,516800,0.8527642158019517,0.0301532752761838,0.0250641353908796,-0.0435902368013677,0.0244400902660707,0.0655257808347765,0.1444848759466096,1,1,-1
2017-11-20,0,5.050000190734863,5.050000190734863,5.050000190734863,5.050000190734863,4.0939764976501465,0,0.8072914788031568,0.0,0.0134566784076685,-0.0614396886582142,0.0243740181503684,0.0653473387344512,0.1441954862594033,0,1,-1
2017-11-21,0,5.097499847412109,5.244999885559082,4.929999828338623,4.982500076293945,4.039254188537598,1738400,0.7872553214324726,-0.0134566784076686,-0.0035060936436298,-0.0910589472177196,0.0243307606813907,0.0651689426075539,0.1440302300135794,-1,0,-1
2017-11-22,0,4.994999885559082,5.097499847412109,4.900000095367432,4.900000095367432,3.97237229347229,1299600,0.7043597441056935,-0.0166965968685153,0.0030657334210601,-0.129057155561843,0.0242988633346203,0.0649896935305064,0.1440727557495683,-1,0,-1
2017-11-23,0,4.920000076293945,4.974999904632568,4.804999828338623,4.892499923706055,3.966291666030884,621600,0.534691765742185,-0.0015319022600161,0.001533831161044,-0.1305890578218592,0.0242346641419721,0.0648121271801442,0.144118695378645,0,0,-1
2017-11-24,0,4.900000095367432,4.987500190734863,4.8125,4.875,3.952104806900024,1040400,0.4682964289626755,-0.0035832695064162,-0.0051151717664323,-0.1386464593573618,0.0241723911121727,0.0646391919745063,0.1442097582131128,-1,0,-1
2017-11-27,0,4.882500171661377,4.882500171661377,4.724999904632568,4.862500190734863,3.941972732543945,2044400,0.5328927846269715,-0.0025670079548249,-0.0378354549974413,-0.1322448834380487,0.0241097842705626,0.0645368004777876,0.1442531528524646,-1,-1,-1
2017-11-28,0,4.795000076293945,4.929999828338623,4.775000095367432,4.800000190734863,3.891303777694702,1052400,0.5323989520402881,-0.0129370287062906,-0.050772483703732,-0.1456324369147693,0.0240663737970512,0.0644860564295969,0.1443760559227581,-1,-1,-1
2017-11-29,0,4.835000038146973,4.872499942779541,4.664999961853027,4.787499904632568,3.881170034408569,641600,0.5613866805051424,-0.0026075994009648,-0.0399234046970283,-0.1282302775972874,0.024004669717892,0.0643908674150607,0.1443827763671773,-1,-1,-1
2017-11-30,0,4.75,4.84499979019165,4.639999866485596,4.75,3.850768804550171,2035600,0.5047533719874162,-0.007863845578523,-0.0310906534070359,-0.1470580149682278,0.0239499230142351,0.0642676388827668,0.1445009063148631,-1,-1,-1
2017-12-01,0,4.75,4.832499980926514,4.639999866485596,4.75,3.850768804550171,879600,0.5195532740355937,0.0,-0.0295587511470198,-0.1000834968850303,0.0238881386975955,0.0641407916446074,0.1443507961853898,0,-1,-1
2017-12-04,0,4.75,4.872499942779541,4.707499980926514,4.855000019073486,3.9358913898468018,709600,0.5520652879462813,0.0218645669083462,-0.0041109147322573,-0.0782189299766839,0.023875852481161,0.063973725030177,0.1441087225074494,1,0,-1
2017-12-05,0,4.875,4.992499828338623,4.757500171661377,4.875,3.952104806900024,798400,0.5070559302150458,0.0041109147322572,0.0025670079548249,-0.0495224695648767,0.0238162105281785,0.0638060361630171,0.1437779599542963,1,0,-1
2017-12-06,0,4.840000152587891,4.947500228881836,4.757500171661377,4.912499904632568,3.982506275177002,1018400,0.4941728044710891,0.0076630389901558,0.0231670756512714,-0.0374574921037607,0.0237610217342717,0.0636566234931388,0.143421799628175,1,1,-1
2017-12-07,0,4.852499961853027,5.050000190734863,4.78000020980835,4.947500228881836,4.010880470275879,611600,0.4940285455358769,0.0070994473754515,0.0328741224276878,-0.0283953777049883,0.023705401900001,0.0635280615014632,0.1430514785339251,1,1,-1
2017-12-08,0,4.974999904632568,5.050000190734863,4.875,4.994999885559082,4.049387454986572,328400,0.4616440873052019,0.0095548381331766,0.0502928061393875,-0.0010005377797936,0.0236541545140848,0.0634545165666145,0.1426533848745494,1,1,0
2017-12-11,0,5.0,5.025000095367432,4.824999809265137,4.887499809265137,3.962238311767578,1203600,0.4233452518568784,-0.021756528169057,0.0285362779703304,-0.0076435153220097,0.0236480095065527,0.06331736171133,0.142263281623853,-1,1,0
2017-12-12,0,4.887499809265137,4.90500020980835,4.715000152587891,4.827499866485596,3.913596868515015,3766000,0.5472441517659873,-0.0123522294724705,-0.0056805184104862,-0.0316032017776913,0.0236066509587882,0.0631589324225962,0.1419073737015593,-1,0,-1
2017-12-13,0,4.840000152587891,4.867499828338623,4.78000020980835,4.797500133514404,3.889277219772339,914400,0.5596556545677134,-0.006233530675059,-0.0160249638178026,-0.0413428260963802,0.0235529097082821,0.0630134517201271,0.1415729243753564,-1,-1,-1
2017-12-14,0,4.777500152587891,4.847499847412109,4.679999828338623,4.744999885559082,3.8467161655426025,1983200,0.557213186895268,-0.0110034953596887,-0.0346914981676471,-0.0290778975228635,0.0235085836464553,0.0629116116925901,0.1412178266063364,-1,-1,-1
2017-12-15,0,4.792500019073486,4.847499847412109,4.692500114440918,4.71999979019165,3.826448917388916,3090800,0.6554584687012162,-0.0052826428381597,-0.0470735883812584,-0.0343605403610232,0.0234542826463281,0.0628533468273259,0.1408744380588975,-1,-1,-1
2017-12-18,0,4.747499942779541,4.974999904632568,4.692500114440918,4.875,3.952104806900024,1213600,0.6787794826601568,0.0323111020156511,-0.024317324498784,-0.0051151717664323,0.0235024229440248,0.0627251813613918,0.1404971313083008,1,-1,0
2017-12-19,0,4.912499904632568,4.945000171661377,4.807499885559082,4.849999904632568,3.9318385124206543,1025200,0.6889718074218746,-0.0051411681433368,-0.0077019644730637,-0.0404096151859532,0.023448648836017,0.0625732039281011,0.1401705670389297,-1,-1,-1
2017-12-20,0,4.827499866485596,4.897500038146973,4.752500057220459,4.775000095367432,3.8710367679595934,1042800,0.6887498471756276,-0.0155847614944057,-0.0109344964949991,-0.055994376680359,0.0234185966239994,0.0624253681436628,0.1398821854442654,-1,-1,-1
2017-12-21,0,4.800000190734863,4.872499942779541,4.727499961853027,4.820000171661377,3.907517194747925,981200,0.7048259683434945,0.0093798138903266,0.0046788480703866,-0.0331578843823637,0.0233704022795029,0.0622716004802671,0.1395462606992221,1,0,-1
2017-12-22,0,4.822500228881836,4.872499942779541,4.724999904632568,4.75,3.850768804550171,1151600,0.7409678292584261,-0.0146293658931875,0.0010529775368876,-0.0310906534070359,0.0233377603404894,0.0621188751367492,0.1392092694512939,-1,0,-1
2017-12-25,0,4.75,4.75,4.75,4.75,3.850768804550171,0,0.6854528819901354,0.0,0.0063356203750474,-0.0295587511470198,0.0232821457714259,0.0619677423584193,0.1388722550638517,0,1,-1
2017-12-26,0,4.760000228881836,4.78249979019165,4.724999904632568,4.737500190734863,3.8406360149383545,11444800,1.0255620969732822,-0.002634836083069,-0.0286103177236726,-0.0286103177236726,0.0232278547579584,0.0618551204341414,0.1385362073404253,-1,-1,-1
2017-12-27,0,4.800000190734863,4.800000190734863,4.724999904632568,4.75,3.850768804550171,2048000,1.075967489830318,0.002634836083069,-0.0208343134972667,-0.0234084736857786,0.0231735122532039,0.0617265863109093,0.138195318128755,1,-1,-1
2017-12-28,0,4.730000019073486,4.75,4.724999904632568,4.747499942779541,3.8487417697906494,2410000,1.095136122685123,-0.0005265360146677,-0.0057760880175286,-0.0109979809941557,0.0231191394941114,0.0615805627878429,0.1378438711312857,0,0,0
2017-12-29,0,4.747499942779541,4.747499942779541,4.747499942779541,4.747499942779541,3.8487417697906494,0,0.9574614720417076,0.0,-0.0151559019078552,-0.0083903815931908,0.0230650763720464,0.0614448258879358,0.1374931004981287,0,-1,0
2018-01-02,0,4.775000095367432,4.860000133514404,4.662499904632568,4.724999904632568,3.830502986907959,5450400,1.1446648538691997,-0.0047501590991162,-0.0052766951137839,-0.0052766951137839,0.0230140488239726,0.0613005049524543,0.1371429680617557,-1,0,0
2018-01-03,0,4.800000190734863,4.824999809265137,4.670000076293945,4.769999980926514,3.8669824600219727,3283600,1.2455532137038952,0.0094783540605107,0.0042016589467267,0.0042016589467267,0.0229690147284147,0.0611552333655606,0.1367916021949719,1,0,0
2018-01-04,0,4.800000190734863,4.849999904632568,4.78249979019165,4.787499904632568,3.881170034408569,17233600,1.9771826350577704,0.0036621866317964,0.0104986816615921,-0.0140007213298232,0.0229170787818823,0.0610135061690146,0.1364533150413579,1,1,-1
2018-01-05,0,4.675000190734863,4.699999809265137,4.625,4.692500114440918,3.9453399181365967,684000,1.9639650340662915,0.0163984514426147,0.0242622970211377,-0.0017131846194657,0.0228898743162748,0.0608888007536588,0.1361092337700403,1,1,0
2018-01-08,0,4.699999809265137,4.767499923706055,4.692500114440918,4.75,3.9936842918396,1135200,1.965118474853675,0.0121790713817534,0.036967904417559,0.0028028477721318,0.0228510964037008,0.0607923671641754,0.1357661180989158,1,1,0
2018-01-09,0,4.764999866485596,4.772500038146973,4.707499980926514,4.71750020980835,3.966358423233032,540000,1.9900513795194907,-0.0068657862595717,0.0301021181579871,-0.0111623858628914,0.0228045819659193,0.0606799794297943,0.1354330108435704,-1,1,0
2018-01-10,0,4.724999904632568,4.735000133514404,4.679999828338623,4.684999942779541,3.9390347003936768,238400,1.489302877768958,-0.0069127066088882,0.0279395706482153,-0.0276299306049564,0.0227584143771207,0.0605638095096963,0.1351202380190295,-1,1,-1
2018-01-11,0,4.722499847412109,4.724999904632568,4.642499923706055,4.675000190734863,3.930626153945923,331600,1.412670972866557,-0.0021369534985661,0.0163242630891384,-0.0080103559344654,0.0227077844228887,0.0604311405004135,0.1347896091814693,0,1,0
2018-01-12,0,4.679999828338623,4.722499847412109,4.625,4.6875,3.941136598587036,680400,1.3359117228090345,0.0026704186133356,0.0153324950706775,0.0070122921513406,0.0226572828946854,0.0602983557110672,0.1344557041319575,1,1,0
2018-01-15,0,4.692500114440918,4.75,4.679999828338623,4.75,3.9936842918396,275200,1.348705810388736,0.0132450277536904,0.0121790713817534,0.0264908505800902,0.0226226237677746,0.0601638361492505,0.1341291980707044,1,1,1
2018-01-16,0,4.747499942779541,4.747499942779541,4.652500152587891,4.712500095367432,3.962155342102051,998000,1.1517002724182668,-0.0079260307515691,-0.0079260307515691,0.0295683151882097,0.0225793402015738,0.0600313352004961,0.1338070916803821,-1,-1,1
2018-01-17,0,4.722499847412109,4.875,4.667500019073486,4.875,4.098780632019043,7825600,1.3772755480794303,0.0339013671421853,0.0328411226501881,0.0687523251685549,0.0226380441282728,0.0599292476608876,0.1335430776636994,1,1,1
2018-01-18,0,4.849999904632568,5.012499809265137,4.802499771118164,4.925000190734863,4.140819072723389,1316400,0.6621093748219226,0.0102040892702827,0.0499579185293589,0.0466453124231864,0.0225969632111539,0.059876909254323,0.1332425128322853,1,1,1
2018-01-19,0,4.90500020980835,5.119999885559082,4.875,5.047500133514404,4.243814945220947,2003600,0.7296766874095129,0.0245690040199765,0.0766638760479018,0.0763554845865,0.0226024384887243,0.0599440039066432,0.1329987744400325,1,1,1
2018-01-22,0,5.037499904632568,5.247499942779541,4.992499828338623,5.172500133514404,4.348912239074707,3167600,0.8372618478723,0.0244631379058387,0.0984565953404048,0.1164033839867445,0.0226069057284623,0.0601441827350738,0.1328796817504736,1,1,1
2018-01-23,0,5.172500133514404,5.322500228881836,5.0625,5.272500038146973,4.43298864364624,602400,0.8434152222812414,0.0191482401359093,0.1043598077226235,0.1261718102323273,0.0225895977497409,0.0603811904669788,0.1327982543001613,1,1,1
2018-01-24,0,5.275000095367432,5.449999809265137,5.207499980926514,5.349999904632568,4.498149394989014,7018000,1.1999642200539011,0.0145920726501663,0.126877911124359,0.1553932487756811,0.0225583322582662,0.0607937730220848,0.1328498104657041,1,1,1
2018-01-25,0,5.349999904632568,5.349999904632568,5.349999904632568,5.349999904632568,4.498149394989014,0,1.184791500832686,0.0,0.0929765439821735,0.1553932487756811,0.0225097675070408,0.0609395290107224,0.1328974079308407,0,1,1
2018-01-26,0,5.362500190734863,5.5,5.300000190734863,5.5,4.624266147613525,2820400,1.3053999001172376,0.027651620954951,0.1104240756668419,0.1856797058137011,0.0225286583242982,0.061201387135803,0.1331093432284446,1,1,1
2018-01-29,0,5.494999885559082,5.494999885559082,5.402500152587891,5.4375,4.571717739105225,294800,1.3082947686349893,-0.0114286804154419,0.0744263912314233,0.1716161893151902,0.0224954574838129,0.0612353085914947,0.133232894247565,-1,1,1
2018-01-30,0,5.460000038146973,5.460000038146973,5.275000095367432,5.275000095367432,4.435091972351074,17347600,2.1578950464204807,-0.0303406537797078,0.0196225995458769,0.14180207155015,0.0225406744328265,0.0611085753837994,0.1332034284949614,-1,1,1
2018-01-31,0,5.177499771118164,5.442500114440918,5.177499771118164,5.287499904632568,4.445600986480713,1189200,1.84604993194392,0.0023667114905831,0.0028410709005504,0.1441687830407332,0.0224930507526276,0.0609765380864576,0.1331821349047428,1,0,1
2018-02-01,0,5.322500228881836,5.449999809265137,5.21999979019165,5.287499904632568,4.445600986480713,2215200,1.8972341213657824,0.0,-0.0117510017496156,0.1489189421398495,0.0224456362379275,0.0608562034798821,0.1331798590631511,0,-1,1
2018-02-02,0,5.292500019073486,5.357500076293945,5.184999942779541,5.25,4.414072036743164,1449600,1.8727385047891207,-0.0071174371230218,-0.0188684388726375,0.1323231509563168,0.0224045445335546,0.0607472471809741,0.1331038587837883,-1,-1,1
2018-02-05,0,5.287499904632568,5.367499828338623,5.15749979019165,5.239999771118164,4.405664443969727,563200,1.7412619914838017,-0.001906541162211,-0.0484266009897996,0.1267544231623094,0.022358378487878,0.0607208297682106,0.1330049108414253,0,-1,1
2018-02-06,0,5.212500095367432,5.260000228881836,5.014999866485596,5.175000190734863,4.351014137268066,2436000,1.8335586022540264,-0.0124821336657792,-0.0494800542401369,0.0978738380539153,0.0223284635258547,0.060697770080191,0.1328113054995753,-1,-1,1
2018-02-07,0,5.150000095367432,5.574999809265137,5.150000095367432,5.412499904632568,4.550697326660156,6518000,1.811364412497729,0.0448715268935825,0.0257321264331533,0.1305662935657444,0.0224608895751647,0.0605833774225756,0.1327255468952186,1,1,1
2018-02-08,0,5.447500228881836,5.697500228881836,5.337500095367432,5.412499904632568,4.550697326660156,2927600,1.9664519317040927,0.0,0.0233654149425702,0.1374320798253162,0.0224145365961494,0.060466487804747,0.1326655104220941,0,1,1
2018-02-09,0,5.397500038146973,5.454999923706055,5.252500057220459,5.327499866485596,4.479232311248779,2596400,1.9500102846767775,-0.0158288071795946,0.0075366077629757,0.1285159792546099,0.0223944497365837,0.0603394536059894,0.1325694645964388,-1,1,1
2018-02-14,0,5.332499980926514,5.610000133514404,5.329999923706055,5.587500095367432,4.697834491729736,2399600,2.0655484870905005,0.0476499834522834,0.062304028338281,0.1783029162054595,0.0225465343235635,0.0603242003973804,0.132696941870858,1,1,1
2018-02-15,0,5.664999961853027,5.712500095367432,5.474999904632568,5.662499904632568,4.760892868041992,4425600,1.4151891989249012,0.0133335718733738,0.0775441413738658,0.1889660694654977,0.0225138340946735,0.0603753065904789,0.1328777190135283,1,1,1
2018-02-16,0,5.650000095367432,5.71999979019165,5.587500095367432,5.650000095367432,4.750382423400879,1428000,1.4326137576197646,-0.0022101029772119,0.0878161720624333,0.1735109387345952,0.0224690875593808,0.0604782348679379,0.1329700341112254,0,1,1
2018-02-19,0,5.570000171661377,5.679999828338623,5.570000171661377,5.662499904632568,4.760892868041992,410800,1.3407422447532649,0.002210102977212,0.0451547481460627,0.1836470724633763,0.0224236481134179,0.0604041231287332,0.1331107420551226,0,1,1
2018-02-20,0,5.554999828338623,5.699999809265137,5.554999828338623,5.637499809265137,4.739872455596924,903200,1.316091603503299,-0.0044250007296082,0.0407297474164545,0.1453207045915826,0.0223812425003831,0.06031920129037,0.1330668006852006,-1,1,1
2018-02-21,0,5.637499809265137,5.75,5.625,5.699999809265137,4.792421340942383,3226400,1.4672023122744031,0.0110255556110249,0.0675841102070739,0.1461421709323247,0.0223449200447366,0.0603206889017515,0.1330243751143884,1,1,1
2018-02-22,0,5.702499866485596,5.78249979019165,5.672500133514404,5.724999904632568,4.813439846038818,2644400,1.4919926895437632,0.004376190376094,0.0243103171308845,0.1259493572884421,0.0223010714892342,0.0602075445760111,0.1329057523897704,1,1,1
2018-02-23,0,5.760000228881836,5.775000095367432,5.642499923706055,5.775000095367432,4.855479717254639,11460400,1.7944736829538523,0.008695932541147,0.0196726777986578,0.1101821519237507,0.0222615589907713,0.0600903745297206,0.1327381292137996,1,1,1
2018-02-26,0,5.78000020980835,5.800000190734863,5.670000076293945,5.78249979019165,4.861784934997559,1428800,1.720250000728626,0.001297735289396,0.0231805160652655,0.0923316470772371,0.0222173453988837,0.0599772516154275,0.132525982024795,0,1,1
2018-02-27,0,5.800000190734863,5.929999828338623,5.732500076293945,5.8125,4.887009143829346,1261600,1.6566390523456356,0.0051748482772006,0.0261452613652544,0.0829144227042716,0.0221747484960483,0.0598682311299529,0.1322954014717294,1,1,1
2018-02-28,0,5.75,5.8125,5.684999942779541,5.760000228881836,4.842867374420166,1942400,1.6349154957546213,-0.0090735112969153,0.0214967507979472,0.0738409114073563,0.0221405576002661,0.0597546497000254,0.1320501872660125,-1,1,1
2018-03-01,0,5.784999847412109,5.807499885559082,5.602499961853027,5.75,4.834460258483887,4438800,1.6394484070079778,-0.0017374875317206,0.0087337076552017,0.0444518029206847,0.0220978876275691,0.0596350850097457,0.1317738555780066,0,1,1
2018-03-02,0,5.699999809265137,5.737500190734863,5.329999923706055,5.650000095367432,4.750382423400879,5460800,1.8624574209306917,-0.0175443655138303,-0.0131868482347225,0.0383361178222962,0.0220857636223951,0.0595302319739007,0.1314960300515762,-1,-1,1
2018-03-05,0,5.602499961853027,5.664999961853027,5.492499828338623,5.612500190734863,4.718852996826172,1928000,1.945598866854929,-0.0066593640764777,-0.0285421448523475,0.0620174075255264,0.0220481268871948,0.0594546444678239,0.1312390420108032,-1,-1,1
2018-03-06,0,5.622499942779541,5.672500133514404,5.5,5.582499980926514,4.693630218505859,2264400,2.0194861299394344,-0.0053594440738798,-0.0351993242156232,0.0542912519610634,0.0220090491748137,0.059396435843712,0.1309753894241232,-1,-1,1
2018-03-07,0,5.605000019073486,5.820000171661377,5.5,5.650000095367432,4.750382423400879,2156800,1.9587596216883816,0.0120188081503575,-0.0283553643424662,0.066310060111421,0.0219769473988494,0.0593206403715034,0.1307267461225397,1,-1,1
2018-03-08,0,5.739999771118164,5.747499942779541,5.675000190734863,5.722499847412109,4.811339378356934,2704000,1.962033063016956,0.0127503773991304,-0.0065314756464205,0.0861778746335733,0.0219464019097342,0.0592100942777906,0.1305116470248476,1,-1,1
2018-03-09,0,5.747499942779541,5.747499942779541,5.650000095367432,5.739999771118164,4.826052188873291,1792800,1.414984584563544,0.0030532788553309,-0.0017407092593688,0.0911376946511154,0.0219046210976896,0.0590967214652903,0.130307430486533,1,0,1
2018-03-12,0,5.702499866485596,5.737500190734863,5.622499942779541,5.737500190734863,4.82395076751709,3553600,1.5336738883918382,-0.0004355276156732,0.015368128638788,0.1031843007012214,0.0218630102287734,0.058984082540337,0.1301312253136372,0,1,1
2018-03-13,0,5.702499866485596,5.727499961853027,5.610000133514404,5.650000095367432,4.750382423400879,1060400,1.520541244591871,-0.0153681286387882,0.0066593640764777,0.0429446451688508,0.0218451919406184,0.0588696617318487,0.1298664181172072,-1,1,1
2018-03-14,0,5.632500171661377,5.632500171661377,5.46999979019165,5.5,4.624266147613525,2116800,1.5249864563803306,-0.0269074374068543,-0.0148886292564967,0.0160372077619964,0.021871690062909,0.0587712563515571,0.1296006479473663,-1,-1,1
2018-03-15,0,5.449999809265137,5.489999771118164,5.362500190734863,5.449999809265137,4.582226753234863,626400,1.3085946849017005,-0.0091326169522407,-0.036040054359095,0.0227333979893502,0.0218392615145811,0.0587177188443423,0.1293350151956326,-1,-1,1
2018-03-16,0,5.502500057220459,5.550000190734863,5.380000114440918,5.550000190734863,4.666304111480713,7140000,1.3944641705601253,0.0181822768957614,-0.030608154862464,-0.0067343085671716,0.021823566213538,0.058650005652046,0.1290880939699394,1,-1,0
2018-03-19,0,5.557499885559082,5.670000076293945,5.462500095367432,5.625,4.729363918304443,710000,1.3276441457018024,0.0134233677690024,-0.0202380659487926,-0.006644512671543,0.0217957715350965,0.0585609807760533,0.1288424800141951,1,-1,0
2018-03-20,0,5.614999771118164,5.617499828338623,5.505000114440918,5.599999904632568,4.708343505859375,343200,1.222732103064018,-0.0044545664025406,-0.02425710473566,-0.0088889760968718,0.0217577008262133,0.0584797520804969,0.1286006407244787,-1,-1,0
2018-03-21,0,5.559999942779541,5.617499828338623,5.139999866485596,5.587500095367432,4.697834491729736,1193600,1.1687381633729963,-0.0022344927992902,-0.0111234688961618,-0.0133335718733739,0.0217181548513491,0.0583785509622648,0.1283653080723214,-1,-1,-1
2018-03-22,0,5.534999847412109,5.637499809265137,5.449999809265137,5.550000190734863,4.666304111480713,1682800,1.1087012430090544,-0.0067343085671716,0.0090496599435209,-0.0156428797109372,0.0216830713280266,0.0582685793398951,0.1281341529035994,-1,1,-1
2018-03-23,0,5.550000190734863,5.619999885559082,5.465000152587891,5.572500228881836,4.68522310256958,4544800,1.255857038917735,0.0040461876369602,0.0222284645327217,-0.0226222476850017,0.0216437997067916,0.058167312660624,0.1279139617252042,1,1,-1
2018-03-26,0,5.612500190734863,5.684999942779541,5.579999923706055,5.670000076293945,4.767197608947754,264400,1.070976656456209,0.0173450937182091,0.0213912813551692,-0.0096533443428867,0.0216264913272333,0.0580657263039685,0.127678086570432,1,1,0
2018-03-27,0,5.675000190734863,5.677499771118164,5.542500019073486,5.650000095367432,4.750382423400879,810800,1.057174075154109,-0.0035335038918357,0.004434409694331,-0.0218827807758697,0.0215886639772237,0.0579573966641362,0.1274590932929093,-1,0,-1
2018-03-28,0,5.647500038146973,5.730000019073486,5.579999923706055,5.695000171661377,4.788217544555664,442800,0.9679065963706934,0.0079330970389913,0.0168220731358631,-0.015247419026274,0.0215531866414294,0.0578531659827949,0.1272322100803021,1,1,-1
2018-03-29,0,5.690000057220459,5.75,5.585000038146973,5.75,4.834460258483887,5368400,1.2366139749072818,0.0096112684748387,0.0286678344099923,-0.0108109988286359,0.0215200453190364,0.057761970626526,0.1270013058309512,1,1,0
2018-04-02,0,5.65749979019165,5.75,5.65749979019165,5.702499866485596,4.7945237159729,177200,0.8586587855152932,-0.0082951164143554,0.0271070265628083,-0.0100326039460761,0.0214885079233896,0.0576690443489228,0.1267707964144928,-1,1,0
2018-04-03,0,5.690000057220459,5.75,5.679999828338623,5.75,4.834460258483887,335200,0.8384345877076443,0.0082951164143554,0.0313559553402037,0.0,0.0214540149108034,0.057582718601487,0.1265323527143237,1,1,0
2018-04-04,0,5.722499847412109,5.75,5.682499885559082,5.75,4.834460258483887,1371200,0.8967917622327108,0.0,0.0140108616219945,0.0175443655138303,0.0214155015072379,0.0574789447224295,0.1262867104797861,0,1,1
2018-04-05,0,5.775000095367432,5.775000095367432,5.715000152587891,5.75,4.834460258483887,2727600,0.9850198783191092,0.0,0.0175443655138303,0.024203729590308,0.02137719477562,0.0573777987565798,0.1260417335668263,0,1,1
2018-04-06,0,5.692500114440918,5.75,5.692500114440918,5.71750020980835,4.807135581970215,450400,0.9188142319482214,-0.0056680968838598,0.0039431715909789,0.0238950767803281,0.0213428362712731,0.0572736001406481,0.1257981819661324,-1,0,1
2018-04-09,0,5.722499847412109,5.75,5.542500019073486,5.699999809265137,4.792421340942383,890800,0.7206356321370406,-0.0030656107713419,-0.0087337076552018,0.0088106578586284,0.0213062714771249,0.0571771425819379,0.1255598303499688,-1,-1,0
2018-04-10,0,5.682499885559082,5.75,5.610000133514404,5.75,4.834460258483887,940800,0.7589087893658641,0.0087337076552017,0.0082951164143554,0.0047939881146998,0.0212733169998547,0.0570739414346469,0.1253249971886013,1,1,0
2018-04-11,0,5.692500114440918,5.75,5.692500114440918,5.737500190734863,4.82395076751709,1150400,0.7786734688863248,-0.0021762368750421,-0.0021762368750421,-0.0004355276156732,0.0212365961375351,0.0569735768587841,0.1250950171815357,-1,0,0
2018-04-12,0,5.730000019073486,5.730000019073486,5.625,5.684999942779541,4.77980899810791,1192800,0.8203611428985136,-0.0091926664840555,-0.0113689033590976,-0.0091926664840555,0.0212079451663792,0.0568813943793041,0.1248740470441639,-1,-1,0
2018-04-13,0,5.662499904632568,5.662499904632568,5.574999809265137,5.625,4.729363918304443,799200,0.5622400228489682,-0.0106098718490637,-0.0219787752081614,-0.0044344096943311,0.0211819617177076,0.0568050068574471,0.1246497623412519,-1,-1,0
2018-04-16,0,5.590000152587891,5.612500190734863,5.527500152587891,5.612500190734863,4.718852996826172,1115600,0.6136319062700634,-0.0022249543821466,-0.0185356327064483,0.0202480733303765,0.0211457686225162,0.0567231610669716,0.1244145793184841,-1,-1,1
2018-04-17,0,5.602499961853027,5.695000171661377,5.572500228881836,5.637499809265137,4.739872455596924,458000,0.6200384903431749,0.0044444663240813,-0.0110255556110248,0.0338251566066988,0.0211098646509321,0.0566317951377061,0.124181919276938,1,-1,1
2018-04-18,0,5.6875,5.724999904632568,5.539999961853027,5.612500190734863,4.718852996826172,2500000,0.6802001485404213,-0.0044444663240814,-0.024203729590308,0.0111984133868556,0.0210756409749747,0.0565603837486635,0.1239516756800861,-1,-1,0
2018-04-19,0,5.65500020980835,5.6875,5.550000190734863,5.65500020980835,4.754586696624756,958800,0.5797649309975541,0.0075440115582267,-0.0144834811570392,0.0053190571760802,0.021042647272467,0.0564738401486567,0.1237255066668432,1,-1,0
2018-04-20,0,5.697500228881836,5.735000133514404,5.550000190734863,5.574999809265137,4.687324047088623,799200,0.5981689343125047,-0.0142479185062672,-0.0195387331792508,-0.0044742949276465,0.0210254193889046,0.0563948923328014,0.1235075043618237,-1,-1,0
2018-04-23,0,5.552499771118164,5.724999904632568,5.527500152587891,5.527500152587891,4.64738655090332,314400,0.565481816942244,-0.0085568244346796,-0.0174856857648666,-0.0107966265630359,0.0209966770749729,0.0563131446911291,0.1232966181227994,-1,-1,0
2018-04-24,0,5.582499980926514,5.625,5.474999904632568,5.5,4.624266147613525,692400,0.5498082741035388,-0.0049873419476565,-0.0202480733303765,-0.0090496599435208,0.0209635579897629,0.0562359434174947,0.1230850389103876,-1,-1,0
2018-04-25,0,5.46750020980835,5.679999828338623,5.465000152587891,5.637499809265137,4.739872455596924,2172000,0.605050590866907,0.024692539654458,0.0,0.0115966920739769,0.0209736100467872,0.0561392401210864,0.1228607470348558,1,0,0
2018-04-26,0,5.672500133514404,5.724999904632568,5.625,5.637499809265137,4.739872455596924,1494800,0.6211593508099612,0.0,0.0044444663240813,-0.0057484016442321,0.0209379921167275,0.056042078878892,0.122648366051449,0,0,0
2018-04-27,0,5.577499866485596,5.737500190734863,5.552499771118164,5.644999980926514,4.74617862701416,905600,0.627194370985583,0.0013295674440913,-0.0017699777900538,-0.0008853303083049,0.0209024825301946,0.0559470896239374,0.1224332006099057,0,0,0
2018-04-30,0,5.590000152587891,5.724999904632568,5.574999809265137,5.59499979019165,4.704140186309815,2442800,0.6996814388252244,-0.0088967830234223,0.0035811576927911,-0.0177152103707187,0.0208750501990059,0.055851013522844,0.1222354938053678,-1,0,-1
2018-05-02,0,5.59499979019165,5.617499828338623,5.449999809265137,5.449999809265137,4.582226753234863,2179200,0.7906520197628818,-0.0262579410273677,-0.0141199588998972,-0.0535844198729253,0.0208994801248024,0.0557672907237847,0.1221012435364571,-1,-1,-1
2018-05-03,0,5.449999809265137,5.527500152587891,5.264999866485596,5.327499866485596,4.479232311248779,3764800,0.8496281755342163,-0.0227333979893503,-0.0318660149415909,-0.0680227014479202,0.0209090213115793,0.0557149298523046,0.1220028742575111,-1,-1,-1
2018-05-04,0,5.340000152587891,5.447500228881836,5.224999904632568,5.300000190734863,4.456111431121826,3144400,0.9596709086877568,-0.0051751633504264,-0.0617337179464754,-0.0814929812127022,0.0208768771888956,0.0557576031605346,0.1219428466353588,-1,-1,-1
2018-05-07,0,5.287499904632568,5.322500228881836,5.25,5.300000190734863,4.456111431121826,440000,0.9388869801823152,0.0,-0.0617337179464754,-0.0814929812127022,0.0208421018025061,0.0557990307368732,0.1218820843431318,0,-1,-1
2018-05-08,0,5.287499904632568,5.357500076293945,5.275000095367432,5.275000095367432,4.435091972351074,2746400,1.0636705961194108,-0.0047281559031322,-0.0677914412936992,-0.0862211371158344,0.0208098630051954,0.0558647235591823,0.1218352179123953,-1,-1,-1
2018-05-09,0,5.272500038146973,5.375,5.25,5.309999942779541,4.464519023895264,1248000,1.0912581454989527,0.0066131337206262,-0.0522815245496505,-0.0739399065113482,0.0207781030489625,0.0558684772081729,0.121751109875662,1,-1,-1
2018-05-10,0,5.337500095367432,5.375,5.300000190734863,5.337500095367432,4.487640380859375,1368800,1.042921327157901,0.0051655488538038,-0.0208580346684788,-0.0657087468862024,0.0207453135589711,0.0557940747600015,0.1216448391890433,1,-1,-1
2018-05-11,0,5.335000038146973,5.375,5.25,5.309999942779541,4.464519023895264,3952800,1.165874888522897,-0.0051655488538038,-0.0032901855329324,-0.0796080033952082,0.020713974598713,0.0557025143021812,0.1215761284664972,-1,0,-1
2018-05-14,0,5.275000095367432,5.347499847412109,5.03000020980835,5.347499847412109,4.496047496795654,5342000,1.3954308016997152,0.0070371896554382,0.0089221674729324,-0.0703945768647277,0.0206830895249804,0.0556101886225673,0.1214814134327632,1,1,-1
2018-05-15,0,5.264999866485596,5.295000076293945,5.224999904632568,5.255000114440918,4.418276786804199,965600,1.3113253506273368,-0.0174489239367504,-0.0085267564638181,-0.0786508343174225,0.0206754972680274,0.0555227926661197,0.1214089900872413,-1,-1,-1
2018-05-16,0,5.269999980926514,5.320000171661377,5.25,5.295000076293945,4.451907157897949,264400,1.208786291131904,0.0075828263419775,0.0037842257812917,-0.0604581361263813,0.020645484823592,0.0554308045657202,0.1212893149780101,1,0,-1
2018-05-17,0,5.275000095367432,5.289999961853027,5.175000190734863,5.210000038146973,4.380441665649414,1848400,1.1067349727218223,-0.0161830229638102,-0.0190119309031447,-0.0744162047080447,0.0206344561437682,0.0553556166113506,0.1212045266188787,-1,-1,-1
2018-05-18,0,5.1875,5.224999904632568,5.0,5.112500190734863,4.298465251922607,1307200,1.0090345913343723,-0.0188915153793766,-0.0430689951363253,-0.0977521864115029,0.0206310736541125,0.0553312200794633,0.1211896199771456,-1,-1,-1
2018-05-21,0,5.162499904632568,5.21750020980835,5.102499961853027,5.125,4.3089752197265625,1701600,1.0715633438964052,0.0024420669679344,-0.035461379314587,-0.090865653119487,0.0205980247820703,0.0552869885759499,0.1211512869840176,1,-1,-1
2018-05-22,0,5.162499904632568,5.364999771118164,5.130000114440918,5.1875,4.361523151397705,941200,0.9775574633832768,0.0121212352049873,-0.0303773337650381,-0.0862884294727265,0.0205751445857348,0.055231613876591,0.1210981247442483,1,-1,-1
2018-05-23,0,5.1875,5.202499866485596,5.099999904632568,5.099999904632568,4.287955284118652,630800,0.9441843823348816,-0.0170113474343031,-0.0299397572625908,-0.0890518584007624,0.0205664722796773,0.0551754390669825,0.1210525132808206,-1,-1,-1
2018-05-24,0,5.057499885559082,5.125,5.017499923706055,5.074999809265137,4.2669358253479,691200,0.9070105589125528,-0.0049140312364964,-0.0424366148410647,-0.0854090652025794,0.0205359708397848,0.0551487343514627,0.1209953021565088,-1,-1,-1
2018-05-25,0,5.052499771118164,5.110000133514404,4.945000171661377,5.025000095367432,4.2248969078063965,349200,0.7187534680016011,-0.0099011043414163,-0.036154696218671,-0.0903228275963391,0.0205117904558639,0.0551059707393068,0.1209519859590267,-1,-1,-1
2018-05-28,0,5.034999847412109,5.034999847412109,4.71750020980835,4.800000190734863,4.035723209381104,1158000,0.4935655537978004,-0.0458093402834726,-0.063072521122767,-0.1608247075342699,0.0206447569647976,0.0551467124344856,0.121189439637577,-1,-1,-1
2018-05-29,0,4.824999809265137,4.992499828338623,4.744999885559082,4.849999904632568,4.077763080596924,10226400,0.9293379902960852,0.0103630537957505,-0.0551515342949507,-0.1504616537385193,0.0206196191792265,0.0551575826114724,0.1213722185413593,1,-1,-1
2018-05-30,0,4.84250020980835,4.994999885559082,4.840000152587891,4.862500190734863,4.0882720947265625,3173200,1.0666521502245556,0.0025738365572869,-0.0646989329426509,-0.1492173846253236,0.0205874123418345,0.055202630446635,0.1215451798460365,1,-1,-1
2018-06-01,0,4.927499771118164,4.942500114440918,4.835000038146973,4.925000190734863,4.140819072723389,4392800,1.1841437029136497,0.0127712018599323,-0.0349163836484154,-0.127549399741969,0.0205665622080522,0.0551558271357992,0.1216223482503484,1,-1,-1
2018-06-04,0,4.960000038146973,4.987500190734863,4.90749979019165,4.9375,4.15132999420166,258000,1.1312018566795832,0.0025351515084706,-0.0274672009034484,-0.0987563072061305,0.0205346150762794,0.0550944114857737,0.12159574261307,1,-1,-1
2018-06-05,0,4.900000095367432,4.952499866485596,4.775000095367432,4.894999980926514,4.115595817565918,6604000,1.362241942216444,-0.0086451481504171,-0.0262112447124492,-0.0846680573671974,0.0205088708420133,0.0550310135987225,0.1215271045243157,-1,-1,-1
2018-06-06,0,4.855000019073486,4.877500057220459,4.775000095367432,4.775000095367432,4.01470422744751,778800,1.3508523076435694,-0.0248199374819029,-0.0052218419108796,-0.1043128314986739,0.0205253860543011,0.0549456532456733,0.1215163513903943,-1,0,-1
2018-06-07,0,4.75,4.760000228881836,4.525000095367432,4.599999904632568,3.867568016052246,2882400,1.4491369797819762,-0.0373377879193182,-0.0529226836259484,-0.1416506194179921,0.0206007960368438,0.0549473141474062,0.1216434502915663,-1,-1,-1
2018-06-08,0,4.677499771118164,4.702499866485596,4.574999809265137,4.59499979019165,3.863363981246948,1020000,1.4606769134895947,-0.0010875882031199,-0.0565841083863554,-0.1380100517179799,0.0205690230190314,0.0549603621336944,0.1217523119728512,0,-1,-1
2018-06-11,0,4.582499980926514,4.652500152587891,4.15500020980835,4.585000038146973,3.854956150054932,10028800,1.8935472921306773,-0.0021786695484774,-0.0715339797947651,-0.1468018549870836,0.020537709518698,0.0550290504867005,0.121895141205699,-1,-1,-1
2018-06-12,0,4.635000228881836,4.644999980926514,4.474999904632568,4.537499904632568,3.815019607543945,9472400,2.259817359037326,-0.0104138278116411,-0.084482959114877,-0.1623812316525286,0.0205146303943384,0.0551548455025965,0.1221044210554648,-1,-1,-1
2018-06-13,0,4.514999866485596,4.574999809265137,4.46750020980835,4.510000228881836,3.791898250579834,934800,1.8156445862531023,-0.0060790529355586,-0.0819168639000183,-0.1632947357342834,0.0204861236169661,0.0552660151522212,0.1223135709709878,-1,-1,-1
2018-06-14,0,4.5,4.510000228881836,4.429999828338623,4.497499942779541,3.781388521194458,965600,1.7071326662138615,-0.0027754755494396,-0.059872401967555,-0.1731074009391614,0.0204554447419433,0.0552857454240356,0.122565109133627,-1,-1,-1
2018-06-15,0,4.445000171661377,4.482500076293945,4.420000076293945,4.425000190734863,3.72043251991272,2122000,1.5872890598176257,-0.0162513455102313,-0.0387859595584682,-0.1719098225126423,0.020444398399134,0.055245057018073,0.1228057939374642,-1,-1,-1
2018-06-18,0,4.394999980926514,4.4375,4.347499847412109,4.375,3.678393602371216,586000,1.5999135811029812,-0.0113637945371122,-0.0490621658924604,-0.1908564433917322,0.0204231629475456,0.0552301539541382,0.1231368913727632,-1,-1,-1
2018-06-19,0,4.304999828338623,4.5,4.304999828338623,4.462500095367432,3.7519612312316895,918800,1.3236502796418732,0.0198025624802267,-0.0270809338637563,-0.1548708579476952,0.0204208502884373,0.0551671180334296,0.1232902473837809,1,-1,-1
2018-06-20,0,4.510000228881836,4.527500152587891,4.380000114440918,4.492499828338623,3.777184247970581,12064400,1.817723470306264,0.0067001258422063,-0.0099669802099087,-0.1292792167261122,0.0203931127043377,0.0550857550606388,0.1233396225636561,1,-1,-1
2018-06-21,0,4.477499961853027,4.497499942779541,4.400000095367432,4.4375,3.730942487716675,1277200,1.74342278195709,-0.0123179446952972,-0.0162058719696475,-0.1440392283893439,0.0203739408742745,0.055009595774308,0.1234426229990834,-1,-1,-1
2018-06-22,0,4.537499904632568,4.539999961853027,4.422500133514404,4.525000095367432,3.8045096397399902,658000,1.7266917132568544,0.0195262309942627,0.006095834574055,-0.1366342326000684,0.0203708808083473,0.0549264301229762,0.1235145981319853,1,1,-1
2018-06-25,0,4.522500038146973,4.614999771118164,4.46750020980835,4.5625,3.836039066314697,482000,1.298170809607566,0.0082532306928615,0.0306004107771479,-0.1113696544729035,0.0203450891018221,0.0548672731674693,0.1234988453106985,1,1,-1
2018-06-26,0,4.557499885559082,4.610000133514404,4.452499866485596,4.5,3.7834904193878174,1776000,0.9557193551269106,-0.0137933661568692,0.0281708391573909,-0.1202489893932764,0.0203291439652859,0.05480446016182,0.1235100555773737,-1,1,-1
2018-06-27,0,4.5,4.625,4.474999904632568,4.625,3.888587236404419,1326400,0.9744979644425728,0.0273989384225538,0.0357672150997182,-0.082948946629306,0.0203528334990013,0.0547547494935205,0.123416518963521,1,1,-1
2018-06-28,0,4.570000171661377,4.707499980926514,4.567500114440918,4.625,3.888587236404419,490000,0.9541740772415808,0.0,0.0290670892575118,-0.0371396063458335,0.0203226200974027,0.0546935998509958,0.123245166385937,0,1,-1
2018-06-29,0,4.650000095367432,4.71750020980835,4.442500114440918,4.625,3.888587236404419,1879200,0.9473370799969306,0.0,0.0413850339528091,-0.0475026601415841,0.020292540851343,0.0546555525585652,0.1230873277979566,0,1,-1
2018-07-02,0,4.5625,4.622499942779541,4.432499885559082,4.5625,3.836039066314697,894800,0.962201937414709,-0.0136055722656847,0.0082532306928615,-0.0636820689645557,0.0202765937366525,0.0545749670619603,0.122955432511078,-1,1,-1
2018-07-03,0,4.5625,4.695000171661377,4.5625,4.650000095367432,3.9096078872680655,1123200,0.9731906083379568,0.0189967432850137,0.0189967432850137,-0.0574565275394743,0.0202721960757366,0.0545019145969343,0.1228133392754417,1,1,-1
2018-07-04,0,4.652500152587891,4.712500095367432,4.630000114440918,4.650000095367432,3.9096078872680655,116000,0.4479996524994138,0.0,0.032790109441883,-0.0599916790479449,0.020242456222352,0.0544475324814106,0.1226757910932964,0,1,-1
2018-07-05,0,4.630000114440918,4.652500152587891,4.512499809265137,4.574999809265137,3.846548318862915,1878000,0.476620683998081,-0.0162608787705144,-0.0108697077511853,-0.0676074096680421,0.0202326134440618,0.0543708775719207,0.1225519476643147,-1,-1,-1
2018-07-06,0,4.554999828338623,4.712500095367432,4.537499904632568,4.699999809265137,3.9516451358795166,7061200,0.7722998285904918,0.0269557766894329,0.0160860689382475,-0.0158316954967062,0.0202543317034181,0.0542961674609011,0.1223670363285447,1,1,-1
2018-07-10,0,4.722499847412109,4.757500171661377,4.672500133514404,4.672500133514404,3.928523778915405,606400,0.7785077660591184,-0.0058682557608811,0.0102178131773663,0.0156378366617308,0.0202276242773109,0.0542180666835016,0.1221788907793124,-1,1,1
2018-07-11,0,4.625,4.889999866485596,4.625,4.822500228881836,4.054640293121338,2017200,0.7954981652276432,0.0315982500939368,0.0554216355369879,0.0483236749587877,0.0202681936481922,0.0542167665884487,0.1220138081210522,1,1,1
2018-07-12,0,4.900000095367432,4.997499942779541,4.824999809265137,4.954999923706055,4.166043281555176,415200,0.7555921625794044,0.0271047553860916,0.0635296476380657,0.0776070998933566,0.0202895804220725,0.0542402640130104,0.1218919622479475,1,1,1
2018-07-13,0,4.96750020980835,4.96750020980835,4.940000057220459,4.96750020980835,4.176552295684815,566000,0.7609297653711108,0.0025193645289182,0.0660490121669842,0.0905402922339163,0.0202606185257089,0.0542715267629547,0.121795888201342,1,1,1
2018-07-16,0,4.974999904632568,5.022500038146973,4.9375,4.974999904632568,4.182857990264893,3318000,0.837425597253344,0.0015086460791767,0.0838185370166753,0.0981279912486515,0.020231561559338,0.0543711949520663,0.1217166258645569,0,1,1
2018-07-17,0,4.949999809265137,5.074999809265137,4.900000095367432,5.025000095367432,4.2248969078063965,2778400,0.93411464850641,0.0100001173638161,0.0668628776910584,0.1109035841619072,0.0202089515723392,0.0544031575371001,0.1216686084263597,1,1,1
2018-07-18,0,5.050000190734863,5.050000190734863,4.927499771118164,4.974999904632568,4.182857990264893,344800,0.8997853291145927,-0.010000117363816,0.0627310160881237,0.1171548123083226,0.0201878660135116,0.0544206128812107,0.1216368155617135,-1,1,1
2018-07-19,0,4.925000190734863,4.925000190734863,4.8125,4.900000095367432,4.119800090789795,3868000,1.0800085050830888,-0.0151901020971683,0.0159426638970184,0.1133285047482666,0.0201763961027971,0.0543465684542635,0.1215939567578348,-1,1,1
2018-07-20,0,4.947500228881836,5.199999809265137,4.925000190734863,5.177499771118164,4.353115081787109,555200,1.024050990935609,0.0550870590400286,0.0439249675509554,0.1486130013080685,0.020356565214831,0.0543131120340755,0.1216589013375436,1,1,1
2018-07-23,0,5.237500190734863,5.239999771118164,5.005000114440918,5.137499809265137,4.319485187530518,1083200,0.7536966478471199,-0.0077554739696451,0.0336501290523918,0.1341574014962168,0.0203325572155332,0.0542600746250473,0.1216741238108291,-1,1,1
2018-07-24,0,5.142499923706055,5.170000076293945,5.0625,5.170000076293945,4.346810817718506,716400,0.7622154522181652,0.0063062052644008,0.0384476882376159,0.1527815514559151,0.0203060987631487,0.0542155190497034,0.1217502498527697,1,1,1
2018-07-25,0,5.162499904632568,5.224999904632568,5.139999866485596,5.21999979019165,4.388848304748535,748000,0.705219642646743,0.0096244166427383,0.0380719875165382,0.1428797371043906,0.0202831323376338,0.0541702968665743,0.121790444123281,1,1,1
2018-07-26,0,5.182499885559082,5.184999942779541,5.072500228881836,5.125,4.3089752197265625,408000,0.7055493217625791,-0.0183667397093094,0.0297053651710447,0.1162597667022195,0.0202795220489701,0.0541116065091715,0.1217503548721732,-1,1,1
2018-07-27,0,5.159999847412109,5.184999942779541,5.050000190734863,5.175000190734863,4.351014137268066,540400,0.7054021740689157,0.0097088451335315,0.0546043124017447,0.1397619779926203,0.0202568697450131,0.0541038723963333,0.1217778878797198,1,1,1
2018-07-30,0,5.15749979019165,5.15749979019165,5.077499866485596,5.077499866485596,4.269038200378418,559600,0.5716507365818215,-0.0190203968771356,-0.0195031435154196,0.0933426426929307,0.0202550099644819,0.0540408472342809,0.1216830105015087,-1,-1,1
2018-07-31,0,5.025000095367432,5.067500114440918,4.90500020980835,4.949999809265137,4.161839485168457,1696400,0.5171909331954987,-0.025431395582477,-0.0371790651282514,0.0679112471104536,0.0202730149767893,0.0540072029756558,0.1215442408852507,-1,-1,1
2018-08-01,0,4.90749979019165,4.987500190734863,4.824999809265137,4.875,4.098780632019043,2303600,0.6103147887832245,-0.0152676378219329,-0.0587529082145852,0.0526436092885206,0.0202617542403321,0.0540308848313196,0.1213871817813355,-1,-1,1
2018-08-02,0,4.837500095367432,4.945000171661377,4.837500095367432,4.925000190734863,4.140819072723389,1258000,0.4854515711392416,0.0102040892702827,-0.0581732355870408,0.076453270824488,0.020240209876329,0.0540520200170461,0.1212622263842202,1,-1,1
2018-08-03,0,4.949999809265137,4.977499961853027,4.897500038146973,4.974999904632568,4.182857990264893,3110400,0.6087697556635826,0.0101011307066866,-0.0297053651710447,0.0675576582461609,0.0202185896149884,0.0540036569681778,0.1211242533079964,1,-1,1
2018-08-06,0,4.934999942779541,4.962500095367432,4.857500076293945,4.875,4.098780632019043,1148800,0.609116804374087,-0.0203052199769693,-0.0597194302815457,0.0472524382691916,0.0202200634550506,0.054028854683077,0.1209635947228272,-1,-1,1
2018-08-07,0,4.875,4.949999809265137,4.78000020980835,4.862500190734863,4.0882720947265625,3798000,0.7536178492441682,-0.0025671125896495,-0.0432661459940595,0.0609462044500565,0.0201928720226677,0.0540076116801053,0.1208179971908599,-1,-1,1
2018-08-08,0,4.90500020980835,5.050000190734863,4.90500020980835,4.949999809265137,4.161839485168457,2077200,0.8160377737037683,0.0178347504115824,0.0,0.051825178172206,0.0201857626459929,0.0539327022969175,0.1206628284237016,1,0,1
2018-08-09,0,4.994999885559082,5.144999980926514,4.875,5.0625,4.256425857543945,1721600,0.8808753583570077,0.0224726470733779,0.0377402848953109,0.0801660810064652,0.0201909124746686,0.0538899047812487,0.1205459119151069,1,1,1
2018-08-10,0,5.007500171661377,5.007500171661377,4.84250020980835,4.894999980926514,4.115595817565918,2844400,0.989777440564934,-0.0336461922669747,-0.0061099966419465,0.0149216386455535,0.0202418577616442,0.0538173323109739,0.1203717931127949,-1,-1,1
2018-08-13,0,4.894999980926514,5.170000076293945,4.829999923706055,5.099999904632568,4.287955284118652,1052400,1.0144991419423053,0.041026380290362,0.0248152529417289,0.028843263549824,0.0203245661850292,0.0537558667269907,0.1202021217852378,1,1,1
2018-08-14,0,4.962500095367432,5.070000171661377,4.869999885559082,5.03249979019165,4.3756537437438965,596800,0.9627115657672404,0.0202459402177602,0.0653664131364583,0.0465698392386658,0.0203228722685597,0.0537825032420183,0.1200445371363197,1,1,1
2018-08-15,0,5.025000095367432,5.119999885559082,4.880000114440918,4.942500114440918,4.297401428222656,2936000,0.9996740299474683,-0.0180454147807238,0.0498881109453839,0.0270157783787651,0.0203184207558148,0.0537652811009947,0.1198755122274098,-1,1,1
2018-08-16,0,4.949999809265137,5.025000095367432,4.802499771118164,5.0,4.347395896911621,656400,0.9722536224067144,0.0115665004461699,0.0436198609799715,0.028582161461119,0.0202990817342531,0.053733894418077,0.1197078260199472,1,1,1
2018-08-17,0,4.954999923706055,4.992499828338623,4.877500057220459,4.945000171661377,4.299574375152588,282800,0.8349555141236346,-0.0110609861755931,0.0100862277310005,0.0275212926493421,0.0202807114553591,0.0536619148085397,0.119540412013404,-1,1,1
2018-08-20,0,4.922500133514404,4.977499961853027,4.889999866485596,4.977499961853027,4.327831745147705,156800,0.7880417471138937,0.0065506296206371,0.0502830496186124,0.0492620243671476,0.0202558988127898,0.0536454479897196,0.1193877897366232,1,1,1
2018-08-21,0,4.949999809265137,4.949999809265137,4.699999809265137,4.775000095367432,4.151763916015625,1071600,0.6590810335629375,-0.0415333809559495,-0.0322767116276991,-0.0473584156288305,0.0203451829787539,0.0536043236070727,0.1192591636542946,-1,-1,-1
2018-08-22,0,4.737500190734863,5.047500133514404,4.724999904632568,5.045000076293945,4.386523246765137,738000,0.5961302323898245,0.0550036582456994,0.0024810064002401,0.0154007165865139,0.020512000163233,0.053531844060853,0.1190908263579359,1,0,1
2018-08-23,0,4.985000133514404,5.025000095367432,4.875,4.875,4.238710403442383,434800,0.5322813036849376,-0.0342778693388357,-0.0137514481578718,-0.0251833580167226,0.0205632244715063,0.0534667333609392,0.1189384632611163,-1,-1,-1
2018-08-24,0,4.897500038146973,4.920000076293945,4.857500076293945,4.894999980926514,4.256100177764893,835600,0.4374077973811944,0.0040942169216761,-0.0212237316823656,-0.0307135577377847,0.0205367719254793,0.0534095369396163,0.1187917457405798,1,-1,-1
2018-08-27,0,4.925000190734863,5.224999904632568,4.925000190734863,5.224999904632568,4.543027877807617,191600,0.3950092527202533,0.06524043341879,0.0550776879120174,0.0528936153903147,0.0207774650326553,0.05340602712943,0.1186460998869835,1,1,1
2018-08-28,0,5.159999847412109,5.224999904632568,5.059999942779541,5.074999809265137,4.412607192993164,514000,0.3910128091453077,-0.0291280081958306,0.0193990500955498,0.0140567620609525,0.0208062572206014,0.0533412516753536,0.1184803919904865,-1,1,1
2018-08-29,0,5.0625,5.175000190734863,5.050000190734863,5.175000190734863,4.4995551109313965,547200,0.2727991426232415,0.0195128126574591,0.0804452437089586,0.0525899715955475,0.0208014657645572,0.0534191835204229,0.1183356242978504,1,1,1
2018-08-30,0,5.130000114440918,5.199999809265137,4.947500228881836,5.007500171661377,4.353916645050049,644400,0.2722407653533565,-0.0329027094756824,-0.0074611240124232,0.0451186577023422,0.0208449154015202,0.0533509856576541,0.118184753419586,-1,-1,1
2018-08-31,0,5.022500038146973,5.235000133514404,5.005000114440918,5.125,4.456081390380859,1660800,0.3442368088278984,0.0231939496282345,0.050010694954647,0.0835802451525096,0.0208497389911934,0.053334359112347,0.1180823292473643,1,1,1
2018-09-03,0,5.125,5.125,5.025000095367432,5.099999904632568,4.434342861175537,189200,0.3461037050539572,-0.0048903341199364,0.0410261439130342,0.0684858217622903,0.020824394465279,0.0532988038226624,0.1179572454514469,-1,1,1
2018-09-04,0,5.057499885559082,5.0625,4.929999828338623,5.025000095367432,4.369132995605469,729600,0.331420892085904,-0.0148148434352023,-0.0390291329409581,0.0435698476204014,0.0208120876633169,0.0532731492852339,0.1178066448067099,-1,-1,1
2018-09-05,0,4.974999904632568,5.110000133514404,4.962500095367432,5.110000133514404,4.443039417266846,487600,0.3189554715807463,0.0167741054339535,0.006872980688826,0.0806491730313243,0.0208014262202308,0.0532033052339699,0.1177002214894023,1,1,1
2018-09-06,0,5.090000152587891,5.142499923706055,5.012499809265137,5.119999885559082,4.451733112335205,1000000,0.3493236163706669,0.0019547881202775,-0.0106850438483556,0.0851710737412515,0.0207745783161525,0.0531383285340624,0.1176014555662066,0,-1,1
2018-09-10,0,5.175000190734863,5.175000190734863,5.027500152587891,5.074999809265137,4.412607192993164,1301200,0.3747623610100555,-0.0088277688091036,0.0133898968182232,0.0585085545205653,0.0207532424754882,0.0530712012537717,0.1174657939534846,-1,1,1
2018-09-11,0,5.03000020980835,5.03000020980835,4.942500114440918,4.942500114440918,4.297401428222656,442400,0.3867609588267089,-0.0264551939867639,-0.0362592467967751,0.0095807134604235,0.0207717504619073,0.0530404854675677,0.1173057238700259,-1,-1,0
2018-09-12,0,4.949999809265137,5.025000095367432,4.849999904632568,5.025000095367432,4.369132995605469,4497200,0.5890892167788371,0.0165540692416364,-0.0148148434352023,0.0597809749690346,0.0207609402466079,0.0529794131667255,0.1171725208683733,1,-1,1
2018-09-13,0,5.005000114440918,5.034999847412109,4.862500190734863,5.025000095367432,4.369132995605469,9509200,1.0440721289082948,0.0,0.0,0.0187545946786725,0.0207343251768369,0.0529108214918262,0.117014133756658,0,0,1
2018-09-14,0,4.977499961853027,5.177499771118164,4.974999904632568,5.162499904632568,4.4886860847473145,1195600,1.0738846221325145,0.026995437220998,0.0102213317870447,0.0255040916819105,0.0207508336940476,0.0528434331645781,0.1168579249315371,1,1,1
2018-09-17,0,5.125,5.324999809265137,5.114999771118164,5.287499904632568,4.597370624542236,732800,1.0269518617219098,0.0239245092373578,0.0321910529041248,0.0674740156999923,0.0207576764035597,0.0527955600387407,0.1167353994071551,1,1,1
2018-09-18,0,5.269999980926514,5.28000020980835,5.127500057220459,5.25,4.564765930175781,1566000,1.1003995907328217,-0.0071172988542017,0.0339015228590267,0.0487902163996205,0.0207349665009811,0.0527502629866783,0.1165935870929884,-1,1,1
2018-09-19,0,5.304999828338623,5.304999828338623,5.162499904632568,5.275000095367432,4.586503505706787,1956000,1.1677246128234766,0.0047507324676799,0.0651074493134705,0.0646019350428937,0.0207096618150581,0.052774982566469,0.1164683145384658,1,1,1
2018-09-20,0,5.267499923706055,5.287499904632568,5.190000057220459,5.272500038146973,4.584328651428223,1607200,1.2282749193383231,-0.0004742981404677,0.0480790819313664,0.0575770072817886,0.0206835097045109,0.0527553335967002,0.1163356162696612,0,1,1
2018-09-21,0,5.324999809265137,5.340000152587891,5.190000057220459,5.287499904632568,4.597370624542236,6559200,1.5274853474469257,0.0028408645269894,0.050919946458356,0.1019512527647278,0.0206576670115828,0.0527418299146467,0.116271349342839,1,1,1
2018-09-24,0,5.317500114440918,5.324999809265137,5.264999866485596,5.287499904632568,4.597370624542236,1387600,1.534907909854498,0.0,0.0239245092373578,0.0469475945190283,0.0206316605496442,0.0526842967297279,0.1161297693886011,0,1,1
2018-09-25,0,5.275000095367432,5.287499904632568,5.192500114440918,5.287499904632568,4.597370624542236,2342000,1.638114777541448,0.0,0.0,0.0812254638578641,0.0206057520618349,0.0526175831129877,0.1160285396782657,0,0,1
2018-09-26,0,5.300000190734863,5.445000171661377,5.262499809265137,5.337500095367432,4.640845775604248,3227200,1.5837292623515895,0.0094120921451929,0.0165293909993946,0.0865433390813807,0.020584561395546,0.0525546455851655,0.1159360222485439,1,1,1
2018-09-27,0,5.335000038146973,5.425000190734863,5.335000038146973,5.425000190734863,4.716924667358398,3884000,1.3133524081124637,0.0162604048660797,0.0280390633977945,0.0375633105286705,0.0205735199947572,0.0525021261004575,0.1157895553100451,1,1,1
2018-09-28,0,5.397500038146973,5.409999847412109,5.28000020980835,5.324999809265137,4.629977226257324,6043600,1.5766123928106353,-0.0186050843673312,0.0099082771709311,0.04808623435717,0.0205704566894768,0.0524366511577441,0.1156506306474089,-1,1,1
2018-10-01,0,5.347499847412109,5.347499847412109,5.127500057220459,5.142499923706055,4.471295833587647,2126400,1.648073768158627,-0.0348736870800841,-0.0278062744361426,-0.0063002653803733,0.0206210381389453,0.0523947513062104,0.115503267561731,-1,-1,0
2018-10-02,0,5.15749979019165,5.21999979019165,5.097499847412109,5.099999904632568,4.434342861175537,3266400,1.7334705285161145,-0.008298828587011,-0.0361051030231536,0.0183036155082979,0.0206001840300561,0.0523671382091295,0.1153522371357336,-1,-1,1
2018-10-03,0,5.114999771118164,5.252500057220459,5.077499866485596,5.105000019073486,4.438691139221191,2761600,1.7717305947144917,0.0009801108377463,-0.0351249921854074,-0.0039102232821901,0.0205746832034646,0.0523376144956315,0.1152050165890741,0,-1,0
2018-10-04,0,5.119999885559082,5.119999885559082,4.96750020980835,4.997499942779541,4.345222473144531,1826000,1.7783245128070586,-0.0212825850105951,-0.0658196693411954,-0.0203024741728487,0.0205778601539252,0.0523872130795921,0.1150678559152806,-1,-1,-1
2018-10-05,0,4.875,4.987500190734863,4.849999904632568,4.949999809265137,4.303922176361084,21652000,2.5120916114481617,-0.0095502185156667,-0.0916302927229421,-0.0150378492533133,0.020558555925539,0.0525365294624764,0.1149274824820949,-1,-1,-1
2018-10-08,0,5.050000190734863,5.192500114440918,5.050000190734863,5.190000057220459,4.512597560882568,2428400,2.565396302702561,0.047346202569953,-0.0256790057856576,0.0155342478826862,0.0206639068813156,0.0524909446424033,0.1147785674291209,1,-1,1
2018-10-09,0,5.190000057220459,5.335000038146973,5.172500133514404,5.25,4.564765930175781,4030000,2.6542044407540213,0.0114942942875143,0.0206889755819408,0.025073754049923,0.020645591497598,0.0524330079332433,0.1146317094075134,1,1,1
2018-10-10,0,5.252500057220459,5.257500171661377,5.085000038146973,5.21999979019165,4.5386810302734375,2422000,2.6078240970813784,-0.0057307899756117,0.0232570141933401,0.028170732883415,0.0206227302467313,0.0523775275510225,0.1144863306202471,-1,1,1
2018-10-11,0,5.212500095367432,5.25,5.15500020980835,5.15749979019165,4.484339714050293,1369200,2.466031016531894,-0.0120451841522174,0.0102317192033766,0.0425807427179615,0.020607030051129,0.0523139609879869,0.1143485808316236,-1,1,1
2018-10-15,0,5.242499828338623,5.242499828338623,5.072500228881836,5.112500190734863,4.445212841033936,1124800,2.198502334909963,-0.0087635126584226,0.0227507915555491,0.0172631608179025,0.0205870973311757,0.052258390718372,0.1142020405581439,-1,1,1
2018-10-16,0,5.110000133514404,5.112500190734863,4.912499904632568,4.994999885559082,4.343048095703125,3306000,2.2549648936305093,-0.02325132327117,0.0090496868000459,-0.0059881624532674,0.0205954583557455,0.0521949153256955,0.1140601808439685,-1,1,0
2018-10-17,0,4.960000038146973,5.125,4.892499923706055,5.114999771118164,4.447385311126709,2159600,2.198159967884309,0.0237399251620503,-0.0145565906078568,-0.0092436745122151,0.0206021834278969,0.0521384396184542,0.1139203838894175,1,-1,0
2018-10-18,0,5.117499828338623,5.117499828338623,4.962500095367432,4.992499828338623,4.340874671936035,1071200,2.109596524152939,-0.0242404878387639,-0.0502913727341352,-0.0574086715883369,0.0206132684188736,0.0521419199604319,0.1138313432892045,-1,-1,-1
2018-10-19,0,5.019999980926514,5.047500133514404,4.952499866485596,4.980000019073486,4.3300065994262695,399200,2.037354889225678,-0.0025067989886897,-0.0470673817472131,-0.0527981717228248,0.0205889461393619,0.0521372540137711,0.1137353859671685,-1,-1,-1
2018-10-22,0,4.96999979019165,5.112500190734863,4.96999979019165,5.09250020980835,4.427822589874268,3482800,1.1320722451406318,0.0223388823928712,-0.0126833152021246,-0.0352100217976336,0.02059199210809,0.0520795669688148,0.1136172676204384,1,-1,-1
2018-10-23,0,5.03249979019165,5.082499980926514,4.957499980926514,5.007500171661377,4.353916645050049,1696800,1.090506419981263,-0.0168321303472962,-0.0207519328909982,-0.0515678540044621,0.0205848424554821,0.0520294825243718,0.1135199552419451,-1,-1,-1
2018-10-24,0,5.022500038146973,5.027500152587891,4.809999942779541,4.832499980926514,4.201757907867432,1343200,0.9420590657754068,-0.0355728309615704,-0.0330734405813986,-0.0899815494930222,0.0206356082557969,0.0519966354661459,0.1134939289188849,-1,-1,-1
2018-10-25,0,4.872499942779541,4.897500038146973,4.797500133514404,4.849999904632568,4.21697473526001,1797200,0.9023176945359463,0.0036149963679803,-0.0531983693754687,-0.0863665531250417,0.0206115590563683,0.0520067078214173,0.1134593987917779,1,-1,-1
2018-10-26,0,4.872499942779541,4.892499923706055,4.712500095367432,4.875,4.238710403442383,2167200,0.9377779650839349,0.0051410892671776,-0.0238167922695272,-0.0812254638578642,0.020588289590847,0.0519603351907108,0.1134136010776637,1,-1,-1
2018-10-29,0,4.909999847412109,4.997499942779541,4.820000171661377,4.852499961853027,4.2191481590271,1455600,0.9510651006339496,-0.004625823227929,-0.0259358165087666,-0.0952633792309861,0.0205653000940466,0.0519167637069554,0.1133985087713054,-1,-1,-1
2018-10-30,0,4.864999771118164,5.022500038146973,4.852499961853027,5.0,4.347395896911621,902800,0.8296120703791292,0.029943771831971,-0.0183309270696668,-0.081580012265095,0.0205910013217199,0.0518645942768364,0.1133527667214547,1,-1,-1
2018-10-31,0,5.007500171661377,5.072500228881836,4.889999866485596,4.942500114440918,4.297401428222656,1190000,0.777336608626393,-0.01156650044617,-0.0130652971685406,-0.0745414283439338,0.0205749869002366,0.0518081445477858,0.113292941950649,-1,-1,-1
2018-11-01,0,4.942500114440918,5.09499979019165,4.914999961853027,5.072500228881836,4.410433292388916,13678400,1.425476343982729,0.025962415867511,0.048469949660541,-0.0137053253963386,0.0205878900967644,0.0517948231023409,0.1131591665552469,1,1,-1
2018-11-05,0,5.070000171661377,5.199999809265137,5.017499923706055,5.144999980926514,4.473470211029053,547200,1.433850170227503,0.0141915041232921,0.0590464574158528,0.0087850073139647,0.0205743106900604,0.0518061285337026,0.1130191005176742,1,1,0
2018-11-06,0,5.099999904632568,5.34250020980835,5.050000190734863,5.34250020980835,4.645192623138428,6874800,1.6260830173506204,0.0376683993290762,0.0915737674777514,0.0454732958052945,0.0206284707629002,0.0519248264546256,0.1128922278784763,1,1,1
2018-11-07,0,5.34250020980835,5.574999809265137,5.175000190734863,5.517499923706055,4.797351360321045,10124400,2.105485957214018,0.0322311253560465,0.1284307160617269,0.0989870061719362,0.0206607903397578,0.0522207231939188,0.1128367040853193,1,1,1
2018-11-08,0,5.502500057220459,5.550000190734863,5.380000114440918,5.4375,4.727793216705322,1232400,2.1076131150675304,-0.0146054224271929,0.083881521802563,0.0939318022604099,0.0206498983979695,0.0523056459701243,0.1127716935756888,-1,1,1
2018-11-09,0,5.40500020980835,5.425000190734863,5.21999979019165,5.375,4.673450469970703,15311200,2.8523685200361717,-0.0115608857307044,0.0838871365180287,0.0350247139597526,0.0206342668264214,0.0523893651715694,0.1126392638721275,-1,1,1
2018-11-12,0,5.329999923706055,5.46750020980835,5.329999923706055,5.425000190734863,4.716924667358398,439200,2.769549689474542,0.0092593761932365,0.067184096843754,0.0327897958654746,0.0206144266071463,0.0524181397749918,0.1125062299819514,1,1,1
2018-11-13,0,5.440000057220459,5.602499961853027,5.295000076293945,5.53249979019165,4.810393810272217,2717200,2.8502143700060327,0.0196219202852484,0.0726145130057103,0.0581425061263346,0.0206106677145642,0.0524623661797463,0.1123920868946957,1,1,1
2018-11-14,0,5.539999961853027,5.587500095367432,5.40500020980835,5.525000095367432,4.8038716316223145,1092000,2.865592006291546,-0.0013567712873829,0.033589342389251,0.0688309189911693,0.0205870405342295,0.0524204588588225,0.1122901636170922,0,1,1
2018-11-16,0,5.550000190734863,5.574999809265137,5.510000228881836,5.525000095367432,4.8038716316223145,2856000,2.965773144589671,0.0,0.0013582170332046,0.0775944316495919,0.0205632827709825,0.0523593437331248,0.1122000222116717,0,0,1
2018-11-19,0,5.567500114440918,5.567500114440918,5.412499904632568,5.417500019073486,4.710404872894287,515600,2.291775905626076,-0.0196483181075742,-0.0036846786471765,0.0811974368131876,0.0205627642755406,0.0522996062170789,0.1121152298698668,-1,0,1
2018-11-21,0,5.34499979019165,5.537499904632568,5.315000057220459,5.465000152587891,4.75170373916626,868000,2.3112930183896307,0.0087293710565538,0.0166055781400818,0.0661868827076911,0.0205427458567208,0.0522422797208781,0.1120107729660928,1,1,1
2018-11-22,0,5.502500057220459,5.502500057220459,5.417500019073486,5.480000019073486,4.764745712280273,172800,1.9491275625726527,0.002740934283445,0.0100871362302903,0.0931683048299,0.0205194101049704,0.0521824496002158,0.1119454384817536,1,1,1
2018-11-23,0,5.505000114440918,5.522500038146973,5.40749979019165,5.40749979019165,4.701708793640137,310800,1.4007354938658685,-0.0133181541945022,-0.0228529382494603,0.0823569496240875,0.0205068430843457,0.0521380557414666,0.1118626745937773,-1,-1,1
2018-11-26,0,5.417500019073486,5.537499904632568,5.21750020980835,5.525000095367432,4.8038716316223145,2763600,1.487453884748016,0.0214961669620775,0.0,0.0815142341932939,0.0205075539696264,0.0520781679222103,0.1117787552475171,1,0,1
2018-11-27,0,5.567500114440918,5.567500114440918,5.40749979019165,5.452499866485596,4.740835189819336,2003600,0.7650489268709937,-0.0132088621469765,-0.0132088621469765,0.0851375023936136,0.0204949189225533,0.0520246659668965,0.1117003693546188,-1,-1,1
2018-11-28,0,5.545000076293945,5.552499771118164,5.400000095367432,5.449999809265137,4.738660335540772,1419600,0.8192412200542677,-0.0004588544423918,0.0059806015182056,0.120251478912792,0.0204716868677483,0.0519649246678821,0.1116889715192282,0,1,1
2018-11-29,0,5.454999923706055,5.567500114440918,5.447500228881836,5.537499904632568,4.814741134643555,2747200,0.8210601688849246,0.0159278154024089,0.0131790458640609,0.1325642979472209,0.0204613381155901,0.0519071758852921,0.1117065981706794,1,1,1
2018-11-30,0,5.545000076293945,5.565000057220459,5.5,5.537499904632568,4.814741134643555,2996000,0.927913728237382,0.0,0.0104381115806157,0.1274232086800432,0.0204382060946663,0.0518486728138782,0.111710760393037,0,1,1
2018-12-03,0,5.557499885559082,5.617499828338623,5.445000171661377,5.477499961853027,4.762571811676025,3440800,0.95896237631362,-0.0108944626230807,0.0128618031520374,0.1211545692848915,0.0204225427033339,0.0517911842372699,0.1116996409080743,-1,1,1
2018-12-04,0,5.514999866485596,5.550000190734863,5.434999942779541,5.474999904632568,4.760398387908936,920800,0.981716759597415,-0.0004564592263285,-0.0090908230363686,0.090754338226592,0.0203996020958036,0.0517359296446711,0.1116291907021542,0,-1,1
2018-12-05,0,5.534999847412109,5.550000190734863,5.442500114440918,5.537499904632568,4.814741134643555,1244400,1.0034501756261558,0.0113509218494091,0.0154689609600172,0.1136717605221714,0.0203829390713622,0.0516800039967216,0.1116011062235452,1,1,1
2018-12-06,0,5.497499942779541,5.537499904632568,5.385000228881836,5.474999904632568,4.760398387908936,942000,1.0460669551340045,-0.0113509218494092,0.0045768935529998,0.076358422805251,0.0203680497795227,0.0516213839101641,0.1115096543722266,-1,0,1
2018-12-07,0,5.497499942779541,5.537499904632568,5.440000057220459,5.514999866485596,4.795177459716797,997200,1.0847201499332717,0.0072793572963321,-0.004071564553077,0.0694462759782909,0.0203476493908417,0.0515643823641836,0.111409946725937,1,0,1
2018-12-10,0,5.5,5.537499904632568,5.355000019073486,5.380000114440918,4.677798271179199,800000,0.9737386704310292,-0.0247831726215868,-0.028854737174664,0.0069947040276277,0.020360436304732,0.0515297222917865,0.1112800950122806,-1,-1,0
2018-12-11,0,5.452499866485596,5.452499866485596,5.307499885559082,5.362500190734863,4.662581920623779,519200,0.8913451409642719,-0.0032581894321418,-0.021218463983725,-0.0284946107605604,0.0203385761136574,0.0514854424665275,0.111169883381657,-1,-1,-1
2018-12-12,0,5.427499771118164,5.5,5.392499923706055,5.427499771118164,4.719098091125488,1787200,0.9112158343318384,0.0120483440276725,-0.0087136607297241,-0.0018408443056951,0.0203230905731115,0.0514310037087666,0.1110431846832512,1,-1,0
2018-12-13,0,5.377500057220459,5.525000095367432,5.377500057220459,5.452499866485596,4.740835189819336,1002800,0.8125829653910035,0.0045956216191161,-0.0154689609600172,0.0143156630441256,0.0203013970301115,0.0513814180160682,0.1109139930147287,1,-1,1
2018-12-14,0,5.454999923706055,5.494999885559082,5.40500020980835,5.477499961853027,4.762571811676025,2270400,0.7705357272980043,0.0045744983369364,0.0004564592263284,0.0096307851878254,0.0202797636377925,0.0513241526976761,0.1107855367747899,1,0,0
2018-12-17,0,5.449999809265137,5.534999847412109,5.447500228881836,5.46999979019165,4.75605058670044,458000,0.6051324423305718,-0.0013702037380902,-0.0081931018080938,-0.0113613388355132,0.0202575922118023,0.0512699502115389,0.1106644230545794,0,-1,-1
2018-12-18,0,5.474999904632568,5.607500076293945,5.474999904632568,5.587500095367432,4.85821533203125,939600,0.6072441544574713,0.0212535396726086,0.0378436104861016,0.0112489721244783,0.020258290528778,0.0512380406432954,0.1105366939041099,1,1,1
2018-12-19,0,5.617499828338623,5.90749979019165,5.597499847412109,5.862500190734863,5.097321510314941,1452800,0.6237035347026602,0.0480440528708793,0.089145852789123,0.0592930249953577,0.0203570876562834,0.0513385270861365,0.1104298725286997,1,1,1
2018-12-20,0,5.875,5.90500020980835,5.792500019073486,5.862500190734863,5.097321510314941,2128800,0.6978198826913616,0.0,0.0770975087614504,0.0789413431029319,0.0203347891451348,0.0513966686790192,0.1103454849053333,0,1,1
2018-12-21,0,5.940000057220459,5.962500095367432,5.767499923706055,5.767499923706055,5.014720916748047,3909200,0.8703591670886484,-0.0163374375475711,0.0561644495947631,0.0538745344988069,0.0203283183347282,0.0513978603245929,0.1102345088189209,-1,1,1
2018-12-26,0,5.75,5.917500019073486,5.747499942779541,5.889999866485596,5.121232509613037,908800,0.880974954883999,0.0210173644516012,0.0726073157094277,0.0721509646669629,0.0203280970346017,0.0514411207178936,0.1101419934321071,1,1,1
2018-12-27,0,5.752500057220459,5.927499771118164,5.752500057220459,5.864999771118164,5.099494934082031,1348000,0.9328155238802,-0.0042536323224111,0.0697238871251069,0.0812154865390539,0.0203073149850061,0.05147550249319,0.1100611907141132,-1,1,1
2018-12-28,1,5.804999828338623,5.920000076293945,5.804999828338623,5.887499809265137,5.119058132171631,5064800,1.1364504596343454,0.0038289612754367,0.0522993087279349,0.0635482808524132,0.0202857197975636,0.0514674344598985,0.109959697601644,1,1,1
2019-01-02,0,5.912499904632568,6.232500076293945,5.912499904632568,6.224999904632568,5.4125075340271,1463200,1.173299447769622,0.055742021726958,0.0599972775840136,0.1324991647263479,0.0204242414656855,0.051476030914367,0.1099757971910958,1,1,1
2019-01-03,0,6.159999847412109,6.497499942779541,6.114999771118164,6.482500076293945,5.636398792266846,1576000,1.1508327294325844,0.0405328642692403,0.1005301418532538,0.1734908834379801,0.0204849859415302,0.0516138461995462,0.1101068010814311,1,1,1
2019-01-04,0,6.537499904632568,6.71750020980835,6.460000038146973,6.712500095367432,5.836379051208496,736800,1.1755344381435702,0.0348652295019172,0.1517328089027423,0.1924282975374883,0.0205231119700782,0.0520102733613145,0.1103005724000771,1,1,1
2019-01-07,0,6.75,6.949999809265137,6.715000152587891,6.849999904632568,5.955932140350342,7306800,1.6289949851624637,0.0202771421961056,0.1509925866472467,0.2127054397335938,0.0205202934075405,0.0523955679707335,0.1105685612121924,1,1,1
2019-01-08,0,6.667500019073486,6.730000019073486,6.389999866485596,6.552499771118164,5.845022201538086,2610800,1.7204319980241238,-0.0187973279649448,0.136448891004713,0.2048025743917297,0.0205189855444625,0.0526919017569082,0.1108022162397801,-1,1,1
2019-01-09,0,6.619999885559082,6.619999885559082,6.432499885559082,6.5625,5.853943347930908,3593200,1.8389739054375516,0.0015251174275712,0.1341450471568475,0.2067841510456295,0.0204969677978493,0.0529716144472999,0.1110402733445531,0,1,1
2019-01-10,0,6.557499885559082,6.59250020980835,6.480000019073486,6.482500076293945,5.782580852508545,1556800,1.7155659329317945,-0.0122654134242976,0.0661376120055919,0.1831678157719226,0.0204843088670707,0.0529874851625071,0.1111910115980737,-1,1,1
2019-01-11,0,6.482500076293945,6.534999847412109,6.397500038146973,6.474999904632568,5.7758893966674805,1134400,1.73766030821143,-0.0011578446705075,0.0244469030658441,0.1933608929508243,0.0204626677024841,0.0529369031031522,0.111374393979849,0,1,1
2019-01-14,0,6.474999904632568,6.510000228881836,6.40749979019165,6.409999847412109,5.717907428741455,1465200,1.7551654381795878,-0.0100893483088144,-0.0205076747448875,0.1759921873456778,0.0204472999220184,0.0528945309876941,0.1114976925513341,-1,-1,1
2019-01-15,0,6.387499809265137,6.4375,6.335000038146973,6.400000095367432,5.708986759185791,1509600,1.5536760897674358,-0.00156134663036,-0.0423461635713531,0.1992140133369046,0.0204258843962726,0.0528857090392236,0.1116971525567782,0,-1,1
2019-01-16,0,6.317500114440918,6.545000076293945,6.317500114440918,6.5,5.798190116882324,3644000,1.7074412273119932,0.0155042623500146,-0.0080445732563936,0.2179764651190612,0.0204150742766893,0.0528330588093263,0.1119642813632781,1,-1,1
2019-01-17,0,6.542500019073486,6.737500190734863,6.505000114440918,6.675000190734863,5.954295635223389,2750400,1.7946751121562197,0.026567094531141,0.0169974038471761,0.2324952156225297,0.0204271505018474,0.0527788259748919,0.1122866572450151,1,1,1
2019-01-18,0,6.692500114440918,7.074999809265137,6.659999847412109,6.972499847412109,6.219674587249756,2036400,1.8920572103839792,0.0436046736473185,0.0728674909187921,0.2715042676507321,0.0204986947984004,0.0528121668795109,0.1127818059471635,1,1,1
2019-01-21,0,6.972499847412109,6.972499847412109,6.849999904632568,6.900000095367432,6.155002117156982,2578400,1.570200460068198,-0.0104524846102066,0.063572850979093,0.2564772847035889,0.0204840352850386,0.0528218081183015,0.1131988354735923,-1,1,1
2019-01-22,0,6.900000095367432,6.985000133514404,6.827499866485596,6.849999904632568,6.110400676727295,2960400,1.6031331495565575,-0.0072727553706826,0.0663894439172247,0.2505747330709964,0.0204661226467272,0.052837748895667,0.1135836309866949,-1,1,1
2019-01-23,0,6.862500190734863,7.114999771118164,6.847499847412109,7.0,6.244205474853516,7852800,1.9290800522846712,0.0216615614403815,0.0896123519879663,0.2509827548387693,0.0204661631150135,0.0529197328122602,0.1139650244320465,1,1,1
2019-01-24,0,7.199999809265137,7.394999980926514,7.057499885559082,7.375,6.578716278076172,11440800,2.700447377032338,0.0521857221069446,0.1262938117448964,0.2551244240748346,0.0205772832242823,0.0531484911900033,0.1143595670477369,1,1,1
2019-01-28,0,7.177499771118164,7.40500020980835,7.177499771118164,7.324999809265137,6.534113883972168,1316800,2.7243339808185896,-0.006802889317813,0.0929238278959423,0.2483215347570216,0.0205590850193239,0.0532386478847832,0.1147191553324979,-1,1,1
2019-01-29,0,7.394999980926514,7.394999980926514,7.152500152587891,7.25,6.467213153839111,2693200,2.829563444764456,-0.0102914603125216,0.0390276939361021,0.2543675119920712,0.020544412298408,0.0532024869408707,0.1151000550361368,-1,1,1
2019-01-30,0,7.269999980926514,7.414999961853027,7.207499980926514,7.320000171661377,6.529655456542969,14204000,3.8089013743750777,0.0096088965767293,0.0590890751230383,0.2429590441171993,0.0205265281742327,0.0531994763278353,0.115427569643287,1,1,1
2019-01-31,0,7.324999809265137,7.517499923706055,7.3125,7.397500038146973,6.5987868309021,10741600,4.38807098711795,0.0105316399040155,0.0768934703977365,0.2577443163436261,0.0205095087568621,0.0532387605456766,0.1158133973084303,1,1,1
2019-02-01,0,7.40500020980835,7.550000190734863,7.327499866485596,7.420000076293945,6.618858337402344,1099600,4.282154970041128,0.0030370798538951,0.0582689888112501,0.2569524349220846,0.0204883747756993,0.0532335238278616,0.1161906515914616,1,1,1
2019-02-04,0,7.420000076293945,7.65500020980835,7.324999809265137,7.642499923706055,6.817333698272705,1574800,4.259690234421953,0.0295455435899232,0.0356288102942286,0.2307559567850496,0.0205073736373832,0.0531931830662423,0.1164567870973074,1,1,1
2019-02-05,0,7.639999866485596,7.644999980926514,7.460000038146973,7.525000095367432,6.712521076202393,2480000,4.268735165826318,-0.0154938424067588,0.0269378572052828,0.1747292501090505,0.0205004697940592,0.0531448826052148,0.1165362798495221,-1,1,1
2019-02-06,0,7.519999980926514,7.519999980926514,7.302499771118164,7.357500076293945,6.563106536865234,1353600,4.161575770069664,-0.0225105513619611,0.0147187661558433,0.1173534692451721,0.0205078503314117,0.0530904478024119,0.116487521234254,-1,1,1
2019-02-07,0,7.489999771118164,7.650000095367432,7.352499961853027,7.650000095367432,6.824024677276611,3208400,3.845637861313972,0.0389853781188529,0.0440952476979668,0.1360617051679195,0.0205578733416327,0.0530610549806315,0.1164732370709044,1,1,1
2019-02-08,0,7.864999771118164,8.202500343322754,7.764999866485596,8.0,7.136234283447266,6704800,3.526458451086544,0.0447357995084684,0.0782994073024196,0.1995948326413328,0.0206304291745689,0.053102876365732,0.1166234786143305,1,1,1
2019-02-11,0,8.074999809265137,8.074999809265137,7.954999923706055,8.012499809265137,7.147384166717529,2108000,3.6016886241779256,0.0015612130180989,0.0768235404666235,0.1996309282318605,0.0206092812780111,0.0531401002048625,0.1167718277240244,0,1,1
2019-02-12,0,8.029999732971191,8.329999923706055,8.020000457763672,8.262499809265137,7.370391368865967,6516800,3.958062093526789,0.030724368800776,0.0780023656774762,0.2426207104569342,0.0206306444282455,0.0531799325439662,0.1170700747430877,1,1,1
2019-02-13,0,8.350000381469727,8.609999656677246,8.322500228881836,8.5,7.582249164581299,10172000,3.776224143614925,0.0283390714418684,0.1218352795261037,0.2721176265693102,0.0206451321003983,0.0533742863225902,0.1174872392245337,1,1,1
2019-02-14,0,8.6274995803833,8.682499885559082,8.4350004196167,8.550000190734863,7.62684965133667,7479600,3.615163408696559,0.0058649911007695,0.1502108219888344,0.288071965978894,0.0206250114723736,0.0537046603123027,0.1179712124388923,1,1,1
2019-02-15,0,8.6225004196167,8.6225004196167,8.494999885559082,8.5,7.582249164581299,5523200,4.017941224351088,-0.0058649911007694,0.105360452769212,0.2837683215084847,0.0206067595911602,0.0538273105817462,0.118428813842475,-1,1,1
2019-02-18,0,8.512499809265137,8.907500267028809,8.482500076293945,8.579999923706055,7.653611660003662,3621200,4.215596080827046,0.0093677696471304,0.069992422907874,0.2776318288056004,0.0205888523640528,0.0538428562999395,0.118852848122744,1,1,1
2019-02-19,0,8.625,8.625,8.337499618530273,8.420000076293945,7.510887622833252,4838400,4.444847933764808,-0.0188239979337101,0.0496072119560647,0.2322407363407493,0.0205884153671889,0.0538188771588035,0.1190904504613706,-1,1,1
2019-02-20,0,8.4375,8.4375,8.137499809265137,8.142499923706055,7.263348579406738,3812400,4.663778283574798,-0.0335126915809324,-0.0146298484256436,0.1551233711124983,0.0206276977953133,0.0537746804027262,0.119102551707932,-1,-1,1
2019-02-21,0,8.204999923706055,8.297499656677246,7.980000019073486,8.024999618530273,7.158534526824951,2273200,4.598339803894319,-0.0145356743332624,-0.0575045942007746,0.1510401813894425,0.0206193754276776,0.0538038615559821,0.1191051995576109,-1,-1,1
2019-02-22,0,8.25,8.337499618530273,8.010000228881836,8.172499656677246,7.290108680725098,5758800,4.530068790560671,0.0182131691028691,-0.0451564161986749,0.1765261058629944,0.0206123550520686,0.0538044869010891,0.119166933960207,1,-1,1
2019-02-25,0,8.27750015258789,8.287500381469727,7.994999885559082,8.1274995803833,7.2499680519104,2549200,4.5698217360531,-0.005521391878358,-0.0448128169762634,0.1493431525442548,0.020594019829863,0.0538041896862525,0.1191647092634036,-1,-1,1
2019-02-26,0,8.162500381469727,8.204999923706055,8.029999732971191,8.135000228881836,7.256659030914307,2338400,4.208227001662339,0.0009224721143214,-0.0532581145090724,0.0980799025516316,0.0205733874189692,0.0538220084267573,0.1190790164314857,0,-1,1
2019-02-27,0,8.182499885559082,8.732500076293945,8.100000381469727,8.5625,7.638002395629883,4956400,3.7510923767396207,0.051216568111355,0.0167824515359927,0.1560993599807995,0.0206727512983963,0.0537688505827642,0.1190905132365078,1,1,1
2019-02-28,0,8.5600004196167,8.5625,8.362500190734863,8.462499618530273,7.548796653747559,1903200,3.2542707090682987,-0.0117479355010812,0.0385472076158439,0.1546428847922401,0.0206606265287035,0.0537313238115452,0.1190982550807681,-1,1,1
2019-03-01,0,8.5600004196167,8.5600004196167,8.357500076293945,8.477499961853027,7.562179565429687,3990400,3.118046878208527,0.0017712839974108,0.0548541659465172,0.1468052722129215,0.0206400410961274,0.0537169990818328,0.1190892116669286,0,1,1
2019-03-06,0,8.5024995803833,8.517499923706055,8.199999809265137,8.345000267028809,7.443984508514404,2231200,2.988760066458745,-0.0157531932380624,0.0208878036055857,0.1205204390708434,0.0206338582270044,0.0536657519967667,0.1190333794388068,-1,1,1
2019-03-07,0,8.414999961853027,8.425000190734863,8.140000343322754,8.212499618530273,7.325789928436279,7831200,3.2335574433247247,-0.0160052685593995,0.0104039269245441,0.1014780906575487,0.0206280614750398,0.0536119962814565,0.1189514922083612,-1,1,1
2019-03-08,0,8.125,8.21500015258789,8.010000228881836,8.175000190734863,7.292340278625488,4352000,3.280650475739944,-0.0045764687710313,0.0049049860391912,0.0673560782965941,0.0206093675429689,0.0535586491554744,0.1188390345184933,-1,0,1
2019-03-11,0,8.199999809265137,8.242500305175781,8.024999618530273,8.234999656677246,7.345860481262207,4714000,3.494326540985361,0.007312434362539,-0.0389991477096246,0.0901623550658921,0.0205906466651407,0.0535477807980625,0.11874511265348,1,-1,1
2019-03-12,0,8.487500190734863,8.487500190734863,8.307499885559082,8.375,7.470746517181396,2828400,3.2515899437634745,0.0168579747772907,-0.0103932374312525,0.129530881205144,0.0205816905772357,0.0535012349051509,0.1187038852006134,1,-1,1
2019-03-13,0,8.375,8.479999542236328,8.27750015258789,8.46500015258789,7.551028728485107,6017200,3.565364219801089,0.0106888798903279,-0.0014756415383353,0.1012343829766191,0.0205654761969187,0.0534499558320237,0.11862220474154,1,0,1
2019-03-14,0,8.5600004196167,8.5625,8.47249984741211,8.5,7.582249164581299,1247600,3.477948420013351,0.0041260697925928,0.0184036214923196,0.0606246532607434,0.0205455945736882,0.0533986496588559,0.1185071343948163,1,1,1
2019-03-15,0,8.5625,8.842499732971191,8.494999885559082,8.800000190734863,7.849859714508057,11000800,4.042506562487906,0.0346857816712387,0.0690946717229581,0.0937492219138832,0.020577872397483,0.053413232022639,0.1184175284606611,1,1,1
2019-03-18,0,8.875,9.050000190734863,8.767499923706055,9.047499656677246,8.070633888244629,4301200,4.279358935827121,0.0277363670549374,0.101407507548927,0.0907612201680447,0.0205902369270009,0.0535185618986671,0.1183250596938518,1,1,1
2019-03-19,0,9.045000076293944,9.154999732971191,8.949999809265137,9.06999969482422,8.090705871582031,2468400,4.160563119570285,0.0024839516965872,0.0965790248829752,0.0649061004227637,0.0205701550647259,0.0536067009843926,0.1182130332308048,1,1,1
2019-03-20,0,9.074999809265137,9.087499618530272,8.967499732971191,9.03499984741211,8.05948543548584,3499600,4.2955506821903,-0.0038662668934239,0.0758547832122605,0.0551748424285702,0.0205515204099081,0.0536353600773405,0.118096881567814,-1,1,1
2019-03-21,0,9.047499656677246,9.047499656677246,8.6225004196167,8.817500114440918,7.865468025207519,2988000,3.9012995387631264,-0.0243676706524233,0.0407982326695091,0.0366721628769163,0.0205634002504176,0.0536007689098478,0.1179771324530712,-1,1,1
2019-03-22,0,8.869999885559082,8.869999885559082,8.680000305175781,8.737500190734863,7.7941083908081055,3366000,3.83725941294466,-0.0091139283020819,0.0275582345748345,0.018190464927704,0.0205487968511092,0.0535542271093255,0.1178596768477288,-1,1,1
2019-03-25,0,8.994999885559082,9.039999961853027,8.5649995803833,8.732500076293945,7.789645671844482,4646800,3.855518646182564,-0.0005727399274493,-0.0077002870238536,0.0364417229339648,0.0205290852215401,0.0535071508715577,0.1177406409478658,0,-1,1
2019-03-26,0,8.842499732971191,9.0625,8.792499542236328,9.0600004196167,8.081785202026367,5451600,4.122426236004949,0.0368174151265429,0.0013807610477516,0.1067718296414402,0.0205677334496367,0.0534560413744539,0.117667803556913,1,0,1
2019-03-27,0,9.042499542236328,9.042499542236328,8.4975004196167,8.524999618530273,7.604550838470459,5873600,4.113463193205904,-0.0608659263520585,-0.061969117000894,0.0604415776226443,0.0207300142919768,0.0534965432478772,0.1175554983723561,-1,-1,1
2019-03-28,0,8.462499618530273,8.550000190734863,8.289999961853027,8.547499656677246,7.624619960784912,4410800,4.394836471122757,0.002635617420866,-0.0554672326866041,0.044864025940641,0.0207100954997634,0.0535204717132062,0.1174384749155475,1,-1,1
2019-03-29,1,8.75,9.010000228881836,8.657500267028809,8.967499732971191,7.999273300170898,3119200,3.6800446023053786,0.0479682200323996,0.0168686579982187,0.0983536378513986,0.0207901619917535,0.0534695762465516,0.1173563419132278,1,1,1
2019-04-01,0,9.0625,9.100000381469728,9.012499809265137,9.05500030517578,8.077323913574219,2619600,3.5222630111853848,0.0097099187842669,0.0356925050845676,0.107141084521344,0.0207732541679965,0.0534305185813545,0.1172846421416551,1,1,1
2019-04-02,0,9.092499732971191,9.09749984741211,8.947500228881836,9.050000190734863,8.072864532470703,3737600,3.641024104203724,-0.0005522389081396,0.0357130061038772,0.0553722775018495,0.02075355779494,0.0533915539929691,0.1171714168542318,0,1,1
2019-04-03,0,9.087499618530272,9.40999984741211,9.0625,9.204999923706056,8.211129188537598,5373200,3.826290030619397,0.0169820722451949,0.0158776632225293,0.0841022852481255,0.0207446170891743,0.0533407919763038,0.1170759350186492,1,1,1
2019-04-04,0,9.170000076293944,9.875,9.157500267028809,9.625,8.585783004760742,11907200,4.742786537854106,0.0446172441395537,0.1213608337141415,0.1269482453902683,0.0208096253585658,0.0535157325500307,0.1170325365598921,1,1,1
2019-04-05,0,9.647500038146973,9.647500038146973,9.432499885559082,9.462499618530272,8.440826416015625,2560400,4.688969687619947,-0.017027475932222,0.1016977403610535,0.1256739626961088,0.0208058179224123,0.0536167680389352,0.1169870215295542,-1,1,1
2019-04-08,0,9.5,9.505000114440918,9.345000267028809,9.494999885559082,8.469819068908691,2658000,4.52967368703971,0.003428926627994,0.0571584469566478,0.1451081578835023,0.020786174082447,0.0536056646779974,0.1169745201972365,1,1,1
2019-04-09,0,9.4975004196167,9.537500381469728,9.229999542236328,9.25749969482422,8.257960319519043,2029200,4.211857968734629,-0.0253315246752991,0.0221170034970818,0.1243531019792346,0.0207996453618149,0.0535570359989469,0.1169266519378188,-1,1,1
2019-04-10,0,9.449999809265137,9.5,9.414999961853027,9.4975004196167,8.472047805786133,6130400,4.296498511767632,0.0255946287247858,0.0482638711300072,0.1426352963414812,0.0208060858416774,0.0535322613152812,0.1169090412034636,1,1,1
2019-04-11,0,9.5,9.5,9.287500381469728,9.324999809265137,8.3181734085083,4129200,4.304841881306171,-0.0183295625977671,0.012952236287045,0.1074477589664232,0.0208045323599029,0.0534813312672476,0.1168379166161025,-1,1,1
2019-04-12,0,9.3125,9.425000190734863,9.109999656677246,9.30500030517578,8.300332069396973,1970000,4.204733738293879,-0.0021471661202717,-0.0338121739727803,0.0946117129558234,0.0207855387495243,0.0534642399731386,0.1167526776187102,-1,-1,1
2019-04-15,0,9.375,9.5,9.375,9.422499656677246,8.405145645141602,4575600,4.406112585004314,0.0125485727399379,-0.0042361253006203,0.1030342159031687,0.020771370213671,0.05341686511408,0.1166765592916642,1,0,1
2019-04-16,0,9.422499656677246,9.484999656677246,9.287500381469728,9.425000190734863,8.407377243041992,2214000,4.271552846238665,0.0002654685353695,-0.0073995833932448,0.0686139027672994,0.0207519235417661,0.0533713589525531,0.1165715230935008,0,-1,1
2019-04-17,0,9.397500038146973,9.489999771118164,9.25,9.489999771118164,8.46535873413086,10189200,4.762045103328078,0.0068728295636906,0.0248047708457449,0.0477503652760526,0.0207336887048392,0.0533248468289698,0.1164588701763399,1,1,1
2019-04-18,0,9.4975004196167,9.537500381469728,9.425000190734863,9.489999771118164,8.46535873413086,7932000,4.353618789728829,0.0,-0.0007898578790408,0.0452664135794652,0.0207143873498069,0.053276374535216,0.1163460897410796,0,0,1
2019-04-22,0,9.4975004196167,9.5,9.375,9.5,8.474278450012207,3712400,4.468258757000335,0.0010531177980684,0.0185928225167947,0.0501857982709574,0.020695034403944,0.0532274914578439,0.1162346319882788,0,1,1
2019-04-23,0,9.5,9.864999771118164,9.482500076293944,9.862500190734863,8.797637939453125,16202000,5.865477766264945,0.037447758482524,0.0581877471195906,0.1120012274059049,0.0207333958101485,0.0532188680764144,0.1161703772605395,1,1,1
2019-04-24,0,10.09000015258789,10.09000015258789,9.850000381469728,9.917499542236328,8.846700668334961,6677600,6.358094274542469,0.0055613141896972,0.05120048856935,0.1266764698976841,0.0207147501283478,0.0531990586971883,0.1161265731838244,1,1,1
2019-04-25,0,9.917499542236328,9.975000381469728,9.72249984741211,9.975000381469728,8.897991180419922,7011600,6.479766446246527,0.0057809575239585,0.0567159775579389,0.1330301673490919,0.0206962325842892,0.053187763987097,0.1160925774208186,1,1,1
2019-04-26,0,9.949999809265137,10.125,9.914999961853027,10.032500267028809,8.949284553527832,7787600,6.891226811383456,0.0057480497416581,0.0555911977359063,0.1019608019642071,0.0206777525822793,0.0531745389366908,0.1160164352918687,1,1,1
2019-04-29,0,10.032500267028809,10.1875,10.0,10.149999618530272,9.054097175598145,8155200,7.560420229763034,0.0116437909092797,0.0672349886451862,0.1744705192255455,0.0206629990391955,0.0531822078995163,0.1160629361659991,1,1,1
2019-04-30,0,10.149999618530272,10.362500190734863,10.077500343322754,10.345000267028809,9.22804355621338,9876000,8.173635446771124,0.0190296784586481,0.0852115493057661,0.1908645802633277,0.0206572428845173,0.0532311973121172,0.1161482282465975,1,1,1
2019-05-02,0,10.31999969482422,10.329999923706056,10.199999809265137,10.212499618530272,9.109848976135254,5460000,8.535968764681487,-0.0128909269834166,0.0348728638398254,0.1300054332475113,0.020647771562846,0.0531921638904885,0.1161083376231459,-1,1,1
2019-05-03,0,10.21500015258789,10.260000228881836,10.137499809265137,10.137499809265137,9.04294776916504,9340400,8.515125892141704,-0.0073709314115452,0.0219406182385827,0.1129245830516994,0.0206324545098703,0.0531450535523745,0.1160445483804403,-1,1,1
2019-05-06,0,10.109999656677246,10.22249984741211,9.984999656677246,10.074999809265137,8.98719596862793,10201200,8.800711998633668,-0.0061843076834539,0.0099753530311703,0.107292514276385,0.0206162703049213,0.0530957336297662,0.1159740269515013,-1,1,1
2019-05-07,0,10.017499923706056,10.140000343322754,9.880000114440918,10.024999618530272,8.94259262084961,11024800,9.582171165156549,-0.0049753447526913,-0.0007480414631791,0.0853350972784988,0.0205993383908324,0.0530486993902929,0.1158822796583228,-1,0,1
2019-05-08,0,10.0024995803833,10.09749984741211,9.912500381469728,9.962499618530272,8.886841773986816,4748000,8.414068034226705,-0.006253819087082,-0.0186456514595409,0.0344640340518631,0.0205832784381129,0.0530142737111331,0.1157719331578262,-1,-1,1
2019-05-09,0,10.024999618530272,10.114999771118164,9.789999961853027,10.03499984741211,8.951515197753906,5185600,8.266743496474964,0.0072510834083023,-0.0304242465098866,0.0587425933923875,0.020565827407215,0.052994155556181,0.1156655741499149,1,-1,1
2019-05-10,0,10.0600004196167,10.547499656677246,10.03499984741211,10.4375,9.310555458068848,10661200,8.695973628540305,0.0393259382337937,0.0217926187073237,0.0946396049981873,0.0206097110394933,0.0529476623870243,0.1155826076938267,1,1,1
2019-05-13,0,10.399999618530272,10.454999923706056,10.302499771118164,10.4375,9.310555458068848,10695600,9.043903482333132,0.0,0.029163550118869,0.1199711296734863,0.0205910703034347,0.0529051875364403,0.1155287194837547,0,1,1
2019-05-14,0,10.524999618530272,10.600000381469728,9.94499969482422,10.197500228881836,9.09646701812744,10892000,9.33772888302765,-0.023262653658041,0.0120852041442817,0.0711138472906596,0.0205999538569721,0.0528566854062176,0.1154286050325761,-1,1,1
2019-05-15,0,10.172499656677246,10.172499656677246,9.890000343322754,10.0,8.920293807983398,6560800,8.958096554347039,-0.0195572142078177,-0.0024966653108446,0.0698861956806091,0.0206011663686402,0.0528110827045766,0.1153280910601631,-1,0,1
2019-05-16,0,10.032500267028809,10.25749969482422,9.845000267028809,9.984999656677246,8.906912803649902,9854800,9.400871241522683,-0.0015011894053758,0.0022559643708615,0.0705321723955049,0.02058294228894,0.0527638925704821,0.1152281782298732,0,0,1
2019-05-17,0,9.9975004196167,10.085000038146973,9.630000114440918,9.800000190734863,8.741888046264648,6496800,9.078761841653913,-0.018701504821045,-0.0236966238584858,0.039282094834522,0.0205825385347688,0.052735617664933,0.1151198463356265,-1,-1,1
2019-05-20,0,9.907500267028809,9.9350004196167,9.704999923706056,9.845000267028809,8.782029151916504,6123600,8.637541438972018,0.0045813017039226,-0.0584412603883569,0.0435979280030751,0.0205643332235819,0.0527687402886925,0.1150120699647093,1,-1,1
2019-05-21,0,9.895000457763672,10.675000190734863,9.864999771118164,10.640000343322754,9.491191864013672,8733600,8.454802083333183,0.077656704665687,0.01921544427733,0.1143818031050715,0.0207971592997193,0.0527221928426271,0.114951915675503,1,1,1
2019-05-22,0,10.645000457763672,11.02750015258789,10.520000457763672,10.875,9.70081901550293,7155600,8.771673125899968,0.0218461202254789,0.0643242181608502,0.1362279233305506,0.020795835297051,0.0527249284752148,0.1149227347419252,1,1,1
2019-05-23,0,10.949999809265137,11.1899995803833,10.800000190734863,10.99250030517578,9.80563259124756,6478000,8.97075503391775,0.0107466582446531,0.0946280906133208,0.1459214637771353,0.0207805981188818,0.0527994568984622,0.1149095243236003,1,1,1
2019-05-24,0,11.100000381469728,11.100000381469728,10.837499618530272,10.925000190734863,9.745420455932615,5696800,8.461535002083433,-0.0061594969372979,0.0899697830813988,0.1023142083573132,0.0207647207432487,0.052860132435391,0.1148355349310185,-1,1,1
2019-05-27,0,10.875,11.175000190734863,10.672499656677246,11.050000190734863,9.856924057006836,8804400,8.31255834341867,0.0113766803401138,0.1200479682425578,0.1081295745077298,0.0207500709563741,0.0530168673054357,0.1147679203874842,1,1,1
2019-05-28,0,11.15250015258789,11.15250015258789,10.487500190734863,10.850000381469728,9.678519248962402,21354800,9.565168925395543,-0.0182652387414908,0.0972014277971443,0.0840833782422806,0.0207488983333471,0.0530960857186966,0.1146780676957059,-1,1,1
2019-05-29,0,11.25,11.6899995803833,11.225000381469728,11.5,10.25833797454834,16496800,10.853882204423964,0.05818191639709,0.0777266395285472,0.1365172448977123,0.0208663822076764,0.0531240245479277,0.114648923382911,1,1,1
2019-05-30,0,11.524999618530272,12.077500343322754,11.494999885559082,12.0024995803833,10.706583023071287,10587200,11.151620652616026,0.0427679522530223,0.0986484715560905,0.1676414062414549,0.0209188377067693,0.0532060460701817,0.1146762721810721,1,1,1
2019-05-31,0,11.9399995803833,12.032500267028809,11.550000190734863,11.682499885559082,10.421133041381836,11947600,11.93986469284436,-0.0270230204984371,0.0608787928130003,0.1215887072843695,0.0209358825940092,0.0532000408027866,0.1146250252074508,-1,1,1
2019-06-03,0,11.835000038146973,11.842499732971191,11.427499771118164,11.672499656677246,10.412212371826172,5444800,11.97379540472593,-0.0008563838331221,0.066181905917176,0.133623250434664,0.0209176405412903,0.053203226478053,0.1145907902781067,0,1,1
2019-06-04,0,11.6274995803833,11.774999618530272,11.385000228881836,11.677499771118164,10.416670799255373,6495200,11.796458700398956,0.0004281004853378,0.0552333260624,0.1414222823315471,0.0208992147509162,0.053188086272945,0.1145686553633061,0,1,1
2019-06-05,0,11.779999732971191,11.822500228881836,11.18000030517578,11.287500381469728,10.068780899047852,6954000,11.80347959096535,-0.0339678474975603,0.0395307173063305,0.1136387425174406,0.0209350461761954,0.0531539475534074,0.1145072576550092,-1,1,1
2019-06-06,0,11.34000015258789,12.032500267028809,11.262499809265137,11.710000038146973,10.44566249847412,5936800,11.78593581301937,0.0367471835830981,0.0180959844923385,0.1553612708532301,0.020967765627684,0.0531073846334062,0.1145089833979419,1,1,1
2019-06-07,0,12.052499771118164,12.192500114440918,11.960000038146973,12.149999618530272,10.838157653808594,5213200,11.797387822993366,0.0368862031029653,0.0122142353422814,0.1985012930432773,0.0210005461408866,0.0530602095890421,0.1146043977858284,1,1,1
2019-06-10,0,12.175000190734863,12.175000190734863,11.8125,11.837499618530272,10.559395790100098,7498800,11.70889934076421,-0.0260569636366533,0.0131802922040653,0.1651932459983215,0.0210149054268446,0.0530132012101711,0.114623767434389,-1,1,1
2019-06-11,0,11.899999618530272,12.0,11.699999809265137,11.822500228881836,10.546018600463867,7390400,10.210206510179113,-0.0012676549420023,0.0127690210951852,0.1245996528225256,0.0209968880232636,0.0529662962756736,0.1145754081320212,0,1,1
2019-06-12,0,11.949999809265137,12.092499732971191,11.772500038146973,11.8125,10.537095069885254,21149600,10.834457574605562,-0.0008465097946164,0.0114944108152308,0.1237531430279089,0.0209788124260008,0.0529194856535476,0.1145258812251265,0,1,1
2019-06-13,0,11.899999618530272,11.90999984741211,11.537500381469728,11.770000457763672,10.499186515808104,23034400,12.330195697444283,-0.003604115580752,0.0418581427320392,0.143411681105198,0.0209617336650184,0.0528882151956497,0.1145051628357968,-1,1,1
2019-06-14,0,11.845000267028809,11.845000267028809,11.55500030517578,11.65999984741211,10.401061058044434,9522000,12.033717561811669,-0.0093899537221021,-0.004278994573161,0.1535789415909136,0.0209487388971718,0.0528457678415527,0.1145014728642946,-1,0,1
2019-06-17,0,11.602499961853027,12.125,11.602499961853027,11.9375,10.648600578308104,16098000,13.369265411577151,0.0235206566686083,-0.017644541007518,0.1786007876648978,0.0209499227552946,0.0528133736718271,0.1145466781938748,1,-1,1
2019-06-18,0,12.0,12.342499732971191,11.84000015258789,12.1875,10.87160587310791,14690800,14.440860950381756,0.0207259422142919,0.0291383648434273,0.2180282347002347,0.0209463562167631,0.0527722464050983,0.1146883566187721,1,1,1
2019-06-19,0,12.287500381469728,12.420000076293944,12.164999961853027,12.399999618530272,11.061162948608398,10118400,14.928649895136306,0.0172857149888328,0.0476917347742623,0.2307326479851449,0.0209378957778294,0.0527478080749985,0.1148647990354667,1,1,1
2019-06-21,0,12.5,12.682499885559082,12.302499771118164,12.587499618530272,11.228419303894045,15004000,16.1679114895934,0.0150078626619669,0.0635461072308456,0.1680838059814247,0.0209267601321099,0.0527465186631904,0.1148854680542035,1,1,1
2019-06-24,0,12.5024995803833,12.635000228881836,12.364999771118164,12.449999809265137,11.105765342712402,5181200,16.18001464218824,-0.0109836285677832,0.0561665942438145,0.1352540571881624,0.0209156146444242,0.0527333110157113,0.1148496345463179,-1,1,1
2019-06-25,0,12.49250030517578,12.532500267028809,12.244999885559082,12.375,11.038863182067873,6118800,16.0445353193374,-0.0060423108129078,0.0595142371530088,0.1184650881306014,0.0209002004877715,0.052725131180488,0.1147916158803441,-1,1,1
2019-06-26,0,12.524999618530272,12.524999618530272,12.147500038146973,12.25,10.927360534667969,8372400,16.20225736390582,-0.0101522780191393,0.0258413024652612,0.1144723070487602,0.0208882277752525,0.0526825363959613,0.1147290288349825,-1,1,1
2019-06-27,0,12.25,12.412500381469728,12.05500030517578,12.359999656677246,11.025482177734377,4853600,14.230960584009432,0.0089393704294743,0.0140547306804435,0.1120349971381207,0.0208722567874173,0.0526368709610458,0.1146638187641266,1,1,1
2019-06-28,0,12.425000190734863,12.720000267028809,12.274999618530272,12.720000267028809,11.346613883972168,46755600,17.591405281715165,0.0287102078839459,0.0254792235755567,0.1590104437635573,0.020883728096235,0.052594327343215,0.1146661970430956,1,1,1
2019-07-01,0,12.949999809265137,12.949999809265137,12.36750030517578,12.512499809265137,11.161516189575195,6077200,17.22811397445256,-0.0164475561963443,-0.0059761952827543,0.084380971170123,0.0208797754653456,0.0525540031188427,0.114577330059347,-1,-1,1
2019-07-02,0,12.609999656677246,12.657500267028809,12.475000381469728,12.522500038146973,11.170438766479492,5356800,15.929181374480326,0.0007990860985201,0.005806519383549,0.0424121050156208,0.020861947724247,0.0525091837049278,0.1144755335346031,0,1,1
2019-07-03,0,12.524999618530272,12.75,12.27750015258789,12.75,11.373373031616213,8127600,15.146046182609874,0.0180040313150555,0.0298528615115121,0.0874391568291134,0.0208546295432567,0.0524692679279541,0.1143891482508758,1,1,1
2019-07-04,0,12.75,13.364999771118164,12.75,13.1899995803833,11.76586627960205,5350000,14.57594527718442,0.0339277269743691,0.0739328665050206,0.1222232676366047,0.0208784623844825,0.0524873414704342,0.1143360426287831,1,1,1
2019-07-05,0,13.260000228881836,14.220000267028809,13.125,14.02750015258789,12.512940406799316,10066400,14.081078991653303,0.0615606899745208,0.1265541860500671,0.1833558571257876,0.0210045249637733,0.0526567854224656,0.1143860727398344,1,1,1
2019-07-08,0,13.96500015258789,14.477499961853027,13.920000076293944,14.1850004196167,12.653436660766602,10584400,14.97030347100798,0.0111655096965077,0.1090094878626288,0.2284892143198558,0.0209899410890946,0.0527642361106923,0.114547988628608,1,1,1
2019-07-10,0,14.25,14.350000381469728,13.90250015258789,14.079999923706056,12.559774398803713,10109600,15.662119614269368,-0.0074296520649825,0.1180273919939907,0.1843123786717752,0.0209758379600283,0.0529000979238553,0.1145982046190322,-1,1,1
2019-07-11,0,14.082500457763672,14.792499542236328,14.082500457763672,14.552499771118164,12.98125457763672,15428400,16.928555305468013,0.0330071622766813,0.1502354681721521,0.1804333378454913,0.0209964486947783,0.0531605007839846,0.1146394934161446,1,1,1
2019-07-12,0,14.4975004196167,14.637499809265137,14.300000190734863,14.4975004196167,12.932195663452148,5787200,17.176831861514607,-0.0037863713507593,0.1284450655063372,0.2027039301313853,0.020980122802246,0.0533296241249262,0.1147301435876687,-1,1,1
2019-07-15,0,14.5,14.619999885559082,14.327500343322754,14.399999618530272,12.845221519470217,7299200,12.092569795420696,-0.0067481139332095,0.0877692245987585,0.1972234711401782,0.0209656122701484,0.053373624803468,0.1148067857450443,-1,1,1
2019-07-16,0,14.337499618530272,14.6899995803833,14.255000114440918,14.625,13.045928955078123,7232800,12.401378024654171,0.015504251641809,0.0417127862660468,0.2135742325766035,0.0209550601750569,0.0533413419781472,0.1149223232508697,1,1,1
2019-07-17,0,14.75,14.75,14.532500267028809,14.6225004196167,13.043699264526367,6776400,12.73374384256952,-0.0001709254373742,0.0303763511321647,0.2170074227199813,0.020937639838189,0.0533008156749632,0.1150454300722838,0,1,1
2019-07-18,0,14.625,14.6875,14.217499732971191,14.487500190734863,12.923274040222168,8235200,12.896571386303396,-0.0092753272593737,0.0285306759377735,0.2171220491827097,0.0209253161771744,0.0532594197095166,0.1151674996048396,-1,1,1
2019-07-19,0,14.422499656677246,14.53499984741211,14.140000343322754,14.30500030517578,12.76048183441162,7233200,13.23825244336241,-0.012676836416596,-0.017153322755504,0.1809245560975053,0.0209165927198382,0.0532288702771935,0.1152047534508303,-1,-1,1
2019-07-22,0,14.22249984741211,14.470000267028809,14.087499618530272,14.087499618530272,12.566463470458984,7728800,12.902568229479508,-0.0153214023255972,-0.0286883537303418,0.144877211557616,0.0209112817318064,0.053211509781461,0.1151780762047887,-1,-1,1
2019-07-23,0,14.100000381469728,14.244999885559082,13.8149995803833,13.9975004196167,12.48617935180664,4861200,12.050089741482022,-0.0064092554267716,-0.0283494952239039,0.1211822411420117,0.0208966995289465,0.0531936642962944,0.1151203553709135,-1,-1,1
2019-07-24,0,14.0,14.1225004196167,13.850000381469728,13.912500381469728,12.410358428955078,2981600,11.002738235951703,-0.006090899700687,-0.0499446465664001,0.1000834787793579,0.0208819337573304,0.0532113030315282,0.1150423290027613,-1,-1,1
2019-07-25,0,13.912500381469728,13.994999885559082,13.595000267028809,13.725000381469728,12.243103981018066,4624400,9.330369559682376,-0.0135686429128877,-0.0633423640419134,0.0974984644342534,0.020874308034722,0.0532579898293496,0.11496241915329,-1,-1,1
2019-07-26,0,13.774999618530272,13.8125,13.557499885559082,13.779999732971191,12.292163848876951,7388800,9.51642792257186,0.0039991357407546,-0.0500679010417849,0.1075399109879157,0.0208570825568075,0.0532752231685825,0.1148910715472977,1,-1,1
2019-07-29,0,13.8125,14.072500228881836,13.645000457763672,14.072500228881836,12.553082466125488,5154400,9.178186755726768,0.0210042763540852,-0.0163867882711035,0.1386964653611405,0.0208540057100867,0.0532437582786207,0.1148554413693505,1,-1,1
2019-07-30,0,14.082500457763672,14.97249984741211,14.082500457763672,14.835000038146973,13.233253479003906,9878000,9.601444446288689,0.0527666144245052,0.0517012284789987,0.1825237093561713,0.0209384240383477,0.0532232964769186,0.1148941407932549,1,1,1
2019-07-31,0,14.922499656677246,15.482500076293944,14.6875,14.9399995803833,13.326918601989746,12655200,10.5358083588977,0.0070530801523563,0.0651635640581269,0.1608665816245818,0.0209220181835267,0.0532221441241052,0.1148920216762474,1,1,1
2019-08-01,0,14.949999809265137,16.087499618530273,14.949999809265137,15.332500457763672,13.67703914642334,15182000,11.714090967997004,0.0259325072766624,0.0971869710354763,0.2032466450975885,0.0209269432291817,0.0532893847888589,0.1149745136466312,1,1,1
2019-08-02,0,15.74250030517578,15.837499618530272,15.149999618530272,15.475000381469728,13.804152488708496,7515200,11.84728457911325,0.0092509997755633,0.1200066137239272,0.2116985587746317,0.0209116078539617,0.0534239490875324,0.115076091394598,1,1,1
2019-08-05,0,15.397500038146973,15.397500038146973,14.850000381469728,14.875,13.26893711090088,6516000,11.72315413038582,-0.0395437038869107,0.076463774096262,0.1541508235726657,0.020963004248679,0.0534420915946705,0.1150615303756224,-1,1,1
2019-08-06,0,15.050000190734863,15.942500114440918,15.050000190734863,15.654999732971191,13.96471881866455,10607600,12.740969904335689,0.0511083164842344,0.106567814226411,0.1713314130825308,0.0210393886283095,0.0535330164189487,0.1150758604175307,1,1,1
2019-08-07,0,15.774999618530272,16.024999618530273,15.375,15.854999542236328,14.1431245803833,11150000,14.14594832419822,0.0126945461480262,0.0664957459499319,0.1224652692560361,0.0210263529399354,0.0535324572767169,0.1150186242629647,1,1,1
2019-08-08,0,16.047500610351562,16.389999389648438,15.772500038146973,16.184999465942383,14.437492370605469,5738800,14.45136954050633,0.0205998492143996,0.080042515011975,0.1318996087739279,0.0210221843082864,0.05355677355233,0.1149723775191988,1,1,1
2019-08-09,0,16.25,16.392499923706055,15.72249984741211,16.0625,14.488232612609863,3776400,14.031004667782266,0.0035083161495585,0.0576183238848711,0.142837576988469,0.0210050303162546,0.0535425800190317,0.1149404029180801,1,1,1
2019-08-12,0,16.0,16.037500381469727,15.329999923706056,15.625,14.09361171722412,9730800,14.874255270120504,-0.0276151509719025,0.0207521731374053,0.0822152637398852,0.0210226334656017,0.0534992597301734,0.1148513916685416,-1,1,1
2019-08-13,0,16.5,16.737499237060547,15.932499885559082,16.014999389648438,14.445384979248049,13035600,15.544611190662517,0.0246533599308662,0.0849492369551824,0.1106549950215109,0.021024910717169,0.0535335075208927,0.1147825174165629,1,1,1
2019-08-14,0,16.0,16.197500228881836,15.494999885559082,15.592499732971191,14.06429672241211,9528400,15.141316594649718,-0.0267355462172602,0.0071053742536879,0.0906675627374601,0.0210403759901354,0.0534901953374547,0.1146985371675382,-1,1,1
2019-08-15,0,15.602499961853027,16.102500915527344,15.272500038146973,15.5,13.980862617492676,9853200,14.327749581706607,-0.0059500001448431,-0.0115391720391813,0.0692133109508078,0.0210258584565388,0.0534560444229402,0.1146049721692337,-1,-1,1
2019-08-16,0,15.59749984741211,15.987500190734863,15.1225004196167,15.362500190734863,13.85683822631836,9343200,14.62722663155157,-0.0089105930467024,-0.0410496143002835,0.0604736433414797,0.0210135770286748,0.0534579541401151,0.1145095991937552,-1,-1,1
2019-08-19,0,15.625,16.1924991607666,15.545000076293944,15.949999809265137,14.386756896972656,9868400,15.273459023167709,0.037529277964173,-0.007028652485669,0.1072782485650267,0.0210445332305646,0.0534207066154305,0.1144383856907141,1,-1,1
2019-08-20,0,15.9975004196167,16.399999618530273,15.322500228881836,16.375,14.770105361938477,7742800,14.88034319598269,0.0262971065247081,0.0468836050109417,0.1462521915063309,0.0210496557218616,0.0533941331094273,0.114411556829762,1,1,1
2019-08-21,0,16.452499389648438,16.985000610351562,16.4375,16.59749984741211,14.970796585083008,7322000,14.320651831821058,0.0134961790846578,0.0357264241647331,0.1750697729165859,0.0210374399584406,0.053358137464637,0.1144314423918725,1,1,1
2019-08-22,0,16.75,17.110000610351562,16.657499313354492,16.799999237060547,15.153449058532717,11722800,15.424059014538448,0.0121267575616349,0.0745887279436282,0.1936057859049923,0.0210241419524322,0.053371388282517,0.1144872826870965,1,1,1
2019-08-23,0,14.9375,15.399999618530272,13.899999618530272,13.899999618530272,12.537675857543944,56884800,23.08948379325559,-0.189489986960225,-0.1089512588717536,0.0102066986454544,0.0223711739671967,0.0535560571096189,0.1144031637304109,-1,-1,0
2019-08-26,0,14.649999618530272,14.827500343322754,10.0,11.404999732971191,10.287208557128906,86392000,31.838684646227044,-0.1978369439169446,-0.2978776097419958,-0.1740616023586026,0.0237442784897962,0.0549587351046264,0.1146708709105977,-1,-1,-1
2019-08-27,0,12.552499771118164,13.704999923706056,11.77750015258789,13.454999923706056,12.136290550231934,49428800,36.629829826559885,0.1652989471488512,-0.1701079405573177,-0.0127617909505061,0.024612358431657,0.0554050787705545,0.1146034025005035,1,-1,-1
2019-08-28,0,13.667499542236328,13.74250030517578,13.0,13.204999923706056,11.91079330444336,11869200,36.71552260289058,-0.0187551935309511,-0.215160240612977,-0.0525212608355426,0.0246066120354899,0.0561113785620176,0.1145830141609951,-1,-1,-1
2019-08-29,0,13.55500030517578,14.649999618530272,13.162500381469728,14.0024995803833,12.630130767822266,29396000,39.43389872291012,0.0586403006410323,-0.1700161190566025,-0.0466475746190154,0.0246911100111748,0.0565414679560996,0.1145540915468263,1,-1,-1
2019-08-30,0,14.399999618530272,14.5625,14.1274995803833,14.262499809265137,12.864648818969728,10026400,39.42829832475972,0.0183978579071235,-0.1637450187111139,-0.0353027968642483,0.0246800304291368,0.0569337619370147,0.1145103630115598,1,-1,-1
2019-09-02,0,14.375,14.899999618530272,14.350000381469728,14.699999809265137,13.259269714355469,9079600,39.17702441885989,0.0302137609461649,0.0559587291952761,-0.0310215431947457,0.0246859118474583,0.0569155673681325,0.114461552230633,1,1,-1
2019-09-03,0,14.699999809265137,14.702500343322754,13.927499771118164,14.074999809265137,12.695524215698242,9803600,39.29459615134728,-0.0434474015210443,0.2103482715911766,-0.0837199444913533,0.024733041528348,0.0574226149745819,0.1144929341819175,-1,1,-1
2019-09-04,0,14.157500267028809,14.2524995803833,13.587499618530272,13.9350004196167,12.56924819946289,12059600,39.78309477504253,-0.0099962956862807,0.0350530287560445,-0.0541725362907233,0.0247180223332871,0.0573839176484744,0.1144741028175548,-1,1,-1
2019-09-05,0,14.012499809265137,14.322500228881836,13.600000381469728,13.697500228881836,12.355023384094238,8454000,38.93107883876507,-0.0171904795801378,0.0366177427068582,-0.1224713323550955,0.0247102307861195,0.057346326873705,0.1145885087423525,-1,1,-1
2019-09-06,0,13.5,13.72249984741211,13.15250015258789,13.274999618530272,11.97393035888672,11747600,32.2662092233745,-0.0313309156626925,-0.0533534735968668,-0.1664967941658141,0.0247261862568561,0.05736026958838,0.114822518008862,-1,-1,-1
2019-09-09,0,13.272500038146973,13.342499732971191,12.342499732971191,12.640000343322754,11.401168823242188,18168400,24.33185944591187,-0.0490159379593925,-0.1207672694633828,-0.2361125813396063,0.0247894709171239,0.0575591873788252,0.1152999649878935,-1,-1,-1
2019-09-10,0,12.625,12.8100004196167,12.324999809265137,12.8100004196167,11.554506301879885,13550400,19.171277241014646,0.0133596383843,-0.1376213920252479,-0.2262612591048649,0.0247740969589597,0.0578214294397476,0.1157334130115384,1,-1,-1
2019-09-11,0,13.0625,13.489999771118164,13.057499885559082,13.385000228881836,12.073152542114258,7500400,18.57970783239431,0.043908672366834,-0.0502653181373695,-0.1547374357661283,0.0248106961971211,0.0578280698053265,0.1159241126951259,1,-1,-1
2019-09-12,0,13.647500038146973,13.88249969482422,13.255000114440918,13.727499961853027,12.382083892822266,11838400,15.964095699118166,0.0252663912090181,-0.0150026312420707,-0.1541244044879766,0.0248084043551639,0.0577918190604115,0.1161112333407282,1,-1,-1
2019-09-13,0,13.904999732971191,14.032500267028809,13.645000457763672,13.7475004196167,12.40012264251709,8963200,15.756406207489809,0.0014557826281449,0.0036436309662118,-0.1259330756425715,0.0247889017453589,0.0577468529154578,0.1162233237269084,0,0,-1
2019-09-16,0,13.75749969482422,13.922499656677246,13.524999618530272,13.61750030517578,12.282865524291992,6492000,15.2832204019401,-0.009501118706559,0.0254734279223454,-0.1294841942042873,0.0247736023766115,0.057703826238316,0.1163428532447674,-1,1,-1
2019-09-17,0,13.619999885559082,13.875,13.50749969482422,13.862500190734863,12.50385284423828,6304000,14.751957477384249,0.0178315799738756,0.0923209458556135,-0.1027420211837092,0.024762145296066,0.0577474801330665,0.1164011589517314,1,1,-1
2019-09-18,0,13.75,14.207500457763672,13.75,14.207500457763672,12.81503963470459,6202400,13.912692781514531,0.0245826282931608,0.1035439357644745,-0.1156886708547215,0.0247588866894525,0.0578170684174737,0.1164864757462911,1,1,-1
2019-09-19,0,14.25,14.672499656677246,14.13249969482422,14.489999771118164,13.06985092163086,14179200,14.854101379635653,0.0196886687738196,0.0793239321714599,-0.1222971086056099,0.0247493817350403,0.0578335693648224,0.1165858615728134,1,1,-1
2019-09-20,0,14.49250030517578,14.572500228881836,14.217499732971191,14.36750030517578,12.959359169006348,4593600,13.909617606450382,-0.0084898785562854,0.0455676624061563,-0.1442831662465533,0.0247335629021356,0.0578034890821452,0.1167381915186816,-1,1,-1
2019-09-23,0,14.322500228881836,14.322500228881836,14.047499656677246,14.25,12.853373527526855,5270400,12.286890479242532,-0.0082119346547056,0.0358999451233058,-0.1646218584628939,0.0247175909242743,0.057765887246514,0.1169446360910038,-1,1,-1
2019-09-24,0,14.3125,14.3125,14.052499771118164,14.225000381469728,12.83082389831543,3006800,10.913396703700515,-0.0017559150968493,0.0436451487330154,0.0231122134004817,0.0246988090356853,0.0577341897613234,0.1168535833222272,0,1,1
2019-09-25,0,14.272500038146973,14.327500343322754,13.725000381469728,14.327500343322754,12.92327880859375,6686400,10.865165339477286,0.007179850799154,0.032993419558294,0.2281290081165805,0.0246804664820865,0.0576949482747292,0.1169923244849322,1,1,1
2019-09-26,0,14.324999809265137,14.635000228881836,14.227499961853027,14.635000228881836,13.200642585754396,8463200,10.459311974380132,0.0212352652331632,0.0296460564982964,0.0840653262008925,0.0246729202547795,0.0576540400004415,0.1169093937687847,1,1,1
2019-09-27,0,14.654999732971191,14.654999732971191,14.332500457763672,14.52750015258789,13.103675842285156,5270000,9.969364352421032,-0.0073727196520358,0.0025846680724408,0.0954478000798078,0.0246565951263289,0.0576102717644982,0.11683370840289,-1,0,1
2019-09-30,0,14.5,14.7475004196167,14.475000381469728,14.635000228881836,13.200642585754396,4834800,9.784065457949898,0.0073727196520358,0.0184472662807621,0.0441802190908113,0.0246384276118821,0.0575659350604158,0.1167403537505102,1,1,1
2019-10-01,0,14.625,14.682499885559082,14.302499771118164,14.449999809265137,13.033770561218262,3885200,9.455960615386129,-0.0127217844893581,0.0139374164461097,0.0130605766943296,0.02462622439006,0.0575212004307556,0.1166539217622028,-1,1,1
2019-10-02,0,14.25749969482422,14.332500457763672,13.907500267028809,14.06999969482422,12.69101619720459,5079600,9.281129002835051,-0.0266493675549679,-0.0109560360120087,-0.0438025518068031,0.0246329146411951,0.0574836849183222,0.1166139793505825,-1,-1,-1
2019-10-03,0,14.0024995803833,14.102499961853027,12.649999618530272,13.537500381469728,12.21070671081543,23646800,10.485080382768464,-0.0385811909807867,-0.0567170777919496,-0.0389363412665457,0.0246652171985568,0.0575027964524259,0.1165683124319563,-1,-1,-1
2019-10-04,0,13.537500381469728,13.86750030517578,12.8774995803833,12.957500457763672,11.68755054473877,19309600,12.419239708241822,-0.0437889468323279,-0.1217412898574408,-0.0727289924125929,0.0247111546024286,0.0576981457741423,0.1165685295661575,-1,-1,-1
2019-10-07,0,12.949999809265137,13.037500381469728,12.65250015258789,12.654999732971191,11.414698600769045,12356400,13.272544026387797,-0.0236223434430182,-0.1379909136484231,-0.0791608562754733,0.0247122897247365,0.0579528056221531,0.1165789141666811,-1,-1,-1
2019-10-08,0,12.744999885559082,13.03499984741211,12.489999771118164,12.862500190734863,11.601861000061035,7935200,13.895139404697485,0.0162636404384134,-0.1290999928620455,-0.0315663001743672,0.0246998375908783,0.0581705054282159,0.1165250439277763,1,-1,-1
2019-10-09,0,13.0600004196167,13.15250015258789,12.662500381469728,13.045000076293944,11.766474723815918,5549600,13.649388219064829,0.0140888464301356,-0.1022893619425517,0.0315384842151609,0.0246856012427511,0.0582961462086694,0.1164339461308022,1,-1,1
2019-10-10,0,12.954999923706056,13.547499656677246,12.914999961853027,13.425000190734863,12.109232902526855,8820400,13.592215018566993,0.0287138487093011,-0.0469261456782825,0.0468926945401621,0.0246890566550504,0.0582956880505491,0.1163421605940306,1,-1,1
2019-10-11,0,13.5,13.725000381469728,13.38249969482422,13.702500343322754,12.35953426361084,6365200,13.704137023345163,0.0204595589581487,0.0121146042606531,0.0234435811314768,0.0246808775766177,0.0582509124653487,0.1162532520917071,1,1,1
2019-10-14,0,13.737500190734863,13.962499618530272,13.52750015258789,13.932499885559082,12.566991806030272,4174000,13.571804916889027,0.0166459082280924,0.0725494593210735,0.0148230981505513,0.0246687782677274,0.0582559920583062,0.1161673883666489,1,1,1
2019-10-15,0,13.962499618530272,14.414999961853027,13.8100004196167,14.147500038146973,12.760921478271484,4703200,13.680977624884996,0.0153138128646003,0.111485615628692,0.0286811283870068,0.0246555377842996,0.0583435096288242,0.1160776479029149,1,1,1
2019-10-16,0,14.172499656677246,14.547499656677246,14.0649995803833,14.547499656677246,13.121716499328612,4034000,13.546731303158158,0.0278811142251989,0.1231030894154776,0.0660633613187649,0.0246574896997834,0.0584624004061149,0.1159900900753423,1,1,1
2019-10-17,0,14.512499809265137,14.699999809265137,14.5024995803833,14.59000015258789,13.16005039215088,2686800,10.597089438418042,0.0029171493807782,0.1119313923661201,0.0511489307256676,0.0246388290494186,0.0585493477748751,0.115899690698848,1,1,1
2019-10-18,0,14.4975004196167,14.6850004196167,14.329999923706056,14.550000190734863,13.12397003173828,3526400,8.508690950349944,-0.0027454234544978,0.080472120202321,0.0238208789780088,0.0246208729939889,0.0585663742261009,0.1158117180576657,-1,1,1
2019-10-21,0,14.5,14.657500267028809,14.352499961853027,14.65250015258789,13.216423988342283,2964800,7.32294108929799,0.0070199660802494,0.0670325273244218,0.0111521762844387,0.0246030472215967,0.0585615202100678,0.1157283763283984,1,1,0
2019-10-22,0,14.725000381469728,14.822500228881836,14.56999969482422,14.697500228881836,13.257015228271484,4074800,6.880081040823269,0.0030665658063145,0.0534531849026438,0.0227086206470389,0.0245845212138105,0.0585395068472584,0.1156410953047327,1,1,1
2019-10-23,0,14.765000343322754,15.557499885559082,14.675000190734863,15.369999885559082,13.863602638244627,8592800,7.506687535562568,0.044740027082227,0.0828793991202707,0.0756605823839717,0.024621862637084,0.0585603745711369,0.1155581340123274,1,1,1
2019-10-24,0,15.412500381469728,16.092500686645508,15.399999618530272,16.049999237060547,14.476956367492676,10811200,8.08529918697192,0.0432912786532995,0.0982895635483713,0.1207077761341207,0.0246551668521602,0.0586122563629304,0.1155084540999156,1,1,1
2019-10-25,0,16.174999237060547,16.565000534057617,15.8774995803833,16.0625,14.488232612609863,5451200,8.088876977408736,0.0007786067402909,0.0961510209078836,0.1143065320752575,0.0246367047959266,0.0586589575842498,0.1154524365194267,0,1,1
2019-10-28,0,16.25,16.25,15.97249984741211,16.072500228881836,14.49725341796875,3134400,8.007222554943999,0.0006224360454479,0.0995188804078295,0.093693702887542,0.0246182976161126,0.0587126148674217,0.1153798042823799,0,1,1
2019-10-29,0,16.02750015258789,16.139999389648438,15.787500381469728,15.887499809265137,14.3303861618042,3712400,7.92786596056448,-0.0115770227688218,0.0809218915587582,0.089489399770756,0.024605559840098,0.0587286425267335,0.1153046071995019,-1,1,1
2019-10-30,0,15.9975004196167,16.077499389648438,15.760000228881836,16.020000457763672,14.449899673461914,4498800,8.068420759862182,0.0083052822561758,0.0861606080086195,0.0904219623748962,0.0245883334718702,0.0587539689617145,0.1152301255930789,1,1,1
2019-10-31,0,16.100000381469727,16.360000610351562,15.922499656677246,16.337499618530273,14.736279487609863,2920000,8.157724195778394,0.0196249741262294,0.0610455550526218,0.1227687209904838,0.0245792845410822,0.0587398261741744,0.1151828758569778,1,1,1
2019-11-01,0,16.420000076293945,16.68000030517578,16.202499389648438,16.4424991607666,14.8309907913208,6344800,8.714384684195991,0.0064065182045767,0.024160794603899,0.1558246067500284,0.0245615160493181,0.0586974069091175,0.1151776399260939,1,1,1
2019-11-04,0,16.59749984741211,16.75,16.212499618530273,16.49250030517578,14.876087188720703,4722800,9.076099736063435,0.0030360732261025,0.0264182610897108,0.1974418709569177,0.0245432587533986,0.0586558072607444,0.1152455472210402,1,1,1
2019-11-05,0,16.825000762939453,16.9950008392334,16.50749969482422,16.84000015258789,15.189532279968262,12648000,10.683681365736508,0.0208514877432266,0.0466473127874896,0.2620823055324723,0.0245356073899657,0.0586266024855044,0.1154717275281281,1,1,1
2019-11-06,0,16.8125,16.934999465942383,16.31999969482422,16.579999923706055,14.955013275146484,5029600,10.172535374772064,-0.015559945067156,0.0426643904891553,0.2701447039083344,0.0245268910305933,0.0585941871729335,0.1157194021408119,-1,1,1
2019-11-07,0,16.702499389648438,16.75,16.53499984741211,16.707500457763672,15.07001495361328,2470800,8.78402694962627,0.0076604251605366,0.042019533393516,0.2615414886304578,0.0245096358261048,0.0585613314558816,0.1159397661673619,1,1,1
2019-11-08,0,16.575000762939453,17.059999465942383,16.417499542236328,16.982500076293945,15.31806755065918,4245200,8.621636248410455,0.0163260124505004,0.038720571717787,0.2637786546508225,0.0244975612978218,0.0585262115006951,0.1161644816253921,1,1,1
2019-11-11,0,16.822500228881836,16.8799991607666,16.579999923706055,16.78499984741211,15.139920234680176,4936000,8.96260397988782,-0.0116980378850943,0.0206160156281158,0.2233667680564268,0.0244852545375783,0.0584834148603133,0.1162825410213955,-1,1,1
2019-11-12,0,16.612499237060547,16.802499771118164,16.4375,16.635000228881836,15.004623413085938,4128000,9.064333478554502,-0.0089765983313206,0.0086033440706926,0.1939306107669572,0.0244709158804483,0.0584401792568682,0.1163369796532558,-1,1,1
2019-11-13,0,16.517499923706055,16.704999923706055,16.024999618530273,16.09749984741211,14.51980209350586,4842800,9.126138465576718,-0.0328450017690004,-0.0450931454415345,0.1444397007698644,0.0244896500624355,0.0584393917325406,0.1163114476153345,-1,-1,1
2019-11-14,0,16.415000915527344,16.747499465942383,16.262500762939453,16.6924991607666,15.056485176086426,2225600,9.015314351800026,0.0362954277105271,0.0067622273361488,0.1654213156157911,0.0245067329054921,0.0583965445435202,0.1163154627100922,1,1,1
2019-11-18,0,16.877500534057617,17.065000534057617,16.69499969482422,16.729999542236328,15.090312004089355,4396800,8.692272101658338,0.002244141690889,0.001345943866501,0.1397843430814813,0.0244887334801688,0.0583549853115626,0.1162838306059522,0,0,1
2019-11-19,0,16.75,17.149999618530273,16.6200008392334,17.125,15.446599960327148,6399600,9.025147316975412,0.0233359630513142,0.0083558944673149,0.1602031567520173,0.0244842206236833,0.0583121148169946,0.11627951143545,1,1,1
2019-11-21,0,17.200000762939453,17.672500610351562,17.079999923706055,17.552499771118164,15.832202911376951,9833600,8.601072773919233,0.0246571129201535,0.0447110452725628,0.1876056931266687,0.0244814035884075,0.0582820129657715,0.1163200909429508,1,1,1
2019-11-22,0,17.924999237060547,17.924999237060547,17.637500762939453,17.717500686645508,15.981029510498049,2395600,8.171132061890555,0.0093563384474241,0.0630439820513077,0.1899420654938433,0.0244650312479922,0.0582709613467129,0.1163644317981509,1,1,1
2019-11-25,0,17.917499542236328,17.987499237060547,17.399999618530273,17.482500076293945,15.769058227539062,4185600,8.50601767085394,-0.0133526832514747,0.0825363005688335,0.1735228164360538,0.024454382979662,0.0582892830796566,0.1163797138019789,-1,1,1
2019-11-26,0,17.5,17.5,16.5625,16.832500457763672,15.182766914367676,9953200,9.508170813469984,-0.0378886509173403,0.0083522219409659,0.0908941384364863,0.0244843305952951,0.0582467379954597,0.1163043259032888,-1,1,1
2019-11-27,0,17.122499465942383,17.1825008392334,16.774999618530273,17.125,15.446599960327148,3880800,9.336054267690836,0.0172278828012374,0.0233359630513142,0.0648307425844241,0.0244732788390677,0.0582053747801637,0.1162188974566027,1,1,1
2019-11-28,0,17.075000762939453,17.274999618530273,16.9325008392334,17.137500762939453,15.45787239074707,1890800,8.955264298945442,0.0007295015939294,0.0007295015939294,0.0647816374380628,0.0244555461683308,0.0581646322628397,0.1161336459754942,0,0,1
2019-11-29,0,17.125,17.450000762939453,17.125,17.38249969482422,15.67885971069336,3236800,8.727484578824926,0.0141948763189561,-0.0097327350072681,0.0783540777115712,0.0244420978772967,0.0581285612244636,0.1160527665141473,1,-1,1
2019-12-02,0,17.5,17.712499618530273,17.202499389648438,17.267499923706055,15.575132369995115,3670000,9.00280414644441,-0.0066377262320465,-0.0257267996867387,0.0832933742483464,0.0244266738795584,0.058104853872037,0.1159741616913262,-1,-1,1
2019-12-03,0,17.25,17.282499313354492,16.950000762939453,17.1299991607666,15.451106071472168,3768800,8.90831535120295,-0.0079949723456593,-0.0203690887809232,0.0669931196465112,0.0244120387245057,0.0580763294533734,0.1158899677334169,-1,-1,1
2019-12-04,0,17.125,17.514999389648438,16.975000381469727,17.489999771118164,15.77582550048828,3189600,8.343341087697342,0.0207981455567463,0.0383177076931634,0.068166291077028,0.0244046934630165,0.0580421902339326,0.1158062555143133,1,1,1
2019-12-05,0,17.737499237060547,17.864999771118164,17.587499618530273,17.647499084472656,15.917892456054688,4848800,7.429472439590201,0.0089650515145496,0.0300548764064756,0.0707248243870008,0.0243884464352848,0.0580036958039777,0.1157234356951708,1,1,1
2019-12-06,0,17.875,18.59749984741211,17.7549991607666,18.467500686645508,16.657520294189453,7085600,8.357769978688742,0.0454179955361279,0.0747433703486741,0.1131067466970261,0.0244260163503576,0.0580094193900322,0.115664767052149,1,1,1
2019-12-09,0,18.75,19.36750030517578,18.75,19.184999465942383,17.304698944091797,10623200,9.729399424382546,0.03811629611315,0.0986647901428679,0.1303715550669494,0.0244463033276264,0.0580589715332921,0.1156224933058764,1,1,1
2019-12-10,0,19.225000381469727,19.229999542236328,18.3075008392334,18.53249931335449,16.716148376464844,7726800,9.473825667745055,-0.034602859028131,0.0706996573467834,0.1113286411059746,0.0244686611189095,0.0580582634219428,0.1155624538045873,-1,1,1
2019-12-11,0,18.700000762939453,18.979999542236328,18.127500534057617,18.21999931335449,16.434276580810547,16225600,11.88012913384352,-0.0170060317003625,0.0616885979920801,0.0866621842450752,0.0244619427673521,0.0580455622526165,0.1154864401764747,-1,1,1
2019-12-12,0,18.51000022888184,18.732500076293945,18.3799991607666,18.68000030517578,16.84919548034668,5041600,12.528751187501316,0.0249337205250913,0.065824172960425,0.0952698923196661,0.0244595260137285,0.0580379973773886,0.1154152786024724,1,1,1
2019-12-13,0,18.6875,18.737499237060547,18.377500534057617,18.674999237060547,16.84468650817871,4260800,12.77347242985663,-0.0002676433778939,0.0565914780679816,0.1067002868268665,0.0244422070511191,0.0580193909258792,0.1153519362415751,0,1,1
2019-12-16,0,18.747499465942383,18.887500762939453,18.53249931335449,18.71249961853028,16.87850570678711,4444000,12.981231859107538,0.0020056944627406,0.0131791769945944,0.1176825796209281,0.0244247436117408,0.0579776358397335,0.115297625166957,0,1,1
2019-12-17,0,18.670000076293945,18.84749984741211,18.27750015258789,18.75,16.912334442138672,3496000,12.991631767973328,0.0020022435964318,-0.0229348755221235,0.1525298249863604,0.0244073175969587,0.057952298186306,0.1152818297867205,0,-1,1
2019-12-18,0,18.850000381469727,18.850000381469727,18.352500915527344,18.64249992370605,16.815370559692383,12712400,14.894282974644918,-0.0057498219686178,0.0059181615373895,0.1104845753072153,0.0243917855807567,0.0579113899959778,0.115221526111901,-1,1,1
2019-12-19,0,18.75,19.295000076293945,18.565000534057617,18.99250030517578,17.131067276000977,13716000,16.731068692091593,0.0186002324926136,0.0415244257303657,0.1268406661089398,0.0243822462105315,0.0578797241387195,0.1151758456974175,1,1,1
2019-12-20,0,19.09000015258789,19.1924991607666,18.8125,18.89249992370605,17.04086685180664,2324400,15.818202777623972,-0.0052792231981278,0.0113114820071466,0.0982254798594978,0.0243665710261762,0.0578383592915806,0.1151070090080709,-1,1,1
2019-12-23,0,18.88500022888184,19.102500915527344,18.424999237060547,18.542499542236328,16.725170135498047,7251600,15.090098000941774,-0.0186996132035572,-0.0071204878185166,0.054868753735787,0.0243620265966242,0.0578022056129013,0.1150230633403719,-1,-1,1
2019-12-26,0,18.71249961853028,19.08749961853028,18.637500762939453,18.912500381469727,17.058908462524414,1709200,13.925945287312985,0.0197577792609532,0.0106315969796959,0.0652701945493161,0.0243537158219341,0.057761052088372,0.1149407760907458,1,1,1
2019-12-27,0,18.875,18.957500457763672,18.4424991607666,18.684999465942383,16.853702545166016,3937200,11.5942744413305,-0.0121021894713504,-0.0034728360880863,0.0665206883294405,0.0243424461543036,0.0577233731035529,0.1148589342479506,-1,0,1
2019-12-30,0,18.997499465942383,19.18000030517578,18.7549991607666,18.89999961853028,17.047636032104492,3013600,11.20346388288914,0.0114411766952163,0.0137181625757477,0.1158505159419971,0.0243277197963231,0.0576823056239904,0.1148036558636314,1,1,1
2020-01-02,0,19.037500381469727,19.247499465942383,18.95249938964844,18.95249938964844,17.094989776611328,4561600,11.275738432384143,0.002773880083822,-0.0021081898330436,0.101396513224582,0.0243105661932493,0.0576442444860228,0.1147375349611366,1,0,1
2020-01-03,0,18.96999931335449,19.049999237060547,18.864999771118164,19.00749969482422,17.144596099853516,3106400,11.02254727257411,0.0028976026830155,0.0060686360480997,0.103564614313668,0.0242934532125027,0.0576039865339097,0.1146729802183955,1,1,1
2020-01-06,0,19.08749961853028,19.225000381469727,18.89999961853028,18.979999542236328,17.11979103088379,5387600,11.407967120204214,-0.001447863241116,0.0233203860105408,0.0879218747535959,0.0242767532236604,0.0575644176036081,0.1145993264177755,0,1,1
2020-01-07,0,18.662500381469727,18.924999237060547,18.287500381469727,18.89999961853028,17.18809700012207,5153600,9.950720688712646,0.0039819448769812,0.0075445516265689,0.0985415458626239,0.0242597888004221,0.0575240969849588,0.1145317052140078,1,1,1
2020-01-08,0,18.850000381469727,18.875,18.489999771118164,18.732500076293945,17.0357666015625,3032800,7.8168983247196735,-0.0089020577164364,0.0107446833814829,0.0976344604918467,0.024246344207288,0.057483536742068,0.1144636377554148,-1,1,1
2020-01-09,0,18.799999237060547,18.86750030517578,18.6299991607666,18.86000061035156,17.151718139648438,1997200,7.754568442802156,0.0067833000041601,0.0060868066904268,0.0836196149392605,0.0242299637687789,0.057443616591311,0.1143884036295815,1,1,1
2020-01-10,0,19.0,19.549999237060547,18.905000686645508,19.125,17.39271354675293,8156000,7.9940305610426865,0.0139530051706185,0.0172659317772231,0.0886075685953294,0.0242169890851129,0.0574033456664924,0.1143156184941158,1,1,1
2020-01-13,0,19.100000381469727,19.350000381469727,19.045000076293945,19.174999237060547,17.438186645507812,3187600,8.301686905889131,0.0026110794920128,0.0169794085862204,0.0458006525512145,0.0242000760862367,0.0573631322598418,0.1142334331438087,1,1,1
2020-01-14,0,19.082500457763672,19.1200008392334,18.790000915527344,18.809999465942383,17.106245040893555,2672400,8.061398975462568,-0.0192188324199285,-0.0007915605925919,-0.0115344759818639,0.02419643725178,0.0573252542079725,0.1141747373242707,-1,0,-1
2020-01-15,0,18.752500534057617,18.854999542236328,18.39999961853028,18.64999961853028,16.960739135742188,2621600,7.980954631547644,-0.0085423933755409,-0.0133158988451142,0.014525989670726,0.0241828997192128,0.0572936676322468,0.1141004389329049,-1,-1,1
2020-01-16,0,18.70249938964844,18.850000381469727,18.325000762939453,18.412500381469727,16.744749069213867,1914000,7.44627506580252,-0.0128164898128306,-0.0172303309415085,0.0187155315582579,0.0241725423500887,0.0572648516164777,0.1140245630469956,-1,-1,1
2020-01-17,0,18.737499237060547,19.162500381469727,18.57749938964844,19.15749931335449,17.42226791381836,2201600,7.272812514265698,0.0396644324628479,0.0156508015171791,0.0334462434960145,0.0241960900294717,0.0572248672673118,0.1139445479492415,1,1,1
2020-01-20,0,19.174999237060547,19.270000457763672,19.0625,19.125,17.39271354675293,2516800,6.708686680145202,-0.0016977963465605,0.0,0.0320160905273479,0.0241797432763174,0.0571870085034101,0.1138649975494688,0,0,1
2020-01-21,0,19.1924991607666,19.25,18.90749931335449,19.21999931335449,17.479106903076172,4578800,6.609188952888976,0.0049549195863012,0.0023438400942883,0.0349653156509085,0.0241632081297659,0.0571485399011939,0.1137850312436216,1,0,1
2020-01-22,0,19.350000381469727,19.350000381469727,18.75,18.979999542236328,17.260848999023438,5449600,7.102748077985258,-0.012565403155774,0.0089972693584428,0.0203976688987026,0.024152738348579,0.0571089381365775,0.1137091616139755,-1,1,1
2020-01-23,0,19.52499961853028,19.600000381469727,19.28499984741211,19.600000381469727,17.824689865112305,4369600,7.610657002399944,0.0321436940123316,0.0496833567463156,0.058291184879652,0.0241616699361007,0.0570854616144138,0.1136287755432225,1,1,1
2020-01-24,0,19.600000381469727,19.725000381469727,19.1924991607666,19.540000915527344,17.77012825012207,6091600,7.219447038870797,-0.0030657079098984,0.0594341386492478,0.03662524447714,0.0241458023324897,0.0570718002361714,0.1135490338083062,-1,1,1
2020-01-27,0,19.125,19.20499992370605,18.662500381469727,18.7549991607666,17.056230545043945,3604000,7.287950234700095,-0.0410032945285777,-0.0212335883421779,0.00090117314669,0.0241823781817102,0.0570466460075606,0.1134830283532642,-1,-1,0
2020-01-28,0,18.4950008392334,19.0,18.4950008392334,18.80500030517578,17.101699829101562,2455600,7.244648411438414,0.00266229894002,-0.0168734930555973,0.0222630852902673,0.0241657477802416,0.057018098989972,0.113407128808163,1,-1,1
2020-01-29,0,18.825000762939453,19.01000022888184,18.549999237060547,18.852500915527344,17.1448974609375,1755200,7.077350407032627,0.0025227414204126,-0.0193056712214859,0.0050280474497266,0.0241491482824666,0.0569914285322723,0.1133389928414175,1,-1,0
2020-01-30,0,18.71999931335449,18.71999931335449,18.15250015258789,18.467500686645508,16.794767379760742,5172400,7.715503159239454,-0.0206332327959427,-0.0273735008616548,-0.0035029958748657,0.0241473321276627,0.0569719053312264,0.1132761009720042,-1,-1,0
2020-01-31,0,18.53499984741211,18.887500762939453,18.39999961853028,18.5674991607666,16.885713577270508,7131200,8.670739688753137,0.0054005415581371,-0.0541166533158491,-0.0095436310119448,0.0241310889113326,0.0569871651200598,0.1132174720533537,1,-1,0
2020-02-03,0,18.975000381469727,18.975000381469727,18.582500457763672,18.8700008392334,17.160810470581055,2576000,8.675771664696365,0.0161604092033771,-0.0348905362025734,0.0038428981076102,0.0241201431910931,0.0569755591564085,0.1131503129998308,1,-1,0
2020-02-04,0,18.997499465942383,19.100000381469727,18.677499771118164,18.747499465942383,17.049409866333008,3996800,8.537358223076952,-0.0065127319796052,-0.0003999736536008,-0.0055674365550105,0.0241057913289022,0.0569384947416923,0.1130890724068125,-1,0,0
2020-02-05,0,19.09499931335449,19.71249961853028,19.03249931335449,19.604999542236328,17.829238891601562,6608800,8.81400635555137,0.0447241528242112,0.0416618802305905,0.0406045795103169,0.0241405442836914,0.0569093571499231,0.1130100374366188,1,1,1
2020-02-06,0,19.725000381469727,19.725000381469727,19.21500015258789,19.502500534057617,17.736021041870117,4800000,8.898358018804839,-0.005242085302927,0.0338970535072507,0.0313805493304084,0.0241256591458097,0.0568756089811583,0.1129326234196589,-1,1,1
2020-02-07,0,19.549999237060547,19.725000381469727,19.207500457763672,19.25749969482422,17.513216018676758,3114400,8.273178506475215,-0.0126418617306494,0.0418884245725441,0.0276407453161956,0.0241154457888836,0.0568467153227423,0.1128562571352254,-1,1,1
2020-02-10,0,19.357500076293945,19.357500076293945,18.30500030517578,18.375,16.710647583007812,3029200,8.146865705286555,-0.0469097009000002,-0.0104218178855933,-0.026052255587965,0.0241667947430136,0.0568144103194882,0.1128118693836944,-1,-1,-1
2020-02-11,0,18.45499992370605,19.190000534057617,18.38500022888184,19.059999465942383,17.333602905273438,6569600,8.98361363265036,0.0366008859438217,0.010018658854851,-0.0034043748147619,0.0241837423877047,0.0567756933255682,0.1127497636223199,1,1,0
2020-02-12,0,19.092500686645508,19.725000381469727,19.012500762939453,19.72249984741211,17.93609046936035,3970000,9.46221307912575,0.0341679283072185,0.0506993191416749,0.0281524740004438,0.024196021692127,0.0567540530721204,0.1126736653400056,1,1,1
2020-02-13,0,19.75,20.450000762939453,19.450000762939453,20.40749931335449,18.55904769897461,7171200,10.000272380185407,0.0341425063922821,0.0401176727097457,0.0815138128126544,0.0242081389190208,0.0567241941101731,0.1126019232862766,1,1,1
2020-02-14,0,20.362499237060547,20.362499237060547,19.037500381469727,19.342500686645508,17.590517044067383,9967200,10.639507688032976,-0.0535974641966504,-0.0082377061839776,0.036458741991545,0.0242785965208306,0.0566910207673623,0.1125244867731441,-1,-1,1
2020-02-17,0,19.5,19.690000534057617,19.125,19.295000076293945,17.54731559753418,4422000,11.028174383337356,-0.002458971715309,0.0019451838313626,0.0468162600890666,0.0242628034457285,0.0566539622280033,0.1124463348173114,-1,0,1
2020-02-18,0,19.22249984741211,19.22249984741211,18.497499465942383,18.645000457763672,16.956192016601562,7575200,11.730161953839144,-0.0342679029765351,0.0145869817548279,-0.0271160753503162,0.0242832553185946,0.0566155437911586,0.1124035463561951,-1,1,-1
2020-02-19,0,18.625,18.737499237060547,18.040000915527344,18.33749961853028,16.676544189453125,14736800,13.219372972249994,-0.0166298852519445,-0.0386437894409384,-0.0420481642557003,0.0242766356573145,0.0566090620459798,0.1123760109303079,-1,-1,-1
2020-02-20,0,18.77499961853028,18.77499961853028,17.877500534057617,18.424999237060547,16.756118774414062,9563600,14.093791055065529,0.0047602989515481,-0.0680514187966089,-0.0422427848904534,0.0242605127491378,0.0566490264365438,0.1123486223973555,1,-1,-1
2020-02-21,0,18.0,18.497499465942383,17.725000381469727,18.0049991607666,16.374162673950195,5365600,14.481597084763072,-0.0230588457316548,-0.1252527709205459,-0.0527362274663343,0.0242617060040521,0.0568375243589002,0.112333484913206,-1,-1,-1
2020-02-26,0,16.985000610351562,17.137500762939453,16.477500915527344,16.542499542236328,15.04412841796875,9118000,15.489147118719114,-0.0847168690684761,-0.1563721757923715,-0.169596790547142,0.0244524336091702,0.0571370321143865,0.112546073919148,-1,-1,-1
2020-02-27,0,16.5,17.045000076293945,16.05500030517578,16.747499465942383,15.230562210083008,13316800,16.524577658221993,0.0123163041431701,-0.1415968999338925,-0.1542147784940736,0.0244390050168137,0.0573773673135934,0.1127175472960984,1,-1,-1
2020-02-28,0,16.25,16.594999313354492,15.552499771118164,16.452499389648438,14.962281227111816,11878800,17.76465729434135,-0.0177716315088919,-0.1251006284662494,-0.1309831154743878,0.0244332984230387,0.0575592732751086,0.1128338819891666,-1,-1,-1
2020-03-02,0,16.572500228881836,17.270000457763672,16.125,16.552499771118164,15.053224563598633,15676400,18.96238797158892,0.0060597755982558,-0.1024109676160488,-0.1275856388161519,0.0244174481399095,0.0576731515635115,0.1129419666494592,1,-1,-1
2020-03-03,0,16.642499923706055,17.094999313354492,16.024999618530273,16.082500457763672,14.625795364379885,11179200,18.82475148417232,-0.0288054494343163,-0.1359767160019134,-0.158913829670881,0.0244269341370196,0.0578880493578728,0.1131213164894159,-1,-1,-1
2020-03-04,0,16.274999618530273,16.770000457763672,16.0625,16.489999771118164,14.996387481689451,7449200,19.221902990113733,0.0250225620144822,-0.0878953082557763,-0.1132580348604559,0.0244252317334194,0.0579638141404001,0.1131984159103974,1,-1,-1
2020-03-05,0,16.225000381469727,16.457500457763672,15.270000457763672,15.34749984741211,13.957369804382324,5967600,18.696262711289275,-0.071801667388135,-0.0749801065754354,-0.1904602438067282,0.0245564082269162,0.0580113076996098,0.1134593002988869,-1,-1,-1
2020-03-06,0,14.032500267028809,14.75,13.625,14.125,12.845600128173828,20900400,18.960735996382745,-0.0830063199233687,-0.1703027306419741,-0.2896269729334742,0.0247338032530446,0.0583515261492626,0.1140578751193554,-1,-1,-1
2020-03-09,0,12.5,13.029999732971191,11.842499732971191,11.9975004196167,10.91080379486084,34585600,21.48807059409038,-0.1632478780442765,-0.3157789771773587,-0.4463621189981456,0.0254360526285936,0.0595221421564469,0.115417713945474,-1,-1,-1
2020-03-10,0,12.675000190734863,12.887499809265137,11.94499969482422,12.53499984741211,11.399617195129396,20469600,23.18168881769374,0.0438263032749407,-0.2780124495006737,-0.4472599685474162,0.0254657813729332,0.0604084633176542,0.1167593831208678,1,-1,-1
2020-03-11,0,12.207500457763672,12.732500076293944,10.725000381469728,11.102499961853027,10.096869468688965,15111600,23.36104611335626,-0.1213543532555175,-0.3705613533218749,-0.5633722365000067,0.0258380187929548,0.0619457027061341,0.118810496811556,-1,-1,-1
2020-03-12,0,9.49250030517578,9.712499618530272,7.8125,8.119999885559082,7.384514331817627,36663200,24.15166890663256,-0.3128402725268781,-0.7084241878632354,-0.8635706472962354,0.028230933949025,0.0672109433928651,0.1233413645459643,-1,-1,-1
2020-03-13,0,10.175000190734863,10.5,8.130000114440918,10.385000228881836,9.444357872009276,56032400,28.24293978839352,0.2460323629393091,-0.3905901575357911,-0.570628583456926,0.0295813384401951,0.0687238331611909,0.1253053040560311,1,-1,-1
2020-03-16,0,8.75,9.517499923706056,8.3774995803833,8.824999809265137,8.025657653808594,18620800,27.23557910264352,-0.1627738963302845,-0.470357733942707,-0.7700033657310323,0.0301549848849342,0.0708536698024264,0.1287287263740607,-1,-1,-1
2020-03-17,0,9.199999809265137,9.212499618530272,8.282500267028809,8.75,7.957451343536377,29586800,28.07291985911163,-0.0085348506747018,-0.3156447065731321,-0.8127061447129528,0.030137155863786,0.0717768347635924,0.1324083778611701,-1,-1,-1
2020-03-18,0,8.125,8.28499984741211,6.449999809265137,8.0,7.275383949279785,30899200,29.389419630224864,-0.0896121774157347,-0.4490831872638078,-0.9364608285209698,0.0302959763340646,0.0736223261429737,0.1370869670339634,-1,-1,-1
2020-03-19,0,7.5,8.520000457763672,6.752500057220459,8.262499809265137,7.514106273651123,25897200,30.68508051836237,0.0322855022726328,-0.2954433317356573,-0.8505778620516864,0.0302973356318684,0.0743876438278789,0.1408234009419328,1,-1,-1
2020-03-20,0,8.5,8.6899995803833,7.127500057220459,7.577499866485596,6.891152858734131,21924000,29.31847717860932,-0.0865436959685555,-0.0691467551773347,-0.9346625863049328,0.0304426476882768,0.0743889841521973,0.1451698865876104,-1,-1,-1
2020-03-23,0,7.5,7.599999904632568,6.382500171661377,6.527500152587891,5.936258792877197,27881600,26.85241542347828,-0.149159292404739,-0.464338410521383,-1.049553975733137,0.0309025514718544,0.076274207807723,0.1504258422208827,-1,-1,-1
2020-03-24,0,7.25,8.149999618530273,7.25,8.149999618530273,7.411796569824219,19240400,25.796122497163434,0.2219937598917224,-0.079570754299376,-0.8109303305894698,0.0319008032470339,0.0762864856922779,0.1534781153245403,1,-1,-1
2020-03-25,0,8.125,9.4375,7.712500095367432,8.552499771118164,7.777839660644531,25874000,26.362615697980896,0.048205759060782,-0.0228301445638921,-0.767484870480236,0.0319255661935435,0.0762432393895461,0.1561484420530474,1,-1,-1
2020-03-26,0,8.75,10.100000381469728,8.449999809265137,9.307499885559082,8.464454650878906,31328000,26.297828289391155,0.0845969684643095,0.1513790013161522,-0.6598290562842716,0.0320469291986182,0.0763761719940653,0.1580816098344883,1,1,-1
2020-03-27,0,8.75,9.475000381469728,8.579999923706055,9.100000381469728,8.275749206542969,17134800,21.788291856227595,-0.0225461337945795,0.0965473652489399,-0.5976583210103749,0.0320374466050378,0.0763969586706669,0.1596379940984056,-1,1,-1
2020-03-30,0,9.149999618530272,9.720000267028809,8.789999961853027,9.020000457763672,8.202995300292969,12672800,21.25875534556382,-0.0088300876247487,0.1742609735927467,-0.6188047127782939,0.0320186127866003,0.0765896736522744,0.1612826287622863,-1,1,-1
2020-03-31,0,9.020000457763672,9.100000381469728,8.140000343322754,8.40999984741211,7.648248195648193,11229600,19.517870851636797,-0.0700227405126601,0.2533975254848256,-0.6710558217820618,0.0321001611811135,0.0770599572940813,0.1631897293122034,-1,1,-1
2020-04-01,0,8.0,8.0,7.375,7.5,6.820672512054443,34938400,19.67502136556916,-0.1145185517829127,-0.0831147861898095,-0.7916341491632305,0.032347654490113,0.0770772675096857,0.1658016122380104,-1,-1,-1
2020-04-02,0,7.639999866485596,7.977499961853027,7.5,7.977499961853027,7.254921913146973,16604400,18.81207225013384,0.0617220473012123,-0.0695984979493792,-0.7011066524277016,0.0324007437578191,0.0770755113953413,0.1678052153796422,1,-1,-1
2020-04-03,0,7.855000019073486,8.1225004196167,7.400000095367432,8.077500343322754,7.345864295959473,16414800,18.45701567079496,0.0124573509379515,-0.1417381154757372,-0.7136718635042325,0.0323824286615057,0.0772095162691195,0.1698465073106749,1,-1,-1
2020-04-06,0,8.625,9.30500030517578,8.625,8.800000190734863,8.002922058105469,16184000,18.03802298313181,0.0856692582141814,-0.0335227234669763,-0.5562009379019159,0.0325042829420082,0.0771723625141416,0.1710486573125636,1,-1,-1
2020-04-07,0,9.875,10.052499771118164,9.3100004196167,9.422499656677246,8.569038391113281,18506800,18.224039572262733,0.0683487876567367,0.0436561518145091,-0.4048458303218105,0.0325730007384404,0.0771342666840008,0.1716472320041261,1,1,-1
2020-04-08,0,9.567500114440918,10.11750030517578,9.350000381469728,10.045000076293944,9.135151863098145,11466400,17.10073170040731,0.0639742940951051,0.1776531864222744,-0.1776236581824287,0.0326299513379088,0.0773317538805457,0.1716897783075054,1,1,-1
2020-04-09,0,10.1225004196167,10.550000190734863,10.045000076293944,10.4375,9.492103576660156,12677200,15.414648141865593,0.0383304365046965,0.3305021747098838,-0.1831195249526729,0.032636070947718,0.0781575047435848,0.1717404067978871,1,1,-1
2020-04-13,0,10.4375,10.4375,9.859999656677246,10.0625,9.151068687438965,10154000,14.845601094760765,-0.0365895816006891,0.2321905458079822,-0.0983547532978444,0.0326432891356421,0.0785270108209721,0.1716837092413958,-1,1,-1
2020-04-14,0,10.15250015258789,10.577500343322754,10.114999771118164,10.114999771118164,9.19881534576416,10795600,14.79149192940146,0.0052040400904042,0.224937234960435,0.219689559319438,0.0326226416256631,0.0788664522209601,0.1717188483804373,1,1,1
2020-04-15,0,9.75,10.3100004196167,9.625,9.994999885559082,9.089682579040527,30627600,17.032465997491165,-0.0119347212169224,0.1273332555293311,-0.0382775248367936,0.0326051256453984,0.0789336629811306,0.1716202228301097,-1,1,-1
2020-04-16,0,10.270000457763672,10.335000038146973,9.84000015258789,9.904999732971191,9.007834434509276,9143600,15.21718911060932,-0.0090452963817431,0.0499391714908513,0.1154510751117478,0.0325863095690727,0.0788976546569513,0.1715398672458612,-1,1,1
2020-04-17,0,10.260000228881836,10.295000076293944,9.957500457763672,10.199999809265137,9.276113510131836,8145600,14.69446407237874,0.0293479648877987,0.0153128422835448,0.1533338906742483,0.0325810011144346,0.0788473907776564,0.1714917982953639,1,1,1
2020-04-20,0,9.947500228881836,10.4375,9.84000015258789,9.962499618530272,9.060126304626465,8877600,14.227096237819849,-0.0235595954224982,-0.0465771896436499,0.2193864726674848,0.0325722286073408,0.0788203527456847,0.1715258858631452,-1,-1,1
2020-04-22,0,9.975000381469728,10.6225004196167,9.800000190734863,10.547499656677246,9.59213924407959,12567600,14.122687447713531,0.0570608734429988,0.0470732654000381,0.2441618438378509,0.0326124425600133,0.0787826555470536,0.1715988085470131,1,1,1
2020-04-23,0,10.75,11.020000457763672,10.09749984741211,10.149999618530272,9.230642318725586,15106800,13.899880169946943,-0.0384152978874463,0.0034539274221874,0.2922902419189602,0.0326223960971059,0.0787322575252274,0.1717604866835863,-1,0,1
2020-04-24,0,10.0,10.177499771118164,8.449999809265137,9.337499618530272,8.491737365722656,27108400,15.360234352119493,-0.0834350203167968,-0.0680463716776867,0.3580145140069025,0.0327410095828002,0.0787279423290625,0.1720709103547626,-1,-1,1
2020-04-27,0,9.625,10.082500457763672,9.220000267028809,10.039999961853027,9.130607604980469,18400800,15.915240509238156,0.0725386266692425,0.0135375513732987,0.2085593807844226,0.0328189746975599,0.0786779154493895,0.1720864692357304,1,1,1
2020-04-28,0,10.322500228881836,11.029999732971191,10.302499771118164,10.949999809265137,9.958181381225586,17498000,16.861976501114754,0.086762219904375,0.070951806389875,0.2471158416280155,0.0329392680593854,0.0786606165788641,0.1721607909966766,1,1,1
2020-04-29,0,11.287500381469728,11.457500457763672,10.829999923706056,10.9350004196167,9.944540977478027,13892800,17.314235264493696,-0.0013707075481833,0.0931406942641901,0.1611481656155226,0.0329185261271265,0.0786701415999978,0.1721183325766712,0,1,1
2020-04-30,0,10.574999809265137,10.75,10.15999984741211,10.452500343322754,9.505744934082031,13810000,15.601614086694465,-0.045127409395481,-0.00904758857429,0.138566890014621,0.0329390976207213,0.0786222037164654,0.1720546053742168,-1,-1,1
2020-05-04,0,10.147500038146973,10.449999809265137,10.0,10.302499771118164,9.369329452514648,9897200,15.722284900159284,-0.0144548152770224,0.0149128940361337,0.1329421623623475,0.0329230017739139,0.0785726337020912,0.1719862264728914,-1,1,1
2020-05-05,0,10.449999809265137,10.667499542236328,10.1225004196167,10.322500228881836,9.38751983642578,4711200,15.357539764152662,0.0019395996986138,0.1002875140515444,0.2049045025736214,0.0329022200350829,0.0785924191742442,0.1719954559246063,0,1,1
2020-05-06,0,10.385000228881836,10.4375,9.875,9.875,8.980550765991211,10252000,15.492998459982593,-0.0443199172069416,-0.0165710298246395,0.2751031371495925,0.0329211870931865,0.0785472089538248,0.1721172681762673,-1,-1,1
2020-05-07,0,10.039999961853027,10.042499542236328,9.302499771118164,9.327500343322754,8.482645034790039,19790400,16.04390212750442,-0.0570388973005106,-0.1603721470295252,0.1563421925478696,0.0329651725721193,0.0787242192174836,0.1720693217250145,-1,-1,1
2020-05-08,0,9.3774995803833,9.602499961853027,9.130000114440918,9.354999542236328,8.507652282714844,18061600,16.209393408113037,0.0029437114037156,-0.1560577280776262,0.1468285530136336,0.0329444977691964,0.0788883752832392,0.1720123994417028,0,-1,1
2020-05-11,0,9.274999618530272,9.707500457763672,9.137499809265137,9.270000457763672,8.430349349975586,9950400,14.50618693280028,-0.0091278146189357,-0.1200581333010809,0.0520314801805163,0.0329257931506883,0.0789677595088741,0.1719037921377844,-1,-1,1
2020-05-12,0,9.649999618530272,9.880000114440918,9.0600004196167,9.1225004196167,8.296211242675781,15657200,14.062492882608671,-0.0160392786340834,-0.1216425966581419,-0.0323565861103036,0.0329107193948734,0.0790497676072265,0.1718060738843068,-1,-1,-1
2020-05-13,0,9.300000190734863,9.397500038146973,9.00749969482422,9.387499809265137,8.53720760345459,9028000,12.931294454309528,0.0286350420138917,-0.094947154342864,-0.067695838191517,0.032904543845415,0.0790822677235643,0.1717288036545888,1,-1,-1
2020-05-14,0,9.25,9.529999732971191,9.024999618530272,9.529999732971191,8.666801452636719,13520800,12.687121235452429,0.0150658256466022,-0.0355614114893199,-0.0909604490496112,0.032887649735611,0.0790465950410713,0.1716700303869426,1,-1,-1
2020-05-15,0,9.449999809265137,9.702500343322754,9.085000038146973,9.34749984741211,8.50083065032959,12273200,12.373492339382803,-0.0193359191699304,0.0021415666412601,-0.0737067866188525,0.0328750378121971,0.0789970187077463,0.1715972411589029,-1,0,-1
2020-05-18,0,9.625,10.234999656677246,9.5,10.182499885559082,9.260199546813965,12950400,12.690045642552798,0.0855617154680452,0.0847595707055896,0.0066508887587882,0.0329896069871336,0.0789959869789727,0.1714886432843984,1,1,0
2020-05-19,0,10.125,10.557499885559082,9.982500076293944,10.375,9.435262680053713,20478000,14.424412064346242,0.0187284216982743,0.1126158070227997,0.0373140316739851,0.0329748332819206,0.0790355025568138,0.1713792781241576,1,1,1
2020-05-20,0,10.449999809265137,10.817500114440918,10.289999961853027,10.74250030517578,9.769476890563965,15886000,15.159294989829442,0.0348089027458582,0.1634639884027413,0.0811682308015864,0.0329755716292117,0.0791802532806647,0.1712809101833518,1,1,1
2020-05-21,0,10.802499771118164,11.760000228881836,10.56999969482422,11.7475004196167,10.683446884155272,24621200,16.267095136731903,0.0894326012221702,0.2242615476110199,0.1412528671359579,0.0331012372063435,0.0795027512412439,0.1712207097686768,1,1,1
2020-05-22,0,11.537500381469728,11.725000381469728,11.302499771118164,11.517499923706056,10.474278450012209,14373200,16.230857972374036,-0.019772943042241,0.1894227789221763,0.1450395195162151,0.0330890582251552,0.0797133868797129,0.1711638049004391,-1,1,1
2020-05-25,0,12.125,12.647500038146973,11.767499923706056,12.484999656677246,11.35414695739746,11160400,16.72945556273226,0.0806604675096765,0.2894191656017835,0.1686391135828927,0.0331861677478433,0.0802833479024441,0.1711297422113691,1,1,1
2020-05-26,0,12.7524995803833,13.012499809265137,12.302499771118164,12.302499771118164,11.188175201416016,15676000,17.259005444036895,-0.0147256129126147,0.1891318372211235,0.1923287985577242,0.0331704808134685,0.080488009726867,0.1711226052184675,-1,1,1
2020-05-27,0,12.505000114440918,12.727499961853027,12.404999732971191,12.72249984741211,11.570134162902832,15892000,18.50223970783889,0.0335697019158762,0.2039731174387255,0.3093335207903973,0.0331692024794536,0.0807341274011216,0.171309337186281,1,1,1
2020-05-28,0,12.4975004196167,12.625,12.282500267028809,12.397500038146973,11.274572372436523,11788400,18.685317325353477,-0.0258771792820005,0.1432870354108666,0.2109177148391543,0.033162618172944,0.0808240829847615,0.1713252679171077,-1,1,1
2020-05-29,0,12.4375,12.4375,11.8125,12.210000038146973,11.10405445098877,18732800,19.892219994393404,-0.0152396501330651,0.0386147840556313,0.1089158448017142,0.0331473128487939,0.0807808521617959,0.1712411033465549,-1,1,1
2020-06-01,0,12.210000038146973,12.609999656677246,12.047499656677246,12.53499984741211,11.399617195129396,9743200,19.78914506083772,0.0262694679822353,0.0846571950801077,0.1365560203321328,0.0331383518479309,0.0807752345208192,0.1711764497143471,1,1,1
2020-06-02,0,12.572500228881836,13.827500343322754,12.550000190734863,13.827500343322754,12.575045585632324,19973600,20.463778305361178,0.0981345656171825,0.1021312931876138,0.2798179953447965,0.0332910982969195,0.0807922250262137,0.1713023674833871,1,1,1
2020-06-03,0,14.34749984741211,15.467499732971191,14.199999809265137,14.875,13.527667999267578,35992000,24.32495280160464,0.0730227284704592,0.1898796345706878,0.3672955390922783,0.0333647599013356,0.0809930898614461,0.171617267475277,1,1,1
2020-06-04,0,14.6850004196167,15.375,14.3100004196167,15.0625,13.698183059692385,16854800,23.95059087390097,0.0125261311090255,0.1688360637638373,0.3778820705026901,0.0333464349901974,0.0811377939903267,0.1719564129562898,1,1,1
2020-06-05,0,15.5625,15.90999984741211,14.895000457763672,15.0600004196167,13.695910453796388,27721200,26.61773631561265,-0.0001659194088748,0.1945473236369629,0.4220360683007569,0.0333260324050219,0.0813486870768772,0.1724124496334161,0,1,1
2020-06-08,0,15.09000015258789,16.8174991607666,15.09000015258789,16.5049991607666,15.010026931762695,24401600,29.40633932325297,0.0916211586486091,0.3014081324186372,0.5706961242498767,0.033453976676912,0.0819420205662742,0.1733683654802889,1,1,1
2020-06-09,0,16.122499465942383,17.125,15.81999969482422,16.395000457763672,14.909991264343262,16740400,30.27025109273099,-0.0066868970144327,0.2684517674219691,0.5610655158317283,0.0334348051152531,0.0823927843177005,0.1742768745952225,-1,1,1
2020-06-10,0,16.625,16.75,15.625,15.84000015258789,14.40526008605957,21276800,31.69772152382536,-0.034438119247781,0.1358790825570053,0.5357552112028829,0.0334382966260676,0.0824601603781983,0.1750821525775016,-1,1,1
2020-06-12,0,15.442500114440918,15.875,15.175000190734863,15.7524995803833,14.325684547424316,15121200,32.672210226464934,-0.0055393752714668,0.0573169788150794,0.5462551145654996,0.0334188373655452,0.0824260299958231,0.1759175339432244,-1,1,1
2020-06-15,0,15.25,15.529999732971191,14.880000114440918,15.202500343322754,13.825501441955566,15790000,32.7920492269417,-0.0355392309482592,0.0092516167577942,0.4820808416033484,0.0334237442361146,0.0823754536522004,0.1765256394352151,-1,1,1
2020-06-16,0,15.712499618530272,16.229999542236328,15.579999923706056,15.725000381469728,14.300676345825195,11170000,33.35861033866137,0.0337920156417531,0.0432095518084224,0.5008070315984994,0.0334221736705039,0.0823330428837652,0.1771889002746701,1,1,1
2020-06-17,0,15.75,16.612499237060547,15.75,15.947500228881836,14.503021240234377,12444000,32.53567516556777,0.0140501560595314,-0.0343614507806552,0.5341931068279613,0.03340461043485,0.0822974435800788,0.1779594284110867,1,-1,1
2020-06-18,0,15.987500190734863,17.450000762939453,15.760000228881836,17.3125,15.744384765625,18649200,30.28586270818868,0.0821267897670301,0.0544522360008075,0.5307581811269462,0.033501622281887,0.0822616411887182,0.1787106152031814,1,1,1
2020-06-19,0,17.565000534057617,18.0,17.05500030517578,18.0,16.369613647460938,33691600,34.01838671882214,0.0389430109650402,0.1278333662136288,0.5509727703937122,0.033506229939432,0.0823138335036673,0.1795255961521748,1,1,1
2020-06-22,0,17.875,19.467500686645508,17.6299991607666,18.997499465942383,17.27676010131836,30803600,35.79385149828084,0.053935461810165,0.1873082032952606,0.5700993294580189,0.0335349022043125,0.0824949334030519,0.1804018036671719,1,1,1
2020-06-23,0,19.52499961853028,20.450000762939453,19.299999237060547,19.614999771118164,17.838329315185547,30649200,37.89459275180442,0.0319872228546432,0.2548346570981631,0.5126539510904918,0.0335308970915717,0.0828834672506063,0.1810703068707697,1,1,1
2020-06-24,0,19.497499465942383,19.997499465942383,18.655000686645508,19.174999237060547,17.438186645507812,17316800,38.50427843133715,-0.0226870381881893,0.1983556032682206,0.5097398559445436,0.0335215634184291,0.0830902660101074,0.1817233466109247,-1,1,1
2020-06-25,0,19.25,19.850000381469727,18.787500381469727,19.225000381469727,17.48365592956543,12708000,37.522768323623325,0.0026040613208947,0.186909508529584,0.4316834497557618,0.0335013229853426,0.0832651612118526,0.1821406778421557,0,1,1
2020-06-26,1,19.052499771118164,19.44499969482422,17.975000381469727,18.167499542236328,16.521940231323242,19133200,38.68099344463565,-0.0565772890342809,0.0482054297282729,0.3898317736340956,0.0335426470933345,0.0832244984489412,0.1824489189276955,-1,1,1
2020-06-29,0,18.75,18.9424991607666,18.424999237060547,18.924999237060547,17.210830688476562,16090800,39.363516265651946,0.0408496682245093,0.0501120869877421,0.3971117399427288,0.0335497081489779,0.0831849377257762,0.1827723283479732,1,1,1
2020-06-30,0,18.850000381469727,19.600000381469727,18.57250022888184,19.299999237060547,17.551864624023438,21161600,41.82774668439524,0.0196213138136348,0.0157979389912119,0.442610233038364,0.0335351392002078,0.0831347046939547,0.1832101496229209,1,1,1
2020-07-01,0,19.625,19.875,18.940000534057617,19.100000381469727,17.369977951049805,15050400,42.77007325422117,-0.0104168797686355,-0.0266061636320668,0.4474330034027937,0.0335177094255339,0.0830949654681539,0.1836576365251218,-1,-1,1
2020-07-02,0,19.46249961853028,20.104999542236328,19.309999465942383,19.75,17.961101531982422,16826400,42.87019093516538,0.0334650826264227,0.0295459571825453,0.4546286180469811,0.0335153963145456,0.083047156225909,0.1841213546485518,1,1,1
2020-07-03,0,19.69750022888184,20.030000686645508,19.5575008392334,19.877500534057617,18.077054977416992,8247200,38.18549763204816,0.0064350597700528,0.0333769556317035,0.3629291121998514,0.0334956564396845,0.0830005419951004,0.1843560901717622,1,1,1
2020-07-06,0,20.287500381469727,20.49250030517578,19.864999771118164,20.0,18.188457489013672,14847200,35.133962533239504,0.0061437357109696,0.0960979803769539,0.2960501194403616,0.033475906291995,0.0830024516531841,0.1844604925270861,1,1,1
2020-07-07,0,19.920000076293945,20.54750061035156,19.625,20.237499237060547,18.404449462890625,11095200,31.14660564672888,0.0118052650268472,0.0670535771792918,0.2953292533581833,0.0334576087190087,0.0829747878801379,0.184562826637237,1,1,1
2020-07-08,0,20.45249938964844,21.25,20.43000030517578,21.25,19.325241088867188,12497200,30.442770393274373,0.0488196158699677,0.0962518792356248,0.3443147886370258,0.0334767519701096,0.0829767067629507,0.184754860009792,1,1,1
2020-07-09,0,21.26000022888184,21.520000457763672,20.700000762939453,20.71500015258789,18.83869743347168,12393200,30.574189881060192,-0.0254989414795633,0.081169817524697,0.2271946885088535,0.0334702680250044,0.0829617219440518,0.1847561291414767,-1,1,1
2020-07-10,0,20.862499237060547,21.350000381469727,20.565000534057617,21.350000381469727,19.41618156433105,12845600,29.79768158309115,0.0301936912470324,0.0778984261453065,0.2640752767703186,0.0334644602168612,0.0829434890674132,0.1848068591107134,1,1,1
2020-07-13,0,21.5,21.77499961853028,21.147499084472656,21.239999771118164,19.316143035888672,11094000,29.068462659756072,-0.0051656466234026,0.0662977197518509,0.293347749394697,0.0334454555407627,0.0829151480521121,0.1849027993684577,-1,1,1
2020-07-14,0,21.225000381469727,21.549999237060547,20.459999084472656,20.850000381469727,18.961471557617188,14524000,27.95059566515251,-0.018532065417465,0.0416219186234163,0.2803550592486987,0.0334330699237463,0.0828718792850337,0.1849770102271659,-1,1,1
2020-07-15,0,21.170000076293945,21.424999237060547,20.957500457763672,20.9950008392334,19.093334197998047,8804800,26.86435702003475,0.0069301716570343,0.0367468252536034,0.3228244618539924,0.0334136425303327,0.0828267675868127,0.1851229113482757,1,1,1
2020-07-16,0,20.997499465942383,22.19750022888184,20.825000762939453,21.50749969482422,19.55941200256348,21816000,28.31350502248901,0.0241173236656977,0.0120445330493334,0.3131497698779369,0.033402492601164,0.0827773335226144,0.1852502501181439,1,1,1
2020-07-17,0,21.747499465942383,22.25749969482422,21.51499938964844,22.25749969482422,20.2414779663086,16276800,30.4133097769228,0.0342772608679168,0.0718207353968137,0.3333768746863224,0.0334011259684746,0.0827536983975572,0.1854137122134778,1,1,1
2020-07-20,0,22.94750022888184,23.287500381469727,22.19499969482422,23.125,21.03040885925293,16507600,31.31098634894797,0.0382355674358732,0.0798626115856545,0.2894856523551655,0.03340450801955,0.0827374177870113,0.1854991138010718,1,1,1
2020-07-21,0,23.36750030517578,23.475000381469727,22.125,22.325000762939453,20.302867889404297,17562800,33.08476116891218,-0.035207279830544,0.0498209783785131,0.2153353615595812,0.0334093753210471,0.0826983819873438,0.1854828104581859,-1,1,1
2020-07-22,0,22.497499465942383,22.549999237060547,21.815000534057617,22.299999237060547,20.28013229370117,12290800,33.17495087840352,-0.0011204493496825,0.0672325944462955,0.1602794503997336,0.0333898266786099,0.0826709626413655,0.1854146560984894,0,1,1
2020-07-23,0,22.25,23.287500381469727,21.75,21.850000381469727,20.003076553344727,21160800,35.38450568409407,-0.0137556126687862,0.0465468101204749,0.1145366148763041,0.0333745492066843,0.0826303232085398,0.185318708438816,-1,1,1
2020-07-24,0,21.99250030517578,21.99250030517578,20.8075008392334,21.600000381469727,19.77420425415039,20437600,37.18564380996889,-0.0115078165392924,0.0109216699154846,0.1257158365252009,0.0333581269578588,0.0825813715214573,0.1852284359472183,-1,1,1
2020-07-27,0,21.9950008392334,22.45249938964844,21.5625,21.927499771118164,20.07402610778809,14638400,38.11177568973781,0.0150484731163588,-0.0083071178360733,0.1381602483206651,0.0333414862821894,0.082535544852147,0.1851453871860718,1,-1,1
2020-07-28,0,21.825000762939453,22.09749984741211,21.13500022888184,21.1875,19.39657592773437,13723200,38.00452417968826,-0.0343301940468478,-0.0808728793187942,0.1604073433080983,0.0333451839096994,0.0825488742244525,0.1850776111499658,-1,-1,1
2020-07-29,0,21.25,22.01749992370605,20.43000030517578,21.957500457763672,20.10148811340332,20789200,40.91220230759418,0.0356972958960572,-0.0099683035921929,0.1552549709796461,0.0333455749219079,0.0825036434056921,0.1850060745804361,1,-1,1
2020-07-30,0,21.545000076293945,21.96999931335449,21.20499992370605,21.71500015258789,19.879487991333008,13160400,38.99044865093159,-0.0111054018836059,-0.0199532561261163,0.1245282552824053,0.0333290589830764,0.0824623570200838,0.1849155843556277,-1,-1,1
2020-07-31,0,21.9950008392334,22.125,21.14999961853028,21.604999542236328,19.778783798217773,18884800,39.503252980372864,-0.0050786080693881,-0.0112762515267182,0.1298665269816528,0.0333104256644682,0.0824176922067398,0.1848280738138993,-1,-1,1
2020-08-03,0,22.0,22.725000381469727,21.625,22.4375,20.540916442871094,18018800,39.7705410786552,0.0378089831126513,0.0380405481252256,0.1342104274678812,0.033313410201977,0.0823739917785721,0.1847431314632279,1,1,1
2020-08-04,0,22.247499465942383,22.55500030517578,21.479999542236328,21.799999237060547,19.9572982788086,14933200,39.08897846049884,-0.0288239160282512,-0.0058318410193845,0.0989514516695772,0.0333106542202458,0.0823278825515879,0.1846419263256499,-1,0,1
2020-08-05,0,21.997499465942383,22.325000762939453,21.71500015258789,22.049999237060547,20.18617057800293,8688400,38.22902294668022,0.01140284014456,0.0399011931720231,0.1042105561031674,0.0332927543249313,0.0822850509462538,0.1845428120318599,1,1,1
2020-08-06,0,22.15749931335449,22.40999984741211,21.834999084472656,22.40999984741211,20.5157413482666,11630000,36.07914328179123,0.0161947170364734,0.0203986143124393,0.1086000081127936,0.0332768553527433,0.0822372878444057,0.18444559636685,1,1,1
2020-08-07,0,22.252500534057617,22.3799991607666,21.502500534057617,22.03499984741211,20.17243766784668,13504800,34.54588864512922,-0.0168752613507182,0.0146287548453271,0.0429051308921075,0.0332637408176363,0.0821891686380368,0.1843355286302073,-1,1,1
2020-08-10,0,22.052499771118164,22.684999465942383,21.65999984741211,22.114999771118164,20.24567985534668,12873200,34.15911993062608,0.0036242295365623,0.0233315924512776,0.0720283019082334,0.0332444403246581,0.0821419769808741,0.1842279775218598,1,1,1
2020-08-11,0,22.6875,22.96500015258789,21.725000381469727,21.82749938964844,19.98247718811035,20137600,35.744799447015986,-0.0130856813915155,-0.0275630720528892,0.0287489292696854,0.0332291174911469,0.0821052079314883,0.1841191562912689,-1,-1,1
2020-08-12,0,22.0,22.227500915527344,21.21249961853028,21.420000076293945,19.609420776367188,13930000,34.05995581562896,-0.0188456463081705,-0.0175848023328085,0.0150689295849176,0.0332174263968824,0.0820635635511814,0.1840125799143224,-1,-1,0
2020-08-13,0,21.83749961853028,21.920000076293945,21.13999938964844,21.364999771118164,19.55906867980957,12511200,33.86305444935451,-0.0025710526493941,-0.0315586951267626,0.0310299423529886,0.0331985378134006,0.0820292534320625,0.1839039163209978,0,-1,1
2020-08-14,0,21.5,21.565000534057617,20.46500015258789,20.64999961853028,18.90450668334961,15860800,33.005377631782764,-0.0340387074707804,-0.0817921196340165,-0.0099389367748263,0.0332019176386333,0.0820439202494691,0.1838045708090727,-1,-1,0
2020-08-17,0,20.65250015258789,20.65250015258789,19.3799991607666,19.75,18.080581665039062,18202800,32.52803659012501,-0.0445618163102464,-0.1094786745935446,-0.0786180767507704,0.0332203259672009,0.0821005503652484,0.1837448948971724,-1,-1,-1
2020-08-18,0,20.20249938964844,21.38500022888184,20.037500381469727,21.354999542236328,19.549915313720703,18394400,33.244914885017536,0.0781324284575831,-0.0349704756725239,-0.0347629091611042,0.0333019637124835,0.0820683205600451,0.1836565555086929,1,-1,-1
2020-08-19,0,21.28499984741211,21.39999961853028,20.8799991607666,20.96999931335449,19.19745826721192,9830800,33.400214580755616,-0.0181930662885697,-0.0400778605695781,-0.0911915428855472,0.0332897921556675,0.0820396713433531,0.1836074433946005,-1,-1,-1
2020-08-20,0,20.350000381469727,20.88249969482422,20.33749961853028,20.78499984741211,19.02809715270996,14440800,33.82141637567907,-0.0088612040212076,-0.0300934182826152,-0.0648454670762107,0.033272632532876,0.0820044440840054,0.1835375331490487,-1,-1,-1
2020-08-21,0,20.700000762939453,20.75,20.27499961853028,20.65749931335449,18.91137313842773,8432400,32.50649954486844,-0.0061531898926121,-0.0336755555258332,-0.0698782076191403,0.0332546147133328,0.0819714535211767,0.1834712849831195,-1,-1,-1
2020-08-24,0,20.912500381469727,21.02499961853028,20.604999542236328,20.88999938964844,19.124223709106445,7979200,31.248923460303278,0.0111922940746578,0.011555446019605,-0.044930300875696,0.0332369790186326,0.0819240574815484,0.1833887825522341,1,1,-1
2020-08-25,0,20.75,21.075000762939453,20.170000076293945,20.25749969482422,18.545185089111328,11905200,29.134758537545736,-0.0307455970836802,0.0253716652461712,-0.0641680814200837,0.0332363311587865,0.081878082551304,0.1833185629249494,-1,1,-1
2020-08-26,0,20.287500381469727,20.739999771118164,19.53249931335449,20.162500381469727,18.458213806152344,14514000,29.07356554485769,-0.0047007272685561,-0.0574614904799679,-0.0839172818049988,0.0332180201833349,0.081864416738239,0.1832633415920671,-1,-1,-1
2020-08-27,0,20.25,20.700000762939453,19.95249938964844,20.69499969482422,18.94570541381836,11631600,28.79024249136778,0.0260678144424328,-0.0132006097489652,-0.0235192733157182,0.033209056263674,0.0818215437470728,0.183170345018216,1,-1,-1
2020-08-28,0,20.700000762939453,20.864999771118164,20.479999542236328,20.700000762939453,18.950284957885746,7070000,26.85945587418884,0.0002416901653585,-0.0040977155623992,-0.0589748790464169,0.033190101212725,0.0817761602117225,0.1830967951897148,0,0,-1
2020-08-31,0,20.52499961853028,20.625,20.125,20.23500061035156,18.524587631225582,8783200,24.92226711519473,-0.0227200579592089,-0.0206645836289961,-0.07058953512202,0.0331815767217265,0.0817364033394771,0.1830313671555611,-1,-1,-1
2020-09-01,0,20.02750015258789,20.96500015258789,20.02750015258789,20.96500015258789,19.1928825378418,19070800,24.996939658079075,0.03544059834139,0.0035837206377361,-0.0300703287112416,0.0331819741699083,0.0816899017413417,0.1829416549194275,1,0,-1
2020-09-02,0,21.0,21.15999984741211,20.412500381469727,20.77499961853028,19.018943786621094,10316400,25.08402138134811,-0.0091039853010953,0.0252253324203208,-0.0769832971249885,0.0331651421682682,0.0816443832222673,0.1828811330941665,-1,1,-1
2020-09-03,0,20.8125,21.102500915527344,20.05500030517578,20.36750030517578,18.64588928222656,24953200,27.301542086619104,-0.0198098158784135,0.0101162438104635,-0.0679691969751509,0.0331543516980915,0.0815976213629298,0.1828139639626498,-1,1,-1
2020-09-04,0,20.482500076293945,20.71249961853028,19.39249992370605,20.037500381469727,18.34378433227539,18577200,29.41213199492335,-0.0163349193407233,-0.0322864899726928,-0.095706956460434,0.0331411849324827,0.0815643251288075,0.1827689444237104,-1,-1,-1
2020-09-08,0,19.537500381469727,19.78249931335449,19.29750061035156,19.50749969482422,17.858577728271484,14116000,30.570352829018574,-0.0268068508306936,-0.0593350309687448,-0.1387085243276012,0.0331364408846036,0.0815527218344333,0.182767747804631,-1,-1,-1
2020-09-09,0,19.75,20.47249984741211,19.6875,20.417499542236328,18.6916618347168,13013600,30.831827279338608,0.0455935954278092,0.0089786224182734,-0.0762396675490738,0.033150380853495,0.0815061982523766,0.1827065957391807,1,1,-1
2020-09-10,0,20.302499771118164,20.424999237060547,19.737499237060547,19.78249931335449,18.110334396362305,9204000,29.653591985285136,-0.0315947967694047,-0.0580567726925215,-0.1114586938550409,0.0331507411552135,0.0814933465572238,0.1826760229779352,-1,-1,-1
2020-09-11,0,19.875,20.00749969482422,19.3799991607666,19.52750015258789,17.876890182495117,10090000,29.188059583438093,-0.0129739089957136,-0.0619266963871397,-0.1113469214592391,0.0331357168654236,0.0814842939197357,0.1826452319426149,-1,-1,-1
2020-09-14,0,19.809999465942383,20.45499992370605,19.802499771118164,20.3700008392334,18.648178100585938,13684400,30.59906217003073,0.0422396248765505,0.0001227443678244,-0.0502616502745179,0.0331448072166727,0.08143877802207,0.1825666165867182,1,0,-1
2020-09-15,0,20.59499931335449,20.665000915527344,19.86000061035156,19.97249984741211,18.28427505493164,13528800,31.58457214348524,-0.0197070485080743,-0.0032493847995265,-0.067397646133198,0.0331340151709936,0.0813939353857684,0.1824990668338505,-1,0,-1
2020-09-16,0,19.97249984741211,20.3700008392334,19.8174991607666,20.0,18.309450149536133,12065600,29.89536902037396,0.0013759243386973,0.0249333903698644,-0.0319830143237203,0.0331153151841514,0.0813490583463589,0.1824109620611244,0,1,-1
2020-09-17,0,19.787500381469727,20.042499542236328,19.670000076293945,19.93000030517578,18.2453727722168,7282000,29.157984185867008,-0.0035058270196952,-0.0241660320776399,0.0090729749668307,0.0330971321455892,0.0813116069268146,0.1823090658207722,-1,-1,0
2020-09-18,0,19.75,19.9375,18.979999542236328,19.012500762939453,17.40542221069336,17362000,27.25956421555974,-0.0471297221713828,-0.039700957479618,-0.116189175662135,0.0331192575410801,0.0812835064389427,0.1822830634545357,-1,-1,-1
2020-09-21,0,18.5,18.700000762939453,18.0049991607666,18.15250015258789,16.61811637878418,22798800,27.703047747352105,-0.0462883305862722,-0.0730153790701766,-0.1442844399598375,0.0331398433777713,0.0812866351553387,0.1822874659992757,-1,-1,-1
2020-09-22,0,18.25,18.725000381469727,17.697500228881836,18.299999237060547,16.75314712524414,20459200,28.7584633098928,0.0080926803020058,-0.1071623236447214,-0.1273305556366242,0.0331219036331607,0.0813375315339945,0.1822726331257215,1,-1,-1
2020-09-23,0,18.377500534057617,18.71999931335449,18.13999938964844,18.28249931335449,16.73712730407715,15655200,28.97704787563369,-0.0009566850473346,-0.0884119601839817,-0.1221340507913466,0.0331034354356176,0.0813598530425446,0.1822521856118044,0,-1,-1
2020-09-24,0,18.36000061035156,18.69750022888184,18.15749931335449,18.51749992370605,16.9522647857666,15671600,30.12928432010029,0.0127719969308606,-0.0770158875918183,-0.1205543479351439,0.0330869319298219,0.0813672332627591,0.182229972785427,1,-1,-1
2020-09-25,0,18.424999237060547,18.575000762939453,18.125,18.575000762939453,17.00490379333496,8163200,29.645448368671964,0.003100320311425,-0.0704097402606981,-0.0867084305400386,0.0330684314897061,0.0813667771636827,0.1821768201193664,0,-1,-1
2020-09-28,0,18.799999237060547,19.247499465942383,18.0575008392334,18.075000762939453,16.547164916992188,20111600,30.54879316223772,-0.0272869778519362,-0.0505669959412516,-0.1092946811234187,0.0330641901872522,0.0813467647489646,0.1821433731339417,-1,-1,-1
2020-09-29,0,18.075000762939453,18.325000762939453,17.674999237060547,17.709999084472656,16.2130184173584,11562800,29.851544066259123,-0.0204002575099264,-0.0246789228649057,-0.155762753075778,0.0330539805596998,0.0813095626377911,0.1821603696933421,-1,-1,-1
2020-09-30,0,17.885000228881836,18.3125,17.885000228881836,18.21249961853028,16.673044204711914,11601200,29.53156809461375,0.0279787703203502,-0.0047928328465614,-0.1280256729207863,0.0330471779872968,0.0812655132604666,0.1821453346781548,1,0,-1
2020-10-01,0,18.127500534057617,18.64249992370605,17.975000381469727,18.627500534057617,17.052963256835938,9084800,29.788366192654298,0.0225306908332497,0.0186945430340228,-0.0827749241283276,0.0330360436875882,0.0812204245458211,0.1820888284748623,1,1,-1
2020-10-02,0,18.475000381469727,18.8700008392334,17.905000686645508,18.020000457763672,16.496816635131836,11742000,28.525474407161045,-0.0331565555945023,-0.02723400949134,-0.15137207806422,0.0330381685563088,0.0811846882001361,0.1820998283478388,-1,-1,-1
2020-10-05,0,18.09749984741211,18.67250061035156,18.049999237060547,18.57749938964844,17.007190704345703,7146000,25.52980423360176,0.0304688061440763,0.000134476341311,-0.1117992866190483,0.0330336950029758,0.0811399884329084,0.18206811533614,1,0,-1
2020-10-06,0,18.667499542236328,18.82749938964844,18.26749992370605,18.522499084472656,16.95684051513672,11218400,23.75424593748843,-0.0029649146044021,0.0244565395888451,-0.0949543853450369,0.0330157112033994,0.0810960180780464,0.1820212450480879,0,1,-1
2020-10-07,0,18.4950008392334,18.647499084472656,18.002500534057617,18.167499542236328,16.631847381591797,11106400,22.8543667369973,-0.019351948305818,0.0255048487929535,-0.0979714143101317,0.033004858968892,0.0810523299637935,0.1819769027640881,-1,1,-1
2020-10-08,0,18.247499465942383,18.475000381469727,17.934999465942383,18.39249992370605,16.83782958984375,15198000,22.74066084442553,0.0123087419717017,0.0098348204443051,-0.0588558215077362,0.0329884407190954,0.0810071396574212,0.1819037637403966,1,1,-1
2020-10-09,0,18.290000915527344,18.732500076293945,18.125,18.237499237060547,16.695932388305664,7394400,22.56187932656784,-0.0084629961020518,-0.0211588664909962,-0.1129124130375973,0.0329719129413111,0.0809688508745047,0.1818728752322544,-1,-1,-1
2020-10-13,0,18.375,18.412500381469727,17.877500534057617,17.9375,16.421293258666992,10578800,20.710131039046345,-0.0165862580839421,-0.0045885689804361,-0.0979038743521346,0.0329592891375272,0.0809253342844513,0.1818283817925646,-1,0,-1
2020-10-14,0,17.9950008392334,18.799999237060547,17.940000534057617,18.65250015258789,17.07585334777832,15718000,21.65223472866952,0.0390865185435497,0.0040291434190373,-0.0458434468128713,0.0329644837847611,0.0808806345493129,0.1817479343971101,1,0,-1
2020-10-15,0,18.40749931335449,18.5575008392334,18.114999771118164,18.51000022888184,16.945396423339844,9010000,21.177875561397087,-0.0076691811577812,-0.0006751231343418,-0.0957522528472032,0.0329477680651547,0.0808365657871206,0.1817016233876076,-1,0,-1
2020-10-16,0,18.377500534057617,18.46500015258789,18.01499938964844,18.084999084472656,16.55632209777832,8584800,21.02898770125985,-0.0232281707486588,-0.0045513455771825,-0.0992733750877877,0.0329400153737577,0.0807932549307416,0.1816582578500384,-1,0,-1
2020-10-19,0,18.162500381469727,19.295000076293945,18.125,18.69499969482422,17.11475944519043,11722800,21.109627599367837,0.0331731879343175,0.0163131003854332,-0.0674761114921674,0.0329384143933055,0.0807487557098673,0.1815907789390079,1,1,-1
2020-10-20,0,18.950000762939453,19.8075008392334,18.9375,19.69499969482422,18.03023338317871,14390000,22.715162231981893,0.0521087646102281,0.076884861097713,-0.0118615198622441,0.0329626116979932,0.0807344378045051,0.1814963838321867,1,1,0
2020-10-21,0,19.825000762939453,20.225000381469727,19.467500686645508,20.20249938964844,18.49483299255371,12026000,23.089886137974,0.0254414140836092,0.1189125332652644,0.0607096163927478,0.0329538109599104,0.0807703720882527,0.1813958023903119,1,1,1
2020-10-22,0,20.27499961853028,20.420000076293945,19.979999542236328,20.02750015258789,18.33462715148925,10769600,23.238152421629508,-0.0086999293999174,0.0711260853217972,0.0982980175791026,0.0329375611711697,0.080750895655453,0.181304920848233,-1,1,1
2020-10-23,0,20.122499465942383,20.372499465942383,19.787500381469727,19.887500762939453,18.206462860107425,11918000,22.78512626817068,-0.007014832721107,0.0717804337584715,0.0831905045559898,0.0329207931452937,0.0807319458965484,0.1812092997722097,-1,1,1
2020-10-26,0,20.125,20.145000457763672,19.232500076293945,19.65749931335449,17.995899200439453,11431200,23.74268847653616,-0.0116327235096512,0.0833758809974791,0.0725144660936732,0.0329057581731293,0.0807235595765009,0.1811112414271893,-1,1,1
2020-10-27,0,20.0,20.01000022888184,19.332500457763672,19.39249992370605,17.75330352783203,10478800,23.88605497137504,-0.0135722968945618,0.0366303961685996,0.0461701722682506,0.0328916698163366,0.0806837254407258,0.1810099798109271,-1,1,1
2020-10-28,0,18.854999542236328,18.90999984741211,18.052499771118164,18.15999984741211,16.624982833862305,13748400,23.422381579859795,-0.0656650588566266,-0.081143427298255,-0.022595206899801,0.0329491054214134,0.0806968033110695,0.1809203168924283,-1,-1,-1
2020-10-29,0,18.0,18.950000762939453,17.3174991607666,18.84000015258789,17.24750518798828,25014400,26.667379747637067,0.0367609522428701,-0.0698238891389942,0.0414527231950053,0.0329514709598009,0.0806964817362181,0.1808192404238952,1,-1,1
2020-10-30,0,18.5,18.5,17.762500762939453,18.02750015258789,16.503681182861328,14274800,27.755270320192864,-0.0440840482200368,-0.1052080079591135,0.0177689324848948,0.0329681948316564,0.0807431419876514,0.1807196514098953,-1,-1,0
2020-11-03,0,18.497499465942383,18.559999465942383,17.792499542236328,17.8174991607666,16.311431884765625,7802800,26.90131528225653,-0.0117172534040134,-0.1099104286420199,-0.0219270912394687,0.0329531973979886,0.0807969868141205,0.1806301847576038,-1,-1,-1
2020-11-04,0,18.25,18.89999961853028,18.112499237060547,18.78499984741211,17.19715118408203,8816400,25.6459810682884,0.0528775366584286,-0.0454001684739399,0.0084197545857103,0.0329785114180782,0.0807737493837282,0.1805323786385394,1,-1,0
2020-11-05,0,19.184999465942383,19.95249938964844,19.184999465942383,19.614999771118164,17.956993103027344,13918400,25.966266338378592,0.043235885708011,0.0114080141286331,0.0848121958882238,0.0329889568962676,0.0807296082627399,0.1804385445422464,1,1,1
2020-11-06,0,19.227500915527344,19.97249984741211,19.145000457763672,19.82999992370605,18.1538200378418,9518800,25.67927097840959,0.0109013819925698,0.0879744549778294,0.0652447717367172,0.0329724149714237,0.0807263782447809,0.1803404641080478,1,1,1
2020-11-09,0,20.625,20.897499084472656,19.502500534057617,19.684999465942383,18.021080017089844,16642800,26.64472905317002,-0.007338824229671,0.0438746785052883,0.0608708621114483,0.0329558951946621,0.0806899581198673,0.1802418850843799,-1,1,1
2020-11-10,0,19.622499465942383,19.72249984741211,19.0,19.07250022888184,17.460350036621094,16906400,27.68632259314084,-0.0316095866129649,0.0563491401123601,0.0486132238043013,0.0329563343501778,0.0806602779264408,0.1801422522799686,-1,1,1
2020-11-11,0,18.987499237060547,20.07999992370605,18.95499992370605,20.05500030517578,18.359806060791016,18346000,29.44172251218251,0.0502312238718676,0.1182976173882411,0.0865357057044671,0.0329770753975856,0.0806948435410048,0.1800495292790688,1,1,1
2020-11-12,0,19.90999984741211,20.309999465942383,19.607500076293945,19.877500534057617,18.19730567932129,14793200,29.914686745320743,-0.0088902784727343,0.056529802257078,0.0861084233337845,0.0329611115588401,0.0806652326375759,0.1799568232313343,-1,1,1
2020-11-13,0,20.247499465942383,20.32250022888184,19.690000534057617,20.32250022888184,18.60469055175781,8276400,26.684843177395045,0.0221401856030304,0.0354341021520972,0.1248348670207571,0.0329501009189803,0.0806255915732418,0.179880119145974,1,1,1
2020-11-16,0,20.467500686645508,20.71249961853028,20.14999961853028,20.295000076293945,18.57951736450196,9494800,25.99595766441528,-0.0013539721571184,0.023178748002409,0.084394376320089,0.0329324858149159,0.0805829230341267,0.1797871870232365,0,1,1
2020-11-17,0,20.225000381469727,20.854999542236328,20.21249961853028,20.75,18.996055603027344,11006400,26.94822354919274,0.0221716008019572,0.0526891730340372,0.1142351582798274,0.0329215287923801,0.0805511617793542,0.1797054510428991,1,1,1
2020-11-18,0,20.84000015258789,20.975000381469727,20.229999542236328,20.752500534057617,18.99834251403809,7876400,26.925192942816967,0.0001203814839473,0.0844191411309495,0.1375837105124334,0.0329038520101199,0.080544098759882,0.1796362530083866,0,1,1
2020-11-19,0,20.575000762939453,20.815000534057617,20.325000762939453,20.457500457763672,18.72827911376953,5838000,25.2885159990991,-0.0143171056257933,0.0198708116332886,0.0900934169523226,0.0328904044930512,0.0805011110547939,0.1795453836531838,-1,1,1
2020-11-23,0,20.352500915527344,20.467500686645508,19.717500686645508,19.895000457763672,18.21332550048828,7779600,24.926364827545992,-0.0278811370988047,0.0008799530072183,0.0101035152432896,0.0328871035740565,0.0804582828664217,0.1794492811685463,-1,0,0
2020-11-24,0,19.90250015258789,20.100000381469727,19.64249992370605,19.950000762939453,18.26367950439453,6895200,22.90096756521812,0.0027608645986289,-0.0184993679971832,-0.0125770342416904,0.0328694718238672,0.0804205947271968,0.1793589246531597,0,-1,0
2020-11-25,0,19.854999542236328,20.334999084472656,19.732500076293945,20.147499084472656,18.44448471069336,7904800,21.161911327863344,0.0098510329958989,-0.0072943628441655,0.0059739281541261,0.0328529182208101,0.0803794186674779,0.1792639043449031,1,0,0
2020-11-26,0,20.19499969482422,20.19499969482422,19.83749961853028,20.065000534057617,18.36895751953125,2791600,17.837845168810947,-0.004103245583954,-0.0335692092300768,0.008885515291279,0.0328358883297103,0.0803492425114353,0.1791684733544159,-1,-1,0
2020-11-27,0,20.364999771118164,20.6200008392334,20.1875,20.21500015258789,18.50627899169922,4936400,15.767601519627965,0.0074479309122929,-0.0262416598017312,0.0279661697132232,0.0328188500064326,0.0803151202942686,0.1790708024252468,1,-1,1
2020-11-30,0,20.125,20.147499084472656,19.5575008392334,19.707500457763672,18.041677474975582,10452400,16.17036521250978,-0.0254255827269367,-0.0373501369028745,0.0161128838808483,0.0328133445936405,0.0802873290311477,0.1789745140660812,-1,-1,0
2020-12-01,0,19.94750022888184,20.6825008392334,19.57999992370605,20.459999084472656,18.73056602478028,12815600,16.911130724132455,0.0374722394933376,0.0280032396892678,0.1192501822308126,0.032816573599283,0.0802462834383232,0.1788964579742593,1,1,1
2020-12-02,0,20.237499237060547,20.6200008392334,19.5575008392334,19.69750022888184,18.03252220153809,11318800,16.85325588306037,-0.0379798196318384,-0.0127374445411996,0.044509410356104,0.032824730695616,0.0802068872759552,0.1787989788311832,-1,-1,1
2020-12-03,0,20.1200008392334,21.63500022888184,19.90749931335449,21.584999084472656,19.760475158691406,19929200,19.69564068073485,0.0915068219323664,0.0689183443952677,0.1801002805085073,0.0329376430862947,0.0801866808208075,0.1787621521050897,1,1,1
2020-12-04,0,21.100000381469727,21.21249961853028,20.4424991607666,20.520000457763672,18.785499572753903,7406000,20.04242027001242,-0.0505984656131465,0.0224231243660753,0.1412190682993742,0.0329644604598893,0.0801447223751857,0.1786965377190464,-1,1,1
2020-12-07,0,20.727500915527344,20.86750030517578,20.53249931335449,20.64249992370605,18.89764213562012,4584400,19.40149428629024,0.0059518866440409,0.0209270800978234,0.0942934182849866,0.0329472208661222,0.0801026089467504,0.1786085903486713,1,1,1
2020-12-08,0,20.375,20.989999771118164,20.252500534057617,20.63500022888184,18.890777587890625,4519200,18.92933266566684,-0.0003633148914524,0.0459893479333078,0.0506942176855229,0.0329298024210728,0.0800681860709903,0.1785119906429024,0,1,1
2020-12-09,0,20.607500076293945,20.71249961853028,20.05500030517578,20.102500915527344,18.403289794921875,7395600,18.81645544307485,-0.0261444028269155,-0.0176272943869454,0.0136484328660376,0.0329248839896708,0.0800308145259157,0.1784171646235325,-1,-1,0
2020-12-10,0,19.912500381469727,20.292499542236328,19.50749969482422,20.209999084472656,18.50169944763184,8482000,20.046348879779405,0.0053331480637583,0.0256856733086513,0.026320405159467,0.0329076467510344,0.0799896977383137,0.1783210015023705,1,1,1
2020-12-11,0,19.82250022888184,20.47249984741211,19.799999237060547,20.42250061035156,18.696239471435547,7920400,20.70670661449536,0.0104598159541005,-0.0553613326696145,0.0683898077265325,0.03289144863039,0.079976081681605,0.1782270446605872,1,-1,1
2020-12-14,0,20.34749984741211,21.36000061035156,20.290000915527344,21.295000076293945,19.4949893951416,9296400,20.62119698205337,0.0418350726025638,0.0370722055460957,0.059993656457229,0.0328998391610826,0.0799382406190357,0.1781319715375309,1,1,1
2020-12-15,0,21.520000457763672,22.27499961853028,21.520000457763672,22.11750030517578,20.24796295166016,12695200,20.81919147251927,0.0378967150567498,0.0690170339588046,0.1067806499867131,0.0329033503775167,0.079918448363562,0.1780495278063072,1,1,1
2020-12-16,0,22.125,23.059999465942383,21.959999084472656,22.739999771118164,20.81785011291504,14386800,21.929685206135844,0.0277566036753794,0.0971369525256365,0.1123970680590622,0.0328967479118396,0.0799256411604778,0.1779695796356356,1,1,1
2020-12-17,0,22.70499992370605,23.23500061035156,22.70499992370605,22.987499237060547,21.044422149658203,8458400,19.417478642386246,0.0108247468126882,0.1341061021652402,0.124575787028869,0.0328806943476861,0.079984024717027,0.17789555236294,1,1,1
2020-12-18,0,22.89249992370605,22.975000381469727,22.424999237060547,22.53249931335449,20.62788391113281,6169200,19.279325781775224,-0.0199917955605368,0.1087811585409451,0.0824123906663749,0.032871036723574,0.0800050417330726,0.1778053193749357,-1,1,1
2020-12-21,0,21.897499084472656,22.75,21.6299991607666,22.677499771118164,20.760629653930664,6838000,19.92338082640328,0.0064146395482213,0.1047359821350658,0.0887066487306491,0.0328540818498577,0.0800207627377389,0.1777169689861132,1,1,1
2020-12-22,0,22.875,23.364999771118164,22.75749969482422,23.232500076293945,21.26871681213379,6196400,20.463732069204067,0.0241789108722091,0.0870798204047112,0.1272026652286515,0.0328447786429183,0.0800165831614546,0.1776446167504337,1,1,1
2020-12-23,0,23.4375,23.7450008392334,23.15999984741211,23.26749992370605,21.300758361816406,4243200,19.93150947619028,0.0015053770619735,0.0506884824099348,0.1565891793894298,0.0328275441190038,0.0799846621964061,0.1775904479004375,0,1,1
2020-12-28,0,23.20249938964844,23.950000762939453,23.190000534057617,23.80500030517578,21.792823791503903,7931600,20.1168392221132,0.0228380558034466,0.045769934538002,0.1766663705942474,0.0328173392741309,0.079950376363877,0.1775516301416237,1,1,1
2020-12-29,0,23.875,24.01499938964844,23.5,23.86000061035156,21.843175888061523,5737200,19.851856741268243,0.002307824698668,0.0372530124239819,0.1691231622970165,0.032800155482281,0.0799127388844133,0.1775067302366374,0,1,1
2020-12-30,0,23.875,24.075000762939453,23.45499992370605,23.477500915527344,21.493009567260746,4409600,18.845410555219814,-0.0161608105659994,0.0410839974185192,0.1570655973149711,0.0327881985481172,0.0798765592819365,0.1774528879836469,-1,1,1
2021-01-04,0,23.75,23.875,23.0,23.270000457763672,21.30304527282715,5809600,17.293795553699937,-0.00887771280751,0.025791645062788,0.140739953595168,0.0327729093574478,0.0798359770072067,0.1773883941219963,-1,1,1
2021-01-05,0,22.75,23.100000381469727,22.252500534057617,23.09499931335449,21.142837524414062,9233600,16.079907113194487,-0.0075488362422924,-0.0059361020517137,0.1586167000798124,0.0327572142762654,0.0797960333821046,0.1773356892926585,-1,0,1
2021-01-06,0,22.72249984741211,22.842500686645508,21.795000076293945,22.350000381469727,20.460811614990234,13171200,17.144949680534975,-0.0327897686954809,-0.040231247809168,0.0883546918909939,0.0327592330520555,0.0797716269078104,0.1772479938945835,-1,-1,1
2021-01-07,0,21.77499961853028,22.475000381469727,21.6875,22.334999084472656,20.59048080444336,7985200,17.57754435173318,0.0063174440106365,-0.0567518596019782,0.1326519555334689,0.0327424862951285,0.0797601702711975,0.1771790139740897,1,-1,1
2021-01-08,0,22.747499465942383,23.25,22.69499969482422,23.042499542236328,21.24271774291992,7444400,17.765872284537664,0.0311852700622444,-0.0278744142384018,0.0723304036633467,0.0327391238675353,0.079728433787416,0.1770877422546009,1,-1,1
2021-01-11,0,22.665000915527344,23.08749961853028,22.45249938964844,22.502500534057617,20.74490165710449,4947600,17.42651628153887,-0.0237136289717961,-0.0354272326441986,0.0992152403046972,0.0327324843275942,0.0797009619530552,0.1770038697600271,-1,-1,1
2021-01-12,0,22.354999542236328,22.915000915527344,22.08749961853028,22.70249938964844,20.92927360534668,6797600,18.030510480146305,0.0088483167330576,-0.0177012031036308,0.1021116703937137,0.032716263535633,0.079664774807362,0.1769211529361081,1,-1,1
2021-01-13,0,23.102500915527344,23.48500061035156,22.584999084472656,22.82999992370605,21.046817779541016,6984000,17.72946491371478,0.0056005443840979,-0.0045518224772403,0.1080755296692644,0.0326995133295448,0.0796248207640993,0.1768408430413866,1,0,1
2021-01-14,0,23.00749969482422,23.26749992370605,22.65749931335449,22.877500534057617,21.09060859680176,6649200,17.903112528942934,0.0020784768692122,0.0303164230874527,0.136298409365392,0.0326825670031792,0.0795857696412348,0.1767743627016687,0,1,1
2021-01-15,0,22.8799991607666,22.8799991607666,22.25749969482422,22.40250015258789,20.652706146240234,5588800,18.143477297666585,-0.0209814921359582,0.003017486940858,0.1099837691656754,0.0326738974288831,0.0795447730101845,0.1766950186495279,-1,0,1
2021-01-18,0,22.342500686645508,23.625,22.342500686645508,23.21999931335449,21.406354904174805,10837600,19.403389248439364,0.0358414770184242,0.0076736938970378,0.1353654302299994,0.032675292394661,0.0795034930473391,0.17662815126471,1,0,1
2021-01-19,0,23.252500534057617,24.342500686645508,23.200000762939453,23.67250061035156,21.823516845703125,15386800,21.039747988844997,0.0193003066642181,0.0506876295330522,0.1128306642916536,0.032663214059113,0.0794724622944704,0.176550186625768,1,1,1
2021-01-20,0,24.0,24.049999237060547,23.21500015258789,23.424999237060547,21.59534454345703,7003200,19.66312904475739,-0.0105103816830945,0.0313289311168999,0.0644235675518093,0.0326487799011216,0.0794339052936645,0.1764586408241256,-1,1,1
2021-01-21,0,23.5,23.8174991607666,23.065000534057617,23.622499465942383,21.777420043945312,7559600,19.665567551788907,0.008395894141251,0.034124280874053,0.0450628580176808,0.0326326186949346,0.0793961920989387,0.1763656871049706,1,1,1
2021-01-22,0,23.02499961853028,23.64999961853028,22.88249969482422,22.957500457763672,21.16436195373535,15764400,21.708596984136943,-0.0285549279791091,0.0034908760257316,0.0056831832258833,0.0326304115562661,0.0793554660990545,0.1762766291311624,-1,0,0
2021-01-26,0,23.022499084472656,23.614999771118164,22.8174991607666,23.145000457763672,21.33721351623535,7688400,22.42348376704821,0.0081339344995427,0.0326063026612326,0.033808913285963,0.032614245500817,0.0793174303180833,0.1761840921937634,1,1,1
2021-01-27,0,22.75,23.049999237060547,22.47249984741211,22.84000015258789,21.0560359954834,10391200,23.31434737327829,-0.0132653970728975,-0.0165005714300892,0.0141288766648442,0.0326010794202532,0.0792814231837155,0.1760937317506933,-1,-1,0
2021-01-28,0,22.575000762939453,24.125,22.575000762939453,23.957500457763672,22.08625221252441,13048400,24.958036323610624,0.0477680784718865,0.0119672003775791,0.0377180442645215,0.0326175285607309,0.0792405084813106,0.1760013556722556,1,1,1
2021-01-29,0,24.01749992370605,24.88249969482422,23.375,23.542499542236328,21.703670501708984,13806400,26.81375994805079,-0.0174739493384977,0.0050036327221759,0.0187387178640502,0.032606683940003,0.0791998950812249,0.1759105964927914,-1,0,1
2021-02-01,0,24.44750022888184,25.059999465942383,23.8125,24.602500915527344,22.68087387084961,10897200,28.34726642414562,0.0440406147912396,0.0406483533721643,0.0399412768518432,0.0326179004774201,0.079164772488655,0.1758184775312142,1,1,1
2021-02-02,0,25.13249969482422,25.21249961853028,24.350000381469727,24.53249931335449,22.616342544555664,10170000,28.32415561756673,-0.002849242185593,0.0663540391656804,0.0347842099675819,0.032601557765036,0.0791438374430899,0.1757266217256363,0,1,1
2021-02-03,0,24.857500076293945,26.40999984741211,24.857500076293945,26.375,24.31493186950684,19053200,29.808176515721737,0.072417875465031,0.1306379801311687,0.1233628959986124,0.032662734444397,0.0791956875592378,0.1756548347749419,1,1,1
2021-02-04,0,26.61750030517578,27.0,26.34000015258789,26.912500381469727,24.810447692871094,10913200,31.19955539430847,0.0201742005391993,0.1640775777432655,0.1524148093453218,0.0326512259982858,0.079306062368141,0.1755997891433099,1,1,1
2021-02-05,0,27.502500534057617,28.790000915527344,27.02499961853028,27.46500015258789,25.31978988647461,25596800,36.82767074737153,0.0203214565224057,0.1366309557937848,0.18028510211002,0.0326398104089993,0.0793665559646622,0.1755654236929103,1,1,1
2021-02-08,0,27.604999542236328,28.96249961853028,27.467500686645508,28.559999465942383,26.32926750183105,14325600,37.334505606069015,0.0390948542945108,0.1931997594267935,0.2521697251000118,0.0326446285503554,0.0795383566991798,0.1756054183004937,1,1,1
2021-02-09,0,28.537500381469727,28.71249961853028,27.375,28.34000015258789,26.126449584960938,17392800,40.71459786188821,-0.0077329579622296,0.1414261866733243,0.2381193231271458,0.0326294939080974,0.0796056463510823,0.1756281372688996,-1,1,1
2021-02-10,0,28.5,28.787500381469727,27.0,27.09749984741211,24.98099708557129,19508800,43.84078677596254,-0.044832775995367,0.0994426528635503,0.1621012770695342,0.0326471023602824,0.0796140923143563,0.1755794956932063,-1,1,1
2021-02-11,0,27.1875,28.049999237060547,27.1875,27.690000534057617,25.527219772338867,8556000,43.02849108819531,0.0216299056497484,0.0486546830482678,0.2074448116910789,0.0326365093894054,0.0795820303028566,0.1755690764413314,1,1,1
2021-02-12,0,27.74250030517578,27.74250030517578,27.1299991607666,27.190000534057617,25.06627082824707,8605200,42.05124453076139,-0.0182221741690342,0.0102583083400343,0.1803743207889869,0.0326263009911629,0.0795414373792761,0.1755342819965612,-1,1,1
2021-02-17,0,27.01000022888184,27.4375,26.475000381469727,27.2549991607666,25.12619400024414,7292000,41.306949823731614,0.0023877369111784,-0.0076754112711931,0.1771615133160671,0.0326097544865815,0.0795033769003594,0.1754968526366253,0,0,1
2021-02-18,0,27.247499465942383,27.247499465942383,26.375,26.497499465942383,24.427858352661133,12770000,42.260754658650114,-0.0281866708685019,-0.074956936434206,0.1468963655783531,0.032607366359963,0.0795113018799282,0.1754380723576756,-1,-1,1
2021-02-19,0,26.575000762939453,26.979999542236328,26.28499984741211,26.662500381469727,24.57997131347656,6946800,38.85549433205635,0.006207720290172,-0.0610162581818045,0.1740855780044831,0.032591140518589,0.0795048709389851,0.175398195003552,1,-1,1
2021-02-22,0,26.125,26.125,25.200000762939453,26.082500457763672,24.045276641845703,18010400,40.74485777035986,-0.0219933572347165,-0.038176839421154,0.1162507437513423,0.0325835565245715,0.0794804556345421,0.1753234456800599,-1,-1,1
2021-02-23,0,26.287500381469727,26.747499465942383,25.862499237060547,26.375,24.31493186950684,9932000,36.01154842682738,0.0111520620226347,-0.0486546830482678,0.1081024991097587,0.0325684110079316,0.0794634359844192,0.1752454650193827,1,-1,1
2021-02-24,0,26.475000381469727,26.912500381469727,26.07749938964844,26.51749992370605,24.446298599243164,11020400,34.756953751453175,0.0053881760693098,-0.0250443328099237,0.1240010568621631,0.0325521579873145,0.0794317650090149,0.175174416922568,1,-1,1
2021-02-25,0,26.434999465942383,27.1875,25.89999961853028,25.979999542236328,23.950782775878903,9241600,32.04382221649519,-0.0204778108511665,-0.0479098805722685,0.0951273518697455,0.0325435313344389,0.079414173395604,0.1750921611050062,-1,-1,1
2021-02-26,0,25.725000381469727,26.44499969482422,25.040000915527344,25.584999084472656,23.586631774902344,19755600,31.794925306657387,-0.0153209057535667,-0.0350441154573333,0.108361374095288,0.0325317421093655,0.0793878620193872,0.1750145776101872,-1,-1,1
2021-03-01,0,25.75,26.15250015258789,25.26749992370605,25.677499771118164,23.67190742492676,11126800,32.31855335353228,0.0036089030267146,-0.0376429327207906,0.10383634262246,0.0325154184486876,0.0793631531501275,0.1749354221947368,1,-1,1
2021-03-02,0,25.25,25.75,24.27750015258789,25.575000762939453,23.57741355895996,21387200,35.6775930776796,-0.0039998031708609,-0.0196493786569351,0.1131019365244964,0.0324996150608862,0.0793292543234178,0.1748599173582186,-1,-1,1
2021-03-03,0,25.64999961853028,25.69750022888184,24.08749961853028,25.232500076293945,23.26166534423828,21739600,39.43154515048382,-0.0134824597354985,-0.0442839004150682,0.0518513983171115,0.0324869524189466,0.0793090162005073,0.17477043714709,-1,-1,1
2021-03-04,0,25.59499931335449,26.170000076293945,24.475000381469727,24.5625,22.64399719238281,19034000,40.817536968621525,-0.026911949257431,-0.0765840257418091,0.0424133983981782,0.0324834548130756,0.0793182660966378,0.1746808824944277,-1,-1,1
2021-03-05,0,24.752500534057617,24.86750030517578,23.457500457763672,24.252500534057617,22.358211517333984,22043600,44.56711477413442,-0.0127011329050502,-0.0688073477956928,-0.0143283492981116,0.0324704462692755,0.079319105017065,0.1746011889131673,-1,-1,0
2021-03-08,0,23.73500061035156,23.875,22.5625,22.59499931335449,20.83017349243164,21687600,44.7847000287568,-0.0707910750723529,-0.1242775171144789,-0.0822701821848715,0.0325353811902837,0.0793956193260803,0.1745580013365657,-1,-1,-1
2021-03-09,0,22.69750022888184,22.82999992370605,21.927499771118164,22.270000457763672,20.530555725097656,34258000,50.16093926763063,-0.01448828461478,-0.1423747047559738,-0.1691763422646826,0.0325231723861594,0.0795047014062036,0.1746005724155571,-1,-1,-1
2021-03-10,0,22.232500076293945,22.875,21.64999961853028,22.7450008392334,20.96845817565918,27160000,53.6543238877792,0.02110501737518,-0.117269884209933,-0.1682455254287019,0.0325126672683408,0.0795685624153319,0.1746416284162892,1,-1,-1
2021-03-11,0,23.075000762939453,23.5625,22.50749969482422,23.292499542236328,21.473194122314453,20546400,56.21361749612204,0.0237860552739736,-0.0800013692004606,-0.1647809266771341,0.0325038678775623,0.0795806630832515,0.1746781011504795,1,-1,-1
2021-03-12,0,23.15749931335449,23.59000015258789,22.975000381469727,23.54750061035156,21.70827865600586,8994000,53.06214439871237,0.0108883204350691,-0.0422010995079605,-0.1929874605365759,0.0324889263492557,0.0795584498544533,0.174750588177656,1,-1,-1
2021-03-15,0,23.64249992370605,24.0,23.1875,23.299999237060547,21.48010635375977,15759200,53.93657174774935,-0.0105664717562307,-0.0400664383591411,-0.195820974330577,0.0324750893367604,0.0795348474665406,0.1748264679727966,-1,-1,-1
2021-03-16,0,23.34499931335449,23.420000076293945,22.752500534057617,22.832500457763672,21.049121856689453,10190000,50.5634497511458,-0.020268378684428,0.0104562580287837,-0.1712565770196381,0.0324663834434579,0.0794950704256901,0.1748696663423895,-1,1,-1
2021-03-17,0,22.790000915527344,23.717500686645508,22.6875,23.542499542236328,21.703670501708984,13688000,48.1349281400576,0.0306225515504411,0.055567094194005,-0.1622639311189453,0.0324629731071183,0.079468002627237,0.1749016250668892,1,1,-1
2021-03-18,0,23.377500534057617,23.56999969482422,22.71249961853028,22.862499237060547,21.076780319213867,11750000,46.00052340430587,-0.0293094180591628,0.0051526587596625,-0.1733511750090738,0.0324616465348457,0.0794285332593819,0.1749467133577967,-1,0,-1
2021-03-19,0,23.049999237060547,23.479999542236328,22.73500061035156,23.38999938964844,21.563077926635746,12879200,43.49609347367431,0.022810521099491,0.0041771245851796,-0.1529283908207612,0.0324522989062797,0.0793891968031587,0.174967271176308,1,0,-1
2021-03-22,0,23.5,23.864999771118164,23.15999984741211,23.542499542236328,21.703670501708984,7914800,40.23691332508474,0.0064988969596717,-0.0002122988902175,-0.1182428229925874,0.0324365512802799,0.0793503995424967,0.1749521382765727,1,0,-1
2021-03-23,0,23.49250030517578,24.290000915527344,23.315000534057617,23.77499961853028,21.918006896972656,19969200,37.14449563996549,0.0098271379260013,0.0201813107920144,-0.1146234053567582,0.0324214727302826,0.0793114744275408,0.1749335964284433,1,1,-1
2021-03-24,0,23.89999961853028,23.90999984741211,22.934999465942383,22.950000762939453,21.15744972229004,11088800,33.246039028193444,-0.0353164555074842,0.005133233968958,-0.1279465036295259,0.0324264397211841,0.0792722406469645,0.1749274094062681,-1,0,-1
2021-03-25,0,22.90250015258789,23.364999771118164,22.395000457763672,23.19499969482422,21.38330841064453,10433200,30.70714937557924,0.0106185606682141,-0.0148707569132688,-0.1284800049839464,0.0324116070663845,0.0792369670962183,0.1749215883821248,1,-1,-1
2021-03-26,0,23.162500381469727,23.46999931335449,22.700000762939453,22.940000534057617,21.14822578430176,8216800,30.457177970106464,-0.0110546221670076,0.003384038978886,-0.144922803220264,0.0323981121760323,0.0791979868544231,0.174932386864111,-1,0,-1
2021-03-29,0,22.71249961853028,23.0674991607666,22.63999938964844,22.92250061035156,21.13209342956543,7636400,28.39515063056916,-0.0007631141779043,-0.0201895962985091,-0.1252081065470018,0.0323822301751987,0.079164689948489,0.1749230803390112,0,-1,-1
2021-03-30,0,22.95249938964844,24.5049991607666,22.802499771118164,24.354999542236328,22.45270729064941,16717200,30.2676600470592,0.060618298400148,0.033929805141967,-0.0492689023932869,0.0324188988503331,0.0791288777773735,0.1748580445315133,1,1,-1
2021-03-31,0,24.350000381469727,24.352500915527344,23.75,24.262500762939453,22.36742782592773,16062400,30.99166369192432,-0.0038054132327822,0.0202972539831835,-0.0566832186527839,0.0324034212063706,0.0790903130429275,0.1747970310633926,-1,1,-1
2021-04-01,0,24.309999465942383,24.457500457763672,23.3799991607666,23.637500762939453,21.791248321533203,13825200,31.61580534981278,-0.0260973496454792,0.0295163598451886,-0.0787807651274021,0.0323993005112667,0.0790534424396838,0.1747497238007677,-1,1,-1
2021-04-05,0,24.030000686645508,24.717500686645508,23.88249969482422,24.612499237060547,22.690092086791992,13157200,31.85820282328732,0.0404199212077816,0.059317720384756,-0.024878384184122,0.0324059878151835,0.07902916348578,0.1746740763516379,1,1,-1
2021-04-06,0,24.940000534057617,25.545000076293945,24.450000762939453,24.655000686645508,22.729272842407227,20317200,35.234242771017435,0.0017252889993143,0.072097631551078,0.0037588540726232,0.0323900831910406,0.0790136546057174,0.1745902601833336,0,1,0
2021-04-07,0,24.592500686645508,25.06999969482422,24.395000457763672,24.700000762939453,22.77075958251953,10822800,33.00801434103332,0.0018235921777737,0.0746843379067562,0.0182835791554474,0.0323742018059805,0.0790001440333175,0.1745041742900581,0,1,1
2021-04-08,0,24.799999237060547,25.012500762939453,24.450000762939453,24.9424991607666,22.99431800842285,13414000,33.86752200248843,0.0097699038615743,0.0238359433681827,0.0988445580893747,0.0323592976795438,0.0789623031772942,0.1744269133960847,1,1,1
2021-04-09,0,24.75749969482422,24.927499771118164,24.520000457763672,24.637500762939453,22.7131404876709,9830000,33.86954563238355,-0.0123035091848591,0.0153378474161057,0.1010293335192957,0.0323464828529665,0.078923595954504,0.1743505051723369,-1,1,1
2021-04-12,0,24.7450008392334,24.94499969482422,24.67250061035156,24.8125,22.87447166442871,8166400,34.02124241211397,0.0070778811457929,0.048513078207378,0.0870021972899088,0.0323310867728302,0.0788936278528106,0.1742698466000754,1,1,1
2021-04-13,0,24.75749969482422,24.877500534057617,24.5,24.64999961853028,22.72466468811035,10678800,34.96763761209041,-0.0065706295018381,0.0015225274977581,0.0566455125140968,0.0323163604547605,0.0788554565149604,0.174183754200118,-1,0,1
2021-04-14,0,24.707500457763672,25.3075008392334,24.575000762939453,24.895000457763672,22.95052719116211,12500800,33.93803993037055,0.0098900227791654,0.0096872612776093,0.0556472148581932,0.0323015756543851,0.078816801764144,0.1740976965452381,1,1,1
2021-04-15,0,24.912500381469727,25.06999969482422,24.537500381469727,24.8075008392334,22.86986351013184,8101200,31.912506156728547,-0.0035208675929939,0.0043428015068416,0.06269281902143,0.032286261335063,0.0787784625993787,0.1740125413503249,-1,0,1
2021-04-16,0,24.9424991607666,25.600000381469727,24.459999084472656,25.46500015258789,23.47600746154785,10354000,31.23503062316101,0.0261589005911211,0.0207317982363884,0.1091200982969792,0.0322794657008001,0.0787405109795207,0.1739396963655893,1,1,1
2021-04-19,0,25.229999542236328,25.72249984741211,24.825000762939453,24.9375,22.989707946777344,12361200,31.06789382172139,-0.0209323053283703,0.012103002092877,0.0575652414181675,0.0322715735839087,0.0787020252009567,0.1738541894741153,-1,1,1
2021-04-20,0,24.959999084472656,25.082500457763672,24.477500915527344,24.575000762939453,22.6555233001709,7760800,27.73893874813344,-0.0146429586913475,-0.0096178377442634,0.0722317007859829,0.032259968260062,0.0786662021998432,0.1737708894361406,-1,-1,1
2021-04-22,0,24.717500686645508,25.030000686645508,24.247499465942383,24.397499084472656,22.491886138916016,11532400,27.889596076970957,-0.0072490483889998,-0.010296256631425,0.0421721312974921,0.0322455374353814,0.078630603105416,0.1736847704284851,-1,-1,1
2021-04-23,0,24.475000381469727,25.302499771118164,24.3799991607666,24.84000015258789,22.899826049804688,12258400,27.56678702274947,0.0179746863283517,-0.002211593082239,0.0536479206661719,0.0322338296424367,0.0785933360187402,0.1735992928772314,1,0,1
2021-04-26,0,25.00749969482422,25.717500686645508,25.0,25.459999084472656,23.471399307250977,13508000,28.658489490633706,0.0246533147341669,0.0259625892449218,0.0684740974743375,0.0322260453146586,0.0785564745132793,0.1735157137800736,1,1,1
2021-04-27,0,25.5,26.809999465942383,25.38999938964844,26.15999984741211,24.1167221069336,27266800,34.13884366584987,0.027122834055852,0.0269265227096526,0.1309133870376739,0.0322200420356475,0.0785198504260975,0.1734534344420388,1,1,1
2021-04-28,0,26.217500686645508,26.792499542236328,26.19750022888184,26.607500076293945,24.52927017211914,13180800,35.07760503250797,0.0169616421233091,0.0648204701613324,0.1372564684927689,0.0322078791711733,0.0784996724592282,0.1733945970543454,1,1,1
2021-04-29,0,26.799999237060547,26.809999465942383,26.26000022888184,26.5575008392334,24.483179092407227,14320800,35.81934978219134,-0.0018807912679467,0.0775826375847331,0.14643029939183,0.0321925274021355,0.0784889968823939,0.1733410986332446,0,1,1
2021-04-30,0,26.354999542236328,27.03499984741211,25.96999931335449,26.75,24.6606388092041,13271600,37.47250882445836,0.00722208797405,0.092053773947783,0.1544155015437844,0.0321774158998459,0.0784914739810675,0.1732926167516095,1,1,1
2021-05-03,0,27.372499465942383,28.01499938964844,27.15250015258789,27.97249984741211,25.787654876708984,22199200,41.30696520803283,0.0446874821900012,0.1187665698094328,0.1384846853336376,0.0321893370704422,0.0785249348601757,0.1732345640458001,1,1,1
2021-05-04,0,27.975000381469727,27.99250030517578,26.677499771118164,26.887500762939453,24.787403106689453,17109200,42.935672082384365,-0.0395602993826738,0.0545529556925921,0.102729799183746,0.032199549162351,0.0784984989904916,0.1731603244260017,-1,1,1
2021-05-05,0,27.1299991607666,27.674999237060547,26.84749984741211,27.5,25.3520622253418,12571600,44.59905422947466,0.022524491960849,0.0499546135975891,0.1513516407900745,0.0321904178921871,0.07846976070734,0.1731099894683583,1,1,1
2021-05-06,0,27.5,28.287500381469727,27.325000762939453,27.94499969482422,25.762300491333008,18157200,47.02485601830459,0.0160521251959359,0.0490450966702159,0.1269838447782288,0.0321779291119545,0.0784406218272668,0.1730460862226422,1,1,1
2021-05-07,0,28.04750061035156,28.6825008392334,27.897499084472656,27.975000381469727,25.78995704650879,14023200,47.96710084753452,0.0010729523458299,0.0519988402839924,0.1263315081247444,0.0321624805601309,0.0784129358592301,0.1729819265813829,0,1,1
2021-05-10,0,28.46500015258789,28.540000915527344,27.604999542236328,28.082500457763672,25.889062881469727,14956800,48.78389589914489,0.0038354425680432,0.0486121948779856,0.1283433585150137,0.0321470991213701,0.0783836524397686,0.172918812064053,1,1,1
2021-05-11,0,27.72249984741211,28.247499465942383,27.075000762939453,27.5674991607666,25.414287567138672,22893200,47.901846570661824,-0.018509078427927,-0.0145843657399425,0.1000643762255122,0.0321378992462887,0.0783500288269576,0.1728440517593854,-1,-1,1
2021-05-12,0,27.20249938964844,27.875,26.927499771118164,26.95499992370605,24.849624633789062,19531200,49.78799608815943,-0.0224688713740022,0.002507062268729,0.0898990140363693,0.0321313419647339,0.0783127964200856,0.1727662888013192,-1,0,1
2021-05-13,0,27.3799991607666,28.4325008392334,27.27499961853028,28.002500534057617,25.815309524536133,19929200,51.695473755352495,0.0381250612153512,0.0181076315232309,0.1209461941059275,0.0321355240728915,0.0782754170249667,0.1726999072559056,1,1,1
2021-05-14,0,28.512500762939453,28.68000030517578,27.674999237060547,28.075000762939453,25.88214874267578,18600800,53.48983411323486,0.0025857849736569,0.0046412913009522,0.1301026085814229,0.0321201661805955,0.0782380884645755,0.1726379537202247,0,0,1
2021-05-17,0,28.25,29.225000381469727,27.934999465942383,28.967500686645508,26.70494079589844,17626400,52.30533202167567,0.0312951034849157,0.0348634424400379,0.151507689287173,0.0321176582551347,0.0782039258038463,0.1725880736457634,1,1,1
2021-05-18,0,29.165000915527344,29.200000762939453,28.55500030517578,28.600000381469727,26.36614418029785,10891200,50.71129844974335,-0.0127678270839536,0.018260172788041,0.1422607297962133,0.0321055393769407,0.0781667174041432,0.1725327101391266,-1,1,1
2021-05-19,0,28.262500762939453,29.122499465942383,28.25,28.915000915527344,26.656538009643555,15608800,51.844664852553095,0.0109536794773525,0.0477229306933209,0.1270555086824448,0.0320914443641097,0.078137360036274,0.1724693991308048,1,1,1
2021-05-20,0,29.190000534057617,30.0625,29.030000686645508,29.82749938964844,27.497764587402344,20151600,52.84988951016378,0.0310702644219183,0.1012620664892414,0.1790580784327336,0.032088754003399,0.0781493558747084,0.1724387906715705,1,1,1
2021-05-21,0,29.82749938964844,29.920000076293945,29.207500457763672,29.655000686645508,27.338741302490234,11086400,52.16808682642623,-0.0057999220816317,0.0573370831922585,0.1879011150424495,0.0320743755016476,0.0781248337108016,0.172415185783422,-1,1,1
2021-05-24,0,29.77750015258789,30.88249969482422,29.739999771118164,30.64249992370605,28.249107360839844,19749600,54.1550868463642,0.0327570676908068,0.0875083659094083,0.2279072311222561,0.0320731842585522,0.0781227635439432,0.1724288428318044,1,1,1
2021-05-25,0,30.79750061035156,31.40250015258789,30.450000762939453,30.45249938964844,28.07394790649414,18743600,53.5077643923275,-0.0062198337147613,0.0499934287097313,0.2037127110791432,0.0320589451713333,0.0780944711585054,0.1724186797835433,-1,1,1
2021-05-26,0,30.25,31.200000762939453,30.174999237060547,30.25,27.887266159057617,24307600,55.74898440993121,-0.0066718509611667,0.0560894048325181,0.1723875453838096,0.0320448374100486,0.0780692831995178,0.1723827619636011,-1,1,1
2021-05-27,0,30.46999931335449,31.045000076293945,30.287500381469727,30.674999237060547,28.27906990051269,15636800,54.90752886338157,0.0139517769672575,0.0590875023224229,0.1592164882952148,0.0320317724039459,0.0780457895816357,0.1723376961930773,1,1,1
2021-05-28,0,30.872499465942383,30.98500061035156,30.332500457763672,30.73500061035156,28.334386825561523,10524000,52.77447550328765,0.0019541976714327,0.0299714355719373,0.1442090438433385,0.0320166022571254,0.0780106760785218,0.1722834432830874,0,1,1
2021-05-31,0,31.25,31.4424991607666,30.8125,31.012500762939453,28.590208053588867,13231200,51.69851485072261,0.0089881342435954,0.0447594918971644,0.1550779693548808,0.0320021807266997,0.077980221335618,0.172235740649792,1,1,1
2021-06-01,0,31.44750022888184,31.44750022888184,29.90250015258789,30.5,28.117738723754883,17543600,54.09802675740885,-0.0166636349734221,-0.0046612107670644,0.1311922464074086,0.0319921822376588,0.0779448322384359,0.1721746172442805,-1,0,1
2021-06-02,0,30.549999237060547,30.84499931335449,30.0,30.325000762939453,27.95640754699707,15822800,54.40385777683869,-0.0057542248127334,-0.0041956018650366,0.0807505394046738,0.0319779516702276,0.077909399353867,0.1720957057009948,-1,0,1
2021-06-04,0,30.125,30.71500015258789,30.049999237060547,30.5625,28.175355911254883,12745600,52.133737854235925,0.0078012683442158,0.0102775174403459,0.1281121071315634,0.0319633684216187,0.077872480077738,0.1720332289912179,1,1,1
2021-06-07,0,30.417499542236328,30.69750022888184,29.799999237060547,30.372499465942383,28.00019645690918,12547200,52.695247260972245,-0.0062361655424934,-0.0099104250694049,0.0993514496282207,0.0319492916320233,0.077838453479002,0.1719594211791623,-1,-1,1
2021-06-08,0,30.61000061035156,30.905000686645508,30.13999938964844,30.875,28.46344566345215,18486800,52.32610748487214,0.0164091292598698,0.0045445065190321,0.0997084536921549,0.0319373249098023,0.0778019386396421,0.1718858193456394,1,0,1
2021-06-09,0,30.89999961853028,30.924999237060547,30.092500686645508,30.364999771118164,27.9932804107666,15836000,51.3610142916751,-0.0166561596842921,-0.0210997874088554,0.0819793416620326,0.031927402863416,0.0777717055302039,0.1718075714918904,-1,-1,1
2021-06-10,0,30.4950008392334,30.6299991607666,30.037500381469727,30.20249938964844,27.84347152709961,11153200,47.08497165972206,-0.0053659726946772,-0.0098021251301105,0.0727779263993122,0.0319131826181581,0.0777377829885802,0.1717276648556878,-1,-1,1
2021-06-11,0,30.200000762939453,30.237499237060547,29.225000381469727,29.56999969482422,27.260377883911133,12352400,45.8572849269498,-0.0211642349649276,-0.0252121352823046,0.0701227698623117,0.0319060447844897,0.0777093597362837,0.1716474485470311,-1,-1,1
2021-06-14,0,29.58749961853028,29.862499237060547,29.3799991607666,29.614999771118164,27.301862716674805,11794000,46.13442117056285,0.0015206428585411,-0.0314927607679793,0.094112284094855,0.0318910782866655,0.0776840091800143,0.171572568067495,0,-1,1
2021-06-15,0,29.71500015258789,30.72249984741211,29.52499961853028,30.50749969482422,28.12465476989746,15917600,46.94223374327755,0.0296916543578686,0.0044350591323827,0.0856788772373725,0.0318874576335447,0.077647737559831,0.1714955858929508,1,0,1
2021-06-16,0,30.50749969482422,31.0,30.25,30.612499237060547,28.221450805664062,21526000,48.27172634680231,0.0034357700500159,-0.0085383000774712,0.0865288623137313,0.0318725582059396,0.0776136610493303,0.1714189099919925,1,-1,1
2021-06-17,0,30.604999542236328,30.8799991607666,30.200000762939453,30.57749938964844,28.189186096191406,9399600,46.20684235066143,-0.0011439230174673,0.0069739365893535,0.0540898358113483,0.0318577870643007,0.0775773082286927,0.1713374382857675,0,0,1
2021-06-18,0,30.40250015258789,30.747499465942383,30.3125,30.537500381469727,28.15230941772461,7946800,44.63076656713288,-0.0013090417070539,0.0110308675769768,0.0655486211882479,0.0318430517817246,0.0775408801924119,0.1712571428393726,0,1,1
2021-06-21,0,30.64249992370605,30.7450008392334,30.207500457763672,30.7450008392334,28.34360313415528,9664000,43.72962597229383,0.0067719747799298,0.0389670773218341,0.0613669164908251,0.0318285244808358,0.077509038366332,0.1711764893372001,1,1,1
2021-06-22,0,30.73500061035156,30.73500061035156,29.825000762939453,30.232500076293945,27.87113380432129,13732000,42.05948490389263,-0.0168098431485247,0.0206365913147682,0.0134868089203821,0.0318188267799474,0.0774732023260841,0.1710974907695994,-1,1,0
2021-06-23,0,30.19499969482422,30.467500686645508,30.037500381469727,30.302499771118164,27.935665130615234,8837200,39.77287687925654,0.0023126700075028,-0.0067423930355974,0.0215994010095164,0.0318039984662285,0.0774389575692225,0.1710174458699235,0,0,1
2021-06-24,0,30.475000381469727,30.68000030517578,30.0575008392334,30.100000381469727,27.748979568481445,9624000,39.26664105828148,-0.0067051253562091,-0.0168832884418226,-0.0178627920374995,0.0317902788832582,0.0774076235123395,0.170946559567221,-1,-1,-1
2021-06-25,0,29.975000381469727,30.22249984741211,29.332500457763672,29.5674991607666,27.25806999206543,11456000,38.98187349551692,-0.0178494434450021,-0.0335888088693573,-0.0294924017677403,0.0317812036274051,0.0773837443931273,0.1708800675620004,-1,-1,-1
2021-06-28,0,29.872499465942383,30.79750061035156,29.752500534057617,30.489999771118164,28.108516693115234,18452400,41.27130905042457,0.0307229918185645,-0.0015567753437386,0.0079024410119911,0.031778570467018,0.0773486406244274,0.1708024861073361,1,0,0
2021-06-29,0,30.575000762939453,30.674999237060547,30.0,30.674999237060547,28.27906990051269,8230800,38.76947087596992,0.0060493359552663,-0.0022794141684023,0.0,0.0317640618655978,0.0773137015047613,0.1707267204553893,1,0,0
2021-06-30,0,30.625,30.625,30.104999542236328,30.51499938964844,28.13156509399414,46547200,46.94081935299938,-0.0052296926888674,0.009300736291255,-0.0071838903603002,0.0317500739813804,0.0772776952859505,0.1706529076199523,-1,1,0
2021-07-01,0,30.489999771118164,31.14999961853028,29.700000762939453,30.09000015258789,27.73976707458496,9616900,46.961813656153325,-0.0140252407323796,-0.0070371744486275,-0.0301972653362755,0.0317390687825409,0.077243778413236,0.1705870385594105,-1,0,-1
2021-07-02,0,30.5,31.799999237060547,30.31999969482422,31.459999084472656,29.00275421142578,13466300,48.9039726522,0.0445237801676955,0.0441917310752772,0.0309901498048422,0.0317508366120302,0.0772142834868201,0.1705068673745911,1,1,1
2021-07-05,0,31.71999931335449,31.959999084472656,31.100000381469727,31.40999984741211,28.9566593170166,6827100,48.01667208722828,-0.0015905924964143,0.0604505820238649,0.0351537821211613,0.031736329794593,0.077192802260002,0.1704265841231567,0,1,1
2021-07-06,0,31.36000061035156,31.670000076293945,30.43000030517578,30.71999931335449,28.320554733276367,6344000,45.65285823024348,-0.022212349115118,0.0075152410901822,0.0051401646618275,0.0317301537455911,0.0771570550307232,0.1703501783502404,-1,0,0
2021-07-07,0,31.09000015258789,31.200000762939453,30.31999969482422,30.96999931335449,28.55102729797364,10997100,46.43402705599512,0.008105061197461,0.0095709663323772,0.0194813914017822,0.03171605688395,0.0771212831321476,0.1702714590961046,1,1,1
2021-07-08,0,30.31999969482422,30.600000381469727,29.450000762939453,30.43000030517578,28.053205490112305,9935900,46.56996577537476,-0.0175900147086892,-0.0027893556874445,-0.0145177525667769,0.0317069623099006,0.0770867720569584,0.1702004144420009,-1,0,0
2021-07-12,0,30.790000915527344,30.950000762939453,30.32999992370605,30.709999084472656,28.31133460998535,5903000,44.88032589617392,0.0091593375559983,0.0203952226009336,0.0112977446735135,0.0316931106129969,0.0770515467231094,0.1701231398522736,1,1,0
2021-07-13,0,30.600000381469727,31.350000381469727,30.25,31.14999961853028,28.71696662902832,5963400,40.83605238627316,0.0142258791176793,-0.0099026784490826,0.0308895964858701,0.03168071511316,0.0770186590401858,0.1700436355125332,1,-1,1
2021-07-14,0,31.51000022888184,31.89999961853028,31.299999237060547,31.690000534057617,29.21479034423828,8635400,41.06330672315043,0.0171869798397237,0.0088748938870556,0.0692408112905214,0.031669517537371,0.076983102002539,0.1699658034439009,1,1,1
2021-07-15,0,31.690000534057617,32.45000076293945,31.46999931335449,32.189998626708984,29.675737380981445,11500000,29.79286734230324,0.0156546890705105,0.046741932072684,0.0833748575024907,0.0316576869309435,0.0769549880037432,0.1698906953696669,1,1,1
2021-07-16,0,32.20000076293945,32.20000076293945,31.520000457763672,31.68000030517578,29.2055721282959,6575600,28.922983519908158,-0.0159702713650648,0.022666599510158,0.0377129317795573,0.0316478064575539,0.0769202238784973,0.1698112097025958,-1,1,1
2021-07-19,0,31.11000061035156,31.479999542236328,30.6299991607666,31.15999984741211,28.726184844970703,10286900,27.81643996301116,-0.0165504466298741,0.023706167588973,0.0177267150996673,0.0316382384110954,0.0768856515030022,0.1697334886893912,-1,1,1
2021-07-20,0,31.239999771118164,31.68000030517578,30.8700008392334,31.600000381469727,29.13182258605957,3843700,26.818626937337108,0.0140220655842094,0.028568895617184,0.0328927037013441,0.0316258550631618,0.0768519733570884,0.1696544211340762,1,1,1
2021-07-21,0,31.600000381469727,31.93000030517578,31.31999969482422,31.850000381469727,29.36229515075684,3619100,25.96417767808897,0.007880237065639,0.0222232535651439,0.0420819824740375,0.031611882783519,0.0768172910872898,0.1695751999764863,1,1,1
2021-07-22,0,31.61000061035156,31.959999084472656,31.5,31.65999984741211,29.187131881713867,3671700,23.55669525254419,-0.0059834502407824,-0.0009471765153621,0.0293265574533251,0.0315983262652571,0.0767829223425147,0.1694965809832682,-1,0,1
2021-07-23,0,31.790000915527344,32.029998779296875,31.40999984741211,31.68000030517578,29.2055721282959,4046600,21.68773946252887,0.0006315942208079,-0.0159702713650648,0.0467679948226576,0.0315839057551705,0.0767521997186008,0.1694176255571716,0,-1,1
2021-07-26,0,31.700000762939453,32.72999954223633,31.520000457763672,32.27000045776367,29.74949073791504,8295000,22.614940962428783,0.0184524964111324,0.0184524964111324,0.0629078212262872,0.0315734250257595,0.0767172677201977,0.1693398564809071,1,1,1
2021-07-27,0,32.209999084472656,32.209999084472656,31.13999938964844,31.670000076293945,29.196352005004883,10174700,24.079523778014558,-0.0187682436576297,0.0162346993833769,0.0508447029248668,0.0315652139448325,0.0766822304489238,0.1692612566867644,-1,1,1
2021-07-28,0,31.8700008392334,31.96999931335449,30.780000686645508,31.020000457763672,28.597124099731445,9136600,24.18428135425622,-0.0207376133179454,-0.0185249795187781,0.0479565330519233,0.0315582366053779,0.0766525183347204,0.1691826604533601,-1,-1,1
2021-07-29,0,31.14999961853028,31.5,30.309999465942383,30.64999961853028,28.25602531433105,13759300,24.737366297728528,-0.0119994365028867,-0.0384046530873041,0.0052341047304719,0.0315466513424623,0.0766323275471102,0.1691079552818265,-1,-1,0
2021-07-30,0,30.290000915527344,30.920000076293945,28.799999237060547,29.14999961853028,26.87318229675293,16747000,27.740734573183737,-0.0501778716225983,-0.0825990744691199,-0.0509931028473927,0.031571357294281,0.0766500637134252,0.169053563671093,-1,-1,-1
2021-08-02,0,29.89999961853028,30.31999969482422,29.15999984741211,29.540000915527344,27.23272132873535,14655600,28.94683219536725,0.0132903916254903,-0.0699402770644374,-0.0324730185330348,0.0315588881399019,0.0766544564080112,0.1689906524373522,1,-1,-1
2021-08-03,0,29.549999237060547,30.1299991607666,28.36000061035156,30.0,27.65679168701172,14106800,32.185042201507734,0.0154520881231366,-0.0729406853524331,-0.0029956896775183,0.0315472114782711,0.0766617225769286,0.1689180758370497,1,-1,0
2021-08-04,0,29.89999961853028,30.059999465942383,29.39999961853028,29.81999969482422,27.49084854125977,8701600,33.732693678760825,-0.0060181594683724,-0.0601906011631758,-0.0535376293135863,0.0315337888495373,0.0766571091767801,0.1688651681360157,-1,-1,-1
2021-08-05,0,30.0,30.479999542236328,29.34000015258789,29.71999931335449,27.39866065979004,10883200,35.95632647600093,-0.0033590378012941,-0.0428120256465246,-0.0553060746184661,0.0315198826934932,0.0766395128963897,0.1688132317586964,-1,-1,-1
2021-08-06,0,29.81999969482422,30.21999931335449,29.1200008392334,30.06999969482422,27.88071250915528,7906300,37.14661025487665,0.0174410106784899,-0.0133715784651479,-0.0156527148248582,0.0315090919723025,0.0766082048819636,0.1687444627350624,1,-1,0
2021-08-09,0,30.18000030517578,31.770000457763672,29.979999542236328,31.299999237060547,29.02116203308105,15961800,39.666379191318754,0.0400901472968576,0.0768964404543079,0.0163323712745381,0.0315157912112543,0.0765990243836924,0.1686684481452235,1,1,0
2021-08-10,0,32.25,32.650001525878906,30.86000061035156,31.09000015258789,28.826454162597656,19797700,42.85172228347678,-0.0067317762972014,0.0568742725316162,0.0271906096860258,0.0315026100216626,0.0765765988524552,0.1685913215082062,-1,1,1
2021-08-11,0,31.39999961853028,31.5,30.07999992370605,30.350000381469727,28.140331268310547,12762700,43.990973597949264,-0.0240896890806024,0.0173324953278768,-0.006058416950575,0.0314980550532936,0.0765420672511597,0.1685200476224256,-1,1,0
2021-08-12,0,30.200000762939453,30.459999084472656,29.350000381469727,29.46999931335449,27.32439994812012,17929700,45.16827956558661,-0.0294237497584304,-0.0060730949621809,-0.0497080458266847,0.0314978625529923,0.0765091353080785,0.1684655500116802,-1,0,-1
2021-08-13,0,29.729999542236328,29.780000686645508,28.57999992370605,29.690000534057617,27.52838134765625,20168000,46.39228942942879,0.0074374474729088,0.0047233903120219,-0.0594575781934996,0.031484105609833,0.0764747261834825,0.1684162322617879,1,0,-1
2021-08-16,0,29.57999992370605,29.600000381469727,28.049999237060547,28.21999931335449,26.165403366088867,17327000,47.02387982869725,-0.0507794655299581,-0.0634970858964261,-0.1258917327939683,0.0315095085378737,0.0764731173373934,0.1684156864364362,-1,-1,-1
2021-08-17,0,28.229999542236328,28.43000030517578,26.729999542236328,28.030000686645508,25.989240646362305,26222100,50.41538668072665,-0.0067554248717476,-0.1103426580650313,-0.1166768863006512,0.0314963705371109,0.0765256994481104,0.1684068192806485,-1,-1,-1
2021-08-18,0,28.11000061035156,28.530000686645508,27.299999237060547,27.5,25.497827529907227,19078100,53.29343714042102,-0.0190893774505742,-0.122700259218404,-0.1192158171213512,0.0314884291428288,0.0765965690776252,0.1684000470403285,-1,-1,-1
2021-08-19,0,27.0,28.6299991607666,26.920000076293945,28.38999938964844,26.323028564453125,15120400,54.45554534228446,0.0318509132464158,-0.0667596568913858,-0.101386969459145,0.0314871748481465,0.0765975164270599,0.1683784471701072,1,-1,-1
2021-08-20,0,28.190000534057617,28.700000762939453,27.700000762939453,28.32999992370605,26.267396926879883,9256600,54.71995139613382,-0.0021156572818767,-0.0394515644148322,-0.111382863806661,0.0314732581360121,0.0765778558763795,0.1683648045549288,0,-1,-1
2021-08-23,0,28.489999771118164,28.790000915527344,27.71999931335449,27.96999931335449,25.933609008789062,9052700,52.0604583665927,-0.0127887369753306,-0.0596777488630716,-0.1181881505412092,0.0314621726728554,0.0765725519949153,0.168356831663944,-1,-1,-1
2021-08-24,0,28.299999237060547,29.190000534057617,28.299999237060547,28.65999984741211,26.57336807250977,13065500,49.45867693462227,0.0243697413515797,0.0154714580184661,-0.0944500034104374,0.0314553312010788,0.0765382148956296,0.1683297743681505,1,1,-1
2021-08-25,0,28.670000076293945,28.799999237060547,27.790000915527344,28.76000022888184,26.666091918945312,14538900,49.79101389017159,0.0034832787636737,0.0257101616538874,-0.1094192210578961,0.0314412876954649,0.0765051084477923,0.1683142613297961,1,1,-1
2021-08-26,0,28.6299991607666,29.200000762939453,27.8799991607666,28.030000686645508,25.989240646362305,13035000,48.03150639308406,-0.0257101616538875,0.0190893774505741,-0.1163611390541539,0.0314379889404068,0.0764711397001312,0.1683044401496223,-1,1,-1
2021-08-27,0,28.39999961853028,29.209999084472656,28.229999542236328,29.209999084472656,27.083328247070312,6838500,43.72456468904407,0.0412357136611752,0.0284741778653336,-0.0543878120750332,0.0314460413954834,0.0764386499258479,0.1682522522717554,1,1,-1
2021-08-30,0,29.270000457763672,29.31999969482422,28.57999992370605,28.739999771118164,26.64754676818848,7999900,40.928530315442345,-0.0162212520931006,0.0143685830541097,-0.0586096276652471,0.0314366183432044,0.0764044404649304,0.1682023155556375,-1,1,-1
2021-08-31,0,28.75,29.38999938964844,28.13999938964844,28.43000030517578,26.360116958618164,11702200,36.58622290667418,-0.0108449460503,0.0163123739791402,-0.0192767020929487,0.0314248625113849,0.0763703808085998,0.1681355143440448,-1,1,-1
2021-09-01,0,28.36000061035156,28.489999771118164,27.700000762939453,27.96999931335449,25.933609008789062,11119500,34.2803746672487,-0.0163123739791403,-0.0243697413515795,-0.0488794676975796,0.0314155014730536,0.0763434277626023,0.1680807112831214,-1,-1,-1
2021-09-02,0,27.96999931335449,28.170000076293945,27.31999969482422,27.6299991607666,25.618364334106445,10825300,32.87545297007284,-0.0122303215095532,-0.0400833416248066,-0.0765618773302696,0.0314042902618099,0.0763244086009035,0.1680413568212469,-1,-1,-1
2021-09-03,0,27.790000915527344,28.049999237060547,26.86000061035156,27.479999542236328,25.47928047180176,11471400,33.44744372034521,-0.0054438597441844,-0.0198170397151036,-0.0759875776060817,0.0313910528900087,0.0762957494666306,0.1680016366593268,-1,-1,-1
2021-09-06,0,27.25,28.21999931335449,27.25,27.940000534057617,25.90579414367676,5798100,32.463032009484145,0.016601064431781,-0.0444516889444977,-0.0560274753730064,0.0313802160749692,0.0762794568202546,0.1679504889931758,1,-1,-1
2021-09-08,0,27.88999938964844,27.88999938964844,26.39999961853028,26.57999992370605,24.64480972290039,12824400,32.10054036874231,-0.0499003363873874,-0.0781307732387845,-0.1233688224388837,0.0314040202290057,0.0762914615500926,0.1679464471798794,-1,-1,-1
2021-09-09,0,26.51000022888184,28.31999969482422,26.450000762939453,27.600000381469727,25.590547561645508,14652700,31.95240939057381,0.0376567280185912,-0.0296290991698933,-0.1258022417171501,0.0314083107525312,0.0762668821952312,0.1679444366978778,1,-1,-1
2021-09-10,0,28.18000030517578,28.290000915527344,26.75,26.93000030517578,24.969327926635746,9621300,30.805402487836734,-0.0245748587313339,-0.0378915839220868,-0.1436453241512826,0.0314041650801049,0.0762465908443235,0.1679590336041388,-1,-1,-1
2021-09-13,0,27.14999961853028,28.06999969482422,27.14999961853028,27.559999465942383,25.553455352783203,11983500,32.214075473984465,0.0231243576656382,-0.0025369047468952,-0.0964312774050418,0.0313967031964774,0.0762136529238375,0.1679329575722101,1,0,-1
2021-09-14,0,27.75,28.239999771118164,27.46999931335449,27.6299991607666,25.618364334106445,5975200,31.51442313631271,0.0025369047468952,0.0054438597441844,-0.0644706228997162,0.031382816440982,0.0761799194503004,0.1678862567387344,0,0,-1
2021-09-15,0,27.479999542236328,27.850000381469727,26.809999465942383,27.5,25.497827529907227,8380200,30.41092870492817,-0.004716197479655,-0.0158734021672516,-0.07662426785228,0.0313695287755286,0.0761501237350275,0.1678467440054717,-1,-1,-1
2021-09-16,0,27.15999984741211,27.479999542236328,27.020000457763672,27.34000015258789,25.349475860595703,7521000,29.27343242622112,-0.005835199916674,0.0281917343034617,-0.0316800022389959,0.0313564791452217,0.0761181680721302,0.167784707422108,-1,1,-1
2021-09-17,0,27.049999237060547,27.299999237060547,26.520000457763672,26.799999237060547,24.84879302978516,6384700,27.89195380089429,-0.0199488725797228,-0.0294138662948523,-0.0448734499469711,0.0313492556263513,0.0760936696804222,0.1677282165862382,-1,-1,-1
2021-09-20,0,25.600000381469727,26.07999992370605,25.290000915527344,25.770000457763672,23.893783569335938,13515600,28.24881543437436,-0.0391908577293669,-0.0440298652928853,-0.0649749302257638,0.0313589529773827,0.0760772049650532,0.1676819038736267,-1,-1,-1
2021-09-21,0,25.850000381469727,26.57999992370605,25.799999237060547,26.239999771118164,24.32956314086914,8310800,28.854070297025917,0.0180738776558678,-0.0490803453026557,-0.0787519658163118,0.0313489064249628,0.0760640771482611,0.1676437890009116,1,-1,-1
2021-09-22,0,26.670000076293945,27.739999771118164,26.3700008392334,27.239999771118164,25.256755828857425,11180600,28.462129806044068,0.0374014764531416,-0.0142157735964093,-0.0392348320812933,0.0313529877834919,0.0760339383332241,0.1675849620179418,1,-1,-1
2021-09-23,0,27.200000762939453,27.56999969482422,26.81999969482422,27.020000457763672,25.05277442932129,8480300,26.57029965068886,-0.0081091004532882,-0.0176086765700425,-0.0345551955592509,0.0313405547658006,0.0760048671562722,0.1675242942018726,-1,-1,-1
2021-09-24,0,26.86000061035156,26.90999984741211,26.21999931335449,26.770000457763672,24.82097816467285,9170000,26.423286229957576,-0.0092953877181808,-0.0210688643715492,-0.0682203246290113,0.0313284828798574,0.0759770172694483,0.1674799158548499,-1,-1,-1
2021-09-27,0,26.780000686645508,27.229999542236328,26.39999961853028,26.82999992370605,24.876605987548828,7141800,24.926775598693204,0.0022386539328546,0.0011186621410281,-0.0694649494598302,0.0313147311008317,0.0759439929361468,0.1674362653551319,0,0,-1
2021-09-28,0,26.39999961853028,26.57999992370605,25.309999465942383,25.63999938964844,23.77324485778809,9756900,25.84499153033897,-0.0453670605839936,-0.0050575407135983,-0.0891218483899364,0.0313320103679442,0.0759118854908949,0.1674049942673298,-1,0,-1
2021-09-29,0,25.88999938964844,26.170000076293945,25.549999237060547,25.920000076293945,24.032861709594727,9032000,25.884429937817536,0.0108613490061959,-0.0122700693632703,-0.1194962130449157,0.0313194576962815,0.0758813971714337,0.1673968232158245,1,-1,-1
2021-09-30,0,26.0,26.1299991607666,24.90999984741211,25.0,23.17984390258789,12621200,27.070686294732557,-0.0361390279494155,-0.0858105737658276,-0.1394139889012307,0.0313257219817366,0.0759013981807281,0.1674063506945562,-1,-1,-1
2021-10-01,0,25.190000534057617,26.32999992370605,25.190000534057617,26.020000457763672,24.125581741333008,11128500,28.34920168037086,0.0399896568177968,-0.0377118164947423,-0.0885793860331336,0.0313325295468282,0.0758812759898807,0.1673745368089458,1,-1,-1
2021-10-04,0,25.350000381469727,25.46999931335449,23.8700008392334,24.71999931335449,22.92022705078125,19057900,29.674782760684707,-0.0512529625376835,-0.079669391314245,-0.1235199745916768,0.0313578763184189,0.0758945144407207,0.1673694822673057,-1,-1,-1
2021-10-05,0,24.799999237060547,24.89999961853028,24.040000915527344,24.09000015258789,22.33609390258789,13975300,30.954765276760035,-0.0258158673643895,-0.1077239126114893,-0.137105520446513,0.0313546670540158,0.0759412253602479,0.1673764577004305,-1,-1,-1
2021-10-06,0,23.75,24.31999969482422,22.920000076293945,24.299999237060547,22.530805587768555,20704900,33.09800219191299,0.0086795793681399,-0.0536772726593558,-0.1229820813341886,0.0313416790345725,0.0759312434003003,0.1673706941137578,1,-1,-1
2021-10-07,0,24.39999961853028,24.690000534057617,24.049999237060547,24.39999961853028,22.62352752685547,7656300,32.641183201575544,0.0041068957513675,-0.0604317259141842,-0.1354762500146021,0.0313280997981933,0.0759264430998855,0.1673758764297437,1,-1,-1
2021-10-08,0,24.68000030517578,26.170000076293945,24.670000076293945,25.64999961853028,23.78251838684082,16525200,34.5666198647025,0.0499603834408483,0.0256676854760798,-0.0356155301863664,0.0313469099087789,0.0758946770132601,0.167315787085146,1,1,-1
2021-10-11,0,25.39999961853028,25.489999771118164,23.959999084472656,24.100000381469727,22.34536933898925,12120300,35.65119046140931,-0.0623316780420075,-0.0766536493837246,-0.135603936246965,0.031390038083864,0.0759044980978335,0.1673209274509023,-1,-1,-1
2021-10-13,0,24.239999771118164,25.06999969482422,23.84000015258789,24.739999771118164,22.93877410888672,16570700,37.37588963394674,0.02620956007257,0.000808873226529,-0.0848195174430609,0.0313847673788612,0.0758718005880219,0.1672862837439355,1,0,-1
2021-10-14,0,24.989999771118164,25.13999938964844,24.32999992370605,24.780000686645508,22.97585868835449,9616800,37.42116617246642,0.0016153711909512,0.0282401117818698,-0.1063285039177478,0.031371130722467,0.0758406653830342,0.1672667243222549,0,1,-1
2021-10-15,0,24.71999931335449,26.030000686645508,24.63999938964844,25.950000762939453,24.06067657470703,25443600,41.141984605220586,0.046134788018676,0.0656953204324058,-0.0627306206459672,0.0313848950974963,0.0758255969483323,0.1672190892399312,1,1,-1
2021-10-18,0,25.5,25.739999771118164,24.799999237060547,25.5,23.6434383392334,12883800,41.56263835726902,-0.017493202679442,0.0440952220015961,-0.0755076258457542,0.0313763510722875,0.0757993294953704,0.1671786377221203,-1,1,-1
2021-10-19,0,25.030000686645508,25.059999465942383,23.799999237060547,24.13999938964844,22.38245391845703,14565600,40.27285367121585,-0.0548082830798735,-0.0606734445191255,-0.1244807090089535,0.0314067184588733,0.0757948312427777,0.1671735603174397,-1,-1,-1
2021-10-20,0,24.40999984741211,25.1200008392334,23.8799991607666,24.790000915527344,22.985132217407227,12715600,40.041387256358846,0.0265702368722303,0.0282284703951122,-0.0779615995570004,0.0314017090008151,0.0757638302464744,0.1671345345415024,1,1,-1
2021-10-21,0,24.01000022888184,24.38999938964844,23.170000076293945,23.229999542236328,21.538707733154297,29438600,41.99207099192348,-0.0649959054658284,-0.0629769951432863,-0.1037666472934618,0.0314491654722579,0.0757612213476357,0.1671128441319666,-1,-1,-1
2021-10-22,0,23.59000015258789,23.59000015258789,21.479999542236328,22.93000030517578,21.26054954528809,36861700,49.0987045969158,-0.0129984547399391,-0.0775908210741767,-0.1348389796892689,0.0314384843450889,0.0757719431167101,0.1671165856378618,-1,-1,-1
2021-10-25,0,23.01000022888184,23.81999969482422,23.0,23.36000061035156,21.65924644470215,17497000,48.93527733554606,0.0185792294173714,-0.1051463796754811,-0.153661226725039,0.0314288871402637,0.0758143814320552,0.1671380622341498,1,-1,-1
2021-10-26,0,22.920000076293945,23.15999984741211,22.280000686645508,22.479999542236328,20.84331512451172,13064600,48.952470907836265,-0.0383991714810882,-0.1260523484771274,-0.1839512977528391,0.0314372326356888,0.0758864405562648,0.1671919479026286,-1,-1,-1
2021-10-27,0,22.790000915527344,23.459999084472656,22.479999542236328,22.799999237060547,21.140016555786133,8549000,46.63144053246869,0.0141344842849468,-0.0571095811123069,-0.1605214257497113,0.0314258559145206,0.0758787998930985,0.1672199024060319,1,-1,-1
2021-10-28,0,22.51000022888184,23.36000061035156,22.51000022888184,22.729999542236328,21.07511138916016,9234500,46.32486394889959,-0.0030749743482004,-0.0867547923327378,-0.1658350540307665,0.0314126110934,0.0758985697938054,0.1672531679712752,0,-1,-1
2021-10-29,0,22.84000015258789,23.229999542236328,22.459999084472656,22.64999961853028,21.000938415527344,12304500,42.2064919437505,-0.003525666064658,-0.0252845529315673,-0.1239936595114309,0.03139944271399,0.0758725532865864,0.1672466225874751,-1,-1,-1
2021-11-01,0,23.13999938964844,23.89999961853028,23.040000915527344,23.59000015258789,21.872501373291016,13071500,41.98867958684632,0.0406630796057778,0.0283769814141495,-0.094191928911849,0.0314068880284252,0.0758418719477688,0.1672174203998269,1,1,-1
2021-11-03,0,23.440000534057617,24.32999992370605,23.209999084472656,23.81999969482422,22.085756301879883,12498700,41.40697569233208,0.0097026867254321,0.0195004387222103,-0.0483502142370012,0.031394298904586,0.0758097443210566,0.1671626105740817,1,1,-1
2021-11-04,0,23.75,23.959999084472656,23.07999992370605,23.38999938964844,21.687061309814453,8885700,40.24794757059378,-0.018217059796948,0.0396825504063504,-0.1065569308517463,0.0313861743645337,0.0757823229934555,0.1671421619108022,-1,1,-1
2021-11-05,0,23.799999237060547,24.6299991607666,23.600000381469727,24.440000534057617,22.660615921020508,8981500,35.23603169835067,0.0439126064981108,0.0694606726195144,-0.0113913618159518,0.0313972022876926,0.0757702500807949,0.167074835745884,1,1,0
2021-11-08,0,24.18000030517578,24.25,23.43000030517578,23.81999969482422,22.085756301879883,5413000,27.504719586712053,-0.0256955467011628,0.0468401002665519,-0.0112710411527251,0.0313939038612011,0.0757456257107017,0.1670075608889632,-1,1,0
2021-11-09,0,24.049999237060547,24.780000686645508,22.61000061035156,22.690000534057617,21.038028717041016,18410400,27.6018826914244,-0.0486011981856265,0.0017645681455835,-0.0685518187064916,0.0314147527886354,0.0757133815271284,0.1669628012753854,-1,0,-1
2021-11-10,0,23.0,24.14999961853028,22.809999465942383,23.75,22.020851135253903,13379000,27.86156117693999,0.0456580920504057,0.0067595805902113,-0.0270006224074535,0.0314278060879684,0.0756808898581357,0.1669001103671443,1,0,-1
2021-11-11,0,24.06999969482422,24.770000457763672,23.790000915527344,23.84000015258789,22.10429954528809,10881300,28.55765901075865,0.0037823557872572,0.0008392496520364,-0.0731786500610447,0.0314144393284692,0.0756488128307917,0.1668579684819488,1,0,-1
2021-11-12,0,23.700000762939453,24.34000015258789,22.690000534057617,22.780000686645508,21.12147331237793,11309000,29.072706985412328,-0.0454819236481318,-0.0264256141991474,-0.0563288956671689,0.0314310835259969,0.0756236168948746,0.1668070893242757,-1,-1,-1
2021-11-16,0,22.989999771118164,23.18000030517578,21.770000457763672,21.8700008392334,20.277727127075195,11511700,28.781975857909053,-0.0407671176734705,-0.1111053383707289,-0.1233055734132097,0.0314419317455307,0.0756732877707363,0.1667997005321574,-1,-1,-1
2021-11-17,0,22.299999237060547,22.350000381469727,20.63999938964844,20.8700008392334,19.35053253173828,20716900,30.12040934548056,-0.0468031577231793,-0.1322129493927454,-0.1717241023273404,0.0314601167141368,0.0757539011615967,0.1668380816387674,-1,-1,-1
2021-11-18,0,21.100000381469727,21.68000030517578,20.780000686645508,20.8799991607666,19.35980224609375,9165800,28.972671278917986,0.0004789271178281,-0.0831328240892909,-0.2173799632281884,0.0314467279343642,0.0757694804100579,0.1669304955899728,0,-1,-1
2021-11-19,0,20.770000457763672,21.68000030517578,20.59000015258789,20.920000076293945,19.39689064025879,10170600,29.025908625458392,0.0019139097133588,-0.1268770064263378,-0.1979728508353876,0.0314333464204295,0.0758411296654129,0.1669980683749403,0,-1,-1
2021-11-22,0,20.989999771118164,21.030000686645508,19.75,19.920000076293945,18.469697952270508,10868100,28.993362980366697,-0.0489813362942794,-0.1796406985078744,-0.1921459040497936,0.0314543462892317,0.0760085187603879,0.167058340955661,-1,-1,-1
2021-11-23,0,19.950000762939453,20.270000457763672,19.5,20.100000381469727,18.6365909576416,15653600,30.99769057755997,0.008995463338688,-0.1251633115210544,-0.2097206775833357,0.0314417587888299,0.0760766087552988,0.1671396027373169,1,-1,-1
2021-11-24,0,20.209999084472656,20.850000381469727,20.020000457763672,20.600000381469727,19.100191116333008,11205300,28.98037624602313,0.0245714371005007,-0.0598247567470831,-0.1201533350170065,0.0314356464878295,0.0760704081321275,0.1671285188050297,1,-1,-1
2021-11-25,0,20.549999237060547,22.040000915527344,20.530000686645508,21.84000015258789,20.249908447265625,9500400,27.79027024734183,0.0584519313263856,0.0454303323024818,-0.0487029489506818,0.0314661236198381,0.0760456089009121,0.1670738163629413,1,1,-1
2021-11-26,0,20.86000061035156,21.18000030517578,20.40999984741211,20.81999969482422,19.304174423217773,8828400,26.974259010032306,-0.0478289085379725,-0.0028775033533185,-0.1151110869060258,0.0314854996554037,0.076013978437697,0.1670587102540917,-1,0,-1
2021-11-29,0,21.18000030517578,21.700000762939453,20.8799991607666,21.540000915527344,19.97175407409668,8036000,26.061963604476592,0.0339976151467668,0.0292062020800894,-0.0427143002781708,0.031486411349446,0.0759840299304016,0.1670016129078105,1,1,-1
2021-11-30,0,21.030000686645508,21.61000061035156,19.89999961853028,20.65999984741211,19.15582275390625,16042700,26.921994560509653,-0.0417122493625323,0.0364752890118365,-0.09856103392565,0.0314981172090634,0.0759560855829777,0.1669744875717893,-1,1,-1
2021-12-01,0,21.170000076293945,22.09000015258789,20.6299991607666,20.76000022888184,19.24854278564453,11236000,24.773006703671108,0.0048286287555034,0.0323084544286519,-0.090657430821946,0.0314849564641425,0.075926971778849,0.1669421253934135,1,1,-1
2021-12-02,0,21.309999465942383,21.63999938964844,20.71999931335449,20.88999938964844,19.36907768249512,10521000,25.079558482302577,0.0062425020917655,0.0139795194199166,-0.0808892626655225,0.0314719677204375,0.0758949239701658,0.1669037690776155,1,1,-1
2021-12-03,0,21.1299991607666,22.479999542236328,21.030000686645508,21.100000381469727,19.56378746032715,8098900,24.62750844359716,0.0100024182901199,-0.0344699936163489,-0.1115499239811801,0.0314596687006192,0.0758731347951483,0.1668857887442573,1,-1,-1
2021-12-06,0,21.38999938964844,21.600000381469727,20.84000015258789,21.280000686645508,19.730682373046875,6198000,23.71439783613276,0.0084946261905318,0.0218535411121554,-0.1127579845160805,0.0314470687426704,0.0758419830904845,0.1668686456257581,1,1,-1
2021-12-07,0,21.64999961853028,21.84000015258789,21.170000076293945,21.21999931335449,19.67505073547364,9700600,22.540179290803,-0.0028235320164973,-0.0149676060511086,-0.0973644567356299,0.0314340640946828,0.0758129977278533,0.1668405431242602,0,-1,-1
2021-12-08,0,21.15999984741211,21.790000915527344,20.89999961853028,21.709999084472656,20.129371643066406,10369500,22.478577282528235,0.0228286512376674,0.0495732945490909,-0.1184484119960734,0.0314269495257162,0.0757903001471148,0.1668276157827844,1,1,-1
2021-12-09,0,21.559999465942383,22.01000022888184,21.26000022888184,21.3700008392334,19.81413078308105,11643000,22.92458378610917,-0.0157846651468746,0.0289600006467127,-0.1085375304417852,0.0314177105931536,0.0757605867890472,0.1668071899426094,-1,1,-1
2021-12-10,0,21.709999084472656,22.950000762939453,21.51000022888184,22.670000076293945,21.01947784423828,16080900,24.875451715056293,0.0590541651700639,0.0817716637250111,-0.0008821670860947,0.0314488333443601,0.0757583669176744,0.1667386624407985,1,1,0
2021-12-13,0,22.729999542236328,23.59000015258789,22.459999084472656,22.82999992370605,21.167829513549805,11928900,25.946601154857525,0.0070330291313563,0.0788022745662475,-0.0395072300051441,0.0314360365491027,0.0757537373381268,0.1666806158559743,1,1,-1
2021-12-14,0,23.1200008392334,23.1200008392334,21.709999084472656,21.82999992370605,20.24063873291016,13578400,25.568555085186837,-0.0447901514981113,0.0255174968776041,-0.0880797372905126,0.0314514187355539,0.0757233781706395,0.1666465203131105,-1,1,-1
2021-12-15,0,21.8700008392334,22.459999084472656,21.270000457763672,22.440000534057617,20.806228637695312,8008900,24.990681125426637,0.0275599937438731,0.0559010226379748,-0.0150378198985077,0.0314473035626221,0.0757038295048965,0.1665811146298675,1,1,0
2021-12-16,0,22.71999931335449,23.229999542236328,22.15999984741211,22.25,20.63006019592285,8070300,24.55657632936282,-0.0085031506535662,0.0245692207467411,0.0172261471213967,0.0314354602052575,0.075673362758825,0.1665106617097969,-1,1,1
2021-12-17,0,22.229999542236328,22.850000381469727,21.809999465942383,22.65999984741211,21.010210037231445,8393600,24.765020211222847,0.0182592668576464,0.058613152751262,0.0822885717022224,0.031426050963737,0.0756553056822624,0.1664461643207071,1,1,1
2021-12-20,0,22.14999961853028,22.280000686645508,21.600000381469727,21.690000534057617,20.1108341217041,7176400,25.02150009986746,-0.0437498309385643,-0.0441908433573662,0.0380598136458299,0.0314401161532484,0.0756391629904682,0.1663754098352284,-1,-1,1
2021-12-21,0,21.89999961853028,21.989999771118164,21.18000030517578,21.40999984741211,19.91345596313477,4451700,23.831669663470613,-0.0098629986044271,-0.0610868710931496,0.026282905328044,0.031428681474442,0.0756345311766339,0.1663047455314692,-1,-1,1
2021-12-22,0,21.36000061035156,21.850000381469727,21.280000686645508,21.780000686645508,20.257593154907227,5068600,22.597105312848303,0.017134011604948,0.0008372920099095,0.0923982532272714,0.0314188288093535,0.0756031750458397,0.1662433455244882,1,0,1
2021-12-23,0,21.950000762939453,22.0,21.3799991607666,21.459999084472656,19.959959030151367,3637300,20.756728094442717,-0.0148014755977551,-0.0415241773317184,0.0686013142908282,0.0314092312536967,0.0755855166583836,0.1661761471483294,-1,-1,1
2021-12-27,0,21.5,21.8799991607666,21.25,21.479999542236328,19.978561401367188,2918600,17.500732520869786,0.0009315504109852,-0.0320894762671672,0.0449614276013125,0.0313961448349439,0.0755631059671906,0.1661060711158474,0,-1,1
2021-12-28,0,21.600000381469727,21.6299991607666,20.549999237060547,20.71999931335449,19.271684646606445,5912000,15.887595808444267,-0.036022866809443,-0.0863716099342564,-0.0495133705345159,0.0314016723141074,0.0755814805550175,0.1660527219284319,-1,-1,-1
2021-12-29,0,20.950000762939453,20.989999771118164,20.40999984741211,20.729999542236328,19.280986785888672,4026400,13.591977771968208,0.0004825678282259,-0.042139211167466,-0.0012018941683175,0.0313886187964204,0.0755641359586845,0.1659852469911338,0,-1,0
2021-12-30,0,20.850000381469727,21.049999237060547,20.68000030517578,20.96999931335449,19.504209518432617,4143500,12.59296235551425,0.0115108452993154,-0.0207653672637234,-0.0236886640157687,0.0313769199332348,0.0755373458944317,0.1659229643833147,1,-1,-1
2022-01-03,0,20.799999237060547,21.3799991607666,20.07999992370605,20.1200008392334,18.7136287689209,8744700,12.559835738794114,-0.0413782454337796,-0.079277624302451,-0.0233546600870161,0.0313881110179013,0.075548398963909,0.1658606557000659,-1,-1,-1
2022-01-04,0,20.280000686645508,20.350000381469727,19.59000015258789,19.65999984741211,18.285778045654297,12655000,13.200728961977186,-0.0231284678489443,-0.0876046165536403,-0.051311756691464,0.0313830236669739,0.0755677956758268,0.165808290933861,-1,-1,-1
2022-01-05,0,19.71999931335449,20.049999237060547,18.75,18.809999465942383,17.49519157409668,24686600,16.548346861192886,-0.0441975257503729,-0.1327336927149983,-0.1017517845336025,0.0313974108145698,0.075645943337207,0.1657838122846606,-1,-1,-1
2022-01-06,0,18.700000762939453,18.81999969482422,18.030000686645508,18.459999084472656,17.30518341064453,13573900,18.25083197400521,-0.0109200002402797,-0.1076308261458352,-0.1226742030640023,0.0313863797407703,0.0756882893674557,0.1657746169019482,-1,-1,-1
2022-01-07,0,18.440000534057617,18.88999938964844,18.11000061035156,18.600000381469727,17.43642807006836,14039400,19.905231423750585,0.0075555092685183,-0.1005578847055428,-0.1236133199860158,0.0313738990673568,0.0757217085349984,0.1657660730740986,1,-1,-1
2022-01-10,0,18.549999237060547,18.709999084472656,18.040000915527344,18.559999465942383,17.398927688598633,9375900,20.959086436305693,-0.0021530077783862,-0.1142217377832446,-0.1229427957479047,0.031361080344349,0.0757722346543715,0.1657569131709917,0,-1,-1
2022-01-11,0,19.0,19.559999465942383,18.850000381469727,19.450000762939453,18.23325538635254,10666400,22.544273822433706,0.0468385685497402,-0.0260049237997247,-0.0989328784358318,0.0313753970678991,0.0757471153608479,0.1657303273154341,1,-1,-1
2022-01-12,0,19.65999984741211,20.13999938964844,19.299999237060547,19.559999465942383,18.33637237548828,11896100,23.75722375303102,0.0056395029832672,0.002763047032487,-0.0775087103056898,0.0313626813409416,0.0757158528034668,0.1656907249712899,1,0,-1
2022-01-13,0,19.63999938964844,19.8799991607666,19.190000534057617,19.299999237060547,18.09263610839844,5544700,24.02130112739864,-0.0133816381143321,0.0335789346685276,-0.149944513590086,0.0313525975769748,0.0756880691955865,0.1657043204402846,-1,1,-1
2022-01-14,0,19.13999938964844,20.07999992370605,19.13999938964844,19.61000061035156,18.383243560791016,8234700,24.84274008673099,0.0159345630055232,0.0604334979143308,-0.1410429797159191,0.0313424673710142,0.0756717703593459,0.1657097995269568,1,1,-1
2022-01-17,0,19.799999237060547,20.040000915527344,19.479999542236328,19.76000022888184,18.523860931396484,4037000,23.80827888953983,0.0076201074543269,0.0604980961001395,-0.0886327207634806,0.031330070701518,0.0756555071514488,0.1656765105971532,1,1,-1
2022-01-18,0,19.530000686645508,19.600000381469727,18.6299991607666,18.950000762939453,17.7645320892334,11916400,23.578752024914685,-0.0418557908935481,0.0207953129849776,-0.1580485054009019,0.0313416923304898,0.0756251219248314,0.1656972899362053,-1,1,-1
2022-01-19,0,19.09000015258789,19.940000534057617,18.989999771118164,19.940000534057617,18.692598342895508,8287000,20.354320307788093,0.0509237447521246,0.0248804891873619,-0.0986216099952111,0.0313610407911245,0.0755954311552206,0.1656701786837755,1,1,-1
2022-01-20,0,20.020000457763672,21.68000030517578,19.96999931335449,21.61000061035156,20.258129119873047,21107700,22.59756771532006,0.080428516049761,0.0996695022538555,-0.0364523608030964,0.03142989420061,0.0756099682850406,0.1656122546009509,1,1,-1
2022-01-21,0,21.170000076293945,21.84000015258789,21.020000457763672,21.299999237060547,19.9675235748291,8249200,21.665352760320825,-0.014449018547549,0.0986021218206387,-0.007151548412081,0.031420283237682,0.0756233458438866,0.1655466502268813,-1,1,0
2022-01-24,0,21.299999237060547,21.6299991607666,20.64999961853028,21.61000061035156,20.258129119873047,13917800,23.048502937157547,0.0144490185475491,0.0971165773626643,0.0171604687398952,0.0314096071588492,0.075635177148602,0.1654779941660061,1,1,1
2022-01-25,0,21.459999084472656,22.86000061035156,21.21999931335449,22.520000457763672,21.1112003326416,13562200,24.117501370267743,0.0412475700820726,0.13074403999041,0.0412740272170196,0.0314174003879369,0.0756855147731254,0.1654092638088131,1,1,1
2022-01-26,0,22.93000030517578,24.200000762939453,22.93000030517578,23.14999961853028,21.70178985595703,25216500,27.948664976425057,0.0275910178879524,0.2001908487719106,0.0836665207027271,0.0314134237748604,0.0758538396771376,0.1653474354363929,1,1,1
2022-01-27,0,23.40999984741211,24.479999542236328,23.31999969482422,24.1200008392334,22.6111068725586,19698900,31.965894998097248,0.0410465011056902,0.1903136051254761,0.123781471397432,0.0314209367972968,0.076001274367238,0.1653004423650141,1,1,1
2022-01-28,0,23.690000534057617,24.040000915527344,23.209999084472656,23.31999969482422,21.86115455627441,10465300,32.866937352126364,-0.0337299428062807,0.0761551462694344,0.1260743954005943,0.0314242443465234,0.0759946123830315,0.165254565079797,-1,1,1
2022-01-31,0,23.420000076293945,24.11000061035156,23.350000381469727,24.040000915527344,22.536115646362305,22915000,38.00796476548005,0.0304078649029039,0.1210120297198874,0.1559996924752724,0.0314222690168672,0.0760313599769791,0.1652253059939235,1,1,1
2022-02-01,0,24.1299991607666,24.59000015258789,23.90999984741211,24.25,22.73297500610352,10163400,38.23327525547445,0.0086973516735971,0.1152603628459355,0.153186198849554,0.0314101109576517,0.076061152033035,0.1651942758988907,1,1,1
2022-02-02,0,24.25,24.809999465942383,23.239999771118164,23.38999938964844,21.92677497863769,10247400,39.04565837176878,-0.0361080220444204,0.0379047707194424,0.1584564222389131,0.0314156691284502,0.0760345067935926,0.1651665331636732,-1,1,1
2022-02-03,0,23.59000015258789,23.950000762939453,22.63999938964844,23.07999992370605,21.63616752624512,11009300,36.8408286653889,-0.0133421548988156,-0.0030284020673256,0.1682427351890418,0.0314057166932076,0.0760041660517496,0.1651452595780274,-1,0,1
2022-02-04,0,23.239999771118164,23.26000022888184,22.229999542236328,22.8700008392334,21.439308166503903,6640400,36.58064821237474,-0.009140269590382,-0.0532151727633978,0.2032999913490327,0.0313943876372348,0.0759938797118061,0.1651511103510292,-1,-1,1
2022-02-07,0,22.920000076293945,23.059999465942383,22.56999969482422,22.65999984741211,21.2424430847168,3850800,34.25073992675343,-0.0092248547485416,-0.0287100847056587,0.2049951368407709,0.0313830939028046,0.0759704400377024,0.1651582958065869,-1,-1,1
2022-02-08,0,22.600000381469727,22.670000076293945,22.1299991607666,22.57999992370605,21.16744804382324,7336200,32.725480874691804,-0.0035366805746687,-0.0626546301832314,0.1939029469975839,0.0313706571975729,0.0759669125875517,0.1651560198115123,-1,-1,1
2022-02-09,0,22.8799991607666,23.93000030517578,22.76000022888184,23.440000534057617,21.973648071289062,14431500,30.046551241544517,0.0373793884578248,-0.0339725933990038,0.2334353432337948,0.0313746103349733,0.0759457578725102,0.1651896252463473,1,-1,1
2022-02-10,0,23.36000061035156,23.56999969482422,22.600000381469727,23.31999969482422,21.86115455627441,12990900,28.16749946900554,-0.0051326231774973,-0.0029971945320806,0.1814641515065571,0.0313624407879236,0.0759155503112962,0.1651773955207408,-1,0,1
2022-02-11,0,23.450000762939453,23.959999084472656,22.86000061035156,23.020000457763672,21.579923629760746,11713400,28.446773622026733,-0.0129478763980117,-0.0026029160312767,0.162876772125278,0.0313524104596292,0.0758853297374715,0.1651520763561352,-1,0,1
2022-02-14,0,23.200000762939453,23.850000381469727,23.14999961853028,23.350000381469727,21.889278411865234,7724200,24.40344196590218,0.0142335258216469,0.020770879380752,0.1904919360612572,0.031341809437104,0.0758552209958865,0.165146656607586,1,1,1
2022-02-15,0,23.75,24.950000762939453,23.670000076293945,24.850000381469727,23.29544258117676,11567400,24.85072535972597,0.0622607973562496,0.0922565314855434,0.2368181704119836,0.0313767863196715,0.0758616878519731,0.1651830519647934,1,1,1
2022-02-16,0,24.89999961853028,25.780000686645508,23.81999969482422,25.26000022888184,23.67979049682617,22764200,28.510152723914175,0.0163642186486535,0.1121574307088656,0.24556228160631,0.0313669276739789,0.0758879555872825,0.1652282999263919,1,1,1
2022-02-17,0,25.25,25.89999961853028,25.059999465942383,25.06999969482422,23.501680374145508,10128000,28.50812673517975,-0.0075500388377392,0.0672280034133017,0.2798680336621189,0.0313553106767142,0.0758753089300972,0.1653125427316406,-1,1,1
2022-02-18,0,25.61000061035156,26.06999969482422,25.1200008392334,25.13999938964844,23.56730079650879,6913900,28.747654637347665,0.0027882679099788,0.0751488945007777,0.231732556819973,0.0313426647404581,0.0758679138071019,0.1653430293335421,0,1,1
2022-02-21,0,25.0,25.34000015258789,24.040000915527344,24.15999984741211,22.648605346679688,7108100,29.669477269961853,-0.0397619158512453,0.0483348550475441,0.1115421249189667,0.0313519535161382,0.0758454080599199,0.1652905173470079,-1,1,1
2022-02-22,0,24.780000686645508,25.5,24.75,25.450000762939453,23.857908248901367,8523200,30.22890583779561,0.0520174692008416,0.086118798426739,0.1780086126673574,0.0313721010967558,0.0758463600101335,0.1652749351191514,1,1,1
2022-02-23,0,25.540000915527344,26.63999938964844,25.01000022888184,25.209999084472656,23.63292121887207,13235600,30.178654214056053,-0.009475038265608,0.0143829628048813,0.1540845558542004,0.0313610163878532,0.0758158182898993,0.165243517332588,-1,1,1
2022-02-24,0,24.01000022888184,26.11000061035156,23.86000061035156,26.049999237060547,24.420373916625977,17075600,31.72685489621752,0.0327770735959913,0.030795817752219,0.145614059368119,0.031360913429108,0.0757876658094511,0.1652071875720891,1,1,1
2022-02-25,0,25.459999084472656,25.959999084472656,25.0,25.40999984741211,23.82040977478028,8268500,31.077114611445968,-0.0248750137158294,0.0134708428741288,0.0931480277643371,0.0313572521323857,0.0757571497247529,0.1651484731646278,-1,1,1
2022-03-02,0,25.729999542236328,26.299999237060547,24.520000457763672,25.14999961853028,23.57667350769043,8276200,31.380338369793844,-0.0102849542101316,0.0003976207540182,0.0418165724485153,0.0313464363706613,0.0757269807776228,0.165081123185112,-1,0,1
2022-03-03,0,24.89999961853028,25.31999969482422,24.36000061035156,24.670000076293945,23.12669944763184,12142800,31.51252310881706,-0.0192700422149358,0.0208894943903278,0.0562764730398602,0.0313393830271075,0.0756971723290619,0.165014985019993,-1,1,1
2022-03-04,0,24.809999465942383,25.040000915527344,23.770000457763672,23.81999969482422,22.32987594604492,8262100,27.385122001563083,-0.0350622599728284,-0.0661902347833421,-0.009193651835872,0.0313439187010247,0.075696873446641,0.1649520776318911,-1,-1,0
2022-03-07,0,24.1200008392334,24.1299991607666,22.920000076293945,23.0,21.561174392700195,11010000,27.377712689234748,-0.0350312948909806,-0.0917464914087146,-0.0529222984004498,0.0313483901421981,0.0757204445023921,0.1649031384677745,-1,-1,-1
2022-03-08,0,23.200000762939453,23.950000762939453,22.76000022888184,23.86000061035156,22.36737060546875,13148500,28.904481831396076,0.0367090120262145,-0.0878145529784915,0.0198947356701851,0.0313517055353435,0.0757397604249379,0.1648363624473905,1,-1,1
2022-03-09,0,23.950000762939453,25.450000762939453,23.950000762939453,25.0,23.4360580444336,13566800,30.731683801407293,0.0466725509124985,-0.0162669883501634,0.0799094414814993,0.0313652105749969,0.0757126842473084,0.1647746291935952,1,-1,1
2022-03-10,0,24.799999237060547,24.799999237060547,23.82999992370605,24.270000457763672,22.751724243164062,7168200,30.26305760821804,-0.0296348449672012,-0.035616879107233,0.05941486610468,0.0313650290836109,0.0756927904623311,0.164709275821422,-1,-1,1
2022-03-11,0,24.479999542236328,25.040000915527344,23.84000015258789,23.850000381469727,22.35799789428711,7856600,28.66664512088288,-0.0174568287667848,-0.033803665659082,0.0511828920864369,0.0313570630078445,0.0756720687483173,0.1646431032913457,-1,-1,1
2022-03-14,0,24.280000686645508,24.790000915527344,23.51000022888184,23.59000015258789,22.11426544189453,10238100,26.44806722537744,-0.0109612092768015,-0.0097026149630552,0.043758363384304,0.0313465066285079,0.0756435451613932,0.1645764891248697,-1,-1,1
2022-03-15,0,23.700000762939453,24.1299991607666,22.96999931335449,23.709999084472656,22.22675323486328,11101300,27.02763115816504,0.005073768607091,0.0304024485350163,0.0114527435335702,0.0313341612536726,0.075615694516157,0.1645108535151514,1,1,0
2022-03-16,0,23.700000762939453,24.68000030517578,23.5,24.459999084472656,22.92983627319336,10908500,27.66793804589437,0.0311422925594103,0.0248357290682121,0.047727659270478,0.031332863662874,0.0755867689453612,0.1644446466178269,1,1,1
2022-03-17,0,24.350000381469727,25.309999465942383,24.07999992370605,25.13999938964844,23.56730079650879,11797100,27.63537745099533,0.0274212352302997,0.0055844133860133,0.0880967708987896,0.0313289224078305,0.0755565853181497,0.1643854148776456,1,0,1
2022-03-18,0,25.100000381469727,26.01000022888184,24.8799991607666,25.64999961853028,24.045394897460938,9480800,28.14150017605902,0.020083306075513,0.0553025644287277,0.0939465511526558,0.0313208284909859,0.0755377810680135,0.164327908778355,1,1,1
2022-03-21,0,25.46999931335449,25.799999237060547,24.43000030517578,24.96999931335449,23.40793228149414,9517700,27.97155615308464,-0.0268685465526222,0.0458908466428903,0.0048172072437838,0.031318601835065,0.0755148371230562,0.1642634201590042,-1,1,0
2022-03-22,0,25.299999237060547,25.89999961853028,25.190000534057617,25.690000534057617,24.0828914642334,9114000,27.10307513432311,0.028426739340845,0.085278795260537,0.0168797279359753,0.0313153448963538,0.0755154779958772,0.1641976746154125,1,1,1
2022-03-23,0,25.56999969482422,26.450000762939453,25.15999984741211,26.040000915527344,24.41099739074707,10993000,26.52565987604229,0.0135320528439814,0.0937370794974275,0.0379618196176961,0.0313047331246407,0.0755232540726161,0.1641313990952533,1,1,1
2022-03-24,0,26.06999969482422,26.89999961853028,25.93000030517578,26.549999237060547,24.88909339904785,10080300,27.54773951029432,0.0193959479168753,0.0819907348548924,0.0545694996245926,0.031296349960017,0.0755211990074352,0.1640662624008365,1,1,1
2022-03-25,0,26.709999084472656,27.450000762939453,26.670000076293945,26.959999084472656,25.2734432220459,12442100,29.163462133535496,0.0153244780097921,0.0698939776343847,0.1096558934856302,0.031286341124388,0.0755105869840687,0.1640144103529586,1,1,1
2022-03-28,0,27.06999969482422,27.3700008392334,26.56999969482422,27.0,25.310941696166992,6909500,28.563697580402557,0.001482610930255,0.0512932824891268,0.0591210352150438,0.0312739432054616,0.0754898878702055,0.163949942980697,0,1,1
2022-03-29,0,27.520000457763672,28.07999992370605,27.059999465942383,27.14999961853028,25.45155906677246,11274200,29.03166370660906,0.0055402207601356,0.0837020498018848,0.0741362942407876,0.0312617603487252,0.0754890821805618,0.1638880009687194,1,1,1
2022-03-30,0,26.96999931335449,26.96999931335449,26.0,26.34000015258789,24.692232131958008,18754900,31.510832235273256,-0.0302882955239444,0.0249870149370954,0.0110709251208517,0.0312622214962545,0.0754603967828324,0.1638232898374127,-1,1,0
2022-03-31,0,26.3799991607666,26.75,25.790000915527344,26.040000915527344,24.41099739074707,11932100,31.6650587486252,-0.011454962093114,0.0,0.0244909767435673,0.031251996073118,0.0754308984095839,0.1637576263902866,-1,0,1
2022-04-01,0,26.209999084472656,26.920000076293945,26.18000030517578,26.6299991607666,24.964086532592773,9129600,31.664389913551712,0.0224045098667489,0.0030085619498734,0.0571804408204478,0.031245155826719,0.0754011891489396,0.1636932328516794,1,0,1
2022-04-04,0,26.6299991607666,26.65999984741211,26.200000762939453,26.3799991607666,24.72972679138184,5612800,30.686708173770477,-0.0094322195481144,-0.0217481356080331,0.0670182634872692,0.0312343442223799,0.0753763603777861,0.1636302977350009,-1,-1,1
2022-04-05,0,26.299999237060547,26.40999984741211,25.1299991607666,25.34000015258789,23.754785537719727,10814500,31.1221326294177,-0.0402220273048171,-0.0634527738431053,0.0618584961552805,0.0312440229539471,0.075374249768397,0.1635666517012312,-1,-1,1
2022-04-06,0,25.040000915527344,25.3799991607666,24.209999084472656,25.11000061035156,23.539175033569336,12586600,31.447241137604387,-0.0091179505929206,-0.0781109451961617,0.0877718404533405,0.0312331320216175,0.0753843907774345,0.1635083256589015,-1,-1,1
2022-04-07,0,24.90999984741211,25.850000381469727,24.600000381469727,25.63999938964844,24.03601837158203,9539700,31.19587739564193,0.0208874148923571,-0.0269352347798601,0.0719502433194831,0.0312255713976913,0.0753613984759242,0.1634464718519969,1,-1,1
2022-04-08,0,25.36000061035156,25.64999961853028,25.190000534057617,25.59000015258789,23.98914909362793,6495400,29.34921381289439,-0.0019518637959215,-0.0174321364826678,0.0233258286110628,0.0312134360447174,0.075335311887482,0.1633813357812139,0,-1,1
2022-04-11,0,25.59000015258789,25.59000015258789,24.950000762939453,25.25,23.67041778564453,7362200,29.34200107998916,-0.0133755332128409,-0.0532121795622575,0.0395851403654233,0.0312039523769783,0.0753258801248663,0.1633161118118554,-1,-1,1
2022-04-12,0,25.46999931335449,26.0,24.739999771118164,24.799999237060547,23.248571395874023,11316900,29.064432636256413,-0.0179823889919358,-0.061762349006079,0.0390595801402722,0.0311964671618577,0.0753223788695161,0.1632509510490613,-1,-1,1
2022-04-13,0,24.90999984741211,25.520000457763672,24.82999992370605,25.3700008392334,23.78291130065918,9530800,26.312168821362413,0.0227236253988265,0.0011833036975644,0.0727444148159003,0.0311898957937025,0.0752930111586684,0.1631895477517735,1,0,1
2022-04-14,0,25.07999992370605,25.46999931335449,24.93000030517578,25.100000381469727,23.529804229736328,8335500,25.20463135543954,-0.0106994275291438,-0.0003981732386586,0.0569712186796654,0.0311795315562253,0.0752638192551319,0.1631258035085654,-1,0,1
2022-04-18,0,24.88999938964844,25.520000457763672,24.88999938964844,25.25,23.67041778564453,6582000,24.3651649133334,0.0059581911222532,-0.0153273970087624,0.0317871172425084,0.0311675625785716,0.0752372830538574,0.1630608082075771,1,-1,1
2022-04-19,0,24.979999542236328,26.14999961853028,24.940000534057617,25.90999984741211,24.28912925720215,7638400,24.909110866420367,0.0258028207837012,0.0124272875708602,0.0301687027959096,0.0311627782931421,0.0752077669148094,0.1629959112232603,1,1,1
2022-04-20,0,26.059999465942383,26.26000022888184,25.709999084472656,26.25,24.607860565185547,8244300,24.280250612123915,0.0130370324855627,0.0388398532692639,0.0231224292059595,0.0311522513881865,0.0751828924793321,0.1629313305444833,1,1,1
2022-04-22,0,26.049999237060547,26.440000534057617,25.040000915527344,25.39999961853028,23.811033248901367,8893300,23.29636598756025,-0.0329168719248154,0.0239053703363845,0.0170741038337662,0.0311549422181188,0.0751545470355062,0.1628672244127781,-1,1,1
2022-04-25,0,24.989999771118164,25.670000076293945,24.809999465942383,25.1200008392334,23.54855155944824,9302800,23.177291766598763,-0.01108474147889,-0.009902996541332,-0.0224373769859688,0.0311447523229545,0.0751269252394321,0.1628101768937164,-1,-1,-1
2022-04-26,0,24.89999961853028,25.100000381469727,23.71999931335449,23.850000381469727,22.35799789428711,10117300,23.996619639539425,-0.0518802089977666,-0.0510837780099548,-0.0878496388277168,0.0311682459415557,0.0751162679740981,0.162781447270166,-1,-1,-1
2022-04-27,0,24.01000022888184,24.459999084472656,23.6200008392334,23.84000015258789,22.3486270904541,11131600,24.863979962833444,-0.0004192132138555,-0.0574611823460636,-0.1076647999584477,0.0311561307320268,0.0751097937242946,0.1627653571846128,0,-1,-1
2022-04-28,0,23.89999961853028,24.420000076293945,23.5,24.1299991607666,22.620485305786133,7725900,23.835642966741517,0.0120910337260537,-0.071172969403711,-0.1108982442421861,0.0311454051104446,0.0751137366121425,0.1627514575136025,1,-1,-1
2022-04-29,0,24.489999771118164,24.59000015258789,22.920000076293945,23.09000015258789,21.645544052124023,10793400,23.916650287707693,-0.0440563093673731,-0.1282663112566471,-0.1564371645398144,0.0311591420503644,0.0751820232444889,0.1627744378465156,-1,-1,-1
2022-05-02,0,23.14999961853028,23.46999931335449,22.540000915527344,23.07999992370605,21.63616752624512,9203200,23.951448406308945,-0.0004332788923383,-0.0957827182241699,-0.1624106641922884,0.0311470580160099,0.0752093031479939,0.1628028235543023,0,-1,-1
2022-05-03,0,23.09000015258789,23.200000762939453,22.34000015258789,22.63999938964844,21.223695755004883,8359900,24.20323309015528,-0.0192480551370626,-0.1039460318823425,-0.1513704238054068,0.03114027048068,0.0752456214582115,0.1628208482291611,-1,-1,-1
2022-05-04,0,22.309999465942383,23.15999984741211,21.40999984741211,23.020000457763672,21.579923629760746,24433400,28.1814093208052,0.0166451391057858,-0.03542068377879,-0.1232703226065068,0.0311310705033856,0.0752262672243395,0.1628155466632452,1,-1,-1
2022-05-05,0,22.459999084472656,22.770000457763672,21.700000762939453,22.1200008392334,20.736225128173828,15080200,29.45995252554597,-0.0398812439011136,-0.0748827144660481,-0.1855560763743693,0.0311402245048406,0.0752329196829447,0.1628665839848346,-1,-1,-1
2022-05-06,0,22.030000686645508,22.09000015258789,21.3799991607666,21.89999961853028,20.529985427856445,16646500,30.97319875308465,-0.0099956557535481,-0.09696940394565,-0.186119512579803,0.031129752609839,0.0752610529005505,0.1629179383281187,-1,-1,-1
2022-05-09,0,21.979999542236328,22.86000061035156,21.520000457763672,22.690000534057617,21.270566940307617,25317500,34.691890721429424,0.0354377620812143,-0.0174753324970624,-0.1104597231937715,0.0311321301260441,0.075235203769956,0.1629029886175335,1,-1,-1
2022-05-10,0,22.90999984741211,24.100000381469727,22.90999984741211,23.3700008392334,21.90802764892578,14030700,35.63692812997998,0.0295288456534215,0.0124867920486973,-0.0718129269474294,0.0311299139702812,0.0752060366330181,0.1628649630292757,1,1,-1
2022-05-11,0,23.21999931335449,23.57999992370605,22.36000061035156,22.6299991607666,21.214317321777344,10536500,35.342979598843456,-0.0321768298659219,-0.0004419826801619,-0.1248771717057085,0.031131882821959,0.0751772090693998,0.1628603632600799,-1,0,-1
2022-05-12,0,22.36000061035156,23.739999771118164,22.020000457763672,23.65999984741211,22.17988586425781,14114100,36.952749732711055,0.0445095369216383,0.0274224151356903,-0.0784157709881487,0.0311429216460299,0.0751499061979323,0.162825729479947,1,1,-1
2022-05-13,0,23.709999084472656,24.770000457763672,23.6299991607666,24.25,22.73297500610352,10085600,36.902073071252,0.0246306778388224,0.0919343368756265,-0.0404095599364852,0.0311375660812991,0.0751568145895711,0.1627743652123807,1,1,-1
2022-05-16,0,24.26000022888184,24.979999542236328,24.040000915527344,24.520000457763672,22.986083984375,8059400,36.740637641515335,0.0110724747962377,0.1130024674254125,-0.0113546961483115,0.0311266918296241,0.0751840801578008,0.162714963644061,1,1,0
2022-05-17,0,24.90999984741211,25.450000762939453,24.420000076293945,24.82999992370605,23.27669334411621,12727400,38.12385567763608,0.0125635856333758,0.0901282909775738,-0.0215147359137621,0.0311162120015696,0.0751892878758241,0.1626579874586364,1,1,-1
2022-05-18,0,24.82999992370605,24.82999992370605,23.61000061035156,23.8700008392334,22.37675094604492,14533600,35.771736886895766,-0.039430058620806,0.0211693867033463,-0.0502453670054243,0.0311249089782596,0.0751610063016779,0.1626104276674807,-1,1,-1
2022-05-19,0,23.850000381469727,24.86000061035156,23.770000457763672,24.540000915527344,23.00483703613281,12496200,35.47799725493506,0.027681984065748,0.0810282006350162,-0.0285215740619296,0.0311214461619332,0.0751589560452222,0.1625554714841716,1,1,-1
2022-05-20,0,24.89999961853028,24.950000762939453,24.1299991607666,24.670000076293945,23.12669944763184,12381800,34.833064482472246,0.0052832705888035,0.0418019343021815,-0.0490411242568272,0.0311096471188691,0.0751355759128475,0.1625075216249502,1,1,-1
2022-05-23,0,25.0,25.040000915527344,24.299999237060547,24.440000534057617,22.91109085083008,9777000,31.171811934961788,-0.0093666603786981,0.007804596084661,-0.0714448171210882,0.0310991245771035,0.0751065638529781,0.1624695003164322,-1,1,-1
2022-05-24,0,24.200000762939453,24.489999771118164,23.63999938964844,24.26000022888184,22.742351531982425,10316400,30.32475173160056,-0.0073922174729788,-0.0106600961845555,-0.0459201626692515,0.0310881335359104,0.075079490568552,0.1624204269675074,-1,-1,-1
2022-05-25,0,23.979999542236328,24.770000457763672,23.809999465942383,24.68000030517578,23.136075973510746,6928700,29.588792935972453,0.0171642372760496,-0.0060594445418817,-0.0176711839143118,0.0310792488431126,0.0750516451795996,0.1623628116366569,1,0,-1
2022-05-26,0,24.68000030517578,25.270000457763672,24.15999984741211,24.950000762939453,23.389184951782227,8986700,28.391436956758213,0.0108806042271214,0.0442512183060459,0.0450896293105762,0.0310684196458654,0.0750292522577025,0.1622999253639918,1,1,1
2022-05-27,0,24.940000534057617,25.61000061035156,24.93000030517578,25.200000762939453,23.623544692993164,12984800,29.29327398235265,0.009970137208769,0.0265393714490669,0.0554789797332009,0.0310574000031223,0.075002013568947,0.1622380534866155,1,1,1
2022-05-30,0,25.440000534057617,25.799999237060547,24.690000534057617,24.89999961853028,23.34231376647949,5234400,28.559069318876208,-0.0119761161439878,0.0092799847162753,0.0314118298631592,0.0310477236461371,0.0749731632254729,0.1621748643695397,-1,1,1
2022-05-31,0,25.170000076293945,25.239999771118164,24.809999465942383,25.1200008392334,23.54855155944824,6008800,26.757599714473574,0.008796558622409,0.0274432037173827,0.0842646978529414,0.0310365005898962,0.0749461566119425,0.1621184445169301,1,1,1
2022-06-01,0,25.489999771118164,25.5,24.770000457763672,24.84000015258789,23.28606605529785,8514800,25.27991867567113,-0.0112091553576885,0.0236262658326731,0.0734888213875912,0.0310266004556164,0.0749185187780877,0.1620596330813482,-1,1,1
2022-06-02,0,25.200000762939453,25.32999992370605,24.489999771118164,25.32999992370605,23.74541473388672,5868400,23.55560270610443,0.0195342896985026,0.0259963182551259,0.1122711662231567,0.0310187684824498,0.0748913033751706,0.1620122929814112,1,1,1
2022-06-03,0,25.14999961853028,25.14999961853028,24.25,24.350000381469727,22.82672119140625,9834200,22.83540686547476,-0.0394576162003428,-0.0243419021723383,0.0561684109170279,0.0310275171218275,0.074868160618687,0.1619508377637076,-1,-1,1
2022-06-06,0,24.440000534057617,24.65999984741211,23.43000030517578,23.6200008392334,22.142391204833984,7332000,22.117701048760978,-0.0304379065245336,-0.0647499459056411,0.0656117482936079,0.0310281543637525,0.0748670248112465,0.1618907775881481,-1,-1,1
2022-06-07,0,23.57999992370605,23.61000061035156,23.0,23.280000686645508,21.82365798950196,5841500,20.87053640045232,-0.0144993150440944,-0.0672731448057477,0.0611080890030615,0.0310194247015186,0.074867772362917,0.1618300995703501,-1,-1,1
2022-06-08,0,23.06999969482422,23.31999969482422,22.59000015258789,22.93000030517578,21.49555206298828,7065200,20.772373733193657,-0.0151485772965175,-0.0912182807246743,0.0105217496253297,0.0310109596946935,0.074889934676746,0.1617684773231413,-1,-1,0
2022-06-09,0,22.940000534057617,23.6200008392334,22.709999084472656,23.21999931335449,21.767412185668945,10211700,20.913120494894457,0.0125679645783,-0.0674411607886856,-0.0064391314497916,0.031000685620525,0.0748906894697398,0.1617093244416662,1,-1,0
2022-06-10,0,22.850000381469727,22.96999931335449,22.38999938964844,22.43000030517578,21.02683448791504,9290900,19.616452974362623,-0.0346145427700481,-0.1215899932572365,-0.008876844353918,0.0310047843863563,0.0749481795436385,0.161650693464504,-1,-1,0
2022-06-13,0,22.190000534057617,22.190000534057617,21.11000061035156,21.75,20.389368057250977,16050900,22.003826769689745,-0.0307858634200405,-0.1129182404769342,-0.0841722446955967,0.0310056566759899,0.0749943334432189,0.161620217681303,-1,-1,-1
2022-06-14,0,21.809999465942383,22.14999961853028,21.5,21.790000915527344,20.426868438720703,9191500,22.542277631358715,0.0018375232623454,-0.0806428106900551,-0.1069653992720738,0.0309938772865708,0.0750058486458756,0.1616035596750125,0,-1,-1
2022-06-15,0,22.190000534057617,22.920000076293945,22.09000015258789,22.450000762939453,21.045578002929688,12827200,23.37669434147433,0.0298393523504839,-0.0363041432954766,-0.0881985217178275,0.0309920562051718,0.0749872909313433,0.1615753085890491,1,-1,-1
2022-06-17,0,22.229999542236328,22.25,21.40999984741211,21.59000015258789,20.239381790161133,9136600,23.907188860434196,-0.0390601669522148,-0.060215732951174,-0.1398222743034183,0.031000276743836,0.0749824227257606,0.1615828059613082,-1,-1,-1
2022-06-20,0,21.450000762939453,21.84000015258789,20.950000762939453,21.39999961853028,20.06126594543457,7652900,23.081199748979586,-0.0088394114979659,-0.08162310902744,-0.109231627180578,0.0309897858539362,0.0749946709248245,0.1615674970273387,-1,-1,-1
2022-06-21,0,21.670000076293945,22.13999938964844,21.440000534057617,21.6299991607666,20.27687644958496,15178100,24.773980399722937,0.0106902571464227,-0.036318309110969,-0.1262233540999033,0.0309791185392998,0.0749760984037522,0.1615641727669387,1,-1,-1
2022-06-22,0,21.43000030517578,23.06999969482422,21.3799991607666,22.82999992370605,21.401805877685547,17720200,27.704713532266897,0.0539941596383008,0.0484617139473723,-0.077512465050406,0.0310012536095823,0.0749559183002858,0.1615299902827311,1,1,-1
2022-06-23,0,23.100000381469727,23.100000381469727,22.36000061035156,22.520000457763672,21.1112003326416,9845900,28.35646971752585,-0.013671584176816,0.0329526065082109,-0.0818173888485239,0.0309922831018843,0.07493061216677,0.1614980722537136,-1,1,-1
2022-06-24,0,22.76000022888184,22.93000030517578,22.18000030517578,22.38999938964844,20.989334106445312,5810600,27.188633709471617,-0.0057893120927553,-0.0026760579350283,-0.0802144834683003,0.0309811897520681,0.0749027580773487,0.1614652992649507,-1,0,-1
2022-06-27,0,22.479999542236328,23.39999961853028,22.200000762939453,23.200000762939453,21.7486629486084,10928600,27.68132641981331,0.0355378730123082,0.0719219820294947,-0.0618408477320418,0.0309837285632482,0.0748950303217461,0.1614236500814908,1,1,-1
2022-06-28,0,23.170000076293945,23.18000030517578,22.3700008392334,22.57999992370605,21.16744804382324,6645200,25.50906416531316,-0.0270877500125185,0.0536736435149419,-0.0998092019716819,0.0309818944402437,0.0748771813165967,0.1614021062199591,-1,1,-1
2022-06-29,0,22.670000076293945,22.790000915527344,21.82999992370605,22.270000457763672,20.87683868408203,6956900,25.01414500338161,-0.0138241844727609,0.0291592018957581,-0.1236035236532119,0.0309730115416649,0.074851080461049,0.161396582271553,-1,1,-1
2022-06-30,0,21.65999984741211,22.43000030517578,21.64999961853028,22.309999465942383,20.91433525085449,9193000,24.109758107402158,0.0017944734882458,-0.0230404842542967,-0.1098329340209782,0.0309613415398124,0.0748276613753979,0.1613813783823927,0,-1,-1
2022-07-01,0,22.07999992370605,22.96999931335449,21.700000762939453,22.61000061035156,21.195571899414062,11090200,24.693480156234884,0.0133574661710063,0.0039885660935253,-0.1052720264723811,0.0309514375981217,0.0747994606134516,0.161363147248435,1,0,-1
2022-07-04,0,22.530000686645508,22.64999961853028,22.09000015258789,22.229999542236328,20.83934211730957,2960200,23.624398889627468,-0.0169496390723019,-0.007171760886021,-0.1110125101869944,0.0309438592476459,0.0747723797796552,0.1613486343146308,-1,0,-1
2022-07-05,0,21.86000061035156,22.38999938964844,21.51000022888184,22.3700008392334,20.970582962036133,6878000,21.72077397689925,0.0062779962188125,-0.0364316376795167,-0.1242688036666845,0.0309325206752053,0.0747541422952159,0.1613433331704363,1,-1,-1
2022-07-06,0,22.13999938964844,22.940000534057617,22.13999938964844,22.739999771118164,21.317440032958984,7684700,19.21301624684905,0.0164048742488627,0.0070609865818644,-0.068406313217479,0.0309236537009762,0.0747259538026699,0.1613046034841446,1,0,-1
2022-07-07,0,22.920000076293945,23.170000076293945,22.63999938964844,22.690000534057617,21.270566940307617,7406300,18.627215460881192,-0.0022012352729963,0.0186839357816292,-0.0401696419659415,0.0309121966331458,0.0746983655344595,0.1612546595712908,0,1,-1
2022-07-08,0,22.90999984741211,23.06999969482422,22.3799991607666,22.479999542236328,21.07370376586914,4214200,18.241297877938525,-0.0092982870892339,0.0075911752041493,-0.0349686140110811,0.0309019742820841,0.0746702368221502,0.1612031033483545,-1,1,-1
2022-07-11,0,22.200000762939453,22.40999984741211,21.57999992370605,21.739999771118164,20.379995346069336,5884000,16.870387403415794,-0.0334721967882113,-0.0392384877550683,-0.053292233502775,0.0309050798319652,0.074653390978345,0.161157986927395,-1,-1,-1
2022-07-12,0,21.799999237060547,22.25,21.440000534057617,22.040000915527344,20.66123008728028,4496400,16.314408277334067,0.0137052020408475,-0.0085836466419188,-0.0521549960402276,0.0308953627159453,0.0746267038827086,0.1611124594683388,1,-1,-1
2022-07-13,0,21.75,22.5,21.459999084472656,22.200000762939453,20.81121826171875,9438600,16.910314754660636,0.0072331793440405,-0.0076284635166907,-0.0103072739261387,0.0308842208433415,0.0745998906433701,0.1610549496775699,1,-1,0
2022-07-14,0,21.700000762939453,21.850000381469727,20.96999931335449,21.1200008392334,19.79878234863281,13823900,17.858245069511366,-0.0498717425560641,-0.0739050803216175,-0.0293931530621624,0.0309043825734661,0.0746055929979168,0.161001951517797,-1,-1,-1
2022-07-15,0,21.479999542236328,21.809999465942383,21.26000022888184,21.600000381469727,20.24875259399414,14042600,18.43193271713439,0.0224727530929458,-0.0492310919556755,-0.008757923231562,0.0308982552193926,0.0745940106029907,0.1609442740523908,1,-1,0
2022-07-18,0,21.799999237060547,22.049999237060547,21.43000030517578,21.59000015258789,20.239381790161133,5945700,19.11465698537324,-0.0004628913701688,-0.0403956962366103,-0.0390601669522148,0.0308867530225972,0.0745777444754254,0.1608942871943325,0,-1,-1
2022-07-19,0,21.799999237060547,22.790000915527344,21.63999938964844,22.739999771118164,21.317440032958984,10801500,20.116062823281165,0.0518952185988406,0.0449717191504416,0.0518952185988406,0.0309061193393142,0.0745567328094182,0.1608344693663946,1,1,1
2022-07-20,0,22.809999465942383,22.86000061035156,22.170000076293945,22.68000030517578,21.26118850708008,9120500,20.466390819749336,-0.0026422437985501,0.0286242733110439,0.0580923862982564,0.030894785059477,0.0745309886601917,0.1607754625395626,0,1,1
2022-07-21,0,22.459999084472656,22.739999771118164,22.309999465942383,22.6299991607666,21.214317321777344,5395900,19.965064696879438,-0.0022069756869465,0.0191841182800566,0.0451951534648869,0.0308834237426177,0.0745037527496929,0.1607151766538231,0,1,1
2022-07-22,0,22.600000381469727,22.690000534057617,22.1200008392334,22.46999931335449,21.064329147338867,4626600,20.065728620551774,-0.0070952509693152,0.0619606098668056,-0.0158942571427291,0.0308727803007753,0.0744905682374103,0.1606592313806288,-1,1,0
2022-07-25,0,22.479999542236328,22.799999237060547,22.32999992370605,22.61000061035156,21.195571899414062,3694400,19.581338788567287,0.0062112390594385,0.0456990958332985,0.0039885660935253,0.0308615797873764,0.0744698984510971,0.1606000304688901,1,1,0
2022-07-26,0,22.299999237060547,22.440000534057617,21.540000915527344,21.82999992370605,20.4643669128418,10729800,21.05597988169461,-0.0351071128424715,0.0110548743609957,-0.0253292346561906,0.0308660903961786,0.0744421542868796,0.1605464262678736,-1,1,-1
2022-07-27,0,21.96999931335449,22.34000015258789,21.64999961853028,22.26000022888184,20.867467880249023,7492700,20.589469142931627,0.0195062111684367,-0.021334133069408,-0.041360896500062,0.0308586070674136,0.0744186869733503,0.1604976027825463,1,-1,-1
2022-07-28,0,22.209999084472656,23.01000022888184,22.100000381469727,22.76000022888184,21.336185455322266,5933000,18.876987954311424,0.0222130934558015,0.0035212041849434,0.007939946968258,0.0308523989330368,0.0743910523042739,0.1604381503314801,1,0,0
2022-07-29,0,22.76000022888184,22.920000076293945,22.299999237060547,22.6200008392334,21.204944610595703,6725200,17.22703198078142,-0.0061700881421994,-0.0004419082703094,0.0155940432988194,0.030841630022747,0.07436370166792,0.1603781318865323,-1,0,0
2022-08-01,0,22.43000030517578,22.709999084472656,22.01000022888184,22.26000022888184,20.867467880249023,6754900,17.46707193712292,-0.0160430053136019,-0.009389662614596,-0.0022434355030284,0.030833822153646,0.0743375299295249,0.1603200783929082,-1,-1,0
2022-08-02,0,22.309999465942383,22.729999542236328,22.040000915527344,22.46999931335449,21.064329147338867,15334200,18.546700640596544,0.009389662614596,-0.0062112390594386,-0.0062112390594386,0.0308231826072618,0.0743108865276393,0.1602627122230569,1,0,0
2022-08-03,0,22.520000457763672,23.190000534057617,22.280000686645508,23.13999938964844,21.69241523742676,7115800,18.086258389005767,0.029381623085557,0.0582774968685899,0.0401200230984203,0.0308212210929692,0.0742959592817373,0.1602027266953719,1,1,1
2022-08-04,0,23.290000915527344,24.76000022888184,23.280000686645508,24.549999237060547,23.01420783996582,14328300,20.592362995635742,0.0591490861655927,0.0979203718657457,0.0929911130452004,0.0308498739125441,0.0743088060179931,0.1601520424016617,1,1,1
2022-08-05,0,24.09000015258789,24.75,23.770000457763672,24.63999938964844,23.397113800048828,8078800,21.658256235750223,0.0165009154945695,0.092208193904514,0.0930871542909073,0.0308412067179326,0.0743166111413173,0.1601014326041617,1,1,1
2022-08-08,0,24.75,25.6299991607666,24.6200008392334,24.86000061035156,23.60601806640625,13711400,24.514548654002887,0.0088890094595317,0.1072672915062451,0.1041773990234354,0.0308304874142949,0.0743381090361197,0.1600544648350025,1,1,1
2022-08-09,0,25.299999237060547,25.799999237060547,24.020000457763672,24.34000015258789,23.112247467041016,17542700,26.67827669132175,-0.0211390119343994,0.1021712848854476,0.0923366741782699,0.0308251877878155,0.0743545969035322,0.1600037200814317,-1,1,1
2022-08-10,0,25.51000022888184,26.350000381469727,25.07999992370605,26.06999969482422,24.754981994628903,21082500,30.93353478260034,0.0686640910670207,0.1614457133378723,0.1944729620335019,0.0308678955889791,0.0744438197185961,0.1600074534464581,1,1,1
2022-08-11,0,26.06999969482422,26.479999542236328,25.850000381469727,26.059999465942383,24.74548721313477,16691900,34.26821035067953,-0.0003836239034715,0.1316804663488438,0.180384136089183,0.0308565594214529,0.0744918162041065,0.1600006931975444,0,1,1
2022-08-12,0,26.40999984741211,26.46999931335449,25.950000762939453,26.14999961853028,24.83094787597656,9315600,35.30084906493421,0.0034476358511184,0.0759790160343694,0.1765985925962606,0.0308452446307011,0.0744869195007984,0.1599912328629349,1,1,1
2022-08-15,0,26.0,27.01000022888184,25.809999465942383,26.420000076293945,25.087331771850582,10288100,36.664504617101024,0.010272235025828,0.0697503355656279,0.2367425701781528,0.0308348249624027,0.0744780214296664,0.1600313495352471,1,1,1
2022-08-16,0,26.420000076293945,26.549999237060547,25.96999931335449,26.290000915527344,24.96388816833496,5967500,34.638605331222394,-0.0049327010994254,0.0559286250066708,0.2093371159857816,0.0308239709786411,0.0744616707741183,0.1600465811907213,-1,1,1
2022-08-17,0,26.100000381469727,26.670000076293945,26.0,26.36000061035156,25.03035545349121,6124200,34.62617300186105,0.0026589990968105,0.0797266360378807,0.2124590064527611,0.0308126626452431,0.074459289078756,0.1600643060603401,0,1,1
2022-08-18,0,26.39999961853028,26.59000015258789,25.8700008392334,26.209999084472656,24.887924194335938,6251500,32.59870239339349,-0.0057065927225508,0.0053559522483093,0.1548571951313697,0.0308019570960511,0.0744319006291819,0.1600407541064136,-1,0,1
2022-08-19,0,26.0,26.229999542236328,25.57999992370605,25.84000015258789,24.536584854125977,9007400,32.97109799409385,-0.0142174506189521,-0.0084778744671711,0.1432819883109677,0.0307935718091433,0.0744059313543272,0.1600107859936789,-1,-1,1
2022-08-22,0,25.84000015258789,25.88999938964844,25.170000076293945,25.39999961853028,24.11878204345703,5820700,30.837511758320183,-0.017174388226379,-0.0290998985446687,0.1283145757715351,0.0307863967869774,0.0743855681995377,0.1599734789049044,-1,-1,1
2022-08-23,0,25.3799991607666,26.040000915527344,25.3700008392334,25.8799991607666,24.574567794799805,6741500,28.04623223193988,0.0187212038150351,-0.0206509297554615,0.1541310305558856,0.0307786823557525,0.0743624286479201,0.1599494708970464,1,-1,1
2022-08-24,0,25.88999938964844,26.770000457763672,25.88999938964844,26.11000061035156,24.79296493530273,7375500,24.099537998370486,0.0088478622765029,-0.0068703663795331,0.15676765377295,0.0307680699875663,0.0743362758372974,0.1599269713441499,1,0,1
2022-08-25,0,26.11000061035156,26.3799991607666,25.6200008392334,25.8799991607666,24.574567794799805,7434100,21.41794350566374,-0.0088478622765029,-0.0183772277528467,0.1830269043389186,0.0307580685141056,0.0743125524512937,0.1599214158945136,-1,-1,1
2022-08-26,0,26.0,26.11000061035156,25.280000686645508,25.350000381469727,24.07130241394043,8532300,21.116075873630784,-0.0206917189288617,-0.0333623539591576,0.1428289742416201,0.030752631255727,0.07429393349054,0.159891151350876,-1,-1,1
2022-08-29,0,25.1200008392334,26.059999465942383,24.93000030517578,25.790000915527344,24.489107131958008,7195800,20.16289134336095,0.0172080520654192,-0.0019368512747864,0.1378239328512377,0.0307443629237108,0.0742672286295657,0.1598583431964988,1,0,1
2022-08-30,0,25.93000030517578,26.170000076293945,25.540000915527344,25.770000457763672,24.470117568969727,7138000,20.46201279150344,-0.0007757297651888,0.0144618071864036,0.1432182912282484,0.0307331972301189,0.0742401971030717,0.1598282763478894,0,1,1
2022-08-31,0,25.790000915527344,26.31999969482422,25.450000762939453,25.450000762939453,24.166257858276367,10379100,21.59738747416897,-0.0124953252195155,-0.0167547218481469,0.1467659713223348,0.0307242814020835,0.0742161524764235,0.1598000773950184,-1,-1,1
2022-09-01,0,25.51000022888184,26.07999992370605,24.940000534057617,25.729999542236328,24.432132720947266,8008900,22.064044440872284,0.0109418238801478,-0.0146607602445021,0.1483181325878865,0.0307141613616158,0.0741916323402159,0.1597727057309287,1,-1,1
2022-09-02,0,25.950000762939453,26.3799991607666,25.63999938964844,25.989999771118164,24.67901992797852,9779400,22.300764484699663,0.0100543063443298,0.0042414083763306,0.1289908158466592,0.0307038599675671,0.0741645969384622,0.159735716974316,1,0,1
2022-09-05,0,26.18000030517578,26.6200008392334,26.020000457763672,26.450000762939453,25.11581802368164,7179500,22.765595820646773,0.0175443607270311,0.0424774880322234,0.0873860904080978,0.0306957664719985,0.0741432124561761,0.1596839485351354,1,1,1
2022-09-06,0,26.14999961853028,26.600000381469727,25.530000686645508,25.799999237060547,24.49860382080078,10787700,23.913554747819013,-0.0248817187709184,0.0003877171958859,0.0460034561426098,0.0306927982449775,0.0741164678988835,0.1596254666055198,-1,0,1
2022-09-08,0,25.940000534057617,26.18000030517578,25.520000457763672,26.100000381469727,24.78346824645996,7509400,23.951369839728105,0.0115606989062937,0.0127241458673685,0.0486751455893718,0.0306828630296083,0.0740895229410928,0.1595672461869859,1,1,1
2022-09-09,0,26.36000061035156,26.56999969482422,26.1200008392334,26.299999237060547,24.97338104248047,4253600,23.061270228400264,0.0076336713825334,0.0328531424694176,0.0774478289063046,0.0306721771445473,0.0740654458890531,0.1595133016976528,1,1,1
2022-09-12,0,26.3700008392334,27.09000015258789,26.3700008392334,27.01000022888184,25.64756965637207,6844100,22.713800033257133,0.0266383175791828,0.0485496361684525,0.0354220554184668,0.0306685652433355,0.0740463652515464,0.1594545538536642,1,1,1
2022-09-13,0,26.799999237060547,26.90999984741211,26.26000022888184,26.3700008392334,25.03985023498535,7105000,22.73346641601317,-0.0239802517057106,0.0145150781184123,0.011825427616228,0.0306650785457625,0.0740195928105833,0.1593967189754271,-1,1,0
2022-09-14,0,26.11000061035156,26.920000076293945,26.040000915527344,26.440000534057617,25.106319427490234,11431700,24.041209406869683,0.0026510192854418,-0.0003782633231768,0.0110288110505512,0.030653983884561,0.0739930587872805,0.1593390203679872,0,0,0
2022-09-15,0,26.32999992370605,26.64999961853028,26.18000030517578,26.420000076293945,25.087331771850582,4898000,22.551797774800903,-0.0007565760247233,0.023746879423018,0.0,0.0306429394002007,0.0739673090658306,0.1592827002629478,0,1,0
2022-09-16,0,26.39999961853028,26.39999961853028,25.46999931335449,26.31999969482422,24.992374420166016,13136000,24.095678029998247,-0.0037922532979882,0.008393927218736,0.0011404478014372,0.0306321715517634,0.0739404461109815,0.1592262778096349,-1,1,0
2022-09-19,0,26.040000915527344,26.86000061035156,26.040000915527344,26.600000381469727,25.25824928283692,8922500,23.909664592261784,0.0105820514901131,0.0113423073263158,0.0090635001947398,0.0306220862521429,0.0739136518482995,0.15916895712789,1,1,0
2022-09-20,0,26.799999237060547,27.40999984741211,26.56999969482422,27.270000457763672,25.894454956054688,13683000,25.93512359885795,0.0248760447872814,0.0095800345344144,0.039646137704572,0.0306175078859904,0.0738868529104534,0.1591107169883684,1,1,1
2022-09-21,0,26.850000381469727,26.850000381469727,25.479999542236328,25.86000061035156,24.55557632446289,39457700,34.13758054767884,-0.0530898814494177,-0.0195295952092927,0.0007737068741064,0.030641479882322,0.0738639306018279,0.1590545307693762,-1,-1,0
2022-09-22,0,26.11000061035156,26.239999771118164,25.049999237060547,25.82999992370605,24.52709007263184,19610900,37.57036255025218,-0.0011607460278932,-0.023341360522628,0.0167873490725921,0.0306305011447194,0.0738421464883996,0.1589967433777428,0,-1,1
2022-09-23,0,25.36000061035156,25.71999931335449,24.780000686645508,25.38999938964844,24.109283447265625,13326500,40.07392306843472,-0.0171812523410552,-0.0397660368389598,-0.0191151070834981,0.0306235180698098,0.0738268180174055,0.1589443818890876,-1,-1,-1
2022-09-26,0,25.209999084472656,25.38999938964844,23.850000381469727,23.920000076293945,22.713436126708984,9441100,40.52681628951145,-0.059640322366082,-0.0956141059070537,-0.0876032917260831,0.030656244576513,0.0738530946116578,0.1589187295506879,-1,-1,-1
2022-09-27,0,23.93000030517578,24.459999084472656,23.739999771118164,24.420000076293945,23.18821144104004,16453700,42.89718314988202,0.0206873727515874,-0.0855087846455793,-0.0580680566979927,0.0306496002374011,0.0738694780688549,0.1588789410464441,1,-1,-1
2022-09-28,0,24.40999984741211,25.049999237060547,24.229999542236328,24.82999992370605,23.577533721923828,14904200,43.646815847926845,0.0166502757032124,-0.0937345537296483,-0.0207260620659185,0.0306413178016426,0.0738936362282527,0.1588270757528024,1,-1,-1
2022-09-29,0,24.309999465942383,24.56999969482422,23.989999771118164,24.38999938964844,23.159725189208984,12208400,45.50779600077562,-0.017879510810063,-0.0585241830902936,-0.0558136249414007,0.0306346448085515,0.0738887067309592,0.158786435791053,-1,-1,-1
2022-09-30,0,24.270000457763672,25.15999984741211,24.040000915527344,24.809999465942383,23.55854034423828,9157500,44.19746541366538,0.0170736151520218,-0.0402898219103784,-0.03796428002419,0.0306265359065648,0.0738735153351752,0.1587394359816279,1,-1,-1
2022-10-03,0,25.5,26.559999465942383,25.5,26.350000381469727,25.02085876464844,16917100,46.50136150121561,0.0602214255416652,0.0371128559723421,0.0347524707369907,0.0306561001848496,0.0738509937280747,0.1586816089500909,1,1,1
2022-10-04,0,26.549999237060547,27.239999771118164,26.38999938964844,26.520000457763672,25.18228530883789,16640000,47.25475461184426,0.0064309558101976,0.1031841341486219,0.0302416026670407,0.030645397855555,0.0738683975164703,0.15862381313206,1,1,1
2022-10-05,0,26.850000381469727,27.1200008392334,26.21999931335449,26.64999961853028,25.305727005004883,10751500,39.14299128911316,0.0048899505638592,0.0873867119608936,0.02507724688657,0.0306345535273169,0.0738723248745188,0.1585661584432413,1,1,1
2022-10-06,0,26.920000076293945,27.420000076293945,26.850000381469727,27.020000457763672,25.657066345214844,11803600,37.06913225504811,0.0137882907663714,0.0845247270240524,0.0213211769259101,0.0306253695370096,0.0738740406743003,0.158508700038081,1,1,1
2022-10-07,0,26.82999992370605,26.88999938964844,26.14999961853028,26.32999992370605,25.00186920166016,8012500,35.660990131004134,-0.0258684345779893,0.0765358032561261,0.0203344611188392,0.0306231050433238,0.0738701082510121,0.1584513497893109,-1,1,1
2022-10-10,0,26.71999931335449,26.71999931335449,26.06999969482422,26.229999542236328,24.906911849975582,5090700,34.64070800331271,-0.0038052408519876,0.0556569472521165,0.0049685213605577,0.0306124670629968,0.0738544447987178,0.1583953488525071,-1,1,0
2022-10-11,0,26.290000915527344,26.75,26.09000015258789,26.21999931335449,24.897417068481445,12934600,33.9481463228202,-0.0003812833870208,-0.0049457616765696,-0.0030464334089964,0.0306015611858288,0.0738288163436597,0.1583405067266227,0,0,0
2022-10-13,0,26.0,26.6299991607666,25.450000762939453,26.40999984741211,25.07783317565918,8057300,32.209637747101155,0.0072202496269034,-0.0041564678598638,-0.0224645013612758,0.0305910258543625,0.0738031152651384,0.1582896013245061,1,0,-1
2022-10-14,0,26.549999237060547,26.89999961853028,26.07999992370605,26.25,24.9259033203125,10170300,31.86926580590255,-0.0060767587992047,-0.0151231772229278,-0.0045610084547702,0.0305807583008207,0.0737793598957733,0.1582351091523908,-1,-1,0
2022-10-17,0,26.39999961853028,26.979999542236328,26.26000022888184,26.81999969482422,25.467151641845703,5681900,31.04234722664351,0.0214818941227072,-0.0074295738665918,0.0142698663824953,0.0305745537112211,0.0737541605404109,0.158178435730515,1,-1,0
2022-10-18,0,26.979999542236328,27.309999465942383,26.75,27.309999465942383,25.932435989379883,12560800,29.90679648951617,0.0181050891146303,0.0365439498260276,0.0331315315218489,0.0305669034901088,0.0737316260311337,0.1581212095594125,1,1,1
2022-10-19,0,27.32999992370605,27.729999542236328,27.07999992370605,27.39999961853028,26.017894744873047,10919300,28.336017490102854,0.0032900207321408,0.0436392114101562,0.0402138055519777,0.0305560565844245,0.0737112912756126,0.1580642350493879,1,1,1
2022-10-20,0,27.65999984741211,27.96999931335449,27.459999084472656,27.56999969482422,26.179323196411133,13616700,29.318527878783595,0.0061853475174559,0.0502058423146328,0.0358171015793207,0.0305454447257225,0.0736934207988644,0.1580071775811143,1,1,1
2022-10-21,0,27.5,28.809999465942383,27.459999084472656,28.59000015258789,27.14787101745605,15147300,30.58006790780385,0.0363287195267314,0.0793143122144608,0.0472697763187705,0.0305487547655642,0.0736914284940984,0.1579507424972021,1,1,1
2022-10-24,0,28.489999771118164,28.90999984741211,27.799999237060547,28.0,26.587629318237305,16706600,33.418838136240616,-0.0208525833539199,0.0645384876597457,0.0795070744142683,0.0305436807242289,0.073680337873852,0.1578991591780347,-1,1,1
2022-10-25,0,27.799999237060547,28.15999984741211,27.459999084472656,27.57999992370605,26.188819885253903,11013700,35.300501303487145,-0.015113446629588,0.0279431469074503,0.0655543738125735,0.0305360148234037,0.0736558968172424,0.1578449727191492,-1,1,1
2022-10-26,0,26.5,27.32999992370605,26.190000534057617,26.31999969482422,24.992374420166016,15463200,36.05045513972776,-0.0467618426126571,-0.036923784819837,0.0359737835409715,0.0305521369307965,0.0736396535564398,0.1577881606533081,-1,-1,1
2022-10-27,0,26.61000061035156,28.15999984741211,26.459999084472656,27.290000915527344,25.9134464263916,11648500,37.21213889095321,0.0361912458812511,-0.0040225596707267,0.1318053517883046,0.0305553508804038,0.0736142018199726,0.1577545686311077,1,0,1
2022-10-28,0,27.11000061035156,27.489999771118164,26.81999969482422,27.420000076293945,26.0368881225586,10215400,37.35733967411553,0.0047523054301816,-0.005455601758001,0.115870284466899,0.0305446506484063,0.073588959727409,0.1577142393343847,1,0,1
2022-10-31,0,26.89999961853028,29.01000022888184,26.6200008392334,28.940000534057617,27.48021507263184,17966200,41.42017341982553,0.0539519873812704,0.0121676660965381,0.1531719961449568,0.0305658021402617,0.0735628691809154,0.1576915208093388,1,1,1
2022-11-01,0,29.049999237060547,29.530000686645508,28.280000686645508,29.020000457763672,27.556182861328125,18217800,43.47224442782222,0.0027606398599759,0.0357808893104339,0.1738121468149958,0.0305550040899475,0.0735403334028255,0.1576812218353827,0,1,1
2022-11-03,0,28.549999237060547,29.600000381469727,28.43000030517578,28.88999938964844,27.432735443115234,18015700,45.91826554574779,-0.0044899092182051,0.0464044267218169,0.1522486224447689,0.0305446064332643,0.0735211560608194,0.1576579389116431,-1,1,1
2022-11-04,0,29.489999771118164,30.0,29.309999465942383,29.40999984741211,27.9265079498291,15931300,46.94766693746215,0.017839319010918,0.111005588345392,0.1098665159140215,0.0305369176516545,0.0735456811855269,0.1576154129361753,1,1,1
2022-11-07,0,29.32999992370605,29.450000762939453,28.309999465942383,28.440000534057617,27.00543785095215,8793200,44.92502597677105,-0.033538095878389,0.0412762465857519,0.0698974642254348,0.0305402892108086,0.0735247524625928,0.1575622842134268,-1,1,1
2022-11-08,0,29.0,29.1200008392334,28.14999961853028,28.6299991607666,27.185850143432617,11899500,43.520073751218966,0.006658375015233,0.0431823161708034,0.0716658886768089,0.030529825843624,0.0735044566112237,0.1575095254235309,1,1,1
2022-11-09,0,28.700000762939453,28.809999465942383,27.8700008392334,28.14999961853028,26.73006629943848,9186300,43.020848436189375,-0.0169076121421499,-0.0276772833526169,0.0409699857682875,0.0305229453708088,0.0734847973001476,0.1574533480464193,-1,-1,1
2022-11-10,0,27.489999771118164,27.56999969482422,25.75,26.1299991607666,24.81195831298828,28425700,46.73238224479999,-0.0744632834913648,-0.1049012067039578,-0.0076248631450878,0.0305785798936874,0.0735207920134784,0.1574004880190553,-1,-1,0
2022-11-11,0,26.100000381469727,26.690000534057617,25.38999938964844,25.670000076293945,24.37516021728516,20944800,49.16160949249654,-0.0177611371153908,-0.1181724346011435,-0.0215807594084911,0.0305720253424778,0.0735719313468746,0.1573505955880625,-1,-1,-1
2022-11-14,0,26.15999984741211,26.440000534057617,25.709999084472656,26.25,24.9259033203125,8519400,48.537382988207625,0.0223429668491689,-0.1136687867628926,0.0011434908276986,0.0305663312131581,0.0736174842870929,0.1572964614254197,1,-1,0
2022-11-16,0,26.3799991607666,26.3799991607666,24.3700008392334,24.57999992370605,23.34014320373535,13926100,46.57381803289677,-0.0657327943387878,-0.1458634852232914,-0.0718095531379926,0.0306073251401581,0.0737054117974294,0.1572644467330658,-1,-1,-1
2022-11-17,0,23.89999961853028,24.14999961853028,23.0,23.950000762939453,22.74192237854004,19114900,45.79034414684151,-0.0259647403253388,-0.1784866005638635,-0.0916975346641268,0.0306051159143952,0.0738460348236057,0.1572426263012115,-1,-1,-1
2022-11-18,0,24.96999931335449,25.75,24.709999084472656,25.020000457763672,23.75794982910156,10676600,42.98993779386602,0.0437071820533838,-0.1178718063683296,-0.0694722467334501,0.030614977201053,0.073895714064818,0.157209531168854,1,-1,-1
2022-11-21,0,25.36000061035156,25.64999961853028,24.459999084472656,25.270000457763672,23.995338439941406,7717200,39.96645719967681,0.009942375695862,-0.0334661471811026,-0.0776349601522182,0.030605081300497,0.0738779006633342,0.1571803123207464,1,-1,-1
2022-11-22,0,25.600000381469727,25.6299991607666,24.0,24.18000030517578,22.9603214263916,13211300,40.7332615533575,-0.0440920090527494,-0.0597970191184611,-0.1250169899371085,0.0306179830296241,0.0738737974151726,0.1571794728066356,-1,-1,-1
2022-11-23,0,24.1200008392334,24.90999984741211,23.959999084472656,24.65999984741211,23.416105270385746,9945100,39.67833245533315,0.0196564742792824,-0.0624835116883477,-0.1115458631752821,0.0306111021757518,0.0738714353686327,0.1571694672777992,1,-1,-1
2022-11-24,0,24.780000686645508,26.09000015258789,24.780000686645508,25.8700008392334,24.565073013305664,6104400,38.56551469855711,0.0479015928256029,0.051150875476043,-0.0999729898764104,0.0306251767725612,0.0738543576451912,0.1571522668436081,1,1,-1
2022-11-25,0,25.46999931335449,25.709999084472656,24.479999542236328,24.6200008392334,23.378124237060547,9060400,32.820930659961846,-0.0495249144216859,0.0275907013796961,-0.1286453209441763,0.0306440153407768,0.0738302530912464,0.1571538159333038,-1,1,-1
2022-11-28,0,24.700000762939453,25.040000915527344,24.290000915527344,24.38999938964844,23.159725189208984,4393800,28.062430830931905,-0.0093859365603856,-0.0255024172340733,-0.1229178108749739,0.030634606735518,0.0738096661027011,0.1571512389658449,-1,-1,-1
2022-11-29,0,24.59000015258789,25.420000076293945,24.21999931335449,24.96999931335449,23.710468292236328,8230700,27.86220719748936,0.0235018638311857,-0.0119429290987497,-0.052654104431131,0.0306295128597866,0.0737856603187881,0.1571111010090745,1,-1,-1
2022-11-30,0,24.8700008392334,25.530000686645508,24.26000022888184,25.040000915527344,23.776939392089844,9267400,26.64355740451292,0.0027995271381625,0.034948607092162,-0.0860458231742196,0.0306188409153669,0.0737632667616693,0.1570860125528785,0,1,-1
2022-12-01,0,24.8799991607666,25.25,24.64999961853028,24.850000381469727,23.59652137756348,9011200,24.0583823492148,-0.0076168759413949,0.0076752568714847,-0.0984150045457962,0.0306090677683352,0.0737374351284638,0.1570677451760535,-1,1,-1
2022-12-02,0,25.100000381469727,25.770000457763672,24.57999992370605,25.59000015258789,24.299196243286133,13790100,25.00635126093139,0.0293439714800464,-0.0108823644740716,-0.1230230204470201,0.0306073313984163,0.0737133129344016,0.1570650719273387,1,-1,-1
2022-12-05,0,25.440000534057617,25.61000061035156,24.350000381469727,24.420000076293945,23.18821144104004,13680800,26.54360940218613,-0.0467992514011492,-0.008156701453535,-0.1725829117081454,0.0306230309070063,0.0736887629759303,0.1571020096381055,-1,-1,-1
2022-12-06,0,24.96999931335449,24.989999771118164,24.14999961853028,24.309999465942383,23.08376121520996,11962000,26.226886350589357,-0.0045146293638103,-0.0032853942569597,-0.1726076318537504,0.0306127522418743,0.0736636071573638,0.1571387785164303,-1,0,-1
2022-12-07,0,24.290000915527344,24.809999465942383,23.84000015258789,23.90999984741211,22.70393943786621,9673000,26.072524283397776,-0.0165909396777708,-0.0433781977659163,-0.2070378905424394,0.0306057384274497,0.0736503498941882,0.1572093173648064,-1,-1,-1
2022-12-08,0,23.799999237060547,23.8700008392334,22.8799991607666,22.940000534057617,21.782865524291992,14289100,27.950233295051568,-0.0414147773261916,-0.0875925022302704,-0.2149145719902421,0.0306158040619006,0.0736678057577761,0.1572880480056423,-1,-1,-1
2022-12-09,0,23.3700008392334,23.520000457763672,22.920000076293945,22.920000076293945,21.763877868652344,9087000,27.786715690374045,-0.0008720586369288,-0.0808476849258043,-0.222445005642404,0.0306052161662266,0.0736793019525952,0.157374809938737,0,-1,-1
2022-12-12,0,22.790000915527344,23.229999542236328,21.51000022888184,21.780000686645508,20.681379318237305,23325400,32.217740128836155,-0.0510178713956824,-0.1612095278015333,-0.2565552648959365,0.0306255717354852,0.0737884653267431,0.1575022126594658,-1,-1,-1
2022-12-13,0,21.88999938964844,22.280000686645508,20.709999084472656,20.850000381469727,19.798290252685547,17576700,33.99687787722672,-0.0436381624923841,-0.1580484388927682,-0.2257301438969558,0.0306377330799691,0.0738921492441266,0.1575918732814875,-1,-1,-1
2022-12-14,0,20.690000534057617,21.780000686645508,20.049999237060547,21.5,20.41550064086914,27100800,37.87244141768619,0.0306988645606,-0.1228349449683579,-0.1772701422209649,0.0306369535326056,0.0739463812864243,0.1576313322887122,1,-1,-1
2022-12-15,0,21.01000022888184,21.959999084472656,20.799999237060547,21.84000015258789,20.73835182189941,13315200,38.61166669952144,0.0156902834174035,-0.0905537218731835,-0.1839228256527304,0.0306287042603524,0.0739657820041237,0.1576768025280567,1,-1,-1
2022-12-16,0,21.540000915527344,21.540000915527344,20.700000762939453,20.959999084472656,19.90274238586425,12917600,37.70376044177682,-0.0411272005049367,-0.0902661450519286,-0.1593172318188793,0.0306383630470928,0.0739848241784568,0.1577001080358245,-1,-1,-1
2022-12-19,0,20.670000076293945,22.18000030517578,20.6200008392334,21.989999771118164,21.07794761657715,15461600,37.80463493754927,0.0573698267201214,-0.0320242596948785,-0.075982664773419,0.0306633619854883,0.0739663837638417,0.1576690477743396,1,-1,-1
2022-12-20,0,21.809999465942383,23.170000076293945,21.71999931335449,22.68000030517578,21.73932838439941,16304200,38.71628637040016,0.0308956308431996,0.0498892425440034,-0.0887942159836034,0.0306626720598756,0.0739492321890525,0.1576443096370551,1,1,-1
2022-12-21,0,22.75,23.3700008392334,22.540000915527344,23.200000762939453,22.237762451171875,10807500,38.95747930167414,0.0226688669770793,0.1161962720134671,-0.0760677247023862,0.0306572393436191,0.0739791507781908,0.1576132883536134,1,1,-1
2022-12-22,0,23.239999771118164,23.600000381469727,22.81999969482422,23.059999465942383,22.10356903076172,10985600,38.1608148635323,-0.0060527650215779,0.0794446424312891,-0.0380284806712147,0.0306472554930978,0.0739778283981865,0.1575678378106374,-1,1,-1
2022-12-23,0,23.200000762939453,24.6200008392334,23.190000534057617,24.5,23.48384475708008,14376400,39.78873630445946,0.0605736375081087,0.1243279965219943,0.0028886825576117,0.0306762415864462,0.0740161263349546,0.1575140895447879,1,1,0
2022-12-26,0,24.64999961853028,24.770000457763672,23.440000534057617,23.88999938964844,22.89914321899414,6555600,35.920648208569744,-0.0252132317550197,0.1402419652719114,-0.0702261420230109,0.0306735642918111,0.0740728050176968,0.1574805047675228,-1,1,-1
2022-12-27,0,23.989999771118164,24.059999465942383,22.93000030517578,23.32999992370605,22.36237144470215,7778800,33.89470748191744,-0.0237197957239715,0.0591523428278184,-0.0444210233252965,0.0306700158537103,0.0740595901325493,0.1574371348284919,-1,1,-1
2022-12-28,0,23.549999237060547,24.540000915527344,23.549999237060547,24.489999771118164,23.47425842285156,6141900,29.132410423557367,0.0485247343959011,0.0767814463805202,0.0134896476309901,0.0306845031889485,0.0740562936762994,0.1573825921081649,1,1,0
2022-12-29,0,25.0,25.09000015258789,23.780000686645508,23.93000030517578,22.937484741210938,5493300,27.38472689219821,-0.0231319739332216,0.0309806054702192,-0.0331441901334171,0.0306806360840025,0.0740332479021251,0.1573359577568324,-1,1,-1
2023-01-02,0,23.170000076293945,23.200000762939453,22.07999992370605,22.3799991607666,21.451770782470703,8056700,26.40380296125124,-0.0669652646532837,-0.0299318941614865,-0.1029089819248633,0.0307222353442503,0.0740142938682591,0.1573190896954837,-1,-1,-1
2023-01-03,0,22.5,22.51000022888184,21.209999084472656,21.309999465942383,20.426149368286133,10776400,25.17244502846954,-0.0489912841440432,-0.1394968158136385,-0.1442833901275115,0.0307398773570305,0.0740895675050001,0.1573299741585029,-1,-1,-1
2023-01-04,0,21.86000061035156,22.32999992370605,21.3799991607666,21.989999771118164,21.07794761657715,11174400,23.78823603290949,0.0314114455068287,-0.08287213855179,-0.1422159161007293,0.0307395062570007,0.074102052705498,0.1573391853035067,1,-1,-1
2023-01-05,0,22.18000030517578,22.850000381469727,21.850000381469727,22.729999542236328,21.934579849243164,11518200,23.931562017894077,0.0398370227898872,-0.0193153200379313,-0.0555796419096928,0.0307455875772314,0.0740798729233976,0.1572997561889655,1,-1,-1
2023-01-06,0,22.6200008392334,23.1200008392334,22.5,22.86000061035156,22.06003189086914,5299900,22.46591241739255,0.0057030793859655,-0.0621369750478671,-0.0453619331599171,0.0307352627662798,0.0740768835181376,0.1572568185949247,1,-1,-1
2023-01-09,0,22.71999931335449,22.989999771118164,22.229999542236328,22.63999938964844,21.84773063659668,6025000,20.06810989655684,-0.0096704043442658,-0.0486754054589113,-0.038441397826412,0.030726058803273,0.0740660171864152,0.1572117849346769,-1,-1,-1
2023-01-10,0,22.3799991607666,23.8700008392334,21.96999931335449,23.86000061035156,23.02503776550293,10150800,21.041347874028947,0.0524851672132466,0.070775026407619,0.0554585467130261,0.0307447695818026,0.0740591857488818,0.1571588641073611,1,1,1
2023-01-11,0,23.6200008392334,23.690000534057617,23.07999992370605,23.420000076293945,22.60043716430664,9443600,21.500897173975744,-0.018612972691045,0.1011533378606172,0.0377176326589098,0.0307386510154593,0.0740744417923575,0.1571045105596281,-1,1,1
2023-01-12,0,22.780000686645508,23.280000686645508,22.489999771118164,22.75,21.953882217407227,27722800,26.907480363136784,-0.0290252593656994,0.0407166329880888,0.0597102446888929,0.0307383433419253,0.0740541240000911,0.1570522606807916,-1,1,1
2023-01-13,0,22.809999465942383,22.89999961853028,21.950000762939453,22.1299991607666,21.35557556152344,11944600,28.410105214992587,-0.0276311342754066,-0.026751524077205,0.0757172729058704,0.0307371058045064,0.0740341647664991,0.157002893173292,-1,-1,1
2023-01-16,0,21.64999961853028,21.959999084472656,21.100000381469727,21.21999931335449,20.47742462158203,29056600,33.32459564128955,-0.0419898146387562,-0.0744444181019267,0.003028593706514,0.030747347865077,0.0740398611120412,0.15694982367636,-1,-1,0
2023-01-17,0,21.420000076293945,22.5,21.15999984741211,22.270000457763672,21.49068069458008,14211600,34.317526226448685,0.0482963437336536,-0.0164776700240072,0.0356346540227641,0.0307614538034739,0.0740171484533215,0.1568956086495967,1,-1,1
2023-01-18,0,22.38999938964844,23.25,22.26000022888184,22.71999931335449,21.92493057250977,16624400,35.81868519640483,0.0200049865646903,-0.0489578506725637,0.096766841092391,0.030754865954685,0.0740065112087979,0.1568518338552637,1,-1,1
2023-01-19,0,22.520000457763672,22.540000915527344,21.84000015258789,22.049999237060547,21.27837562561035,10802300,35.55337148266923,-0.0299330434860982,-0.0602779214676167,0.0094639708861715,0.0307551494613884,0.0740023514298509,0.1567983227759634,-1,-1,0
2023-01-20,0,22.040000915527344,22.1299991607666,21.239999771118164,21.38999938964844,20.6414737701416,17639500,38.43088154564065,-0.0303889865205518,-0.0616416486224691,-0.0518206464775797,0.0307557346642298,0.0739990281383259,0.1567580667548184,-1,-1,-1
2023-01-23,0,21.31999969482422,21.600000381469727,20.600000381469727,20.93000030517578,20.19757080078125,14558600,40.321549983097874,-0.0217400018677858,-0.0557505162148482,-0.0962295153224449,0.0307510873589272,0.0739920924364621,0.1567377204240357,-1,-1,-1
2023-01-24,0,20.920000076293945,21.290000915527344,20.56999969482422,21.209999084472656,20.467771530151367,14975600,41.16894588472576,0.0132891887972187,-0.0004715127788732,-0.0768875615036483,0.0307422453958464,0.0739671105594635,0.1567076383590528,1,0,-1
2023-01-25,0,20.89999961853028,21.93000030517578,20.530000686645508,21.76000022888184,20.99852561950684,12655100,41.77787002043022,0.02560069807796,-0.0231671584345666,-0.1118605009337968,0.0307383767403124,0.073946144917116,0.1566963062041,1,-1,-1
2023-01-26,0,21.6299991607666,21.88999938964844,21.14999961853028,21.65999984741211,20.90202522277832,12119700,37.6418896503114,-0.0046061717761646,-0.0477783167754214,-0.0912534409549418,0.030728307885777,0.0739348809522744,0.1566732487517792,-1,-1,-1
2023-01-27,0,21.57999992370605,21.709999084472656,21.09000015258789,21.270000457763672,20.525671005249023,6927000,36.32760129586215,-0.0181697079885317,-0.0360149812778549,-0.0857033532195019,0.0307220218872909,0.0739182933622847,0.1566473534397365,-1,-1,-1
2023-01-30,0,21.299999237060547,21.40999984741211,20.68000030517578,21.100000381469727,20.36162376403809,13752600,32.66095637311777,-0.0080244057426972,-0.0136504005000004,-0.1422524933581005,0.0307125369480948,0.0738951246968645,0.1566565148542144,-1,-1,-1
2023-01-31,0,21.190000534057617,21.88999938964844,21.100000381469727,21.68000030517578,20.92132568359375,10555500,31.67634551811877,0.0271170652292431,0.0352066665970284,-0.0920034541956358,0.030709540911125,0.0738736070070151,0.1566337737968013,1,1,-1
2023-02-01,0,21.600000381469727,21.84000015258789,20.64999961853028,21.420000076293945,20.67042350769043,17729200,31.699409160496504,-0.0120651438989176,0.009852333900892,-0.0371033334412696,0.0307010783328741,0.0738485257600652,0.1565889630254913,-1,1,-1
2023-02-02,0,21.040000915527344,21.86000061035156,20.56999969482422,20.59000015258789,19.869468688964844,13427700,32.12949290703357,-0.0395195456380633,-0.0552679098151314,-0.0276315949352897,0.0307089521912458,0.0738413631581338,0.1565417232185167,-1,-1,-1
2023-02-03,0,20.5,20.739999771118164,20.049999237060547,20.06999969482422,19.36766624450684,8914200,29.900746085747613,-0.0255793296771996,-0.0762410677161664,-0.0846223701193181,0.0307064402604052,0.0738482301500815,0.1565152774159261,-1,-1,-1
2023-02-06,0,20.13999938964844,20.38999938964844,19.64999961853028,20.100000381469727,19.396617889404297,17340300,30.393096524879702,0.0014937281019082,-0.0565776316257264,-0.122965664807297,0.0306960589818058,0.0738417783318509,0.1565107708168134,0,-1,-1
2023-02-07,0,20.020000457763672,20.25,19.81999969482422,20.15999984741211,19.45451545715332,11974800,29.536869572219324,0.0029804850269175,-0.0455727408561117,-0.1256882591663449,0.0306857237296768,0.0738294415339593,0.1565080034464554,0,-1,-1
2023-02-08,0,20.190000534057617,21.229999542236328,20.11000061035156,20.989999771118164,20.25547218322754,18721200,30.85774458365845,0.0403457880168841,-0.0323440180684706,-0.075672066805195,0.0306922519257454,0.0738115260570586,0.1564773089178927,1,-1,-1
2023-02-09,0,21.14999961853028,21.729999542236328,20.76000022888184,20.790000915527344,20.062471389770508,11745800,30.651973945795817,-0.0095740134829854,-0.0298528876525384,-0.1377312475014271,0.0306831658606119,0.0737927513827858,0.1564827856871934,-1,-1,-1
2023-02-10,0,20.670000076293945,21.1299991607666,20.170000076293945,20.84000015258789,20.11072158813477,14238000,32.33007173202175,0.0024021103620834,0.0120687683476083,-0.1167161644482985,0.0306728357652599,0.0737679037252128,0.156474063174753,0,1,-1
2023-02-13,0,21.770000457763672,21.940000534057617,21.1200008392334,21.299999237060547,20.55462455749512,29685800,36.17338079749568,0.0218328697226176,0.0594809677474255,-0.0658580353599814,0.0306671860635953,0.073755602511381,0.1564391595551259,1,1,-1
2023-02-14,0,21.31999969482422,21.51000022888184,20.40999984741211,20.59000015258789,19.869468688964844,11938400,36.36399627917457,-0.0339016380702259,0.0240856015752913,-0.0721285391548007,0.0306703688580802,0.073732019950722,0.1564068792755151,-1,1,-1
2023-02-15,0,20.690000534057617,21.68000030517578,20.36000061035156,21.38999938964844,20.6414737701416,14623800,35.61183840993256,0.0381180248077384,0.0592231413561121,0.0079793002916938,0.0306750206523117,0.0737196074573397,0.1563542186450479,1,1,0
2023-02-16,0,21.14999961853028,21.690000534057617,20.8799991607666,21.600000381469727,20.84412384033203,13324700,35.739195063646726,0.009769736666935,0.028647090006163,-0.0305473067750247,0.0306655114700462,0.0736968691963218,0.1563079186283343,1,1,-1
2023-02-17,0,21.25,21.31999969482422,20.540000915527344,20.90999984741211,20.178272247314453,13806600,36.97250453032407,-0.0324656841437546,0.0057554193453938,-0.0830179774834695,0.0306676135262301,0.0736720253978153,0.1562806425865217,-1,0,-1
2023-02-22,0,20.5,20.82999992370605,20.06999969482422,20.61000061035156,19.88876914978028,7554800,34.806275553043854,-0.014451186095255,-0.0110978771119447,-0.0675361200926265,0.0306599851312422,0.0736487039708096,0.1562465227864404,-1,-1,-1
2023-02-23,0,20.6299991607666,21.01000022888184,20.209999084472656,20.729999542236328,20.00457000732422,9816900,34.38043840458936,0.0058055397336654,-0.0271252071008969,-0.0313415938384093,0.0306499308462199,0.0736292344066623,0.1562005124120266,1,-1,-1
2023-02-24,0,20.56999969482422,20.61000061035156,20.15999984741211,20.299999237060547,19.58961677551269,8436100,31.88990188887617,-0.020961078303364,-0.0141846473340349,-0.0305626702739875,0.0306450044705753,0.073606508017608,0.1561543480884402,-1,-1,-1
2023-02-27,0,20.350000381469727,20.5,19.850000381469727,19.90999984741211,19.21326446533203,12679500,31.98261957787621,-0.0193987714437286,-0.0717014435855019,-0.0632506305149349,0.0306393482982956,0.073610030659975,0.1561185943610695,-1,-1,-1
2023-02-28,0,19.90999984741211,20.25,19.850000381469727,20.100000381469727,19.396617889404297,7519700,30.347307099811907,0.0094978172024723,-0.0719733630499646,-0.0793535113904228,0.0306298496570228,0.0736137058888624,0.1560896682746692,1,-1,-1
2023-03-01,0,20.309999465942383,20.3799991607666,19.020000457763672,19.440000534057617,18.75971412658692,22893100,28.243648486632868,-0.0333870102662319,-0.0728946891724419,-0.1081343498804901,0.0306326161022502,0.0736180041603804,0.1560757082517727,-1,-1,-1
2023-03-02,0,19.540000915527344,19.8700008392334,19.309999465942383,19.3799991607666,18.701812744140625,12513200,28.206512313943332,-0.0030912476554405,-0.0615347507326273,-0.093055889547399,0.0306225627404888,0.0736145937555239,0.1560534348081559,-1,-1,-1
2023-03-03,0,19.209999084472656,19.450000762939453,19.0,19.31999969482422,18.643911361694336,6461200,26.094911315424525,-0.0031008331061664,-0.0704411235724593,-0.0881323169108682,0.0306125201466532,0.0736170608787433,0.1560286606436495,-1,-1,-1
2023-03-06,0,19.40999984741211,20.0,19.14999961853028,19.780000686645508,19.08781623840332,10051000,25.095072379515774,0.0235306139892816,-0.0259494312798135,-0.0917187681508295,0.0306077749466116,0.0735972484179884,0.1560056765210896,1,-1,-1
2023-03-07,0,19.530000686645508,19.780000686645508,19.200000762939453,19.40999984741211,18.730762481689453,3610300,22.639192243936733,-0.0188830134942299,-0.0254336733303149,-0.0985366377461417,0.0306019217651605,0.0735772986103284,0.1559862482670866,-1,-1,-1
2023-03-08,0,19.32999992370605,20.700000762939453,19.32999992370605,20.690000534057617,19.96596908569336,12162700,23.71695969915169,0.0638620538249501,0.0289305632921629,0.0048449617168716,0.0306345844491344,0.0735549183201526,0.1559343911232879,1,1,0
2023-03-09,0,20.540000915527344,21.239999771118164,20.489999771118164,20.979999542236328,20.245819091796875,10205200,23.836043589972597,0.0139190290676625,0.0762366026260573,0.0443433204617336,0.0306261430904954,0.073552282833144,0.1558824401883263,1,1,1
2023-03-10,0,20.540000915527344,20.540000915527344,19.850000381469727,20.07999992370605,19.377317428588867,10656800,24.31611765127947,-0.0438451303288859,0.0354827199526119,-0.0009955379690605,0.0306379587498716,0.0735314441212626,0.1558312842384382,-1,1,0
2023-03-13,0,19.690000534057617,19.89999961853028,19.280000686645508,19.530000686645508,18.8465633392334,11752400,24.058594560106098,-0.0277725962529311,0.0108109568058473,-0.0317486192489092,0.0306368327500489,0.0735069543575814,0.1557857479576403,-1,1,-1
2023-03-14,0,19.46999931335449,19.82999992370605,19.350000381469727,19.5,18.81761360168457,7722200,24.05226921470374,-0.0015372561198032,-0.0142569133032377,-0.0736316633855966,0.0306267155227901,0.0734844237477867,0.1557544106109721,0,-1,-1
2023-03-15,0,19.200000762939453,19.82999992370605,18.770000457763672,19.57999992370605,18.894813537597656,15729900,22.51270586086855,0.0040941434749585,0.0087202436659505,-0.0599635064276527,0.0306166284922422,0.0734599258688516,0.155717631397288,1,1,-1
2023-03-16,0,19.5,20.450000762939453,19.3799991607666,20.34000015258789,19.628219604492188,9629100,21.98866168997404,0.0380808380860566,-0.0170609720729429,-0.0242847787036797,0.0306212742367859,0.0734380102828534,0.1556704697723139,1,-1,-1
2023-03-17,0,20.100000381469727,20.11000061035156,19.6299991607666,19.809999465942383,19.11676597595215,7387200,22.230296068287863,-0.0264025566928387,-0.0573825578334442,-0.0725202051191361,0.0306193270907127,0.0734321907674551,0.155638710347861,-1,-1,-1
2023-03-20,0,19.96999931335449,20.01000022888184,19.09000015258789,19.3799991607666,18.701812744140625,10127800,22.20185239889796,-0.0219452924480537,-0.035482719952612,-0.0605638594969638,0.0306149294318668,0.0734158079260917,0.1556022200276277,-1,-1,-1
2023-03-21,0,19.489999771118164,19.82999992370605,19.32999992370605,19.32999992370605,18.65356063842773,6078000,22.73445538965057,-0.0025834105340069,-0.0102935342336877,-0.101265294838709,0.0306049242997922,0.0733926856402444,0.1555843916565136,0,-1,-1
2023-03-22,0,19.3799991607666,19.700000762939453,18.96999931335449,19.030000686645508,18.36406135559082,7262900,21.4601970471309,-0.0156414793564006,-0.0243977574702851,-0.1266765108620447,0.030597816483868,0.0733726522844848,0.155581787271813,-1,-1,-1
2023-03-23,0,19.030000686645508,19.229999542236328,17.93000030517578,18.290000915527344,17.64995765686035,17378500,22.625652463238858,-0.0396621831295802,-0.0681540840748237,-0.1338730098478702,0.0306056466010501,0.0733735938666455,0.1555839379414484,-1,-1,-1
2023-03-24,0,18.350000381469727,18.780000686645508,18.030000686645508,18.57999992370605,17.929807662963867,15332500,23.42199099997182,0.0157311761203917,-0.0905037460404884,-0.1036906476322234,0.0305978418277223,0.0733918661116102,0.1555673271441816,1,-1,-1
2023-03-27,0,18.809999465942383,19.1200008392334,18.46999931335449,18.81999969482422,18.16141128540039,10100000,22.978913321660848,0.0128345236552598,-0.0512666656923899,-0.096661663710629,0.0305892157103483,0.0733826080450883,0.155546905835711,1,-1,-1
2023-03-28,0,18.81999969482422,19.34000015258789,18.479999542236328,19.209999084472656,18.537761688232425,12286300,23.938673395372444,0.020510739952009,-0.0088106332923269,-0.0551898454552559,0.0305831811530141,0.0733593309675804,0.1555085011047638,1,-1,-1
2023-03-29,0,19.280000686645508,19.38999938964844,18.530000686645508,19.049999237060547,18.383358001708984,7040100,21.98541091822654,-0.00836402514078,-0.0145912478991,-0.0441550991523073,0.0305740454140897,0.0733370252597774,0.1554665912034969,-1,-1,-1
2023-03-30,0,19.59000015258789,20.3700008392334,19.38999938964844,19.86000061035156,19.165016174316406,17139000,23.60893599541916,0.0416407438643574,0.0426909753216579,-0.012012172490422,0.0305816926145897,0.0733186587389811,0.155417430230312,1,1,0
2023-03-31,0,19.989999771118164,20.299999237060547,19.540000915527344,19.64999961853028,18.962364196777344,16716400,25.654979396255573,-0.0106303598068365,0.0717227986444017,0.0107444779689733,0.0305730923029756,0.0733135869596194,0.1553658515190489,-1,1,0
2023-04-03,0,19.64999961853028,19.71999931335449,19.3700008392334,19.63999938964844,18.952713012695312,18574000,27.548019032599125,-0.0005090947982069,0.055482527725803,0.0133266308262069,0.0305630420259437,0.0733001402570368,0.1553141854194207,0,1,0
2023-04-04,0,19.770000457763672,20.459999084472656,19.6200008392334,20.21999931335449,19.51241683959961,11524700,28.84596265602533,0.0291039357506571,0.0717519398212003,0.0455313996830306,0.0305614164765502,0.0732950589266868,0.1552632509237281,1,1,1
2023-04-05,0,20.290000915527344,20.850000381469727,20.01000022888184,20.56999969482422,19.850170135498047,14135100,30.55959629138183,0.0171615542257634,0.0684027540949546,0.0391623399195123,0.0305541235363429,0.0732880443681012,0.1552118787914922,1,1,1
2023-04-06,0,20.43000030517578,20.76000022888184,20.18000030517578,20.450000762939453,19.7343692779541,15419200,30.53117380302256,-0.0058508291167633,0.0709159501189713,0.052194524296979,0.0305445966718733,0.0732824410422753,0.1551617411793036,-1,1,1
2023-04-10,0,20.36000061035156,21.040000915527344,20.34000015258789,20.850000381469727,20.120370864868164,12977800,30.3706382711811,0.0193710286716414,0.0486462349262552,0.0077034991436704,0.0305381328397836,0.0732661845258112,0.1551106221603157,1,1,0
2023-04-11,0,21.200000762939453,22.850000381469727,21.200000762939453,22.600000381469727,21.80912971496582,41223300,38.701041314714544,0.0805958986805063,0.1398724934135982,0.0743803687565142,0.0305959092119775,0.0733217168666504,0.1550642755099953,1,1,1
2023-04-12,0,22.6200008392334,23.739999771118164,22.549999237060547,23.15999984741211,22.34953498840332,31420700,44.22439446880081,0.024476838565449,0.1648584267772542,0.1427023376508493,0.0305916760614748,0.0734096509586251,0.1550425878628003,1,1,1
2023-04-13,0,23.170000076293945,23.520000457763672,22.739999771118164,23.01000022888184,22.20478248596192,18602900,47.5263713988755,-0.0064978219824498,0.129256669044147,0.1639771119213304,0.0305822749752544,0.0734525429517226,0.1550326276669478,-1,1,1
2023-04-14,0,22.89999961853028,23.299999237060547,22.76000022888184,22.950000762939453,22.14688491821289,14229900,47.37129979256397,-0.0026108421182734,0.1094842727001102,0.1629035259228602,0.030572402531293,0.0734753864004811,0.1550219866201485,0,1,1
2023-04-17,0,23.0,23.200000762939453,22.700000762939453,22.799999237060547,22.002132415771484,6781300,45.418193821590044,-0.0065574742036996,0.1087776276131739,0.1522519082442022,0.0305630291207081,0.0734974862701245,0.1550052482889922,-1,1,1
2023-04-18,0,22.76000022888184,23.229999542236328,22.6200008392334,23.13999938964844,22.33023452758789,10459500,44.03915731043826,0.0148021919490588,0.1042087908905912,0.1289732621072046,0.0305550017611789,0.0735154352819932,0.1549769541819955,1,1,1
2023-04-19,0,22.850000381469727,22.979999542236328,22.39999961853028,22.43000030517578,21.64508056640625,14246600,45.01110459414695,-0.0311633655410661,-0.0075504733309811,0.1242124532589772,0.0305562183366544,0.0734922667763722,0.1549465917704778,-1,-1,1
2023-04-20,0,22.5,22.850000381469727,22.280000686645508,22.75,21.953882217407227,6869100,43.50033803178785,0.0141657872201402,-0.0178615246762899,0.1603235329271713,0.0305480266617928,0.0734709505977702,0.1549343396562974,1,-1,1
2023-04-24,0,22.64999961853028,22.82999992370605,22.34000015258789,22.43000030517578,21.64508056640625,9891800,42.45056744781128,-0.0141657872201401,-0.0255294899139803,0.1487411562410379,0.0305405653274738,0.0734516271319492,0.1549156451318429,-1,-1,1
2023-04-25,0,22.229999542236328,22.8799991607666,21.920000076293945,22.700000762939453,21.90563201904297,7679400,41.36917245663548,0.0119655705205714,-0.0109530772751352,0.1763482061180101,0.030531831982885,0.0734290173236946,0.1549131252564645,1,-1,1
2023-04-26,0,22.51000022888184,22.739999771118164,22.0,22.39999961853028,21.616130828857425,9630600,33.32683617020199,-0.0133039399714697,-0.0176995430429053,0.2027064492761206,0.0305241111056768,0.0734077190858284,0.1549290202607547,-1,-1,1
2023-04-27,0,22.31999969482422,23.309999465942383,22.31999969482422,23.14999961853028,22.33988380432129,10394300,27.855249620583862,0.0329337587807432,0.0004320237887791,0.2199090319364721,0.0305249205177145,0.0733838935320042,0.1549584413537556,1,0,1
2023-04-28,0,23.299999237060547,23.61000061035156,22.950000762939453,23.420000076293945,22.60043716430664,10605200,25.836817301088104,0.0115956572559944,0.0431910465858397,0.2186701655372069,0.0305161222609235,0.0733656900524869,0.1549866888377878,1,1,1
2023-05-02,0,23.39999961853028,23.420000076293945,22.459999084472656,22.57999992370605,21.789831161499023,12518800,25.34364500832269,-0.0365258491577341,-0.0075005897920346,0.1616335764274635,0.030521371834742,0.0733426645732329,0.1549748462106699,-1,-1,1
2023-05-03,0,22.57999992370605,22.71999931335449,22.309999465942383,22.65999984741211,21.867033004760746,6299000,25.21020961449865,0.0035367599212837,0.0102019573493892,0.1735343614895273,0.0305114938131416,0.0733187501844943,0.1549701488450034,1,1,1
2023-05-04,0,22.770000457763672,23.530000686645508,22.6200008392334,23.200000762939453,22.388134002685547,10569400,25.24590130921572,0.0235509260723524,0.0217873129011702,0.1554445436975222,0.0305068967483737,0.0732957731746758,0.154954731069177,1,1,1
2023-05-05,0,23.540000915527344,24.100000381469727,23.190000534057617,23.8700008392334,23.0346908569336,9840000,24.29475177564646,0.0284702912371092,0.0635615441097491,0.1945451947414682,0.0305048977734073,0.0732860231946539,0.1549640559669184,1,1,1
2023-05-08,0,24.31999969482422,24.549999237060547,23.76000022888184,24.13999938964844,23.295238494873047,12894100,26.035857084528757,0.0112476055272563,0.0418753908562622,0.2063018950669313,0.0304960562227824,0.0732674850889597,0.1549819948556766,1,1,1
2023-05-09,0,23.93000030517578,25.06999969482422,23.8799991607666,24.5,23.64264297485352,9663500,26.203042436831304,0.0148030040105512,0.0450827376108188,0.1920009633268252,0.0304881151450766,0.0732499937187714,0.1549893195113389,1,1,1
2023-05-10,0,24.51000022888184,25.200000762939453,24.459999084472656,25.0,24.125144958496094,11270900,27.41008886308103,0.0202026685939568,0.1018112553625097,0.1950420776950187,0.0304820486786302,0.073265881060604,0.1549987143717162,1,1,1
2023-05-11,0,25.040000915527344,25.739999771118164,24.790000915527344,25.559999465942383,24.66554832458496,11226200,28.210099985705877,0.0221528094664285,0.1204273049076547,0.2230457162782106,0.0304768104486627,0.0732988411172106,0.1550296914056381,1,1,1
2023-05-12,0,25.14999961853028,25.690000534057617,25.07999992370605,25.489999771118164,24.59799766540528,6662400,27.414725608294013,-0.002742421405478,0.0941339574298242,0.2009322662010912,0.030467103335966,0.0733083865034558,0.1550431497981159,0,1,1
2023-05-15,0,25.700000762939453,26.020000457763672,25.38999938964844,25.68000030517578,24.781349182128903,9556900,27.38155737631568,0.0074262772221664,0.0730899434148813,0.1277626447427512,0.0304576397265585,0.0733036720570012,0.155013870199903,1,1,1
2023-05-16,0,25.68000030517578,26.14999961853028,25.489999771118164,25.59000015258789,24.69449806213379,8959300,26.781618064098343,-0.0035108528319897,0.0583314850556352,0.0997749533453125,0.0304480232542462,0.0732913269710793,0.1549742893767679,-1,1,1
2023-05-17,0,25.89999961853028,26.25,25.6200008392334,26.100000381469727,25.1866512298584,7164500,27.27879369685688,0.0197336727685207,0.0632621538136049,0.1260064480962831,0.0304417983610211,0.0732813069841882,0.1549442881133833,1,1,1
2023-05-18,0,25.89999961853028,26.3799991607666,25.6299991607666,26.07999992370605,25.16735076904297,9173800,27.21187122207628,-0.0007665909756697,0.0422928942439783,0.1278506992388867,0.0304320018502148,0.0732628875179602,0.1549150733302422,0,1,1
2023-05-19,0,26.11000061035156,26.75,25.790000915527344,26.3799991607666,25.45685195922852,13236000,28.495695877627572,0.0114373888564741,0.0315774736340236,0.1458455622990605,0.0304232677430058,0.0732416959906684,0.1548942212527061,1,1,1
2023-05-22,0,26.440000534057617,26.850000381469727,25.82999992370605,25.920000076293945,25.0129508972168,9577500,27.787816454769303,-0.0175912123271713,0.0167286827123306,0.1134521580228304,0.0304172212737337,0.0732183451346781,0.1548593117662836,-1,1,1
2023-05-23,0,25.799999237060547,26.34000015258789,25.68000030517578,25.90999984741211,25.0033016204834,7608800,27.34283592888788,-0.0003858456548578,0.0089165598353061,0.1442296779090386,0.0304074365378331,0.0731946540412327,0.1548376438049968,0,1,1
2023-05-24,0,25.809999465942383,26.1299991607666,25.57999992370605,25.82999992370605,24.92609977722168,8977400,26.782436078812488,-0.0030924426340104,0.0093349700332855,0.126971448054888,0.0303978334637826,0.0731709916734755,0.1548080651808937,-1,1,1
2023-05-25,0,26.0,27.290000915527344,26.0,26.8700008392334,25.929706573486328,19720000,29.51145602996305,0.039473845051241,0.0290751423160059,0.1806110803262693,0.0304035064928776,0.0731493800598256,0.1548071268188298,1,1,1
2023-05-26,0,27.25,28.11000061035156,26.559999465942383,27.13999938964844,26.190258026123047,19146300,33.44101998702949,0.0099982271717572,0.039839960463433,0.1786437369774551,0.0303945200367361,0.0731303408981378,0.154804862167073,1,1,1
2023-05-29,0,27.209999084472656,27.559999465942383,26.940000534057617,27.299999237060547,26.34465789794922,7793800,33.07423938423656,0.0058780075561383,0.0342805791630972,0.1978256845050632,0.0303849617504377,0.0731098705523932,0.1548155291930936,1,1,1
2023-05-30,0,27.280000686645508,27.770000457763672,26.32999992370605,26.6200008392334,25.68845558166504,14732200,34.90421524742326,-0.0252238262888655,0.0266479652014031,0.1396680994354543,0.0303826277722505,0.0730878790718818,0.1547915349365384,-1,1,1
2023-05-31,0,26.39999961853028,26.690000534057617,26.06999969482422,26.299999237060547,25.37965202331543,10752000,35.98021138350502,-0.0120939402970282,0.0149398705592327,0.1159785018824317,0.0303747530977412,0.0730645488804564,0.1547575439292476,-1,1,1
2023-06-01,0,26.39999961853028,27.459999084472656,26.280000686645508,27.280000686645508,26.32536125183105,13597100,37.45940311859239,0.0365850291655156,0.0546173423587588,0.1890893802056814,0.0303781772428986,0.0730507324606893,0.1547619611670213,1,1,1
2023-06-02,0,27.979999542236328,28.43000030517578,27.809999465942383,28.200000762939453,27.213165283203125,18090400,39.2678212143361,0.0331680932754632,0.0483115905829809,0.218720713559861,0.0303791566768476,0.0730344856811592,0.1547882295126015,1,1,1
2023-06-05,0,28.209999084472656,28.5,27.75,28.3799991607666,27.386863708496094,9716600,39.57683704688616,0.0063625977671194,0.0446759611783431,0.2015323852546281,0.0303696813118078,0.0730170046192653,0.1548012107245621,1,1,1
2023-06-06,0,28.46999931335449,28.71999931335449,28.190000534057617,28.5,27.502666473388672,10967000,40.873362958675806,0.0042194909055515,0.0430174445277561,0.1772815849230703,0.030360034949239,0.0729990066606745,0.1547976709389981,1,1,1
2023-06-07,0,28.790000915527344,29.299999237060547,28.6200008392334,29.209999084472656,28.18781852722168,17910400,44.145432831318416,0.0246069548589676,0.0928482256755893,0.1906409342547816,0.0303560297937034,0.0730074098352261,0.1548028051720869,1,1,1
2023-06-09,0,29.200000762939453,29.63999938964844,28.940000534057617,29.09000015258789,28.072019577026367,16528800,43.59438659386751,-0.0041165818326915,0.1008255841399261,0.1717213484115389,0.0303466239938487,0.073022003900294,0.1547957340951251,-1,1,1
2023-06-12,0,29.040000915527344,29.559999465942383,29.040000915527344,29.39999961853028,28.371170043945312,9394900,40.8599094188202,0.0106001545996894,0.0748407095741,0.1621188344172715,0.0303378207604915,0.0730182744430973,0.1547830416123555,1,1,1
2023-06-13,0,29.440000534057617,29.440000534057617,28.540000915527344,28.75,27.74391746520996,11395400,42.15004936283568,-0.0223568645427712,0.0193157517558654,0.1176091604080717,0.0303340319164475,0.0729954243829589,0.1547495460948698,-1,1,1
2023-06-14,0,28.89999961853028,29.1299991607666,28.15999984741211,28.850000381469727,27.84041786193848,16521200,43.09889631732288,0.0034722190384654,0.0164253730272112,0.1238238008520151,0.0303243878458018,0.0729723429886917,0.1547184647581067,1,1,1
2023-06-15,0,28.799999237060547,29.31999969482422,28.71999931335449,29.0,27.98516845703125,6500600,42.04001958412242,0.0051858271102189,0.0173917092318786,0.1215833507400676,0.0303148615362359,0.0729493597417321,0.1546865100737628,1,1,1
2023-06-16,0,28.81999969482422,29.81999969482422,28.690000534057617,29.670000076293945,28.63172149658203,10468900,41.36244911581415,0.0228405745455172,0.0156253289184281,0.1479347781175744,0.030310059079207,0.0729262651103274,0.1546662652965943,1,1,1
2023-06-19,0,29.89999961853028,30.06999969482422,29.559999465942383,29.920000076293945,28.87297439575196,5868900,37.60424400473785,0.0083907691667815,0.0281326799179013,0.1365918745158353,0.0303009158388802,0.0729047229466965,0.1546406207374594,1,1,1
2023-06-20,0,30.350000381469727,30.809999465942383,30.190000534057617,30.65999984741211,29.587078094482425,15928800,39.99272076604698,0.0244316995670592,0.0419642248852711,0.1617901650585644,0.030296863784247,0.072886487011951,0.154627651575284,1,1,1
2023-06-21,0,30.670000076293945,31.14999961853028,30.38999938964844,31.030000686645508,29.944129943847656,13688200,41.252960480680194,0.0119955950029508,0.0763166844309931,0.1623483712050411,0.0302884033741455,0.072883669032217,0.1546149608546664,1,1,1
2023-06-22,0,30.799999237060547,30.950000762939453,29.64999961853028,30.18000030517578,29.12387657165528,12622400,39.65533920662678,-0.0277749716599245,0.0450694937326033,0.1521646118722878,0.030287678406796,0.0728664109168432,0.1545967844225949,-1,1,1
2023-06-23,0,30.25,30.5,29.84000015258789,30.32999992370605,29.26862335205078,6838600,36.58399536499404,0.0049577283748066,0.0448413949971908,0.1575081859019524,0.0302781805604075,0.0728490893373777,0.1545813926148479,1,1,1
2023-06-26,0,30.440000534057617,30.75,29.64999961853028,30.09000015258789,29.03702545166016,6572900,35.70293119977596,-0.0079443115098928,0.0140565089417808,0.15265631702607,0.0302694603410742,0.0728260134937854,0.1545634267423817,-1,1,1
2023-06-27,0,30.299999237060547,30.530000686645508,29.31999969482422,29.89999961853028,28.853673934936523,8378300,34.836750412616404,-0.0063344244152035,-0.0006686846402041,0.1068480475596253,0.0302604611465216,0.0728031349347864,0.1545262419791856,-1,0,1
2023-06-28,0,29.670000076293945,30.38999938964844,29.46999931335449,30.0,28.95017433166504,10744000,33.10322664353488,0.0033388948754433,-0.0217614893318201,0.1001887152633112,0.0302508952596267,0.0727838317473231,0.154487018465427,1,-1,1
2023-06-29,0,30.0,31.1200008392334,29.82999992370605,30.950000762939453,29.86693000793457,8862100,34.06666767592181,0.03117562268381,-0.0025814616509607,0.125486330390983,0.0302506302803029,0.0727611555429443,0.1544566261447255,1,0,1
2023-06-30,0,31.1299991607666,32.04999923706055,30.89999961853028,31.450000762939453,30.34943199157715,14272000,35.619617852818635,0.0160259535572319,0.0412194635661959,0.1667361102370805,0.0302432927566463,0.0727428243236146,0.1544462877309854,1,1,1
2023-07-03,0,31.59000015258789,32.540000915527344,31.57999992370605,32.369998931884766,31.237234115600582,16465600,39.63442084686427,0.0288329823582946,0.065094717549684,0.2076630328924036,0.0302416102166338,0.0727339143330184,0.1544627590529449,1,1,1
2023-07-04,0,32.150001525878906,32.33000183105469,31.8799991607666,32.310001373291016,31.17933654785156,3154700,35.29322991761488,-0.0018551991478999,0.0711838299116769,0.169222804578988,0.0302321421634319,0.0727281891825068,0.1544537452316237,0,1,1
2023-07-05,0,31.93000030517578,32.86000061035156,31.920000076293945,32.119998931884766,30.99598693847656,7482500,33.22168504136327,-0.0058978427637067,0.0716204115631734,0.1301568685398179,0.0302231276711979,0.0727226898597357,0.154425209626183,-1,1,1
2023-07-06,0,31.690000534057617,32.0,30.82999992370605,30.850000381469727,29.770427703857425,10216700,32.482979384708884,-0.0403422006414928,0.0279393160462373,0.0834520701312053,0.0302317672832284,0.0727013201769601,0.1543817198176531,-1,1,1
2023-07-07,0,31.01000022888184,32.52000045776367,30.90999984741211,32.209999084472656,31.082836151123047,11175300,34.196564273980066,0.0431402327234761,0.0399039260859034,0.1223728119491302,0.0302404588348553,0.0726826551468701,0.154350093101906,1,1,1
2023-07-10,0,32.150001525878906,32.34000015258789,31.520000457763672,31.600000381469727,30.494184494018555,7610400,34.67635018523392,-0.0191197814839328,0.0047581910447385,0.0786460756062296,0.0302352911022817,0.0726596729588391,0.1543056420064374,-1,0,1
2023-07-11,0,31.600000381469727,31.700000762939453,30.600000381469727,31.43000030517578,30.33012962341309,9762000,35.30889415754787,-0.0053943976454914,-0.0294691889590476,0.0773682597934297,0.0302262220269692,0.0726428403322881,0.1542609730292945,-1,-1,1
2023-07-12,0,31.530000686645508,32.09000015258789,31.21999931335449,31.600000381469727,30.494184494018555,6419900,33.967033441316964,0.0053943976454913,-0.0222195921656563,0.0721625028392316,0.0302168554549415,0.0726238697893331,0.1542153717702824,1,-1,1
2023-07-13,0,31.600000381469727,32.5099983215332,31.600000381469727,32.5,31.36268615722656,8218400,33.886331387533794,0.0280828542319619,0.0117611048300126,0.1226022216139649,0.0302147749564478,0.0726009552539772,0.1541839294605252,1,1,1
2023-07-14,0,31.96999931335449,32.470001220703125,31.71999931335449,31.920000076293945,30.8029842376709,9038900,32.08522557455988,-0.0180072712184024,0.0340960342531031,0.1011227313570971,0.0302091705692303,0.0725809350511949,0.1541452060961457,-1,1,1
2023-07-17,0,31.799999237060547,32.91999816894531,31.63999938964844,32.91999816894531,31.767990112304688,7275400,28.788343904310267,0.0308476064624966,0.0218034079921234,0.1267845107093748,0.0302087129769773,0.0725588151850559,0.1541154347641887,1,1,1
2023-07-18,0,32.91999816894531,33.459999084472656,32.65999984741211,33.27000045776367,32.10573959350586,6630700,30.12148576678428,0.0105756351066486,0.051498824582705,0.1145195712705065,0.0302000857823011,0.0725440697907239,0.1540810701703885,1,1,1
2023-07-19,0,33.29999923706055,33.29999923706055,32.56999969482422,32.88999938964844,31.739038467407227,8351100,30.50713083040053,-0.0114873970816802,0.0454058251465162,0.0946414050220446,0.0301923132891804,0.0725271977958098,0.154040594543511,-1,1,1
2023-07-20,0,33.189998626708984,33.369998931884766,32.689998626708984,33.31999969482422,32.15399169921875,7175600,29.65232269291552,0.0129891809768504,0.0530006084778753,0.0831988864318359,0.030184225446044,0.0725130399201249,0.1539973650334762,1,1,1
2023-07-21,0,33.47999954223633,34.47999954223633,33.380001068115234,34.08000183105469,32.88739776611328,8615200,28.906972183787374,0.0225529361838309,0.0474706904297442,0.093756227612716,0.0301794030518089,0.0724968697056224,0.1539567178120618,1,1,1
2023-07-24,0,33.83000183105469,34.099998474121094,33.349998474121094,33.70000076293945,32.52069854736328,7437300,29.02097458123537,-0.0112127727723998,0.0542651888757466,0.1103184265002406,0.0301715834027738,0.0724832202606449,0.1539210195424459,-1,1,1
2023-07-25,0,34.0,34.369998931884766,33.349998474121094,33.560001373291016,32.38559341430664,9818100,29.275704242711168,-0.0041630887885393,0.0192544936247107,0.1011976093368947,0.0301624387215362,0.0724609287921453,0.153882495782588,-1,1,1
2023-07-26,0,33.61000061035156,33.959999084472656,33.20000076293945,33.83000183105469,32.646148681640625,5849000,29.219568353120287,0.0080132148750034,0.0166920733930655,0.117155135721791,0.0301534376686886,0.0724384431427258,0.1538491971695764,1,1,1
2023-07-27,0,33.810001373291016,34.31999969482422,33.41999816894531,33.54999923706055,32.375946044921875,7235900,28.946216454928063,-0.0083111500240652,0.0198683204506804,0.1151784101129291,0.0301449679676162,0.0724162527907299,0.1538152135683356,-1,1,1
2023-07-28,0,33.72999954223633,33.9900016784668,33.29999923706055,33.84000015258789,32.65579605102539,3876500,27.17871911135064,0.0086066196151914,0.0154857590890214,0.1204461348526773,0.030136069478959,0.0723937275290709,0.153783146759188,1,1,1
2023-07-31,0,33.75,34.15999984741211,33.650001525878906,34.0099983215332,32.819847106933594,6635800,27.02344216723033,0.0050110664449643,-0.0020561106498453,0.0942815786138315,0.0301267745815759,0.0723714693100037,0.1537427922837782,1,0,1
2023-08-01,0,33.779998779296875,33.95000076293945,33.150001525878906,33.79999923706055,32.6171989440918,6144300,26.878237197274423,-0.0061937028916316,0.0029629592309229,0.0720619221649678,0.0301179501454756,0.0723488891731907,0.1536976396844374,-1,0,1
2023-08-02,0,33.5,33.689998626708984,32.650001525878906,33.209999084472656,32.0478401184082,8727600,27.048716612571024,-0.0176099341315561,-0.0104838861120938,0.0256190056751169,0.0301122811935873,0.0723277377496925,0.1536490110299292,-1,-1,1
2023-08-03,0,33.52000045776367,34.22999954223633,33.11000061035156,33.38999938964844,32.2215461730957,9324000,27.860199213583385,0.0054055744947392,-0.0130915264923581,0.0328797793177559,0.030103043662909,0.0723070586121019,0.1536003922739756,1,-1,1
2023-08-04,0,33.20000076293945,33.720001220703125,32.83000183105469,32.95000076293945,31.79694557189941,6595500,27.003256029293205,-0.0132651306144509,-0.0180455070827437,0.0255124914670119,0.0300958699879366,0.0722874205209812,0.1535518580525469,-1,-1,1
2023-08-07,0,32.650001525878906,33.16999816894531,32.5099983215332,33.0099983215332,32.24772644042969,7606200,27.043026818102938,0.0140773088107226,-0.0125748178872126,0.0799320009192273,0.0300881536645179,0.0722666810453887,0.1535083555218084,1,-1,1
2023-08-08,0,32.0099983215332,33.2400016784668,31.299999237060547,33.0,32.23795700073242,9122700,26.76518394245277,-0.0003029956185831,-0.0178888799507601,0.0364887725771679,0.0300788024284224,0.0722470395534307,0.1534599353319187,0,-1,1
2023-08-09,0,33.220001220703125,33.31999969482422,32.22999954223633,32.91999816894531,32.15980529785156,16620400,30.76455459392425,-0.0024271570457702,-0.0141223341048987,0.0531813970153304,0.0300695805928388,0.0722266234567606,0.1534125453987744,0,-1,1
2023-08-10,0,33.0099983215332,33.58000183105469,32.599998474121094,32.849998474121094,32.09142303466797,11736100,32.421744258446935,-0.0021285908698623,0.001359009156795,0.0564472037909597,0.0300603446460939,0.0722042677545384,0.1533655256484953,0,0,1
2023-08-11,0,32.849998474121094,32.900001525878906,32.099998474121094,32.279998779296875,31.53458595275879,8236900,33.97181416344791,-0.0175038889901085,-0.0215504543280526,0.0335489171553596,0.0300546775756621,0.0721855618132291,0.1533171870252855,-1,-1,1
2023-08-14,0,32.59000015258789,32.650001525878906,31.76000022888184,32.63999938964844,31.88627052307129,20857500,39.17858577555522,0.0110906157584771,0.0028052920448752,0.0165566786818746,0.0300463095700517,0.0721631689466578,0.1532692762674818,1,0,1
2023-08-15,0,32.81999969482422,32.81999969482422,31.65999984741211,31.790000915527344,31.0559024810791,7434400,39.533309470134526,-0.0263866396971432,-0.0376586564629905,0.0081773102031339,0.0300449348728343,0.0721497562353001,0.1532220350991093,-1,-1,0
2023-08-16,0,31.96999931335449,32.33000183105469,30.93000030517578,31.09000015258789,30.37206649780273,10794800,40.09393196251334,-0.0222655655296143,-0.0596212263740217,-0.0449358617889771,0.0300413655453698,0.0721471179220802,0.1531854977571538,-1,-1,-1
2023-08-17,0,31.299999237060547,31.31999969482422,30.030000686645508,30.25,29.55146217346192,11909800,40.69365226042856,-0.0273900968295303,-0.0845841661577818,-0.0829015937251562,0.0300405620057254,0.0721617338010425,0.1531636873525984,-1,-1,-1
2023-08-18,0,29.940000534057617,30.920000076293945,29.81999969482422,30.700000762939453,29.99107360839844,8702300,41.2905351742963,0.0147665670363527,-0.0676890082515667,-0.0566476296071232,0.0300331093828862,0.0721640212752217,0.1531310819619359,1,-1,-1
2023-08-21,0,30.450000762939453,30.96999931335449,30.209999084472656,30.450000762939453,29.746845245361328,7582900,41.061030973830185,-0.0081767068036861,-0.0583618260651442,-0.0778135173876599,0.0300247301675832,0.0721605667394324,0.1531069578435495,-1,-1,-1
2023-08-22,0,30.8700008392334,31.530000686645508,30.799999237060547,31.479999542236328,30.75305938720703,11121400,41.618862094720456,0.0332663973743533,-0.036186044449268,-0.0671000561971376,0.0300259515819135,0.0721465419662416,0.1530783201603854,1,-1,-1
2023-08-23,0,31.600000381469727,32.869998931884766,31.459999084472656,32.66999816894531,31.91557502746582,10987400,39.47880027992935,0.0371046544425173,0.0273052496903923,-0.0187826289822203,0.0300298354192991,0.072125741919683,0.1530352108129775,1,1,-1
2023-08-24,0,32.65999984741211,33.040000915527344,32.43000030517578,32.61000061035156,31.85696601867676,12405700,39.69508632981384,-0.0018380646067541,0.0477327506132526,-0.0164576048004352,0.03002064811992,0.0721101509950468,0.1529916821727083,0,1,-1
2023-08-25,0,32.709999084472656,32.7599983215332,31.56999969482422,32.20000076293945,31.45643424987793,7944100,39.58037474358044,-0.0126525225431138,0.0624703248996691,-0.0371233422185525,0.0300133859105648,0.0721005361790668,0.1529530068997892,-1,1,-1
2023-08-28,0,32.470001220703125,32.83000183105469,31.979999542236328,32.45000076293945,31.700660705566406,5801500,33.97927223938218,0.0077339742498798,0.0554377321131962,-0.0210782179446075,0.0300045288061439,0.0720878387148593,0.1529104713923201,1,1,-1
2023-08-29,0,32.77000045776367,33.20000076293945,32.400001525878906,33.13999938964844,32.37472915649414,5775400,33.46817792647576,0.0210406310492094,0.0846550699660917,-0.0086442065105896,0.0299992476786924,0.0720906982336,0.152865685128535,1,1,0
2023-08-30,0,33.2599983215332,33.459999084472656,32.66999816894531,32.86000061035156,32.101192474365234,4952600,31.5023063723712,-0.0084849759820408,0.0429036966096975,-0.0221402489375946,0.0299909858065884,0.0720735715114088,0.1528234457862695,-1,1,-1
2023-08-31,0,32.689998626708984,32.849998474121094,32.040000915527344,32.470001220703125,31.720199584960938,6583900,29.83638205988,-0.0119394893474604,-0.0061404471802801,-0.0278860353934235,0.0299835528066561,0.0720521427746034,0.1527825331610367,-1,0,-1
2023-09-01,0,32.4900016784668,33.119998931884766,32.25,32.29999923706055,31.554122924804688,9738300,30.37526562338966,-0.0052494293085428,-0.0095518118820688,-0.0155255305704101,0.029974756808164,0.0720312006476742,0.1527390415095947,-1,-1,-1
2023-09-04,0,32.18000030517578,32.599998474121094,31.559999465942383,31.770000457763672,31.03636360168457,5225800,29.63749318422832,-0.0165447230794884,-0.0134440124184432,-0.0374758281446377,0.0299688110254348,0.0720109314947366,0.1527006484333756,-1,-1,-1
2023-09-05,0,31.489999771118164,31.989999771118164,31.11000061035156,31.459999084472656,30.733522415161133,9013000,28.880649278077797,-0.0098055422319577,-0.0309835289002809,-0.0340162397621446,0.0299608583362056,0.0719952384997315,0.1526613545191479,-1,-1,-1
2023-09-06,0,31.46999931335449,31.690000534057617,30.709999084472656,30.959999084472656,30.245067596435547,5649300,26.78754587389625,-0.016020877693937,-0.0680450376434274,-0.0641144262668042,0.0299547296582144,0.0719978447799018,0.1526317869629955,-1,-1,-1
2023-09-08,0,30.8700008392334,31.07999992370605,30.530000686645508,30.65999984741211,29.95199584960937,5922100,24.25181386270764,-0.0097371547915972,-0.0692972164529836,-0.0735485854398182,0.0299467721061343,0.0720012395728189,0.152606025031468,-1,-1,-1
2023-09-11,0,30.940000534057617,31.1299991607666,30.420000076293945,30.979999542236328,30.26460647583008,5891500,23.41845080263473,0.0103829649161167,-0.0469747621894063,-0.0607384634779312,0.0299384112119329,0.0719919675502081,0.1525752019471552,1,-1,-1
2023-09-12,0,31.040000915527344,31.84000015258789,30.979999542236328,31.64999961853028,30.91913414001465,5964000,23.424158727113387,0.0213962934502188,-0.0203290394306448,-0.03721357915785,0.0299333480310721,0.071973206554633,0.1525368459779292,1,-1,-1
2023-09-13,0,31.64999961853028,33.15999984741211,31.600000381469727,32.84000015258789,32.0816535949707,17339400,27.723144549153563,0.0369091075543108,0.0331247912031543,0.0171994173865694,0.0299371304662549,0.0719537577802468,0.1524897235752447,1,1,1
2023-09-14,0,33.189998626708984,33.599998474121094,32.52000045776367,33.599998474121094,32.824100494384766,11796400,30.379855997593875,0.0228786891004324,0.0658090225355445,0.0289874907285247,0.0299326911071802,0.0719459251425084,0.1524423305774216,1,1,1
2023-09-15,0,33.54999923706055,33.58000183105469,32.7400016784668,32.79999923706055,32.04257583618164,6926700,30.53242985308187,-0.0240975033917931,0.0577323968376885,0.0312766270338747,0.0299301522531382,0.0719343720389729,0.1523949863696011,-1,1,1
2023-09-18,0,32.59000015258789,32.790000915527344,31.989999771118164,32.25,31.505279541015625,6203100,29.2303571156108,-0.0169103770921817,0.050559174537104,0.0366318154713074,0.0299243938228272,0.0719199921470554,0.1523477803947014,-1,1,1
2023-09-19,0,32.099998474121094,32.38999938964844,31.26000022888184,31.39999961853028,30.67490577697754,9798400,30.84117083668573,-0.0267102173271291,0.0134659922938581,0.0373116949737086,0.0299232776773139,0.0718980259553693,0.1523006385484777,-1,1,1
2023-09-20,0,31.770000457763672,31.770000457763672,31.020000457763672,31.059999465942383,30.342758178710938,8871600,30.75022706345537,-0.0108870401601741,-0.0188173413165349,0.0116580877771819,0.0299156440741754,0.0718790336941587,0.152254079197872,-1,-1,0
2023-09-21,0,30.34000015258789,31.01000022888184,30.01000022888184,30.82999992370605,30.118070602416992,14578100,33.87232989921375,-0.0074325349216237,-0.0631589837924695,0.0124022596592441,0.029907276361123,0.071878597682185,0.1522075092159397,-1,-1,0
2023-09-22,0,30.90999984741211,31.459999084472656,30.809999465942383,31.020000457763672,30.30368423461914,9928500,35.30988309373721,0.0061439531699633,-0.0798937197229384,-0.0147201845451457,0.0298983732171063,0.071889477773347,0.1521643773117492,1,-1,0
2023-09-25,0,30.96999931335449,31.059999465942383,30.540000915527344,30.89999961853028,30.18645477294922,7474800,35.86089169191665,-0.003875990710476,-0.0596722070416214,-0.0557008296981391,0.0298895148404393,0.0718869172094519,0.1521320781905271,-1,-1,-1
2023-09-26,0,30.950000762939453,30.96999931335449,30.1299991607666,30.209999084472656,29.51238441467285,9418200,36.94992061428288,-0.0225833203979657,-0.0653451503474054,-0.0764460854893506,0.0298862179806822,0.0718877357982993,0.1521078539189883,-1,-1,-1
2023-09-27,0,30.280000686645508,30.64999961853028,29.18000030517578,29.88999938964844,29.19977569580078,17859200,36.54490997452905,-0.0106489583227334,-0.0492838913430097,-0.0744425212689702,0.0298785553730291,0.0718796211666974,0.1520827737830703,-1,-1,-1
2023-09-28,0,29.850000381469727,31.020000457763672,29.729999542236328,30.71999931335449,30.010610580444336,10471000,35.69552918370256,0.0273899775507381,-0.0110068736320974,-0.0547865179681118,0.0298763933217108,0.0718591420337424,0.1520501903127557,1,-1,-1
2023-09-29,0,31.059999465942383,31.280000686645508,30.739999771118164,31.06999969482422,30.352527618408203,6052800,35.250479139920614,0.0113287912127902,0.0077544525023165,-0.064498357804531,0.0298683132402779,0.0718371768440859,0.1520211301215881,1,1,-1
2023-10-02,0,31.06999969482422,31.1200008392334,30.18000030517578,30.6299991607666,29.92268753051757,7559900,35.60881128576887,-0.014262823404314,-0.0126523240719609,-0.0702762052268043,0.0298616886002695,0.0718170092836131,0.1519943443072488,-1,-1,-1
2023-10-03,0,30.290000915527344,30.64999961853028,29.940000534057617,30.07999992370605,29.38538932800293,7265500,34.59528967899742,-0.0181193837675647,-0.0268957171290495,-0.0764560996469085,0.0298564419824485,0.0718001941885454,0.1519701329828134,-1,-1,-1
2023-10-04,0,30.07999992370605,31.09000015258789,30.06999969482422,30.82999992370605,30.118070602416992,5995900,33.56385941528771,0.0246277546695622,0.0203153579384783,-0.0465789156688034,0.0298529063065965,0.0717789563409257,0.1519349381985845,1,1,-1
2023-10-05,0,30.700000762939453,31.100000381469727,30.420000076293945,30.809999465942383,30.098529815673828,4984900,30.19933101975132,-0.0006490166264255,0.0303152996347863,-0.0306832092157406,0.0298438699114553,0.0717592271481966,0.1518954005383875,0,1,-1
2023-10-06,0,30.420000076293945,31.350000381469727,29.64999961853028,30.93000030517578,30.215761184692383,9595700,30.07211036566103,0.0038873545457589,0.0068126766298069,-0.0169903124380238,0.0298348709406367,0.0717373633497452,0.1518529570243826,1,0,-1
2023-10-09,0,30.86000061035156,31.0,30.25,30.690000534057617,29.98130416870117,8539400,30.425815372381223,-0.0077896887554217,-0.0123058033384047,-0.0087591234995084,0.0298266534532514,0.0717172282564683,0.1518091509027638,-1,-1,0
2023-10-10,0,30.850000381469727,31.34000015258789,30.63999938964844,31.09000015258789,30.37206649780273,3879000,28.56163565590821,0.0129493277737078,0.0149063478396171,0.0139273590657966,0.0298189830121405,0.0716956157428459,0.1517629530019359,1,1,0
2023-10-11,0,31.5,31.89999961853028,31.14999961853028,31.88999938964844,31.15359306335449,10218700,26.196953357515103,0.0254062649267729,0.0584319965339549,0.0289506590764528,0.0298158439531716,0.0716846879706704,0.1517163356124059,1,1,1
2023-10-13,0,32.150001525878906,32.220001220703125,30.76000022888184,30.959999084472656,30.245067596435547,11020600,26.419035129728123,-0.0295964692009724,0.0042077726634201,-0.0220421035747385,0.0298165176335367,0.0716629509266252,0.1516750370637346,-1,0,-1
2023-10-16,0,31.11000061035156,31.290000915527344,30.82999992370605,30.82999992370605,30.118070602416992,4839000,25.97695462954154,-0.0042077726634201,0.0006490166264254,-0.0631589837924695,0.0298077946346592,0.0716413958164093,0.1516456751689117,-1,0,-1
2023-10-17,0,30.3700008392334,30.86000061035156,30.0,30.239999771118164,29.54169464111328,5848700,25.354957013388848,-0.0193227007227246,-0.0225610386420581,-0.1053603736156266,0.0298030875847332,0.0716235485380663,0.1516356288627272,-1,-1,-1
2023-10-18,0,29.90999984741211,30.18000030517578,29.190000534057617,29.3700008392334,28.69178581237793,12843700,27.15940544695179,-0.0291917699604384,-0.0439631198470747,-0.1104546401842717,0.0298034945382269,0.0716131528637415,0.1516283635131583,-1,-1,-1
2023-10-19,0,29.3799991607666,30.040000915527344,29.239999771118164,29.26000022888184,28.58432388305664,7102600,27.42060524565733,-0.0037524215938314,-0.060664869214614,-0.0972966846859214,0.0297947391649353,0.0716112452901766,0.1516140133715223,-1,-1,-1
2023-10-20,0,29.01000022888184,29.6200008392334,28.8700008392334,29.229999542236328,28.555015563964844,6980700,27.994453935712336,-0.001025854409439,-0.0870969885508261,-0.0716123217682313,0.0297857895407303,0.0716275549731709,0.1515879143782185,0,-1,-1
2023-10-23,0,29.06999969482422,30.780000686645508,29.06999969482422,30.36000061035156,29.658924102783203,13685500,29.344285981377112,0.0379304645331452,-0.0195700548167082,-0.0227948170749118,0.0297904166371315,0.0716089917394548,0.1515468853130125,1,-1,-1
2023-10-24,0,30.46999931335449,31.239999771118164,30.40999984741211,30.86000061035156,30.14737892150879,8887100,29.482817800183604,0.0163349230821741,0.000972640928886,0.000972640928886,0.0297837194531882,0.0715875026303761,0.1515021016263398,1,0,0
2023-10-25,0,30.86000061035156,31.14999961853028,30.350000381469727,30.850000381469727,30.13760757446289,10728500,31.875236493208767,-0.0003241718278271,0.0199711698237835,-0.0054954840689045,0.0297747627875115,0.0715664886951455,0.1514581619377203,0,1,0
2023-10-26,0,31.11000061035156,31.36000061035156,30.3799991607666,31.1200008392334,30.40137481689453,8153500,31.054882371144533,0.0087140186731979,0.0578769584574197,0.0070945253147695,0.0297663449702403,0.0715555077158961,0.1514128514546684,1,1,0
2023-10-27,0,31.13999938964844,31.56999969482422,30.059999465942383,30.239999771118164,29.54169464111328,8219800,30.00147293552472,-0.0286851884969815,0.0329441915542698,0.0009926572157538,0.0297664703938915,0.0715365827085361,0.1513681841360363,-1,1,0
2023-10-30,0,30.600000381469727,30.6200008392334,29.32999992370605,29.559999465942383,28.87739562988281,8838000,31.27588642762449,-0.0227435121949862,0.0112265337687225,-0.011101896656499,0.0297633425366187,0.0715150331629124,0.1513251924976136,-1,1,0
2023-10-31,0,29.57999992370605,29.81999969482422,29.1200008392334,29.600000381469727,28.916473388671875,12005300,33.3057179586118,0.0013523152337086,-0.0253516155307143,-0.0371395589735287,0.0297543871919211,0.0714980543769034,0.1512877544562755,0,-1,-1
2023-11-01,0,29.84000015258789,30.0,29.450000762939453,29.540000915527344,28.857860565185547,10453900,32.52773806323332,-0.0020290270638855,-0.043715565676774,-0.0504973772502045,0.0297455494732537,0.0714876212326201,0.1512542281976084,0,-1,-1
2023-11-03,0,30.3799991607666,31.989999771118164,30.1299991607666,31.96999931335449,31.231746673583984,17882800,36.665944755745535,0.0790526799730729,0.0356612861241259,0.0428181261271823,0.029797656576057,0.0714693827503326,0.1512086078032121,1,1,1
2023-11-06,0,32.029998779296875,32.43000030517578,31.5,32.209999084472656,31.466203689575195,5799000,36.469661658813415,0.0074789720396081,0.0344262394905361,0.0684164819343552,0.0297890904052757,0.0714508725681376,0.1511658267018903,1,1,1
2023-11-07,0,32.0,33.11000061035156,32.0,32.7599983215332,32.003501892089844,9338100,35.22355624550192,0.0169312598199779,0.0800426878074956,0.0607199870847711,0.0297826052699295,0.0714514183946534,0.1511219644311955,1,1,1
2023-11-08,0,33.060001373291016,33.810001373291016,32.630001068115234,33.59000015258789,32.814334869384766,13285300,37.179527133458734,0.0250201276771993,0.1278063276796815,0.0863891313883959,0.0297793240901091,0.0714906006542803,0.1510827900068031,1,1,1
2023-11-09,0,33.880001068115234,33.88999938964844,32.45000076293945,32.599998474121094,31.84719657897949,4110000,34.939356862442466,-0.0299160999713164,0.0965379124746564,0.0525856768713206,0.0297802237525145,0.0715022133496781,0.1510380807750575,-1,1,1
2023-11-10,0,32.70000076293945,34.040000915527344,32.65999984741211,34.0,33.214866638183594,8877100,35.48617822286084,0.042048207355078,0.1406151468936202,0.1024235729818204,0.0297879793229482,0.0715547516080561,0.151003213614503,1,1,1
2023-11-13,0,33.900001525878906,33.95000076293945,33.310001373291016,33.38999938964844,32.618953704833984,2646200,33.66425208244105,-0.018104044588238,0.043458422332309,0.0713702006198744,0.029782859200917,0.0715385597548469,0.1509610966740377,-1,1,1
2023-11-14,0,33.79999923706055,34.709999084472656,33.439998626708984,34.119998931884766,33.33209228515625,7909100,33.7621338934304,0.0216271437687819,0.0576065940614829,0.0675910794618833,0.0297780831586043,0.0715274314743937,0.1509183945803461,1,1,1
2023-11-16,0,34.27000045776367,34.790000915527344,33.93000030517578,34.029998779296875,33.244171142578125,10477500,33.77569399119576,-0.0026412174298505,0.0380341168116544,0.0945463312330051,0.0297693362937887,0.0715097634857905,0.1508813999960454,0,1,1
2023-11-17,0,34.130001068115234,34.2599983215332,33.279998779296875,33.36000061035156,32.58964920043945,5051100,32.18014798779398,-0.0198847189847377,-0.0068707298502827,0.0788693849116876,0.0297649593158063,0.0714892495861952,0.1508407812496218,-1,0,1
2023-11-20,0,33.70000076293945,33.790000915527344,32.91999816894531,33.189998626708984,32.4235725402832,8669100,28.95063323135521,-0.0051090229634961,0.0179363471575376,0.0930830626709162,0.0297564833286518,0.0714682450174022,0.1508034588122208,-1,1,1
2023-11-21,0,32.810001373291016,32.9900016784668,32.34000015258789,32.650001525878906,31.89604377746582,7361900,29.55995334826762,-0.0164037232189124,-0.0405155834164529,0.105871109412442,0.0297507512144342,0.0714566946594499,0.1507697878522483,-1,-1,1
2023-11-22,0,32.959999084472656,33.70000076293945,32.79999923706055,33.33000183105469,32.56034469604492,8059100,29.135702173506395,0.0206131449816043,-0.0017983938466105,0.1302366759878779,0.0297456079132121,0.0714357082808872,0.1507448494823388,1,0,1
2023-11-23,0,33.54999923706055,34.029998779296875,33.040000915527344,33.70000076293945,32.92179870605469,6522000,26.560355389518087,0.0110398854516,-0.0123856521637923,0.1423024158489171,0.0297376835120268,0.0714160732245779,0.1507251022635452,1,-1,1
2023-11-24,0,33.70000076293945,33.70000076293945,33.16999816894531,33.400001525878906,32.62872314453125,2675200,26.052769332695327,-0.0089420345134267,-0.0186864692473685,0.095429916802345,0.0297298783219256,0.0713976916503341,0.1506884696541582,-1,-1,1
2023-11-27,0,33.70000076293945,34.0099983215332,33.09000015258789,33.849998474121094,33.068328857421875,6446000,25.101785122791107,0.0133830137205689,0.014581263457938,0.0924780074407396,0.0297224794545827,0.0713765484926347,0.1506510939205337,1,1,1
2023-11-28,0,33.869998931884766,34.22999954223633,33.59000015258789,34.0,33.214866638183594,6410800,26.57572988673863,0.0044215737761064,0.0241118601975406,0.0972237530446733,0.0297137276979225,0.0713563342989315,0.1506149944227277,1,1,1
2023-11-29,0,34.099998474121094,34.70000076293945,33.93000030517578,34.70000076293945,33.89870071411133,9029400,27.069980800975724,0.0203791206335228,0.0608947040499758,0.1088888550049982,0.0297085178175688,0.0713467651585161,0.150582371094425,1,1,1
2023-11-30,0,34.70000076293945,35.599998474121094,34.33000183105469,35.540000915527344,34.71930694580078,12374200,28.01647860231638,0.0239192417199238,0.0642008007882952,0.1614932852219034,0.0297047821032584,0.0713386996493057,0.150572072010798,1,1,1
2023-12-01,0,35.439998626708984,35.52000045776367,34.59000015258789,35.220001220703125,34.40669250488281,12790100,31.222985949776948,-0.0090448333368765,0.0441160819998185,0.1751919640800132,0.0296970380137157,0.0713228858139567,0.1505693572158725,-1,1,1
2023-12-04,0,35.06999969482422,35.349998474121094,34.869998931884766,34.97999954223633,34.1722412109375,5576600,30.16927033443464,-0.006837441022662,0.0462206754905833,0.1670022078236427,0.029688889734031,0.071307733433669,0.1505619575586185,-1,1,1
2023-12-05,0,34.91999816894531,35.08000183105469,34.529998779296875,34.79999923706055,34.222286224365234,4812000,29.352801583401607,0.0014634218331709,0.0343010836031854,0.170494656720699,0.0296800788005607,0.0712893842862132,0.1505564633923566,0,1,1
2023-12-06,0,34.9900016784668,35.06999969482422,34.040000915527344,34.27000045776367,33.70108795166016,5587000,28.489987409714622,-0.0153469555588273,0.0145325542682516,0.076095021188799,0.0296740595284917,0.0712683514265903,0.1505155897404677,-1,1,1
2023-12-07,0,34.41999816894531,34.849998474121094,33.68000030517578,34.029998779296875,33.46506881713867,7984300,29.100893116094664,-0.0070279473273644,-0.0128745136926354,0.0615881018218265,0.0296659621355678,0.0712489907420337,0.1504724701934856,-1,-1,1
2023-12-08,0,34.20000076293945,34.619998931884766,33.90999984741211,34.369998931884766,33.79942321777344,5529600,30.260432319749107,0.0099415648385505,-0.0268521905740088,0.0545984068403989,0.0296579132382297,0.0712328984125,0.1504285899519458,1,-1,1
2023-12-11,0,34.029998779296875,34.65999984741211,34.029998779296875,34.52000045776367,33.94693756103516,2798600,28.885005134005183,0.0043549077678176,-0.0134524494693146,0.033933186931017,0.0296492230284257,0.071213668457238,0.1503835302755326,1,-1,1
2023-12-12,0,34.68000030517578,34.72999954223633,34.099998474121094,34.36000061035156,33.78959274291992,3262800,27.68965552288613,-0.0046457974866011,-0.0112608059332538,0.0592034894157322,0.0296408071825763,0.0711940818537773,0.1503402312322479,-1,-1,1
2023-12-13,0,34.470001220703125,36.0,34.20000076293945,35.779998779296875,35.18601989746094,9669500,28.087149633959008,0.0404959936487113,0.0277717658822865,0.0576512757093654,0.0296473303977813,0.0711745922628027,0.1502967906751363,1,1,1
2023-12-14,0,36.0099983215332,37.119998931884766,35.84000015258789,36.84000015258789,36.228424072265625,11432800,27.90751491748602,0.0291951643831848,0.0723138858242988,0.1049504846807885,0.0296462878046031,0.0711707014902955,0.1502631378033621,1,1,1
2023-12-15,0,36.900001525878906,37.2400016784668,35.880001068115234,36.4900016784668,35.88423538208008,9322100,26.678832435832625,-0.0095459328906767,0.0697959002609863,0.0737774080213299,0.0296387189195074,0.071165475031786,0.1502220861616492,-1,1,1
2023-12-18,0,36.84999847412109,37.16999816894531,36.45000076293945,37.0,36.3857650756836,6517200,27.22093113187917,0.0138795556028917,0.0737338910253277,0.0902981810540721,0.0296315275133134,0.0711623205666414,0.1501845146541565,1,1,1
2023-12-19,0,36.81999969482422,37.47999954223633,36.68000030517578,37.060001373291016,36.44477462768555,4546100,27.2326180135841,0.001620462107106,0.0709994453646161,0.111803362145916,0.0296227859506309,0.0711576887910333,0.1501530777024094,0,1,1
2023-12-20,0,36.900001525878906,37.02999877929688,36.2599983215332,36.630001068115234,36.02191162109375,5570600,27.37668229529288,-0.0116706814713086,0.0639745613799087,0.1052417036381035,0.0296157452681444,0.0711495814475838,0.1501195992542346,-1,1,1
2023-12-21,0,36.959999084472656,36.959999084472656,36.04999923706055,36.65999984741211,36.05141067504883,6340600,26.927254760036128,0.0008185845930925,0.0242971523242899,0.1224640114501086,0.0296070210870994,0.0711296287042389,0.150091896853725,0,1,1
2023-12-22,0,36.880001068115234,36.880001068115234,36.18000030517578,36.79999923706055,36.1890869140625,4830100,26.78639522915861,0.0038116128845414,-0.0010863991743535,0.1056624793530455,0.0295983609209043,0.0711089774413167,0.1500585775680436,1,0,1
2023-12-26,0,36.79999923706055,37.369998931884766,36.59999847412109,37.290000915527344,36.67095565795898,3360500,27.11500486939381,0.0132274358541336,0.021686969570457,0.1078500297555793,0.0295910465114512,0.0710887400195722,0.1500259451802033,1,1,1
2023-12-27,0,37.09999847412109,37.88999938964844,37.02999877929688,37.560001373291016,36.93647384643555,5075700,28.01403022601996,0.007214471199915,0.0150218851674802,0.124006535468921,0.0295826805278197,0.0710679590778091,0.1499988483334922,1,1,1
2023-12-28,0,37.54999923706055,38.119998931884766,37.43000030517578,37.61000061035156,36.98564147949219,5348800,26.356335597620955,0.001330255231208,0.0147316782915822,0.1119537769795602,0.0295739836015643,0.0710471803191849,0.149967547711907,0,1,1
