Date,event,Open,High,Low,Close,Adj Close,Volume,WClose,Daily_Return,Week_Return,Month_Return,Cumulative_std_Daily_Return,Cumulative_std_Week_Return,Cumulative_std_Month_Return,Indicator_Daily_Return,Indicator_Week_Return,Indicator_Month_Return
2010-01-04,0,17.708261489868164,18.43680953979492,17.708261489868164,18.2683334350586,10.145151138305664,11843397,,,,,,,,0,0,0
2010-01-05,0,18.313867568969727,18.386722564697266,18.16815757751465,18.386722564697266,10.21088981628418,8593315,,0.0064589088480222,,,,,,0,0,0
2010-01-06,0,18.327526092529297,18.43680953979492,18.077089309692383,18.227352142333984,10.122393608093262,10602572,,-0.0087046213959836,,,0.0107222350622639,,,-1,0,0
2010-01-07,0,18.09985542297364,18.236459732055664,18.008787155151367,18.04066276550293,10.018710136413574,9966567,,-0.0102957999615316,,,0.0092482860212157,,,-1,0,0
2010-01-08,0,18.11351585388184,18.11351585388184,17.721921920776367,17.7674560546875,9.866985321044922,9748709,,-0.0152599902773528,,,0.0093653234143391,,,-1,0,0
2010-01-11,0,17.844863891601562,17.963253021240234,17.371307373046875,17.612640380859375,9.78101921081543,13545194,,-0.0087506757905934,,,0.0081504710340557,,,-1,0,0
2010-01-12,0,17.444162368774414,17.635406494140625,17.32122039794922,17.44871711730957,9.689986228942873,9326609,,-0.0093506876617167,-0.0459028662391562,,0.0073374323707684,,,-1,0,0
2010-01-13,0,17.485143661499023,17.749242782592773,17.303007125854492,17.503358840942383,9.72032642364502,9860933,,0.003126195848052,-0.0492355792391262,,0.0078393803512682,0.0023565839620273,,1,-1,0
2010-01-14,0,17.530677795410156,17.667280197143555,17.166404724121094,17.262025833129883,9.586299896240234,10089991,,-0.0138842155245308,-0.0544151733676734,,0.0077607617991796,0.0042894161204615,,-1,-1,0
2010-01-15,0,17.211938858032227,17.435056686401367,16.85677146911621,16.97060775756836,9.424471855163574,16300044,4.457965670047782,-0.017025289886913,-0.0611446632930546,,0.0079802783319269,0.0066446672792198,,-1,-1,0
2010-01-18,0,17.029802322387695,17.293899536132812,17.007034301757812,17.12087059020996,9.507905960083008,4730946,4.14776843952283,0.0088139636627918,-0.0370707093529101,,0.0092473361053645,0.0090448769585381,,1,-1,0
2010-01-19,0,16.98426628112793,17.316667556762695,16.943286895751953,17.075336456298828,9.482626914978027,10596204,4.200317405792696,-0.0026622802216476,-0.0309823137839642,,0.0088482720529132,0.0110874333760177,,-1,-1,0
2010-01-20,0,16.92962646484375,16.97060775756836,16.27393341064453,16.62454605102539,9.23228359222412,13369502,4.266785820426423,-0.0267549509285874,-0.048386577050835,,0.0103242856897635,0.0101475952697642,,-1,-1,0
2010-01-21,0,16.67463493347168,16.752042770385742,16.132776260375977,16.319467544555664,9.06286334991455,21853888,4.672037362862646,-0.0185213145283702,-0.0700340874272574,,0.0103177437041131,0.0124949997933826,,-1,-1,0
2010-01-22,0,16.141883850097656,16.619993209838867,16.110010147094727,16.50615882873535,9.166549682617188,12513443,4.748438725292152,0.0113758408659419,-0.0447740310367847,,0.0112690583876282,0.0118003081323601,,1,-1,0
2010-01-26,0,16.12367057800293,16.615440368652344,15.959747314453123,16.547138214111328,9.189294815063477,11890614,4.652623263675497,0.0024782454536821,-0.0252704956961895,,0.0111455850010684,0.0134381636588492,,1,-1,0
2010-01-27,0,16.501604080200195,16.501604080200195,16.114564895629883,16.310361862182617,9.05781078338623,11139092,4.696038669947649,-0.0144117440118369,-0.0484962033708181,,0.0109434565301729,0.0127597842738983,,-1,-1,0
2010-01-28,0,16.49249839782715,16.797576904296875,16.2283992767334,16.797576904296875,9.328373908996582,12572519,4.784468594450622,0.0294332579199319,-0.0164006652292385,,0.0138102359255934,0.0150147233629123,,1,-1,0
2010-01-29,0,16.902305603027344,16.97060775756836,16.34678840637207,16.45151710510254,9.136197090148926,12451511,4.854758792035055,-0.0208164877927654,-0.0104622020934164,,0.0139108513383805,0.017174242282053,,-1,-1,0
2010-02-01,0,16.524372100830078,16.879539489746094,16.437856674194336,16.761150360107422,9.308149337768556,9841387,4.598856045907295,0.0186460637389196,0.0267051761738734,,0.0146377792355145,0.0246344637110679,,1,1,0
2010-02-02,0,16.979713439941406,17.15274429321289,16.765703201293945,16.98426628112793,9.432056427001951,10004341,4.802624003371504,0.0132238563891358,0.0285531916970673,,0.0147902262844901,0.0291318258504732,,1,1,0
2010-02-03,0,17.007034301757812,17.11176300048828,16.715614318847656,16.911413192749023,9.39159107208252,7783594,4.6896419284488005,-0.0042994236111821,0.0217755226322032,,0.0144164386961739,0.0312428804230077,,-1,1,0
2010-02-04,0,16.711061477661133,16.80213165283203,16.069028854370117,16.260272979736328,9.029990196228027,11598966,4.612507051313605,-0.0392634403732896,-0.0030761737292494,-0.1164445892398237,0.015984548224463,0.0309020499110704,,-1,0,0
2010-02-05,0,16.087242126464844,16.424196243286133,15.395122528076172,15.845911979675291,8.799877166748047,19780283,4.513492321910138,-0.0258135186766143,-0.0583229503257958,-0.1487170167644602,0.0161926011311686,0.0308434721800372,0.0228200523480218,-1,-1,-1
2010-02-08,0,15.886892318725586,16.032602310180664,15.672882080078123,15.800376892089844,8.774593353271484,11652332,4.462073339012737,-0.0028773362920514,-0.0403837988250816,-0.1428897316605279,0.0158510635037061,0.0300826244986897,0.0171988971917133,-1,-1,-1
2010-02-09,1,16.255720138549805,16.597225189208984,16.182865142822266,16.50615882873535,9.166549682617188,19517404,4.749447759091776,0.0437005272560699,-0.0153293353079315,-0.0888934044429263,0.0184331521568537,0.0294599801420736,0.0274292242501299,1,-1,-1
2010-02-10,0,16.56079864501953,16.701955795288086,16.396875381469727,16.597225189208984,9.217114448547363,10544155,4.734142073176031,0.0055010680225874,-0.0230521236744801,-0.0681323461429861,0.0181577494204792,0.0287446785524636,0.0345514097533937,1,-1,-1
2010-02-11,0,16.597225189208984,16.98426628112793,16.342235565185547,16.88864517211914,9.378954887390137,9690072,4.625208555165285,0.0174063155065013,-0.0013463845567966,-0.0419753548458913,0.0182621487647742,0.0286579465160236,0.0423810691224621,1,0,-1
2010-02-12,0,16.66552734375,17.029802322387695,16.392322540283203,16.884092330932617,9.376422882080078,8494488,4.484446638046003,-0.0002700031272696,0.0376470526892233,-0.0328946703114443,0.0179277053120244,0.0311288246417009,0.0465062668242137,0,1,-1
2010-02-17,0,17.06622886657715,17.316667556762695,17.06622886657715,17.24836540222168,9.578721046447754,9378438,4.477135857382516,0.0213457461835474,0.084806317549385,-0.0146751199759489,0.0181673233774371,0.0377762172504315,0.0508930084133555,1,1,-1
2010-02-18,0,17.116317749023438,17.303007125854492,17.029802322387695,17.303007125854492,9.609068870544434,11320055,4.536614166424412,0.0031632459531092,0.0908468997945457,0.0023723415016911,0.0178760367416929,0.0431365815561949,0.0552636956141065,1,1,0
2010-02-19,0,17.166404724121094,17.211938858032227,17.029802322387695,17.029802322387695,9.457345962524414,6597673,4.492444511252547,-0.0159155365082541,0.0312308360302217,0.00348209488035,0.0177572392000137,0.0432576775060332,0.0573728151255689,-1,1,0
2010-02-22,0,16.988821029663086,17.007034301757812,16.67463493347168,16.67463493347168,9.260099411010742,7742307,4.356087776602936,-0.0210770059261168,0.0046527620815176,-0.0264088747085585,0.0177822234666205,0.042568345972349,0.0556507084633737,-1,1,-1
2010-02-23,0,16.56079864501953,16.619993209838867,16.210186004638672,16.396875381469727,9.10585594177246,7313179,3.912605481718767,-0.0167970674869209,-0.0295506209119047,-0.0405436619738317,0.0176697032413457,0.0418859777642377,0.0534006941849297,-1,-1,-1
2010-02-24,0,16.392322540283203,16.46062469482422,16.169204711914062,16.214738845825195,9.004700660705566,8594852,3.810059832903684,-0.0111709800225786,-0.0404515978072137,-0.0249596910678229,0.0174525334786926,0.0414270834683095,0.0520243511508006,-1,-1,-1
2010-02-25,0,15.93698024749756,16.497051239013672,15.86867904663086,16.210186004638672,9.002179145812988,8120923,3.3734690564897782,-0.0002800612805941,-0.0620774052713553,-0.0067184378200468,0.0172026145309889,0.0416133807467699,0.0517566396722975,0,-1,-1
2010-02-26,0,16.255720138549805,16.619993209838867,16.091796875,16.619993209838867,9.229756355285645,14776575,3.5352182662164218,0.0249659757818571,-0.0402746754426073,0.0068716970958683,0.0176025405236587,0.0411393194741943,0.0522443614989002,1,-1,1
2010-03-01,0,16.733829498291016,16.797576904296875,16.60177993774414,16.647314071655273,9.24492645263672,8356789,3.478995081895889,0.0016422583184015,-0.0227168806159516,0.0060357099605878,0.0173705226697941,0.0404825045900062,0.0523388931594217,0,-1,1
2010-03-02,0,16.797576904296875,16.96150016784668,16.765703201293945,16.915966033935547,9.394122123718262,9384148,3.514103170934777,0.0160092782622668,0.0143694035724319,0.0364567322346916,0.0173955959503222,0.0402240290222579,0.0544718570440072,1,1,1
2010-03-03,0,16.99337387084961,17.243812561035156,16.834003448486328,16.915966033935547,9.394122123718262,14637559,3.7108290445709047,0.0,0.0311664710593527,0.0070234743147594,0.0171682399290924,0.0404384274548348,0.0540471378141004,0,1,1
2010-03-04,0,17.029802322387695,17.1026554107666,16.756595611572266,16.893199920654297,9.381478309631348,6053687,3.496321676442373,-0.0013468347969038,0.0409906162850276,0.026493127310621,0.016946993335839,0.0409450385940743,0.0545928215802209,0,1,1
2010-03-05,0,17.12087059020996,17.14363670349121,16.947839736938477,16.98426628112793,9.432056427001951,9318484,3.601531344953484,0.0053767928174345,0.0466474703830562,0.0132238563891358,0.0167729602013784,0.0415753315402152,0.0542187136145565,1,1,1
2010-03-08,0,16.925073623657227,17.13452911376953,16.893199920654297,16.975160598754883,9.426995277404783,6987710,3.5775091360190268,-0.00053673427466,0.0211447603265388,-0.00053673427466,0.0165682556091754,0.041347062276449,0.0533060279053768,0,1,0
2010-03-09,0,16.88864517211914,17.412288665771484,16.865877151489258,17.18461799621582,9.543317794799805,12629619,3.80007583532928,0.0122637907833119,0.0317662927914491,0.0160264801198338,0.0165086967806037,0.0413641964183422,0.0529803073057326,1,1,1
2010-03-10,0,17.303007125854492,17.539785385131836,17.17551040649414,17.25747299194336,9.583770751953123,11392528,3.931254987964388,0.0042299189832788,0.0199869335124613,0.0595198394764023,0.016337841169583,0.0410913426865439,0.0549476428032038,1,1,1
2010-03-11,0,17.139083862304688,17.325773239135742,17.03435516357422,17.303007125854492,9.609068870544434,6266274,3.878052015519692,0.0026362053494776,0.022623138861939,0.0879695635024943,0.0161617383591117,0.0408660854004856,0.0584829281822028,1,1,1
2010-03-12,0,17.476036071777344,17.476036071777344,16.997928619384766,17.02524757385254,9.454812049865724,6538377,3.570357937155547,-0.0161835030377418,0.0077864706211009,0.0746633967568037,0.0161329996498812,0.0404282866582289,0.0603226090657579,-1,1,1
2010-03-15,0,16.943286895751953,17.18461799621582,16.893199920654297,17.125423431396484,9.51044464111328,5825287,3.4801653310420604,0.0058668070487097,0.0082764848523764,0.0368296765494437,0.0159931324436468,0.0400084144738781,0.0600236635734253,1,1,1
2010-03-16,0,17.129976272583008,17.325773239135742,17.070781707763672,17.23470687866211,9.571131706237791,6563413,3.3756136305660265,0.0063608235123337,0.0151740426393701,0.0376894320391902,0.0158614231570645,0.0396780476728535,0.0597086428909995,1,1,1
2010-03-17,0,17.334880828857422,17.380414962768555,16.915966033935547,17.075336456298828,9.482626914978027,7751750,3.11151620693812,-0.0092900754707618,-0.0063798236147035,0.0109930410619271,0.0157376830151202,0.0392140156351879,0.0587613273152529,-1,-1,1
2010-03-18,0,17.15274429321289,17.15274429321289,16.73838233947754,16.938732147216797,9.406768798828123,10850957,3.298364578841811,-0.0080318634968152,-0.0186416060947977,0.0032311806923813,0.0156046625014749,0.0388059820983954,0.0577692253089638,-1,-1,0
2010-03-19,0,17.02524757385254,17.070781707763672,16.692848205566406,16.870431900024414,9.368836402893066,10398111,3.3376726928097447,-0.0040406098377333,-0.0253184212820087,-0.0221551753288993,0.0154518872192717,0.0384666228840138,0.0567996695837489,-1,-1,-1
2010-03-22,0,16.688295364379883,17.12087059020996,16.61088752746582,17.12087059020996,9.507905960083008,9970740,3.4570435742358625,0.0147347535561963,0.0055998353119293,-0.0105836677258124,0.0154656375752483,0.0380939008670827,0.0558452655726484,1,1,-1
2010-03-23,0,17.16185188293457,17.16185188293457,16.765703201293945,16.979713439941406,9.429523468017578,6075648,3.1960908104115964,-0.0082780970850934,-0.0085450688218739,-0.0029462283026518,0.0153466228471901,0.0376869781946843,0.054958138198705,-1,-1,0
2010-03-24,0,16.820344924926758,16.88864517211914,16.615440368652344,16.619993209838867,9.229756355285645,9381952,3.102871752398896,-0.0214129106317015,-0.0363188029659091,-0.0032821330082365,0.0154436635110155,0.0375234006583609,0.0541104643772259,-1,-1,0
2010-03-25,0,16.711061477661133,17.020694732666016,16.688295364379883,16.820344924926758,9.341022491455078,8391049,3.177841999755435,0.0119830695861745,-0.0150456579089728,0.0254980040648588,0.015411670116797,0.0371526358036416,0.0536512192520293,1,-1,1
2010-03-26,0,16.761150360107422,17.12087059020996,16.761150360107422,17.12087059020996,9.507905960083008,8713225,3.2646036870915798,0.0177079381306204,0.0106941437184628,0.0543769222180579,0.0154851651373886,0.0368718055689811,0.0539632143863468,1,1,1
2010-03-29,0,17.075336456298828,17.41684341430664,17.048015594482422,17.37586212158203,9.649521827697754,9971399,3.433040576215024,0.0147847037499263,0.0295194573061227,0.0694416872485785,0.0154908918464253,0.0368693905778829,0.0547348982355054,1,1,1
2010-03-30,0,17.41684341430664,17.55344581604004,17.334880828857422,17.55344581604004,9.748144149780272,9728505,3.565153443051686,0.0101685606905662,0.0249532644404926,0.0546442721572876,0.0154227738310313,0.0367739474053333,0.0548812921360047,1,1,1
2010-03-31,0,17.530677795410156,17.87218475341797,17.38496971130371,17.75834846496582,9.861931800842283,11922898,3.747033253120354,0.0116051491506235,0.0448365106762097,0.0646071629895097,0.0153727802794057,0.0370834488732893,0.0552773406552653,1,1,1
2010-04-01,0,17.844863891601562,18.03155517578125,17.803884506225586,17.84941864013672,9.912508010864258,9885529,3.730188565327405,0.0051153226879912,0.0713647439959025,0.0537132074152341,0.0152590525226878,0.0381661399626327,0.0552831012736287,1,1,1
2010-04-05,0,17.835758209228516,18.108963012695312,17.812990188598633,17.963253021240234,9.975725173950195,6181942,3.5826703020650967,0.0063572641579029,0.0657389385676308,0.060070471573137,0.015155976286504,0.038946761270065,0.0554193098539599,1,1,1
2010-04-06,0,17.75834846496582,18.004234313964844,17.721921920776367,17.73558235168457,9.84929084777832,7875613,3.5115635641695966,-0.0127552018335359,0.0352757986034744,0.0486621045365048,0.0151145536369656,0.0389236331463573,0.0552375076088763,-1,1,1
2010-04-07,0,17.67183494567871,17.762903213500977,17.535232543945312,17.57621192932129,9.76078987121582,8987304,3.6371447371750656,-0.0090261308645711,0.0114649639889768,0.0342591808544992,0.0150308044258649,0.0386213121010886,0.054791428181562,-1,1,1
2010-04-08,0,17.57621192932129,18.2819938659668,17.43960952758789,18.2045841217041,10.10973834991455,13829376,3.856750777374027,0.0351258257942663,0.0364222290926769,0.0699217409234256,0.0155658689749433,0.0386087670171814,0.0551053980018293,1,1,1
2010-04-09,0,18.21369171142578,18.336633682250977,18.036108016967773,18.25922584533692,10.140084266662598,10513848,3.973243734878232,0.0029971560777533,0.0278142360198066,0.0606551062178669,0.0154484200244845,0.0384622724482907,0.0551269167587188,1,1,1
2010-04-12,0,18.18181800842285,18.28654670715332,17.94959259033203,18.008787155151367,10.001008987426758,8625379,3.9873480459176776,-0.013810321803476,0.0088885915283392,0.0426148654311121,0.0154229907355634,0.0381599943559245,0.0547804499764738,-1,1,1
2010-04-13,0,18.07253646850586,18.118070602416992,17.876737594604492,17.954147338867188,9.970675468444824,6887126,3.8736627433125816,-0.003037654873206,-0.0005063275027695,0.0369410052084284,0.0153095831427437,0.0378459149896,0.0543588628730963,-1,0,1
2010-04-14,0,17.986019134521484,18.20003128051757,17.762903213500977,18.0543212890625,10.02629566192627,10807912,3.9294881463043674,0.0055628761527998,0.0178117504835663,0.0586873843989701,0.0152112954095501,0.0376103148763233,0.0542954258085543,1,1,1
2010-04-15,0,18.09985542297364,18.11351585388184,17.922273635864258,18.027000427246094,10.01112937927246,10232741,3.867006418699008,-0.0015137958613797,0.0253240854867576,0.0513067814888806,0.0150998957509715,0.0374469232193915,0.0540792451037812,-1,1,1
2010-04-16,0,17.922273635864258,17.986019134521484,17.357648849487305,17.462377548217773,9.697566032409668,11979778,3.9420442740880937,-0.0318224825363294,-0.041624222843838,0.0131234754402172,0.0154594444011656,0.0375134129400652,0.0535165490460393,-1,-1,1
2010-04-19,0,17.38496971130371,17.517017364501953,17.0434627532959,17.262025833129883,9.586299896240234,10500891,4.102959234939582,-0.0115399444652103,-0.0561613233868017,0.0108736064457688,0.0154029922728641,0.0378499861496262,0.0529684044712971,-1,-1,1
2010-04-20,0,17.28023910522461,17.41684341430664,17.139083862304688,17.41684341430664,9.672284126281738,7822027,4.095067947998155,0.0089295039839932,-0.0334214975993324,0.0278349739265773,0.0153370410746704,0.0377665770113018,0.0525029632630507,1,-1,1
2010-04-22,0,17.20738410949707,17.348541259765625,16.943286895751953,17.25747299194336,9.583770751953123,12468202,4.226164143795493,-0.0091933678317795,-0.0395772105579059,0.022682215932531,0.0152628517330324,0.0377628823874535,0.0520188848020033,-1,-1,1
2010-04-23,0,17.21649169921875,17.303007125854492,17.02524757385254,17.28023910522461,9.596420288085938,8181756,3.973225898191453,0.001319021060885,-0.043821065649821,0.0092664834372196,0.0151599146015534,0.0378154270157647,0.0515162887151684,0,-1,1
2010-04-26,0,17.28023910522461,17.316667556762695,17.03435516357422,17.05712127685547,9.47250747680664,7633597,3.8316780728256807,-0.0129964890491078,-0.0553037588375491,0.0045480914732053,0.0151233764213871,0.0380585998830487,0.0510324823899251,-1,-1,0
2010-04-27,0,16.925073623657227,17.016141891479492,16.487943649291992,16.487943649291992,9.156424522399902,10818893,3.884497027463977,-0.0339378867248748,-0.0574191630260944,-0.007976884619968,0.0154924515300434,0.0383201190923102,0.0506122784521552,-1,-1,-1
2010-04-28,0,16.66552734375,16.906858444213867,16.510711669921875,16.906858444213867,9.389066696166992,9947022,3.986520875153952,0.0250901283982992,-0.0207890901625848,0.0051301741921569,0.0156823586653217,0.0380980429586511,0.0501528973733139,1,-1,1
2010-04-29,0,16.988821029663086,17.271133422851562,16.806684494018555,17.211938858032227,9.55849266052246,11345969,3.9868800481715514,0.0178841482375114,-0.0118344459090666,0.0053063842990477,0.0157263206476169,0.0378418422420915,0.049705564737992,1,-1,1
2010-04-30,0,17.125423431396484,17.412288665771484,16.80213165283203,17.166404724121094,9.533202171325684,14496346,4.134424955053713,-0.0026493723278856,-0.0052904504051726,-0.0121276917787642,0.0156266259824519,0.0375818069919023,0.0493455769989548,-1,-1,-1
2010-05-03,0,17.075336456298828,17.35309410095215,17.048015594482422,17.211938858032227,9.561537742614746,9470896,4.028710333370322,0.0029678950554994,-0.0036415764105581,-0.0193283574138312,0.0155330840248712,0.0373272412924596,0.0490535044717417,1,0,-1
2010-05-04,1,17.098102569580078,17.11176300048828,16.61088752746582,16.756595611572266,9.308584213256836,14525555,4.171271885902899,-0.0268115577568922,-0.0174566451183426,-0.057745064321347,0.0157051596768195,0.0371061543738806,0.0493744069075745,-1,-1,-1
2010-05-05,0,16.59267234802246,16.98426628112793,16.396875381469727,16.701955795288086,9.278223037719728,12884153,4.352364867348501,-0.0032669626505495,0.0132142789559826,-0.0661273496598879,0.015609811660033,0.0369191519088972,0.0498496906093562,-1,1,-1
2010-05-06,0,16.565353393554688,16.938732147216797,15.832250595092772,16.501604080200195,9.16693115234375,16884440,4.4979736377551465,-0.0120674768874273,-0.023943326329744,-0.0845520907052181,0.0155610643276997,0.0367433570385463,0.0507550554856139,-1,-1,-1
2010-05-07,0,16.50615882873535,16.59267234802246,15.855018615722656,16.456069946289062,9.141629219055176,17678568,4.840868084236679,-0.0027639474522247,-0.0445914220194803,-0.0745608363239068,0.0154679543528867,0.0367786605567977,0.0513174092834243,-1,-1,-1
2010-05-10,0,17.262025833129883,17.262025833129883,16.925073623657227,17.16185188293457,9.533709526062012,9366140,4.910955977590661,0.0419952680359703,5.321834437578181e-05,-0.0235394374233653,0.0160748530915275,0.0365503021202361,0.0510176216935778,1,0,-1
2010-05-11,0,16.843111038208008,17.20738410949707,16.843111038208008,16.925073623657227,9.402172088623049,7696846,4.800797310900848,-0.0138931533144606,-0.0168078300255842,-0.0725584165320922,0.0160429186638276,0.0363433682753203,0.0514715484268635,-1,-1,-1
2010-05-12,0,16.988821029663086,17.075336456298828,16.74748992919922,16.893199920654297,9.384471893310549,10698544,4.829711544891103,-0.001884338742663,0.0081193889886449,-0.0774399113525087,0.0159497334658424,0.0361496856524482,0.0519916886779203,-1,1,-1
2010-05-13,0,16.847665786743164,16.947839736938477,16.606332778930664,16.64276123046875,9.245346069335938,5818699,4.604178860361752,-0.0149360998239575,-0.003549748184763,-0.0785656893729902,0.0159282775173815,0.0359291254112708,0.052489748331423,-1,0,-1
2010-05-14,0,16.44240951538086,16.524372100830078,16.191972732543945,16.36955451965332,9.09356689453125,8678745,4.3595759944143335,-0.0165530684140258,-0.0080353397113616,-0.09208110291381,0.0159224866420884,0.0357132541990072,0.0532593589329219,-1,-1,-1
2010-05-17,0,16.392322540283203,16.615440368652344,15.996174812316896,16.34678840637207,9.080930709838867,10599498,4.383084674738369,-0.0013905404158691,-0.0066619326750058,-0.0990345194824791,0.015832790874153,0.0355003212638109,0.0541375874871461,0,-1,-1
2010-05-18,0,16.49249839782715,16.688295364379883,15.845911979675291,15.932427406311035,8.850747108459473,12774126,4.291674898243878,-0.0256748139521798,-0.0743320146631561,-0.1231955375732791,0.0159517310727081,0.0360658121678146,0.0556136941905252,-1,-1,-1
2010-05-19,0,14.98076057434082,15.299501419067385,14.844159126281738,15.117363929748535,8.397965431213379,33676203,4.965409631079396,-0.0525124085500059,-0.1129512698987015,-0.1438854635869557,0.0167316184739937,0.0376386671887099,0.0576137315130526,-1,-1,-1
2010-05-20,0,14.844159126281738,15.294946670532228,14.716663360595703,15.103704452514648,8.390373229980469,17959236,4.948516466108071,-0.0009044613530493,-0.1119713925090876,-0.1332499804747947,0.016640864560253,0.0390467265954088,0.0591033430650661,0,-1,-1
2010-05-21,0,15.02629566192627,15.600027084350586,14.848711967468262,15.25396728515625,8.473848342895508,15284984,4.816103607163879,0.0098997507002439,-0.0871355419848863,-0.132279733758544,0.0165969228629306,0.0397069490304809,0.0604399508913612,1,-1,-1
2010-05-24,0,15.2084321975708,15.340481758117676,14.930673599243164,14.9898681640625,8.327134132385254,13175582,4.900370328110016,-0.0174654000365534,-0.0880478736074137,-0.1405517659633178,0.016585320691,0.0403426446684865,0.0618947143939522,-1,-1,-1
2010-05-25,0,14.366048812866213,14.816838264465332,14.129270553588867,14.621041297912598,8.12224292755127,51334567,6.322305562699397,-0.024913016616373,-0.1115703498079177,-0.1667838036405758,0.0166615926966583,0.0414975343087789,0.0640072405299805,-1,-1,-1
2010-05-26,0,14.798624038696287,15.194771766662598,14.570953369140623,15.112811088562012,8.39543342590332,46449011,7.5171776550372655,0.0330815796141909,-0.0528139562415469,-0.1207057349772769,0.0169597974595967,0.0414935280151482,0.0647363880632499,1,-1,-1
2010-05-27,0,15.31771469116211,15.499852180480955,15.162898063659668,15.386015892028809,8.547197341918945,22458269,8.087294806415972,0.0179155146947654,0.0176139670032243,-0.0688523335576368,0.0169910861578942,0.0413807837913158,0.0645919207390645,1,1,-1
2010-05-28,0,15.386015892028809,15.386015892028809,15.386015892028809,15.386015892028809,8.547197341918945,0,7.761626907258005,0.0,0.0185184283562737,-0.0939424619559362,0.0169050884804669,0.0412746902985167,0.0647665780065928,0,1,-1
2010-05-31,0,15.5635986328125,15.800376892089844,15.340481758117676,15.800376892089844,8.777385711669922,12166012,7.805089348152275,0.0265751754291954,0.0351938530852254,-0.0852514347642521,0.0170560212007398,0.0413303865343563,0.06479932418092,1,1,-1
2010-06-01,0,15.508957862854004,15.841358184814451,15.258520126342772,15.481637954711914,8.603296279907227,12725151,7.790306862392309,-0.0200331901895868,0.0326260629321918,-0.1026352526259531,0.0170709874079304,0.0413502797170378,0.0650729126843027,-1,1,-1
2010-06-02,0,15.50440502166748,16.014387130737305,15.481637954711914,15.918766021728516,8.846212387084961,9907930,6.984959342028693,0.0278439703657426,0.0853830499143077,-0.0777591773157099,0.0172351777711956,0.0422666956213579,0.0649885796287558,1,1,-1
2010-06-04,0,15.754842758178713,15.754842758178713,15.43610382080078,15.595473289489746,8.666549682617188,9294326,6.695546178291636,-0.0205186374475744,0.0317828328525425,-0.0714662570063919,0.0172542447537308,0.0422529668541531,0.0648340347829712,-1,1,-1
2010-06-07,0,15.618241310119627,15.686541557312012,15.094596862792969,15.12191677093506,8.40339183807373,9304867,6.4837312059967545,-0.0308353365079183,-0.0169680183501413,-0.0990346308637607,0.0174090969746867,0.0420446160507401,0.0650071248234778,-1,-1,-1
2010-06-08,0,15.24485969543457,15.518065452575684,15.03084945678711,15.395122528076172,8.55521297454834,7724298,6.3036836922875965,0.0179053871850585,0.0009373688349174,-0.0690617667912747,0.0174317172178027,0.0418435387655378,0.0648202387984622,1,0,-1
2010-06-09,0,15.522619247436523,15.595473289489746,15.21298599243164,15.25396728515625,8.47677993774414,7024385,4.828834508478177,-0.0092101484122063,-0.0348479550064844,-0.0755079677512562,0.0173641534414622,0.0417137568389741,0.0646911007092261,-1,-1,-1
2010-06-10,0,15.367801666259766,15.786717414855955,15.28128719329834,15.663775444030762,8.704513549804688,7118380,3.475346691633299,0.0265110365914281,0.0116962717745304,-0.0909921991957986,0.0174958470125107,0.0415580804347021,0.0647268198880388,1,1,-1
2010-06-11,0,15.490744590759276,15.959747314453123,15.422443389892578,15.89599895477295,8.8335599899292,7290339,2.948986152272496,0.0147164132730638,-0.0014312853181483,-0.062382632608274,0.0174830839653892,0.0413605081352199,0.0644827183224436,1,0,-1
2010-06-14,0,16.02804946899414,16.091796875,15.641008377075195,15.641008377075195,8.691864013671875,6823657,3.193731175839439,-0.0161706859589769,0.0029166661704489,-0.0766689798245879,0.0174602920731288,0.0411754984652547,0.0643548453132744,-1,0,-1
2010-06-15,0,15.732075691223145,16.073583602905273,15.686541557312012,16.023494720458984,8.904410362243652,6368615,2.987087450603022,0.0241592830419111,0.0579112857202786,-0.0375735969587191,0.0175502806072482,0.0414905430575488,0.0640025444598176,1,1,-1
2010-06-16,0,15.850464820861816,16.150991439819336,15.786717414855955,16.073583602905273,8.932250022888184,13369721,3.0281192627494304,0.0031216250856913,0.0431275236209111,-0.0178989034590019,0.0174751079355106,0.0415915911852171,0.0636462566013909,1,1,-1
2010-06-17,0,16.05081558227539,16.150991439819336,15.79582405090332,16.000728607177734,8.891757011413574,9331221,3.0088207615618474,-0.0045436563238421,0.0477940157092754,-0.0210520193669748,0.0173991734639893,0.041740519214193,0.0632929200540245,-1,1,-1
2010-06-18,0,16.041709899902344,16.110010147094727,15.89599895477295,16.073583602905273,8.932250022888184,10062978,3.047343035731604,0.004543656323842,0.0258266354416895,0.009166450909047,0.0173296835585669,0.0416658895321225,0.0630436864531951,1,1,1
2010-06-21,0,16.15554428100586,16.283039093017578,15.996174812316896,16.141883850097656,8.970197677612305,7351392,2.996797298705868,0.00423938806505,0.0153496102336754,0.065918247524103,0.0172601519975393,0.0415269055172671,0.06339608564442,1,1,1
2010-06-22,0,16.08268928527832,16.292146682739258,15.93698024749756,16.073583602905273,8.932250022888184,8704660,3.044950402352776,-0.00423938806505,0.0272809081276024,0.0625833208121023,0.0171868085873028,0.041462189658008,0.063675683014296,-1,1,1
2010-06-23,0,16.128223419189453,16.150991439819336,15.777609825134276,16.150991439819336,8.975263595581055,10538006,3.1895321088452664,0.0048039785234614,0.0079256036091528,0.05748754863532,0.0171207194978594,0.0412954233275549,0.0638660098373826,1,1,1
2010-06-24,0,16.037155151367188,16.119117736816406,15.54538631439209,15.641008377075195,8.691864013671875,12867023,3.395347891613242,-0.0320848866510639,-0.0272809081276024,0.0428680620208093,0.0172864401087732,0.041157277860394,0.063869797611604,-1,-1,1
2010-06-25,0,15.659220695495604,15.754842758178713,15.390568733215332,15.754842758178713,8.75511646270752,9573457,3.475472841308136,0.0072508507985058,-0.0154864010052545,0.0750319294356883,0.0172304884742287,0.0409820911866514,0.064280430321053,1,-1,1
2010-06-28,0,15.663775444030762,15.92787265777588,15.60913372039795,15.713862419128418,8.732345581054688,6038534,3.4483214536065026,-0.0026042537751277,-0.0226343111042242,0.0393460960463697,0.0171577725140699,0.0408284774697192,0.0642289044940077,-1,-1,1
2010-06-29,0,15.481637954711914,15.481637954711914,14.935227394104004,15.067276000976562,8.373034477233887,14727162,3.72315694453098,-0.0420176534147592,-0.0688913525840335,-0.0205870720631549,0.017485948463758,0.0410619665483458,0.0639004724252356,-1,-1,-1
2010-06-30,0,15.071829795837402,15.294946670532228,14.76675033569336,14.798624038696287,8.22374153137207,19334684,3.886491766711796,-0.0179910812411617,-0.0826430457601453,-0.0385781533043167,0.0174765799357811,0.0414797276255113,0.0636057312932271,-1,-1,-1
2010-07-01,0,15.071829795837402,15.477084159851074,14.803177833557127,15.477084159851074,8.603941917419434,26653574,4.490427721841319,0.0451951810934741,-0.0422518431901326,-0.019958147640038,0.0179153468601415,0.0414232483672789,0.0632869120689443,1,-1,-1
2010-07-02,0,15.481637954711914,15.659220695495604,15.258520126342772,15.622794151306152,8.684943199157715,8624500,4.428605288200669,0.0093703988290893,-0.0007965577099791,0.0094454413786381,0.0178679408297783,0.041251303329726,0.0630386110207611,1,0,1
2010-07-05,0,15.554492950439451,15.57270622253418,15.24485969543457,15.24485969543457,8.474844932556152,4793756,4.324133812900951,-0.0244885035075867,-0.0325359120160719,-0.0428870324946912,0.0179169667048765,0.0411375539046044,0.0627717062976472,-1,-1,-1
2010-07-06,0,15.47253131866455,15.60913372039795,15.395122528076172,15.60913372039795,8.67735481262207,12486869,4.450408541670569,0.0236143810828155,-0.0063172771581285,0.0012459860356986,0.0179848528365482,0.0409647142875004,0.0624996028971661,1,-1,0
2010-07-07,0,15.659220695495604,16.524372100830078,15.60913372039795,16.524372100830078,9.186150550842283,20841463,4.850150276271483,0.0569802377929026,0.0926806140495332,0.0890615603365196,0.0186488151335571,0.0418121120092403,0.0630922044656381,1,1,1
2010-07-08,0,16.50615882873535,17.02524757385254,16.46062469482422,16.893199920654297,9.39118194580078,28743650,5.502546326987091,0.0220741831897695,0.1327458784804643,0.0932303563412303,0.0186851218278401,0.0435287073255013,0.0637193352140824,1,1,1
2010-07-12,0,16.99337387084961,17.28023910522461,16.742935180664062,16.952392578125,9.424079895019531,13223019,5.670900247315711,0.0034969465768606,0.0910476439638509,0.1059374513302974,0.0186149494348999,0.044228428131739,0.0645272461815763,1,1,1
2010-07-13,0,17.007034301757812,17.093549728393555,16.915966033935547,17.007034301757812,9.454461097717283,12863289,5.955155035710883,0.0032185992484243,0.0848958443831859,0.0826450139872936,0.0185451018724016,0.0447890778170742,0.0649246058595135,1,1,1
2010-07-14,0,16.88864517211914,17.029802322387695,16.74748992919922,16.884092330932617,9.386123657226562,9628580,5.81924406455825,-0.0072543120150154,0.1021300358757573,0.0606742886992143,0.0184824472293216,0.0456202239590226,0.0650309384439858,-1,1,1
2010-07-15,0,16.820344924926758,16.934179306030273,16.56079864501953,16.847665786743164,9.365862846374512,9769353,5.540683360487526,-0.0021609250553067,0.076354729737635,0.0746840496028847,0.0184117299354572,0.0459958479213399,0.0652884037103476,-1,1,1
2010-07-16,0,16.82489776611328,16.906858444213867,16.342235565185547,16.424196243286133,9.130455017089844,11033018,5.010057165714669,-0.0254559359327273,-0.0060814439879949,0.0250688306282459,0.0184683703900754,0.0458136645718043,0.065095137399399,-1,-1,1
2010-07-19,0,16.574459075927734,16.80213165283203,16.428749084472656,16.80213165283203,9.340553283691406,7777665,5.000749398553348,0.0227499576255145,-0.0054056695522498,0.0446971631680693,0.0185112425148206,0.0456333397591411,0.0650331004675174,1,-1,1
2010-07-20,0,16.692848205566406,17.052568435668945,16.60177993774414,16.943286895751953,9.419025421142578,13771178,5.3683591814521545,0.0083661361898039,-0.0005364799393066,0.0576069556817153,0.0184578560829618,0.0454553674064997,0.0650804969009791,1,0,1
2010-07-21,0,17.052568435668945,17.084442138671875,16.73838233947754,16.88864517211914,9.388653755187988,10803959,5.339810432784121,-0.0032297118714654,-0.0069847910591963,0.0498335874864078,0.0183902962099428,0.0452800330687776,0.0650520695668969,-1,-1,1
2010-07-22,0,17.06622886657715,17.37586212158203,16.997928619384766,17.348541259765625,9.64431095123291,14870131,5.141569820875056,0.0268662898850902,0.0271358108409092,0.072460489306448,0.018472529324915,0.0451836938718205,0.0652396608988319,1,1,1
2010-07-23,0,17.389522552490234,17.530677795410156,17.23470687866211,17.530677795410156,9.745567321777344,8773619,4.380503897496121,0.01044434519641,0.039741081092626,0.0871442225679081,0.0184276767637788,0.045164632771356,0.0655907991166911,1,1,1
2010-07-26,0,17.55344581604004,17.667280197143555,17.425949096679688,17.571659088134766,9.76834487915039,6840128,4.141999161917244,0.0023344952547771,0.0675315122801306,0.0846747392992238,0.0183616619319652,0.0454036218856631,0.0658926528589667,1,1,1
2010-07-27,0,17.667280197143555,17.74468994140625,17.4805908203125,17.530677795410156,9.745567321777344,9918252,4.039015823950486,-0.0023344952547772,0.0424470593998388,0.1144251306955105,0.0182958477439749,0.0453966253730338,0.0665916303642136,-1,1,1
2010-07-28,0,17.530677795410156,18.02244758605957,17.444162368774414,17.940486907958984,9.973382949829102,19177440,4.455335743658442,0.0231072913731356,0.0571882145831705,0.1302815712701404,0.0183368424256948,0.0455114580681485,0.0675138599683942,1,1,1
2010-07-29,0,18.027000427246094,18.03155517578125,17.70370864868164,17.954147338867188,9.980979919433594,10890927,4.526327137796899,0.0007614344814029,0.0611793609360388,0.133647259526671,0.0182713878004705,0.0456591406268288,0.0684459891333218,0,1,1
2010-07-30,0,17.781116485595703,18.0543212890625,17.626300811767578,18.027000427246094,10.021486282348633,14778552,4.72178619596288,0.0040501424051842,0.0383632134561329,0.1797150553466146,0.0182098363615494,0.0456148083694089,0.0702180298017216,1,1,1
2010-08-02,0,18.03155517578125,18.163604736328125,17.931379318237305,18.081642150878903,10.054898262023926,12713512,4.949509648449203,0.0033284887972331,0.0312473570569561,0.2010346253850096,0.0181478508201788,0.0455291451109051,0.0723578865555886,1,1,1
2010-08-03,1,17.753795623779297,17.87218475341797,17.476036071777344,17.530677795410156,9.748522758483888,18955409,5.176782423314504,-0.0309441434453417,-0.0020312816431627,0.1248953008461939,0.0182664757135547,0.0453640867256028,0.07297321359319,-1,0,1
2010-08-04,0,17.63995933532715,17.685495376586914,17.107210159301758,17.230152130126953,9.581405639648438,17758068,5.460326307131253,-0.0172914538839254,-0.0169882402723108,0.0982334481331789,0.0182576978253169,0.0452222287671864,0.0732274407278333,-1,-1,1
2010-08-05,0,17.252918243408203,17.41684341430664,17.170957565307617,17.262025833129883,9.59911823272705,12766000,5.3742066002645705,0.0018469358012875,-0.038248595844159,0.1245688874420532,0.0181955767599987,0.0451720522811537,0.0737892098760422,1,-1,1
2010-08-06,0,17.17551040649414,17.507911682128906,17.166404724121094,17.462377548217773,9.71053695678711,10004341,5.42225424402788,0.0115403366367832,-0.0274696936887786,0.112494842996021,0.0181597853872833,0.0450670588856352,0.0741717414463661,1,-1,1
2010-08-09,0,17.57621192932129,17.667280197143555,17.43960952758789,17.530677795410156,9.748522758483888,6810041,5.420484423120125,0.0039041814458545,-0.0276156546481084,0.059418786648973,0.0181012077919819,0.0449631346407156,0.0740581738003822,1,-1,1
2010-08-10,0,17.41684341430664,17.530677795410156,17.271133422851562,17.44871711730957,9.702942848205566,7768880,5.33268039511634,-0.0046865356703598,-0.0356306791157015,0.0326580677888436,0.0180435803083861,0.0448973935688499,0.0738173973760237,-1,-1,1
2010-08-11,0,17.21649169921875,17.23470687866211,16.852218627929688,17.061676025390625,9.539875030517578,9790656,4.928849762955631,-0.0169488400619942,-0.021635375732354,0.0122122811499888,0.0180342408398005,0.0447726388809583,0.0735342517475586,-1,-1,1
2010-08-12,0,16.952392578125,17.170957565307617,16.870431900024414,17.14363670349121,9.585699081420898,6752941,4.747404848308255,0.0047919229322386,0.0004480010838101,0.0137856048338031,0.0179790108035884,0.0446183000285482,0.0732561833935661,1,0,1
2010-08-13,0,17.08899688720703,17.316667556762695,17.084442138671875,17.170957565307617,9.600984573364258,5979896,4.373170229482105,0.00159334416017,0.0001944094426924,0.0226332610089885,0.0179200904429192,0.0444654730235655,0.0729963135193152,0,0,1
2010-08-16,0,17.052568435668945,17.303007125854492,17.052568435668945,17.252918243408203,9.646805763244627,7712219,4.1526705950364855,0.0047611986247874,-0.0065847285693033,0.0295553846890826,0.0178658485207698,0.0443158987074445,0.0727564748853785,1,-1,1
2010-08-17,0,17.303007125854492,17.430503845214844,17.21649169921875,17.36675453186035,9.710461616516112,8009578,3.711089675807404,0.0065769699290135,-0.0039119400861443,0.0615882905508237,0.0178160616734006,0.0441663382750769,0.0726625114234303,1,0,1
2010-08-18,0,17.303007125854492,17.371307373046875,17.198278427124023,17.325773239135742,9.687541007995604,11259221,3.4590704714177924,-0.002363193740223,-0.0015885981560073,0.0364751391850859,0.0177589081077453,0.0440178796002301,0.0724474815321209,-1,0,1
2010-08-19,0,17.23470687866211,17.476036071777344,17.07988929748535,17.12087059020996,9.572968482971191,8414548,3.285797394702773,-0.0118972840785077,0.0034629578274789,0.0162117189167744,0.0177258739168162,0.0438728477973592,0.072185621978642,-1,0,1
2010-08-20,0,17.075336456298828,17.129976272583008,16.938732147216797,17.084442138671875,9.55260944366455,6492478,3.1408434739037987,-0.0021289863317757,-0.0034579514365353,0.0173124444564642,0.017669525196943,0.0437275993973353,0.0719281170666052,-1,0,1
2010-08-23,0,17.016141891479492,17.221044540405273,16.966054916381836,16.966054916381836,9.486408233642578,5610284,3.0865121046759416,-0.0069542954313042,-0.0120055910280095,-0.0165081408599303,0.0176209189602507,0.0435916618650279,0.0716829460382166,-1,-1,-1
2010-08-24,0,16.870431900024414,16.906858444213867,16.588119506835938,16.67463493347168,9.323463439941406,9316946,3.133906018749145,-0.0173258885184966,-0.0340926781712938,-0.044278374574837,0.0176161321738224,0.0435275341369126,0.0715343771487329,-1,-1,-1
2010-08-25,0,16.64276123046875,16.69740104675293,16.351341247558594,16.66552734375,9.31837558746338,12030070,3.2110680946413117,-0.0005458530777865,-0.0412155011780939,-0.0471587229074009,0.0175606481933216,0.0435009629847141,0.0714000897848992,0,-1,-1
2010-08-26,0,16.688295364379883,16.752042770385742,16.237506866455078,16.25116539001465,9.086688995361328,13073680,3.43416748844968,-0.0251777254156402,-0.0640300328535111,-0.0700019530682639,0.0176131193104764,0.043642825455982,0.0714050616368238,-1,-1,-1
2010-08-27,0,16.424196243286133,16.938732147216797,16.2420597076416,16.938732147216797,9.471135139465332,17689768,3.888618018183585,0.0414381720059115,-0.0106945767690918,-0.0516710724354879,0.0178675027548078,0.0435076173860306,0.071292093663387,1,-1,-1
2010-08-30,0,16.80213165283203,16.893199920654297,16.606332778930664,16.733829498291016,9.356575012207031,10283472,3.9786578123326697,-0.0121694608802159,-0.0207350513175319,-0.0646019677971067,0.0178360111150255,0.0433929150541688,0.0712547482506451,-1,-1,-1
2010-08-31,0,16.82489776611328,17.221044540405273,16.756595611572266,17.221044540405273,9.628989219665527,31036870,4.890936009186193,0.0286989526619376,0.0149181967757099,-0.0399531575403533,0.0179267674950197,0.0432778921053624,0.0710858837099315,1,1,-1
2010-09-01,0,17.303007125854492,17.562551498413086,17.24836540222168,17.444162368774414,9.756836891174316,21037799,5.287858395345826,0.0131900001897351,0.0454340854839418,-0.0300916461478515,0.0179029423911847,0.0433081922757813,0.0708833462600934,1,1,-1
2010-09-02,0,17.421396255493164,17.421396255493164,17.211938858032227,17.25747299194336,9.652416229248049,9471116,5.33270106571398,-0.0107599884177667,0.0352199501439615,-0.0099074911202765,0.0178672873279678,0.0432736346039353,0.0706420653122701,-1,1,-1
2010-09-03,0,17.394075393676758,17.44871711730957,17.157297134399414,17.23470687866211,9.63968276977539,8057235,5.397277289542206,-0.0013200700786779,0.0590776054809237,0.0060638926849707,0.0178135638180874,0.0434054491059488,0.0703996046622918,0,1,0
2010-09-06,0,17.23470687866211,17.28023910522461,16.947839736938477,17.075336456298828,9.550545692443848,1770755,5.2474443740786985,-0.0092899069511206,0.0083495265238916,-0.0050729500674373,0.0177736696929384,0.043278377954199,0.0701595749069544,-1,1,0
2010-09-08,0,17.139083862304688,17.139083862304688,16.966054916381836,17.052568435668945,9.537808418273926,10092626,5.286214364770634,-0.0013345599087819,0.0191844274953254,-0.0179478466130026,0.0177208516428077,0.0431759325087142,0.0699368162856562,0,1,-1
2010-09-09,0,17.125423431396484,17.202831268310547,16.884092330932617,16.97060775756836,9.491969108581545,6265396,5.069036683470995,-0.0048176494220756,-0.0143321745886878,-0.0266696774809328,0.0176716449455277,0.0430557367637091,0.0697351237227637,-1,-1,-1
2010-09-10,0,16.947839736938477,17.016141891479492,16.829450607299805,16.934179306030273,9.471586227416992,5837586,4.806981055345037,-0.0021496906727459,-0.0296718654511688,-0.0241328324833188,0.0176201058608196,0.0429805197798805,0.0695288960590248,-1,-1,-1
2010-09-13,0,17.08899688720703,17.530677795410156,17.08899688720703,17.530677795410156,9.80522632598877,13912390,4.678530589758844,0.0346191486670525,0.0157072716336502,0.0274351562457278,0.0177702878091429,0.0428720809920452,0.0693328434129111,1,1,1
2010-09-14,0,17.485143661499023,17.844863891601562,17.444162368774414,17.781116485595703,9.945306777954102,13210281,4.823628128495583,0.0141852171929188,0.0312125589052473,0.0368284505064078,0.0177522681469259,0.0428185035365196,0.0691669693229453,1,1,1
2010-09-15,0,17.685495376586914,17.885845184326172,17.57621192932129,17.885845184326172,10.003884315490724,9961297,4.001617363635173,0.0058726898365306,0.0463751556928986,0.0411077961827686,0.0177067059859163,0.042848902053405,0.0690176969226595,1,1,1
2010-09-16,0,17.772010803222656,17.81754493713379,17.626300811767578,17.712814331054688,9.90709400177002,5464460,3.377995434184934,-0.0097223827579338,0.0379873328437468,0.0266242148000475,0.0176707888623055,0.042827198405749,0.0688236478761627,-1,1,1
2010-09-17,0,17.658174514770508,17.84031105041504,17.403181076049805,17.621746063232422,9.856164932250977,8101816,3.3302668088482816,-0.0051539255164887,0.0376510567493334,0.014893319354545,0.0176242883069234,0.0428027371013128,0.0686091634892816,-1,1,1
2010-09-20,0,17.653621673583984,17.75834846496582,17.54433822631836,17.75834846496582,9.932565689086914,9148941,3.384750334034472,0.0077216813862112,0.0475224288082908,0.0249781944809794,0.0175841410584954,0.042835385267755,0.0684146615770336,1,1,1
2010-09-21,0,17.699155807495117,17.781116485595703,17.38496971130371,17.4805908203125,9.777209281921388,9807127,3.710640687090842,-0.0157647284048811,-0.0028614482636427,0.021110750154606,0.0175735658737942,0.0427110916128643,0.0682138223170852,-1,0,1
2010-09-22,0,17.476036071777344,17.762903213500977,17.357648849487305,17.598979949951172,9.843430519104004,12581084,3.8244479651849534,0.0067501864670708,-0.0102964789894908,0.0299899229534523,0.0175318471028945,0.0425940566192577,0.0680348576187299,1,-1,1
2010-09-23,0,17.43960952758789,18.03155517578125,17.43960952758789,17.73558235168457,9.919832229614258,21341526,4.45264190199925,0.0077317285194016,-0.0084374403066198,0.0446759469041584,0.0174927211510697,0.0424757505930631,0.0679061586088426,1,-1,1
2010-09-24,0,17.844863891601562,17.844863891601562,17.371307373046875,17.598979949951172,9.843430519104004,18092103,4.959366608922826,-0.0077317285194017,-0.0064467860680877,0.0542701069032533,0.0174532237560762,0.0423565747207349,0.0678200689710873,-1,-1,1
2010-09-27,0,17.57621192932129,17.712814331054688,17.394075393676758,17.621746063232422,9.856164932250977,7289900,4.6929434289361724,0.0012928605515989,0.0,0.0561088205326388,0.0174052799541821,0.0422360925208244,0.0677423442580099,0,0,1
2010-09-28,0,17.621746063232422,17.9040584564209,17.55344581604004,17.781116485595703,9.945306777954102,10414143,4.578191354721338,0.0090036184378918,0.0012819370516805,0.0902901643861711,0.0173706069318439,0.042116836121432,0.0678845786558437,1,0,1
2010-09-29,0,17.676387786865234,18.10440826416016,17.676387786865234,18.10440826416016,10.126123428344728,17579082,4.901530012038547,0.0180178034367698,0.0350644688933315,0.0668697958170294,0.0173745461576755,0.042082586205023,0.0678603052964769,1,1,1
2010-09-30,0,18.10440826416016,18.427703857421875,18.077089309692383,18.427703857421875,10.306947708129885,20630852,5.555600443251076,0.0176996398858029,0.0460139223120638,0.0967388965830483,0.0173761207801051,0.0421068591150412,0.0680447022903186,1,1,1
2010-10-01,0,18.464130401611328,18.62350082397461,18.31842041015625,18.577964782714844,10.394073486328123,14613182,5.852865124430985,0.0084175840240777,0.0466997778167398,0.0764575279451884,0.0173398605694603,0.0421334685611244,0.0680723175027918,1,1,1
2010-10-04,0,18.52332305908203,18.600732803344727,18.39127540588379,18.600732803344727,10.406816482543944,8354154,5.83663837620024,0.0012252358268365,0.055656742162978,0.0644927635822896,0.0172933705786105,0.0422176965089651,0.0680266361671586,0,1,1
2010-10-05,0,18.66903305053711,19.11526870727539,18.618946075439453,19.06518173217773,10.66666316986084,16813944,6.181047253032773,0.0246622638459466,0.0790261454573258,0.0999150158460031,0.017339579954473,0.0425000366186081,0.0682212472382369,1,1,1
2010-10-06,0,19.09250259399414,19.09250259399414,18.78286933898925,18.896705627441406,10.572402000427246,14819839,6.316563219947346,-0.0088762652748704,0.0611462617445634,0.0923588206498107,0.017306185634778,0.0426157524684594,0.0683484493994351,-1,1,1
2010-10-07,0,19.01509475708008,19.01509475708008,18.68724822998047,18.93313217163086,10.592785835266112,9816790,5.872066226173814,0.00192616680743,0.0450546251152237,0.1035748944083614,0.0172607860770422,0.0426217112047083,0.0685593967981318,1,1,1
2010-10-08,0,18.873937606811523,19.34749412536621,18.873937606811523,19.34749412536621,10.824617385864258,13242784,5.728709793827616,0.0216497400086162,0.0490047252380368,0.1265591943257597,0.0172849471299426,0.0426489931594998,0.0689759665696871,1,1,1
2010-10-11,0,19.329280853271484,19.35204696655273,19.1425895690918,19.201784133911133,10.743088722229004,5063443,5.65668785973867,-0.0075602895885861,0.0330268516253729,0.1238165541592492,0.017249063361707,0.0425957196962808,0.0693507155702455,-1,1,1
2010-10-13,0,19.3065128326416,19.520523071289062,19.106163024902344,19.42490196228028,10.86792278289795,16622659,5.974767831822037,0.0115529482837458,0.0433545640822824,0.1375191931157409,0.0172231489825699,0.0425891386384243,0.0698529069343799,1,1,1
2010-10-14,0,19.35204696655273,19.397581100463867,18.96500587463379,19.28374671936035,10.78895378112793,14886602,5.902978411340115,-0.0072927738707367,0.011399526365599,0.0956072705779517,0.0171872479951272,0.0424810839400667,0.069964262319344,-1,1,1
2010-10-15,0,19.35204696655273,19.47499084472656,19.16080474853516,19.47499084472656,10.895946502685549,11552627,5.5449439246647305,0.0098680269112216,0.0301438185516908,0.0912900802962542,0.0171565321856965,0.0424171383372197,0.0700406383281074,1,1,1
2010-10-18,0,19.2928524017334,19.661680221557617,19.16080474853516,19.57971954345703,10.954541206359863,10275785,5.3826728187164745,0.0053632527482524,0.0335809044925129,0.090780643207976,0.0171162066847858,0.0423658169419853,0.0701095058693636,1,1,1
2010-10-19,0,19.23821258544922,19.51597023010254,19.010541915893555,19.18812370300293,10.73545742034912,11117789,5.516431440174864,-0.020202051721909,-0.0082708872380122,0.0803009742440007,0.0171354195580118,0.0422618860193836,0.0701102316688474,-1,-1,1
2010-10-20,0,19.21999740600586,19.52507781982422,19.07428932189941,19.374814987182617,10.839902877807615,7960165,5.132412455566346,0.0096819957503384,0.0089713981009123,0.0951368955108278,0.0171049090231945,0.0421543216795055,0.0702012305699139,1,1,1
2010-10-21,0,19.397581100463867,19.57971954345703,19.0059871673584,19.1289291381836,10.702326774597168,10151483,4.934187699355091,-0.012772862961865,-0.0153544131446986,0.0746423511627514,0.0170869418770515,0.0420644116517484,0.0701662884771511,-1,-1,1
2010-10-22,0,19.26097869873047,19.365707397460938,19.078842163085938,19.30195999145508,10.799139022827148,10008953,4.95111022367596,0.009005237446106,0.0009435981721441,0.0994123170137385,0.017055147817993,0.0419559814559795,0.0702795586737303,1,0,1
2010-10-25,0,19.42945671081543,19.534183502197266,19.265531539916992,19.35204696655273,10.827166557312012,11197729,4.859879539006276,0.0025919868812242,-0.0063324418578531,0.0952541174278921,0.0170132163668778,0.0418528659968548,0.0703598204420657,1,-1,1
2010-10-26,0,19.224552154541016,19.37936782836914,19.183570861816406,19.3065128326416,10.80168628692627,13002964,5.214994982698949,-0.0023561381046705,-0.0140518327107759,0.0851662508038198,0.0169718895740168,0.0417622397841265,0.0703742032933724,-1,-1,1
2010-10-27,0,19.33838653564453,19.35660171508789,18.705461502075195,18.914918899536133,10.582587242126465,20069077,5.34592520976628,-0.0204923222416876,-0.0143421032305545,0.072405657081534,0.0169926709284217,0.0416727534970945,0.0703200372683977,-1,-1,1
2010-10-28,0,19.12437629699707,19.12437629699707,18.7327823638916,18.7327823638916,10.480688095092772,11736005,5.190729119519238,-0.0096756027124178,-0.0336997016933107,0.0614371938175171,0.0169648841280299,0.041644979462977,0.0702187121433776,-1,-1,1
2010-10-29,0,18.8420639038086,18.896705627441406,18.650819778442383,18.896705627441406,10.572402000427246,10134793,5.113448925867802,0.0087126863649382,-0.0122141523665074,0.0611462617445634,0.0169337927417844,0.0415523108085468,0.0701162660341187,1,-1,1
2010-11-01,0,18.928579330444336,19.25187110900879,18.85117149353028,19.25187110900879,10.774231910705566,14315384,5.285404060116421,0.0189103280285376,-0.0023090617840757,0.0620387863363311,0.0169426596848125,0.0414493603838038,0.0700171472207414,1,0,1
2010-11-03,1,19.19267845153809,19.447668075561523,19.06062889099121,19.19267845153809,10.741107940673828,20587149,5.705377304302515,-0.0030791050878983,-0.0079801537531985,0.0412600413626297,0.0169031107872663,0.0413519365067853,0.0698571349997395,-1,-1,1
2010-11-04,0,19.35204696655273,19.702661514282227,19.265531539916992,19.702661514282227,11.02651023864746,18928836,6.210593475047441,0.0262241510770713,0.0206001354285434,0.0590666084156234,0.0169579479404602,0.0412704965614796,0.0697479206480179,1,1,1
2010-11-05,0,19.616146087646484,19.80283546447754,19.511417388916016,19.80283546447754,11.0825777053833,7921513,6.124540283297682,0.0050719041028442,0.0461643617730752,0.0629132766916311,0.0169202202020459,0.0412851122384739,0.0696526829882055,1,1,1
2010-11-08,0,19.670787811279297,19.8802433013916,19.58882522583008,19.8210506439209,11.09277057647705,5793882,5.94372504314678,0.0009192975625035,0.0567592620479966,0.0391703104081878,0.01687972743267,0.0413601357523333,0.0694908618286395,0,1,1
2010-11-09,0,19.907564163208008,19.907564163208008,19.288299560546875,19.288299560546875,10.794615745544434,15851810,6.14953315826884,-0.0272461289766709,0.0208004467063873,0.0208004467063873,0.0169468976584465,0.041279045268507,0.0693083507173205,-1,1,1
2010-11-10,0,19.26097869873047,19.511417388916016,19.01509475708008,19.511417388916016,10.919489860534668,12427354,6.129917457461149,0.0115017854197418,0.0133919040975915,0.0303760653186989,0.0169242053757992,0.0411857023911215,0.0691353823613344,1,1,1
2010-11-11,0,19.324726104736328,19.324726104736328,19.042415618896484,19.12437629699707,10.702880859375,9068122,5.654015492349528,-0.0200363087338573,-0.0035652995483673,-0.0113099834237744,0.0169419079810197,0.0410882823455592,0.0689792880664983,-1,0,-1
2010-11-12,0,19.010541915893555,19.12437629699707,18.78286933898925,19.12437629699707,10.702880859375,10966694,5.63079892309668,0.0,-0.0297894506254387,-0.0037496938351883,0.0169021001825061,0.0410502505823491,0.0688117565415628,0,-1,0
2010-11-16,0,18.992326736450195,19.17901611328125,18.527877807617188,18.737335205078125,10.486272811889648,13081367,5.754700425258922,-0.0204458938377476,-0.0553072485660305,-0.0357485359566818,0.0169215316737864,0.0411448102991002,0.0687270949004349,-1,-1,-1
2010-11-17,0,18.76010131835937,18.83295631408692,18.632606506347656,18.71456718444824,10.473530769348145,6871753,5.415229313002482,-0.0012158552976734,-0.0574424014262075,-0.0296716173836185,0.0168823906385583,0.0412507875253018,0.0686210356339459,0,-1,-1
2010-11-18,0,18.96500587463379,19.097055435180664,18.86027717590332,18.90125846862793,10.578015327453612,9182761,4.903568286288405,0.0099266263482759,-0.0202696461012605,-0.0296130179465641,0.0168563429752631,0.0411808307905683,0.0685149884647885,1,-1,-1
2010-11-19,0,18.814743041992188,19.15169715881348,18.705461502075195,19.09250259399414,10.685039520263672,10677900,4.513095597516485,0.0100667657956318,-0.0217046657253704,-0.0249095048991845,0.0168307505345821,0.0411148728942473,0.0683949057495721,1,-1,-1
2010-11-22,0,19.024200439453125,19.06518173217773,18.56430435180664,18.79652976989746,10.519403457641602,7082583,4.458269706670656,-0.0156230872775379,-0.017291444269051,-0.0203305404548133,0.016826272833874,0.041038543712041,0.0682630935436688,-1,-1,-1
2010-11-23,0,18.527877807617188,18.650819778442383,18.12717628479004,18.300207138061523,10.241640090942385,16254364,4.880004573996152,-0.0267597282369784,-0.0440511725060295,-0.0567722644421302,0.0168856727411091,0.0410602345207861,0.0682708666272825,-1,-1,-1
2010-11-24,0,18.39127540588379,18.814743041992188,18.35029411315918,18.45957565307617,10.330828666687012,19863078,5.020668737524845,0.0086707274243429,-0.014934551243939,-0.0353286740559222,0.0168572458275811,0.0409795028852844,0.0681842316488233,1,-1,-1
2010-11-25,0,18.527877807617188,18.53243064880371,18.27743911743164,18.427703857421875,10.31299114227295,4826039,4.6660792268314,-0.0017281228976333,-0.0154468188438989,-0.0460620343996616,0.0168195028120138,0.0409001717662353,0.0681392882014033,-1,-1,-1
2010-11-26,0,18.2683334350586,18.35029411315918,18.11351585388184,18.25922584533692,10.218697547912598,10143358,4.69330136413605,-0.0091852412857292,-0.0345586864779042,-0.0578392625666151,0.0167930288538735,0.0408773749705244,0.0681485190395388,-1,-1,-1
2010-11-29,0,18.19092559814453,18.222797393798828,17.803884506225586,18.03155517578125,10.091280937194824,16348140,4.889717248990775,-0.0125473576914169,-0.0571728099649529,-0.0680304821533615,0.0167764028206415,0.040972339342688,0.0682110483101733,-1,-1,-1
2010-11-30,0,17.963253021240234,18.17726325988769,17.83120346069336,17.87218475341797,10.002098083496094,19731529,5.1380589728426,-0.0088768981299907,-0.0504266208174058,-0.0564150580416647,0.0167493156561791,0.0410237964271304,0.0682090870624728,-1,-1,-1
2010-12-01,0,18.21369171142578,18.427703857421875,18.0543212890625,18.218244552612305,10.198887825012209,15624069,5.498620141578013,0.0194837982448151,-0.0041830943356123,-0.0272556570844317,0.0167625582771631,0.0409316534175276,0.068094775819152,1,-1,-1
2010-12-02,0,18.345741271972656,18.48234367370605,18.2819938659668,18.2819938659668,10.234569549560549,10837121,5.555474821522944,0.003492483935837,-0.0093613378241182,-0.0324758595135331,0.016727016684326,0.0408442550713713,0.0679961243911987,1,-1,-1
2010-12-03,0,18.13172912597656,18.24556541442871,17.87218475341797,17.99968147277832,10.07652473449707,14010338,5.667228087737893,-0.015562726723749,-0.0231959416502338,-0.0669489142658197,0.0167220834935216,0.0407828050709286,0.0680459755335624,-1,-1,-1
2010-12-06,0,18.008787155151367,18.03155517578125,17.731029510498047,17.835758209228516,9.98476219177246,9559182,5.753644025078109,-0.0091482847572797,-0.0231589851217844,-0.0730180939352011,0.0166962488653024,0.0407214468738376,0.068127715917034,-1,-1,-1
2010-12-07,0,17.995126724243164,18.14994430541992,17.84941864013672,17.89495277404785,10.017900466918944,8924494,5.435627081880151,0.0033133894251419,-0.0072982380052255,-0.0959288555871305,0.0166612476069333,0.0406335229340084,0.0683579909741759,1,-1,-1
2010-12-08,0,17.89495277404785,17.899505615234375,17.51246452331543,17.72647476196289,9.923585891723633,12385407,5.09603772498653,-0.0094592024629412,-0.007880542338176,-0.110459962152916,0.0166364987394205,0.0405466580559055,0.068695243654103,-1,-1,-1
2010-12-09,0,17.73558235168457,17.781116485595703,17.362201690673828,17.4805908203125,9.785931587219238,16933414,5.574459361244777,-0.0139685350392615,-0.0413328756222526,-0.125347794754681,0.0166254173247735,0.0405503431811755,0.0691525543021196,-1,-1,-1
2010-12-10,0,17.571659088134766,17.644514083862305,17.303007125854492,17.4805908203125,9.785931587219238,11820996,5.624091267087267,0.0,-0.0448253595580896,-0.0981016657780101,0.0165895511132602,0.0405694288065002,0.069374732779759,0,-1,-1
2010-12-13,0,17.6171932220459,17.653621673583984,17.35309410095215,17.530677795410156,9.81396770477295,12952673,5.467875489533232,0.0028608449724851,-0.0264017878618556,-0.1067426062252668,0.0165550866893162,0.0405172367764325,0.0696547735633964,1,-1,-1
2010-12-14,0,17.571659088134766,17.60808563232422,17.24836540222168,17.60808563232422,9.857308387756348,13116945,5.187029136304465,0.0044065014297261,-0.0128470016748497,-0.0822997960616836,0.0165223389221504,0.04043705314712,0.0697604683122604,1,-1,-1
2010-12-15,0,17.462377548217773,17.57621192932129,17.32122039794922,17.507911682128906,9.801227569580078,14267947,5.106542507523229,-0.0057055083278142,-0.021865899427806,-0.0880053043894978,0.0164911525036391,0.0403737207760285,0.0698974817099677,-1,-1,-1
2010-12-16,0,17.530677795410156,17.626300811767578,17.21649169921875,17.36675453186035,9.722207069396973,14993335,5.250372457982844,-0.0080949825840971,-0.0205016795489618,-0.0756543931358473,0.0164642748344096,0.0403076107269633,0.069958091517202,-1,-1,-1
2010-12-17,0,17.348541259765625,17.535232543945312,17.166404724121094,17.530677795410156,9.81396770477295,10563701,5.095612772241372,0.0093939894821852,0.0028608449724851,-0.0650445483559886,0.0164412191150958,0.040221284926083,0.0699626668123581,1,0,-1
2010-12-20,0,17.57621192932129,17.594425201416016,17.148191452026367,17.148191452026367,9.599855422973633,12576472,5.199956545059429,-0.0220586086785359,-0.0191977637060509,-0.0970297833828004,0.0164677916895663,0.040153326048453,0.0701474007137371,-1,-1,-1
2010-12-21,0,17.211938858032227,17.612640380859375,17.189170837402344,17.54433822631836,9.821619033813477,11070352,5.279697741864156,0.0228379415835977,0.0007793329050617,-0.0842586075948347,0.0165006338100602,0.0400675467269871,0.0702472607265977,1,0,-1
2010-12-22,0,17.571659088134766,17.954147338867188,17.39862823486328,17.954147338867188,10.05103874206543,15715869,5.4243452342866,0.02309000674645,0.0194628382217857,-0.0455455135708467,0.0165340448800053,0.0400036472210955,0.0701690068852919,1,1,-1
2010-12-23,0,17.84031105041504,18.058874130249023,17.812990188598633,17.908611297607422,10.02553939819336,9153333,5.119221692174206,-0.0025402095322703,0.0226281370173295,-0.0213259948661387,0.0165004898023324,0.0399472353711202,0.0700311055294452,-1,1,-1
2010-12-27,0,17.84941864013672,17.86307716369629,17.598979949951172,17.598979949951172,9.852208137512209,5413509,4.861956226577346,-0.0174401705938478,0.0132829490075789,-0.0474368928843294,0.0165041133501538,0.0398728396470408,0.0699593947366167,-1,1,-1
2010-12-28,0,17.708261489868164,17.717369079589844,17.476036071777344,17.589872360229492,9.847108840942385,5906984,4.577431149615944,-0.0005177130444976,0.0033712464808959,-0.0462264830311936,0.0164701388826022,0.039789738535404,0.0698835121261363,0,0,-1
2010-12-29,0,17.621746063232422,17.995126724243164,17.603532791137695,17.98146629333496,10.066329956054688,7954674,4.374309901574028,0.0220182936663727,0.0474481488258045,-0.0150229480790916,0.0164971074500985,0.0398263447873528,0.0697382841283472,1,1,-1
2010-12-30,0,18.03155517578125,18.118070602416992,17.803884506225586,18.118070602416992,10.14279842376709,10107341,4.220280707772472,0.0075677516839056,0.0321779589261126,0.0050921612962308,0.0164705340090359,0.0397979718464031,0.0695824851902916,1,1,0
2011-01-03,0,18.03155517578125,18.250118255615234,17.963253021240234,18.067981719970703,10.169711112976074,10014663,4.039035456452482,0.0026498650901038,0.0117378172697663,0.0166189245163255,0.0164378885798479,0.0397225640234438,0.0694327881846812,1,1,1
2011-01-04,0,18.077089309692383,18.31842041015625,18.03155517578125,18.21369171142578,10.25172233581543,12685182,4.14786471022458,0.0080319203776879,0.0223099471797246,0.0051670466491983,0.0164124870516289,0.039666272493497,0.0692790473381486,1,1,0
2011-01-05,0,18.12262344360352,18.50966453552246,18.004234313964844,18.48689651489257,10.405508995056152,12143831,4.17109878082341,0.0148896527320635,0.0546397705056361,0.0165642154454249,0.0164063676432803,0.0397383946270788,0.0691312695992446,1,1,1
2011-01-06,0,18.40038108825684,18.43680953979492,18.03155517578125,18.049768447875977,10.159464836120604,17066720,4.437919286108045,-0.0239296098101825,0.031227873739951,0.0081973323589913,0.0164437808173296,0.0397060764365611,0.0689800358747888,-1,1,1
2011-01-07,0,18.013341903686523,18.14994430541992,17.51246452331543,17.60808563232422,9.910852432250977,15259728,4.410173008034439,-0.0247754051287104,-0.015565825055132,-0.0074297880124394,0.0164852343055672,0.0396380757489582,0.0688334568915001,-1,-1,-1
2011-01-10,0,17.51246452331543,17.749242782592773,17.293899536132812,17.749242782592773,9.990314483642578,10494522,4.464133317347526,0.007985709984939,-0.0151478667540988,-0.0027574674526424,0.0164602316277815,0.0395697344254643,0.0686851155110559,1,-1,0
2011-01-11,0,17.876737594604492,18.013341903686523,17.803884506225586,17.858524322509766,10.051824569702148,12173918,4.749007788650175,0.0061380952420289,-0.0116596366021737,0.0128398302523278,0.0164321624724008,0.0394968516446119,0.0685387320496465,1,-1,1
2011-01-12,0,18.027000427246094,18.327526092529297,17.95870018005371,18.327526092529297,10.315802574157717,12297781,5.032477988856855,0.0259227827560174,0.0062312257761558,0.0527311480476069,0.0164803458884473,0.0394189631711676,0.0684651588058959,1,1,1
2011-01-13,0,18.395828247070312,18.40948867797852,18.086196899414062,18.241012573242188,10.26710319519043,8709272,5.071038737760508,-0.0047320305875643,-0.0133904575434718,0.0479991174600425,0.0164506160585029,0.0393492198500042,0.0683778739951746,-1,-1,1
2011-01-14,0,17.940486907958984,18.118070602416992,17.84941864013672,18.036108016967773,10.151775360107422,11122182,5.113926345662337,-0.0112963169012929,-0.0007571646345823,0.0338419555862646,0.0164336274423132,0.0392704908847639,0.0682585397142502,-1,0,1
2011-01-17,0,17.963253021240234,17.963253021240234,17.75834846496582,17.781116485595703,10.008244514465332,6860992,4.977009529928857,-0.014239397751105,0.009778842743023,0.0151960564054336,0.0164255412911606,0.039196814994348,0.068116661036109,-1,1,1
2011-01-18,0,17.89495277404785,17.89495277404785,17.489696502685547,17.55344581604004,9.880107879638672,20182618,5.26323093327466,-0.0128857740752352,-0.011092641317151,0.0080157906580127,0.0164130105609519,0.0391254687877347,0.0679725502574141,-1,-1,1
2011-01-19,0,17.58531951904297,17.649066925048828,17.303007125854492,17.362201690673828,9.772462844848633,15660526,5.37332299475148,-0.0109549140250722,-0.0281856505842522,0.0051558592170374,0.0163950450055662,0.0390886908785816,0.0678290050090331,-1,-1,0
2011-01-20,0,17.303007125854492,17.325773239135742,16.843111038208008,16.938732147216797,9.534104347229004,26342160,5.694201707486857,-0.0246932151959553,-0.0788016485362252,-0.0289313454611033,0.0164340352655369,0.0393232966822688,0.0677211804653854,-1,-1,-1
2011-01-21,0,16.988821029663086,17.166404724121094,16.847665786743164,16.943286895751953,9.536667823791504,13275946,5.592571238354106,0.000268838257303,-0.0738007796913579,-0.0066038985252643,0.0164024310169576,0.0395146885441861,0.0675831557172626,0,-1,0
2011-01-24,0,16.966054916381836,17.075336456298828,16.915966033935547,17.06622886657715,9.60586643218994,7017577,5.4381005291411055,0.0072298587945955,-0.0552746039954694,-0.0222119813142663,0.0163774766051658,0.0395851651091443,0.0674640785328671,1,-1,-1
2011-01-26,0,17.048015594482422,17.157297134399414,16.82489776611328,16.82489776611328,9.4700345993042,10075496,5.326871089598739,-0.0142414377618821,-0.0552766440062465,-0.0595434258225986,0.0163690791707238,0.0396538436873961,0.0674491014459248,-1,-1,-1
2011-01-27,0,16.938732147216797,16.99337387084961,16.355894088745117,16.893199920654297,9.50847625732422,16356046,5.445135424783698,0.0040510776512783,-0.0383397922797329,-0.0529521386390499,0.0163400857766543,0.0396451447469214,0.0674089499686102,1,-1,-1
2011-01-28,0,16.80213165283203,16.870431900024414,16.173757553100586,16.524372100830078,9.30088233947754,21233037,5.891075796543885,-0.0220743675407193,-0.0494592457953801,-0.0575863355859214,0.0163641424039922,0.0396821751588297,0.0673849574093898,-1,-1,-1
2011-01-31,0,16.565353393554688,16.647314071655273,16.16465187072754,16.205631256103516,9.12147331237793,16311684,6.0391216379683685,-0.0194779324227576,-0.0442439630221824,-0.0765465549641815,0.0163753873549784,0.0396950754757055,0.0674413479320009,-1,-1,-1
2011-02-01,0,16.324020385742188,16.487943649291992,16.287593841552734,16.437856674194336,9.255304336547852,15362069,6.34247906316583,0.0145654905096539,-0.0299473107698314,-0.0839993581209001,0.0163702176082965,0.0396581379968723,0.0675331452022196,1,-1,-1
2011-02-02,0,16.465177536010742,16.64276123046875,16.2283992767334,16.283039093017578,9.168136596679688,16844250,6.156884542862156,-0.0094627698081899,-0.0466399393726169,-0.1010298796129959,0.0163490250490314,0.0396800015188765,0.0677194543512971,-1,-1,-1
2011-02-03,0,16.292146682739258,16.292146682739258,16.02804946899414,16.114564895629883,9.073274612426758,10454332,5.916775313238227,-0.0104008224278119,-0.0427993240385467,-0.1140805671309118,0.0163299333956912,0.0396851847403684,0.0679863941281294,-1,-1,-1
2011-02-04,0,16.073583602905273,16.078136444091797,15.559045791625977,15.668328285217283,8.82202434539795,22155639,5.686964089471902,-0.0280818754199992,-0.0749322771098242,-0.1501943629285989,0.016386286942007,0.0398635112951532,0.0685314477597949,-1,-1,-1
2011-02-07,0,15.773056983947754,15.886892318725586,15.5635986328125,15.82769775390625,8.911757469177246,12931370,5.640057735500131,0.0101201075509853,-0.0427378020181196,-0.1549639081096772,0.0163686738074429,0.0398660441769668,0.0691050315209892,1,-1,-1
2011-02-08,0,15.745736122131348,16.49249839782715,15.72296905517578,16.301254272460938,9.178389549255373,15982701,5.967230989588087,0.0294802900249933,0.0062204204296311,-0.1015540082745013,0.0164391148546996,0.0397944417829375,0.0692685130001124,1,1,-1
2011-02-09,0,16.21929168701172,16.392322540283203,15.850464820861816,15.918766021728516,8.963037490844727,13957850,6.089744990420601,-0.0237425836663208,-0.0320876537463436,-0.1005211868121117,0.0164697383263031,0.0397616374146389,0.0694219494345581,-1,-1,-1
2011-02-10,0,15.891446113586426,16.087242126464844,15.800376892089844,15.82769775390625,8.911757469177246,17567882,6.094035036600248,-0.0057377063586723,-0.028362590296826,-0.1142446031557231,0.0164426451379306,0.0397190291329616,0.069655200110269,-1,-1,-1
2011-02-11,0,15.92787265777588,16.47428321838379,15.773056983947754,16.44240951538086,9.257871627807615,16020914,5.891148938684624,0.0381027075770179,0.0201409397080038,-0.082279990820734,0.0165766433149607,0.0396689880424078,0.0697066318123174,1,1,-1
2011-02-14,0,16.36955451965332,16.69740104675293,16.324020385742188,16.565353393554688,9.327091217041016,10894221,5.696479631341044,0.0074490231572735,0.0556718382852767,-0.1007537504194781,0.016553105266787,0.0397521656416262,0.0698502976007028,1,1,-1
2011-02-15,0,16.501604080200195,16.893199920654297,16.365001678466797,16.85677146911621,9.491174697875977,18067067,5.817374502925283,0.0174391880793192,0.0629909188136107,-0.0785825317525944,0.0165574495731916,0.0398749335042834,0.0698808004686342,1,1,-1
2011-02-16,0,16.884092330932617,17.243812561035156,16.884092330932617,17.23470687866211,9.703974723815918,20818623,6.013767907626068,0.022173179253322,0.0556838080419394,-0.0451130355979794,0.0165821148893419,0.0399539830418566,0.0697972343707585,1,1,-1
2011-02-17,0,17.243812561035156,17.4805908203125,17.075336456298828,17.39862823486328,9.796270370483398,20869134,6.465970969979123,0.0094661718789315,0.0888925635871917,-0.021407465967943,0.0165622935360168,0.0402546185001476,0.0696721534414265,1,1,-1
2011-02-18,0,17.303007125854492,17.466930389404297,17.23470687866211,17.32122039794922,9.752674102783203,10707329,6.090323722249276,-0.004460224441651,0.0901700455042131,-0.0129819163343588,0.0165346148300414,0.0405585921936994,0.0695405070765841,-1,1,-1
2011-02-21,0,17.293899536132812,17.293899536132812,17.007034301757812,17.052568435668945,9.601422309875488,7595824,5.915728597379448,-0.0156302695792927,0.0364370683479025,-0.0176572718885792,0.0165309071497814,0.040547612608505,0.0694131102196548,-1,1,-1
2011-02-22,0,16.98426628112793,17.12087059020996,16.46062469482422,16.679187774658203,9.391189575195312,22225477,6.1716891397254345,-0.0221392742577036,0.0068487709329252,-0.0151033309503275,0.0165531225086058,0.0404767769132569,0.0692843555555448,-1,1,-1
2011-02-23,0,16.756595611572266,16.847665786743164,16.45151710510254,16.761150360107422,9.437335968017578,19153063,6.401326397659398,0.0049017630312064,-0.0056886541151874,-0.0104704061764241,0.0165266108489865,0.0404046752124297,0.0691535286344286,1,-1,-1
2011-02-24,0,16.834003448486328,17.12087059020996,16.415090560913086,16.606332778930664,9.350162506103516,25611062,6.7434431750306825,-0.0092800100702981,-0.0371418434388076,-0.0269802750413178,0.0165060749365756,0.040390252644801,0.0690387146087403,-1,-1,-1
2011-02-25,0,16.70650863647461,16.847665786743164,16.2420597076416,16.533479690551758,9.3091459274292,20746809,6.92837517901936,-0.0043963735188558,-0.0510043888365949,-0.0171352107982914,0.0164787869677962,0.040428256420686,0.068913613558368,-1,-1,-1
2011-02-28,0,16.619993209838867,16.879539489746094,16.533479690551758,16.847665786743164,9.48604679107666,21685224,7.357927794017603,0.0188246101262467,-0.0277195542686971,-0.002361678323323,0.0164886838173865,0.0403869705839761,0.0687829736825634,1,-1,0
2011-03-01,0,16.85677146911621,16.938732147216797,16.446964263916016,16.48339080810547,9.283954620361328,11135798,7.076938954359764,-0.0215343596290322,-0.0336236443184367,-0.0018216704116359,0.0165077800231141,0.0403609539975097,0.0686530736766591,-1,-1,0
2011-03-02,0,16.415090560913086,16.64276123046875,16.415090560913086,16.542585372924805,9.317296028137209,15035062,6.821353694729913,0.0035848604066906,-0.0078995096540425,0.0212411224178122,0.0164805931013704,0.0402911697155853,0.0685387679357529,1,-1,1
2011-03-03,0,16.615440368652344,16.997928619384766,16.556245803833008,16.947839736938477,9.54554557800293,11058493,6.413322218839833,0.0242021531903071,0.011400880505058,0.0308777850984654,0.0165149466252466,0.0402271408653133,0.0684397593679181,1,1,1
2011-03-04,0,16.852218627929688,17.098102569580078,16.720169067382812,17.00248146057129,9.675575256347656,9293447,6.353464414051596,0.0135300811118746,0.0342109716872308,0.0538706360185299,0.0165060833715812,0.0402116133612698,0.0683964450336909,1,1,1
2011-03-09,0,16.64276123046875,16.847665786743164,16.44240951538086,16.487943649291992,9.382763862609863,6427032,6.301357258411953,-0.0307303206903434,0.0078770245157432,0.0335411377559986,0.0165747421662189,0.040144650402991,0.068302806602157,-1,1,1
2011-03-10,0,16.16465187072754,16.16465187072754,15.855018615722656,15.855018615722656,9.022587776184082,24182246,6.340405547395409,-0.0391431884030166,-0.05009077401352,0.0224798247729809,0.0167019014180349,0.0401780145318357,0.068191805903934,-1,-1,1
2011-03-11,0,15.800376892089844,16.246612548828125,15.732075691223145,16.246612548828125,9.245436668395996,21809965,6.426603393635121,0.0243989105737645,-0.0041575038107232,0.0367586277957604,0.0167361103108528,0.0401082835187163,0.0681052792705355,1,-1,1
2011-03-14,0,16.137331008911133,16.392322540283203,16.05081558227539,16.324020385742188,9.28947925567627,11318298,5.872302666343407,0.0047524003187945,-0.0029899638986194,0.0120307380895616,0.0167101416425258,0.0400386970160094,0.0679847611507915,1,0,1
2011-03-15,0,15.886892318725586,16.5289249420166,15.850464820861816,16.519817352294922,9.400908470153809,16735761,5.724557986208253,0.0119238333991851,-0.0152682836897414,0.0476971551550675,0.0166968729695327,0.0399776308517579,0.0679245421982181,1,-1,1
2011-03-16,0,16.574459075927734,16.59267234802246,15.877785682678224,16.128223419189453,9.178062438964844,19152624,5.601079892580197,-0.0239902113052834,-0.0527885761068995,0.0294446502084564,0.0167255269251326,0.0400218550632057,0.0678254556424466,-1,-1,1
2011-03-17,0,16.278486251831055,16.324020385742188,15.914213180541992,16.041709899902344,9.128827095031738,15687538,5.765416738825768,-0.0053788998453661,-0.0274371552619223,-0.0140369572139276,0.0166998118276782,0.0399815203549416,0.0677065959797002,-1,-1,-1
2011-03-18,0,16.119117736816406,16.428749084472656,16.105457305908203,16.383216857910156,9.323169708251951,13856608,5.720443404300721,0.0210654491129453,0.0327714822540398,-0.0004205312582558,0.0167177896098504,0.0399638848785446,0.0675838371785557,1,1,0
2011-03-21,0,16.50615882873535,16.5289249420166,16.34678840637207,16.38776969909668,9.325762748718262,7765806,5.583701798088975,0.00027808996456,0.0086506616448353,-0.0175816293730149,0.0166897476597825,0.039900125457869,0.0674690545774613,0,1,-1
2011-03-22,0,16.392322540283203,16.956947326660156,16.34678840637207,16.925073623657227,9.631522178649902,7765806,5.521296822786479,0.0322605213436982,0.0361587826697392,-0.0074942872826386,0.0167674105642551,0.0398927834868468,0.0673486960490774,1,1,-1
2011-03-23,0,16.843111038208008,16.920520782470703,16.679187774658203,16.74748992919922,9.530465126037598,16119521,5.906396738224565,-0.0105477566528269,0.0136871926177271,-0.027508215814397,0.0167501189320309,0.0398348381979945,0.0672464217459748,-1,1,-1
2011-03-24,0,16.715614318847656,16.988821029663086,16.67463493347168,16.79302406311035,9.55637264251709,9294,5.006412952004678,0.002714701377391,0.0403921053004017,-0.0203332899953549,0.0167231171811186,0.0398413848666749,0.0671359469437825,1,1,-1
2011-03-25,0,16.66552734375,16.847665786743164,16.66552734375,16.80213165283203,9.561563491821287,14180540,4.733837791059274,0.000543034498628,0.0463140396443958,-0.0041599859174342,0.0166954612148413,0.0398696381150018,0.0670166045926735,0,1,0
2011-03-28,0,16.756595611572266,16.97060775756836,16.69740104675293,16.7702579498291,9.543420791625977,10026083,4.694809324772707,-0.0018992641270823,0.0233493264043681,0.016080024213187,0.0166681746092534,0.0398278046876168,0.066905621629556,-1,1,1
2011-03-29,0,16.847665786743164,16.88864517211914,16.615440368652344,16.65186882019043,9.476056098937988,10315975,4.44896540610654,-0.0070837883473215,0.0159874480924864,0.0040944728346589,0.0166454033119509,0.0397732756549214,0.0667880495600685,-1,1,0
2011-03-30,0,16.756595611572266,17.125423431396484,16.68374252319336,17.125423431396484,9.74553394317627,10315975,4.138447827636593,0.0280409165729811,0.0117678433217694,0.0414153994779383,0.0166964599055043,0.039713715831614,0.0667181025123388,1,1,1
2011-03-31,0,17.16185188293457,17.712814331054688,17.075336456298828,17.712814331054688,10.079795837402344,12903479,4.084207271962367,0.0337238852527203,0.0560394852273167,0.0795356582495145,0.0167807695100914,0.0397829647647485,0.0667711442564203,1,1,1
2011-04-01,0,17.740135192871094,17.972360610961914,17.580766677856445,17.685495376586914,10.067363739013672,22633302,4.491371542642728,-0.0012341292994117,0.0520906545505138,0.059476918823856,0.016753559565079,0.0398328232459717,0.0667490655861207,0,1,1
2011-04-04,0,17.749242782592773,17.772010803222656,17.412288665771484,17.530677795410156,9.979236602783203,12285482,4.698430597188571,-0.0087922842221707,0.042755335829715,0.0722189942307177,0.0167337745046666,0.0398445687934491,0.0667704859645509,-1,1,1
2011-04-05,0,17.489696502685547,17.658174514770508,17.40773582458496,17.539785385131836,9.984418869018556,12285482,4.895954086283419,0.0005191700847646,0.0451737700415623,0.0691533039087917,0.0167067069029729,0.0398645567758685,0.0667795276429884,0,1,1
2011-04-06,0,17.530677795410156,17.635406494140625,17.394075393676758,17.4805908203125,9.950719833374023,10327395,4.686073107616881,-0.0033808711588876,0.048876687229996,0.041570279559597,0.0166808072175734,0.0398981942798322,0.0667086835507014,-1,1,1
2011-04-07,0,17.47148323059082,17.612640380859375,17.362201690673828,17.507911682128906,9.966275215148926,15591566,5.326925587398895,0.0015620212687523,0.0223977919257671,0.0296022197164747,0.0166542214681739,0.0398536548775461,0.066616036134199,0,1,1
2011-04-08,0,17.38496971130371,17.47148323059082,17.075336456298828,17.14363670349121,9.75891399383545,18326652,5.5054391215816825,-0.0210257917746984,-0.0323518851016516,0.0393067486321195,0.0166696990802026,0.0398312787522814,0.066540859008081,-1,-1,1
2011-04-11,0,17.166404724121094,17.230152130126953,16.92962646484375,17.016141891479492,9.686331748962402,13805218,5.662406888673325,-0.0074653293585214,-0.0385830851607612,0.0709846076766149,0.0166482045760045,0.0398266518406458,0.0665549555320091,-1,-1,1
2011-04-12,0,16.852218627929688,16.988821029663086,16.715614318847656,16.92962646484375,9.63708782196045,13723082,5.8047543861185575,-0.0050968239264771,-0.0348876248650676,0.0414888731763733,0.0166240127454104,0.039810749207845,0.0664841326188153,-1,-1,1
2011-04-13,0,17.075336456298828,17.075336456298828,16.8157901763916,16.938732147216797,9.6422700881958,10428198,5.804823782309436,0.0005375974017716,-0.0348691975480607,0.0372740702593503,0.016597651253746,0.0397945800803249,0.0664051064394685,0,-1,1
2011-04-14,0,16.89775276184082,16.997928619384766,16.647314071655273,16.774810791015625,9.548961639404297,10590933,5.685435272946057,-0.0097241475042271,-0.0412124738934002,0.0156260893559383,0.0165800709691347,0.0397973901631164,0.0662980374324107,-1,-1,1
2011-04-15,0,16.77936363220215,16.902305603027344,16.574459075927734,16.838558197021484,9.585243225097656,12562856,5.242083593857713,0.0037923320496564,-0.038982163112496,0.0434086327108782,0.0165554058290607,0.0397926879408915,0.0662319407383811,1,-1,1
2011-04-18,0,16.711061477661133,16.7702579498291,16.351341247558594,16.70650863647461,9.510080337524414,12755239,5.236734041588016,-0.0078724275618654,-0.025828798899663,0.0409151049943787,0.0165349671476905,0.0397542887972416,0.0661607133425059,-1,-1,1
2011-04-19,0,16.80213165283203,17.029802322387695,16.80213165283203,16.966054916381836,9.65781593322754,9947900,5.127016480561624,0.0154152045817399,-0.0029482649594018,0.0352648604631732,0.0165320993960668,0.0396911162811167,0.0660790577319451,1,0,1
2011-04-20,0,17.125423431396484,17.25747299194336,17.038908004760742,17.25747299194336,9.823710441589355,14103675,5.2746856038961125,0.0170313675839146,0.0191799265509901,0.0520181380825279,0.0165340935934389,0.0396440447581535,0.066033493995739,1,1,1
2011-04-25,0,17.1937255859375,17.271133422851562,17.029802322387695,17.198278427124023,9.79001808166504,9034302,4.998440560080395,-0.0034355928832647,0.0152067362659536,0.0163220238555648,0.0165093657855335,0.0395914305266924,0.065928925990459,-1,1,1
2011-04-26,0,17.21649169921875,17.430503845214844,17.166404724121094,17.380414962768555,9.893696784973145,11837248,4.743693766593738,0.0105345624886491,0.03546544625883,0.0374043429970411,0.0164943487263906,0.039580965737986,0.0658517543797425,1,1,1
2011-04-27,0,17.380414962768555,17.43960952758789,16.956947326660156,17.14363670349121,9.75891399383545,23916732,5.155022656805114,-0.013716742871376,0.0179563713377976,0.0209728987482739,0.0164862180097864,0.0395323378034726,0.0657520484917411,-1,1,1
2011-04-28,0,17.029802322387695,17.075336456298828,16.5152645111084,16.679187774658203,9.494521141052246,22352853,5.485057818189235,-0.0274662128665965,-0.0016374139669334,-0.0070363486169505,0.0165305025285985,0.0394703737470336,0.0656453577296172,-1,0,-1
2011-04-29,0,16.619993209838867,16.893199920654297,16.53803253173828,16.893199920654297,9.616353034973145,14733091,5.654769553546776,0.0127501801625954,-0.0043024383860779,0.0076130956727272,0.0165206378159905,0.0394092108990985,0.0655381905034815,1,-1,1
2011-05-02,0,17.020694732666016,17.020694732666016,16.519817352294922,16.64276123046875,9.47685432434082,13435167,5.762845983313287,-0.0146126515316893,-0.035946457501682,8.423248835949441e-05,0.0165146196813311,0.039397170736106,0.0654307249776721,-1,-1,0
2011-05-03,1,16.597225189208984,16.597225189208984,16.00983428955078,16.073583602905273,9.152742385864258,35712034,6.614745090562899,-0.0347988901906273,-0.0673097548090446,-0.0627555742752491,0.0165995931436994,0.0395103369323486,0.065427092557503,-1,-1,-1
2011-05-04,0,16.191972732543945,16.278486251831055,15.93698024749756,16.096349716186523,9.16571044921875,22069330,6.948901207642102,0.001415847248409,-0.0764284700492848,-0.0950636122795603,0.0165745439010527,0.0396718125444355,0.0655515324383901,0,-1,-1
2011-05-05,0,16.005281448364258,16.44240951538086,15.973407745361328,16.278486251831055,9.269429206848145,20349086,7.330808088680203,0.0112524075151196,-0.0514593196627891,-0.0825770754650289,0.0165615676873195,0.0397088950056251,0.0656180710606902,1,-1,-1
2011-05-06,0,16.456069946289062,16.69740104675293,16.342235565185547,16.66552734375,9.489822387695312,20870672,7.576371203999136,0.023498093266147,-0.0004950135300455,-0.0502866979767112,0.0165879950795761,0.0396477800649487,0.0655761934133166,1,0,-1
2011-05-09,0,16.66552734375,16.843111038208008,16.396875381469727,16.756595611572266,9.541675567626951,9298,7.211763361868274,0.0054492093437407,-0.0077959843489003,-0.0453566587177353,0.0165658220839579,0.0395885742653279,0.0655224085866378,1,-1,-1
2011-05-10,0,16.80213165283203,17.020694732666016,16.715614318847656,17.020694732666016,9.692066192626951,12638184,7.233947413633002,0.0156385264881977,0.0224551936709867,-0.0263372610706499,0.0165635670306034,0.0395497134024075,0.0654346923168462,1,1,-1
2011-05-11,0,16.97060775756836,16.97060775756836,16.711061477661133,16.7702579498291,9.549457550048828,18772690,7.010569395247886,-0.0148232807083985,0.0424308031532155,-0.0427225630478007,0.0165581890576279,0.0395625956097364,0.0653753374632917,-1,1,-1
2011-05-12,0,16.64276123046875,16.843111038208008,16.574459075927734,16.68374252319336,9.500195503234863,18733379,6.869199536682396,-0.0051719741547662,0.0358429817500401,-0.0268687454278684,0.0165356311733509,0.0395546643046086,0.0652888625079737,-1,1,-1
2011-05-13,0,16.619993209838867,16.68374252319336,16.264827728271484,16.264827728271484,9.26164722442627,11169618,6.711444634807916,-0.02543045883722,-0.0008398846022993,-0.0448338749065671,0.0165682244019523,0.0394946880973271,0.0652342724522903,-1,0,-1
2011-05-16,0,16.30580711364746,16.465177536010742,16.032602310180664,16.105457305908203,9.1708984375,10545692,6.585133358005486,-0.0098466616402443,-0.0341846395086907,-0.0495837126203343,0.0165517719487147,0.0394771128793565,0.0651905800927905,-1,-1,-1
2011-05-17,0,16.087242126464844,16.16465187072754,15.82769775390625,16.160097122192383,9.20201587677002,14656885,5.79288248496915,0.0033873198874211,-0.0362465289650101,-0.0467339901346847,0.0165284128194179,0.0394647424485209,0.0651401205621514,1,-1,-1
2011-05-18,0,16.12367057800293,16.210186004638672,15.800376892089844,15.800376892089844,8.99718189239502,12491701,5.421945714855704,-0.0225111718568458,-0.0743962273100537,-0.0595210144873035,0.0165480190169455,0.0396086348731662,0.0651222947814002,-1,-1,-1
2011-05-19,0,15.93698024749756,16.02804946899414,15.754842758178713,15.773056983947754,8.981622695922852,9001140,4.977191369112415,-0.0017308381411111,-0.0613037847427664,-0.0650441846780709,0.0165237625402081,0.0396845475387732,0.0651205023119446,-1,-1,-1
2011-05-20,0,15.841358184814451,15.900552749633787,15.668328285217283,15.732075691223145,8.958285331726074,9624188,4.515670239811358,-0.0026017276482132,-0.0587335382362133,-0.0597734847644187,0.0164998922681654,0.0397478157940883,0.0651024573379855,-1,-1,-1
2011-05-23,0,15.490744590759276,15.86867904663086,15.481637954711914,15.663775444030762,8.919393539428711,10769919,4.911702202637558,-0.0043508840191238,-0.0376539634181172,-0.0795395733652824,0.0164770909288889,0.0397368218265893,0.0651491296030405,-1,-1,-1
2011-05-24,0,15.791271209716797,15.991621017456056,15.709308624267578,15.991621017456056,9.10608196258545,9404792,4.759642860226747,0.0207145823876286,-0.007092719390244,-0.0758563585615685,0.0164923489843758,0.0396788489723676,0.0651811066463276,1,-1,-1
2011-05-25,0,15.941534042358398,15.982514381408691,15.768503189086914,15.823144912719728,9.010143280029297,9815253,4.3848222613784325,-0.0105915639871153,-0.0210716032647806,-0.083012329665419,0.0164776083534328,0.0396338491881821,0.0652386001021338,-1,-1,-1
2011-05-26,0,15.950639724731444,16.333127975463867,15.882338523864746,16.333127975463867,9.300539016723633,19537389,4.400245064096439,0.0317213834393509,0.0331609520314162,-0.0618255087147173,0.0165439633571935,0.039621039782225,0.0652236611668694,1,1,-1
2011-05-27,0,16.328575134277344,16.49249839782715,16.2283992767334,16.255720138549805,9.256465911865234,14591440,4.530709496623082,-0.0047500324428129,0.0301417577297143,-0.0528587982861542,0.0165217389648431,0.039600553513143,0.0651847352220624,-1,1,-1
2011-05-30,0,16.33768081665039,16.34678840637207,16.16465187072754,16.18741798400879,9.217577934265137,3499565,4.26473082015337,-0.0042100187010872,0.0285334666768403,-0.029602604120645,0.0164992056081122,0.0395762663788663,0.065102514933772,-1,1,-1
2011-05-31,0,16.31491470336914,16.383216857910156,16.128223419189453,16.319467544555664,9.292759895324709,16688324,4.34811825876656,0.0081232849638244,0.0410076356597886,-0.0342294993194159,0.0164815660279955,0.0395853653279989,0.0650271082262641,1,1,-1
2011-06-01,0,16.25116539001465,16.374109268188477,16.05081558227539,16.128223419189453,9.186944007873535,16125011,4.495639083425153,-0.0114522445291165,0.0088408087430432,-0.0310690923168431,0.0164687846848187,0.0395315543526252,0.0649473856720598,-1,1,-1
2011-06-02,0,16.19652557373047,16.283039093017578,15.891446113586426,16.283039093017578,9.275115966796877,17263276,4.8227648621941634,0.0095517650160682,0.0289841377462269,0.0132815628898524,0.016453575716997,0.0395081016349035,0.0648538691356921,1,1,1
2011-06-03,0,16.16465187072754,16.48339080810547,16.046262741088867,16.324020385742188,9.298468589782717,14424532,5.020465667618527,0.0025146072606581,-0.000222638432466,0.0143803229021014,0.0164307194048645,0.0394508516052661,0.0647615716704439,1,0,1
2011-06-06,0,16.36955451965332,16.36955451965332,15.877785682678224,15.946086883544922,9.0831880569458,12146246,5.0793324735855006,-0.0234244802521811,-0.0188970862418342,-0.0202965648651994,0.016453733750978,0.0394050182131066,0.0646711672526978,-1,-1,-1
2011-06-07,0,16.02804946899414,16.269380569458008,15.982514381408691,16.18741798400879,9.220667839050291,14404328,5.274008052656159,0.0150222300992752,0.0003351625585283,-0.028772428032071,0.0164506093374115,0.039348311952316,0.0645900104190456,1,0,-1
2011-06-08,0,16.073583602905273,16.223846435546875,15.959747314453123,16.105457305908203,9.173970222473145,12828151,5.394701443205994,-0.0050773183728541,-0.0128654407781503,-0.0392989557486658,0.0164292780267404,0.0392965052155418,0.0645247567373121,-1,-1,-1
2011-06-09,0,16.073583602905273,16.146438598632812,15.832250595092772,15.982514381408691,9.103943824768066,12594261,5.118015084100368,-0.0076624433341385,-0.0090756395831724,-0.0625999255710022,0.0164107291999833,0.0392422766578635,0.0645122926629026,-1,-1,-1
2011-06-10,0,15.941534042358398,15.977960586547852,15.745736122131348,15.891446113586426,9.0520658493042,11822314,5.002271193235273,-0.0057147046713832,-0.0243421092706238,-0.053491349533987,0.0163901071104428,0.0392051664558774,0.0644759610133211,-1,-1,-1
2011-06-13,0,15.918766021728516,16.01894187927246,15.845911979675291,15.845911979675291,9.026132583618164,8908902,5.200985397108761,-0.0028690119284629,-0.0297257284597449,-0.0511883873076837,0.0163676269974545,0.0391780754909158,0.0644341783584082,-1,-1,-1
2011-06-14,0,15.93698024749756,16.069028854370117,15.873231887817385,16.055368423461914,9.145440101623535,10105584,4.942415398426055,0.0131314151457409,0.0068301669381772,-0.0126265133247227,0.016360158015849,0.0391249755795698,0.0643404697404934,1,1,-1
2011-06-15,0,15.909660339355469,16.283039093017578,15.832250595092772,16.210186004638672,9.233623504638672,23279409,5.218123446375271,0.0095961450058622,0.001404081844764,0.0068162933213836,0.0163456221597269,0.0390698456960687,0.064247060576585,1,0,1
2011-06-16,0,16.087242126464844,16.283039093017578,15.86867904663086,16.110010147094727,9.17656707763672,13273750,5.060030637072191,-0.0061983725178357,0.0002830276997823,-0.0027693990838733,0.0163258388445232,0.0390147507363231,0.0641519501501217,-1,0,0
2011-06-17,0,16.16465187072754,16.191972732543945,15.800376892089844,15.932427406311035,9.075414657592772,13318112,5.005318499473615,-0.0110841066049309,-0.0031386355710098,0.0086576661680415,0.0163130643592092,0.0389598480071949,0.0640602516032175,-1,0,1
2011-06-20,0,15.809483528137209,16.05081558227539,15.79582405090332,16.02804946899414,9.129878044128418,10009392,4.92715354576225,0.0059832654061538,0.0085593345065273,0.0163717697153065,0.0162938106417404,0.0389088024350146,0.0639743329656828,1,1,1
2011-06-21,0,16.02804946899414,16.05081558227539,15.873231887817385,15.905105590820312,9.05984878540039,8088640,4.681478529077499,-0.0076999072474866,0.0037284391875036,0.0112735901160333,0.0162759355539226,0.0388552779268254,0.0638849074179338,-1,0,1
2011-06-22,0,15.83680534362793,16.2283992767334,15.832250595092772,16.02804946899414,9.129878044128418,16193531,4.805933853397873,0.0076999072474866,-0.0017030687107507,0.0233243813826436,0.0162589250461421,0.0388009736507148,0.0638068267022931,1,0,1
2011-06-24,0,16.02804946899414,16.046262741088867,15.823144912719728,15.93698024749756,9.078001022338867,10364071,4.721041481824616,-0.005698320158472,-0.0169975338750848,-0.003088521163457,0.0162390438880458,0.0387554457626804,0.0637137525535323,-1,-1,0
2011-06-27,0,15.982514381408691,16.046262741088867,15.82769775390625,15.941534042358398,9.08059787750244,9645271,4.640856890051445,0.0002860193339364,-0.0105131420233125,0.0077890621575947,0.0162168127408377,0.0387044274263554,0.0636235138164506,0,-1,1
2011-06-28,0,15.964301109313965,16.415090560913086,15.92787265777588,16.415090560913086,9.350337982177734,16275448,4.93700888101176,0.0292724544883786,0.0298434190699969,0.0053401332066223,0.01626806250955,0.0386861430514405,0.0635326448292576,1,1,0
2011-06-29,0,16.46062469482422,16.606332778930664,16.374109268188477,16.565353393554688,9.43593978881836,13880766,5.096119411068545,0.0091132900443391,0.0329734437081822,0.0192034556937743,0.0162531710874187,0.0386751018512625,0.0634514650732609,1,1,1
2011-06-30,0,16.619993209838867,16.65186882019043,16.437856674194336,16.597225189208984,9.454096794128418,14266849,4.7656962011045065,0.0019223902317031,0.042595741187372,0.0253358646265648,0.0162314479115233,0.0386906934418587,0.0633774585797816,1,1,1
2011-07-01,0,16.565353393554688,16.711061477661133,16.360448837280273,16.61088752746582,9.464985847473145,11977362,4.730860566488708,0.0011511186618723,0.0360469526017577,0.0183636983246128,0.0162095893690736,0.0386869748713178,0.0632960519867306,0,1,1
2011-07-04,0,16.59267234802246,16.797576904296875,16.556245803833008,16.756595611572266,9.548019409179688,4555473,4.411585073020949,0.0087344518633821,0.0504797246236118,0.0385503947171115,0.0161942956504428,0.0387283215336803,0.0632430061123254,1,1,1
2011-07-05,0,16.692848205566406,16.756595611572266,16.56990623474121,16.73838233947754,9.537638664245604,9535463,4.40977465535029,-0.0010878059239869,0.0491058993656885,0.0279108237770565,0.0161725267295889,0.0387639749938645,0.0631730158651677,0,1,1
2011-07-06,0,16.556245803833008,16.720169067382812,16.428749084472656,16.487943649291992,9.394930839538574,9523384,4.476581658432172,-0.0150756639242918,0.0047577809530182,0.0103205525921065,0.0161692146252239,0.0387122650901249,0.0630864324265653,-1,1,1
2011-07-07,0,16.615440368652344,16.638206481933594,16.12367057800293,16.141883850097656,9.197747230529783,15202628,4.44350747709384,-0.0212116836031948,-0.0255671926945158,0.0125333492410927,0.0161840157918909,0.0386809155540106,0.0630015452293609,-1,-1,1
2011-07-08,0,16.069028854370117,16.069028854370117,15.79582405090332,15.800376892089844,9.003156661987305,13031075,4.539390272821197,-0.0213833317615391,-0.0488729146877582,-0.0238722126197216,0.0161991250855658,0.0387085995217996,0.0629229660560643,-1,-1,-1
2011-07-11,0,15.641008377075195,15.745736122131348,15.108257293701172,15.217538833618164,8.671051979064941,22389529,4.979095301975933,-0.0375851370978798,-0.0876091704475104,-0.0563800313447472,0.0162912713142405,0.0389161927035614,0.0629000858377747,-1,-1,-1
2011-07-12,0,15.276734352111816,15.381463050842283,14.821391105651855,14.821391105651855,8.445322036743164,25576143,5.242440712364987,-0.0263774360101418,-0.1227210583210344,-0.0750950240207505,0.0163244365137927,0.0393698731470374,0.0629300287742701,-1,-1,-1
2011-07-13,0,14.99442195892334,15.24485969543457,14.848711967468262,14.91701316833496,8.499809265136719,26317783,5.625043483660267,0.0064310408947869,-0.1152022115022607,-0.0629492784545804,0.0163066537261851,0.0397539011653258,0.0629231367161694,1,-1,-1
2011-07-14,0,14.95799446105957,14.95799446105957,14.252214431762695,14.47533130645752,8.248135566711426,37498822,6.344770954102181,-0.030056540956021,-0.13018308853399,-0.0901368074821384,0.0163558386073768,0.0402502373070563,0.0630050098354489,-1,-1,-1
2011-07-15,0,14.63014793395996,14.73032283782959,14.429797172546388,14.429797172546388,8.222187995910645,30858103,6.923950727772635,-0.0031508296930322,-0.1121222346238274,-0.1064190523209118,0.0163347932101943,0.0405943138786814,0.0631539461609421,-1,-1,-1
2011-07-18,0,14.366048812866213,14.47988510131836,14.11561107635498,14.297747611999512,8.146949768066406,18354543,7.361517613270595,-0.0091927575872901,-0.0999316604495783,-0.1252079549140639,0.0163192896388689,0.0408496101583761,0.0633932293072482,-1,-1,-1
2011-07-19,0,14.47988510131836,14.707555770874023,14.393369674682615,14.639254570007324,8.341540336608887,19131541,7.644764791001869,0.0236042963435446,-0.0387422270081537,-0.0954052860526834,0.0163447475608148,0.0408370531201458,0.0634897375428517,1,-1,-1
2011-07-20,0,14.7713041305542,14.880585670471191,14.621041297912598,14.743983268737791,8.401215553283691,15111708,7.799448075535594,0.0071285121481944,-0.0052362788498173,-0.077192667299558,0.0163280085699023,0.0407830231000163,0.0635191886868317,1,-1,-1
2011-07-21,0,14.844159126281738,15.140130996704102,14.753089904785156,14.944334030151367,8.515376091003418,17621248,7.841627793751529,0.0134970770918247,0.0018297573472205,-0.069678855613887,0.0163222984177202,0.0407297898430429,0.0635251774770395,1,0,-1
2011-07-22,0,14.998974800109863,15.172004699707031,14.912460327148438,14.94888687133789,8.517972946166992,17492334,7.972349360603266,0.0003049142218628,0.0321912125251046,-0.0616740341445375,0.0163010777042029,0.0407159799101155,0.0635093070605501,0,1,-1
2011-07-25,0,14.95799446105957,14.95799446105957,14.570953369140623,14.61648654937744,8.328572273254395,7159,7.171469993044745,-0.0224863496968687,0.0128556925212681,-0.0918602910888929,0.0163184713520991,0.040670352879364,0.0635874804889108,-1,1,-1
2011-07-26,0,14.611933708190918,14.611933708190918,14.297747611999512,14.379709243774414,8.193647384643555,19562645,6.941584353605094,-0.0163329008828827,0.0057155492256753,-0.1024948718133037,0.0163171526985048,0.0406192979623474,0.0637065074340762,-1,1,-1
2011-07-27,0,14.320514678955078,14.356942176818848,14.04275608062744,14.097396850585938,8.032780647277832,18263622,6.623890050295661,-0.0198283944704681,-0.0377171415883373,-0.1226092856177081,0.0163254146841905,0.0406052961739819,0.0639160248340108,-1,-1,-1
2011-07-28,0,14.1748046875,14.343281745910645,14.088290214538574,14.138378143310549,8.056139945983887,16128305,5.883743374617567,0.0029037765441488,-0.041941877192383,-0.1489779635619378,0.0163053319326256,0.0406011676213203,0.0642679966660037,1,-1,-1
2011-07-29,0,14.070076942443848,14.343281745910645,13.742230415344238,14.343281745910645,8.172898292541504,9247,4.837070414369648,0.0143890672209152,-0.0410498870632924,-0.1437021863853617,0.0163020218507205,0.0405946098519871,0.0645826282461472,1,-1,-1
2011-08-01,0,14.488991737365724,14.566399574279783,14.08373737335205,14.297747611999512,8.150050163269043,15769235,4.750357893310532,-0.0027995118965858,-0.0441543131817412,-0.1484240885136508,0.0162815043425554,0.040595672474332,0.0649194564161484,-1,-1,-1
2011-08-02,0,14.015436172485352,14.015436172485352,13.323314666748049,13.469024658203123,7.677662372589111,59715514,5.98372891378199,-0.0597089599782699,-0.0813769234631424,-0.209284167153793,0.0165328279598117,0.0407373190983338,0.0656829659102692,-1,-1,-1
2011-08-03,1,13.51911163330078,13.59196662902832,13.00912857055664,13.182159423828123,7.514142036437988,40787337,6.724542607871373,-0.0215282723784698,-0.0865722949587295,-0.2395468913956452,0.0165450845081895,0.0409031367170336,0.0666951356426133,-1,-1,-1
2011-08-04,0,12.872526168823242,13.036450386047363,12.339776039123535,12.772351264953612,7.28054141998291,37113836,7.220373747095439,-0.0315816195594347,-0.0983255200476961,-0.2700407050310929,0.0165968000157393,0.0411316233906253,0.0679792380862886,-1,-1,-1
2011-08-05,0,12.817885398864746,13.34152889251709,12.348882675170898,12.886186599731444,7.345425128936768,32016572,7.575981006529355,0.0088724576767139,-0.0923568389151311,-0.2460925834300872,0.0165829300177689,0.0413223916172781,0.0689941401546611,1,-1,-1
2011-08-08,0,12.207727432250977,12.380757331848145,11.451857566833496,11.633995056152344,6.631649494171143,45999020,8.834526756775766,-0.1022241222583168,-0.2089700283943633,-0.3271050220852091,0.0173281652612707,0.0425501376442803,0.070835713034987,-1,-1,-1
2011-08-09,0,11.929967880249023,12.4308443069458,11.72961711883545,12.4308443069458,7.085875034332275,50789043,9.65816078224382,0.0662498049767435,-0.1399207115210338,-0.2394718853469264,0.01763303123021,0.0430416762640778,0.0717274769911538,1,-1,-1
2011-08-10,0,12.134872436523438,12.294241905212402,11.793364524841309,12.021036148071287,6.920870780944824,42129184,10.25594045256893,-0.0235617736055123,-0.1037735251482763,-0.2254485218545589,0.0176473933462344,0.0432747521291443,0.0724845583720853,-1,-1,-1
2011-08-11,0,12.157638549804688,12.54012680053711,12.066571235656738,12.421737670898438,7.151566028594971,29652856,10.5948616024062,0.0327897605921453,-0.049455492177661,-0.1662813252522716,0.0177060135283046,0.0432770958786646,0.0728287617295537,1,-1,-1
2011-08-12,0,12.47637939453125,12.699496269226074,12.321561813354492,12.65396213531494,7.28527307510376,22850281,11.281493432099436,0.0185235658144265,0.0006496931962002,-0.1541888003326319,0.0177103948436151,0.0432231863542745,0.0731022229417958,1,0,-1
2011-08-15,0,12.79056453704834,12.931720733642578,12.75869083404541,12.931720733642578,7.445187091827393,18625987,11.323393691652113,0.021712872166676,0.0134901076861622,-0.1024193872099348,0.0177240227756506,0.0431787755993791,0.0731542626363136,1,1,-1
2011-08-16,0,12.735923767089844,12.7860107421875,12.499146461486816,12.75413703918457,7.342942237854004,23245588,10.13584554654239,-0.0138281835314092,0.10188604641307,-0.1130967410483118,0.0177138830388837,0.0434582283065383,0.0732419304940002,-1,1,-1
2011-08-17,0,12.75869083404541,13.136625289916992,12.704050064086914,13.136625289916992,7.563148498535156,18992085,9.463875556774497,0.0295479594014371,0.0651842008377634,-0.0743560240595845,0.017756325011978,0.0435457724007703,0.0732150869673002,1,1,-1
2011-08-18,0,12.676729202270508,12.681282997131348,12.248706817626951,12.603874206542969,7.256435394287109,31583931,9.29459725953394,-0.0413988558149257,0.0473471186283502,-0.1393591762180551,0.0178493394442452,0.0435693647570574,0.0734070633767567,-1,1,-1
2011-08-19,0,12.330669403076172,12.544679641723633,12.121212005615234,12.134872436523438,6.98641300201416,23346172,8.99720184995887,-0.0379214525759738,-0.0233640945397692,-0.1844091409422236,0.0179222593812941,0.0435247530343969,0.07383365740071,-1,-1,-1
2011-08-22,0,12.339776039123535,12.385310173034668,11.875327110290527,11.975502014160156,6.894659996032715,22354171,8.374407226844053,-0.0132200648029732,-0.055107725157169,-0.2111262828370217,0.0179105234976249,0.0435430414850285,0.0744253621495433,-1,-1,-1
2011-08-23,0,11.9937162399292,12.066571235656738,11.55658721923828,12.066571235656738,6.947089672088623,31985826,7.806283022046344,0.0075756212990197,-0.0692449760248253,-0.2038555757598647,0.0178934452635411,0.0436071198878324,0.0749571311245994,1,-1,-1
2011-08-24,0,12.016483306884766,12.148531913757324,11.65676212310791,11.998269081115724,6.907766819000244,26957521,7.371536305222648,-0.005676415154644,-0.06109320764806,-0.18704564121764,0.0178729941302771,0.0436423313453665,0.0753747559942859,-1,-1,-1
2011-08-25,0,11.88443374633789,12.398969650268556,11.825239181518556,12.107550621032717,6.970680236816406,21393795,7.111833664792824,0.0090664104590951,-0.0815747565904018,-0.161646329875662,0.0178579360575014,0.043753644237502,0.0756471088777147,1,-1,-1
2011-08-26,0,12.002822875976562,12.4308443069458,11.83889865875244,12.408077239990234,7.143704414367676,27131017,7.224675073535107,0.0245186523872537,-0.0156572483882225,-0.1172992830179402,0.017880274341871,0.043702463444479,0.0757278537974915,1,-1,-1
2011-08-29,0,12.5674467086792,12.704050064086914,12.480932235717772,12.590213775634766,7.248568058013916,23212646,7.346755993136989,0.0145724727698577,0.0368366769576092,-0.1056305867922314,0.0178746629530612,0.043698714027064,0.0757691581585675,1,1,-1
2011-08-30,0,12.57655429840088,12.918061256408691,12.490038871765137,12.840652465820312,7.392748832702637,20979381,7.282399989926839,0.0196956922143195,0.069752433974902,-0.1003239617988271,0.0178814870901143,0.0438029953768264,0.0757938351263576,1,1,-1
2011-08-31,0,12.977254867553713,13.223139762878418,12.913507461547852,13.136625289916992,7.563148498535156,23804948,7.432606890817658,0.0227879392189709,0.0849647518948531,-0.0747365106832704,0.0178973477649858,0.0439757033069827,0.0757557903397106,1,1,-1
2011-09-01,1,13.60562801361084,14.1748046875,13.478132247924805,14.024541854858398,8.07770824432373,53274865,8.262664521227869,0.0658206276203739,0.1564617946698712,0.0507930769153736,0.0181722715380395,0.0446402859420064,0.07573348640319,1,1,1
2011-09-02,0,13.796871185302734,13.860618591308594,13.437150955200195,13.655714988708496,7.865276336669922,27172963,8.471535925722787,-0.0266505282936078,0.1207448559171681,0.0456708210002356,0.0181954739330654,0.0450124747007505,0.0756999574864207,-1,1,1
2011-09-05,0,13.305102348327637,13.336976051330566,13.013683319091797,13.113858222961426,7.553186416625977,14091157,8.274737023009157,-0.0404881547161613,0.055738048813753,0.0367642858435089,0.0182783920617888,0.0450545383481154,0.0756493903171357,-1,1,1
2011-09-06,0,12.817885398864746,13.364295959472656,12.708602905273438,13.346081733703612,7.686938762664795,23788696,8.112374412778568,0.0175531078214046,0.0587186838652999,0.0454449359881996,0.0182783008183601,0.0451057139600339,0.0756151625623431,1,1,1
2011-09-08,0,13.523666381835938,13.705802917480469,13.437150955200195,13.510005950927734,7.7813544273376465,18955409,7.95260589162975,0.0122077899707652,0.0512307816217455,0.1598768482172818,0.0182672260588208,0.0451324417202163,0.0760286462378549,1,1,1
2011-09-09,0,13.37340259552002,13.414383888244627,12.877079963684082,13.113858222961426,7.553186416625977,18664420,7.918960489471448,-0.0297608977921698,-0.0013180553893951,0.0638661454483684,0.0183007628962616,0.045077924935234,0.0760348407011984,-1,0,1
2011-09-12,0,12.85886573791504,12.881632804870604,12.47637939453125,12.881632804870604,7.419431209564209,22771220,7.816348568250613,-0.0178671183154265,-0.0850058013251957,0.0695608007384541,0.0182980859486564,0.0451998908767039,0.0760557327258775,-1,-1,1
2011-09-13,0,12.977254867553713,13.004575729370115,12.572001457214355,12.75869083404541,7.348621368408203,15654596,7.596740448894823,-0.0095896711406332,-0.0679449441722211,0.0271813690056754,0.0182813723473272,0.0452543970447741,0.0759886400805165,-1,-1,1
2011-09-14,0,12.840652465820312,13.022789001464844,12.499146461486816,12.877079963684082,7.416811943054199,22011352,7.630407736533125,0.0092365808723922,-0.0182202085836673,0.0178943840636414,0.0182661385941514,0.0452052789853868,0.0759104847751856,1,-1,1
2011-09-15,0,13.09109115600586,13.232247352600098,12.977254867553713,13.09109115600586,7.540072917938232,18180168,7.453130188457415,0.0164825452073589,-0.0192907711977131,0.0126640571043241,0.0182636957254336,0.0451571487739363,0.0758275162466092,1,-1,1
2011-09-16,0,13.122964859008787,13.3825101852417,13.022789001464844,13.34152889251709,7.684316158294678,21901105,6.371801689327991,0.0189495362876095,-0.0125490248808687,0.0454417769233431,0.0182670409843885,0.0451049688845534,0.0757910535501958,1,-1,1
2011-09-19,0,12.977254867553713,13.255014419555664,12.936273574829102,13.22769260406494,7.618751049041748,19057311,6.089011588080397,-0.0085689371352583,0.0086429357760426,0.0073248803866476,0.0182495246857395,0.0450554474856132,0.0757043102540133,-1,1,0
2011-09-20,0,13.22769260406494,13.459918022155762,13.141178131103516,13.191266059875488,7.59777307510376,16316735,6.161381283903734,-0.0027572640186766,0.0237527900727925,0.0459664721828966,0.0182283215054276,0.0450222992704776,0.0756689067965255,-1,1,1
2011-09-21,0,13.291440963745115,13.500899314880373,13.113858222961426,13.15028476715088,7.574167728424072,20843879,6.058271093138709,-0.003111713396782,0.0302307478166438,0.0807762113620887,0.0182072948873362,0.0449997841797849,0.0757206659707025,-1,1,1
2011-09-22,0,12.590213775634766,12.854312896728516,12.4308443069458,12.635747909545898,7.277815341949463,29408425,6.332809710483434,-0.0399127477431788,-0.0189185807989273,0.0540835284218831,0.0182845480258826,0.0449522974912738,0.0757013919287842,-1,-1,1
2011-09-23,0,12.704050064086914,12.817885398864746,12.394416809082031,12.490038871765137,7.193886280059815,23083293,6.4363140970220325,-0.0115991892415593,-0.0470003152478456,0.0349087178813039,0.0182706490470073,0.0449476156942919,0.0756459607987361,-1,-1,1
2011-09-26,0,12.649409294128418,12.840652465820312,12.34432888031006,12.763243675231934,7.351242065429687,18101107,6.288238610563734,0.0216377499022867,-0.0443121016331683,0.0622228829382347,0.0182813961891157,0.0449368824628271,0.0756450908823011,1,-1,1
2011-09-27,0,13.05921745300293,13.473578453063965,12.977254867553713,13.291440963745115,7.655467510223389,32395847,6.836923799985027,0.0405508123339779,0.0048076478360677,0.0937072848131173,0.0183681714388424,0.0448861151393187,0.075736041840943,1,1,1
2011-09-28,0,13.318761825561523,13.660268783569336,13.22769260406494,13.250460624694824,7.631868839263916,27277939,7.02231833268119,-0.0030873514083384,0.0044775604464059,0.0661012810175251,0.018347224027157,0.0448353666861236,0.075743463702872,-1,0,1
2011-09-29,0,13.409830093383787,13.637500762939451,13.22769260406494,13.34152889251709,7.684316158294678,23538774,7.203058131280758,0.0068486407075289,0.014437914550717,0.0583774489551965,0.0183295276952603,0.0447918745622246,0.0757318606424332,1,1,1
2011-09-30,0,13.204925537109377,13.428044319152832,13.09109115600586,13.22769260406494,7.618751049041748,27371276,7.369108902272229,-0.0085689371352583,0.0457817251586376,0.0301128196056185,0.0183123037402628,0.0448043781431059,0.0756687526418987,-1,1,1
2011-10-03,0,13.136625289916992,13.295994758605955,12.936273574829102,13.054662704467772,7.522197723388672,22196488,7.458957493668218,-0.0127541062240177,0.0446268081761791,-0.0054292258373702,0.0183003838359691,0.0448135693157612,0.0755778315389648,-1,1,0
2011-10-04,0,12.927166938781738,12.94993495941162,12.526466369628906,12.895294189453123,7.430369853973389,31426467,7.9109739103900765,-0.0122827097626659,0.0107063485112262,-0.0835325632204102,0.0182877695200444,0.0447669627212839,0.0755675961688346,-1,1,-1
2011-10-05,0,12.840652465820312,13.191266059875488,12.79967212677002,13.113858222961426,7.556308269500732,23467400,7.991242417295128,0.016807110829405,-0.0130373529933465,-0.0400749240973972,0.0182860044335468,0.0447171736096575,0.0754886883034342,1,-1,-1
2011-10-06,0,13.295994758605955,13.546433448791504,13.214033126831056,13.364295959472656,7.70060920715332,23112721,7.842493592949043,0.0189166967598442,0.0089666951748362,0.0193299273786083,0.0182890418495355,0.0446696621318948,0.0754139821155392,1,1,1
2011-10-07,0,13.523666381835938,13.60107421875,13.027342796325684,13.200372695922852,7.606159687042236,18595900,7.740918524091208,-0.012341039378408,-0.0102229849111007,-0.0105642198212043,0.0182767015307205,0.0446190953681274,0.0753235565659185,-1,-1,-1
2011-10-10,0,13.34152889251709,13.86517333984375,13.286888122558594,13.719463348388672,7.905263900756836,21145630,7.881616972791147,0.0385704499704605,0.036916402194618,0.015798440178491,0.0183514035565626,0.0446105586599352,0.0752460046082957,1,1,1
2011-10-11,0,13.655714988708496,14.097396850585938,13.56464672088623,13.979007720947266,8.054810523986816,24531434,7.673602076035746,0.0187406394355932,0.0684111478542291,0.0642999774062541,0.0183535808973264,0.0446931893966799,0.0752490975300393,1,1,1
2011-10-13,0,14.165699005126951,14.297747611999512,13.878832817077637,14.138378143310549,8.146642684936523,31583711,7.87629481295871,0.0113364083136347,0.09203026593053,0.0935035040353156,0.0183414367872954,0.0448757687388395,0.0753356108163241,1,1,1
2011-10-14,0,14.229446411132812,14.343281745910645,14.056415557861328,14.297747611999512,8.23847484588623,18775764,7.76819769106137,0.0112093333877804,0.0864324884889054,0.1143025085637291,0.018329116348185,0.0450294365867524,0.0754964146186145,1,1,1
2011-10-17,0,14.092844009399414,14.252214431762695,14.024541854858398,14.252214431762695,8.212237358093262,15088428,7.418990327393648,-0.0031898327215149,0.0643259590075462,0.1018760949698218,0.0183088721962893,0.0450932983009991,0.0756084548235621,-1,1,1
2011-10-18,0,14.170251846313477,14.37060260772705,13.96534824371338,14.297747611999512,8.23847484588623,15088428,7.242950022459747,0.0031898327215149,0.0798568311074691,0.088583382483978,0.0182890681087043,0.0452149478356676,0.0756747253596724,1,1,1
2011-10-19,0,14.284088134765623,14.570953369140623,14.165699005126951,14.570953369140623,8.395895957946777,22626713,7.063286602261277,0.0189277747508344,0.0602141558878431,0.0885616209472027,0.0182915779195917,0.0452632733522899,0.0757398287792073,1,1,1
2011-10-20,0,14.525419235229492,14.61648654937744,14.11561107635498,14.388815879821776,8.290946006774902,20137158,7.020491229629241,-0.0125789331784675,0.0288945832737822,0.0845516249039935,0.0182801023271074,0.045236907589135,0.0757917516328079,-1,1,1
2011-10-21,0,14.47988510131836,14.7713041305542,14.47988510131836,14.66657543182373,8.450996398925781,17258664,6.88790981322874,0.0191202746065157,0.0366784495666629,0.1064291635291859,0.0182830415697813,0.0452242983073713,0.0759143912451253,1,1,1
2011-10-24,0,14.712108612060549,15.140130996704102,14.712108612060549,14.998974800109863,8.642529487609863,15898588,6.871241282442898,0.0224109532883291,0.0478800694672119,0.1319518302142971,0.0182943475856238,0.0452365766456268,0.0761368062837643,1,1,1
2011-10-25,0,14.998974800109863,14.998974800109863,14.998974800109863,14.998974800109863,8.642529487609863,0,6.181445142242595,0.0,0.0510699021887268,0.1718645779574762,0.0182739716551103,0.0452567352109885,0.076553147308359,0,1,1
2011-10-26,0,14.998974800109863,14.998974800109863,14.998974800109863,14.998974800109863,8.642529487609863,0,5.366061446136071,0.0,0.0478800694672119,0.1834637671990356,0.0182536636564372,0.0452682947651891,0.0770285916704112,0,1,1
2011-10-27,0,14.998974800109863,14.998974800109863,14.998974800109863,14.998974800109863,8.642529487609863,0,4.304303343087379,0.0,0.0289522947163774,0.1618260172967486,0.0182334232129749,0.0452415204129684,0.0773784806766209,0,1,1
2011-10-28,0,15.249412536621094,15.404230117797852,15.02174186706543,15.071829795837402,8.684499740600586,30486295,4.758528018272857,0.004844492904308,0.0463757207991531,0.126119697867079,0.0182148803822761,0.0452489609592415,0.0775605844298664,1,1,1
2011-10-31,0,14.95344066619873,15.149237632751465,14.73032283782959,14.903352737426758,8.587420463562012,20247185,4.9646943887341175,-0.0112414020221778,0.0160140441704596,0.1179656472532395,0.018201952317781,0.0452064472323471,0.07770855960247,-1,1,1
2011-11-01,1,14.297747611999512,14.7713041305542,14.234000205993652,14.63014793395996,8.433093070983887,29772985,5.487824313218354,-0.0181347785676375,-0.0245316876855071,0.092982227978073,0.0182009650105021,0.0451685861891572,0.0777704257375965,-1,-1,1
2011-11-03,0,14.935227394104004,14.998974800109863,14.643808364868164,14.798624038696287,8.530208587646484,19496321,5.39017503417602,0.0114501975686716,-0.0130814901168356,0.113001362682003,0.0181894290199214,0.0451213699093183,0.0778968137357834,1,-1,1
2011-11-04,0,14.62559413909912,14.935227394104004,14.534525871276855,14.853264808654783,8.561704635620117,12975293,5.159645185711376,0.0036854953816788,-0.0093959947351568,0.1294409642876995,0.0181704688706104,0.0450726398927335,0.0780836797778933,1,-1,1
2011-11-07,0,14.935227394104004,15.099149703979492,14.757643699645996,14.844159126281738,8.556461334228516,14014731,5.052618146577393,-0.0006126008551163,-0.0100085955902732,0.1411110731952491,0.0181505813217891,0.0450242963801801,0.078316627742965,0,-1,1
2011-11-08,0,14.94888687133789,14.98076057434082,14.634700775146484,14.821391105651855,8.543334007263184,14076882,4.981887517439276,-0.0015353785565291,-0.0163884670511105,0.122768583809315,0.0181308367864093,0.0449795779355377,0.0784722586710793,0,-1,1
2011-11-09,0,14.498098373413086,14.607380867004396,14.329622268676758,14.44801139831543,8.328109741210938,19851878,5.664119060988599,-0.0255148219868975,-0.0306618870158302,0.0783370650625731,0.0181489686814843,0.0449499288129306,0.0784875978832589,-1,-1,1
2011-11-10,0,14.44801139831543,14.44801139831543,14.44801139831543,14.44801139831543,8.328109741210938,0,5.664119060988599,0.0,-0.0125271084481927,0.090678104440981,0.0181292418212595,0.0449031174047676,0.0785348948444968,0,-1,1
2011-11-11,0,14.525419235229492,14.584612846374512,14.393369674682615,14.498098373413086,8.356983184814453,8270042,5.949313466574388,0.0034609903047138,-0.0205163157121506,0.0555686447752342,0.0181104720679854,0.0448620291249143,0.0785008520862125,1,-1,1
2011-11-14,0,14.557292938232422,14.903352737426758,14.50720500946045,14.534525871276855,8.377982139587402,14289469,5.350797890610631,0.0025095917902344,-0.0216922193035948,0.0393375971298754,0.0180913735810861,0.0448221276652851,0.0784416185240817,1,-1,1
2011-11-16,0,14.529972076416016,14.652915000915527,14.416136741638184,14.63014793395996,8.433093070983887,17247683,5.2335231743559,0.0065565263532444,-0.0145230920952339,0.0345577151694851,0.0180747223591837,0.0447768083969595,0.0783765580144726,1,-1,1
2011-11-17,0,14.429797172546388,14.498098373413086,13.997221946716309,14.079183578491213,8.115511894226074,18504979,4.817153465172637,-0.0383863380725667,-0.0513740516112714,-0.0150379562908619,0.0181409734361792,0.0447864483471281,0.0782892384029587,-1,-1,-1
2011-11-18,0,14.161145210266112,14.206679344177246,13.774104118347168,13.86517333984375,7.992157459259033,16048585,4.660160633405836,-0.0153165357186508,-0.0411757653430248,-0.0271646592879978,0.0181344851089899,0.0447741311948997,0.0782074870031665,-1,-1,-1
2011-11-21,0,13.578307151794434,13.86517333984375,13.550986289978027,13.66482162475586,7.876660346984863,32378937,5.254161625068557,-0.0145567430607435,-0.0557325084037683,-0.0449112350702564,0.0181266719915205,0.0447940365430414,0.0781412838446983,-1,-1,-1
2011-11-22,0,13.660268783569336,13.751337051391602,13.473578453063965,13.628395080566406,7.855663299560547,19400789,5.388230392930335,-0.0026692890844646,-0.0618627877929467,-0.0665082989055554,0.0181075210372794,0.0448301457245575,0.0781059238291546,-1,-1,-1
2011-11-23,0,13.500899314880373,13.587413787841797,13.391616821289062,13.459918022155762,7.75855016708374,16683931,5.426110223997417,-0.0124392285156866,-0.0768116080988678,-0.0663685942427746,0.018096499285035,0.044913495030439,0.0780702326616931,-1,-1,-1
2011-11-24,0,13.569199562072754,13.63294792175293,13.22769260406494,13.514558792114258,7.790052890777588,7733302,4.9924718178623815,0.0040521668323485,-0.0793159676197637,-0.0814367020169417,0.0180784545938636,0.045004762299953,0.0780634958431912,1,-1,-1
2011-11-25,0,13.34152889251709,13.610180854797363,13.277780532836914,13.437150955200195,7.745429992675781,11472907,5.359164940413841,-0.0057446583609352,-0.0466742879081323,-0.1095923136662062,0.0180607907778433,0.0450016876231674,0.0781277280530191,-1,-1,-1
2011-11-28,0,13.796871185302734,13.887940406799316,13.692143440246582,13.815085411071776,7.963283538818359,16216371,5.606850766715032,0.0277384286040477,-0.0036193235854336,-0.0818538850621583,0.0180886092683053,0.0449533814397827,0.0781209438154778,1,0,-1
2011-11-29,0,13.887940406799316,14.038203239440918,13.687588691711426,13.705802917480469,7.900291442871094,15125543,5.605939969329115,-0.0079417693810522,0.0029956500942575,-0.0897956544432106,0.0180726656027933,0.0449061302409606,0.0781315809343043,-1,0,-1
2011-11-30,0,14.070076942443848,14.621041297912598,13.92436695098877,14.525419235229492,8.372725486755371,35260286,6.223982535779809,0.0580798068594348,0.0637447460381571,-0.0317158475837757,0.0182531495022743,0.0449643756533417,0.0780536680978095,1,1,-1
2011-12-01,0,14.889693260192873,15.158345222473145,14.684788703918455,15.094596862792969,8.704086303710938,27317031,6.585434238457791,0.0388131483177896,0.1149971228716335,0.0022528078297057,0.0183224617498221,0.045245061724787,0.0779687205675709,1,1,0
2011-12-02,0,15.263073921203612,15.399676322937012,14.98076057434082,15.149237632751465,8.735593795776367,23938474,6.919079598488091,0.0036133147128785,0.1145582707521634,0.0171075245647621,0.0183040537887244,0.0455190487992966,0.0778911006270512,1,1,1
2011-12-05,0,15.299501419067385,15.54538631439209,15.28584098815918,15.390568733215332,8.874751091003418,26389816,6.83310424994608,0.0158043686987845,0.1361072978118833,0.0510466718311843,0.0182997048804372,0.0459161897908749,0.0778530724969307,1,1,1
2011-12-06,0,15.31771469116211,15.481637954711914,15.181112289428713,15.458870887756348,8.914142608642578,17145343,6.834878514286293,0.0044287837894912,0.1127976529973266,0.0440252580520038,0.0182817816825295,0.0461714035332361,0.077804223989207,1,1,1
2011-12-07,0,15.326821327209473,15.586366653442385,15.322267532348633,15.43610382080078,8.90101146697998,20061171,7.03757967729737,-0.001474154417619,0.1192652679607597,0.0388656082527061,0.0182627312593512,0.0464575483092781,0.0777484019548954,0,1,1
2011-12-08,0,15.568153381347656,15.677434921264648,15.258520126342772,15.404230117797852,8.882637023925781,30407453,7.903552354328039,-0.002066443182581,0.0591190179187438,0.0374117659252413,0.0182438415277971,0.0464923998826604,0.077690826141427,-1,1,1
2011-12-09,0,15.477084159851074,15.677434921264648,15.399676322937012,15.57270622253418,8.979783058166504,14293642,8.066513533461542,0.0108772486155897,0.0311831182165439,0.0498243930973601,0.018231922537194,0.0464677263966594,0.0776508113630961,1,1,1
2011-12-12,0,15.57270622253418,15.57270622253418,15.57270622253418,15.57270622253418,8.979783058166504,0,7.533633301574564,0.0,0.0275698035036651,0.0753392150842578,0.0182129642394954,0.0464380014743972,0.0776600268666748,0,1,1
2011-12-13,0,15.50440502166748,15.57726001739502,15.263073921203612,15.367801666259766,8.861629486083984,17507707,7.680746209649494,-0.0132450610743243,-0.0014796262694436,0.0620941540099333,0.0182036624903393,0.0463892987907472,0.0776410826839087,-1,0,1
2011-12-14,0,15.331375122070312,15.481637954711914,15.231200218200684,15.25396728515625,8.795989990234375,20832898,7.218663936665365,-0.0074347279133828,-0.0133431379723177,0.0511984357918367,0.0181877161323435,0.0463439276381303,0.0776028774387388,-1,-1,1
2011-12-15,0,15.413335800170898,15.43610382080078,15.02629566192627,15.02629566192627,8.664695739746094,16414025,6.824386423082903,-0.0150391258551727,-0.0269081094098715,0.0336497181464293,0.0181812484931998,0.0463100629939034,0.0775409668756227,-1,-1,1
2011-12-16,0,15.117363929748535,15.167451858520508,14.98076057434082,15.117363929748535,8.717214584350586,13215552,6.436848671423034,0.0060429496465483,-0.018798716580742,0.0331361414397331,0.018164792272182,0.0462684894604192,0.0774786183249425,1,-1,1
2011-12-19,0,15.076382637023926,15.28584098815918,15.02629566192627,15.02629566192627,8.664695739746094,22063401,6.2592829795422045,-0.0060429496465484,-0.03571891484288,0.0654795298657516,0.0181479526901014,0.0462465218490046,0.0774658862648181,-1,-1,1
2011-12-20,0,15.2084321975708,15.527172088623049,15.117363929748535,15.390568733215332,8.874751091003418,17833616,6.281701818116465,0.0239534800379992,-0.0117654348048807,0.1047495456224017,0.018162590012542,0.0462008168748383,0.0775515011063108,1,-1,1
2011-12-21,0,15.25396728515625,15.440656661987305,15.222092628479004,15.390568733215332,8.874751091003418,12859117,6.015775575970297,0.0,0.0014796262694437,0.1193062886831454,0.0181439754938055,0.0461531870998546,0.0776830178565564,0,0,1
2011-12-22,0,15.449764251708984,15.845911979675291,15.399676322937012,15.663775444030762,9.032299995422363,19196547,5.616702497231865,0.0175967521396019,0.0265111063224285,0.1395723299072118,0.018143383398495,0.0461232288702225,0.0778876035530576,1,1,1
2011-12-23,0,15.754842758178713,15.923319816589355,15.718416213989258,15.79582405090332,9.108436584472656,9691390,5.451310028284113,0.0083940402047682,0.0499442723823696,0.1604055986276668,0.0181290453502408,0.0461349501418335,0.0781774643842472,1,1,1
2011-12-26,0,15.823144912719728,15.909660339355469,15.691095352172852,15.709308624267578,9.058555603027344,2967437,5.5622336958289385,-0.0054913995975924,0.0384099231382287,0.1508620321977258,0.018112134076949,0.0461229285576831,0.0784220692286496,-1,1,1
2011-12-27,0,15.641008377075195,15.686541557312012,15.518065452575684,15.622794151306152,9.084503173828123,9023321,5.260278106467662,0.002860332296858,0.0473132050816352,0.1594670228555192,0.0180942534654149,0.0461283241908158,0.0787004407498649,1,1,1
2011-12-28,0,15.618241310119627,15.622794151306152,15.222092628479004,15.267626762390137,8.877973556518555,10555355,4.890807004786291,-0.0229966860606616,0.0003630389829742,0.1087319081908097,0.0181049080665507,0.0460810999386028,0.0787874672969492,-1,0,1
2011-12-29,0,15.340481758117676,15.481637954711914,15.203879356384276,15.477084159851074,8.999772071838379,10550304,4.695737409004511,0.0136259237972028,0.0139889627801771,0.1302996013690648,0.0180973549842751,0.0460391483413271,0.0789443521491937,1,1,1
2012-01-02,0,15.581812858581545,15.595473289489746,15.25396728515625,15.495298385620115,9.013548851013184,7456148,4.497679194033444,0.0015296215417451,-0.0020781678176796,0.073749416051375,0.0180792405943099,0.0459921596565551,0.0789404318343776,0,0,1
2012-01-03,0,15.518065452575684,15.882338523864746,15.518065452575684,15.882338523864746,9.238685607910156,14048551,4.244383150085544,0.0246707521029151,0.014198544080467,0.0596070198365004,0.0180955347276823,0.0459506022074604,0.0789098766282329,1,1,1
2012-01-04,0,15.750289916992188,15.968853950500488,15.60913372039795,15.900552749633787,9.249276161193848,13844529,4.119692023481091,0.0011456703096157,0.0208356139876752,0.0571393754332377,0.0180774196331827,0.0459146584996249,0.0788751861454829,0,1,1
2012-01-05,0,15.732075691223145,15.941534042358398,15.47253131866455,15.782163619995115,9.180418968200684,14741876,4.207236664688187,-0.0074724527900039,0.0105028289008133,0.0338625539444491,0.0180622063308298,0.0458710941625318,0.078810477398492,-1,1,1
2012-01-06,0,15.845911979675291,16.014387130737305,15.72296905517578,15.900552749633787,9.249276161193848,10879946,3.907002155732677,0.0074724527900038,0.0409719677514787,0.0369062229449617,0.0180473611363083,0.0458637979530432,0.0787490004838447,1,1,1
2012-01-09,0,15.959747314453123,16.110010147094727,15.786717414855955,16.000728607177734,9.307550430297852,11347946,3.978589687519361,0.0062806493746656,0.0336266933289415,0.0446610267372466,0.0180316185991147,0.0458439705061259,0.0786965960708007,1,1,1
2012-01-10,0,16.150991439819336,16.296701431274414,16.096349716186523,16.210186004638672,9.429396629333496,15486371,4.470249639479387,0.0130061654411163,0.0451032372283128,0.0597336353609439,0.0180232137206626,0.0458444585036196,0.0786661286591765,1,1,1
2012-01-11,0,16.100902557373047,16.30580711364746,16.096349716186523,16.232952117919922,9.442636489868164,11150512,4.5664711425533415,0.0014031199101018,0.0218356050354996,0.0502595066554563,0.0180053858064099,0.0458096802967408,0.0786211679855844,0,1,1
2012-01-12,0,16.255720138549805,16.437856674194336,16.105457305908203,16.269380569458008,9.463827133178713,10178276,4.577263151201501,0.0022416304398813,0.0229315651657652,0.0525011370953376,0.017987792438822,0.0457760866736163,0.0785793969065983,1,1,1
2012-01-13,0,16.255720138549805,16.351341247558594,16.02804946899414,16.16465187072754,9.402905464172363,20665771,4.9873068397387845,-0.0064581273341594,0.0239458906216098,0.0592880708355026,0.017972139272752,0.0457436303825058,0.078548013326159,-1,1,1
2012-01-16,0,16.223846435546875,16.319467544555664,16.128223419189453,16.27393341064453,9.466473579406738,9103041,5.065575924205531,0.0067377262993789,0.0232111641309848,0.0734605250482643,0.0179569473789314,0.0457104455645516,0.0785420714425424,1,1,1
2012-01-17,0,16.27393341064453,16.27393341064453,16.27393341064453,16.27393341064453,9.466473579406738,0,4.529994532586132,0.0,0.016930514756319,0.0884996509034371,0.0179391956136548,0.045671617331781,0.0785685648903594,0,1,1
2012-01-18,0,16.38776969909668,16.729276657104492,16.30580711364746,16.729276657104492,9.73134708404541,18739967,4.754119148823537,0.0275958733245225,0.0315202226397254,0.1100525745814115,0.0179636841827592,0.0456487304183506,0.078651447749245,1,1,1
2012-01-19,0,16.688295364379883,16.829450607299805,16.57901382446289,16.82489776611328,9.786972999572754,22015305,5.084763007145026,0.0056998825605806,0.0358169852902041,0.1217954067885405,0.0179478244552463,0.0456322447127262,0.0787691649267398,1,1,1
2012-01-20,0,16.756595611572266,17.03435516357422,16.679187774658203,16.893199920654297,9.826699256896973,21847739,5.555431749129047,0.0040508795221165,0.0376262343724392,0.1018928062726576,0.0179311140928782,0.045618633267673,0.0788269624799197,1,1,1
2012-01-23,0,16.870431900024414,16.902305603027344,16.469730377197266,16.574459075927734,9.641290664672852,18130316,5.840896296363939,-0.0190481091193913,0.0250362525872072,0.0828446971532662,0.0179332037656957,0.0455875781045482,0.0788377950190906,-1,1,1
2012-01-24,0,16.469730377197266,16.50615882873535,16.232952117919922,16.27393341064453,9.466473579406738,17143366,5.907993839476427,-0.0182985262878283,0.0,0.0469494187258359,0.0179336921459098,0.0455425131402598,0.0787870630587766,-1,0,1
2012-01-26,0,16.487943649291992,16.711061477661133,16.36955451965332,16.5289249420166,9.614802360534668,15748591,6.098347473832315,0.0155473637533752,0.0155473637533752,0.0541027422744428,0.017929544831744,0.0455031105158204,0.0787458855563031,1,1,1
2012-01-27,0,16.524372100830078,16.68374252319336,16.269380569458008,16.44240951538086,9.564475059509276,29860831,6.879405455165326,-0.0052481035062106,-0.0172966130773581,0.0543460383658246,0.0179134977686701,0.0454644601111207,0.0787050408375798,-1,-1,1
2012-01-30,0,16.27393341064453,16.27393341064453,15.905105590820312,16.16465187072754,9.402905464172363,21464730,6.9104060710282935,-0.0170369865465434,-0.0400334821844821,0.034448719522423,0.0179115924545351,0.0454535893528732,0.0786410850082797,-1,-1,1
2012-01-31,0,16.205631256103516,16.205631256103516,15.818591117858888,15.991621017456056,9.302258491516112,21858720,7.393876226299523,-0.010761514223724,-0.0548458759303226,0.0466838913593606,0.0179002935657408,0.0454725424896662,0.0785902313538648,-1,-1,1
2012-02-01,0,16.073583602905273,16.292146682739258,15.786717414855955,16.255720138549805,9.45910930633545,34878595,8.755298917322602,0.0167210057403298,-0.0190767610706014,0.0497789733024875,0.017898359275936,0.0454353400433005,0.0785433093434281,1,-1,1
2012-02-02,0,16.16465187072754,16.324020385742188,16.073583602905273,16.255720138549805,9.45910930633545,12153494,8.477155521801475,0.0,-0.000778234782773,0.0482493517607425,0.0178810420623962,0.0453909481693858,0.0784944791406858,0,0,1
2012-02-03,0,16.073583602905273,16.41964340209961,16.02804946899414,16.319467544555664,9.496207237243652,23610808,8.513262267473966,0.0039142557381107,-0.0124113427980375,0.0274928553959381,0.0178646583430004,0.0453496441025535,0.0784253887568323,1,-1,1
2012-02-06,0,16.232952117919922,16.41964340209961,16.12367057800293,16.41964340209961,9.554489135742188,11519026,8.081493319012461,0.0061186299109872,-0.0010446093808396,0.0324658149973095,0.0178495410813195,0.0453055108667722,0.0783603245110263,1,0,1
2012-02-07,0,16.296701431274414,16.59267234802246,16.096349716186523,16.574459075927734,9.644593238830566,23754217,8.30556372557574,0.0093863615845978,0.0253787387503015,0.0493246293719113,0.0178372279216512,0.0452760519126644,0.07831311572826,1,1,1
2012-02-08,0,16.57901382446289,16.98426628112793,16.574459075927734,16.938732147216797,9.856549263000488,25772698,8.684141419249903,0.0217386618326454,0.0578789148066709,0.0635908384145528,0.0178457117450369,0.0453053210833046,0.0782865240602346,1,1,1
2012-02-09,0,16.80213165283203,17.016141891479492,16.711061477661133,16.82489776611328,9.790313720703123,19471065,8.845934953091893,-0.0067426329884354,0.0344152760779056,0.0505675560514516,0.0178310078468413,0.045287516440672,0.0782409027227569,-1,1,1
2012-02-10,0,16.5152645111084,16.733829498291016,16.48339080810547,16.5289249420166,9.618085861206056,13053915,8.18548779601819,-0.0177482310917564,0.0166670449861492,0.0198131595185788,0.0178306886476528,0.0452500274560712,0.0781678721239813,-1,1,1
2012-02-13,0,16.5289249420166,16.5289249420166,16.5289249420166,16.5289249420166,9.618085861206056,0,7.352629227140025,0.0,0.0127527892480385,0.018410039608477,0.0178136670608477,0.0452101077684339,0.0780943684275405,0,1,1
2012-02-14,0,17.052568435668945,17.052568435668945,16.765703201293945,16.838558197021484,9.798262596130373,13210501,7.047698081528289,0.0185598138974678,0.0251939732345191,0.0347282230660634,0.0178152848098156,0.0451805341001345,0.0780319975398114,1,1,1
2012-02-15,0,17.029802322387695,17.070781707763672,16.55169105529785,16.574459075927734,9.644593238830566,16904205,6.359038896904996,-0.0158076116499213,0.0,0.0253787387503015,0.017811546187538,0.0451371564796573,0.0779627018349293,-1,0,1
2012-02-16,0,16.437856674194336,16.615440368652344,16.25116539001465,16.615440368652344,9.668429374694824,13940062,6.4408152488035695,0.0024684016007285,-0.0192702602319167,0.0211094140516513,0.017794989123471,0.0451014878446348,0.0778911070553319,1,-1,1
2012-02-17,0,16.647314071655273,16.77936363220215,16.44240951538086,16.692848205566406,9.71346950531006,10640127,5.942081886785717,0.0046476572774406,-0.0078799699660405,0.0257570713290919,0.0177793236797921,0.0450595376636968,0.0778224221747519,1,-1,1
2012-02-23,0,16.396875381469727,16.574459075927734,16.34678840637207,16.437856674194336,9.565095901489258,10733683,5.911588149494894,-0.0153929019439791,-0.0055246408182631,-0.0172317039394097,0.0177749570255565,0.0450170764019842,0.0777497125402815,-1,-1,-1
2012-02-24,0,16.487943649291992,16.60177993774414,16.301254272460938,16.392322540283203,9.538599967956545,10978114,5.398315635618642,-0.0027739083267809,-0.0082985491450441,-0.0257054948267713,0.017758556254186,0.044975496989681,0.0776818743731641,-1,-1,-1
2012-02-27,0,16.355894088745117,16.36955451965332,16.160097122192383,16.214738845825195,9.435267448425291,9329464,4.713297615576448,-0.0108921959740919,-0.037750559016604,-0.0406485703229796,0.0177479770305417,0.0449621285169512,0.0776268248873552,-1,-1,-1
2012-02-28,0,16.255720138549805,16.66552734375,16.214738845825195,16.656421661376953,9.69227123260498,15965132,4.56519916884418,0.0268742629337701,0.0049313155670875,0.0052738017301817,0.0177698454351572,0.0449200711848994,0.0775511525395452,1,1,0
2012-02-29,0,16.711061477661133,16.893199920654297,16.670080184936523,16.756595611572266,9.750566482543944,17461588,4.749682174863912,0.0059965963282022,0.008459510294561,0.0295689243462123,0.017755118978154,0.0448791991720207,0.0774862043748485,1,1,1
2012-03-01,0,16.69740104675293,17.029802322387695,16.629100799560547,16.938732147216797,9.969355583190918,16937148,5.4464548768338,0.022190562201397,0.0260024152185173,0.0362121227942342,0.0177645853056736,0.0448515040643421,0.0774268544516284,1,1,1
2012-03-02,0,16.97060775756836,17.28934669494629,16.97060775756836,17.166404724121094,10.103352546691896,14239177,5.505973576626952,0.0133513577877979,0.0547466749502945,0.0548115840882427,0.0177573878430575,0.0448730815867847,0.0773886993444109,1,1,1
2012-03-05,0,17.070781707763672,17.12087059020996,16.7702579498291,16.915966033935547,9.955962181091309,13517962,5.388574701642106,-0.0146957181915031,0.0428248650855723,0.057152852443283,0.0177521344295192,0.044869811085089,0.0773537859907563,-1,1,1
2012-03-06,0,16.62454605102539,16.715614318847656,16.287593841552734,16.34678840637207,9.62096881866455,16314759,5.480122673136814,-0.0342266174856877,0.0194904435739763,0.0336877491813193,0.0177967526992277,0.0448357629477368,0.0772925106697832,-1,1,1
2012-03-07,0,16.524372100830078,16.688295364379883,16.392322540283203,16.688295364379883,9.82196044921875,13939842,5.618625242072149,0.0206757724468797,0.0132919530870861,0.0376425158878694,0.017802707520171,0.0447974877979983,0.077234833068903,1,1,1
2012-03-08,0,16.834003448486328,17.293899536132812,16.783916473388672,17.221044540405273,10.13551902770996,26406287,6.299388151688965,0.0314252491549786,0.0387206059138626,0.0690677650428481,0.0178377177342301,0.0447871014857394,0.0772185568651147,1,1,1
2012-03-09,0,17.275686264038086,17.594425201416016,17.16185188293457,17.494251251220703,10.29631233215332,26338646,6.986350621272868,0.0157398151148746,0.0322698588273402,0.080893324419612,0.0178340399075567,0.0447670654550691,0.0772239505314355,1,1,1
2012-03-12,0,17.348541259765625,17.435056686401367,17.166404724121094,17.21649169921875,10.132835388183594,13295931,7.179056922829422,-0.0160046259117437,0.0029138751277986,0.0587700685968811,0.0178308523327064,0.0447254673785787,0.0771911629134238,-1,0,1
2012-03-13,0,17.271133422851562,17.51246452331543,17.262025833129883,17.41684341430664,10.250757217407228,16636495,7.244248818374599,0.0115703985120986,0.0291799918314003,0.060954105524382,0.017821316783784,0.0447015530338364,0.0771615142779426,1,1,1
2012-03-14,0,17.3439884185791,17.580766677856445,17.307559967041016,17.485143661499023,10.2909517288208,12311397,7.064479603956277,0.0039134584972992,0.0673200678143873,0.0431289021890357,0.0178056820584548,0.0447539725471016,0.077109341155976,1,1,1
2012-03-15,0,17.262025833129883,17.580766677856445,17.189170837402344,17.517017364501953,10.309714317321776,15017273,7.006590098336391,0.0018215521427205,0.0484658475102283,0.051693087320192,0.0177894752393199,0.0447607659133955,0.077067027511782,1,1,1
2012-03-16,0,17.517017364501953,17.731029510498047,17.453269958496094,17.57621192932129,10.344552040100098,16317833,7.109494102281768,0.0033734198265008,0.0204140181817501,0.0728147382384491,0.0177737232443763,0.0447277175758764,0.0770565098577997,1,1,1
2012-03-19,0,17.57621192932129,17.57621192932129,17.57621192932129,17.57621192932129,10.344552040100098,0,6.554129470866826,0.0,0.0046742030668754,0.0728147382384491,0.0177574395471031,0.0446867607625278,0.0770457916134315,0,1,1
2012-03-20,0,17.3303279876709,17.40773582458496,17.180065155029297,17.26658058166504,10.162312507629396,12551656,6.432768832901269,-0.0177739829213476,0.0029048460572715,0.0364809414196336,0.0177575051886821,0.0446456600125387,0.0769874506564157,-1,0,1
2012-03-21,0,17.180065155029297,17.334880828857422,17.084442138671875,17.166404724121094,10.103352546691896,9727187,6.273322741779885,-0.0058187211850702,-0.0144842736398972,0.0464698318844846,0.0177430355155295,0.0446090246292083,0.0769390015320813,-1,-1,1
2012-03-22,0,16.988821029663086,17.075336456298828,16.619993209838867,16.688295364379883,9.82196044921875,9727187,5.563143282096504,-0.0282465632303111,-0.0466442953675075,0.0157548670534449,0.0177677171464622,0.044613262282917,0.0768684939565605,-1,-1,1
2012-03-23,0,16.742935180664062,16.742935180664062,16.45151710510254,16.5289249420166,9.728161811828612,19473481,5.225801449930097,-0.0095957821518684,-0.0580616296620967,0.0015114276241357,0.0177562061312872,0.0446419280470771,0.076795806479375,-1,-1,0
2012-03-26,0,16.619993209838867,16.82489776611328,16.615440368652344,16.820344924926758,9.899680137634276,11544940,5.141479076690224,0.0174774885859909,-0.0439575609026064,0.0343818181541057,0.0177558121001363,0.0446407266579593,0.0767363101381225,1,-1,1
2012-03-27,0,16.847665786743164,17.0434627532959,16.715614318847656,16.834003448486328,9.907722473144531,12974195,4.968198542265029,0.0008120535650471,-0.0431455073375594,0.0379677800459338,0.0177397590296013,0.0446379398638648,0.07667995511365,0,-1,1
2012-03-28,0,16.752042770385742,16.80213165283203,16.292146682739258,16.392322540283203,9.64776611328125,16070766,5.085189455531343,-0.0265881031526948,-0.0519596275689066,0.0222718728673309,0.0177595582484158,0.0446520915070119,0.0766128955091697,-1,-1,1
2012-03-29,0,16.324020385742188,16.33768081665039,16.00983428955078,16.223846435546875,9.54861545562744,19894703,5.230207988288661,-0.0103302321871537,-0.05647113857099,-0.0149326222535928,0.0177488451894771,0.0446759085441926,0.0765445070850228,-1,-1,-1
2012-03-30,0,16.383216857910156,16.392322540283203,15.768503189086914,15.905105590820312,9.361016273498535,21995320,5.3832930457831925,-0.0198423046899093,-0.0480668800305883,-0.0407715232717044,0.0177525843618565,0.0446816534162497,0.0764951424073188,-1,-1,-1
2012-04-02,0,15.950639724731444,16.201078414916992,15.82769775390625,16.073583602905273,9.464240074157717,13052817,5.893062438364706,0.0109666326222392,-0.0275044652564807,-0.0519954528508624,0.0177428600092774,0.0446560163316916,0.0764590738509118,1,-1,-1
2012-04-03,0,16.02804946899414,16.18741798400879,15.777609825134276,15.823144912719728,9.316779136657717,12460076,5.845747473356704,-0.0157035106729385,-0.0606854645154102,-0.0810503213115988,0.0177391893206407,0.0446890715054994,0.0764713512018014,-1,-1,-1
2012-04-04,0,15.700201988220217,15.76395034790039,15.335927963256836,15.335927963256836,9.02991008758545,21780098,6.251776750199097,-0.0312745724720066,-0.0927720905524638,-0.0976291755921022,0.017772101388685,0.0448202839384178,0.0765199231192279,-1,-1,-1
2012-04-05,0,15.31316089630127,15.481637954711914,14.967101097106934,15.02629566192627,8.84758186340332,24979668,6.76952937831919,-0.0203982243907917,-0.0865822117905606,-0.0838007824972062,0.0177766835948523,0.0449279458743808,0.0765369469784,-1,-1,-1
2012-04-09,0,14.889693260192873,14.894246101379396,14.693896293640137,14.798624038696287,8.713532447814941,13788967,6.483600613853326,-0.0152669149433758,-0.0915188945467827,-0.1197434698874618,0.0177721256694668,0.045051818616264,0.0766431509764706,-1,-1,-1
2012-04-10,0,14.798624038696287,15.090043067932127,14.224892616271973,14.498098373413086,8.536574363708496,32682665,7.163266158088509,-0.0205174720115291,-0.0921940618684026,-0.1716861910539698,0.0177768057929932,0.0451767587748781,0.0769315910779254,-1,-1,-1
2012-04-11,0,14.498098373413086,14.498098373413086,14.498098373413086,14.498098373413086,8.536574363708496,0,6.632824025268468,0.0,-0.1031606944906418,-0.1874260061688444,0.0177609878060666,0.0453421619908973,0.0772843645145982,0,-1,-1
2012-04-12,0,14.68934154510498,15.008082389831545,14.402477264404297,15.008082389831545,8.836861610412598,22331551,6.807350298914457,0.034571993212378,-0.0528851906053253,-0.1368493870447228,0.0178058790657493,0.0453538871076616,0.0774374163377966,1,-1,-1
2012-04-13,0,14.775856971740724,14.857818603515623,14.397923469543455,14.425244331359863,8.493681907653809,25050384,6.901447807094172,-0.039609210041731,-0.0612198281750498,-0.1880289955985524,0.0178670021056233,0.0453836156311459,0.0777856996084596,-1,-1,-1
2012-04-16,0,14.570953369140623,14.61648654937744,14.261320114135742,14.320514678955078,8.432023048400879,17565686,6.662999930561128,-0.0072858568868511,-0.0481074606711092,-0.1992283109827028,0.0178535884921895,0.0453856324759221,0.0781804953357695,-1,-1,-1
2012-04-17,0,14.54818630218506,14.54818630218506,14.243106842041016,14.343281745910645,8.445425987243652,14626578,6.662969758341909,0.0015882662873964,-0.031252279440337,-0.199461596838027,0.0178379911006468,0.0453623540830068,0.0785712590796391,0,-1,-1
2012-04-18,0,14.311408042907717,14.461670875549316,14.079183578491213,14.25676727294922,8.394481658935547,23511981,6.998386015758541,-0.0060504469255023,-0.0167852543543102,-0.2088854635900302,0.0178238739518011,0.0453264358169618,0.0790013326617171,-1,-1,-1
2012-04-19,0,14.18391227722168,14.44801139831543,14.14748477935791,14.361495971679688,8.456148147583008,18434043,6.830059860508143,0.007319223631411,-0.0094660307228992,-0.2015662399586191,0.0178110665836441,0.0452873353743304,0.0793914031841773,1,-1,-1
2012-04-20,0,14.557292938232422,14.857818603515623,14.434350967407228,14.675682067871094,8.641139030456543,24342126,6.7860465728200525,0.0216406381229234,-0.0223973858123537,-0.1621516189143481,0.0178191653492323,0.045255512275014,0.0796141492960997,1,-1,-1
2012-04-23,0,14.347834587097168,14.534525871276855,14.261320114135742,14.47533130645752,8.523178100585938,20309555,7.004551250389372,-0.013745118567064,0.0034667056623132,-0.1700780162963418,0.0178124410120832,0.0452159830904584,0.0798640289668086,-1,0,-1
2012-04-24,1,14.320514678955078,14.639254570007324,14.22033977508545,14.320514678955078,8.432023048400879,33166037,7.007269751976956,-0.0107525625491645,0.0,-0.1525840156151952,0.0178021968820604,0.0451760831404577,0.0800479924482408,-1,0,-1
2012-04-25,0,13.8196382522583,13.89249324798584,13.459918022155762,13.478132247924805,7.9360198974609375,71161409,9.33767282970623,-0.0606248480194275,-0.0622131143068241,-0.2036130814827544,0.0179641359943217,0.0452074297166728,0.0804319903512971,-1,-1,-1
2012-04-26,0,13.364295959472656,13.56464672088623,13.209480285644531,13.482685089111328,7.938695430755615,38402537,9.7813775975849,0.0003370811085041,-0.0558255862728176,-0.2207534889602413,0.0179484820901901,0.0452242118721467,0.0808913807858,0,-1,-1
2012-04-27,0,13.59196662902832,13.660268783569336,13.432597160339355,13.523666381835938,7.962832927703857,19756345,9.5525476460582,0.0030358736522404,-0.0601089362519881,-0.2185296688730479,0.0179334222549147,0.0452500315125316,0.081333951160424,1,-1,-1
2012-04-30,0,13.546433448791504,13.683035850524902,13.414383888244627,13.660268783569336,8.043266296386719,14452423,9.421037236181563,0.0100504244801208,-0.0716991498947907,-0.1818911412402322,0.0179231328345022,0.045304126138231,0.0816118790797064,1,-1,-1
2012-05-02,0,13.56464672088623,13.742230415344238,13.295994758605955,13.314208030700684,7.8434157371521,14452423,9.379065099908832,-0.0251608362206269,-0.0831148675483536,-0.1967217452737054,0.017937203948705,0.0453907232323153,0.0819469538487864,-1,-1,-1
2012-05-03,0,13.387063026428224,13.409830093383787,13.068324089050291,13.295994758605955,7.832684993743896,32123305,9.602890892582652,-0.0013690579396603,-0.0737313629388494,-0.1782484985234564,0.0179216948336047,0.045449006756427,0.0822041540274559,0,-1,-1
2012-05-04,0,13.34152889251709,13.482685089111328,12.918061256408691,13.113858222961426,7.725391387939453,46917230,10.455317984138002,-0.0137928756947413,-0.0268993906141632,-0.2030080068404369,0.0179147719339707,0.0454207884902358,0.0825584694458208,-1,-1,-1
2012-05-07,0,13.15939235687256,13.218586921691896,12.94993495941162,13.204925537109377,7.77903938293457,18678255,10.186909380012812,0.0069203713306027,-0.0203161003920646,-0.1803841248368957,0.0179019255493142,0.0453872872452474,0.0828173081307563,1,-1,-1
2012-05-08,0,13.15483856201172,13.295994758605955,12.977254867553713,13.22769260406494,7.792448997497559,24218483,10.25136286641725,0.0017223296258201,-0.0216296444184849,-0.147387222739069,0.0178867148925457,0.0453547840545567,0.0829606945450713,0,-1,-1
2012-05-09,0,13.05921745300293,13.173051834106444,12.931720733642578,13.031895637512209,7.677113056182861,24423823,9.871094572112607,-0.0149116152151783,-0.0465916841137841,-0.1419006135634556,0.0178813603358561,0.0453524479106353,0.0830861831277331,-1,-1,-1
2012-05-10,0,13.295994758605955,13.550986289978027,12.977254867553713,13.036450386047363,7.67978572845459,32977168,8.585763509602513,0.0003480744825102,-0.0210827734106469,-0.1262856241375695,0.0178660245714411,0.045319622723019,0.0831674861691858,0,-1,-1
2012-05-11,0,12.79511833190918,13.350635528564451,12.79511833190918,13.209480285644531,7.78171968460083,20764598,7.994508711251345,0.0131857060869621,-0.0065280093840243,-0.0925824460390781,0.0178596471057578,0.0452806853311203,0.0831734824756953,1,-1,-1
2012-05-14,0,12.931720733642578,13.068324089050291,12.86797332763672,12.931720733642578,7.618093013763428,22257760,8.045038798475199,-0.0212512751993612,-0.0139864088886442,-0.1138337212384393,0.0178650544398688,0.045244001847797,0.0832231120165595,-1,-1,-1
2012-05-15,0,12.931720733642578,13.27322769165039,12.886186599731444,12.968148231506348,7.639554977416992,28995548,8.479430745102416,0.0028132747355365,-0.0180935054837104,-0.1455924397152809,0.0178503001163864,0.0452094928864153,0.0833553118189261,1,-1,-1
2012-05-16,0,12.968148231506348,12.968148231506348,12.968148231506348,12.968148231506348,7.639554977416992,0,8.011663661012854,0.0,-0.0198158351095306,-0.1059832296735498,0.0178350741720748,0.0451761241164568,0.0833861642837266,0,-1,-1
2012-05-17,0,12.745031356811523,12.79056453704834,12.17129898071289,12.317008972167969,7.255964756011963,35555009,8.037966761006562,-0.0515154968716208,-0.0564197167659732,-0.1502128696583195,0.0179437189092761,0.0451919826542047,0.083529882135706,-1,-1,-1
2012-05-18,0,12.385310173034668,12.581107139587402,12.266921043395996,12.380757331848145,7.293518543243408,23797920,7.258536010206785,0.0051622273939619,-0.0516055638545216,-0.1466389085517541,0.017930009913227,0.0451982637014335,0.083661453623311,1,-1,-1
2012-05-21,0,12.380757331848145,12.380757331848145,12.380757331848145,12.380757331848145,7.293518543243408,0,6.658957540983829,0.0,-0.0647912699414838,-0.1405884616262518,0.0179147975759385,0.0452319177487901,0.0837743374636297,0,-1,-1
2012-05-22,0,13.04555606842041,13.22769260406494,12.931720733642578,13.004575729370115,7.661010265350342,24895776,6.667233281059974,0.0491577805078836,0.005617785765761,-0.0987499047497792,0.0180160593691513,0.0451946554378599,0.0837878441191049,1,1,-1
2012-05-23,0,12.954487800598145,13.027342796325684,12.380757331848145,12.98636245727539,7.65027904510498,34122680,6.9707121705061,-0.0014017398254188,0.0014027712048058,-0.1217922826981214,0.0180008511813268,0.0451564462316569,0.0838503786159699,0,0,-1
2012-05-24,0,12.968148231506348,13.022789001464844,12.667621612548828,12.804224967956545,7.542982578277588,26643032,6.754937948379315,-0.0141244524429818,-0.012721681238176,-0.1221716165740392,0.0179943710713356,0.045119742142145,0.0839130751958601,-1,-1,-1
2012-05-25,0,12.72681713104248,13.113858222961426,12.72681713104248,12.959040641784668,7.634195327758789,17148637,6.628384913983938,0.0120198693359121,0.050813684969357,-0.0993991846889625,0.0179865292079997,0.0451359186724213,0.0839264174053321,1,1,-1
2012-05-28,0,13.000021934509276,13.113858222961426,12.959040641784668,12.995469093322754,7.655650615692139,11678466,6.297622075848736,0.0028064771999773,0.0484579347753724,-0.0359678594695576,0.017971887301449,0.0451472005817321,0.0838611306204364,1,1,-1
2012-05-29,0,13.022789001464844,13.15028476715088,12.79511833190918,12.872526168823242,7.583224296569824,25722187,6.1884510372669554,-0.0095055395992427,0.0389523951761295,-0.0458104801773046,0.0179605896220775,0.0451416888318558,0.0838026498630874,-1,1,-1
2012-05-30,0,12.521912574768066,12.836098670959473,12.46727180480957,12.804224967956545,7.542982578277588,30383076,7.134162391521175,-0.0053208069366466,-0.0155261922684006,-0.0541671607661917,0.0179466055265803,0.0451065232644576,0.083751491873809,-1,-1,-1
2012-05-31,0,12.817885398864746,13.34152889251709,12.72226333618164,13.34152889251709,7.859513759613037,35605301,7.2243452209552945,0.041107070668368,0.0269826182253862,-0.0231105145779443,0.0180120946498692,0.045085005251553,0.0836809865418676,1,1,-1
2012-06-01,0,13.08198356628418,13.387063026428224,13.000021934509276,13.013683319091797,7.670310497283935,25466335,7.314155281151423,-0.0243676452782605,0.0167394253901074,-0.0223173236355779,0.0180235923600403,0.0450540739072682,0.0836104249742913,-1,1,-1
2012-06-04,0,13.000021934509276,13.104750633239746,12.817885398864746,12.817885398864746,7.5548996925354,15113465,7.785324060814259,-0.0151607779322763,-0.0104412218780809,-0.036109043628194,0.0180185297433595,0.0450172465675878,0.0835459487608022,-1,-1,-1
2012-06-05,0,12.886186599731444,12.954487800598145,12.612980842590332,12.622088432312012,7.439502716064453,14122342,7.431831686907157,-0.0153923112998438,-0.0286400103779021,-0.0377084792332966,0.0180137656053342,0.044991917774345,0.0834825555961846,-1,-1,-1
2012-06-06,0,12.65851593017578,13.163945198059082,12.417183876037598,13.15028476715088,7.750818729400635,33329870,7.420631313426002,0.0409944729162767,0.0218600021376175,-0.0036343776476224,0.0180781129224901,0.0449654633457367,0.0834108104626435,1,1,0
2012-06-08,0,13.104750633239746,13.30965518951416,12.990915298461914,13.072876930236816,7.705193042755127,19056432,7.197244569122253,-0.005903957611854,0.0212768514624101,-0.0112606648852966,0.0180644584788717,0.0449385168963552,0.0833390712975602,-1,1,-1
2012-06-11,0,13.250460624694824,13.428044319152832,13.08198356628418,13.204925537109377,7.783025741577148,19231026,7.274656093182154,0.0100506527055063,-0.0097795665004517,0.013701603035388,0.0180545358214066,0.0449018602654783,0.0832725606633807,1,-1,1
2012-06-12,0,13.359743118286133,13.432597160339355,13.15028476715088,13.432597160339355,7.917213439941406,15032646,7.396843993481541,0.0170941301430098,0.0316822089208186,0.0304476586958876,0.0180536614335688,0.044886324670908,0.0832167611878282,1,1,1
2012-06-13,0,13.332422256469728,13.614733695983888,13.204925537109377,13.455365180969238,7.930635929107666,25058291,7.411992728397347,0.0016939197317176,0.0485369065848126,0.0189558723406429,0.0180389373156636,0.0448974790989664,0.0831532228033504,0,1,1
2012-06-14,0,13.478132247924805,13.60562801361084,13.291440963745115,13.464470863342283,7.936001300811768,16312562,7.000486024439352,0.0006763086381645,0.0646055265228211,0.0408834561781688,0.0180241011299574,0.0449435670165517,0.0831070986977695,0,1,1
2012-06-15,0,13.537325859069824,13.751337051391602,13.396169662475586,13.751337051391602,8.105080604553223,19108261,6.48481008327604,0.0210815662833528,0.044692619889897,0.059151747725985,0.0180303166751996,0.0449472455793385,0.083082888870857,1,1,1
2012-06-18,0,13.751337051391602,13.751337051391602,13.751337051391602,13.751337051391602,8.105080604553223,0,5.678757914029604,0.0,0.050596577501751,0.059151747725985,0.0180154892239717,0.0449616516676144,0.083058595830332,0,1,1
2012-06-19,0,13.728569984436035,13.969901084899902,13.619288444519045,13.878832817077637,8.180229187011719,15963814,5.746461470763016,0.0092290680155682,0.049774992811813,0.1198963126131742,0.0180048861771396,0.0449742506447679,0.083155413471875,1,1,1
2012-06-20,0,13.878832817077637,13.906152725219728,13.455365180969238,13.683035850524902,8.06482219696045,22986443,6.077896698349535,-0.0142085031142315,0.0184723595545715,0.1005255821049809,0.0179988525280183,0.0449449127406925,0.0832046302322554,-1,1,1
2012-06-21,0,13.705802917480469,13.705802917480469,13.145731925964355,13.145731925964355,7.748133182525635,12583719,5.414214549786328,-0.0400597304050452,-0.0232812905821912,0.0604658516999355,0.0180555181382211,0.0449159911095506,0.0831813911522136,-1,-1,1
2012-06-22,0,13.195818901062012,13.223139762878418,12.749584197998049,12.872526168823242,7.587108135223389,17211447,5.347165324403304,-0.0210014257221237,-0.0449590249424795,-0.0096933545300717,0.0180598643711521,0.0449124655504737,0.0831110321922626,-1,-1,-1
2012-06-25,0,12.631195068359377,12.75869083404541,12.362543106079102,12.385310173034668,7.299941539764404,10989095,5.060554626038618,-0.038584169082024,-0.1046247603078563,-0.0468757837866769,0.0181105516944355,0.0450667742229649,0.0830564609699665,-1,-1,-1
2012-06-26,0,12.50825309753418,12.549233436584473,12.248706817626951,12.367095947265623,7.28920841217041,19462061,5.154830511220576,-0.0014713851822439,-0.1060961454901004,-0.0342227165259391,0.0180958369844037,0.0452249192519217,0.0829935485327811,0,-1,-1
2012-06-27,0,12.339776039123535,12.749584197998049,12.271474838256836,12.526466369628906,7.383142471313477,15837755,4.817298735748409,0.0128044024138875,-0.102520811091781,-0.0334381834479637,0.018089108216356,0.0453682479348675,0.0829303613068748,1,-1,-1
2012-06-28,0,12.385310173034668,12.517358779907228,12.257814407348633,12.408077239990234,7.313360691070557,15112147,4.739159271225808,-0.009496450127774,-0.0978087581053235,-0.0457411107757149,0.0180780351533814,0.0454935928877928,0.0828752435447096,-1,-1,-1
2012-06-29,0,12.86341953277588,12.881632804870604,12.65851593017578,12.881632804870604,7.592474937438965,19148890,4.700012940467327,0.0374547099946926,-0.0202943177055855,0.0012191388182204,0.0181278905691428,0.0454618207579766,0.0828065159579873,1,-1,0
2012-07-02,0,12.82699203491211,12.922614097595217,12.644854545593262,12.922614097595217,7.620667934417725,12138779,5.081738992980034,0.0037064043230486,0.0044135123395869,0.0102463500779156,0.0181139954991228,0.0454256980191984,0.0827404303771885,1,0,1
2012-07-03,0,12.94993495941162,13.350635528564451,12.886186599731444,13.182159423828123,7.7737274169921875,13925787,4.989584001107525,0.0198857471053351,0.0628834285269461,-0.0109749734851172,0.0181177969198795,0.0454662447110347,0.0826713233824464,1,1,-1
2012-07-04,0,13.15939235687256,13.26867389678955,13.00912857055664,13.259567260742188,7.819376468658447,6174475,4.423834108765443,0.0058550475147329,0.070209861223923,0.0192477193078763,0.0181049363668893,0.0455245033602662,0.0826096602873472,1,1,1
2012-07-05,0,13.332422256469728,13.60107421875,13.173051834106444,13.409830093383787,7.907984733581543,21786686,4.732450002467113,0.0112681588909076,0.0686736177009429,0.0456766561310603,0.0180964220193419,0.045578249407118,0.0825695474928302,1,1,1
2012-07-06,0,13.209480285644531,13.318761825561523,13.01823616027832,13.318761825561523,7.854288101196289,16600258,4.731616855704379,-0.0068133372225468,0.0713567306061701,0.0542556302083573,0.01808369442197,0.0456383745612132,0.0825394023073229,-1,1,1
2012-07-10,0,13.364295959472656,13.432597160339355,12.72226333618164,12.72226333618164,7.502519607543945,19283075,4.99757877869487,-0.0458207257838607,-0.0119187051723833,-0.0325595684917803,0.0181603875483333,0.0456030121332608,0.0824771075346129,-1,-1,-1
2012-07-11,0,12.79511833190918,13.09109115600586,12.599321365356444,12.776905059814451,7.534740447998047,20145942,5.0385609853161615,0.0042854735034369,-0.0113396359919949,-0.0223701373764893,0.0181468328105059,0.0455675444332253,0.0824108838379208,1,-1,-1
2012-07-12,0,12.594767570495604,12.968148231506348,12.544679641723633,12.908953666687012,7.612617015838623,20781728,5.208866245607339,0.0102826191561662,-0.0209427639411639,-0.0221381709258293,0.0181374074276119,0.0455367873761382,0.0823447510307084,1,-1,-1
2012-07-13,0,13.04555606842041,13.27322769165039,12.931720733642578,13.27322769165039,7.827433586120605,19343689,5.377603117577007,0.0278276850398531,0.0010298735839561,-0.0114046160289862,0.0181580879515212,0.0455003340490641,0.0822768114279987,1,0,-1
2012-07-16,0,13.27322769165039,13.27322769165039,13.27322769165039,13.27322769165039,7.827433586120605,0,4.777659095977315,0.0,-0.0102382853069513,-0.0130985357607038,0.0181436095480477,0.0454647904227295,0.0822091960133965,0,-1,-1
2012-07-17,0,13.332422256469728,13.414383888244627,13.068324089050291,13.15939235687256,7.760308265686035,13341830,4.8231791704260605,-0.0086126311308102,-0.0120375792152148,-0.0223874755296787,0.0181321060269081,0.0454298749879146,0.0821436231074496,-1,-1,-1
2012-07-18,0,13.204925537109377,13.478132247924805,13.068324089050291,13.473578453063965,7.945580005645752,13902947,4.832305813282872,0.0235937415570508,0.0573768881256968,-0.0198753002559805,0.0181429427002043,0.0454567361365486,0.0820775306179884,1,1,-1
2012-07-19,0,13.523666381835938,13.751337051391602,13.523666381835938,13.73312282562256,8.098641395568848,14053822,5.102742626990305,0.0190805187454999,0.0721719333677597,-0.0007947815104807,0.0181450970889734,0.0455182218477415,0.0820105924126986,1,1,0
2012-07-20,0,13.628395080566406,13.783210754394531,13.52821922302246,13.683035850524902,8.069104194641113,22625176,5.145147232000751,-0.0036538469293108,0.0582354672822827,-0.0136776964553598,0.0181311875993337,0.0455461625134535,0.0819437012029657,-1,1,-1
2012-07-23,0,13.478132247924805,13.51911163330078,13.072876930236816,13.295994758605955,7.840856552124023,21545768,5.304241290121199,-0.0286943892469183,0.0017133929955111,-0.0281635825880467,0.0181518017954997,0.0455101025495116,0.0818807955976518,-1,0,-1
2012-07-24,0,13.660268783569336,13.833298683166504,13.52821922302246,13.746784210205078,8.106703758239746,34788992,5.871028476454448,0.0333432613681732,0.0350566543636844,0.0452394091851717,0.0181869197392006,0.0454981724949274,0.0818418423729293,1,1,1
2012-07-25,0,13.88338565826416,13.947134017944336,13.683035850524902,13.842406272888184,8.163090705871582,19905464,5.915164328483497,0.0069315163777387,0.0506008018722335,0.0731723512850345,0.0181748706615833,0.0455106118996414,0.0818400768737475,1,1,1
2012-07-26,0,13.983562469482422,14.325068473815918,13.906152725219728,14.224892616271973,8.38864517211914,30491346,6.317820668349889,0.0272561659286774,0.0542632262438603,0.139012686295736,0.0181934969062378,0.0455298074479718,0.0819865873248091,1,1,1
2012-07-27,0,14.343281745910645,14.935227394104004,14.284088134765623,14.753089904785156,8.700132369995117,32199292,6.849013572822329,0.0364592143201956,0.071641921818556,0.1769432857981756,0.0182374344646734,0.0455879633017505,0.0822554730007725,1,1,1
2012-07-30,0,14.753089904785156,15.162898063659668,14.61648654937744,15.158345222473145,8.93912124633789,25569554,7.792209114735745,0.0270990492743561,0.1023948180222229,0.1912379326586442,0.0182552318400773,0.045740104544503,0.0825751584901599,1,1,1
2012-07-31,0,15.276734352111816,15.276734352111816,14.589166641235352,14.784963607788086,8.718924522399902,24362770,8.24150622203216,-0.02494139403373,0.1061478132354112,0.175792988752688,0.0182671627590808,0.0459043451526348,0.0828339831685473,-1,1,1
2012-08-01,0,14.789518356323242,14.871479034423828,14.434350967407228,14.675682067871094,8.65848445892334,17551630,8.412771323979566,-0.0069561932114219,0.0658483586558161,0.1313820855465735,0.0182547958377248,0.0459460722670663,0.0829518963891176,-1,1,1
2012-08-02,0,14.297747611999512,14.566399574279783,14.229446411132812,14.297747611999512,8.508736610412598,19256721,8.619235479059949,-0.0174462303628455,0.0414706119152317,0.1102294508606793,0.0182531735155777,0.0459414245407659,0.0830165144596019,-1,1,1
2012-08-03,0,14.69844913482666,14.871479034423828,14.593720436096191,14.73032283782959,8.766168594360352,18865367,8.54830923664127,0.029806362416977,0.0440208084035313,0.1201500661723212,0.0182775270029936,0.0459405383569227,0.0831037417039412,1,1,1
2012-08-06,0,14.73943042755127,15.2084321975708,14.69844913482666,15.06272315979004,8.963982582092285,17919705,8.514037048076098,0.0223147782712364,0.029876372354572,0.1366097969288246,0.0182849098804819,0.0459210739379105,0.0832327575427514,1,1,1
2012-08-07,0,15.06272315979004,15.06272315979004,15.06272315979004,15.06272315979004,8.963982582092285,0,7.350259680741507,0.0,0.0027773230802158,0.1253416380379171,0.0182706874858642,0.045885350721674,0.0833309127880552,0,0,1
2012-08-08,0,15.06272315979004,15.06272315979004,15.06272315979004,15.06272315979004,8.963982582092285,0,6.679741301760835,0.0,0.027718717113946,0.1321549752604639,0.0182564982271589,0.0458637421880374,0.0834456539134518,0,1,1
2012-08-09,0,15.53627872467041,15.549939155578612,15.24485969543457,15.395122528076172,9.161791801452637,14847730,6.185593760931834,0.0218271582275667,0.0565020685529347,0.1998028592718915,0.0182628997975485,0.0458845677294125,0.0837805860597196,1,1,1
2012-08-10,0,15.2084321975708,15.63645362854004,15.162898063659668,15.5635986328125,9.262054443359377,14847730,5.597079569020703,0.010884115115268,0.0848324140310484,0.2064015008837228,0.0182539214702661,0.0459741065740414,0.0841378909782973,1,1,1
2012-08-13,0,15.522619247436523,15.641008377075195,15.3450345993042,15.458870887756348,9.199742317199709,12670907,5.134908447526061,-0.0067504115214627,0.0482756400926085,0.1893684702060936,0.0182416574648588,0.0459793585802124,0.0844261364365619,-1,1,1
2012-08-14,0,15.458870887756348,15.458870887756348,15.458870887756348,15.458870887756348,9.199742317199709,0,4.258365213268194,0.0,0.0259608618213721,0.1615407851662405,0.0182275776405516,0.0459557972081039,0.0846173798569421,0,1,1
2012-08-15,0,15.458870887756348,15.458870887756348,15.458870887756348,15.458870887756348,9.199742317199709,0,3.631256123940234,0.0,0.0259608618213721,0.1615407851662405,0.0182135303685405,0.045932259173587,0.0848067671758534,0,1,1
2012-08-16,0,15.458870887756348,15.458870887756348,15.458870887756348,15.458870887756348,9.199742317199709,0,2.9551246123677397,0.0,0.0259608618213721,0.170153416297051,0.0181995155235846,0.0459087445230938,0.0850215695836476,0,1,1
2012-08-17,0,15.458870887756348,15.458870887756348,15.458870887756348,15.458870887756348,9.199742317199709,0,2.272693472588424,0.0,0.0041337035938054,0.1465596747400001,0.0181855329811166,0.045873606409636,0.0851633110429149,0,0,1
2012-08-20,0,15.855018615722656,15.909660339355469,15.57726001739502,15.641008377075195,9.30812644958496,11536156,2.0529484392895734,0.0117123557285724,0.0049619442071095,0.1391915117230726,0.0181775100678617,0.0458386975247053,0.085283760354924,1,1,1
2012-08-21,0,15.754842758178713,15.877785682678224,15.454317092895508,15.549939155578612,9.253931999206545,21214809,2.863068130606874,-0.0058392881929713,0.005873067535601,0.137006070459412,0.0181649573275157,0.0458040580047174,0.0853973698386686,-1,1,1
2012-08-22,0,15.481637954711914,15.700201988220217,15.35414218902588,15.60913372039795,9.28915786743164,16573245,3.4983517434174365,0.003799357157038,0.0096724246926392,0.1694998168633686,0.0181517172626619,0.0457705872164842,0.0856032800629642,1,1,1
2012-08-23,0,15.50440502166748,15.549939155578612,15.28128719329834,15.50440502166748,9.226834297180176,16875436,3.579541155694117,-0.0067318893920363,0.002940535300603,0.129424666103159,0.0181396846075993,0.0457355941472393,0.0856954587341877,-1,0,1
2012-08-24,0,15.390568733215332,15.613686561584473,15.322267532348633,15.486190795898438,9.215991020202637,12519372,3.488171528217594,-0.0011758803806194,0.0017646549199834,0.1213172693448007,0.0181258980063468,0.0457005590283683,0.0857677971774964,0,0,1
2012-08-27,0,15.477084159851074,15.527172088623049,15.131024360656738,15.25396728515625,9.07779312133789,21586617,3.815774829467881,-0.0151090148213175,-0.013344359901334,0.0789520885948057,0.0181214888201989,0.0456681630454018,0.0857602758631802,-1,-1,1
2012-08-28,0,15.249412536621094,15.304054260253906,15.140130996704102,15.25396728515625,9.07779312133789,11226938,4.236332311738484,0.0,-0.0250567156299065,0.04249287427461,0.0181077146520486,0.0456430716669874,0.085710896112961,0,-1,1
2012-08-29,0,15.31316089630127,15.376909255981444,14.812285423278809,14.885139465332031,8.858304023742676,18101546,4.8980153597858,-0.0244757879095555,-0.0436932153464907,-0.0090819629093016,0.0181186914210043,0.0456389519499362,0.0856441882964933,-1,-1,-1
2012-08-30,0,14.825944900512695,14.844159126281738,14.634700775146484,14.798624038696287,8.806817054748535,14925913,5.440445282795594,-0.0058292399536221,-0.053321812457151,0.0100301911708062,0.0181062812414679,0.0456500727560525,0.0855784188954402,-1,-1,1
2012-08-31,0,14.95799446105957,14.985315322875977,14.434350967407228,14.434350967407228,8.590036392211914,28908800,6.465173810695828,-0.0249231143321994,-0.0715130373973142,-0.0079367299499713,0.0181180493729882,0.0456982803581694,0.0855118836475242,-1,-1,0
2012-09-03,0,14.47988510131836,14.73032283782959,14.470778465270996,14.593720436096191,8.688982963562012,9574115,6.365350544618947,0.0114529245988577,-0.058884232417837,0.0209624250117319,0.0181100653750118,0.0457191173514964,0.0854498618895746,1,-1,1
2012-09-04,0,14.47988510131836,14.61648654937744,14.261320114135742,14.297747611999512,8.512765884399414,16496819,6.134732477813019,-0.0204889915926429,-0.0642642091891624,-0.029332928997888,0.0181134666070029,0.0457504990467725,0.0853902272893695,-1,-1,-1
2012-09-05,0,14.388815879821776,14.985315322875977,14.211233139038086,14.343281745910645,8.539880752563477,16215053,6.070866892327645,0.003180138730721,-0.0610840704584415,-0.0484675685384035,0.0181003146195929,0.0457750972521289,0.0853436435520797,1,-1,-1
2012-09-06,0,14.434350967407228,14.825944900512695,14.411582946777344,14.753089904785156,8.7838773727417,22065597,6.228147672679887,0.0281708800687247,-0.0084374024801611,-0.0202966884696787,0.0181202187647341,0.0457412429409678,0.0852804534998453,1,-1,-1
2012-09-10,0,15.035402297973633,15.117363929748535,14.839605331420898,14.839605331420898,8.835383415222168,20564528,6.501806263810387,0.0058465777670486,0.0032384152405097,-0.0144501107026299,0.0181081316640582,0.0457069753154165,0.085215756563025,1,0,-1
2012-09-11,0,14.885139465332031,15.090043067932127,14.844159126281738,14.998974800109863,8.930272102355957,14736386,6.236228068531757,0.0106823628740602,0.0388438924467694,-0.0255949060561364,0.0180994569467564,0.0456990785267701,0.0851548747596994,1,1,-1
2012-09-12,0,15.090043067932127,15.408782958984377,15.071829795837402,15.395122528076172,9.166135787963867,19101893,6.538184896562861,0.0260689352742659,0.0534599031221776,-0.0104100858971386,0.0181143782971524,0.0457139626562886,0.0850896946390233,1,1,-1
2012-09-13,0,15.31771469116211,15.841358184814451,15.094596862792969,15.709308624267578,9.35319709777832,23978444,6.801977169998165,0.0202024201581806,0.0941513148730013,0.0165427457825049,0.0181179072923753,0.0458288840516365,0.0850271085277721,1,1,1
2012-09-14,0,15.686541557312012,16.210186004638672,15.686541557312012,15.891446113586426,9.461644172668455,28366571,7.367081612264217,0.0115279501243141,0.1024991262665946,0.0280706959068189,0.0181099660355006,0.0459698290494759,0.0849697146901479,1,1,1
2012-09-17,0,15.977960586547852,16.132776260375977,15.600027084350586,15.709308624267578,9.35319709777832,26298237,7.357363455428976,-0.0115279501243141,0.0628002960735556,0.0165427457825049,0.0181018313606536,0.0460014449295345,0.084907393028304,-1,1,1
2012-09-18,0,15.818591117858888,15.818591117858888,15.299501419067385,15.335927963256836,9.130891799926758,21880901,7.838527096583017,-0.0240548526318705,0.0328988656746365,-0.0075121068493656,0.0181118703246718,0.0459854251578843,0.0848424461578242,-1,1,0
2012-09-19,0,15.363248825073242,15.57726001739502,15.2084321975708,15.3450345993042,9.136311531066896,20821258,8.044010952788573,0.0005933838038544,0.0228098866044307,-0.0069187230455111,0.0180984323023484,0.0459600111856438,0.0847775905233596,0,1,0
2012-09-20,0,15.258520126342772,15.35414218902588,15.117363929748535,15.231200218200684,9.068535804748535,15965132,8.070031753435533,-0.007445933294859,-0.0107049819646942,-0.0260770120689425,0.0180871780906963,0.0459272736991435,0.0847179477720962,-1,-1,-1
2012-09-21,0,15.413335800170898,15.53172492980957,15.24030590057373,15.31771469116211,9.120049476623535,19651369,8.009784420883376,0.0056644108175609,-0.025242991305314,-0.0145733130584102,0.0180751664031779,0.0459027508515922,0.0846546046978749,1,-1,-1
2012-09-24,0,15.25396728515625,15.522619247436523,15.071829795837402,15.372356414794922,9.152583122253418,20735828,8.043171665454242,0.0035609187490016,-0.0332100226806264,-0.0148117514664467,0.018062357638928,0.0458856157387951,0.0845914583331546,1,-1,-1
2012-09-25,0,15.112811088562012,15.231200218200684,14.420689582824709,14.44801139831543,8.602232933044434,60168800,9.635950292933387,-0.0620143349536826,-0.0836964075099949,-0.070094197028093,0.018204705754585,0.0459626618078116,0.0845687836309835,-1,-1,-1
2012-09-26,0,14.352389335632324,14.566399574279783,14.15659236907959,14.525419235229492,8.648320198059082,32188970,10.0621782458303,0.0053432923937672,-0.054298262484357,-0.0635750242537062,0.0181925388400416,0.0459744870918508,0.0845384507069936,1,-1,-1
2012-09-27,0,14.593720436096191,14.652915000915527,14.206679344177246,14.343281745910645,8.539880752563477,28139709,10.128345505243646,-0.0126180610260527,-0.0675097073142644,-0.0610840704584415,0.0181853383542811,0.0460116247064712,0.0845054030775985,-1,-1,-1
2012-09-28,0,14.092844009399414,14.133825302124023,13.846959114074709,13.919814109802246,8.28775691986084,38515419,10.338022265220022,-0.0299676883832789,-0.0900314624026844,-0.0910517588417204,0.0182076011318335,0.0461045694445181,0.0845120365074062,-1,-1,-1
2012-10-01,0,14.015436172485352,14.24765968322754,13.89249324798584,14.138378143310549,8.422009468078613,21551039,10.07198754106653,0.0160690980273169,-0.0796267751929283,-0.0505068729048478,0.0182050176630611,0.0461688613896433,0.0844687585878347,1,-1,-1
2012-10-02,0,14.165699005126951,14.320514678955078,14.04730987548828,14.070076942443848,8.381325721740723,13832011,9.725931333983448,-0.0048423512803327,-0.0880300452222628,-0.0495199842315584,0.0181925061874886,0.0462546904721621,0.0844246864945996,-1,-1,-1
2012-10-03,0,14.14748477935791,14.193018913269045,13.887940406799316,13.887940406799316,8.272830963134766,13025585,9.385613105184476,-0.0130293350214025,-0.0390450452899826,-0.0376262049207614,0.0181857184620368,0.0462430430296532,0.0843719308777227,-1,-1,-1
2012-10-04,0,13.942581176757812,13.988115310668944,13.751337051391602,13.910707473754885,8.286395072937012,13041177,9.234103756492711,0.0016382544457571,-0.0427500832379927,-0.0474408750738619,0.0181725705761728,0.0462359997425963,0.084326277745178,0,-1,-1
2012-10-05,0,14.138378143310549,14.24765968322754,13.947134017944336,14.019989013671877,8.351489067077637,18633454,9.136699894673011,0.0078248322591679,-0.0223071899527721,-0.0191270512220512,0.0181619474906265,0.0462088063045385,0.0842651881611467,1,-1,-1
2012-10-08,0,13.969901084899902,14.15659236907959,13.792318344116213,14.051862716674805,8.37047290802002,15979407,8.90548614796742,0.0022705289159574,0.0099310273464643,-0.0200366610368146,0.0181489667012365,0.0461769874605059,0.0842045056938299,1,1,-1
2012-10-09,0,14.070076942443848,14.070076942443848,13.619288444519045,13.705802917480469,8.164329528808594,19740313,7.4347141511922015,-0.0249357754867805,-0.0310738461676331,-0.0731433165923198,0.0181600972491849,0.0461568921008366,0.0841855068669169,-1,-1,-1
2012-10-10,0,13.705802917480469,13.837851524353027,13.34152889251709,13.387063026428224,7.974462032318115,14586828,6.76597716874492,-0.023530418146353,-0.0497619130336536,-0.1025203125057217,0.0181684332601551,0.0461597572988765,0.0842108617058381,-1,-1,-1
2012-10-11,0,13.510005950927734,13.696696281433104,13.387063026428224,13.500899314880373,8.042278289794922,16029479,6.306298611862707,0.0084682227938541,-0.0282643552183969,-0.1047344525859279,0.018158346869824,0.0461371486568257,0.0842398258088328,1,-1,-1
2012-10-15,0,13.469024658203123,13.60107421875,13.418936729431152,13.57375431060791,8.08566951751709,19075758,5.625562779277859,0.005380887008829,-0.0245217226553251,-0.1254225008513648,0.018146487438977,0.0461116483519866,0.0843094507445896,1,-1,-1
2012-10-16,0,13.719463348388672,13.783210754394531,13.478132247924805,13.619288444519045,8.112800598144531,17086047,5.448587301243843,0.0033498356084784,-0.0289967193060144,-0.142275085401067,0.018133891163464,0.0460897128481694,0.0844172795291109,1,-1,-1
2012-10-17,0,13.687588691711426,13.696696281433104,13.24135398864746,13.614733695983888,8.11008358001709,26704964,5.8639168147956005,-0.0003349611725026,-0.0316022093944745,-0.1541379966978837,0.0181207839095995,0.0460701368011405,0.0845543685772319,0,-1,-1
2012-10-18,0,13.52821922302246,13.687588691711426,13.409830093383787,13.578307151794434,8.088387489318848,17095710,5.989850984732508,-0.0026787841370245,-0.0093452180447185,-0.1452888307105941,0.0181079258261824,0.046037522415122,0.0846675619416703,-1,-1,-1
2012-10-19,0,13.578307151794434,13.60107421875,13.305102348327637,13.432597160339355,8.001585960388184,16459924,6.0874066271061285,-0.0107896226542084,0.0033955774474262,-0.1320236007329319,0.0180992272080811,0.0460045411681006,0.0847484580834393,-1,0,-1
2012-10-22,0,13.455365180969238,13.541879653930664,13.277780532836914,13.364295959472656,7.960902214050293,18597657,6.056197941351169,-0.0050974301733456,-0.0101700755197735,-0.1377144147101321,0.0180870998946031,0.0459722739324981,0.0848416096395364,-1,-1,-1
2012-10-23,0,13.000021934509276,13.141178131103516,12.836098670959473,12.940828323364258,7.708649635314941,38609415,6.732415666247429,-0.0321993092479562,-0.0477502717765589,-0.1624677906632294,0.0181143216595521,0.0459720599348969,0.084996761389655,-1,-1,-1
2012-10-24,0,12.968148231506348,13.52821922302246,12.968148231506348,13.469024658203123,8.023290634155273,33777226,7.185664498654143,0.0400056135784838,-0.0110944938065535,-0.1281265879023065,0.0181657968594512,0.0459401417878917,0.0850666262259961,1,-1,-1
2012-10-25,0,13.651162147521973,13.860618591308594,13.473578453063965,13.660268783569336,8.13720703125,19481607,7.3598190939181265,0.0140983633448536,0.0033388307108028,-0.1175891433064545,0.0181609878195486,0.0459074266892195,0.0851142644221023,1,0,-1
2012-10-26,0,13.514558792114258,13.628395080566406,13.459918022155762,13.473578453063965,8.02599811553955,14499641,7.308074868873345,-0.0137609675322183,-0.007743352684391,-0.0693357758849902,0.0181551063940519,0.0458748639206007,0.0850874486512844,-1,-1,-1
2012-10-29,0,13.432597160339355,13.523666381835938,13.259567260742188,13.478132247924805,8.028715133666992,6964650,6.902342878619535,0.000338469845111,0.0033847398149284,-0.0743405984336465,0.0181421516438002,0.0458422983952291,0.0850663841041319,0,0,-1
2012-10-30,0,13.57375431060791,13.683035850524902,13.510005950927734,13.642054557800291,8.126358985900879,6091461,6.534611129997051,0.0120884671372906,0.0205706371255645,-0.0496340702703031,0.0181352683440247,0.0458173062960191,0.0850209680464958,1,1,-1
2012-10-31,0,13.660268783569336,13.660268783569336,13.400723457336426,13.514558792114258,8.050411224365234,13237952,6.080658924348297,-0.0093898001348056,0.0433801462387153,-0.0290561820218297,0.0181255778535225,0.0458165409441666,0.0849634611998465,-1,1,-1
2012-11-01,0,13.432597160339355,14.11561107635498,13.432597160339355,14.11561107635498,8.412701606750488,24974178,6.377040232185518,0.0440194859270844,0.0473940185873158,-0.0011057941220621,0.0181896390318519,0.0458216083954754,0.0849012905255822,1,1,0
2012-11-05,0,14.024541854858398,14.161145210266112,13.933473587036133,14.101950645446776,8.404565811157227,16788249,6.415798334233257,-0.0009675526975681,0.032328102544894,0.0027690044607021,0.0181767348678152,0.0458069832567672,0.084839656165267,0,1,0
2012-11-06,0,14.161145210266112,14.325068473815918,14.033649444580078,14.234000205993652,8.483256340026855,17514955,6.4179842510079865,0.0093192713280958,0.0554083414052083,0.0251176108102008,0.0181674217082902,0.04582513051147,0.0847855024892733,1,1,1
2012-11-07,0,14.161145210266112,14.229446411132812,13.810531616210938,13.878832817077637,8.271588325500488,17235165,5.77810875578369,-0.0252678291545179,0.0298020424055794,-0.0017884727900743,0.0181789094511951,0.0458078341003699,0.0847236872089643,-1,1,0
2012-11-08,0,13.951687812805176,14.056415557861328,13.510005950927734,13.569199562072754,8.087053298950195,23471572,5.443082330174162,-0.0225621245139804,-0.0048485492456917,-0.0321754295632227,0.0181853245201357,0.045775357512934,0.0846682149902754,-1,-1,-1
2012-11-09,0,13.523666381835938,13.751337051391602,13.418936729431152,13.578307151794434,8.092473983764648,17243510,5.364747755734045,0.0006700671685337,0.0052113180576476,-0.0337758913106463,0.0181725152971923,0.0457435148549894,0.0846136150757557,0,1,-1
2012-11-12,0,13.56009292602539,13.696696281433104,13.464470863342283,13.569199562072754,8.087053298950195,7367863,5.130403654804796,-0.0006700671685338,-0.0394782350379706,-0.0095101829923997,0.0181596999627069,0.0457332498877382,0.0845522612003514,0,-1,-1
2012-11-13,0,13.59196662902832,13.85606575012207,13.510005950927734,13.8196382522583,8.236307144165039,15382493,5.422469308152603,0.0182876565638982,-0.0202230257765041,0.0323078917178516,0.018160318822612,0.0457061367188098,0.084502936298035,1,-1,1
2012-11-14,0,13.728569984436035,13.796871185302734,13.414383888244627,13.628395080566406,8.122329711914062,21947005,5.953797357341823,-0.0139350579938998,-0.0434773550984999,0.0099046109300977,0.0181547434006499,0.0457007758512197,0.0844436174908719,-1,-1,1
2012-11-16,0,13.523666381835938,13.874279022216797,13.523666381835938,13.678482055664062,8.152182579040527,15889364,6.048550627911487,0.0036686691527905,-0.0145408567911915,0.0081923930740591,0.0181426023968959,0.0456709715667277,0.0843840081042652,1,-1,0
2012-11-19,0,13.655714988708496,14.179359436035156,13.655714988708496,14.101950645446776,8.404565811157227,19220045,5.848149681733127,0.0304894146176134,0.0385106823404024,0.035331972083194,0.0181664710772975,0.0456637771431641,0.0843369949858575,1,1,1
2012-11-21,0,14.074629783630373,14.356942176818848,13.979007720947266,14.274980545043944,8.507682800292969,19531240,5.951591798488652,0.0121945069924863,0.0500351221643547,0.0478614402481829,0.0181597226635005,0.0456728788257487,0.084300038059946,1,1,1
2012-11-22,0,14.315961837768556,14.502652168273926,14.311408042907717,14.443456649780272,8.60809326171875,12190609,5.771485978140651,0.0117332235483917,0.0624384128812803,0.0622734479335991,0.0181525406095783,0.0457039354027744,0.0842778729927047,1,1,1
2012-11-23,0,14.420689582824709,14.611933708190918,14.343281745910645,14.611933708190918,8.708503723144531,13150326,5.655767983138492,0.0115971500513432,0.0557479063687252,0.0846602206391509,0.0181452359964253,0.0457222439195286,0.0842855512532639,1,1,1
2012-11-26,0,14.516311645507812,14.566399574279783,14.265873908996582,14.343281745910645,8.548395156860352,11020719,5.261246468728771,-0.0185564233409219,0.0511265410217032,0.0712012274715744,0.0181454959548761,0.0457325706816017,0.0842740727471623,-1,1,1
2012-11-27,0,14.361495971679688,14.434350967407228,14.029095649719238,14.120163917541504,8.415416717529297,19717693,5.370145064730893,-0.015678217162301,0.0317796547066116,0.0877223195572298,0.0181419953545168,0.0457173554483092,0.0842861008580507,-1,1,1
2012-11-28,0,14.001774787902832,14.206679344177246,13.96534824371338,14.18391227722168,8.453411102294922,18980445,5.786367157548935,0.004504693440559,0.0057949335295571,0.0522213994193047,0.0181302444189787,0.0456861115568456,0.0842530118819564,1,1,1
2012-11-29,0,14.238553047180176,14.570953369140623,14.097396850585938,14.543633460998535,8.667800903320312,20510284,5.997166710320842,0.0250450735933315,0.0186455001304024,0.0631681096677825,0.01814213048374,0.0456602635848515,0.0842314574104642,1,1,1
2012-11-30,0,14.493544578552246,14.816838264465332,14.274980545043944,14.62559413909912,8.716641426086426,33788426,6.476918940339781,0.0056188919195442,0.0125311685015549,0.082547969119545,0.0181308463644024,0.0456312971886676,0.0842351797359332,1,1,1
2012-12-03,0,14.73943042755127,15.131024360656738,14.716663360595703,15.02629566192627,8.955459594726562,27857503,6.971868984560615,0.0270293507201423,0.0279633691703539,0.1092388499945765,0.0181465853023154,0.0456125381062587,0.084283869305532,1,1,1
2012-12-04,0,14.930673599243164,14.998974800109863,14.716663360595703,14.862372398376465,8.857755661010742,21179890,7.079447962200095,-0.0109699357600086,0.0355498567512673,0.0861804470972772,0.0181384708462758,0.0456014264982782,0.0842925050451066,-1,1,1
2012-12-05,0,14.880585670471191,15.090043067932127,14.753089904785156,14.939780235290527,8.903900146484375,21213052,7.173174815725997,0.0051959783245263,0.0564240522380946,0.1007662255566092,0.0181270425891672,0.0456202862630604,0.0843248479592842,1,1,1
2012-12-06,0,14.998974800109863,14.998974800109863,14.66202163696289,14.889693260192873,8.874043464660645,21627904,7.532136753759076,-0.0033588485312694,0.0485605102662662,0.0533878910982552,0.0181149210502364,0.0456261311160675,0.0842924098090567,-1,1,1
2012-12-07,0,14.866926193237305,15.02174186706543,14.69844913482666,14.91701316833496,8.890324592590332,17318619,7.694921628163167,0.0018330100385031,0.0253484467114378,0.0561884538343264,0.0181025955351923,0.045605067400756,0.0842627255009718,1,1,1
2012-12-10,0,14.844159126281738,14.98076057434082,14.753089904785156,14.926119804382324,8.895748138427734,22804821,8.143294576447158,0.0006098643683204,0.0203394191602141,0.0474790468745511,0.0180901648309673,0.0455803960728801,0.0842249247440372,0,1,1
2012-12-11,0,15.003527641296388,15.103704452514648,14.798624038696287,15.02174186706543,8.952747344970703,16817897,8.079885588442519,0.0063870257708974,-0.0003029057890306,0.0791339017999663,0.0180793723834024,0.0455488706057767,0.0842226305633515,1,0,1
2012-12-12,0,15.067276000976562,15.094596862792969,14.871479034423828,14.96254825592041,8.917461395263672,18501246,8.098597872894524,-0.0039491419578921,0.0067178880130858,0.0977468843560548,0.0180675090047377,0.0455183032135173,0.084248802734103,-1,1,1
2012-12-13,0,14.880585670471191,15.126470565795898,14.880585670471191,14.971653938293455,8.922886848449707,18417133,8.043116570955533,0.0006082228081173,0.0021301324966767,0.0976850399956381,0.0180551530973814,0.045487046729534,0.0842745478303175,0,0,1
2012-12-14,0,15.003527641296388,15.02174186706543,14.821391105651855,14.844159126281738,8.846902847290039,16387012,7.426006963181743,-0.0085520949400115,-0.0030631139120653,0.0898030122241605,0.018045455354039,0.0454557748096687,0.0842872357931709,-1,0,1
2012-12-17,0,14.876032829284668,14.95344066619873,14.821391105651855,14.889693260192873,8.874043464660645,18364206,7.0690137071789465,0.0030631139120652,-0.001833010038503,0.0745784695723276,0.018033524590591,0.045424512568689,0.0842780778385343,1,0,1
2012-12-18,0,14.935227394104004,15.085490226745604,14.76219654083252,14.976207733154297,8.925606727600098,16033212,6.885383048893861,0.0057937551154461,0.0033508807086224,0.0943072826816734,0.018022569266826,0.0453935868233953,0.084297469131981,1,0,1
2012-12-19,0,15.02629566192627,15.549939155578612,14.898799896240234,15.50440502166748,9.240405082702637,32567367,7.347787329603977,0.0346614187733706,0.0316252737110957,0.1253000323022537,0.0180560669439994,0.0453784831672034,0.0843744978076367,1,1,1
2012-12-20,0,15.527172088623049,15.60913372039795,15.290393829345703,15.43610382080078,9.199698448181152,17598408,7.223880726858515,-0.0044150186657848,0.0311593970032028,0.0903955990188554,0.018044471956595,0.0453629179834669,0.0843870179820365,-1,1,1
2012-12-21,0,15.31771469116211,15.695649147033691,15.231200218200684,15.522619247436523,9.251259803771973,20350184,7.36540666023555,0.0055890311068209,0.0361402053019066,0.0837901231331901,0.0180334410774133,0.0453525291203847,0.0843895160404198,1,1,1
2012-12-26,0,15.522619247436523,15.586366653442385,15.258520126342772,15.363248825073242,9.240849494934082,12464029,7.003561660515859,-0.001125919144159,0.0435663810977591,0.0709309804406394,0.0180212402210528,0.0453511999794415,0.084374903928356,0,1,1
2012-12-27,0,15.417889595031738,15.417889595031738,15.017189025878906,15.108257293701172,9.087477684020996,10993268,6.794490359983399,-0.0167364309308001,0.0237668362548934,0.0425973994584958,0.0180193886202277,0.0453293042506526,0.0843326190670078,-1,1,1
2012-12-28,0,15.190218925476074,15.308608055114746,15.008082389831545,15.194771766662598,9.139518737792969,16020035,6.717866130297885,0.0057103423932807,0.0236834235327282,0.0668641651926986,0.0180084809215689,0.0453073717649793,0.0843131532854441,1,1,1
2013-01-02,0,15.481637954711914,15.72752285003662,15.440656661987305,15.700201988220217,9.44777011871338,21347017,6.871982155820905,0.0331710178161802,0.0221930225755378,0.1157134001711797,0.0180378684578544,0.0452844067870771,0.0843687162100261,1,1,1
2013-01-03,0,15.622794151306152,16.278486251831055,15.53172492980957,16.169204711914062,9.730000495910645,29351983,7.452255224811732,0.0294351997775771,0.0560432410188996,0.1406439065081978,0.0180582652649088,0.0453018334578155,0.0844770242141287,1,1,1
2013-01-04,0,16.169204711914062,16.191972732543945,15.905105590820312,16.073583602905273,9.67246150970459,16660872,7.444773355955836,-0.0059311189338409,0.0445230909782377,0.1096677139810254,0.0180473794946186,0.0453015467984846,0.0845200729202473,-1,1,1
2013-01-07,0,15.950639724731444,16.100902557373047,15.713862419128418,15.800376892089844,9.508052825927734,20285178,7.650135304675447,-0.0171437228034551,0.0285052873189417,0.086905099258026,0.0180460971035566,0.0452834477801477,0.0845255298216577,-1,1,1
2013-01-08,0,15.882338523864746,15.977960586547852,15.718416213989258,15.86412525177002,9.546419143676758,16328375,7.051550209595968,0.0040270199729218,0.0492687382226638,0.0639027685108054,0.0180345951905343,0.0452897630450516,0.084501920560702,1,1,1
2013-01-09,0,15.914213180541992,16.141883850097656,15.859572410583496,16.119117736816406,9.69986343383789,19739435,7.173570430758721,0.0159456810237262,0.0595040768531094,0.0908183852945406,0.0180320378211207,0.0453126737690447,0.0845128421194334,1,1,1
2013-01-10,0,16.141883850097656,16.201078414916992,15.859572410583496,15.914213180541992,9.576556205749512,21569926,7.249088887891,-0.0127937565483654,0.0135393024885638,0.072828650421649,0.0180259697342866,0.0452849583681664,0.0844992018933285,-1,1,1
2013-01-11,0,15.89599895477295,16.023494720458984,15.823144912719728,15.955194473266602,9.601218223571776,19250352,7.536495158415659,0.002571938835533,-0.0133239584534802,0.0787594377884513,0.0180141605361678,0.0452569431819838,0.0844928976254561,1,-1,1
2013-01-14,0,15.991621017456056,16.223846435546875,15.991621017456056,16.16465187072754,9.727259635925291,22126650,8.012408937590287,0.0130422271115634,0.0056493875919242,0.0899686548615116,0.0180084929471699,0.0452270118107498,0.0845020194356095,1,1,1
2013-01-15,0,15.991621017456056,16.223846435546875,15.89599895477295,15.950639724731444,9.598477363586426,12637525,7.908773859166201,-0.0133277378887032,0.0094653725066761,0.0760310526044879,0.018002990849823,0.0451980346803956,0.0844919592076132,-1,1,1
2013-01-16,0,15.959747314453123,16.091796875,15.800376892089844,16.091796875,9.683419227600098,12420326,7.572832012981192,0.0088105869761466,0.0142489395099008,0.078454613809737,0.0179939056417409,0.0451708425875369,0.0844848588464484,1,1,1
2013-01-17,0,16.091796875,16.424196243286133,16.032602310180664,16.365001678466797,9.847819328308104,17351561,7.099438795452999,0.0168349777744169,0.0151382362605912,0.0992387335420461,0.0179924754660696,0.0451440942299583,0.0845077507091797,1,1,1
2013-01-18,0,16.392322540283203,16.48339080810547,16.223846435546875,16.41964340209961,9.88070011138916,15793173,7.078376894523471,0.003333328040822,0.0312653208497787,0.1019638387747508,0.0179809285216832,0.045128615119648,0.0845348061012262,1,1,1
2013-01-21,0,16.41053581237793,16.46062469482422,16.237506866455078,16.301254272460938,9.809462547302246,7671810,6.593031465666175,-0.0072358848571257,0.02145749715712,0.1032800488576367,0.0179708984660059,0.0451054095728,0.0845637346708831,-1,1,1
2013-01-22,0,16.260272979736328,16.5289249420166,16.150991439819336,16.301254272460938,9.809462547302246,15445083,6.575000444695407,0.0,0.0084152700455566,0.1002169349455715,0.0179589775441259,0.0450763907124184,0.0845873082158399,0,1,1
2013-01-23,0,16.383216857910156,16.41964340209961,16.160097122192383,16.255720138549805,9.782061576843262,13421770,6.326677959207618,-0.0027972288579387,0.0189457790763211,0.0916259509721866,0.0179473594672028,0.0450517492297158,0.0845973268162615,-1,1,1
2013-01-24,0,16.25116539001465,16.437856674194336,16.146438598632812,16.27393341064453,9.793025970458984,21204267,6.331168967424264,0.0011202396654281,0.0112554317656024,0.0580847718642439,0.0179355358707675,0.0450236753035259,0.0845668265976409,0,1,1
2013-01-28,0,16.16465187072754,16.205631256103516,15.745736122131348,15.845911979675291,9.53545379638672,18385069,6.291897494941495,-0.0266536660571498,-0.0322332120659642,0.0358461244728788,0.0179497200469051,0.0450089052959697,0.0845196023049863,-1,-1,1
2013-01-29,0,15.79582405090332,15.93698024749756,15.641008377075195,15.823144912719728,9.52175521850586,24010068,6.347136390769248,-0.0014376271183755,-0.0370041672251619,0.0288194662476825,0.0179379434673782,0.0449989687433683,0.0844688267287968,0,-1,1
2013-01-30,0,15.745736122131348,15.82769775390625,15.522619247436523,15.522619247436523,9.340911865234377,15863669,6.458057761003073,-0.0191753259147052,-0.0489436082827413,0.0107700594771364,0.017939494876366,0.0450040171546612,0.0844124733500676,-1,-1,1
2013-01-31,0,15.522619247436523,15.72752285003662,15.390568733215332,15.631900787353516,9.406673431396484,21798765,6.807914862775154,0.0070154993123889,-0.0419281089703524,0.0345219897203253,0.0179295486685971,0.0449996564715363,0.0843647644090624,1,-1,1
2013-02-01,0,15.60913372039795,15.741183280944824,15.43610382080078,15.549939155578612,9.361437797546388,15984238,6.720269317545818,-0.0048204873568426,-0.0439513674692562,0.023991159970202,0.0179185807876291,0.0449977681129623,0.0843122460024378,-1,-1,1
2013-02-04,0,15.43155002593994,15.50440502166748,15.080937385559082,15.185665130615234,9.142134666442873,19348740,6.806270826882697,-0.0237049792173001,-0.0687765863519844,-0.0328848370632782,0.0179271890281184,0.0450365042316291,0.0842641430607688,-1,-1,-1
2013-02-05,0,15.408782958984377,15.732075691223145,15.3450345993042,15.568153381347656,9.372406005859377,35767157,7.879033429607331,0.0248759305374161,-0.0172469897574184,-0.0374441063034392,0.0179382766108646,0.0450108812962719,0.0842186995226959,1,-1,-1
2013-02-06,0,15.53172492980957,15.613686561584473,15.108257293701172,15.24485969543457,9.177775382995604,24325655,8.175100519193649,-0.0209849986036548,-0.0367943612426977,-0.052497985973253,0.0179424234585453,0.045000436199918,0.0841841821219692,-1,-1,-1
2013-02-07,0,15.28128719329834,15.47253131866455,14.985315322875977,15.149237632751465,9.120201110839844,16369882,8.249394497828828,-0.0062929867877142,-0.0239120221157068,-0.0416472499575122,0.0179320747456889,0.0449787659882433,0.0841415129485273,-1,-1,-1
2013-02-08,0,15.153791427612305,15.445210456848145,15.03084945678711,15.422443389892578,9.284687042236328,18895015,8.116439583415296,0.0178746330298067,-0.013052888398289,-0.0277996369006274,0.0179321661119599,0.0449514595949829,0.0840912176774314,1,-1,-1
2013-02-13,0,15.449764251708984,15.458870887756348,15.276734352111816,15.381463050842283,9.260013580322266,14436392,7.94465762623593,-0.0026609732855963,-0.0108933743270427,-0.04640629120995,0.0179207078739717,0.0449234883139487,0.0840520187666821,-1,-1,-1
2013-02-14,0,15.3450345993042,15.43155002593994,15.108257293701172,15.308608055114746,9.216156005859377,13575501,7.517546264863436,-0.004747483685113,0.0080641212051444,-0.0383600183466978,0.0179098147395873,0.0448951473385821,0.0840074365258692,-1,1,-1
2013-02-15,0,15.335927963256836,16.064476013183594,15.304054260253906,16.01894187927246,9.64378833770752,28199883,8.028296015321475,0.0453559809862217,0.0285441716539498,0.0044240238039908,0.0179730555196095,0.044878162262648,0.0839514238406227,1,1,0
2013-02-18,0,15.914213180541992,16.2283992767334,15.859572410583496,16.18741798400879,9.745213508605955,16194190,7.8333674506718705,0.0104622297581404,0.0599914000157451,0.0018440264505677,0.0179653824183107,0.0449022259202727,0.0838953917994533,1,1,0
2013-02-19,0,16.073583602905273,16.178312301635742,15.791271209716797,15.873231887817385,9.556065559387209,30854589,8.432591634643922,-0.0196001522867039,0.0466842345167554,-0.0044283879474329,0.0179675075010787,0.0449052700781365,0.0838395941224193,-1,1,0
2013-02-20,0,15.886892318725586,15.959747314453123,15.508957862854004,15.595473289489746,9.3888521194458,17735009,8.389769064575813,-0.0176530492398424,0.0111565522471061,-0.030892024163422,0.0179669909256752,0.0448779454008131,0.0837912955091352,-1,1,-1
2013-02-21,0,15.47253131866455,15.745736122131348,15.31316089630127,15.481637954711914,9.320321083068848,19410452,7.752995024012804,-0.0073259616700643,0.0064915638626383,-0.0550529636079031,0.0179572439163183,0.0448494163102221,0.083759498370103,-1,1,-1
2013-02-22,0,15.527172088623049,15.982514381408691,15.527172088623049,15.982514381408691,9.621855735778809,28615614,7.967903725885558,0.0318400709240251,0.0430791184717764,-0.0265462207247001,0.0179823003180499,0.0448476730721641,0.0837093682441347,1,1,-1
2013-02-25,0,16.00983428955078,16.269380569458008,15.93698024749756,16.014387130737305,9.641048431396484,21471538,8.20605136729985,0.0019927111511461,-0.000284151363299,-0.0173176247164282,0.0179708473949665,0.0448185418805922,0.0836561541072824,1,0,-1
2013-02-26,0,15.92787265777588,15.932427406311035,15.440656661987305,15.72296905517578,9.465606689453123,25142842,8.464197893077223,-0.0183649803462613,-0.0291113614677007,-0.0356826050626896,0.0179712590730747,0.0448014018750804,0.0836106705716438,-1,-1,-1
2013-02-27,0,15.754842758178713,15.823144912719728,15.486190795898438,15.782163619995115,9.50124740600586,13870663,8.456388106237304,0.0037582150759432,-0.0057529941050534,-0.0291271611288074,0.0179602205327964,0.0447727872201627,0.083561928232784,1,-1,-1
2013-02-28,0,15.800376892089844,16.046262741088867,15.700201988220217,15.959747314453123,9.60815715789795,16309927,8.58676299892708,0.0111893457454743,0.0230894008802632,-0.0190580550487613,0.0179532186230147,0.0447517995942952,0.0835094886599049,1,1,-1
2013-03-01,0,15.777609825134276,16.16465187072754,15.777609825134276,16.02804946899414,9.653406143188477,15693248,8.089680947775047,0.0046983796508729,0.0351137422012006,0.0122939906592615,0.0179425039627865,0.0447410656030981,0.0834556472937273,1,1,1
2013-03-04,0,15.93698024749756,16.005281448364258,15.741183280944824,15.959747314453123,9.61226749420166,14176148,8.00075071625985,-0.0042706745984853,-0.0009970033213098,0.0094609431791519,0.0179316305667454,0.0447121971395167,0.0834014087260882,-1,0,1
2013-03-05,0,16.08268928527832,16.38776969909668,15.877785682678224,15.946086883544922,9.604043960571287,20770747,7.607224042813172,-0.0008558910123558,-0.0038456054848117,0.0277803780815012,0.0179201690604994,0.0446835544704954,0.0833527466437981,0,0,1
2013-03-06,0,16.146438598632812,16.278486251831055,15.873231887817385,16.214738845825195,9.873659133911133,18670788,7.680831303816487,0.0276862619924923,0.0422056368539419,0.0484511407616047,0.0179361570925965,0.0446808523392502,0.0833166715744267,1,1,1
2013-03-07,0,16.301254272460938,16.47428321838379,16.064476013183594,16.319467544555664,9.93742847442627,23702827,7.906277444787285,0.0064377647525543,0.044885186530553,0.0597093928710017,0.0179261903927656,0.0446814656250805,0.0832902468942682,1,1,1
2013-03-08,0,16.2420597076416,16.847665786743164,16.191972732543945,16.80213165283203,10.231340408325195,28672934,7.980667171725285,0.0291473161744471,0.0628431569595258,0.1125616882627491,0.0179449889694235,0.0447098721456454,0.0833354610231557,1,1,1
2013-03-11,0,16.692848205566406,16.861324310302734,16.574459075927734,16.711061477661133,10.175885200500488,13538386,7.694934362453504,-0.0054348734502111,0.0527099038584416,0.0822508842751218,0.0179346072816018,0.0447212362697058,0.0833339745731084,-1,1,1
2013-03-12,0,16.688295364379883,16.711061477661133,16.032602310180664,16.46062469482422,10.023383140563965,17732593,7.446304713144441,-0.0151000476883611,0.0418805307685659,0.0881358351904156,0.017931279492407,0.0447177934399033,0.0833401971626943,-1,1,1
2013-03-13,0,16.437856674194336,16.615440368652344,16.351341247558594,16.437856674194336,10.009523391723633,18685503,7.674271643234526,-0.0013836984692502,0.0413527233116714,0.0930451235088794,0.0179199499975279,0.0447136669080605,0.0833531842197601,0,1,1
2013-03-14,0,16.501604080200195,16.519817352294922,16.000728607177734,16.18741798400879,9.857019424438477,19719670,7.829712746878839,-0.015353145674034,-0.001686684354855,0.0598173448050388,0.0179168965446532,0.0446851462682337,0.0833264653905873,-1,0,1
2013-03-15,0,16.18741798400879,16.255720138549805,15.959747314453123,16.201078414916992,9.865336418151855,18819468,7.9707038486263455,0.0008434077827997,-0.0072810413246096,0.0633217258734349,0.0179055661326158,0.0446573975484178,0.083303080712352,0,-1,1
2013-03-18,0,16.15554428100586,16.5289249420166,16.091796875,16.50615882873535,10.051112174987791,20058536,8.240353936264437,0.0186560514722183,-0.0177723060268383,0.0867252610307664,0.0179065671193672,0.0446334473837335,0.0833068614119852,1,-1,1
2013-03-19,0,16.15554428100586,16.542585372924805,16.091796875,16.310361862182617,9.93188190460205,19645000,8.222315492474301,-0.0119333153793944,-0.0242707479560217,0.0294359646651501,0.0179002577533545,0.044613421086515,0.0832592165265076,-1,-1,1
2013-03-20,0,16.232952117919922,16.48339080810547,16.150991439819336,16.45151710510254,10.017834663391112,18847139,8.240713680505628,0.0086169936647096,-0.0005537066029507,0.0275907285717195,0.0178915867612452,0.0445850716947093,0.0832108511596327,1,0,1
2013-03-21,0,16.45151710510254,16.46062469482422,16.210186004638672,16.269380569458008,9.90693473815918,16954936,7.961869567162448,-0.0111319803236077,-0.0103019884573082,0.0360589005348157,0.0178846535940245,0.0445582670135821,0.0831666694727293,-1,-1,1
2013-03-22,0,16.392322540283203,16.392322540283203,16.055368423461914,16.069028854370117,9.784930229187012,13768323,7.307236796826766,-0.0123915200838023,-0.0073403628670765,0.0413204296908558,0.0178787639221321,0.044530773253061,0.0831256572703843,-1,-1,1
2013-03-25,0,16.128223419189453,16.182865142822266,15.823144912719728,15.93698024749756,9.704529762268066,11896764,7.215163607359438,-0.0082507081318173,-0.0164344787816937,0.0403956832291028,0.0178698825928198,0.0445063820720929,0.0830841224370449,-1,-1,1
2013-03-26,0,15.959747314453123,16.269380569458008,15.946086883544922,16.105457305908203,9.80711269378662,18837037,7.244034259046813,0.0105151451959381,-0.024575385057974,0.0190707575010157,0.0178625792808617,0.0444867458240214,0.083033081233248,1,-1,1
2013-03-27,0,16.096349716186523,16.160097122192383,15.786717414855955,16.141883850097656,9.829290390014648,16421711,7.138316110855486,0.0022588358533104,-0.0103832338252691,0.0193368822031802,0.0178515555204729,0.044460144117065,0.0829822093652457,1,-1,1
2013-03-28,0,16.141883850097656,16.141883850097656,16.141883850097656,16.141883850097656,9.829290390014648,0,6.336215191851283,0.0,-0.0190002274899788,0.0377018625494414,0.0178403668840863,0.0444371442916421,0.0829392949378278,0,-1,1
2013-04-01,0,16.301254272460938,16.428749084472656,16.02804946899414,16.114564895629883,9.816817283630373,14616256,6.162178181286839,-0.0012697790592804,-0.0091380262256516,0.0326738684142177,0.0178292522552622,0.0444102933575088,0.0828937748155062,0,-1,1
2013-04-02,0,16.301254272460938,16.428749084472656,15.791271209716797,15.82769775390625,9.642056465148926,20004510,6.126170264774776,-0.0179625521642968,-0.0147090583061461,0.0035219705044465,0.0178293537172284,0.0443853437404954,0.082840602615319,-1,-1,0
2013-04-03,0,15.823144912719728,15.909660339355469,15.622794151306152,15.855018615722656,9.658692359924316,18105280,6.04265576698627,0.0017238604621922,-0.0047344897121364,0.0005474513157658,0.0178183325843116,0.0443577466016493,0.0827874840800377,0,-1,0
2013-04-04,0,15.882338523864746,15.909660339355469,15.35414218902588,15.404230117797852,9.384088516235352,21925702,6.112580466804873,-0.0288427286110089,-0.0440923635190835,-0.0240246026967578,0.0178361626086341,0.0443571347683311,0.0827392976472643,-1,-1,-1
2013-04-05,0,15.294946670532228,15.490744590759276,14.9898681640625,15.399676322937012,9.38131046295166,30436662,6.597711812288656,-0.0002960825194355,-0.0466472818918295,-0.0234647942038375,0.0178250545757565,0.0443597087980997,0.0826909806599868,0,-1,-1
2013-04-08,0,15.408782958984377,15.467977523803713,15.126470565795898,15.390568733215332,9.37575912475586,13823446,6.576597326973351,-0.0005919195780479,-0.0472392014698774,-0.0517429757743779,0.0178139744218772,0.0443629781845473,0.0826595574476904,0,-1,-1
2013-04-09,0,15.458870887756348,15.845911979675291,15.386015892028809,15.754842758178713,9.597675323486328,14244887,6.664348973728705,0.0233933734607119,-0.0225760489498851,-0.0347873670662204,0.0178221251702282,0.0443421853659148,0.0826166155058156,1,-1,-1
2013-04-10,0,15.800376892089844,16.201078414916992,15.732075691223145,15.991621017456056,9.741914749145508,21872336,6.781300638082849,0.0149167691421704,0.0103032723565822,-0.0490179140984971,0.0178188759809069,0.0443161081874908,0.0825830990268922,1,1,-1
2013-04-11,0,16.01894187927246,16.110010147094727,15.86867904663086,16.05081558227539,9.777979850769045,12858897,6.634067583553842,0.0036952189958744,0.0122746308902643,-0.0398878216524114,0.0178083198418667,0.0442907237346547,0.0825432542549358,1,1,-1
2013-04-12,0,15.968853950500488,16.00983428955078,15.668328285217283,15.754842758178713,9.597675323486328,16670974,7.294321197507773,-0.018611988138045,0.0225053713632283,-0.0433997621020953,0.0178092631539161,0.0442704868754153,0.082505746085427,-1,1,-1
2013-04-15,0,15.595473289489746,15.663775444030762,15.349589347839355,15.413335800170898,9.38963508605957,12644114,7.192142426518342,-0.0219144848557779,0.000886969026886,-0.0639305484886231,0.0178147970054812,0.044242968024231,0.0824854091116199,-1,0,-1
2013-04-16,0,15.595473289489746,15.83680534362793,15.54538631439209,15.800376892089844,9.625412940979004,13847384,6.946210917135214,0.024800351721861,0.026279240326795,-0.0237770510927279,0.0178252469762766,0.044225418137206,0.0824376644157472,1,1,-1
2013-04-17,0,15.618241310119627,15.663775444030762,15.194771766662598,15.413335800170898,9.38963508605957,29503079,7.367733986348723,-0.024800351721861,-0.0219144848557779,-0.0494208105973888,0.0178353902851292,0.0442045202411654,0.0824046061011211,-1,-1,-1
2013-04-18,0,15.299501419067385,15.481637954711914,14.757643699645996,14.885139465332031,9.067865371704102,30623554,7.664585535784771,-0.0348695444812608,-0.0717007984792092,-0.102946406550868,0.0178660791960176,0.0442484142690092,0.0824344266130663,-1,-1,-1
2013-04-19,0,14.96254825592041,15.21298599243164,14.707555770874023,15.21298599243164,9.267578125,21440573,7.306265150005754,0.0217851999952424,-0.0536108174798413,-0.069227891176231,0.0178716150546112,0.0442605494974157,0.0824193861808217,1,-1,-1
2013-04-22,0,15.162898063659668,15.24030590057373,14.926119804382324,15.135578155517578,9.220425605773926,19084763,7.497588429654527,-0.0051008883545643,-0.0400997176963606,-0.0829457731955051,0.0178614892176528,0.044255080090676,0.082420288712932,-1,-1,-1
2013-04-23,0,15.099149703979492,15.43155002593994,15.02629566192627,15.231200218200684,9.278677940368652,19824646,7.692478537863062,0.0062978756769466,-0.011887357163636,-0.0655159171949508,0.0178519405029006,0.0442295503026085,0.0824012724244724,1,-1,-1
2013-04-24,0,15.226646423339844,15.522619247436523,15.181112289428713,15.340481758117676,9.34524917602539,12389140,7.290973141359399,0.0071490313263081,-0.029538677559189,-0.0459753657848404,0.0178428056066612,0.0442139794551908,0.0823655888645226,1,-1,-1
2013-04-25,0,15.3450345993042,15.53627872467041,15.199325561523438,15.331375122070312,9.339702606201172,14851683,7.3445199410925,-0.0005936937972097,-0.0053320196345379,-0.0383183514502329,0.0178318908905997,0.0441870594462447,0.0823250214332414,0,-1,-1
2013-04-26,0,15.331375122070312,15.331375122070312,15.331375122070312,15.331375122070312,9.339702606201172,0,6.684266327138568,0.0,0.029537524846723,-0.048833496646171,0.0178209882188883,0.0441724994369151,0.0822914769876006,0,1,-1
2013-04-29,0,14.98076057434082,15.172004699707031,14.803177833557127,14.935227394104004,9.098380088806152,17202662,6.840218758312892,-0.0261780253983562,-0.0184257005468758,-0.0772703578978377,0.0178333711913981,0.0441497970772102,0.0822851837896121,-1,-1,-1
2013-04-30,1,14.944334030151367,15.413335800170898,14.63014793395996,15.326821327209473,9.33692741394043,31831217,7.516633375872308,0.025880841990196,0.0125560297978843,-0.0513895159076418,0.0178456027723573,0.0441250974426779,0.0822535786491932,1,1,-1
2013-05-02,0,15.263073921203612,15.53627872467041,15.0581693649292,15.135578155517578,9.224538803100586,20976087,7.171951846843487,-0.0121100330148425,-0.0058518788939046,-0.0622297698632038,0.0178396491443334,0.0440984405137175,0.0822312954067639,-1,-1,-1
2013-05-03,0,15.231200218200684,15.57726001739502,15.231200218200684,15.3450345993042,9.352190971374512,21299360,6.848042527892656,0.0137434499062178,0.0007425396860052,-0.030523767792689,0.0178353384763979,0.0440714679474203,0.0821868540314358,1,0,-1
2013-05-06,0,15.276734352111816,15.458870887756348,15.0581693649292,15.322267532348633,9.338313102722168,13835305,6.561233938056562,-0.0014850183973324,-0.0001487849141173,-0.0337326466522138,0.0178245650270807,0.044044523546687,0.0821440262872045,0,0,-1
2013-05-07,0,15.322267532348633,15.782163619995115,15.2084321975708,15.773056983947754,9.613054275512695,14437490,6.407804783986535,0.0289963691793983,0.0288475842652808,0.0241064511381934,0.017842526791377,0.044029606945808,0.0820974237403691,1,1,1
2013-05-08,0,15.773056983947754,16.069028854370117,15.713862419128418,15.93698024749756,9.712964057922363,21772850,6.521417748422539,0.0103394988825483,0.0653651085461856,0.0347420325401773,0.0178353845417438,0.0440628028532707,0.0820557019652497,1,1,1
2013-05-09,0,15.93698024749756,16.119117736816406,15.64556121826172,15.93698024749756,9.712964057922363,15847198,6.678818270743028,0.0,0.0394842665559895,0.0353339521182253,0.0178245851287433,0.0440579795744765,0.0820143564757878,0,1,1
2013-05-10,0,15.850464820861816,15.923319816589355,15.659220695495604,15.786717414855955,9.621380805969238,15400062,6.71785331055718,-0.0094737047023294,0.0421205948685026,0.0024668739551839,0.0178168136885768,0.0440561098907212,0.0819635217617799,-1,1,0
2013-05-13,0,15.75939655303955,15.809483528137209,15.458870887756348,15.486190795898438,9.438224792480469,16007956,7.341315266010758,-0.0192198784720369,0.0091572664902477,-0.0316697736590235,0.017818476584735,0.0440305810704845,0.0819201518272765,-1,1,-1
2013-05-14,0,15.490744590759276,15.741183280944824,15.390568733215332,15.718416213989258,9.579754829406738,39770080,8.267599986284983,0.0148840889058619,0.025526373793442,-0.020480903749036,0.017815306998751,0.044013066153382,0.081872502350146,1,1,-1
2013-05-15,0,15.700201988220217,16.105457305908203,15.618241310119627,15.982514381408691,9.740710258483888,20608232,7.869527384618257,0.0166620370760459,0.0131920416900898,0.0147931214650549,0.0178140290670038,0.0439888900236065,0.0818236212423667,1,1,1
2013-05-16,0,15.93698024749756,15.946086883544922,15.709308624267578,15.832250595092772,9.649126052856444,15495155,7.688043015032176,-0.0094466900325212,-0.0065941472249797,0.0272609162883115,0.017806288370419,0.0439628012550779,0.0817788472315304,-1,-1,1
2013-05-17,0,15.86867904663086,16.069028854370117,15.76395034790039,15.996174812316896,9.74903392791748,18313475,7.602801557974152,0.0103008490055745,0.0037067017805947,0.0127614135720248,0.0177992048563457,0.0439364336583836,0.0817297027784718,1,0,1
2013-05-20,0,15.86867904663086,16.223846435546875,15.76395034790039,14.712108612060549,8.966446876525879,27243021,8.077659356172443,-0.0836787100567748,-0.0704983035738509,-0.0461169447628888,0.0180226971018536,0.0439775473433108,0.0816951615914738,-1,-1,-1
2013-05-21,0,16.338592529296875,16.44878578186035,16.023040771484375,16.443775177001953,10.021828651428224,17863084,8.243679051838434,0.111276093420481,0.0599976683186672,0.1000286931388528,0.018420011456863,0.0440009446916735,0.0817206913361111,1,1,1
2013-05-22,0,16.398696899414062,16.749311447143555,16.313547134399414,16.65915298461914,10.153096199035645,22750317,8.32417606280511,0.0130131240630957,0.0581267034759009,0.0912566172067061,0.0184144914754426,0.0440211172768954,0.0817333393759898,1,1,1
2013-05-23,0,16.428749084472656,16.599048614501953,16.24843406677246,16.51890754699707,10.067617416381836,19595847,8.503102821762907,-0.0084546266222483,0.0330100397776065,0.0879028789390222,0.0184057953394133,0.0440097146383405,0.0817412903064895,-1,1,1
2013-05-24,0,16.393688201904297,16.523916244506836,16.208364486694336,16.468820571899414,10.037095069885254,22761697,8.834426970636517,-0.0030363398598348,0.039420389950293,0.0785686634022408,0.0183950941911829,0.0440046676260251,0.0817374427876096,-1,1,1
2013-05-27,0,16.50889015197754,16.50889015197754,16.34360122680664,16.398696899414062,9.994356155395508,6859175,8.493850369567777,-0.0042671875204063,0.0248523534243122,0.0671524445555263,0.0183847020498361,0.0439867635764731,0.0817210627243426,-1,1,1
2013-05-28,0,16.5289249420166,16.6942138671875,16.44878578186035,16.453794479370117,10.027938842773438,13739913,7.490262140088895,0.0033545324222669,0.111885595903354,0.0711006707750029,0.0183741109009789,0.0441309216626844,0.0817087064723781,1,1,1
2013-05-29,0,16.363636016845703,16.51890754699707,15.977960586547852,16.053091049194336,9.783719062805176,23629575,7.615899376252669,-0.0246553975989851,-0.0240458951161121,0.0464452731760178,0.0183828192259674,0.0441123408932632,0.0816747438793115,-1,-1,1
2013-05-31,0,16.02804946899414,16.253442764282227,15.897821426391602,16.218381881713867,9.884458541870115,30908016,8.259612680674387,0.0102439953563874,-0.0268150238228204,0.0828672939307616,0.0183753070370933,0.0440956853567294,0.0816757730569452,1,-1,1
2013-06-03,0,16.2283992767334,16.243425369262695,15.992986679077148,16.088153839111328,9.80963897705078,27975756,8.655318441860523,-0.007598208012203,-0.0259586052127749,0.0493882439283627,0.0183662414673428,0.0440784293063461,0.0816438954981543,-1,-1,1
2013-06-04,0,16.178312301635742,16.2283992767334,15.982970237731934,16.16829490661621,9.858503341674805,21079845,8.504876409465462,0.0049688948117431,-0.0179533705411969,0.0664671717549483,0.0183561545470475,0.0440564468993598,0.081626650365725,1,-1,1
2013-06-05,0,16.178312301635742,16.218381881713867,15.54720687866211,15.607312202453612,9.51644515991211,25382502,8.762909327150007,-0.0353129946908974,-0.0489991777116881,0.0174107271578329,0.0183853771633457,0.044062505720406,0.0815791607010891,-1,-1,1
2013-06-06,0,15.627346992492676,15.81768035888672,15.336838722229004,15.75256633758545,9.605012893676758,17062687,8.486024794474865,0.0092637671147361,-0.0430899430192186,0.0281595126699017,0.0183773004302011,0.0440611546333708,0.0815353045734205,1,-1,1
2013-06-07,0,15.527172088623049,15.92787265777588,15.41697883605957,15.65239143371582,9.543936729431152,24234315,8.626356446083037,-0.00637908319364,-0.0248136286138734,-0.0072159397031364,0.0183677174121895,0.0440431182995854,0.0814863277002312,-1,-1,0
2013-06-10,0,15.452040672302246,15.747557640075684,15.411970138549805,15.622339248657228,9.525609016418455,16302021,8.324399972840022,-0.0019221977177779,-0.0369798216880388,-0.0194776363034626,0.0183569813405612,0.0440351492192531,0.0814399758375862,-1,-1,-1
2013-06-11,0,15.437013626098633,15.472076416015623,15.031304359436035,15.111445426940918,9.214098930358888,37057036,9.450502665710932,-0.0332490542832574,-0.0626306679590934,-0.0527266905867202,0.0183814496007298,0.0440613316041026,0.081411789526062,-1,-1,-1
2013-06-12,0,15.206610679626465,15.301777839660645,14.840970993041992,15.076382637023926,9.19271755218506,25765032,9.859307139645995,-0.0023232032340699,-0.0699227660049065,-0.0455761891184607,0.0183707774231393,0.044100215708561,0.0813783484347766,-1,-1,-1
2013-06-13,0,15.076382637023926,15.171549797058104,14.881040573120115,15.0363130569458,9.168285369873049,27710621,9.95369611585654,-0.0026613139637293,-0.0372710852777384,-0.0290176246101531,0.0183601752299125,0.0440923079527314,0.0813356800317083,-1,-1,-1
2013-06-14,0,15.02629566192627,15.156522750854492,14.705735206604004,14.71575164794922,8.972826957702637,29403853,9.781730413561442,-0.0215495028656016,-0.0680843552580763,-0.0654512163816167,0.0183640671813371,0.044127431901387,0.0813187670419267,-1,-1,-1
2013-06-17,0,14.78587532043457,15.00625991821289,14.71575164794922,14.795891761779783,9.021687507629396,19307153,9.368051239131102,0.0054306183256252,-0.0562746537388113,-0.0766826351320375,0.018354279516112,0.0441428637249089,0.0813136677702354,1,-1,-1
2013-06-18,0,14.730777740478516,14.825944900512695,14.545454025268556,14.705735206604004,8.966714859008789,16707909,9.128710436754194,-0.0061120291434478,-0.0604644851644812,-0.0733479742429641,0.0183446569248347,0.0441646096245864,0.0813047702655465,-1,-1,-1
2013-06-19,0,14.735787391662598,14.75582218170166,14.229902267456056,14.525419235229492,8.856775283813477,34840122,9.40526944775219,-0.0123366376218731,-0.0395520685030969,-0.0959854608704117,0.0183386540875242,0.0441587133356603,0.081324110513028,-1,-1,-1
2013-06-20,0,14.365138053894045,14.69070816040039,13.698972702026367,14.69070816040039,8.957552909851074,48587223,10.524939452793694,0.0113143420309142,-0.0259145232381126,-0.0009924087827225,0.0183321212956886,0.0441411683399882,0.0812753481641755,1,-1,0
2013-06-21,0,14.60555934906006,14.685699462890623,14.229902267456056,14.30503273010254,8.72238826751709,38174477,10.944531415288804,-0.0266039926338102,-0.0498572019081934,-0.1388724948370138,0.0183436892903148,0.0441472721501421,0.081368608347925,-1,-1,-1
2013-06-24,0,14.029550552368164,14.124717712402344,13.708990097045898,13.82419204711914,8.42919921875,44345259,11.846210061799846,-0.0341913086539667,-0.0624990076965585,-0.1860769275540761,0.0183697252679773,0.0441718617954339,0.0815735144369274,-1,-1,-1
2013-06-25,0,13.974454879760742,14.054594993591309,13.678937911987305,13.879287719726562,8.462796211242676,28695894,11.439336641057835,0.0039778647742927,-0.0639517612478908,-0.1736444361575349,0.0183595748029178,0.0441986611156988,0.0817442453509606,1,-1,-1
2013-06-26,0,14.024541854858398,14.34510326385498,13.834209442138672,13.949411392211914,8.5055570602417,24952057,11.337743756254737,0.0050400812422887,-0.0527996508621541,-0.1655680150554115,0.0183497587924785,0.0442083246929634,0.0818938257044279,1,-1,-1
2013-06-27,0,13.949411392211914,14.340094566345217,13.949411392211914,14.229902267456056,8.676582336425781,25420036,11.199506035051693,0.0199079894194499,-0.0205550238208311,-0.1413928381155551,0.0183518925200956,0.0441875034226035,0.0819887167029013,1,-1,-1
2013-06-28,0,14.199849128723145,14.480340003967283,14.089655876159668,14.40019989013672,8.780423164367676,34085246,11.345779543434787,0.0118968917896638,-0.0199724740620815,-0.132850478748158,0.0183458453497007,0.0441664136152328,0.0820660767450687,1,-1,-1
2013-07-01,0,14.199849128723145,14.580514907836914,14.089655876159668,14.274980545043944,8.708612442016602,16540403,11.221409828619867,-0.0082121310217077,-0.001580612449979,-0.1164072121708807,0.0183372456197335,0.0441406414194456,0.0821135045358912,-1,0,-1
2013-07-02,0,14.20485782623291,14.249937057495115,13.408464431762695,13.658903121948242,8.332765579223633,38530852,11.928090508675968,-0.0441170684751986,-0.0115063722712109,-0.1707682760024668,0.0183874846333867,0.044116346205444,0.0822722272259734,-1,-1,-1
2013-07-03,0,13.623841285705566,13.82419204711914,13.313298225402832,13.50363063812256,8.238044738769531,35341843,11.856192335966092,-0.0114323766063248,-0.0269166136518284,-0.1746024445965886,0.0183807891183791,0.0440994552930123,0.0824392172866577,-1,-1,-1
2013-07-04,0,13.749059677124023,13.804157257080078,13.623841285705566,13.67392921447754,8.341931343078613,19165002,10.719957671042248,0.0125317386901854,-0.0194249562039318,-0.1670396007181463,0.018375287899491,0.0440782239132117,0.082586632986541,1,-1,-1
2013-07-05,0,13.603805541992188,13.67392921447754,12.942648887634276,13.423490524291992,8.1891508102417,49985771,11.035093286963516,-0.0184845591537797,-0.0578175047771614,-0.1502111651810285,0.0183751414742414,0.0440948962993089,0.0826952670775429,-1,-1,-1
2013-07-08,0,13.368393898010254,13.703981399536133,13.127972602844238,13.468568801879885,8.216650009155273,20114138,10.174614432876126,0.0033523782191801,-0.0663620183476452,-0.1561225540765847,0.0183649478277806,0.0441250894181034,0.0828158721103323,1,-1,-1
2013-07-10,0,13.598796844482422,13.683945655822754,13.423490524291992,13.518656730651855,8.247203826904297,19997942,9.853074491968876,0.0037116282894042,-0.0544382590365331,-0.1460318425935404,0.0183548561148219,0.0441365817544013,0.0829142532949168,1,-1,-1
2013-07-11,0,13.693964004516602,13.909340858459473,13.548709869384766,13.8592529296875,8.454995155334473,26153551,9.889788133831212,0.0248831965316257,0.0145620059702913,-0.1192264483441367,0.0183640531491364,0.0441143470848183,0.082962375406159,1,1,-1
2013-07-12,0,13.784122467041016,13.89932346343994,13.603805541992188,13.713998794555664,8.366381645202637,18334658,9.612633476130682,-0.0105359187773139,0.0154584637993019,-0.0965133128381931,0.0183568310594326,0.044092528495749,0.0829761989569546,-1,1,-1
2013-07-15,0,13.754069328308104,14.029550552368164,13.653894424438477,13.964436531066896,8.519161224365234,17576786,8.995539882841785,0.0180963975715443,0.021023122680661,-0.0760937120325787,0.0183567741737149,0.0440735875176947,0.0829656356657356,1,1,-1
2013-07-16,0,14.094664573669434,14.159778594970703,13.82419204711914,14.044577598571776,8.568046569824219,20228737,9.116351134504692,0.005721880300502,0.0452295621349428,-0.0677105177683472,0.0183473403486466,0.0440764412652791,0.0829467958691198,1,1,-1
2013-07-17,0,14.054594993591309,14.284997940063477,14.049586296081545,14.224892616271973,8.678054809570312,18518336,8.454600309527764,0.0127576348271577,0.0546348187429203,-0.0334033800755878,0.018342061397214,0.0440917826397066,0.0829047425039412,1,1,-1
2013-07-18,0,14.1748046875,14.330077171325684,14.054594993591309,14.244928359985352,8.690278053283691,23694062,8.102857154449278,0.0014075324129152,0.0523307228664313,-0.0374264659882979,0.0183316436578702,0.0441037087095547,0.0828646052465968,0,1,-1
2013-07-19,0,14.099674224853516,14.274980545043944,14.064613342285156,14.249937057495115,8.693337440490723,12137921,7.878564025170851,0.0003519851482808,0.0277995114830862,-0.030962451696569,0.0183211741527782,0.0440892300402304,0.0828216605573453,0,1,-1
2013-07-22,0,14.1748046875,14.590533256530762,14.069621086120604,14.48534870147705,8.836950302124023,22907441,7.024749873049866,0.0163849078405217,0.0547203381009221,-0.002240906234174,0.0183192517136987,0.0441043930552121,0.0827732154716775,1,1,0
2013-07-23,0,14.62559413909912,14.866015434265137,14.575507164001465,14.68069076538086,8.956125259399414,20246506,7.091019326417549,0.0133958560463387,0.0500197965757164,-0.0001593922187497,0.0183145170933079,0.0441129094135692,0.082724904341473,1,1,0
2013-07-24,0,14.675682067871094,14.750812530517578,14.30002498626709,14.50538444519043,8.849170684814453,23960395,7.285388734753918,-0.0120139380277721,0.0322839782474421,0.0144306623872884,0.0183084639561821,0.044101961833149,0.0826787350725102,-1,1,1
2013-07-25,0,14.44027042388916,14.600549697875977,14.395191192626951,14.525419235229492,8.861393928527832,18046762,7.032810007291621,0.0013803338200677,0.0209066772403522,0.0500023048613227,0.0182981198639932,0.0440828927832466,0.0826502127681379,0,1,1
2013-07-26,0,14.525419235229492,14.525419235229492,14.525419235229492,14.525419235229492,8.861393928527832,0,6.399823804645712,0.0,0.0194991448274372,0.04602444008703,0.0182877209832241,0.0440630761857883,0.0826188574108003,0,1,1
2013-07-29,0,14.555472373962402,14.660655975341797,14.33508586883545,14.52040958404541,8.858344078063965,10247036,6.156492508235328,-0.0003442320075894,0.0188029276715667,0.040640126837152,0.0182773402075869,0.0440429230257161,0.0825840363503119,0,1,1
2013-07-30,1,14.7207612991333,15.056347846984863,14.555472373962402,14.635611534118652,8.928627014160156,29898985,6.542883674569379,0.0079027847427171,0.0103208045737621,0.0286349221604192,0.0182689879224757,0.0440194161356275,0.0825429549148086,1,1,1
2013-07-31,0,14.525419235229492,14.745804786682127,14.465313911437988,14.58552360534668,8.898058891296387,26625523,6.857375265191257,-0.0034294824047587,-0.0065045338773352,0.0133085479659966,0.0182589744002435,0.0439947583504427,0.0824968491380527,-1,-1,1
2013-08-01,0,14.710742950439451,15.121461868286133,14.670673370361328,15.061356544494627,9.19308376312256,29208994,7.115747878742537,0.0326182856112538,0.0381276897616908,0.054138964598958,0.0182818537442029,0.04398933277887,0.0824716506572987,1,1,1
2013-08-02,0,14.971199035644531,15.206610679626465,14.966190338134766,14.976207733154297,9.141114234924316,19771139,7.426108247814828,-0.0056691508832042,0.0310782050584186,0.0925868821909523,0.018272476111181,0.0439774360202434,0.08248737090188,-1,1,1
2013-08-05,0,15.00125217437744,15.076382637023926,14.68069076538086,14.740796089172363,8.997425079345703,15781933,7.176721472473017,-0.0158438514706638,0.0152343535877546,0.0881754073266133,0.01826979366991,0.0439557649961689,0.0824971736358592,-1,1,1
2013-08-06,0,14.700725555419922,14.825944900512695,14.330077171325684,14.40019989013672,8.789534568786621,22416103,7.241494884730604,-0.0233766738922053,-0.0077980882968612,0.0522669947442223,0.0182761412708951,0.0439314834614633,0.082470386046694,-1,-1,1
2013-08-07,0,14.199849128723145,14.30503273010254,14.074629783630373,14.23491096496582,8.773293495178223,18710599,7.043933501979407,-0.0018494832584763,-0.0175503562980548,0.0689020706395257,0.018265935482588,0.0439102408063669,0.0824582158552165,-1,-1,1
2013-08-08,0,14.31004238128662,14.685699462890623,14.23491096496582,14.645628929138184,9.02642822265625,24896155,7.311347925125418,0.0284444665607674,0.0143235926674711,0.093994158981113,0.0182808276444666,0.0438883257488564,0.0824752804617095,1,1,1
2013-08-09,0,14.7207612991333,14.835962295532228,14.490358352661133,14.71575164794922,9.0696439743042,22500355,8.153447345033142,0.0047762667316201,-0.0135184262121625,0.0950587974233287,0.0182712943386582,0.0438656235458591,0.0824935872843096,1,-1,1
2013-08-12,0,14.82093620300293,15.341848373413086,14.775856971740724,15.10142707824707,9.307348251342772,44430709,9.485323623503902,0.0258712124722896,0.0180219371433316,0.0960468133639927,0.0182817720203928,0.0438453949323762,0.0825130379966233,1,1,1
2013-08-13,0,15.276734352111816,15.276734352111816,15.00625991821289,15.206610679626465,9.372174263000488,27522750,9.448148333391236,0.0069408917559259,0.0408066803699215,0.1135236238972326,0.0182730391433962,0.0438428399937566,0.0825581809843536,1,1,1
2013-08-14,0,15.081392288208008,15.286750793457031,15.051339149475098,15.056347846984863,9.279560089111328,32060395,9.698177741003336,-0.009930972992244,0.0542523812698827,0.0854962533334441,0.0182657713218659,0.0438568721344208,0.0825636263696185,-1,1,1
2013-08-15,0,14.845979690551758,15.10142707824707,14.750812530517578,14.931129455566406,9.202387809753418,25571571,9.561172324073093,-0.0083511465663527,0.0477507179620064,0.0714232264665894,0.0182576361501743,0.0438621837291184,0.0825533181704784,-1,1,1
2013-08-16,0,14.871024131774902,14.901076316833496,14.47533130645752,14.62559413909912,9.014074325561523,40452084,10.320071410011847,-0.0206758251138069,-0.0013695737125678,0.0379897665256246,0.0182603647942557,0.0438375432863557,0.0825169032844765,-1,0,1
2013-08-19,0,14.490358352661133,14.640621185302734,14.290006637573242,14.495366096496582,8.933818817138672,23292366,10.592805447280876,-0.0089432272296012,-0.0150890676737893,0.0276390068831082,0.0182525431808453,0.0438156323177472,0.0824756146207387,-1,-1,1
2013-08-20,0,14.465313911437988,14.735787391662598,14.340094566345217,14.340094566345217,8.838120460510254,22660075,10.60619748534033,-0.0107697061202541,-0.0517299862663332,0.0165173156145731,0.0182458133619004,0.0438244935316341,0.0824307636605475,-1,-1,1
2013-08-21,0,14.31004238128662,14.525419235229492,14.13974380493164,14.23491096496582,8.773293495178223,24765184,10.825392563084254,-0.0073619594983439,-0.0660328375206031,-0.0072295517242925,0.018237236084009,0.0438545087957418,0.0823839853813341,-1,-1,0
2013-08-22,0,14.42023468017578,14.52040958404541,14.149762153625488,14.244928359985352,8.779468536376953,20385662,10.636612289316858,0.0007035976950379,-0.0553982668333211,-0.0199218100755933,0.0182271130102477,0.043868066977481,0.0823394121587651,0,-1,-1
2013-08-23,0,14.330077171325684,14.83095359802246,14.279989242553713,14.730777740478516,9.07890510559082,25441599,10.747663717358703,0.0335377276071815,-0.0135093926597868,0.0256298555593605,0.018251544108011,0.0438456152108622,0.0822976346781792,1,-1,1
2013-08-26,0,14.725769996643066,14.815926551818848,14.425244331359863,14.480340003967283,8.924555778503418,15974595,9.6295179430112,-0.0171470485474696,-0.0099806160934496,0.0071024731918228,0.0182502174812566,0.0438222144337645,0.0822513655420607,-1,-1,0
2013-08-27,0,14.325068473815918,14.405208587646484,14.029550552368164,14.074629783630373,8.674514770507812,21962697,9.351257458983598,-0.0284171636771616,-0.0294545525410099,-0.0213146904853386,0.018264351574197,0.0438082144013789,0.0822073966939882,-1,-1,-1
2013-08-28,0,14.144753456115724,14.315051078796388,13.979463577270508,14.124717712402344,8.705378532409668,16037085,8.699690699589482,0.0035516667228895,-0.0151331796978661,-0.0174187917548597,0.0182546560649598,0.0437864118967027,0.0821625362589116,1,-1,-1
2013-08-29,0,14.224892616271973,14.52040958404541,14.19484043121338,14.23991870880127,8.776378631591797,18077109,8.383318971474623,0.0081228092688869,0.0003515890693648,-0.01719876722869,0.0182466387342228,0.0437620706721171,0.0821177010522116,1,0,-1
2013-08-30,0,14.224892616271973,14.580514907836914,14.19484043121338,14.530427932739258,8.955426216125488,22867112,7.7236811919503,0.0201957636790384,0.0198437550533653,0.0064264788551072,0.0182490901184452,0.0437431850838336,0.0820716731249654,1,1,0
2013-09-02,0,14.85098934173584,15.02629566192627,14.62559413909912,14.675682067871094,9.04962921142578,15124685,7.429803005365014,0.0104641560553727,-0.0032298164984436,-0.0157276507007739,0.0182424129969446,0.0437189767002691,0.0820266874060456,1,0,-1
2013-09-03,0,14.685699462890623,14.805910110473633,14.47533130645752,14.530427932739258,8.960055351257324,19143440,7.311181328885425,-0.0099473811958809,0.003969850853145,-0.0200058810134505,0.0182352668492908,0.0436950275233259,0.0819827383145625,-1,0,-1
2013-09-04,0,14.48534870147705,14.620586395263672,14.350111961364746,14.565488815307615,8.981680870056152,13749695,6.924209435007411,0.0024106395283667,0.0347976540586736,-0.0017513900144198,0.0182254184942329,0.0436868953945602,0.0819365121489471,1,1,0
2013-09-05,0,14.530427932739258,14.780865669250488,14.52040958404541,14.7207612991333,9.077435493469238,18171544,6.866338073177845,0.0106046739892675,0.0418506613250517,0.0322299578670532,0.018218868918263,0.0436857219069424,0.0818981876554883,1,1,1
2013-09-06,0,14.876032829284668,15.141496658325195,14.845979690551758,15.021286964416504,9.262742042541504,26888263,6.94093388885044,0.0202084036481844,0.0539362557043492,0.0542878447737141,0.018221310150707,0.0436993480766033,0.0818734594509039,1,1,1
2013-09-09,0,15.111445426940918,15.57726001739502,15.081392288208008,15.442023277282717,9.522191047668455,30137566,7.536842298029107,0.0276248526591039,0.0613653446844147,0.0534682308720508,0.0182344323016743,0.0437237850434349,0.0818481099926839,1,1,1
2013-09-10,0,15.406962394714355,15.702479362487791,15.406962394714355,15.552215576171877,9.590143203735352,24882179,7.735360503850776,0.0071108470060606,0.0580120356351027,0.0558028111464912,0.0182259818421792,0.043742957282637,0.0818245544309601,1,1,1
2013-09-11,0,15.48209285736084,15.602304458618164,15.3518648147583,15.477084159851074,9.543805122375488,20929708,7.983529960664629,-0.0048435556698628,0.0631158611611208,0.0250880430043386,0.0182166844419789,0.043769823653254,0.0817834417803283,-1,1,1
2013-09-12,0,15.527172088623049,15.552215576171877,15.276734352111816,15.442023277282717,9.522191047668455,15535764,7.939305899585359,-0.0022672913361976,0.0584379302965562,0.0158798599122149,0.0182068616741226,0.0437893127160824,0.0817396492108151,-1,1,1
2013-09-13,0,15.51214599609375,15.677434921264648,15.326821327209473,15.6674165725708,9.661174774169922,18716987,7.840448342019161,0.0144902786748052,0.0623235349820937,0.0403011115792642,0.0182032674923796,0.0438145730814465,0.0817057249518779,1,1,1
2013-09-16,0,15.73253059387207,15.802654266357422,15.452040672302246,15.572251319885254,9.60248851776123,16224557,7.918535811111512,-0.0060929675811056,0.0360221637528035,0.0425592905645112,0.0181944216796043,0.0438070710722478,0.081673151663145,-1,1,1
2013-09-17,0,15.622339248657228,15.82769775390625,15.582267761230469,15.822689056396484,9.756916999816896,19107902,7.980053662286535,0.015954183875671,0.0243514949693706,0.0791892995539893,0.0181921779965851,0.0437906490830696,0.0816716283367147,1,1,1
2013-09-18,0,15.75256633758545,16.418731689453125,15.722514152526855,16.278486251831055,10.03798484802246,28250674,8.640645111101259,0.0283999124120683,0.0456405603753783,0.1165324391956589,0.0182064575271421,0.0437930038485935,0.081720364759069,1,1,1
2013-09-19,0,16.278486251831055,16.278486251831055,15.93288230895996,16.178312301635742,9.976211547851562,29353341,9.168361256146747,-0.00617296793812,0.0443111481071212,0.1211291773777931,0.0181976830599182,0.0437937962866745,0.0817762430827085,-1,1,1
2013-09-20,0,16.123214721679688,16.2283992767334,15.687453269958496,15.687453269958496,9.673528671264648,21609117,9.003207142149048,-0.0308102618019455,0.0157681776413734,0.0976808750741916,0.0182160696475014,0.0437730288889481,0.0817966408965537,-1,1,1
2013-09-23,0,16.123214721679688,16.2283992767334,15.657400131225586,15.82769775390625,9.760010719299316,24839255,8.819394420028903,0.0089003466835243,0.0101782456500926,0.1058776240626781,0.0182085645781032,0.043750460451992,0.0818282348945796,1,1,1
2013-09-24,0,16.123214721679688,16.2283992767334,15.657400131225586,15.767593383789062,9.722945213317873,18462633,8.575465654933723,-0.0038049206524277,0.0124662925787706,0.0685349758030687,0.0181991088881844,0.0437285804685124,0.08181517281459,-1,1,1
2013-09-25,0,15.76258373260498,15.842723846435549,15.622339248657228,15.78261947631836,9.732208251953123,17848111,8.467980085930249,0.0009522453114275,-0.0025356459854728,0.086634269661966,0.0181892771928386,0.0437048285016256,0.0818211943745077,0,0,1
2013-09-26,0,15.777609825134276,15.882794380187988,15.672426223754885,15.777609825134276,9.72912311553955,10529141,8.280243302201514,-0.0003170529683872,-0.0312526113659284,0.1147343803707403,0.0181794340469761,0.0436930886601503,0.0818654773317029,0,-1,1
2013-09-27,0,15.697469711303713,16.27347755432129,15.682443618774414,16.128223419189453,9.945327758789062,29192423,8.732097583891946,0.0219790985021796,-0.0031005449256287,0.1331618121500304,0.0181840141443306,0.0436694427292558,0.0819403137717545,1,0,1
2013-09-30,0,15.697469711303713,16.27347755432129,15.682443618774414,15.747557640075684,9.710590362548828,23702847,9.038997117593036,-0.0238857890124297,0.0038239278638868,0.1011532138687136,0.0181910868504953,0.0436459271742339,0.0819641168009587,-1,0,1
2013-10-01,0,15.787628173828123,15.962935447692873,15.507137298583984,15.90282917022705,9.811017036437988,18343442,9.01231343417513,0.0102888617490697,0.0052124429294323,0.0912463119387451,0.0181844381166364,0.0436226111972188,0.0819748900989731,1,1,1
2013-10-02,0,15.852742195129396,16.008014678955078,15.81768035888672,15.837716102600098,9.770851135253906,16081408,8.490511939121163,-0.0041023621610032,0.0049150014208566,0.0766797937223691,0.0181751274648286,0.0435992939459276,0.081969102038662,-1,1,1
2013-10-03,0,15.85775089263916,15.93288230895996,15.75256633758545,15.877785682678224,9.795572280883787,13297887,7.819644382485293,0.0025268960257314,0.0064896521351605,0.0891540709439815,0.0181655378197701,0.0435762429528644,0.081977091749479,1,1,1
2013-10-04,0,15.82769775390625,16.038066864013672,15.742548942565918,15.90282917022705,9.811017036437988,11438148,7.420129141030847,0.0015754661352718,0.0083821712388197,0.0883188975508865,0.0181558457525942,0.0435535844406737,0.0819839562055896,0,1,1
2013-10-07,0,15.867768287658691,15.992986679077148,15.72752285003662,15.832707405090332,9.7677583694458,12555389,6.925799547948202,-0.0044189420929776,-0.0180158693563376,0.0732952814686411,0.0181466603484411,0.0435340198359036,0.0819745108445042,-1,-1,1
2013-10-08,0,15.877785682678224,15.962935447692873,15.57726001739502,15.777609825134276,9.733771324157717,14145601,6.753223922044848,-0.0034855808987181,0.002384338757374,0.0496012969217384,0.0181372730540463,0.0435106125528788,0.0819456707318523,-1,0,1
2013-10-09,0,15.81768035888672,16.068119049072266,15.78261947631836,15.947908401489258,9.838831901550291,17711350,6.755524300105307,0.0107355761746258,0.0028310531829299,0.0327120204372603,0.0181309820160742,0.043487273562636,0.0819076678036943,1,0,1
2013-10-10,0,16.0631103515625,16.27347755432129,15.90282917022705,16.2283992767334,10.01187515258789,21223393,7.209633805602863,0.0174349088886767,0.02436832423261,0.0430360823198765,0.0181302752399793,0.0434712998812164,0.0818748661077731,1,1,1
2013-10-11,0,16.173303604125977,16.258451461791992,16.00300407409668,16.07312774658203,9.916081428527832,18090286,6.751823581582215,-0.0096140777429008,0.0122273504639778,0.0382655602468384,0.0181232939144844,0.043449808848558,0.0818395444426964,-1,1,1
2013-10-14,0,16.053091049194336,16.268468856811523,15.937891006469728,16.188329696655273,9.987150192260742,17764258,6.534131902731906,0.0071414599529993,0.0177933442817052,0.0476743115360356,0.0181151227493577,0.0434304292302236,0.0818095804952733,1,1,1
2013-10-15,0,16.183319091796875,16.278486251831055,16.0631103515625,16.253442764282227,10.027321815490724,24638007,6.8109610356160815,0.00401426299522,0.026226549369903,0.0371982958564503,0.0181059320031783,0.0434156765215892,0.0817738053852906,1,1,1
2013-10-16,0,16.27347755432129,16.51890754699707,16.218381881713867,16.438766479492188,10.14166259765625,24902544,7.204730544124288,0.0113384000686485,0.0410505303372695,0.0546296635062044,0.0181000688441253,0.043413256451385,0.0817485717821432,1,1,1
2013-10-17,0,16.29351234436035,16.654144287109375,16.29351234436035,16.57901382446289,10.228184700012209,24007513,7.680488638276865,0.0084951665502286,0.0388101207128723,0.0471706461807619,0.0180925503454621,0.0434085914903455,0.0817183651767241,1,1,1
2013-10-18,0,16.568994522094727,16.99974822998047,16.568994522094727,16.98973274230957,10.481569290161133,27239647,8.395591051569912,0.0244712935718596,0.045846505396055,0.0432420273405531,0.0181004995488066,0.0434112237887854,0.0816858621623793,1,1,1
2013-10-21,0,16.934635162353516,16.979713439941406,16.6942138671875,16.83445930480957,10.38576889038086,15711456,8.562869966209536,-0.0091819159692334,0.0462786671697225,0.0402330793094397,0.0180933714215846,0.0434142838446848,0.0816517559436362,-1,1,1
2013-10-22,0,16.854494094848633,17.014774322509766,16.664161682128906,16.924617767333984,10.441401481628418,16717892,8.71500716707217,0.0053423218390699,0.0444795290557931,0.0763856629504551,0.0180845941899111,0.0434152816273753,0.0816452551362339,1,1,1
2013-10-23,0,16.83946990966797,16.884546279907227,16.629100799560547,16.6942138671875,10.299253463745115,15561519,8.657289694278003,-0.0137074016193977,0.0267578644411755,0.053777914647533,0.0180805324063116,0.0434008109713013,0.0816194572441714,-1,1,1
2013-10-24,0,16.77936363220215,16.794389724731445,16.468820571899414,16.61407470703125,10.249811172485352,14209889,8.381484437671997,-0.00481213014262,0.010607334229907,0.0527707051573407,0.0180716358137177,0.0433790248541452,0.0815929695229015,-1,1,1
2013-10-25,0,16.654144287109375,16.679187774658203,16.513898849487305,16.5289249420166,10.197275161743164,10697646,8.091398840156632,-0.0051387396220366,-0.0030265719423582,0.0466797202238765,0.0180628475480881,0.0433560726080337,0.0815625676270295,-1,0,1
2013-10-28,0,16.599048614501953,16.724266052246094,16.493864059448242,16.724266052246094,10.317790031433104,11866397,7.86452567874137,0.0117490492841477,-0.0157488162300701,0.0587458224764114,0.0180573309863484,0.0433361447623454,0.0815404288972946,1,-1,1
2013-10-29,1,17.275230407714844,17.35036277770996,17.13999366760254,17.335336685180664,10.694782257080078,38917774,8.562583555082549,0.0358863901275278,0.0293194898666912,0.0726531141017599,0.0180853535039138,0.0433235276514053,0.0815301497974282,1,1,1
2013-10-30,0,17.240169525146484,17.380414962768555,17.195091247558594,17.275230407714844,10.657705307006836,17560016,8.292693904215145,-0.0034728494491705,0.0205043185784507,0.0930660536650189,0.0180761751950136,0.0433055862346542,0.0815418231756183,-1,1,1
2013-10-31,0,17.180065155029297,17.38542366027832,17.044828414916992,17.320310592651367,10.685513496398926,23219893,8.303271007414958,0.0026058117459811,0.0368175319438295,0.0853830036619301,0.0180668388887553,0.0432989991431248,0.0815444433710374,1,1,1
2013-11-01,0,17.30528450012207,17.380414962768555,17.004758834838867,17.15502166748047,10.588129997253418,18934606,7.952384183657029,-0.0091553832239232,0.0324742788625262,0.08032998259901,0.0180597971206416,0.0432887451375236,0.0815415363267526,-1,1,1
2013-11-04,0,17.129976272583008,17.370397567749023,17.11495018005371,17.285249710083008,10.668513298034668,13214034,7.860769483060528,0.0075631587578348,0.0451761772423977,0.0853662453311136,0.0180519440561564,0.0432904192087994,0.0815439392285894,1,1,1
2013-11-05,0,17.260204315185547,17.335336685180664,16.879539489746094,16.99974822998047,10.492292404174805,19334305,7.977562157591014,-0.0166557899718868,0.0167713379863631,0.0671349892239547,0.0180505769347832,0.043270841413997,0.0815283440512471,-1,1,1
2013-11-06,0,16.969696044921875,16.979713439941406,16.60906410217285,16.794389724731445,10.36555290222168,18822802,8.121316520545621,-0.0121528432060731,-0.031267895347238,0.0594010881108592,0.0180454190638316,0.0432602077553366,0.081506461232619,-1,-1,1
2013-11-07,0,16.714248657226562,16.98973274230957,16.433759689331055,16.5439510345459,10.210980415344238,21747674,8.436650157671584,-0.0150244350848782,-0.0428194809829457,0.0478622339246992,0.0180425300376364,0.0432600771701236,0.0814767133985701,-1,-1,1
2013-11-08,0,16.51890754699707,16.55396842956543,15.952917098999023,16.10818862915039,9.942018508911133,20061231,8.80953178682737,-0.0266935832160411,-0.0721188759449679,0.0104330745340322,0.0180537458365777,0.0433010176988268,0.0814335688405389,-1,-1,1
2013-11-11,0,16.148258209228516,16.20335578918457,16.033056259155273,16.178312301635742,9.985301971435549,9589189,8.69941959170287,0.004344139558142,-0.0586193531629026,-0.0026576947965024,0.0180448527758781,0.0433202366099081,0.0813901435053942,1,-1,0
2013-11-12,0,16.113197326660156,16.568994522094727,16.02804946899414,16.153268814086914,9.969849586486816,21720722,7.875499223674839,-0.0015487116690079,-0.0677312235897453,0.0054076712773905,0.0180354904188509,0.0433532881932934,0.0813467372493474,0,-1,0
2013-11-13,0,16.103179931640625,16.60405731201172,15.982970237731934,16.478836059570312,10.17078685760498,21658032,8.01220974427211,0.0199540802813709,-0.0311213533364875,0.018220291605762,0.0180376085055635,0.0433423138691323,0.0813050736397628,1,-1,1
2013-11-14,0,16.538942337036133,16.959678649902344,16.533933639526367,16.829450607299805,10.38719081878662,18632336,7.78698912718203,0.0210538174706757,0.0020853073402613,0.0352598460812176,0.0180409997649061,0.0433196417822686,0.0812690268476476,1,0,1
2013-11-18,0,16.914600372314453,17.06987190246582,16.879539489746094,17.05985450744629,10.52939510345459,19686887,7.815086349056942,0.0135974844289745,0.0307072268541141,0.0375189304415438,0.0180369158638157,0.043308304097884,0.0812340455038183,1,1,1
2013-11-19,0,16.994739532470703,16.994739532470703,16.478836059570312,16.60405731201172,10.24808120727539,16108560,7.914567348921423,-0.027080390659575,0.0303204194105802,0.0019433732317402,0.0180487200586431,0.0432966794274855,0.0811908244071366,-1,1,0
2013-11-21,0,16.408714294433594,16.60405731201172,16.353618621826172,16.433759689331055,10.142971992492676,18245614,7.841130058918919,-0.0103094376448388,0.0156668422075994,-0.0328373579849582,0.0180424018539961,0.0432769683475207,0.0811555852923389,-1,1,-1
2013-11-22,0,16.313547134399414,16.398696899414062,15.907837867736816,16.188329696655273,9.991490364074709,28045833,8.19234181535192,-0.0150472839989362,0.002168269877671,-0.0387027260146609,0.0180395426332987,0.0432544251853913,0.0811232778963397,-1,0,-1
2013-11-25,0,16.233407974243164,16.268468856811523,15.65239143371582,15.947908401489258,9.843098640441896,22597185,8.193832510365848,-0.0149632031497482,-0.0327490135534481,-0.0590082510034792,0.0180366030026676,0.0432448940205939,0.0811044563548406,-1,-1,-1
2013-11-26,0,15.882794380187988,16.453794479370117,15.807662963867188,16.02804946899414,9.892558097839355,27344662,8.487060939986748,0.0050122032012848,-0.048790627822839,-0.0402886461827967,0.0180279855263055,0.0432511307140459,0.0810730492241765,1,-1,-1
2013-11-27,0,16.113197326660156,16.50889015197754,16.09817123413086,16.453794479370117,10.155335426330566,25683774,9.168251666740716,0.0262164579667089,-0.0361716542851046,-0.0092600580734677,0.0180384031517572,0.0432443943472009,0.081030933661045,1,-1,-1
2013-11-28,0,16.5289249420166,16.574003219604492,16.188329696655273,16.303531646728516,10.062594413757324,13426462,8.832157948192949,-0.0091741997103963,-0.0182654633359259,-0.0132955181618274,0.0180314854663738,0.043225925645598,0.0809895688145367,-1,-1,-1
2013-11-29,0,16.348609924316406,16.513898849487305,16.23841667175293,16.498872756958008,10.183161735534668,16645020,8.622612133621434,0.0119105205255466,0.0039544948344596,-0.0131340469204284,0.0180262362086922,0.0432036647209921,0.0809482357043093,1,0,-1
2013-12-02,0,16.253442764282227,16.654144287109375,16.083145141601562,16.138240814208984,9.965112686157228,25046891,8.853934266718493,-0.0216452841646338,-0.0026435053312379,-0.0706657212125902,0.0180303364343209,0.0431813341225297,0.0809396381720405,-1,0,-1
2013-12-03,0,15.977960586547852,16.178312301635742,15.777609825134276,15.777609825134276,9.742430686950684,20439967,8.820278179105681,-0.0225996180931991,-0.0102799202746889,-0.0897924898566188,0.0180356042926618,0.0431602208758516,0.0809513495647796,-1,-1,-1
2013-12-04,0,15.917856216430664,16.053091049194336,15.622339248657228,15.712495803833008,9.70221710205078,20326765,8.952874992285675,-0.0041362170884657,-0.0194283405644395,-0.0965345186910655,0.0180267931736873,0.0431423926204327,0.0809712126534455,-1,-1,-1
2013-12-05,0,15.917856216430664,16.053091049194336,15.487101554870604,15.57726001739502,9.618708610534668,25583749,9.204666360381957,-0.0086444110161099,-0.0542892095472583,-0.0960235464832522,0.0180196262792777,0.0431553251432249,0.0809902504928084,-1,-1,-1
2013-12-06,0,15.79263687133789,15.917856216430664,15.527172088623049,15.742548942565918,9.720779418945312,18764304,8.801026820561106,0.0105557867943735,-0.0345592230424885,-0.0930309184467136,0.018013572745634,0.0431472386867335,0.0810053987075891,1,-1,-1
2013-12-09,0,15.852742195129396,16.123214721679688,15.787628173828123,15.89281177520752,9.813559532165527,12672384,8.396359298572957,0.0094992526878295,-0.0369704908802058,-0.0668758757869972,0.0180069169683105,0.0431411917057999,0.0809929135262044,1,-1,-1
2013-12-10,0,15.812671661376951,15.92787265777588,15.767593383789062,15.79263687133789,9.751708030700684,11094550,7.726551766010152,-0.006322602776615,-0.0216478094921869,-0.0610456353575391,0.0179988058903578,0.0431244595566176,0.0809754799593093,-1,-1,-1
2013-12-11,0,15.777609825134276,15.82769775390625,15.356874465942385,15.371899604797363,9.491908073425291,18619159,7.379528119802432,-0.0270027984134486,-0.0260509898124364,-0.0730239986861094,0.0180102517537322,0.0431102306138423,0.0809685711296913,-1,-1,-1
2013-12-12,0,15.396944046020508,15.572251319885254,15.29676914215088,15.502127647399902,9.57231903076172,17144744,7.49923807164693,0.0084358451834144,-0.0134789275405562,-0.0378945702866539,0.0180030860463438,0.0430901475422866,0.0809359895454017,1,-1,-1
2013-12-13,0,15.552215576171877,15.71750545501709,15.426997184753418,15.562232971191406,9.6094388961792,14792467,7.386371103211538,0.0038703347102218,-0.0009641818142243,-0.038368375134574,0.0179943179791672,0.0430680053959038,0.0809036816773264,1,0,-1
2013-12-16,0,15.572251319885254,15.787628173828123,15.527172088623049,15.61232089996338,9.64036750793457,15894136,6.988699462037346,0.0032133973422847,-0.0083065712663131,-0.0336062661232814,0.0179854285932686,0.0430466684450639,0.0808691401047837,1,-1,-1
2013-12-17,0,15.642374038696287,15.722514152526855,15.552215576171877,15.63235569000244,9.652731895446776,17431840,6.861313501343974,0.0012817421344741,-0.0165240818196687,-0.0522786042701783,0.0179763004545432,0.0430277464194123,0.0808451894597987,0,-1,-1
2013-12-18,0,15.722514152526855,16.02804946899414,15.607312202453612,15.72752285003662,9.71150016784668,21159505,6.895463943798416,0.0060697943133576,-0.0041316847296959,-0.0672626274274965,0.0179681974406962,0.0430058769259862,0.0808329376386725,1,0,-1
2013-12-19,0,15.92787265777588,16.123214721679688,15.747557640075684,16.078136444091797,9.92800235748291,14853960,6.488537769030961,0.0220485177869251,0.0449196314706778,-0.0588115940695458,0.0179728653041102,0.0430081295615299,0.0808137107302709,1,1,-1
2013-12-20,0,16.02804946899414,16.088153839111328,15.75256633758545,15.697469711303713,9.692941665649414,25104589,6.739981608268105,-0.023961328061507,0.0125224582257563,-0.0556925314714779,0.0179799245393819,0.0429880623493989,0.0807921479792504,-1,1,-1
2013-12-23,0,15.777609825134276,15.90282917022705,15.682443618774414,15.76258373260498,9.796793937683104,12261504,6.722494386923577,0.0106572256367782,0.0193093491523125,-0.0347258681898608,0.017974021897602,0.0429706198583281,0.0807582301429804,1,1,-1
2013-12-26,0,15.842723846435549,15.952917098999023,15.767593383789062,15.872776985168455,9.865281105041504,10683471,6.710959251238276,0.0069664513222655,0.0230624031322935,-0.012712132868659,0.0179662795535887,0.0429550994442644,0.0807174733092418,1,1,-1
2013-12-27,0,15.847732543945312,16.018030166625977,15.822689056396484,15.82769775390625,9.837265968322754,13333026,6.522910424671385,-0.0028438105484434,0.018936850449376,-0.0005927402673541,0.0179573901698717,0.0429375223498023,0.0806756491753674,-1,1,0
2013-12-30,0,15.887803077697754,16.0631103515625,15.702479362487791,16.0631103515625,9.9835786819458,19352873,6.642975477008847,0.0147637877029566,0.0276308438389752,0.0091588442343177,0.0179544617723863,0.042924790521863,0.0806343499081323,1,1,1
2014-01-02,0,15.79764461517334,15.897821426391602,15.622339248657228,15.787628173828123,9.816948890686035,25333788,7.082669165946959,-0.0168312409204314,-0.0112489148683814,-0.0338888546528226,0.0179533369662278,0.0429044219059565,0.0806002756263339,-1,-1,-1
2014-01-03,0,15.777609825134276,15.917856216430664,15.682443618774414,15.757575035095217,9.79826545715332,40048592,8.069655648152539,-0.0019049946487034,0.0108074185444222,-0.0266196495911298,0.0179443567660125,0.0428840281321572,0.0805633706392162,-1,1,-1
2014-01-06,0,15.71750545501709,15.877785682678224,15.682443618774414,15.78261947631836,9.813833236694336,25543620,8.409746556646427,0.0015875692911561,0.0017377621988,-0.0369426008255205,0.017935365744449,0.0428622942972538,0.080530787991113,0,0,-1
2014-01-07,0,15.767593383789062,15.942899703979492,15.607312202453612,15.662408828735352,9.739089965820312,25317616,8.579263936638485,-0.0076452645123163,-0.012873953635782,-0.022942581173203,0.0179279433230445,0.0428424814517958,0.0804927859014664,-1,-1,-1
2014-01-08,0,15.702479362487791,15.907837867736816,15.702479362487791,15.907837867736816,9.891698837280272,21595142,8.852202126058096,0.0155482234948636,0.005518080407525,0.0152052604148598,0.0179257326556631,0.0428211479074101,0.0804527117578744,1,1,1
2014-01-09,0,15.802654266357422,15.822689056396484,15.401952743530272,15.411970138549805,9.583361625671388,30000606,9.03446770703394,-0.0316674733020219,-0.0409131805974535,-0.0123259957986963,0.0179447918231096,0.0428191319375411,0.0804123677459522,-1,-1,-1
2014-01-10,0,15.467066764831545,15.657400131225586,15.376909255981444,15.487101554870604,9.630088806152344,21302854,9.385324696458415,0.0048640167753239,-0.0192179229016982,0.0011824319927375,0.0179364415490168,0.042801767862256,0.0803710383127493,1,-1,0
2014-01-13,0,15.48209285736084,15.622339248657228,15.41697883605957,15.41697883605957,9.58647918701172,20059434,9.74393522431387,-0.0045387598889177,-0.0218516881419125,-0.0139121146905538,0.0179279896088213,0.0427856880527276,0.0803310937368516,-1,-1,-1
2014-01-14,0,15.41697883605957,15.712495803833008,15.366891860961914,15.647381782531738,9.729744911193848,25900794,10.242615020136636,0.0148339914205904,-0.0086052660124781,-0.0085773759577928,0.0179251921257972,0.0427649293188211,0.0802904106826298,1,-1,-1
2014-01-15,0,15.777609825134276,15.777609825134276,15.607312202453612,15.65239143371582,9.732860565185549,20847453,10.282619231972555,0.0003201682346279,-0.0006398332655338,-0.0019346049465499,0.0179162039722908,0.0427433712319741,0.0802493045256098,0,0,0
2014-01-16,0,15.722514152526855,15.742548942565918,15.261707305908203,15.326821327209473,9.530412673950195,29822718,10.429202678645662,-0.021019828009839,-0.0372078847702366,0.0040483654570595,0.0179195217272304,0.0427379636039162,0.0802083066554551,-1,-1,0
2014-01-17,0,15.376909255981444,15.401952743530272,15.016278266906738,15.02629566192627,9.343538284301758,21800582,9.650478514489995,-0.0198030075486635,-0.0253434190168781,-0.0241904872750183,0.0179214260900468,0.0427238728177323,0.0801711633637725,-1,-1,-1
2014-01-20,0,15.011268615722656,15.086400985717772,14.83095359802246,14.906085014343262,9.268794059753418,8649436,8.946861837973788,-0.008031731324229,-0.0382391671164311,-0.0360925533094692,0.0179142252342513,0.0427193468679251,0.0801387060121485,-1,-1,-1
2014-01-21,0,15.116453170776367,15.116453170776367,15.096418380737305,15.116453170776367,9.399600982666016,22494765,8.801902518071348,0.0140139592486816,-0.0196864479788317,-0.0252919914030724,0.0179108179209564,0.0427023084757358,0.0801020103420118,1,-1,-1
2014-01-22,0,15.216629028320312,15.301777839660645,15.02629566192627,15.151515007019045,9.421409606933594,20587109,8.720803832164338,0.0023174774727838,-0.0322029619266384,-0.0242562560647626,0.0179020377039649,0.04269281601286,0.0800650328154996,1,-1,-1
2014-01-23,0,15.031304359436035,15.406962394714355,14.810918807983398,14.85098934173584,9.234533309936523,24941475,8.484833948950385,-0.0200346397493181,-0.0525577699105842,-0.0503606901274382,0.0179041972093735,0.042703372995137,0.0800406023409426,-1,-1,-1
2014-01-24,0,14.85098934173584,14.971199035644531,14.480340003967283,14.655647277832031,9.113072395324709,30606544,8.789252455104767,-0.0132401677821107,-0.044778109682856,-0.0856493756964742,0.0179000828235282,0.0427050516088686,0.0800467898060564,-1,-1,-1
2014-01-27,0,14.725769996643066,15.086400985717772,14.60555934906006,14.951164245605469,9.296825408935549,22928005,8.875324661725916,0.0199630783430231,-0.0050120237911692,-0.0417249692919439,0.0179023613510098,0.0426839371166714,0.0800172645842512,1,-1,-1
2014-01-28,0,15.13148021697998,15.276734352111816,15.00125217437744,15.056347846984863,9.362227439880373,20113739,8.612470740479868,0.0070102485174758,0.0100299560505354,-0.0453719464112464,0.0178948589516512,0.0426638972593285,0.0799897875248895,1,1,-1
2014-01-29,0,14.976207733154297,15.051339149475098,14.660655975341797,14.770848274230955,9.18470573425293,24936684,8.720299759899891,-0.0191435560129954,-0.0231275592111414,-0.0714819537465074,0.0178960476391488,0.0426486163997056,0.0799816989449249,-1,-1,-1
2014-01-30,0,14.825944900512695,15.00625991821289,14.630602836608888,14.78587532043457,9.194051742553713,23331099,8.432617574530175,0.0010170447178692,-0.0244279919660561,-0.0676210984801947,0.017887202914491,0.0426340567407112,0.079970159062418,0,-1,-1
2014-01-31,0,14.700725555419922,15.2016019821167,14.62559413909912,15.156522750854492,9.424516677856444,25224180,8.57304766036221,0.0247577259259632,0.0203643737092251,-0.0576271602571883,0.0178954351320733,0.0426178977197736,0.0799506694177602,1,1,-1
2014-02-03,0,15.02629566192627,15.116453170776367,14.745804786682127,14.976207733154297,9.317015647888184,35590207,9.610556140629644,-0.0114720831896799,0.0221324583016561,-0.0522680025264367,0.0178901662689249,0.0426026507019011,0.0799274556487679,-1,1,-1
2014-02-04,0,15.592286109924316,15.887803077697754,15.411970138549805,15.702479362487791,9.768847465515137,64219019,11.326791482592162,0.0473561244484503,0.0495255044070833,-0.0030068834292827,0.0179433935908989,0.0426105829037313,0.0798871304729848,1,1,0
2014-02-05,0,15.677434921264648,15.852742195129396,15.386926651000977,15.627346992492676,9.722103118896484,32437734,11.827764849550077,-0.004796527089379,0.0377187288002284,-0.0093909798098179,0.0179351494295838,0.0426063398116778,0.0798473555251616,-1,1,-1
2014-02-06,0,15.737540245056152,16.128223419189453,15.65239143371582,15.952917098999023,9.924654960632324,26389138,11.958081149379286,0.0206200959726231,0.0774823807858471,0.0188743806751217,0.017938034264219,0.0426556552590791,0.0798093803233078,1,1,1
2014-02-07,0,15.992986679077148,16.178312301635742,15.65239143371582,15.942899703979492,9.918417930603027,22916825,11.745066143053382,-0.0006286355212098,0.0758367005467678,0.0026975216590479,0.0179291970199305,0.04270174119641,0.0797692342278713,0,1,0
2014-02-10,0,15.832707405090332,16.008014678955078,15.757575035095217,15.917856216430664,9.902836799621582,13375751,11.412057036006356,-0.0015721642653641,0.0495068103554404,0.0327928306957057,0.0179204286947641,0.0427092272074266,0.0797359243085678,0,1,1
2014-02-11,0,16.02804946899414,16.02804946899414,15.70748805999756,15.947908401489258,9.921530723571776,21671807,11.522268494326504,0.0018859546938121,0.0628648482389325,0.0298147686141942,0.0179117075223132,0.0427340481373599,0.0797014762932037,1,1,1
2014-02-12,0,16.018030166625977,16.023040771484375,15.672426223754885,15.777609825134276,9.815592765808104,18118037,11.3110038399263,-0.0107349964322361,0.0047737273582458,0.0236185320708756,0.0179060476036243,0.0427132034733586,0.0796649829707533,-1,1,1
2014-02-13,0,15.712495803833008,15.757575035095217,15.442023277282717,15.70748805999756,9.771961212158203,21342385,11.286449517711471,-0.0044550356683797,0.0051152187792452,0.0043295049819054,0.0178977869618105,0.0426924290117452,0.0796251401369895,-1,1,0
2014-02-14,0,15.72752285003662,15.852742195129396,15.507137298583984,15.82769775390625,9.84675121307373,17121584,11.001167938844834,0.0076243905917614,-0.0078804866016163,0.011633727339039,0.0178906110245857,0.0426720733880116,0.0795860925751242,1,-1,1
2014-02-17,0,15.837716102600098,15.982970237731934,15.602304458618164,15.627346992492676,9.722103118896484,11314564,10.086759754364085,-0.0127396093710067,-0.0199914604514132,0.0199139459778713,0.0178862627386561,0.0426556148019667,0.0795487456522618,-1,-1,1
2014-02-18,0,15.622339248657228,15.867768287658691,15.532180786132812,15.532180786132812,9.6628999710083,19989357,8.295064186346229,-0.0061081581141825,-0.0245274543002316,0.0336087954123525,0.0178785084935667,0.0426414896217816,0.0795160543589705,-1,-1,1
2014-02-19,0,15.271724700927734,15.597294807434082,15.151515007019045,15.57726001739502,9.857386589050291,22773276,7.920054431765881,0.0199272744513078,-0.0064861345427358,0.0615678011878893,0.0178806692477099,0.0426209843847736,0.0795000911214654,1,-1,1
2014-02-20,0,15.432005882263184,15.777609825134276,15.366891860961914,15.557225227355955,9.844708442687988,19455892,7.629689898420618,-0.0012869847690626,0.0029618771204376,0.0462668571701451,0.0178719710772292,0.0426001567467423,0.0794737798484514,0,0,1
2014-02-21,0,15.57726001739502,15.677434921264648,15.462058067321776,15.57726001739502,9.857386589050291,15399803,7.31815083338188,0.0012869847690626,0.00870389755788,0.0452363644664238,0.017863289714908,0.0425801495572243,0.0794468965795002,0,1,1
2014-02-24,0,15.51214599609375,15.75256633758545,15.457049369812012,15.662408828735352,9.91127109527588,14028407,7.345309370513462,0.0054515223578531,0.0065310293239715,0.0707225265735951,0.0178553933098343,0.042559782880067,0.079438482021026,1,1,1
2014-02-25,0,15.662408828735352,15.692461013793944,15.492111206054688,15.557225227355955,9.844708442687988,11507426,6.925517668745234,-0.0067385071269157,0.0125321315680627,0.0772241872287901,0.0178479200529377,0.0425407785589401,0.0794360187217396,-1,1,1
2014-02-26,0,15.61232089996338,15.622339248657228,15.426997184753418,15.497118949890137,9.806675910949709,18472416,6.939191811340554,-0.0038707277349173,0.0147695619473278,0.0533903811508494,0.0178396309239479,0.0425225073787715,0.0794141264010035,-1,1,1
2014-02-27,0,15.57726001739502,15.812671661376951,15.497118949890137,15.742548942565918,9.961983680725098,15851810,6.730218801273322,0.0157128473396153,0.0105551348356352,0.0620929799729891,0.0178377070275728,0.0425030233372695,0.0793984729112015,1,1,1
2014-02-28,0,15.78261947631836,15.952917098999023,15.517154693603516,15.63235569000244,9.892251968383787,24750410,7.044846472676208,-0.0070243952272349,0.0048177243774629,0.0742121407587495,0.0178303740641222,0.0424825413522518,0.0793930429208347,-1,1,1
2014-03-05,0,15.537190437316896,15.54720687866211,15.276734352111816,15.391935348510742,9.744792938232422,12559382,7.095962556869954,-0.0150187365370407,-0.0114879969286404,0.0581763595038396,0.0178278333987475,0.0424633054628697,0.0793744218902138,-1,-1,1
2014-03-06,0,15.477084159851074,15.822689056396484,15.29676914215088,15.81768035888672,10.014339447021484,16640827,6.986575712565729,0.0272849258462537,0.0103454065597603,0.0607035594241301,0.0178394735901132,0.0424438573414053,0.079357646357649,1,1,1
2014-03-07,0,15.70748805999756,15.907837867736816,15.426997184753418,15.502127647399902,9.81456470489502,18797646,6.821538621738219,-0.0201505338195483,-0.0030666201328723,0.0520251087942618,0.0178418334660161,0.0424232901843711,0.0793348331205954,-1,0,1
2014-03-10,0,15.432005882263184,15.51214599609375,15.041321754455566,15.301777839660645,9.687715530395508,18138801,6.756281698470529,-0.0130088340288432,-0.0122047264267981,-0.0083398496830318,0.0178377610403698,0.0424043334787845,0.0792961343333416,-1,-1,-1
2014-03-11,0,15.467066764831545,15.597294807434082,15.326821327209473,15.467066764831545,9.792360305786133,16657398,6.8029667783977406,0.0107438782961909,-0.0171736954702224,0.0072005557025381,0.0178322867728266,0.0423870623461482,0.079257249550448,1,-1,0
2014-03-12,0,15.311795234680176,15.381917953491213,15.126470565795898,15.276734352111816,9.671863555908203,18998893,6.987485506065468,-0.0123815149368804,-0.0225308151798679,-0.0258010552069654,0.0178277977597339,0.0423722314369016,0.0792225226210971,-1,-1,-1
2014-03-13,0,15.346856117248535,15.361883163452148,15.00625991821289,15.07137393951416,9.541839599609377,18784868,7.259649776687389,-0.0135347090715921,-0.0210467877144191,-0.0387071287573475,0.0178241139301809,0.0423566779676995,0.0791931208632404,-1,-1,-1
2014-03-14,0,15.056347846984863,15.176557540893556,14.575507164001465,14.670673370361328,9.288159370422363,25649434,7.495203950948313,-0.0269458940253333,-0.0752776075860065,-0.0640808585173168,0.0178350527844915,0.0424006162589657,0.0791801404098967,-1,-1,-1
2014-03-17,0,14.75582218170166,15.021286964416504,14.735787391662598,14.976207733154297,9.481596946716309,20624843,7.650530120753038,0.0206123533818161,-0.0345147203846418,-0.0453544598293126,0.0178380202176496,0.0423934966676254,0.0791542863363488,1,-1,-1
2014-03-18,0,15.0363130569458,15.281743049621582,14.871024131774902,15.256698608398438,9.659173965454102,19487437,7.416949601653674,0.0185553773705428,-0.0029505089852557,-0.0160640860265336,0.0178387808151231,0.0423730741857633,0.0791171046782854,1,0,-1
2014-03-19,0,15.211620330810549,15.457049369812012,15.161532402038574,15.326821327209473,9.70356559753418,15719442,7.541347863371364,0.0045852715946963,-0.0091091156867503,-0.0070237787634574,0.0178307804869291,0.0423534899882012,0.0790786252179719,1,-1,0
2014-03-20,0,15.216629028320312,15.71750545501709,15.151515007019045,15.647381782531738,9.90652084350586,20344933,7.685365874232547,0.0206998060328584,0.0239722052829886,0.0060516366776395,0.0178337945874455,0.0423397404819529,0.0790400430565309,1,1,0
2014-03-21,0,15.57726001739502,15.972951889038086,15.406962394714355,15.70748805999756,9.944570541381836,25215196,7.958803748915473,0.0038335166299877,0.0413404309845683,0.0226247626786338,0.0178256349956792,0.0423390077538008,0.0790043579060746,1,1,1
2014-03-24,0,15.86275863647461,16.27347755432129,15.737540245056152,16.163284301757812,10.23313808441162,21411863,8.137841018586993,0.0286045580406781,0.0968908830505797,0.0573374788334946,0.0178390973894713,0.0424256967892687,0.0789856744767465,1,1,1
2014-03-25,0,16.223390579223633,16.42374038696289,15.977960586547852,16.253442764282227,10.290220260620115,20959257,8.35473134046018,0.0055626688811134,0.081841198549877,0.0429728732633003,0.0178313795656764,0.0424813663604784,0.0789581763953655,1,1,1
2014-03-26,0,16.148258209228516,16.62409210205078,16.148258209228516,16.393688201904297,10.37901210784912,23001476,8.581598630123455,0.0085917456293656,0.0718775668086997,0.0528516036617285,0.0178248192097726,0.0425194037484043,0.0789364754211444,1,1,1
2014-03-27,0,16.644126892089844,16.91960906982422,16.548959732055664,16.749311447143555,10.604161262512209,38429829,9.523575046846808,0.0214607954626235,0.0887530906766267,0.0730254143552893,0.0178286125764289,0.0425877646040156,0.0789302917002031,1,1,1
2014-03-28,0,16.759328842163086,16.829450607299805,16.584022521972656,16.64913558959961,10.540741920471191,25731291,9.659712457810748,-0.0059985644444979,0.0620547201992701,0.0615753275529381,0.0178210733676334,0.0426105099789895,0.0789146534908101,-1,1,1
2014-03-31,0,16.719257354736328,16.99974822998047,16.599048614501953,16.969696044921875,10.743693351745604,21136546,9.789813818252323,0.0190709858921192,0.0772921894614018,0.0873848205719731,0.0178222613355139,0.0426569035079341,0.0789224409846518,1,1,1
2014-04-01,0,16.97470474243164,17.180065155029297,16.83445930480957,17.10493278503418,10.834108352661133,22158155,10.003696651113396,0.0083804208897884,0.057068052310512,0.0996359691966787,0.0178156173277956,0.0426726852524766,0.0789440936162882,1,1,1
2014-04-02,0,17.029802322387695,17.705984115600586,16.98973274230957,17.65589714050293,11.183080673217772,29452368,10.733403588636552,0.0317026435812529,0.0832080270106516,0.1156257654383167,0.0178338569668403,0.0427292255881181,0.0789865460747526,1,1,1
2014-04-03,0,17.65589714050293,17.685949325561523,17.28023910522461,17.450538635253906,11.05301284790039,19876555,10.808292939543998,-0.0116989352171174,0.0629173461641686,0.1109512254484341,0.0178290776682681,0.0427525025855416,0.0790222996650351,-1,1,1
2014-04-04,0,17.721010208129883,17.816177368164062,17.109941482543945,17.20009994506836,10.894387245178224,22040561,10.764403751879168,-0.0144553217412307,0.0270012289603143,0.1115146402442441,0.0178262314910368,0.0427399567710186,0.0790585842970966,-1,1,1
2014-04-07,0,17.3303279876709,17.615827560424805,17.270221710205078,17.590782165527344,11.14184284210205,26400917,11.074075488855913,0.0224599215229803,0.0554597149277926,0.1066896359209704,0.0178311096968506,0.0427532912262525,0.0790882716170568,1,1,1
2014-04-08,0,17.771099090576172,18.166791915893555,17.260204315185547,17.335336685180664,10.980048179626465,38168288,11.913468164579058,-0.0146278224843487,0.0217609065513245,0.1122123472561701,0.017828407257638,0.0427379363605492,0.0791250526872824,-1,1,1
2014-04-09,0,17.25519561767578,17.320310592651367,16.909591674804688,17.10493278503418,10.834108352661133,28875379,12.219269514456624,-0.0133804856615362,0.0,0.111840695623477,0.0178247656839936,0.0427175833452646,0.0791610994840473,-1,0,1
2014-04-10,0,17.10493278503418,17.355371475219727,17.064863204956055,17.29025650024414,10.951486587524414,18604984,11.378434203350386,0.0107758701111733,-0.0209267734700796,0.1118726874384595,0.0178193712253573,0.0427023845939615,0.0791969600495094,1,-1,1
2014-04-11,1,17.13999366760254,17.731029510498047,17.019784927368164,17.70097541809082,11.211637496948242,22375174,11.294399485790777,0.0234770926115469,0.0142492543585849,0.1477312949868868,0.0178254687506229,0.042684181568604,0.0792884686151547,1,1,1
2014-04-14,0,17.731029510498047,17.76108169555664,17.3153018951416,17.475582122802734,11.068876266479492,13414084,10.9700315038211,-0.0128150711189728,0.0158895049808428,0.1484509329395061,0.0178214583968956,0.0426665316790333,0.0793807233594521,-1,1,1
2014-04-15,0,17.30528450012207,17.37540626525879,16.829450607299805,17.054845809936523,10.802385330200195,20967243,10.914044498666916,-0.0243702563073339,-0.0309406728494714,0.1510265706575055,0.0178288684895415,0.0426573023539239,0.0794770511012266,-1,-1,1
2014-04-16,0,17.220134735107422,17.425493240356445,17.05985450744629,17.365388870239258,10.999078750610352,18677656,10.402640161406756,0.0180445456958771,0.0017316953307545,0.1484587629715665,0.0178290086735838,0.0426370972566263,0.0795682394188905,1,0,1
2014-04-17,0,17.355371475219727,17.83120346069336,17.15502166748047,17.80615997314453,11.278264045715332,20524618,10.451276308826015,0.0250658182235304,0.0401779992158213,0.1549692038245541,0.017837095537581,0.0426343610623513,0.0796706305898876,1,1,1
2014-04-22,0,17.871274948120117,17.98146629333496,17.540695190429688,17.931379318237305,11.357576370239258,24939878,10.62928671856311,0.0070077052707779,0.0364098343754258,0.1573916375006356,0.0178299546266229,0.0426284438775971,0.0797769052129407,1,1,1
2014-04-23,0,17.83120346069336,18.05659866333008,17.756072998046875,17.896318435668945,11.335366249084473,18874711,10.29832714646387,-0.0019574480594305,0.0109752937044484,0.1347343834083466,0.0178216783258451,0.0426094889203408,0.079843532458596,-1,1,1
2014-04-24,0,17.98146629333496,18.33708953857422,17.871274948120117,18.2819938659668,11.579641342163086,19128666,9.482982665533472,0.021320904704335,0.0451112695277565,0.1522217714826941,0.0178251615132208,0.0426113062025837,0.0799392770073512,1,1,1
2014-04-25,0,18.166791915893555,18.51239585876465,18.051589965820312,18.457300186157227,11.690686225891112,24135888,9.356406296163648,0.0095439762334156,0.079025502068506,0.1331611896754317,0.0178191267388639,0.0426591318255479,0.080002593721018,1,1,1
2014-04-28,0,18.332080841064453,18.457300186157227,18.25193977355957,18.422237396240234,11.668477058410645,15537162,9.263736193616705,-0.0019015385013789,0.0590794178712497,0.1256969822929393,0.0178108757467399,0.0426766216061537,0.0800542749320373,-1,1,1
2014-04-29,1,18.542449951171875,18.69271278381348,18.20686149597168,18.4322566986084,11.674826622009276,37268665,10.024017707877547,0.0005440158635777,0.0345576155112968,0.1176492525271513,0.0178025320339839,0.0426691117147678,0.0800942741331681,0,1,1
2014-04-30,0,18.28700256347656,18.507387161254883,18.20185279846192,18.4172306060791,11.66530704498291,20487284,10.397515559416226,-0.0008157260528199,0.0267341841876989,0.0953727310117078,0.0177942191474149,0.0426564467370212,0.080106621433505,0,1,1
2014-05-02,0,18.34710693359375,18.94314956665039,18.31204605102539,18.75782585144043,11.885881423950195,41473693,11.497047606627715,0.0187320337555312,0.0474236660026607,0.1201033292117371,0.0177949828593165,0.0426603005761657,0.0801495734862794,1,1,1
2014-05-05,0,18.883045196533203,18.98321914672852,18.69772148132324,18.958175659179688,12.01283359527588,19524372,11.617154137153268,0.0106242838051725,0.0367270451034982,0.1116566271247905,0.0177895459885362,0.0426544093435148,0.0801809829755193,1,1,1
2014-05-06,0,18.84297561645508,18.84297561645508,18.48234367370605,18.78286933898925,11.90174961090088,25617890,11.920105153182472,-0.0092901291530194,0.0178929397170631,0.0939860770819827,0.0177835802319753,0.0426375707631841,0.0801913692288488,-1,1,1
2014-05-07,0,18.762834548950195,18.98321914672852,18.57250022888184,18.9130973815918,11.98426914215088,17567203,11.619998013272738,0.0069094695435328,0.0267039477619749,0.0691929030442624,0.0177764818284169,0.0426248895103009,0.0801787204326024,1,1,1
2014-05-08,0,18.93313217163086,18.953168869018555,18.52241325378418,18.622589111328125,11.80019474029541,11616235,11.302759853416934,-0.0154788502295547,0.0106810816688424,0.0654129880318251,0.0177745994617943,0.0426059705713173,0.0801631954194507,-1,1,1
2014-05-09,0,18.622589111328125,18.67267608642578,18.35712432861328,18.457300186157227,11.695452690124512,16076816,11.164614545824076,-0.0089159274577814,0.0025808802638809,0.0709523823152743,0.0177684697766039,0.0425860670874664,0.080151881143322,-1,0,1
2014-05-12,0,18.507387161254883,18.81292152404785,18.47733497619629,18.81292152404785,11.92080020904541,10778704,10.53047469112947,0.0190846837227798,0.0029335302311294,0.067577144515074,0.0177695990249051,0.0425662054284789,0.0801379218926516,1,0,1
2014-05-13,0,18.787878036499023,18.81292152404785,18.562484741210938,18.69772148132324,11.84779453277588,13639888,10.449213530276191,-0.0061430561333417,-0.0138338097073847,0.0760619108660812,0.0177623749391952,0.0425487260845778,0.0801307575766674,-1,-1,1
2014-05-14,0,18.65264129638672,18.822940826416016,18.58752822875977,18.77786064147949,11.898578643798828,13544056,9.318753114790503,0.0042772164042174,-0.0002664641501478,0.0937196129318349,0.0177545730803732,0.0425288919405867,0.0801404301998788,1,0,1
2014-05-15,0,18.642623901367188,18.742799758911133,18.472326278686523,18.637615203857425,11.809709548950195,10366227,8.837731793122435,-0.0074969150330032,-0.0146728487266839,0.0754468277876579,0.0177478622073205,0.0425117390508211,0.0801326262423922,-1,-1,1
2014-05-16,0,18.65264129638672,18.88805389404297,18.622589111328125,18.822940826416016,11.927143096923828,11753195,7.382022635561073,0.0098946990012265,0.0107007005040975,0.0618644341773376,0.0177421188011657,0.0424929890945019,0.0801144394162647,1,1,1
2014-05-19,0,18.83295631408692,18.86301040649414,18.607563018798828,18.70272827148437,11.85096836090088,15243477,7.15963191179312,-0.0064071527925299,0.013209475169349,0.0682723525037805,0.0177350242887548,0.0424748687875535,0.0801008457606202,-1,1,1
2014-05-20,0,18.65264129638672,18.8980712890625,18.31204605102539,18.37215042114257,11.641499519348145,17876860,6.760249926853216,-0.0178333237695008,-0.0237085323229318,0.0748092850416137,0.0177352419555272,0.0424617730667152,0.0800924118200255,-1,-1,1
2014-05-21,0,18.38216781616211,18.58752822875977,17.65589714050293,17.98146629333496,11.393939018249512,24858621,7.060278839130213,-0.0214947097417396,-0.0390601859313297,0.0352700296039969,0.0177392159298046,0.0424595225165006,0.0800603197760387,-1,-1,1
2014-05-22,0,17.756072998046875,18.48234367370605,17.736038208007812,18.20185279846192,11.533596992492676,24790740,7.674521665966489,0.0121827048043896,-0.0311546975311575,0.022386916184856,0.0177348170918517,0.0424510320076112,0.0800245460719569,1,-1,1
2014-05-23,0,18.18181800842285,18.256948471069336,17.816177368164062,17.92637062072754,11.359034538269045,18319684,7.757333797127282,-0.015250831902115,-0.0389086144002692,0.0001283790119629,0.0177327745238842,0.0424486051288356,0.0799869981280211,-1,-1,0
2014-05-26,0,17.906335830688477,17.98647689819336,17.690959930419922,17.871274948120117,11.324122428894045,7268457,7.566763431727969,-0.0030782432086721,-0.051881556610168,-0.0009924161372786,0.0177248639249656,0.0424592149936924,0.0799495651085159,-1,-1,0
2014-05-27,0,17.88129234313965,18.34710693359375,17.731029510498047,17.88129234313965,11.330467224121094,24241503,8.033328059707932,0.0005601333319312,-0.0449142704857068,-0.0217531875096826,0.0177167068943178,0.0424622911417957,0.0799159998171938,0,-1,-1
2014-05-28,0,17.83120346069336,18.31705474853516,17.83120346069336,18.20686149597168,11.536766052246094,23562094,8.4900319020705,0.0180436717228282,-0.0090372749933777,-0.01325349202027,0.0177169078056034,0.042443701844714,0.079880305894842,1,-1,-1
2014-05-29,0,18.246931076049805,18.35211563110352,17.846229553222656,17.931379318237305,11.36220359802246,11999164,8.547451636049727,-0.0152466105182631,-0.0027891757699012,-0.0265985640371542,0.0177148836738052,0.0424242357247087,0.079848441636687,-1,0,-1
2014-05-30,0,17.756072998046875,17.886301040649414,17.425493240356445,17.430503845214844,11.04482650756836,19704057,8.867033351062505,-0.0283302442121577,-0.0433021247864485,-0.0554728241128895,0.0177276813032265,0.0424257143717557,0.0798319248366999,-1,-1,-1
2014-06-02,0,17.49060821533203,17.675931930541992,17.405458450317383,17.540695190429688,11.1194429397583,10833009,8.618646099687473,0.0067330632535735,-0.0213182296307599,-0.0479240348064959,0.0177206929583236,0.042411410340976,0.079810459307589,1,-1,-1
2014-06-03,0,17.4805908203125,17.65589714050293,17.41046714782715,17.6458797454834,11.18612003326416,13659054,8.390360350694518,0.0059785347887419,-0.0122614516333459,-0.0606775337732854,0.0177134679338358,0.0423936897232483,0.0797977152081441,1,-1,-1
2014-06-04,0,17.58577537536621,17.595792770385742,17.365388870239258,17.44552993774414,11.059117317199709,22504348,8.248575716653827,-0.0114185426730275,-0.0242401276383047,-0.0827203602514855,0.0177087769015377,0.0423808996540192,0.0798044662748833,-1,-1,-1
2014-06-05,0,17.530677795410156,17.6458797454834,17.215126037597656,17.215126037597656,10.91306209564209,29560578,8.399895215222362,-0.0132947551615097,-0.0555785545226428,-0.0867249862599759,0.0177052915610313,0.0423956366560279,0.0798152694837849,-1,-1,-1
2014-06-06,0,18.03856658935547,18.41322326660156,17.69145965576172,17.983470916748047,11.400132179260254,32614279,9.075460573771034,0.0436645208288336,0.0033325768244539,-0.049969934974675,0.0177461733980105,0.0423762494658032,0.0797949898423689,1,0,-1
2014-06-09,0,17.9614315032959,18.71625328063965,17.829200744628906,18.661157608032227,11.829726219177246,25088745,9.960533052012842,0.0369905847906186,0.0686534058272303,0.0024995000454983,0.0177730227804454,0.0424069284563114,0.0797578430404106,1,1,0
2014-06-10,0,18.622589111328125,18.85399436950684,18.39669418334961,18.611570358276367,11.798290252685549,25946877,10.09035839158738,-0.002660907662518,0.0592594349111386,0.0087545198407617,0.0177651141004371,0.0424245993684934,0.0797208790485524,-1,1,1
2014-06-11,0,18.837465286254883,19.085399627685547,18.749311447143555,18.99724578857422,12.04278564453125,24893632,10.205728856349904,0.0205111518113001,0.0737920519336968,0.0101809879292819,0.0177676565650632,0.0424627832685748,0.0796840600213297,1,1,1
2014-06-13,0,18.749311447143555,18.986225128173828,18.749311447143555,18.892560958862305,11.976418495178224,19358790,10.599860965177086,-0.0055261879506422,0.0796844066560821,0.0107978561119812,0.0177603909578222,0.0425103862593297,0.0796473397235801,-1,1,1
2014-06-16,0,18.79338836669922,18.8650131225586,18.59504127502441,18.765840530395508,11.896093368530272,13579830,10.368441843923154,-0.0067295331336792,0.0862496286839126,-0.0002088934259153,0.0177535210038731,0.04256929760931,0.0796104847589188,-1,1,0
2014-06-17,0,18.69972419738769,18.7327823638916,18.39669418334961,18.517906188964844,11.738921165466309,9795918,10.345896544818512,-0.0133001415953973,0.0292849662596817,-0.0060121199883093,0.0177500748268252,0.0425584899649371,0.0795741505191478,-1,1,0
2014-06-18,0,18.523414611816406,18.826446533203125,18.22038459777832,18.77134895324707,11.899580001831056,22451913,10.817873318484768,0.0135931892659944,0.0058875707350574,-0.0023136297235416,0.0177466451002812,0.0425393334510925,0.0795375219420745,1,1,0
2014-06-20,0,18.59504127502441,18.710742950439453,18.46280860900879,18.49586677551269,11.72494888305664,11898232,10.36654751780615,-0.0147841508620384,-0.0062356724644629,-0.01069062779305,0.0177442858260598,0.0425204907608552,0.0795019499943444,-1,-1,-1
2014-06-23,0,18.50137710571289,18.573001861572266,18.06611442565918,18.358125686645508,11.6376314163208,12911547,9.655397418719565,-0.0074750196421092,-0.0342218439178721,-0.0003323236656584,0.0177377176252216,0.0425143476429215,0.079465303043299,-1,-1,0
2014-06-24,0,18.253442764282227,18.59504127502441,18.22589492797852,18.39118385314941,11.65858268737793,12323668,8.714012404298781,0.0017986851093013,-0.0268969708579284,0.0229610711853825,0.0177297539681689,0.0425032628972092,0.0794307363939387,1,-1,1
2014-06-25,0,18.31955909729004,18.40220260620117,17.779613494873047,17.807161331176758,11.288354873657228,17473731,8.303245137947398,-0.0322709679456126,-0.0524384056698617,-0.0214926015646196,0.01774848343215,0.0425143066783605,0.0793978118631391,-1,-1,-1
2014-06-26,0,18.005508422851562,18.005508422851562,17.685949325561523,17.74655532836914,11.2499418258667,18073951,7.879047785524778,-0.0034086945874134,-0.0425469586618778,-0.0096504642499178,0.0177407707066132,0.042515073228553,0.0793622650965387,-1,-1,-1
2014-06-27,0,17.685949325561523,17.90082550048828,17.531679153442383,17.69145965576172,11.215010643005373,10856604,7.144396561563849,-0.0031098406339084,-0.0592499885617807,-0.0096820616751542,0.0177330170112121,0.0425342060833445,0.0793267709092249,-1,-1,-1
2014-06-30,0,17.652891159057617,17.790632247924805,17.41046714782715,17.60330581665039,11.15912914276123,12422949,6.759723867726889,-0.0049951968634674,-0.0494610345632097,-0.0152373918705529,0.017725670814039,0.0425417466796446,0.0792923700987894,-1,-1,-1
2014-07-01,0,17.68044090270996,17.82369041442871,17.49862289428711,17.674930572509766,11.209798812866213,7760577,6.452081959291005,0.0045303697046675,-0.0374556452164329,-0.0287506938887136,0.0177181794725618,0.0425379510229179,0.0792620464443186,1,-1,-1
2014-07-02,0,17.608814239501953,17.663911819458008,17.311294555664062,17.388429641723633,11.02809238433838,14168797,6.622347433943192,-0.0163424194315169,-0.0555967497572513,-0.0298465028019673,0.0177170568636076,0.0425523222451233,0.0792321748094331,-1,-1,-1
2014-07-03,0,17.311294555664062,17.56473731994629,17.25619888305664,17.51515007019043,11.108468055725098,13296871,6.129391644910936,0.0072618349916262,-0.0160639468200123,0.0057455764018166,0.0177103929342623,0.0425360289535276,0.0791958455720745,1,-1,0
2014-07-04,0,17.548208236694336,17.559228897094727,17.432506561279297,17.504131317138672,11.101470947265623,2199054,5.654456526840917,-0.0006300880601271,-0.0132853402927262,-0.001617574911884,0.0177024406895751,0.0425188536578264,0.0791597060548806,0,-1,0
2014-07-07,0,17.366390228271484,17.625343322753906,17.366390228271484,17.520660400390625,11.111961364746094,7611928,5.383441773390093,0.0009445112410363,-0.0092309884177814,-0.0066515984595896,0.0176945052403235,0.0425006812767179,0.0791240720234051,0,-1,0
2014-07-08,0,17.55371856689453,17.674930572509766,17.39944839477539,17.482093811035156,11.087498664855955,7403748,5.1293000176584,-0.0022039013344617,-0.0064396928887756,0.0025630428789761,0.0176866940297817,0.0424820350246545,0.0790878752661424,-1,-1,0
2014-07-10,0,17.785123825073242,18.30853843688965,17.575756072998047,18.292011260986328,11.601157188415527,35943897,6.036065746070707,0.0452866235420499,0.0343165609486068,0.0611444215825359,0.0177304775860263,0.0424749732901276,0.0790707860553456,1,1,1
2014-07-11,0,18.198347091674805,18.42424201965332,18.044076919555664,18.264461517333984,11.583688735961914,15215508,5.924322982753141,-0.001506885645569,0.0491520947345545,0.0159730151081332,0.0177225989077138,0.0424808262338618,0.0790355358957777,0,1,1
2014-07-14,0,18.40220260620117,18.80991744995117,18.34710693359375,18.6942138671875,11.856256484985352,19647919,6.3831663709050845,0.023257736555383,0.0651479962983113,0.0022401668728976,0.0177281760109349,0.042505737832737,0.0789994845214548,1,1,0
2014-07-15,0,18.622589111328125,18.980716705322266,18.58953094482422,18.92011070251465,11.999517440795898,13209570,6.465198140450648,0.0120107340437162,0.0777888184021548,0.0169118085791319,0.0177237989585422,0.0425493915646688,0.0789644679564856,1,1,1
2014-07-16,0,18.75481986999512,18.84297561645508,18.30853843688965,18.42975234985352,11.688523292541504,26110227,7.36558578647694,-0.026258990488224,0.0505853166728945,-0.0298583337203921,0.0177334439246144,0.042556460729066,0.0789350173791335,-1,1,-1
2014-07-17,0,18.253442764282227,18.672176361083984,18.18181800842285,18.457300186157227,11.705997467041016,17210374,7.552144813938209,0.0014938692635568,0.0542830872709129,-0.0228382765061929,0.0177255724923429,0.0425674884454161,0.0789031645527983,0,1,-1
2014-07-18,0,19.173553466796875,19.509641647338867,18.97520637512207,19.36088180541992,12.27906608581543,34584643,8.695022184005163,0.0477945536954793,0.0567910174243422,0.0316858103229656,0.0177747211574474,0.042581323393752,0.0788717980535621,1,1,1
2014-07-21,0,19.28374671936035,19.713497161865234,19.18457221984864,19.52617073059082,12.383905410766602,17103471,9.468311186923229,0.0085018106154798,0.0667997136853912,0.0534877625338428,0.0177685378901724,0.0426078670579729,0.0788502167402766,1,1,1
2014-07-22,0,19.53718948364257,19.636362075805664,19.311294555664062,19.48760223388672,12.359442710876465,13779480,9.822049707492004,-0.0019773159024545,0.0415646612275537,0.0379172573653938,0.0177607412384743,0.0426061033083323,0.0788211350867598,-1,1,1
2014-07-23,0,19.27823638916016,19.55371856689453,19.20661163330078,19.49311256408692,12.362927436828612,11440671,10.066963260604858,0.0002819087291715,0.0298358359130089,0.0529833169566039,0.0177528390775163,0.042595780270206,0.078799294961922,0,1,1
2014-07-24,0,19.55371856689453,19.856748580932617,19.42148780822754,19.779613494873047,12.544635772705078,22029562,9.486618136358071,0.0145908741090657,0.0706857005102989,0.0750492107077788,0.0177501463031675,0.042627572007369,0.0787927118252017,1,1,1
2014-07-25,0,19.78512382507324,19.928373336791992,19.52617073059082,19.69696807861328,12.492223739624023,16476751,9.608678691633768,-0.004186795841326,0.0650050354054159,0.0690637297571513,0.01774274129453,0.0426512685785614,0.0787814070019483,-1,1,1
2014-07-28,0,19.77410316467285,19.77410316467285,19.47107315063477,19.56473731994629,12.408353805541992,11639413,9.243379447131616,-0.0067364101167817,0.0104740715931549,0.0945982875859822,0.0177360650731722,0.0426331675257025,0.078792871454612,-1,1,1
2014-07-29,0,19.55371856689453,20.02754783630371,19.393938064575195,19.652891159057617,12.464261054992676,18005526,9.51538760099197,0.0044954938528793,0.0064677548305543,0.1025024760262749,0.0177286671464046,0.0426144769128669,0.0788127818712107,1,1,1
2014-07-30,0,19.71900749206543,19.82369041442871,19.61432456970215,19.74655532836914,12.52366542816162,13497247,8.953541561441185,0.0047546550227423,0.0131997257557515,0.1103669716829259,0.017721335918224,0.0425970303927566,0.0788417521043017,1,1,1
2014-07-31,0,19.64187240600586,19.685949325561523,19.14049530029297,19.327823638916016,12.258102416992188,21875469,9.228727274880024,-0.0214329485089798,-0.0085151314823999,0.0939292200374136,0.0177251541358408,0.0425790710621541,0.0788521589104768,-1,-1,1
2014-08-01,0,19.190082550048828,19.38842964172364,19.02479362487793,19.300275802612305,12.24586296081543,19922892,8.48308974497802,-0.0009989776761366,-0.0241049832676024,0.0883998726566093,0.0177173502577917,0.0425668102764406,0.0788569825009685,0,-1,1
2014-08-04,0,19.36088180541992,19.61432456970215,19.07988929748535,19.542699813842773,12.399682998657228,18003711,8.530266337505578,0.0124827451929044,-0.0074354422333719,0.1172250372810306,0.0177133025789218,0.0425486858029771,0.0788940657239936,1,-1,1
2014-08-05,1,20.055095672607425,20.253442764282227,19.796142578125,19.80716133117676,12.567471504211426,31838911,9.478655389915223,0.0134409415032059,0.0127419093866156,0.1234041437926104,0.0177098644546024,0.042531226731527,0.0789390800952826,1,1,1
2014-08-06,0,19.779613494873047,20.055095672607425,19.56473731994629,19.724517822265625,12.515040397644045,16305778,9.737088017468984,-0.0041806963464736,0.0040657191872626,0.1198535355062637,0.0177025292778646,0.0425124761637751,0.0789791215157751,-1,0,1
2014-08-07,0,19.86776733398437,19.86776733398437,19.42148780822754,19.548208236694336,12.403170585632324,16859716,9.459625485357533,-0.0089790204995589,-0.0096679563350387,0.1099300037656687,0.0176968178597235,0.0424948758621325,0.0790065250736356,-1,-1,1
2014-08-08,0,19.366390228271484,19.49862289428711,19.041322708129883,19.28374671936035,12.235373497009276,14067339,9.3205118386115,-0.0136209089565752,-0.0018559167826341,0.098512996143555,0.0176937593020342,0.0424761778767547,0.0790208881571297,-1,0,1
2014-08-11,0,19.47658348083496,19.71900749206543,19.32231330871582,19.636362075805664,12.459102630615234,15306439,9.511481072668852,0.0181202673905209,0.0172633282840235,0.071346639992026,0.01769398416911,0.0424601190623333,0.0790105005444086,1,1,1
2014-08-12,0,19.61432456970215,19.790632247924805,19.415977478027344,19.58126640319824,12.424148559570312,10612849,9.12948943748212,-0.0028094475089921,0.001971135582127,0.0700440781286031,0.0176864301974271,0.0424413841928636,0.0789991158521826,-1,0,1
2014-08-13,0,19.65840148925781,19.81267166137696,19.11294746398925,19.24517822265625,12.210902214050291,28815121,9.883914418512624,-0.0173128664445322,-0.0287826723656112,0.0294734751286878,0.0176862527142812,0.0424319638454406,0.0789671639722089,-1,-1,1
2014-08-14,0,19.16804313659668,19.47658348083496,19.096418380737305,19.41046714782715,12.431642532348633,22929258,9.953638543130031,0.0179158625815434,-0.0066861134375942,0.0353786036665148,0.0176863047796818,0.042413898601385,0.0789370800556329,1,-1,1
2014-08-15,0,19.60881423950196,19.81267166137696,19.559228897094727,19.69696807861328,12.615141868591309,16652806,9.813768168080486,0.0146527886747384,0.0169456957367031,0.0762903828294771,0.0176837408477868,0.0423978284361519,0.0789305104387917,1,1,1
2014-08-18,0,19.955921173095703,20.03305625915528,19.67493057250977,19.983470916748047,12.798640251159668,15959476,9.735443893917571,0.0144411068509044,0.0450077115441826,0.0892376204168246,0.0176810215936078,0.0423991433163263,0.0789352521308734,1,1,1
2014-08-19,0,19.889806747436523,20.7327823638916,19.856748580932617,20.66666603088379,13.236191749572754,20588997,9.208839542134369,0.0336159420227146,0.0605033861763763,0.07505900874406,0.0177008727817177,0.0424169727186053,0.0789276054325637,1,1,1
2014-08-20,0,20.62809944152832,20.80991744995117,20.490358352661133,20.765840530395508,13.299708366394045,21315360,9.536570094266072,0.0047872307212178,0.0681000644065864,0.0713444288497981,0.0176936467095063,0.0424446057005922,0.0789170774998288,1,1,1
2014-08-21,0,20.7382926940918,20.9366397857666,20.567493438720703,20.887052536010746,13.377334594726562,15327312,9.51975307819957,0.0058197190400695,0.0912326498911881,0.0791414637923222,0.0176866875342414,0.0425094970378378,0.0789126647486496,1,1,1
2014-08-22,0,20.749311447143555,20.85399436950684,20.5289249420166,20.65013694763184,13.225607872009276,14819112,9.618263867570352,-0.0114068861434849,0.0619099011661598,0.0674526689196655,0.0176823143870787,0.0425286391279851,0.0788992702067766,-1,1,1
2014-08-25,0,20.876033782958984,21.201101303100582,20.79338836669922,21.16253471374512,13.553778648376465,16150414,9.73460956934382,0.0245104349432866,0.0717675474347081,0.0773722297538864,0.0176891247787533,0.0425609349553263,0.0788933310328147,1,1,1
2014-08-26,0,21.16253471374512,21.355371475219727,21.03030204772949,21.305784225463867,13.645519256591797,18997242,10.260210865347457,0.0067458326632734,0.0640722732470771,0.0883048582584859,0.017682456494272,0.0425825644494182,0.0788968512920607,1,1,1
2014-08-27,0,21.460054397583008,22.02754783630371,21.393938064575195,21.95041275024414,14.058380126953123,28772832,10.477434018605305,0.0298074601392592,0.0602637913636219,0.1248487285145271,0.0176962262839801,0.0425993397083592,0.0789417211145456,1,1,1
2014-08-28,0,21.81818008422852,22.00550842285156,21.60330581665039,21.74104690551757,13.924291610717772,22966284,10.62079295880675,-0.0095837555333149,0.0458928051090889,0.1107694791283327,0.0176909216096021,0.0426008579173513,0.0789686556940926,-1,1,1
2014-08-29,0,21.928373336791992,22.39669418334961,21.77410316467285,22.314048767089844,14.291274070739746,24851161,11.219456832233217,0.0260142334141445,0.0660873194831641,0.1320290575197348,0.0176994883140695,0.0426248068494169,0.0790229325603356,1,1,1
2014-09-01,0,22.65013694763184,22.74380111694336,22.0,22.314048767089844,14.296574592590332,15037456,11.263711756353391,0.0003708234203803,0.0778650290470292,0.153832829449095,0.0176918047086387,0.0426655370399069,0.0791102928464868,0,1,1
2014-09-02,0,22.29751968383789,22.81542587280273,22.082643508911133,22.721763610839844,14.557787895202637,19446091,11.307337949642957,0.0181061313593015,0.0714607254630444,0.1729379384845332,0.0176918996256661,0.0426965347450419,0.0792306867016502,1,1,1
2014-09-03,0,22.8650131225586,22.931129455566406,22.26997184753418,22.64462852478028,14.508360862731934,24139500,11.582727349462742,-0.0034010064783765,0.0613138863213943,0.1570541868132524,0.0176845701478415,0.0427140287553736,0.0793223710309019,-1,1,1
2014-09-04,0,22.20936584472656,22.64462852478028,22.0,22.18181800842285,14.211851119995115,21839895,12.017442645616445,-0.0206488920238555,0.0108575341582794,0.1229643532861909,0.0176876576461538,0.0426962800893282,0.0793629780248864,-1,1,1
2014-09-05,0,22.082643508911133,22.363636016845703,22.044076919555664,22.34710693359375,14.317752838134766,27393976,12.827182752709792,0.0074240220580791,0.0278653117496736,0.1345690716907435,0.0176812490290318,0.0426846102472446,0.0794191011167126,1,1,1
2014-09-08,0,22.5344352722168,22.64462852478028,21.61432456970215,21.76859474182129,13.947098731994627,21918666,13.185375513471048,-0.0262287140710459,-0.024377635735517,0.1173193781192565,0.0176907888008165,0.042673083719075,0.0794521240511052,-1,-1,1
2014-09-09,0,21.55371856689453,21.763084411621094,21.16804313659668,21.432506561279297,13.731762886047363,24923761,13.527958821467314,-0.0155599022453666,-0.040308361401264,0.1153803848304651,0.0176892647384914,0.042672625359293,0.0794826034936713,-1,-1,1
2014-09-10,0,21.2672176361084,21.34986114501953,20.876033782958984,21.201101303100582,13.58349609375,24122076,13.210888373277436,-0.0108560748819195,-0.0692705676424851,0.0864040425580247,0.0176846444776401,0.0427053859936143,0.0794827623749163,-1,-1,1
2014-09-11,0,21.239669799804688,21.44903564453125,21.01377487182617,21.16804313659668,13.562326431274414,13986753,12.674043525178728,-0.0015596997842026,-0.0674292609483111,0.0876537902828142,0.0176771000725466,0.0427353635863324,0.079483966371416,0,-1,1
2014-09-12,0,20.760330200195312,20.964187622070312,20.23691368103028,20.407712936401367,13.07518482208252,41351326,13.439601266488475,-0.0365796881415299,-0.0833600570659855,0.0683869685858165,0.0177024869045785,0.0427899974582107,0.0794699833799103,-1,-1,1
2014-09-15,0,20.457300186157227,20.986225128173828,20.264461517333984,20.92561912536621,13.407002449035645,22806382,13.814211155191432,0.0250609959046329,-0.0657230832194317,0.0755321019089061,0.0177098564008908,0.0428172586734856,0.0794611087262768,1,-1,1
2014-09-16,0,21.01377487182617,22.06611442565918,21.01377487182617,21.465564727783203,13.752944946289062,31228527,14.418300994702514,0.0254758378038598,-0.0140185313445258,0.0863551510380276,0.0177176879195242,0.0428012138156652,0.0794610199125637,1,-1,1
2014-09-17,0,21.889806747436523,21.966941833496094,21.465564727783203,21.559228897094727,13.81296443939209,21056904,14.17332483589882,0.0043546241923538,0.0058959950931946,0.076268668379477,0.0177104816178373,0.0427829355675492,0.079452628034958,1,1,1
2014-09-18,0,21.38291931152344,21.575756072998047,21.151514053344727,21.305784225463867,13.650572776794434,21048918,14.078185693957124,-0.0118261208635269,0.0049259491115871,0.0308266054932354,0.0177064197932353,0.0427646053159434,0.0794209923943334,-1,1,1
2014-09-19,0,21.041322708129883,21.300275802612305,20.71625328063965,20.79889869689941,13.325815200805664,18161434,13.458365072359982,-0.0240783359430714,-0.0175926870472817,0.001961038828946,0.0177131527011425,0.0427498745929784,0.079386448954336,-1,-1,0
2014-09-22,0,20.3691463470459,20.561983108520508,20.18732643127441,20.517906188964844,13.145779609680176,15738409,13.050631479298897,-0.0136023815963032,0.0053846194979448,-0.0174610618074267,0.017710189811514,0.0427316245206657,0.0793551208328849,-1,1,-1
2014-09-23,0,20.43526077270508,20.760330200195312,20.264461517333984,20.418731689453125,13.082247734069824,18382501,12.630705669253464,-0.0048445885034051,-0.0245209649100932,-0.0108987641673469,0.0177032269456766,0.0427200798238858,0.0793222967594231,-1,-1,-1
2014-09-24,0,20.29751968383789,20.661157608032227,20.14324951171875,20.57851219177246,13.184613227844238,15362704,12.114433622675158,0.0077943087419758,-0.0422024939719772,-0.0276148903686577,0.0176970397223549,0.0427209339427082,0.0792943436378793,1,-1,-1
2014-09-25,0,20.44077110290528,20.45178985595703,19.92286491394043,19.933883666992188,12.7716064453125,20103484,12.3911615436881,-0.0318260246072328,-0.0783831427715639,-0.0661867476391641,0.0177142523560317,0.0427665982894542,0.079289238956935,-1,-1,-1
2014-09-26,0,19.955921173095703,20.881542205810547,19.90082550048828,20.77134895324707,13.30815887451172,15949494,11.035939410768254,0.0411528358435763,-0.0254041860644604,-0.0548413719348469,0.0177470562156433,0.0427554627225169,0.0792757006400915,1,-1,-1
2014-09-29,0,19.28374671936035,19.77410316467285,19.07438087463379,19.31680488586425,12.376240730285645,40346542,11.834723132700216,-0.0725987318939278,-0.0739245820153169,-0.1178563482954598,0.0178664831894697,0.0427939201181936,0.0793264895571606,-1,-1,-1
2014-09-30,0,19.17906379699707,19.27272605895996,18.47382926940918,18.65013694763184,11.949113845825195,41840650,12.125537343136518,-0.0351214439953177,-0.0954436444143313,-0.1789920257049223,0.0178885423684053,0.0428691290596336,0.0794806404528202,-1,-1,-1
2014-10-01,0,18.341596603393555,18.50688743591309,17.966941833496094,18.159778594970703,11.64008617401123,34991748,12.6060649993473,-0.0262022749253608,-0.1168013308362871,-0.2055651240506635,0.0178974276185343,0.0429895329268755,0.0796914030817631,-1,-1,-1
2014-10-02,0,18.29751968383789,19.02479362487793,18.09917259216309,18.765840530395508,12.028569221496582,31908063,13.004185516957635,0.0328297431654612,-0.0917658964128017,-0.1908415122445039,0.0179152246468152,0.0430568433125809,0.0798681624524922,1,-1,-1
2014-10-03,0,18.953168869018555,19.28374671936035,18.71625328063965,19.20661163330078,12.311097145080566,23842747,13.216760875815703,0.0232164738445382,-0.0367233979610305,-0.1642240319215889,0.0179202289651575,0.0430526054948283,0.0799909639855428,1,-1,-1
2014-10-06,0,21.48760223388672,21.84572982788086,20.19283676147461,20.23691368103028,12.97149658203125,61115587,15.634351562504964,0.0522533170948683,-0.0256229167097385,-0.091321822802865,0.0179767916154098,0.0430412704673356,0.0800076927041729,1,-1,-1
2014-10-07,0,20.59504127502441,20.79889869689941,20.00550842285156,20.26997184753418,12.992679595947266,47751924,17.202185059569764,0.0016317112062989,0.0486075263904883,-0.0971141336546452,0.0179692075742099,0.043045343112207,0.0800305686066392,0,1,-1
2014-10-08,0,20.661157608032227,20.77134895324707,19.6308536529541,20.00550842285156,12.823177337646484,44531751,18.72275429798896,-0.0131318278178012,0.0705971425680047,-0.0840172474014005,0.0179657841030138,0.0430748175840026,0.080039670503683,-1,1,-1
2014-10-09,0,20.38567352294922,20.57851219177246,20.14324951171875,20.258953094482425,12.98562717437744,30374025,19.29086021510673,0.012588880827035,0.1093882983204005,-0.0558684643289988,0.0179617888133894,0.0431721069334329,0.0800256860466054,1,1,-1
2014-10-10,0,19.42148780822754,19.42148780822754,19.42148780822754,19.42148780822754,12.448827743530272,24318096,19.6642002920343,-0.0422166825303666,0.0343418726245727,-0.0872290719774459,0.0179965404701589,0.0431645590228168,0.0800378120158602,-1,1,-1
2014-10-13,0,20.077133178710938,21.239669799804688,20.02203750610352,20.9366397857666,13.420014381408691,47338830,20.22519739183346,0.075120741851462,0.0862461406314965,-0.0105486303417813,0.0181204217326508,0.0432172661727067,0.0800047668401533,1,1,-1
2014-10-14,0,20.787878036499023,21.48209381103516,20.573001861572266,21.12947654724121,13.54361343383789,29510448,19.811387717010213,0.0091678997342064,0.0431607232708346,0.0351989575339551,0.0181146211819268,0.0432161181260544,0.0799749954497117,1,1,1
2014-10-15,0,20.55096435546875,20.7327823638916,19.393938064575195,20.18181800842285,12.936182975769045,46544223,20.615223642369106,-0.0458868360478126,-0.0043578239832769,-0.0357488744184904,0.0181564914956988,0.0431981047332758,0.0799498705821321,-1,-1,-1
2014-10-16,0,19.48209381103516,20.203855514526367,19.355371475219727,19.64738273620605,12.593618392944336,38565120,21.03557578698693,-0.0268380579650372,-0.018064054130513,-0.0880627701873875,0.0181658093189949,0.0431834845263898,0.0799627629896738,-1,-1,-1
2014-10-17,0,20.137741088867188,20.3250675201416,19.763084411621094,20.22038459777832,12.96090030670166,32611012,21.56846485237265,0.0287469477167171,-0.0019059872408307,-0.0636704466630241,0.0181770674597799,0.0431652996812747,0.0799542216944789,1,0,-1
2014-10-20,0,19.724517822265625,19.724517822265625,19.724517822265625,19.724517822265625,12.643067359924316,33483301,20.04400939101686,-0.0248281264620429,0.0154825688274931,-0.07667245226154,0.0181839207606799,0.0431490035087939,0.0799562092201459,-1,1,-1
2014-10-21,0,18.7327823638916,18.7327823638916,18.7327823638916,18.7327823638916,12.00737762451172,48855262,19.904525366062117,-0.0515877672416909,-0.1112259402656599,-0.1041818835601594,0.0182381747239309,0.0432546120604945,0.0799863919394764,-1,-1,-1
2014-10-22,0,18.622589111328125,19.008264541625977,18.46280860900879,18.611570358276367,11.929682731628418,26911005,18.87290082992552,-0.0064916213246857,-0.1268854613245523,-0.097071123288542,0.0182315176633948,0.0433962213387419,0.080008338252777,-1,-1,-1
2014-10-23,0,18.44627952575684,18.44627952575684,17.752065658569336,17.76859474182129,11.389349937438965,45958522,19.40527087968693,-0.0463509388580368,-0.1273495641347764,-0.1385774736431737,0.0182735711511412,0.043538016774815,0.0800847266912414,-1,-1,-1
2014-10-24,0,17.801652908325195,18.87052345275879,17.707988739013672,18.264461517333984,11.707197189331056,48435271,20.49594874501666,0.0275250943326557,-0.0729864118370834,-0.1188466880524937,0.0182831657204685,0.0435726259513937,0.0801325650498298,1,-1,-1
2014-10-27,0,17.862258911132812,17.862258911132812,17.862258911132812,17.862258911132812,11.449385643005373,84778650,21.879882567128085,-0.0222677241392113,-0.124001083693012,-0.1092883875844722,0.0182869857716127,0.0437048766480654,0.0801680292691045,-1,-1,-1
2014-10-28,0,18.314048767089844,18.74380111694336,18.09917259216309,18.677684783935547,11.972064018249512,30655531,21.745076975997712,0.0446398643793725,-0.0545330928515966,-0.105801359048676,0.0183247075366999,0.0437159879460494,0.0801991262602368,1,-1,-1
2014-10-29,0,18.5344352722168,18.8650131225586,18.082643508911133,18.137741088867188,11.625974655151367,23142702,20.37074787432636,-0.0293341480451099,-0.0322794736550156,-0.0625367751998581,0.0183368637621845,0.0437081195599381,0.0801891111860224,-1,-1,-1
2014-10-30,0,18.677684783935547,19.60330581665039,18.677684783935547,19.60330581665039,12.5653715133667,45741630,20.738363570947744,0.0777029486154488,0.0519150962851189,0.0502876174109083,0.0184659871232984,0.0437148791083515,0.0801659014051612,1,1,1
2014-10-31,0,19.724517822265625,20.24793243408203,19.636362075805664,20.23691368103028,12.97149658203125,33105418,20.76625363829337,0.0318096417685987,0.1300756769117545,0.1082995341048679,0.0184808931867953,0.0438566256265171,0.0801884778021374,1,1,1
2014-11-03,0,20.02203750610352,20.286500930786133,19.70247840881348,20.1652889251709,12.930870056152344,26993406,20.45972182162888,-0.0031368994007852,0.0994136831783133,0.0723328915386216,0.0184734242718256,0.0439308705205346,0.0801784029743216,-1,1,1
2014-11-04,1,20.85399436950684,20.90909004211425,20.148759841918945,20.55096435546875,13.178180694580078,35226972,19.954651775136703,0.0189450039884816,0.1406264113060064,0.0680614216825648,0.0184736438758152,0.0440979666456383,0.0801653567939297,1,1,1
2014-11-05,0,20.27548217773437,20.64462852478028,20.22038459777832,20.3250675201416,13.033327102661133,17317278,19.56123777656699,-0.0110527839676161,0.0849337629590177,0.0047553206200802,0.0184688046795824,0.0441461245257106,0.0801313241869803,-1,1,0
2014-11-06,0,20.22038459777832,20.22038459777832,19.49311256408692,19.58677673339844,12.55990982055664,21906868,18.536667050519007,-0.0369997191441157,0.0772681918600121,-0.0338761097303344,0.0184923028373343,0.0441824477069913,0.0801053736943217,-1,1,-1
2014-11-07,0,19.548208236694336,19.9614315032959,19.34986114501953,19.917354583740234,12.771885871887209,18694137,17.182005899954408,0.0167363578844339,0.0163016011289971,-0.0040079240280991,0.0184907717257847,0.0441661142932525,0.080071859765015,1,1,0
2014-11-10,0,20.159778594970703,20.29751968383789,19.779613494873047,19.86225891113281,12.736555099487305,13523746,13.88732151172944,-0.0027701257816886,-0.01827816642129,-0.0193669306368227,0.018483275700936,0.0441512731884352,0.0800411079315244,-1,-1,-1
2014-11-11,0,19.663911819458008,20.110191345214844,19.559228897094727,19.851238250732425,12.72948932647705,11512182,12.977565464042394,-0.0005549172123775,-0.0156961842328823,0.0222948346811664,0.0184756043867385,0.044135556002595,0.0800088139956685,0,-1,1
2014-11-12,0,19.69145965576172,20.45178985595703,19.59228515625,20.0,12.824878692626951,17742895,12.806290239780306,0.0074656363348769,-0.027175551886487,-0.0453602708354188,0.0184691200014842,0.0441247705814329,0.0799884141409802,1,-1,-1
2014-11-13,0,20.203855514526367,20.258953094482425,19.338842391967773,19.355371475219727,12.411516189575195,15550738,11.230982291432724,-0.0327621657690009,-0.0488849336878719,-0.0872903363386262,0.0184858305756776,0.0441300652010092,0.0799995828058938,-1,-1,-1
2014-11-14,0,19.17906379699707,19.60881423950196,18.876033782958984,19.44903564453125,12.471579551696776,22322685,10.607763852326446,0.0048276532309564,-0.0070575613127998,-0.0365758470598571,0.0184786517963789,0.0441123277164137,0.0799749071997585,1,-1,-1
2014-11-17,0,19.49862289428711,19.70247840881348,19.151514053344727,19.305784225463867,12.379714012145996,13865692,9.875740481214862,-0.007393253615829,-0.0311871728130628,-0.017131042710649,0.0184722775651119,0.0441038387734731,0.0799437426944009,-1,-1,-1
2014-11-18,0,19.38842964172364,20.01652717590332,19.134986877441406,19.86776733398437,12.74007797241211,16383460,8.82141161163429,0.0286936042151523,0.0002765571837783,-0.0171843862122137,0.0184828505080788,0.0440855111751083,0.0799126266568739,1,0,-1
2014-11-19,0,19.983470916748047,20.74380111694336,19.86776733398437,20.66666603088379,13.25237274169922,24671113,9.239217598362789,0.0394238408366556,0.0402553152328115,0.0470675810864848,0.0185096042932405,0.0440816059067229,0.0798883604600465,1,1,1
2014-11-21,0,20.765840530395508,22.203855514526367,20.749311447143555,22.02754783630371,14.125032424926758,47475862,10.871048386530877,0.0637719613544366,0.0965616402523711,0.1624273096826123,0.0185918627025753,0.0441488472157242,0.0799852122497736,1,1,1
2014-11-24,0,22.314048767089844,22.468318939208984,21.47658348083496,21.570247650146484,13.831788063049316,30128455,11.605449028943534,-0.0209791465565662,0.1083446594648059,0.147939784450732,0.0185942084835221,0.0442380727158563,0.0800587558267687,-1,1,1
2014-11-25,0,21.81818008422852,22.137741088867188,21.43801689147949,21.84572982788086,14.00844955444336,22893865,12.218078584111186,0.0126912611182385,0.1162082673520881,0.2069819844270072,0.0185899652610878,0.0443430828783086,0.0802383652085772,1,1,1
2014-11-26,0,22.03856658935547,22.077133178710938,21.542699813842773,21.663911819458008,13.891853332519531,19915087,12.754993352279683,-0.0083581100291536,0.1152434109387633,0.1710987800651977,0.0185839492725953,0.0444454163964501,0.0803481735668186,-1,1,1
2014-11-27,0,21.68044090270996,21.983470916748047,21.15702438354492,21.34435272216797,13.686935424804688,13886928,12.60032737024398,-0.0148608179092603,0.0716889888143505,0.1785056862951488,0.0185813573218611,0.044472795520538,0.0804704639852282,-1,1,1
2014-11-28,0,21.47107315063477,21.69145965576172,21.22314071655273,21.32231330871582,13.672804832458496,16110121,12.7128257614731,-0.0010329479351591,0.0312322000425358,0.1328328739806171,0.0185737453358525,0.0444625776136399,0.0805209087523233,0,1,1
2014-12-01,0,20.887052536010746,20.914600372314453,20.01652717590332,20.3250675201416,13.038379669189451,37203870,13.56569057103498,-0.0475115210079662,-0.080051282319867,0.1146555010177609,0.0186165078918457,0.044506070521168,0.0805488299511342,-1,-1,1
2014-12-02,0,20.584022521972656,20.70523452758789,19.829200744628903,20.154268264770508,12.928823471069336,20787853,13.966413364868751,-0.0084380938196584,-0.0675102295829593,0.0285144585826536,0.0186105061068858,0.0445318635690032,0.0805178236021484,-1,-1,1
2014-12-03,0,20.24242401123047,20.468318939208984,20.060606002807617,20.3250675201416,13.038379669189451,12632069,13.784744038288514,0.0084380938196585,-0.0717633968815393,0.0051429106337135,0.0186043614094042,0.0445631183152199,0.0804841858203143,1,-1,0
2014-12-04,0,20.51239585876465,20.523414611816406,19.80716133117676,20.02203750610352,12.843979835510254,15103604,13.23608053490114,-0.0150220840080479,-0.0784273708604336,-0.0067422739735492,0.0186018385403582,0.0446036285710758,0.0804514064940464,-1,-1,0
2014-12-05,0,20.176307678222656,20.468318939208984,19.91184425354004,20.40220260620117,13.08786964416504,26123129,11.879685838921215,0.0188106135880848,-0.0447559393630885,-0.0068766643739461,0.0186018449400512,0.044604877019909,0.0804186847351518,1,-1,0
2014-12-08,0,20.38567352294922,20.42424201965332,19.393938064575195,19.64187240600586,12.600119590759276,13861648,10.880771415199709,-0.0379795146175843,-0.0817025060455138,-0.0338033950239143,0.018626288805927,0.0446500019700893,0.0803932944543275,-1,-1,-1
2014-12-09,0,19.38291931152344,19.917354583740234,19.34435272216797,19.71900749206543,12.649601936340332,25415938,10.884047646037764,0.0039194419529487,-0.0302715430845988,0.0071157660731501,0.0186189734989667,0.0446407933090573,0.0803598275210956,1,-1,0
2014-12-10,0,19.636362075805664,19.67493057250977,19.173553466796875,19.42148780822754,12.458740234375,15974639,10.563691228329382,-0.0152033437328791,-0.0370367929978194,-0.0248239355441631,0.0186165535992079,0.0446359200186482,0.0803312367810542,-1,-1,-1
2014-12-11,0,19.432506561279297,19.69696807861328,19.16804313659668,19.64187240600586,12.600119590759276,17733045,10.701389015959274,0.0112839017799303,-0.0341909850375475,-0.010769907982544,0.0186116573295843,0.0446291082952782,0.0802992529126349,1,-1,-1
2014-12-12,0,19.415977478027344,19.60881423950196,18.58953094482422,18.59504127502441,11.928582191467283,22497418,10.899840533716388,-0.0547689201627073,-0.0739378211922068,-0.0649839109328739,0.0186701240890833,0.044662561314665,0.0802917476816974,-1,-1,-1
2014-12-15,0,18.787878036499023,18.87052345275879,17.906335830688477,18.198347091674805,11.674098014831545,32909910,10.48353812435167,-0.0215648423396372,-0.1143132771199289,-0.0940143896073879,0.0186727844919795,0.0447661916372774,0.0803097451682316,-1,-1,-1
2014-12-16,0,17.889806747436523,18.44627952575684,17.6308536529541,18.110191345214844,11.617551803588867,35125364,11.058396162014038,-0.0048555016735553,-0.0811892641758998,-0.0661077255119423,0.0186657126224111,0.0448095604383892,0.0803029664946122,-1,-1,-1
2014-12-17,0,18.19283676147461,19.415977478027344,18.19283676147461,19.02479362487793,12.204268455505373,38616764,12.32353563285842,0.049268722883273,-0.0358399832455755,-0.0216666558596257,0.0187107289075232,0.044803574735378,0.0802735088164815,1,-1,-1
2014-12-18,0,19.146005630493164,19.520660400390625,18.6942138671875,18.881542205810547,12.112372398376465,19185043,12.481936158497986,-0.0075583214942315,-0.0281949610069279,-0.0218317237380282,0.0187044066868121,0.0447929900552496,0.080244129195944,-1,-1,-1
2014-12-19,0,19.118457794189453,19.27823638916016,18.831954956054688,19.173553466796875,12.29969310760498,31124937,12.650838945024498,0.0153468690102464,-0.0241319937766119,-0.0351784589429341,0.0187018220532515,0.0447804055682844,0.0802194553084741,1,-1,-1
2014-12-22,0,19.28374671936035,19.311294555664062,18.749311447143555,19.305784225463867,12.384513854980469,13383149,12.614052569585258,0.0068724979783874,0.0375094243644828,-0.0677298018012024,0.0186952035141832,0.044774359326888,0.0802138728392623,1,1,-1
2014-12-23,0,19.338842391967773,19.393938064575195,19.008264541625977,19.393938064575195,12.44106388092041,12791294,11.94405378282556,0.0045557951843661,0.0636300618884862,-0.1269459679712729,0.0186880335722546,0.0447918963803028,0.0802708074935137,1,1,-1
2014-12-26,0,19.27272605895996,19.48760223388672,19.09090805053711,19.118457794189453,12.26435089111328,7257194,11.490057954659626,-0.0143058519947347,0.0541797115673069,-0.1202726734094414,0.0186849955798001,0.044799393438668,0.0803186315737104,-1,1,-1
2014-12-29,0,19.035812377929688,19.338842391967773,19.01928329467773,19.173553466796875,12.29969310760498,15382620,11.348778425236734,0.0028775588319812,0.0077885475160149,-0.1300863756956988,0.0186775839611255,0.0447815829672149,0.0803793267851427,1,1,-1
2014-12-30,0,19.27823638916016,19.338842391967773,19.03030204772949,19.0633602142334,12.229007720947266,14430074,10.969564557928132,-0.0057634998950984,0.0095833691151479,-0.1274917655616435,0.0186707798584819,0.0447640440945853,0.080436168530039,-1,1,-1
2015-01-02,0,18.87052345275879,19.17906379699707,18.468318939208984,18.63911819458008,11.962043762207031,20756703,10.408766924187862,-0.0220721945194755,-0.0278356944145739,-0.1347031421718587,0.0186739186293684,0.0447534023416046,0.080502752650477,-1,-1,-1
2015-01-05,0,18.34710693359375,18.92561912536621,18.203855514526367,18.7327823638916,12.022147178649902,23532382,9.89228788619248,0.0050119299337398,-0.0296962624592215,-0.1286582643029598,0.0186668840282609,0.0447437663719928,0.0805605916967958,1,-1,-1
2015-01-06,0,18.7327823638916,19.035812377929688,18.5289249420166,19.035812377929688,12.216623306274414,27725577,9.345208865200506,0.0160470433914398,-0.0182050142521476,-0.0650996999035535,0.0186648169981566,0.0447289448321544,0.0805523448431543,1,-1,-1
2015-01-07,0,19.28374671936035,20.02203750610352,19.28374671936035,19.724517822265625,12.658615112304688,23601897,9.619172303048009,0.0355404295427177,0.0316412672853047,-0.0211211765411773,0.018684332679602,0.0447193508225221,0.0805226612863532,1,1,-1
2015-01-08,0,19.83470916748047,20.110191345214844,19.404958724975582,20.03305625915528,12.85663604736328,21403024,9.174926697467727,0.0155220820404062,0.0442857904937297,-0.0140371883204295,0.0186818751258136,0.0447182211003793,0.0804914058503986,1,1,-1
2015-01-09,0,19.86225891113281,19.917354583740234,19.1019287109375,19.15702438354492,12.29442024230957,17063904,9.356687493720704,-0.0447145813430831,0.0053347090457453,-0.0437296856554646,0.0187177673260008,0.0447002973244348,0.080470318706408,-1,1,-1
2015-01-12,0,19.0633602142334,19.24517822265625,18.66666603088379,18.6942138671875,11.997403144836426,20358673,9.707911553071908,-0.0244552988443436,0.0029516047208769,-0.0869955980878931,0.0187232469159253,0.0446822598913817,0.0804800269731531,-1,0,-1
2015-01-13,0,18.84848403930664,19.16804313659668,18.672176361083984,18.672176361083984,11.983256340026855,25571172,10.605103811903358,-0.0011798513264064,-0.0032401765392692,-0.0501959347967151,0.0187157510480174,0.0446643730570547,0.0804623079618411,0,0,-1
2015-01-14,0,18.51239585876465,19.07988929748535,18.457300186157227,18.79889869689941,12.06458854675293,22520338,10.945529619265963,0.0067642250039389,-0.0125229949267702,-0.0473511517457249,0.018709170824995,0.0446479974353449,0.0804430505128559,1,-1,-1
2015-01-15,0,18.84297561645508,19.37190055847168,18.62809944152832,18.633607864379883,11.958505630493164,24538074,11.428221691133675,-0.0088318020169716,-0.0568952264864595,-0.0409796100298173,0.0187033823516755,0.0446602315128005,0.0804206541159632,-1,-1,-1
2015-01-16,0,18.683195114135746,19.01928329467773,18.51239585876465,18.92011070251465,12.142374038696287,25707841,11.691747871996828,0.0152585281622727,-0.057158780364593,-0.0370049836474751,0.0187007820725772,0.0446726692823047,0.0803965211019584,1,-1,-1
2015-01-19,0,18.79338836669922,19.02479362487793,18.154268264770508,18.23691368103028,11.703922271728516,15345825,11.265464448329874,-0.0367772990707667,-0.0492214980922767,-0.0190133625555346,0.0187224758432525,0.0446773045589254,0.0803664986768518,-1,-1,-1
2015-01-20,0,18.53994369506836,18.60606002807617,18.159778594970703,18.29751968383789,11.742809295654297,16755354,10.679672171930305,0.0033170558949526,-0.0214491433529802,0.0058685356790554,0.0187151927307625,0.0446638078254248,0.0803337544964071,1,-1,0
2015-01-21,0,18.567493438720703,18.969696044921875,18.27548217773437,18.837465286254883,12.089330673217772,26013487,10.744534089123352,0.0290822226582392,0.0088129306316653,0.03980626001085,0.0187256292548206,0.0446464242393958,0.0803074069326921,1,1,1
2015-01-22,0,19.05785179138184,19.28374671936035,18.826446533203125,18.931129455566406,12.14945125579834,24973311,10.861071644213473,0.004960703557362,0.0070094091850885,-0.0045017593150608,0.0187186336601395,0.0446288317973035,0.0802751279585261,1,1,0
2015-01-23,0,19.05785179138184,19.28374671936035,18.573001861572266,18.749311447143555,12.032758712768556,20658511,11.021131324788334,-0.0096511815057651,0.0061900296962949,-0.0065946193265944,0.0187131984446122,0.0446111754671488,0.0802430980798899,-1,1,0
2015-01-26,0,18.661157608032227,19.008264541625977,18.517906188964844,18.969696044921875,12.174193382263184,17878113,10.911367582538537,0.0116855916746867,0.002617093208709,-0.0102558966621541,0.0187085688947327,0.0445933123344531,0.080211580350681,1,0,-1
2015-01-27,0,18.8980712890625,19.046831130981445,18.490358352661133,18.8980712890625,12.12823486328125,23152140,10.80559948598695,-0.0037822207151232,0.0356121715643526,-0.0209106153556649,0.0187014308099745,0.0445862891041437,0.080182248205847,-1,1,-1
2015-01-28,0,18.677684783935547,19.07438087463379,18.50688743591309,18.51239585876465,11.88071632385254,20946552,10.711355714117351,-0.0206195853512868,0.0116755303181129,-0.0460859958913178,0.0187031570964853,0.0445694816226149,0.0801625761580616,-1,1,-1
2015-01-29,0,18.677684783935547,18.75481986999512,18.077133178710938,18.38567352294922,11.799388885498049,21490870,10.54687450238755,-0.0068688679713834,-0.0242755603115099,-0.0386490118679666,0.0186967459075676,0.0445573332737636,0.0801394044155663,-1,-1,-1
2015-01-30,0,18.02754783630371,18.22589492797852,17.889806747436523,18.1267204284668,11.633195877075195,33786406,10.880667142779837,-0.0141850160196612,-0.0434212798885331,-0.0557115867196089,0.0186936564096993,0.0445571104002117,0.0801251109307887,-1,-1,-1
2015-02-02,0,18.30303001403809,18.39118385314941,17.98897933959961,18.358125686645508,11.787086486816406,21219346,11.171619368129104,0.0131418419461225,-0.0206282564366454,-0.0368062448783879,0.0186898316423537,0.0445434410005017,0.0801011802423834,1,-1,-1
2015-02-03,1,19.00275421142578,19.1019287109375,18.776859283447266,18.87052345275879,12.11607551574707,32962759,12.007752426307096,0.0275285591823814,-0.0047852889289506,0.012794508823469,0.0186983650659174,0.0445259442468109,0.0800691712735211,1,-1,1
2015-02-04,0,18.85399436950684,19.68044090270996,18.7327823638916,19.56473731994629,12.561800003051758,45070806,13.046334338267895,0.0361273372419303,0.0351242690281028,0.0439099161316596,0.0187184118594214,0.0445187214344781,0.080044784249659,1,1,1
2015-02-05,0,19.47658348083496,19.713497161865234,19.28374671936035,19.39944839477539,12.455683708190918,34889563,13.587573973675196,-0.0084834216345342,0.0472604327448553,0.0193794511056852,0.0187125690640659,0.0445202500678921,0.0800136346176942,-1,1,1
2015-02-06,0,19.28374671936035,19.45454406738281,19.0633602142334,19.355371475219727,12.42737865447998,31219089,14.162779909467687,-0.0022750468175436,0.0518542538986952,-0.0184360252545761,0.0187052737307339,0.0445257410031198,0.0799839515878623,-1,1,-1
2015-02-09,0,19.17906379699707,19.53718948364257,19.17906379699707,19.47658348083496,12.505210876464844,22649748,14.433431095681078,0.0062434328946093,0.0722827028129657,-0.027714674400373,0.01869864463996,0.0445534779057313,0.0799568504697343,1,1,-1
2015-02-10,0,19.504131317138672,19.64187240600586,19.228649139404297,19.228649139404297,12.346007347106934,22311976,14.411433568804364,-0.01281270848752,0.0463281523793231,0.00418719845519,0.018694805044297,0.044554101759621,0.0799246552398615,-1,1,0
2015-02-11,0,18.914600372314453,19.008264541625977,18.24242401123047,18.44627952575684,12.137310981750488,22426321,14.507726653143356,-0.0170484586547939,0.0017511345421477,0.0115940386447398,0.0186936674972839,0.044536408835318,0.0798927752474799,-1,0,1
2015-02-12,0,18.64462852478028,19.02479362487793,18.567493438720703,18.931129455566406,12.456335067749023,21133678,14.54762612938156,0.0259450738612765,-0.0084311288385058,0.0387189638324228,0.0187003442534597,0.0445195269138239,0.0798666536182465,1,-1,1
2015-02-13,0,19.05234146118164,19.570247650146484,18.980716705322266,19.559228897094727,12.869606971740724,22696030,14.131033931823788,0.0326391485372481,0.0326914413332766,0.064593887365732,0.0187152112770251,0.0445108072947248,0.0798528940727461,1,1,1
2015-02-18,0,19.95041275024414,20.02754783630371,19.56473731994629,19.67493057250977,12.94573974609375,21073239,14.22468279007887,0.005898274069633,0.0408647622204534,0.0793239634523369,0.018708511520288,0.0445072833069688,0.0798491398588127,1,1,1
2015-02-19,0,19.597795486450195,19.87327766418457,19.47658348083496,19.66942024230957,12.94211196899414,14219799,13.33605754964352,-0.0002802686884398,0.0343410606374042,0.0637851666016242,0.0187011375959986,0.0444995046872049,0.0798348617414673,0,1,1
2015-02-20,0,19.83470916748047,19.84572982788086,19.432506561279297,19.77410316467285,13.010993957519531,11142829,11.598004545498725,0.0053082009113656,0.0524619700362899,0.1058706665837569,0.0186943189782044,0.0445053420245082,0.0798545318515196,1,1,1
2015-02-23,0,19.47107315063477,20.10468292236328,19.47107315063477,19.966941833496094,13.137873649597168,17181153,10.736183112887002,0.0097044881442508,0.0792149168353347,0.1122580988330548,0.0186888608087709,0.0445418417887462,0.0798807752967006,1,1,1
2015-02-24,0,20.09917259216309,20.176307678222656,19.724517822265625,20.176307678222656,13.275641441345217,18547666,10.151293415744671,0.0104317082070942,0.0637015511811523,0.0936075843819098,0.0186837085050639,0.0445588651272739,0.0798885155685945,1,1,1
2015-02-25,0,19.917354583740234,20.22589492797852,19.80716133117676,20.22589492797852,13.308268547058104,15308073,9.82316949387463,0.0024546518634393,0.0335170545073434,0.0911015326879871,0.0186764686623424,0.0445504980403519,0.0798939810996701,1,1,1
2015-02-26,0,20.24793243408203,20.3250675201416,19.933883666992188,20.3250675201416,13.373515129089355,13765686,9.446136919355125,0.0048907309104398,0.0325095113481503,0.1056434451041921,0.0186695915545665,0.0445415621917639,0.0799129859244976,1,1,1
2015-02-27,0,20.3305778503418,20.69972419738769,19.983470916748047,20.110191345214844,13.232133865356444,34136520,10.186862483248344,-0.0106280132137371,0.0221617668228529,0.0833298402157682,0.0186647342057289,0.0445278598436848,0.0799118980239207,-1,1,1
2015-03-02,0,20.055095672607425,20.23691368103028,19.840219497680664,20.01101875305176,13.172293663024902,21189580,10.252338755269744,-0.0045325962636948,0.0123209696477923,0.0825794646671966,0.0186578853221736,0.0445113975043972,0.0799101781982937,-1,1,1
2015-03-03,0,19.994489669799805,20.1652889251709,19.829200744628903,20.1652889251709,13.273839950561523,14909317,9.863682238647604,0.0076795185320922,0.0102960000356339,0.1108785685505759,0.0186517457613616,0.04449459584671,0.0799343054135588,1,1,1
2015-03-04,0,19.90633583068848,20.077133178710938,19.796142578125,19.98897933959961,13.157781600952148,29891598,10.360921280441811,-0.0087818369566874,-0.0089175451281477,0.1089655995652718,0.018646138113341,0.0444780287547718,0.0799563004253865,-1,-1,1
2015-03-05,0,19.955921173095703,20.110191345214844,19.625343322753903,19.81267166137696,13.041729927062988,38369644,11.66643733034093,-0.0088591295133424,-0.0202313265049296,0.1142914860715906,0.0186405641614665,0.044464653949428,0.079983810337464,-1,-1,1
2015-03-06,0,19.68044090270996,19.92286491394043,19.096418380737305,19.28374671936035,12.693559646606444,32658384,12.778830519186094,-0.0270594604197679,-0.0521815178351375,0.0740901837057,0.0186488426945539,0.0444724283306257,0.0799756259922904,-1,-1,1
2015-03-09,0,18.84297561645508,19.12947654724121,18.43526077270508,18.78236961364746,12.363532066345217,36374415,13.703139340628024,-0.0263435733063065,-0.0678970779277068,0.0202180512170121,0.0186562752897686,0.0444971191690063,0.0799449785748479,-1,-1,1
2015-03-10,0,18.484848022460938,18.760330200195312,18.044076919555664,18.044076919555664,11.877549171447754,55093054,15.38732941658339,-0.0401011831394753,-0.1034656648034874,-0.0560104691643936,0.0186828517392605,0.0445760147088518,0.0799318397541213,-1,-1,-1
2015-03-11,0,18.198347091674805,18.683195114135746,18.18181800842285,18.65564727783203,12.280120849609377,46773457,16.916863632182515,0.0333317698916632,-0.0778134134439164,-0.014195277638196,0.0186985626912645,0.0446132317745307,0.0799019967196174,1,-1,-1
2015-03-12,0,18.84297561645508,18.94765853881836,18.61707878112793,18.7327823638916,12.330889701843262,28754319,17.620314175626604,0.0041257082183678,-0.0649058682688613,-0.0077945226022846,0.0186916037124555,0.0446339030345282,0.0798711630309889,1,-1,0
2015-03-13,0,18.30303001403809,18.677684783935547,18.253442764282227,18.63911819458008,12.269238471984863,34837473,17.52016466011311,-0.0050122794884981,-0.061059018244017,-0.0190502349853921,0.018684879019094,0.0446501660196723,0.0798424343332731,-1,-1,-1
2015-03-16,0,18.760330200195312,18.881542205810547,18.41322326660156,18.63911819458008,12.269238471984863,20000574,17.381003784733334,0.0,-0.0339995578242489,-0.0062375264978721,0.018677607678709,0.0446434077361112,0.0798114828248956,0,-1,0
2015-03-17,0,18.727272033691406,19.173553466796875,18.600549697875977,19.173553466796875,12.621023178100586,32445303,18.25412976995285,0.0282687371719707,0.0206127526540281,0.0390796693288925,0.0186867921264277,0.0446293640026705,0.0797856450120217,1,1,1
2015-03-18,0,19.085399627685547,19.83470916748047,18.92561912536621,19.752065658569336,13.001832962036133,31379353,18.314715259666777,0.0297264148562705,0.0904403506497742,0.0428610103238863,0.018697677287142,0.0446818623705254,0.0797611717141261,1,1,1
2015-03-19,0,19.69696807861328,19.74104690551757,19.327823638916016,19.6308536529541,12.922051429748535,19084725,17.267434928766892,-0.0061550794594415,0.0509535012986694,0.0040667823271965,0.0186912536836522,0.0446861812063643,0.0797296950232667,-1,1,0
2015-03-20,0,19.83470916748047,20.088153839111328,19.752065658569336,19.796142578125,13.030856132507324,30542094,17.199093547558803,0.0083848285560887,0.0552126216363902,0.0065533368136523,0.0186853958414004,0.0446943175257432,0.0796982592759361,1,1,0
2015-03-23,0,19.77410316467285,19.889806747436523,19.37190055847168,19.66942024230957,12.94743537902832,18248010,16.318282820139167,-0.0064223653952147,0.0538025357296738,0.0004112401068773,0.0186790597409565,0.0447010899606869,0.0796669625529366,-1,1,0
2015-03-24,0,19.66942024230957,19.884296417236328,19.33333206176757,19.548208236694336,12.867639541625977,21081769,14.737422578216476,-0.006182131315819,0.0476204044138548,-0.0110790921203074,0.0186726652688022,0.0447024868751891,0.0796368935678124,-1,1,-1
2015-03-25,0,19.66942024230957,19.983470916748047,19.311294555664062,19.531679153442383,12.856764793395996,30202507,13.969571736623491,-0.0008454811031703,0.0185061861387136,-0.0216290613677285,0.0186654595629063,0.0446877257453989,0.0796090982945605,0,1,-1
2015-03-26,0,19.327823638916016,19.432506561279297,18.90909004211425,18.980716705322266,12.49408721923828,23475573,13.716779256868367,-0.0286146059476269,-0.0398348346651839,-0.0606753755224498,0.0186754068680969,0.0446849863551541,0.0795991650575147,-1,-1,-1
2015-03-27,0,18.991735458374023,18.991735458374023,18.51239585876465,18.65013694763184,12.276487350463867,26505715,13.295741577724062,-0.0175696745161376,-0.0512494297218801,-0.0806997019020269,0.0186746901690251,0.0446914754427587,0.0796041724732559,-1,-1,-1
2015-03-30,0,18.7327823638916,19.27823638916016,18.6942138671875,19.27823638916016,12.689939498901367,21072876,13.386614561557725,0.0331236786741018,-0.0265105796038669,-0.0524667541383649,0.0186899392789087,0.0446807663224968,0.0795892002555,1,-1,-1
2015-03-31,0,19.09090805053711,19.60881423950196,18.99724578857422,19.45454406738281,12.805990219116213,24226801,12.977079322908818,0.009103533227926,-0.010984680980726,-0.0327352076967015,0.018684372979134,0.0446647226346966,0.0795649804454439,1,-1,-1
2015-04-01,0,19.724517822265625,20.24793243408203,19.65840148925781,20.110191345214844,13.243199348449709,27909436,12.81870817215011,0.0335711166273452,0.0287685669624382,0.0053685051943385,0.0187001507822735,0.0446540709864574,0.0795337977846005,1,1,0
2015-04-02,0,20.082643508911133,20.57851219177246,20.082643508911133,20.30303001403809,13.37018585205078,22893139,13.064119324991491,0.0095431277440481,0.0391571758096568,0.0072321144062943,0.0186947413137785,0.0446493311028458,0.0795026769005607,1,1,0
2015-04-06,0,20.58953094482422,20.64462852478028,20.30853843688965,20.55096435546875,13.53345775604248,17844172,12.418334566292229,0.0121376799993718,0.0799094617566556,0.0281516313623535,0.0186904707570189,0.0446857221979054,0.0794742187413926,1,1,1
2015-04-07,0,20.44077110290528,20.661157608032227,20.336088180541992,20.561983108520508,13.540717124938965,20523294,12.590142925896414,0.0005362578252051,0.0980153940979986,0.0375470187009012,0.0186832827672207,0.0447493532984601,0.0794483684479431,0,1,1
2015-04-08,0,20.74380111694336,20.914600372314453,20.59504127502441,20.661157608032227,13.606023788452148,24495603,12.846049578638103,0.0048113907821276,0.0697031062060243,0.0694178699027969,0.0186765341388902,0.0447724240181264,0.079437735857044,1,1,1
2015-04-09,0,20.22038459777832,20.352617263793945,19.944902420043945,20.24793243408203,13.333900451660156,37041064,13.281790628887649,-0.0202029218850912,0.040396651093007,0.0755585213240123,0.0186779360890406,0.0447682981812322,0.0794311549238948,-1,1,1
2015-04-10,0,20.110191345214844,20.49586677551269,20.0,20.39669418334961,13.431861877441406,17392963,13.035495350000122,0.0073199382095925,0.0141454726752543,0.1229796426730804,0.0186718056279426,0.0447524568283655,0.0794683654165896,1,1,1
2015-04-13,0,20.3305778503418,20.5344352722168,20.11570167541504,20.23691368103028,13.32663917541504,17734365,12.667997582939016,-0.0078646590986844,-0.0032623141674782,0.0817832136827325,0.0186659849066015,0.044735411864512,0.0794661559477204,-1,0,1
2015-04-14,0,20.341596603393555,20.40220260620117,19.95041275024414,20.23691368103028,13.32663917541504,17586624,12.531645336412932,0.0,-0.01539999416685,0.0776575054643647,0.0186588327140807,0.0447206170629056,0.0794608954291037,0,-1,1
2015-04-15,0,20.42424201965332,20.567493438720703,20.17079734802246,20.5289249420166,13.518959045410156,18744594,12.29709083473906,0.0143280964412646,-0.0016081555507906,0.0969978813941276,0.0186557762215141,0.0447035018385277,0.0794711295613042,1,0,1
2015-04-16,0,20.42975234985352,20.47382926940918,20.258953094482425,20.37465476989746,13.41736125946045,18964753,11.821908725794737,-0.0075435892201131,-0.0139631355530316,0.0894542921740143,0.0186498733307295,0.0446883438864215,0.0794748025607879,-1,-1,1
2015-04-17,0,20.176307678222656,20.27548217773437,20.09917259216309,20.11570167541504,13.24682903289795,20288251,11.667863613293832,-0.0127912792286673,-0.0065514928966076,0.0483942757733762,0.0186462077952972,0.044671726135361,0.0794529422598173,-1,-1,1
2015-04-20,0,20.20936584472656,20.258953094482425,19.70247840881348,19.779613494873047,13.025508880615234,31722388,12.376415245385658,-0.0168485491139538,-0.0307199802201541,0.0018193118031518,0.0186450376298926,0.0446634058951579,0.079422157409176,-1,-1,0
2015-04-22,0,19.83470916748047,20.468318939208984,19.779613494873047,20.3305778503418,13.388333320617676,24744984,12.596746452952056,0.0274740236026723,0.0046187024812026,0.0354484148652657,0.0186531458056046,0.0446463844243181,0.0793957354989979,1,1,1
2015-04-23,0,20.1267204284668,20.90909004211425,19.983470916748047,20.881542205810547,13.751150131225586,25093101,12.64532069650882,0.0267387865138622,0.0313574889950648,0.0538023728230393,0.0186604072580682,0.0446370286415315,0.0793763507417904,1,1,1
2015-04-24,0,20.887052536010746,21.730026245117188,20.85950469970703,21.559228897094727,14.197434425354004,43441117,13.15226571949881,0.0319388074910362,0.0489682000448364,0.0921635457092901,0.0186738070998611,0.0446393876231766,0.079382212300048,1,1,1
2015-04-27,0,21.47658348083496,21.763084411621094,21.0633602142334,21.15702438354492,13.93256950378418,20778483,13.38284640024601,-0.0188320449554655,0.037679744309484,0.0795136320696436,0.0186741203944055,0.0446336071443077,0.0793781168877766,-1,1,1
2015-04-28,0,21.27823638916016,21.43801689147949,20.942148208618164,21.37190055847168,14.074073791503906,23178639,13.75373121653326,0.0101051375814058,0.0605761611195571,0.0904642507542198,0.0186689948630449,0.0446465084670911,0.0793824459318259,1,1,1
2015-04-29,0,21.173553466796875,21.355371475219727,20.953168869018555,21.07988929748535,13.881781578063965,17612578,13.79550548012691,-0.0137570640286893,0.0636676462048217,0.1053217926731575,0.0186658884060745,0.0446625448334224,0.0794000358191143,-1,1,1
2015-04-30,0,20.991735458374023,21.31680488586425,20.881542205810547,21.228649139404297,13.979736328125,20393884,13.926290200612453,0.0070315733685994,0.0432251959707486,0.1299230405578946,0.0186597341216371,0.0446603764105102,0.0794442477685078,1,1,1
2015-05-04,0,21.34986114501953,21.713497161865234,21.327823638916016,21.460054397583008,14.13762664794922,19303977,14.002447063091989,0.0112309237222507,0.0277173331791372,0.1080302856060435,0.0186551037663954,0.0446492078410486,0.079464231407471,1,1,1
2015-05-05,1,21.32231330871582,21.619834899902344,20.991735458374023,21.250688552856445,13.9996976852417,26678140,14.434621031810384,-0.0098040642301093,-0.0140255385420084,0.0891226881480077,0.0186500808161445,0.044634266911687,0.0794671255620145,-1,-1,1
2015-05-06,0,21.27823638916016,21.43801689147949,20.49586677551269,20.71625328063965,13.647622108459473,32575801,14.564119322243068,-0.0254704335236621,-0.020663927110205,0.0300811379970004,0.0186564399047584,0.0446214755787923,0.0794393131726042,-1,-1,1
2015-05-07,0,20.556472778320312,20.79889869689941,20.44077110290528,20.79889869689941,13.702064514160156,22392562,14.463144394553742,0.0039812139979167,-0.0267878506936941,0.0245192242508688,0.0186496581343263,0.0446113260395966,0.0794103841418786,1,-1,1
2015-05-08,0,21.096418380737305,21.1019287109375,20.55096435546875,21.07438087463379,13.883560180664062,26065033,14.53253780181453,0.013158903409829,0.0001281167448243,0.025540447661326,0.0186459900912949,0.0445943889644593,0.0793816741957702,1,0,1
2015-05-11,0,21.14049530029297,21.212120056152344,20.81542587280273,20.97520637512207,13.81821632385254,13475286,12.755873698493604,-0.0047176741891874,-0.0116211308129626,0.0202865156469334,0.0186394343798696,0.0445789176181285,0.0793521386205255,-1,-1,1
2015-05-12,0,20.77134895324707,21.0688705444336,20.727272033691406,20.881542205810547,13.756507873535156,22720533,12.851021024724492,-0.0044757331307147,-0.027327787665928,0.0109993917340909,0.0186328381548692,0.0445690602953426,0.0793217766665295,-1,-1,1
2015-05-13,0,20.787878036499023,20.991735458374023,20.66666603088379,20.7382926940918,13.662139892578123,20242150,12.646070112159244,-0.0068835162390174,-0.0244072396748361,0.0243187973801647,0.0186268254245669,0.0445578483714198,0.0792929406421298,-1,-1,1
2015-05-14,0,20.75481986999512,21.01928329467773,20.633607864379883,20.942148208618164,13.796435356140137,22461351,12.915913929391431,0.0097817554739835,0.0108449493228094,0.0267806146445554,0.0186216447365746,0.0445417195973433,0.0792645988602602,1,1,1
2015-05-15,0,20.881542205810547,21.34435272216797,20.881542205810547,21.33333206176757,14.05414867401123,14620188,12.587332390625622,0.0185073802125141,0.0253711155374068,0.0531526539557538,0.0186213810528346,0.0445297208114359,0.0792449140353503,1,1,1
2015-05-18,0,21.366390228271484,21.366390228271484,20.622589111328125,20.765840530395508,13.680290222167969,42820932,13.878480127548167,-0.0269615044423349,-0.0147492923147571,0.0261911495134189,0.0186293296725992,0.0445151066834184,0.0792165091788221,-1,-1,1
2015-05-19,0,20.71625328063965,20.95867729187012,20.154268264770508,20.47382926940918,13.487919807434082,20918238,13.50155414715496,-0.0141616712732353,-0.0241932893988049,-0.0022986182010808,0.0186264953967562,0.0445038595408893,0.0791865444701656,-1,-1,0
2015-05-20,0,20.264461517333984,20.34710693359375,19.966941833496094,20.110191345214844,13.248353004455566,35903241,13.62979225475306,-0.0179212126112606,-0.0376387688793508,-0.0126762415922284,0.0186261258261901,0.0444999945141841,0.079157980428055,-1,-1,-1
2015-05-21,0,19.90082550048828,19.933883666992188,19.61432456970215,19.86776733398437,13.088648796081545,33458436,14.17078451428733,-0.0121278926961347,-0.0428831453364682,-0.0120128550596958,0.0186221885525106,0.0444998183081193,0.0791293288071983,-1,-1,-1
2015-05-22,0,19.724517822265625,19.724517822265625,19.4269962310791,19.44903564453125,12.812786102294922,43812829,14.99397929449849,-0.0213017638749641,-0.0739666646854157,-0.016466069820706,0.0186245046884424,0.0445310792532081,0.0791015828793508,-1,-1,-1
2015-05-25,0,19.504131317138672,19.652891159057617,19.305784225463867,19.520660400390625,12.859980583190918,14110899,14.974425665228548,0.0036766223630651,-0.0887974225348648,-0.0402634710603134,0.0186177591909346,0.0445829174644811,0.0790817740710461,1,-1,-1
2015-05-26,0,19.404958724975582,19.44903564453125,19.146005630493164,19.23415946960449,12.67124080657959,22786962,14.876148062081407,-0.0147852867672065,-0.0766212048597362,-0.0817875443413821,0.0186152831052845,0.0446172790003414,0.0790888119223429,-1,-1,-1
2015-05-27,0,19.38291931152344,19.68044090270996,19.07988929748535,19.625343322753903,12.92894458770752,26706999,15.159814101152213,0.0201336421912432,-0.0423258913952576,-0.093592709641175,0.0186163271097958,0.0446164432447119,0.0791064242571883,1,-1,-1
2015-05-28,0,19.460054397583008,19.531679153442383,19.16253471374512,19.393938064575195,12.776495933532717,26985238,15.303789171144864,-0.0118613366220796,-0.0362660154060766,-0.086622001307789,0.0186122699168394,0.044611457196995,0.0791174987339939,-1,-1,-1
2015-05-29,0,19.338842391967773,19.338842391967773,18.8980712890625,18.914600372314453,12.46071720123291,37570137,16.387728746848193,-0.0250261557552104,-0.0491642784651523,-0.1217532946444052,0.0186180617955275,0.0446159757628949,0.07916561183016,-1,-1,-1
2015-06-01,0,18.97520637512207,19.07438087463379,18.75481986999512,18.776859283447266,12.37537956237793,22620889,15.125589061484826,-0.0068720923026486,-0.0347346068928368,-0.1148683229183645,0.0186120889937329,0.0446100139547507,0.0792053150187663,-1,-1,-1
2015-06-02,0,18.9366397857666,19.25619888305664,18.80991744995117,19.195592880249023,12.651363372802734,25691869,15.30259050194191,0.0220560061805096,-0.0163552230753922,-0.0998438901064544,0.0186147625762481,0.0445958262397959,0.0792285709398572,1,-1,-1
2015-06-03,0,19.15702438354492,19.15702438354492,18.683195114135746,18.710742950439453,12.331806182861328,41876587,15.470767341773572,-0.0255831925740347,-0.0271531288822204,-0.1366580064027398,0.0186210996478002,0.0445857875542965,0.0792953080415093,-1,-1,-1
2015-06-05,0,18.65564727783203,18.71625328063965,18.253442764282227,18.264461517333984,12.037673950195312,21856411,14.749347286343776,-0.024140565587136,-0.0714273366605999,-0.1509945077597664,0.0186259610074587,0.0446131410008665,0.0793821732788394,-1,-1,-1
2015-06-08,0,18.43526077270508,18.44077110290528,18.18181800842285,18.18732643127441,11.986830711364746,37795560,14.302381711339605,-0.0042326212716438,-0.063798621310164,-0.1297566955077481,0.0186193953297084,0.0446316041193032,0.0794391448345769,-1,-1,-1
2015-06-09,0,18.23691368103028,18.39118385314941,18.055095672607425,18.07162475585937,11.910578727722168,22545748,14.661665346213828,-0.0063816325044283,-0.045154098059382,-0.1401195420100931,0.0186133034971815,0.0446326875855568,0.0795096818585187,-1,-1,-1
2015-06-10,0,18.341596603393555,18.749311447143555,18.3250675201416,18.600549697875977,12.25917625427246,44420310,15.717300185853784,0.0288477646153235,-0.0094342411414098,-0.1244306808045987,0.0186228668632713,0.0446168970113753,0.079559415999849,1,-1,-1
2015-06-11,0,18.80991744995117,18.8650131225586,18.34710693359375,18.484848022460938,12.182920455932615,28065708,15.703389602124696,-0.0062397303027829,-0.0377299776247025,-0.1259527369181942,0.0186167503881734,0.0446127023507169,0.0796108044849946,-1,-1,-1
2015-06-12,0,18.31955909729004,18.50137710571289,18.19283676147461,18.292011260986328,12.055826187133787,49094298,16.723033829857123,-0.010486964152833,-0.0226337492035008,-0.1319639679403124,0.0186120808252777,0.0446006631569831,0.0796695858996088,-1,-1,-1
2015-06-15,0,18.18181800842285,18.38567352294922,17.851238250732422,18.38567352294922,12.117560386657717,26009494,16.091762228366594,0.0051076280557441,0.0066144444393793,-0.119972823645551,0.018605660369989,0.0445843098394007,0.0797132614560773,1,1,-1
2015-06-16,0,18.58953094482422,19.041322708129883,18.49586677551269,19.035812377929688,12.546053886413574,39884080,17.00143552997561,0.0347505126220069,0.0455975783330302,-0.0950040664975274,0.0186226384015597,0.0445844294244417,0.0797302499598342,1,1,-1
2015-06-17,0,18.914600372314453,19.05785179138184,18.622589111328125,18.69972419738769,12.324538230895996,28733628,17.12148224119618,-0.0178139315985989,0.0341652792388595,-0.1313253783086403,0.0186221590354094,0.0445770803834009,0.0797875473684819,-1,1,-1
2015-06-18,0,18.82093620300293,19.27272605895996,18.600549697875977,19.16253471374512,12.629565238952637,16064565,15.827713649094402,0.024448259710321,0.0297657743338571,-0.0799156141559843,0.0186270041435078,0.0445674469349849,0.079791175995405,1,1,-1
2015-06-19,0,18.74380111694336,19.07438087463379,18.71625328063965,18.94765853881836,12.487945556640623,27840648,16.176702148446346,-0.0112766893345319,0.0247288153021081,-0.0770306322172809,0.0186227045785323,0.044555603928234,0.0797924922257278,-1,1,-1
2015-06-22,0,19.035812377929688,19.190082550048828,18.85950469970703,19.00275421142578,12.524258613586426,21541327,15.420477139162283,0.0029036291413421,0.0381194085962835,-0.0562057904646781,0.0186159613289587,0.0445505725424101,0.0797798210471834,1,1,-1
2015-06-23,0,19.15702438354492,19.38842964172364,19.03030204772949,19.190082550048828,12.647723197937012,20121090,15.362512228658384,0.0098097619306446,0.042821542471184,-0.0342681358378986,0.0186109261499304,0.0445486247193436,0.0797568885128707,1,1,-1
2015-06-24,0,19.228649139404297,19.44352531433105,19.123966217041016,19.25619888305664,12.691290855407717,21705222,14.25211107683444,0.0034387841856932,0.0115098140348702,-0.0095275877772412,0.0186042602285102,0.0445330183542428,0.0797278548657877,1,1,-1
2015-06-25,0,19.23415946960449,19.261707305908203,18.727272033691406,18.92561912536621,12.473421096801758,21184498,13.931566763257472,-0.0173159305664145,0.0120078150670548,-0.0305201407067208,0.0186034514047989,0.0445175174553385,0.0797036703441393,-1,1,-1
2015-06-26,0,18.85950469970703,19.27272605895996,18.85950469970703,19.09090805053711,12.58236026763916,17841268,12.415537388027762,0.0086957860719112,-0.0037446585713551,-0.0070390678676031,0.018598032542413,0.04450121430571,0.0796744004622096,1,0,0
2015-06-29,0,18.77134895324707,19.041322708129883,18.677684783935547,18.84848403930664,12.422577857971191,13167825,11.789984956258788,-0.012780242341917,-0.0052482115787401,-0.0399529524007634,0.018594491373403,0.0444850665777303,0.0796537728640335,-1,-1,-1
2015-06-30,0,18.97520637512207,19.05234146118164,18.77134895324707,18.85399436950684,12.42621612548828,18686332,10.68330471559743,0.0002928325250318,-0.0078590081950504,-0.0277987832536519,0.0185876391958601,0.0444692641834391,0.0796287980391131,0,-1,-1
2015-07-01,0,18.980716705322266,18.991735458374023,18.749311447143555,18.953168869018555,12.49705982208252,19247349,10.21455938702412,0.0056849579117492,-0.0119838122139458,0.0029123304133076,0.0185814009310947,0.0444542265753042,0.0795990223879566,1,-1,0
2015-07-02,0,19.14049530029297,19.32231330871582,19.01377487182617,19.20661163330078,12.66417121887207,18337671,10.335643534795777,0.0132834402053806,-0.0021391561942586,0.023067862921337,0.018577975204657,0.0444378886507851,0.0795709273793906,1,0,1
2015-07-03,0,19.09090805053711,19.201101303100582,18.953168869018555,19.01377487182617,12.537019729614258,7816842,9.30536504610362,-0.0100909967694251,0.0050857776027305,-0.0090791400285979,0.0185732237063718,0.044421627692725,0.0795420482778092,-1,1,-1
2015-07-06,0,18.78236961364746,19.05785179138184,18.573001861572266,18.688705444335938,12.322676658630373,17024700,9.057776941505656,-0.0172446500835749,-0.0208546585527555,-0.0007405975381381,0.0185723846167958,0.044409202481223,0.0795124813766521,-1,-1,0
2015-07-07,0,18.573001861572266,18.79889869689941,18.336088180541992,18.760330200195312,12.369911193847656,18734248,8.963919316459767,0.0038258114631915,-0.0042486047476468,0.0272257795121895,0.0185658333350844,0.0443930622126306,0.0794852965282845,1,0,1
2015-07-08,0,18.611570358276367,18.787878036499023,18.457300186157227,18.545454025268555,12.228224754333496,15412980,8.604937402147197,-0.0115202230614978,-0.0160616603341766,0.0199381777223354,0.0185617091916431,0.0443791176180595,0.0794568224147777,-1,-1,1
2015-07-10,0,18.953168869018555,19.173553466796875,18.765840530395508,19.107437133789062,12.598780632019045,23133264,8.71721069324276,0.0298532498760984,0.0081066316301726,0.0561730601028623,0.0185723284975262,0.0443632109386957,0.0794398317970729,1,1,1
2015-07-13,0,19.22314071655273,19.460054397583008,19.14049530029297,19.28374671936035,12.715025901794434,13581100,8.503452005477437,0.0091844019395276,0.0040075933643197,0.0365096974270664,0.0185671302419342,0.0443469750025761,0.0794151142795141,1,0,1
2015-07-14,0,19.23636245727539,19.381818771362305,19.05454444885254,19.296968460083008,12.723746299743652,12717045,8.496148575847638,0.0006855989920987,0.0147841891258436,0.0434350267219482,0.0185603381649509,0.0443322625681431,0.0793927256651891,0,1,1
2015-07-15,0,19.224241256713867,19.321212768554688,18.90303039550781,18.96363639831543,12.5039644241333,17454360,8.438576618109233,-0.0174242870132065,0.0146045521962119,0.0364977038615745,0.0185596423912295,0.0443175237281913,0.079368045745683,-1,1,1
2015-07-16,0,19.18181800842285,19.24242401123047,18.84848403930664,19.01818084716797,12.539925575256348,14770470,8.210319598573834,0.0028718522433874,0.0136505929764078,0.034261928049218,0.0185530031968222,0.0443025918120221,0.0793427406255324,1,1,1
2015-07-17,0,19.03030204772949,19.151514053344727,18.7939395904541,18.90303039550781,12.463998794555664,11133045,7.824617472720154,-0.006073207785326,0.0190976082525795,-0.0065617923581151,0.0185469891228127,0.0442890610372275,0.07931387192635,-1,1,0
2015-07-20,0,18.92121124267578,18.9818172454834,18.68484878540039,18.787878036499023,12.388076782226562,14710245,8.172201284755186,-0.0061099322093367,-0.0168655738328556,0.005142207031147,0.0185409897867009,0.0442754744734246,0.0792844714905087,-1,-1,0
2015-07-21,0,18.7939395904541,18.89090919494629,18.51515007019043,18.63030242919922,12.284172058105469,15109215,8.072398651585418,-0.0084228510405484,-0.0344728268129316,-0.0277289037197224,0.0185356702751184,0.0442696567510194,0.0792599340554407,-1,-1,-1
2015-07-22,0,18.490909576416016,18.581817626953125,18.14545440673828,18.339393615722656,12.092361450195312,21896160,8.208719404119147,-0.0157376410138926,-0.050896066818923,-0.0321898553990831,0.0185338677987791,0.0442756682500385,0.0792368497278996,-1,-1,-1
2015-07-23,0,18.45454406738281,18.45454406738281,17.51515007019043,17.575756072998047,11.588842391967772,40403550,9.363141695932915,-0.0425311956864386,-0.076002975492155,-0.0776246802268639,0.0185628263506159,0.0443082911678507,0.0792389174687349,-1,-1,-1
2015-07-24,0,17.51515007019043,17.545454025268555,17.066665649414062,17.49696922302246,11.536887168884276,43079850,10.211374116776474,-0.0044932905022471,-0.0833681182377896,-0.0919277326597556,0.0185564829707477,0.0443505370238035,0.0792528135719379,-1,-1,-1
2015-07-27,0,17.42424201965332,17.709089279174805,17.339393615722656,17.46060562133789,11.51291275024414,26218995,10.744408694123596,-0.0020802286674702,-0.0793751391199337,-0.0974467455129192,0.0185498264909126,0.0443872041890986,0.0792717071759803,-1,-1,-1
2015-07-28,0,17.7575740814209,18.060606002807617,17.27272605895996,17.781818389892578,11.724703788757324,35378970,11.788415676335235,0.0182287974998605,-0.0550364094107365,-0.0619020174466442,0.0185495250455009,0.0443965661454741,0.0792627696673572,1,-1,-1
2015-07-29,0,17.72121238708496,18.060606002807617,17.636362075805664,17.95757484436035,11.840596199035645,23186790,12.020725117004377,0.0098359320421566,-0.0367776263280314,-0.0607618714763988,0.0185446411237426,0.0443919128593446,0.0792531203708519,1,-1,-1
2015-07-30,0,18.048484802246094,18.060606002807617,17.58787727355957,17.733333587646484,11.692737579345703,12923790,11.879985637416551,-0.0125660534729581,-0.033606038787097,-0.0605476826074399,0.0185410546491512,0.0443853835257409,0.0792433264437485,-1,-1,-1
2015-07-31,0,17.88484764099121,18.230302810668945,17.836362838745117,18.230302810668945,12.020425796508787,22122045,12.404689506561528,0.0276394231186117,0.0365645800179535,-0.03320109201386,0.0185491476726774,0.0443797949084081,0.079220585747661,1,1,-1
2015-08-03,0,18.121212005615234,18.24242401123047,17.896968841552734,18.13333320617676,11.962450981140137,21613020,12.719596682471122,-0.0048346934216976,0.0362231770985028,-0.0437207433473069,0.0185429056450877,0.0443739986952507,0.0792020106526581,-1,1,-1
2015-08-04,1,18.14545440673828,18.14545440673828,17.521211624145508,17.69696807861328,11.674589157104492,45644610,14.152645122046716,-0.0243580460942007,0.0139453596717722,-0.0813622296468883,0.0185478813693358,0.0443593057751769,0.0792066732014208,-1,1,-1
2015-08-05,0,17.878786087036133,18.042423248291016,17.581817626953125,17.66666603088379,11.65459156036377,20277015,14.035221114958862,-0.0017143852483158,-0.005997823076404,-0.0729856181257789,0.0185412339373832,0.0443435646775395,0.0792049828484255,0,-1,-1
2015-08-06,0,17.5696964263916,17.787878036499023,17.393938064575195,17.600000381469727,11.610612869262695,28651590,13.475797908484807,-0.0037806453510777,-0.0196144004696385,-0.0595216133932818,0.0185348230363092,0.0443308516892763,0.0791945099794988,-1,-1,-1
2015-08-07,0,17.454544067382812,17.600000381469727,17.0,17.084848403930664,11.27077579498291,25080495,12.591358251876672,-0.0297064195074006,-0.036754766504081,-0.0930538443638741,0.018545425176368,0.0443262425770899,0.079208887769186,-1,-1,-1
2015-08-10,0,17.218181610107422,17.436363220214844,17.048484802246094,17.30908966064453,11.418703079223633,24584835,12.504164631758243,0.0130394691771997,-0.0513547204454931,-0.0684941521251766,0.0185419987575155,0.0443322902597586,0.0792039818514178,1,-1,-1
2015-08-11,0,17.27272605895996,17.357574462890625,16.993938446044922,17.27272605895996,11.394716262817385,19513230,11.709974024591336,-0.002102869796577,-0.0486228968203724,-0.100450271797852,0.0185354016422147,0.0443360394616318,0.0792250839647471,-1,-1,-1
2015-08-12,0,17.07272720336914,17.078786849975586,16.642423629760742,16.7757568359375,11.066868782043455,43164165,12.54826270178071,-0.0291939117147509,-0.0534587624409225,-0.1388285854521305,0.0185453762119732,0.0443438263785772,0.0792897288448661,-1,-1,-1
2015-08-13,0,16.68484878540039,16.727272033691406,16.060606002807617,16.18181800842285,10.810172080993652,45778920,13.966809094248456,-0.02346830031499,-0.0752126775075966,-0.1629824847592192,0.0185494427451305,0.0443745588807652,0.0793884394758659,-1,-1,-1
2015-08-14,0,16.284847259521484,16.321212768554688,15.951515197753906,16.16363525390625,10.798022270202637,37605810,14.54514875519265,-0.0011245559785292,-0.072556588135048,-0.1466827537245418,0.0185427908451269,0.044401945554793,0.079462994430244,0,-1,-1
2015-08-17,0,16.133333206176758,16.527271270751953,15.993939399719238,15.993939399719238,10.684663772583008,22308990,14.461872998584855,-0.010553573191725,-0.0534037418193724,-0.1601081791596544,0.0185382977001938,0.0444094798426877,0.0795565205929502,-1,-1,-1
2015-08-18,0,16.01818084716797,16.7757568359375,15.696969032287598,16.26060676574707,10.862805366516112,50332755,14.519119574593528,0.0165351811486771,-0.0499080298478952,-0.1374997902256513,0.0185369077445036,0.0444140134393235,0.0796181546620137,1,-1,-1
2015-08-19,0,16.066665649414062,16.169696807861328,15.696969032287598,15.927271842956545,10.640128135681152,28435110,14.792430780411925,-0.020712075520493,-0.0685172355718111,-0.1521019335368075,0.0185385954329553,0.0444364930061284,0.079699266159221,-1,-1,-1
2015-08-20,0,15.73939323425293,16.18181800842285,15.648484230041504,15.96363639831543,10.664422988891602,28862955,14.689863041044356,0.0022807205464761,-0.037042603310584,-0.1413983619497829,0.0185320377206981,0.0444317977903019,0.0797653885860875,1,-1,-1
2015-08-21,0,15.787878036499023,16.2060604095459,15.678787231445312,16.0,10.688716888427734,35822490,15.103421937515977,0.0022754414721005,-0.0112988615234935,-0.1233852794637897,0.0185254865025655,0.0444168902227954,0.0798090115455352,1,-1,-1
2015-08-24,0,15.14545440673828,16.121212005615234,14.981818199157717,15.67272663116455,10.470075607299805,47734170,16.007349922409464,-0.0206674425027808,-0.0308417480477452,-0.101521526280132,0.0185271346546681,0.0444087562056105,0.0798294993478752,-1,-1,-1
2015-08-25,0,16.23636245727539,16.290908813476562,15.545454025268556,15.642423629760742,10.449834823608398,43131000,16.94969855067714,-0.0019350742513208,-0.0222232491073409,-0.0989633100292058,0.0185205717342942,0.0443968836410569,0.0798474840698019,-1,-1,-1
2015-08-26,0,15.84848403930664,16.58787727355957,15.690909385681152,16.58787727355957,11.08144474029541,45549405,17.061366523483393,0.0586858926096534,0.0199274623536354,-0.0381971887520822,0.0185803070098579,0.0443840641781688,0.0798260335805034,1,1,-1
2015-08-27,0,16.73939323425293,17.42424201965332,16.727272033691406,17.175756454467773,11.474167823791504,40563600,16.93986347078488,0.0348261679720765,0.0754657058462049,-0.0215998182798659,0.0185968995479702,0.044413821581542,0.0797996978831261,1,1,-1
2015-08-28,0,16.969696044921875,17.333332061767578,16.49696922302246,16.68484878540039,11.146223068237305,28179690,16.560342385082667,-0.028997530267687,0.0441874550320417,-0.0604332805897097,0.0186064969011423,0.0444134202958143,0.079788764621939,-1,1,-1
2015-08-31,0,16.266666412353516,16.31515121459961,15.890909194946287,16.09090805053711,10.749448776245115,40270725,17.363049357884524,-0.0362462256160586,0.0056657879438824,-0.0841134527328102,0.01862513549163,0.0443977264160064,0.0797939013868255,-1,1,-1
2015-09-01,0,15.70909023284912,15.993939399719238,15.612120628356934,15.70909023284912,10.500309944152832,27653670,16.30508102082532,-0.0234497014120576,0.0028835290346056,-0.1352025772634798,0.0186290543565129,0.0443818733161757,0.0798509313829651,-1,0,-1
2015-09-02,0,15.91515064239502,16.078786849975586,15.660606384277344,16.078786849975586,10.747419357299805,20866230,15.981994912741888,0.0232608907500829,0.0280794940360093,-0.1071069930916992,0.0186327392254393,0.0443721804315909,0.0798762893416744,1,1,-1
2015-09-03,0,16.169696807861328,16.690908432006836,15.91515064239502,16.690908432006836,11.156575202941896,42902145,16.68694552877563,0.0373633624299509,0.006756963856307,-0.0453855845675474,0.0186527115083611,0.0443566356045537,0.0798576630406146,1,1,-1
2015-09-04,0,16.290908813476562,16.472726821899414,16.012121200561523,16.012121200561523,10.702856063842772,38917890,16.82574559278337,-0.0415184006935706,-0.0695876048093402,-0.0851896000128021,0.0186790451942489,0.044380195416588,0.0798633606611769,-1,-1,-1
2015-09-08,0,16.393938064575195,16.393938064575195,16.12727165222168,16.187877655029297,10.820335388183594,17242665,15.533283176197031,0.0109166422923936,-0.0296734322492594,-0.0704923123693306,0.0186746503879017,0.044371584738664,0.0798583695024165,1,-1,-1
2015-09-09,0,16.42424201965332,16.818180084228516,16.31515121459961,16.36969566345215,10.941864013671877,28180020,14.945791287746854,0.0111688976444768,0.0177416910112759,-0.0296169952174532,0.01867036319959,0.0443581890591041,0.0798340831408562,1,1,-1
2015-09-10,0,15.757575035095217,16.327272415161133,15.757575035095217,16.042423248291016,10.723109245300291,44242275,14.820599055904475,-0.0201950125139488,0.0209963799093847,-0.0628514769086017,0.018671526844949,0.0443458012945745,0.0798243240212273,-1,1,-1
2015-09-11,0,16.0,16.07272720336914,15.84848403930664,16.07272720336914,10.743368148803713,31233510,14.2846449922746,0.0018874926841574,-0.0003770181565406,-0.0588611144278674,0.0186649600921351,0.0443299986649869,0.0798122848235016,1,0,-1
2015-09-14,0,16.175756454467773,16.733333587646484,15.939393043518066,16.72121238708496,11.176831245422363,31888890,14.459277718932409,0.0395543490987868,0.0018139685122952,0.0098871463856703,0.0186879856760864,0.0443142263209751,0.0797838097771522,1,0,1
2015-09-15,0,16.59393882751465,17.248483657836914,16.59393882751465,17.133333206176758,11.452299118041992,36140445,14.380886628632664,0.0243475092680172,0.067679878473883,0.0577029559686776,0.0186925354476641,0.0443348431642873,0.0797690770558776,1,1,1
2015-09-16,0,17.27272605895996,17.636362075805664,17.212120056152344,17.418180465698242,11.642706871032717,40709790,15.138515547576992,0.0164894581468365,0.0732526943283259,0.0753169700940433,0.0186910088644574,0.044361626908725,0.079764577879231,1,1,1
2015-09-17,0,17.290908813476562,17.88484764099121,17.254545211791992,17.5696964263916,11.743974685668944,32678580,15.79677067348401,0.0086603520322515,0.0707441487161007,0.09453089531802,0.0186857776358369,0.0443854237776718,0.0797743831980445,1,1,1
2015-09-18,0,17.333332061767578,17.575756072998047,16.733333587646484,16.878786087036133,11.282154083251951,46795650,16.000268787648594,-0.0401181236922441,0.0508210375378055,0.0378775904770989,0.018709764853895,0.0443899161414191,0.0797514651662508,-1,1,1
2015-09-21,0,16.84848403930664,16.993938446044922,16.375757217407227,16.50303077697754,11.030986785888672,25549755,15.444453347524226,-0.0225138995861531,0.0264196452674949,0.0360757664114387,0.0187127856728897,0.0443795196404041,0.0797280012111137,-1,1,1
2015-09-22,0,16.31515121459961,16.7939395904541,16.024242401123047,16.660606384277344,11.136317253112791,31347855,16.115129078993743,0.0095032990715322,-0.0036314047597597,0.0432983449364947,0.0187078557661215,0.0443639185747245,0.0797069909855038,1,0,1
2015-09-23,0,16.63030242919922,16.781818389892578,16.0,16.0,10.694751739501951,26474250,16.01111434817168,-0.0404584626489731,-0.0684373766767501,0.000564440815421,0.0187322087287585,0.0443861684055409,0.0796784296727865,-1,-1,0
2015-09-24,0,15.521211624145508,16.27878761291504,15.272727012634276,16.18181800842285,10.8162841796875,48773340,16.230362685029945,0.0112996634628639,-0.0736271713607227,0.0325315467810657,0.0187279860818657,0.0444142369973223,0.0796540097805245,1,-1,1
2015-09-25,0,16.393938064575195,16.539392471313477,15.70302963256836,15.787878036499023,10.55296802520752,21608895,15.786699598137885,-0.024645643205086,-0.1069331665980602,0.0098209778273006,0.0187328518943955,0.0444902412247181,0.0796257524628027,-1,-1,1
2015-09-28,0,15.654544830322266,15.909090042114258,15.478787422180176,15.7757568359375,10.544866561889648,26316675,15.46107227219316,-0.0007679900686128,-0.067583032974429,-0.0496329048509655,0.0187262619149775,0.0445111704574644,0.0796093620497067,0,-1,-1
2015-09-29,0,15.800000190734863,15.975756645202637,15.678787231445312,15.70909023284912,10.500309944152832,20492010,14.641055827971464,-0.0042343844727613,-0.0493035178610371,-0.0886934572958034,0.0187200083643658,0.0445149723104231,0.0796179961967495,-1,-1,-1
2015-09-30,0,16.103029251098633,16.18181800842285,15.618181228637695,16.066665649414062,10.73931121826172,38720715,14.40114690188036,0.0225061794277224,-0.036300637504847,-0.037189747600394,0.0187229148682117,0.0445098600170022,0.0795965004408906,1,-1,-1
2015-10-01,0,16.060606002807617,16.399999618530273,15.927271842956545,16.290908813476562,10.895368576049805,20665425,13.746602745235531,0.0144268430128519,0.0185846681569782,0.0134833210285166,0.018720215745357,0.044496814566884,0.0795686654671747,1,1,1
2015-10-02,0,16.157575607299805,16.951515197753906,16.09090805053711,16.951515197753906,11.337185859680176,32872125,13.105843846077002,0.0397503093215222,0.0470353140156364,0.0766833317620967,0.0187431859366521,0.0444984457122955,0.0795651737270119,1,1,1
2015-10-05,0,17.18181800842285,17.575756072998047,17.115150451660156,17.30908966064453,11.57633113861084,26641725,13.215503676051956,0.0208744875553938,0.0925554447761162,0.0742969285674074,0.0187447010848742,0.0445500848805349,0.0795600855732152,1,1,1
2015-10-06,0,17.151514053344727,17.545454025268555,17.139392852783203,17.466665267944336,11.681721687316896,26394060,13.047258948169372,0.009062776737054,0.1023862115817832,0.0459963428745105,0.0187396284374566,0.0446165569724772,0.0795403104909078,1,1,1
2015-10-07,0,17.7575740814209,18.357574462890625,17.490909576416016,17.96363639831543,12.014095306396484,41756550,13.949033725354486,0.0280551980680029,0.1346757941225475,0.1155699416360842,0.018747669184689,0.0447426957230565,0.0795693819465708,1,1,1
2015-10-08,0,17.85454559326172,18.10302925109864,17.68484878540039,18.03030204772949,12.058676719665527,29562390,13.243139145471693,0.0037038912002124,0.1158735058950375,0.108357190543903,0.0187413392938914,0.0448313540551366,0.079591260958482,1,1,1
2015-10-09,0,18.296968460083008,18.30908966064453,17.563636779785156,17.909090042114258,11.977609634399414,41517465,14.354171187071852,-0.0067454174455673,0.0947012454366182,0.0904428754538589,0.018735656571675,0.0448849064796377,0.0795975339481767,-1,1,1
2015-10-13,0,17.393938064575195,17.509090423583984,16.763635635375977,16.951515197753906,11.337185859680176,43992795,15.267157825655364,-0.0549509361150961,0.0,0.0556869518527117,0.0187856257604712,0.0448691471509285,0.0795818787336119,-1,0,1
2015-10-14,0,16.836362838745117,17.133333206176758,16.672727584838867,16.7939395904541,11.231793403625488,53151450,16.842718774933257,-0.0093396534182281,-0.0302141409736219,0.0444598057503262,0.0187807062495545,0.0448608599225363,0.079561467364733,-1,-1,1
2015-10-15,0,16.866666793823242,16.945453643798828,16.27878761291504,16.51515007019043,11.045339584350586,39627555,16.932949191262903,-0.0167398716355426,-0.0560167893462185,-0.011834414984003,0.0187793982446658,0.0448702145028055,0.0795341729535954,-1,-1,-1
2015-10-16,0,16.42424201965332,16.70302963256836,16.18181800842285,16.266666412353516,10.87915325164795,33198825,17.494228626696408,-0.0151601696630004,-0.099232157077222,-0.0513420939150209,0.0187771447865437,0.0449322462887125,0.0795189214283774,-1,-1,-1
2015-10-19,0,16.333332061767578,16.69696807861328,16.24242401123047,16.654544830322266,11.13857650756836,24316050,17.07402030195625,0.0235660319849991,-0.0793700162924354,-0.0442655200768581,0.01878086261614,0.0449662337529862,0.0795005003421052,1,-1,-1
2015-10-20,0,16.7575740814209,16.872726440429688,16.187877655029297,16.31515121459961,10.91158390045166,30213645,17.16177191371495,-0.0205894761648213,-0.0932140750116893,-0.0735153482739311,0.0187822288958256,0.045018744691701,0.0794980589199185,-1,-1,-1
2015-10-21,0,16.38787841796875,16.46060562133789,16.060606002807617,16.193939208984375,10.830520629882812,24702810,16.993476947821865,-0.007456835291931,-0.0457199741885242,-0.040854059873618,0.0187767286465767,0.0450195299959907,0.0794782729990804,-1,-1,-1
2015-10-22,0,16.254545211791992,16.581817626953125,16.212120056152344,16.53333282470703,11.057502746582031,30355875,16.308446050187808,0.0207410463590488,-0.0156392744112473,0.002400886071584,0.0187781275483735,0.0450057910512637,0.0794501838400542,1,-1,0
2015-10-23,0,16.878786087036133,17.030302047729492,16.412120819091797,16.42424201965332,10.984543800354004,28834410,16.144415037479014,-0.0066200035029651,-0.0055194062786698,-0.0137224165029132,0.0187724191185045,0.0449903439781093,0.0794232792281651,-1,-1,-1
2015-10-26,0,16.51515007019043,16.648483276367188,16.121212005615234,16.18181800842285,10.82240867614746,19924080,14.982166956397942,-0.014870313682235,-0.0052295502979044,0.0118657324638248,0.01877001506706,0.0449748869458523,0.0793956480396723,-1,-1,1
2015-10-27,0,16.18181800842285,16.284847259521484,15.945453643798828,16.09090805053711,10.761611938476562,20103600,13.816807896955892,-0.0056335100439008,-0.0344290923268044,-0.0050674410429399,0.0187640887184754,0.0449685881203539,0.0793678946928383,-1,-1,0
2015-10-28,0,16.10909080505371,16.624242782592773,15.969696044921877,16.200000762939453,10.834572792053224,2600730,11.46961009981568,0.006756853775139,-0.0070827623868439,0.0263350559372852,0.0187584065870024,0.0449533446334257,0.0793424682447334,1,-1,1
2015-10-29,0,15.98787784576416,16.442424774169922,15.757575035095217,15.757575035095217,10.538671493530272,27070890,10.840693308579038,-0.0276907147853395,-0.0273166418802524,-0.0005876687794414,0.0187661164330907,0.0449436131137357,0.0793145656113809,-1,-1,0
2015-10-30,0,15.921212196350098,16.07272720336914,15.769696235656738,16.042423248291016,10.729182243347168,19878705,10.230410754490617,0.0179158506500246,-0.0301418375892766,0.0215625663433444,0.0187655185807618,0.0449351550981637,0.0792882803630515,1,-1,1
2015-11-03,1,16.18181800842285,17.066665649414062,16.16363525390625,17.066665649414062,11.420668601989746,41243895,11.056484693545697,0.0624574075362145,0.038935573449903,0.0615137944518367,0.0188307931385713,0.0449310714407116,0.0792758766190115,1,1,1
2015-11-04,0,17.327272415161133,17.454544067382812,16.951515197753906,17.10909080505371,11.449061393737791,30180810,11.121944576161647,0.0024830031960032,0.0562888903281414,0.0495699546349879,0.0188243776167103,0.0449396580203589,0.0792578493603013,1,1,1
2015-11-05,0,17.10909080505371,17.333332061767578,16.92727279663086,17.31515121459961,11.586952209472656,16204485,10.79271569062771,0.0119719032169694,0.0738943035890116,0.0217915485304353,0.0188204596467996,0.0449657865862028,0.0792316645756972,1,1,1
2015-11-06,0,17.27272605895996,17.27272605895996,16.84848403930664,17.05454444885254,11.412556648254396,21808215,10.434646643859864,-0.0151654458998593,0.051972003914013,-0.0142483849248179,0.0188182256946659,0.0449706777155268,0.0792051018130815,-1,1,-1
2015-11-09,0,16.96363639831543,17.01818084716797,16.5696964263916,16.618181228637695,11.120553016662598,18096210,9.958062779632968,-0.0259191903111159,0.0537435283882366,-0.049230351972988,0.0188241270114961,0.0449769635228187,0.0791891640280779,-1,1,-1
2015-11-10,0,16.581817626953125,16.72121238708496,16.303030014038086,16.72121238708496,11.189496040344238,17274015,9.865880433900411,0.0061804654004433,0.0420081431386553,-0.0711050846405476,0.0188183119893958,0.0449746479943578,0.0791853447408132,1,1,-1
2015-11-11,0,16.872726440429688,17.266666412353516,16.836362838745117,17.175756454467773,11.49366855621338,23683440,10.09639792089858,0.0268208387253826,0.0063715743278234,-0.0479881371153775,0.0188249324293288,0.0449593357925436,0.07916883890589,1,1,-1
2015-11-12,0,17.169696807861328,17.27272605895996,16.92727279663086,17.224241256713867,11.526117324829102,19284045,10.897323592830748,0.0028192086820557,0.0067077798138759,-0.0384235109877543,0.018818576739517,0.0449440703288395,0.0791484855764874,1,1,-1
2015-11-13,0,17.07272720336914,17.121212005615234,16.745454788208008,16.745454788208008,11.205718040466309,21434325,10.711200233870532,-0.0281913447604639,-0.0334554681635574,-0.0116639196331222,0.018826723973757,0.0449374087380141,0.0791216728323233,-1,-1,-1
2015-11-16,0,16.824241638183594,17.218181610107422,16.787878036499023,17.218181610107422,11.522059440612791,27897705,11.157511093062656,0.0278392228291255,0.0095492005654274,0.0255149566142314,0.0188343356901928,0.0449225068996572,0.0790963947377216,1,1,1
2015-11-17,0,17.333332061767578,17.678787231445312,17.24242401123047,17.339393615722656,11.60317611694336,23546820,10.341224083794486,0.0070154536431786,0.0424838445197221,0.0492702818929526,0.0188287299692427,0.0449205265944034,0.0790784871044929,1,1,1
2015-11-18,0,17.327272415161133,17.624242782592773,17.230302810668945,17.296968460083008,11.574788093566896,26927010,10.20146918174422,-0.0024495712663621,0.0338538078529166,0.0619808802895909,0.0188223720183638,0.0449135442954213,0.0790665559579735,-1,1,1
2015-11-19,0,17.575756072998047,17.81212043762207,17.212120056152344,17.769695281982422,11.891120910644531,31772895,10.985733525749406,0.0269626870989035,0.0339956562264374,0.0653775354034954,0.0188290772368735,0.0449066314305187,0.0790564518945977,1,1,1
2015-11-23,0,17.951515197753906,18.01818084716797,17.66666603088379,17.763635635375977,11.887064933776855,22434060,11.059134540190229,-0.0003411510813778,0.0308352964630039,0.0856258604869388,0.0188226137924486,0.0448981722886592,0.0790593632912239,0,1,1
2015-11-24,0,17.606060028076172,17.7939395904541,17.3454532623291,17.787878036499023,11.903290748596191,16113900,11.020215590077251,0.0013640668136185,0.0603907080370864,0.0944467625924885,0.0188161820304755,0.0449101021440321,0.0790690222537448,0,1,1
2015-11-25,0,17.42424201965332,17.472726821899414,16.84848403930664,16.915151596069336,11.3192720413208,37497405,11.974084215072413,-0.050308131981205,-0.017756646773244,0.0233975842522347,0.0188559839013733,0.0448972400240633,0.0790434103101128,-1,-1,1
2015-11-26,0,16.969696044921875,17.339393615722656,16.909090042114258,17.16363525390625,11.485557556152344,17301570,11.670820489493028,0.014583618024461,-0.0101884823919616,0.0446012057796608,0.0188533448695508,0.0448826953370792,0.0790236773850298,1,-1,1
2015-11-27,0,17.042423248291016,17.103029251098633,16.66666603088379,16.709089279174805,11.18138313293457,24657600,11.891324731422891,-0.0268402064214505,-0.03457911754705,0.0326313130404453,0.0188600468548779,0.0448767558549205,0.0790001701175761,-1,-1,1
2015-11-30,0,16.606060028076172,17.0,16.4303035736084,16.842424392700195,11.27061367034912,45753510,13.02811087678992,0.0079486032353225,-0.0535932014106312,0.0462134263196686,0.018854718169053,0.0448838067084778,0.0789810710544772,1,-1,1
2015-12-01,0,16.878786087036133,17.024242401123047,16.618181228637695,16.96363639831543,11.357858657836914,21762015,12.72163798610174,0.0077111188533438,-0.0455409314759094,0.0471676913978734,0.0188493269200652,0.0448846476122052,0.0789623511423736,1,-1,1
2015-12-02,0,16.89090919494629,17.0,16.339393615722656,16.42424201965332,10.996708869934082,34838100,13.17508680256766,-0.0323138627064273,-0.0792188609959553,0.0425445434767854,0.0188618907566769,0.0449178086883913,0.078941930450035,-1,-1,1
2015-12-03,0,17.151514053344727,17.830303192138672,17.030302047729492,17.466665267944336,11.694658279418944,53560980,14.473714125021672,0.0615361458463994,0.0326254168316488,0.0861648386731603,0.0189237433737541,0.0449102924297129,0.0789451022818135,1,1,1
2015-12-04,0,17.31515121459961,17.38787841796875,16.787878036499023,17.078786849975586,11.434953689575195,29007165,14.283400149577863,-0.0224574026526331,-0.0044156038454453,0.0012500284843124,0.0189264529413481,0.044895094002898,0.0789177725228462,-1,0,0
2015-12-07,0,17.27878761291504,17.393938064575195,16.878786087036133,16.951515197753906,11.34974193572998,26038485,14.402470653894005,-0.0074797708535993,0.0149448317224059,-0.0087127455652901,0.0189210266469603,0.0448813168419077,0.0788910414693923,-1,1,-1
2015-12-08,0,16.945453643798828,16.945453643798828,16.551515579223633,16.7575740814209,11.219883918762209,32438010,15.112818853582198,-0.0115074526091746,-0.0045112241220912,-0.0321921013914342,0.0189169928571465,0.0448661569735179,0.0788691197474487,-1,-1,-1
2015-12-09,0,17.0,17.715150833129883,16.9818172454834,17.66666603088379,11.82856559753418,47833500,15.69613670883732,0.0528298652540339,0.0406075222785985,0.0358032097624588,0.0189605866981501,0.0448630644109281,0.0788466422147747,1,1,1
2015-12-10,0,17.50303077697754,17.63030242919922,17.339393615722656,17.454544067382812,11.770934104919434,23940180,16.03896826175118,-0.0048841380458903,0.0680372469391356,0.0568382620276846,0.0189545786201059,0.0448824034696625,0.0788321993531114,-1,1,1
2015-12-11,0,17.27878761291504,17.606060028076172,17.193939208984375,17.454544067382812,11.770934104919434,22458810,15.992153325468305,0.0,0.0065011010927362,0.0506577966272411,0.0189481305711017,0.0448673491466908,0.078815002356491,0,1,1
2015-12-14,0,17.284847259521484,17.321212768554688,16.915151596069336,17.042423248291016,11.493012428283691,19957575,14.81074159000966,-0.0238940455632142,0.0050644581821553,-5.708766135567621e-05,0.0189520110604442,0.0448521964440402,0.0787878573028888,-1,1,0
2015-12-15,0,17.096969604492188,17.46060562133789,17.096969604492188,17.151514053344727,11.566579818725586,33409200,15.385401694647612,0.0063806540243981,0.0189248830601529,0.0035043576809865,0.0189462826429158,0.0448394612258505,0.0787607049465076,1,1,0
2015-12-16,0,17.0,17.133333206176758,16.606060028076172,17.03636360168457,11.488924026489258,29401680,15.198425957558197,-0.0067364466570693,0.0236958890122581,0.0249592557843812,0.0189406847171355,0.0448282367948254,0.0787357135829021,-1,1,1
2015-12-17,0,17.393938064575195,17.618181228637695,17.248483657836914,17.327272415161133,11.685100555419922,20040075,13.57997638212616,0.016931130334921,-0.0122028459068546,0.0140511632901767,0.018939339163109,0.0448142231761446,0.0787091605652107,1,-1,1
2015-12-18,0,16.89090919494629,16.951515197753906,16.321212768554688,16.321212768554688,11.00664234161377,56025750,14.755868181437467,-0.0598156336744417,-0.0671343415354061,-0.0527799240274436,0.0189970316736582,0.0448337810380347,0.0786956196194875,-1,-1,-1
2015-12-21,0,16.42424201965332,16.484848022460938,15.939393043518066,16.01818084716797,10.802284240722656,32174175,14.970548217873697,-0.0187413242553754,-0.0858756657907814,-0.0690716770164567,0.0189968922920364,0.0448751267568337,0.0786911444676828,-1,-1,-1
2015-12-22,0,16.212120056152344,16.339393615722656,15.939393043518066,16.121212005615234,10.871766090393066,28014855,14.72551657700551,0.0064115462158651,-0.055570074011702,-0.0896228178994952,0.0189911829046022,0.0448836651429355,0.0787013672079939,1,-1,-1
2015-12-23,0,16.418180465698242,16.418180465698242,15.945453643798828,16.060606002807617,10.830891609191896,19590450,13.266298668370217,-0.0037667764101777,-0.0657175044462779,-0.0930484432282951,0.0189850161712265,0.0449015280213868,0.0787143313654651,-1,-1,-1
2015-12-28,0,16.09090805053711,16.193939208984375,16.0,16.0,10.790024757385254,28203780,13.359232821962806,-0.0037803116002972,-0.0627613693895058,-0.098192821642211,0.0189788572670735,0.0449164298170874,0.078731622659094,-1,-1,-1
2015-12-29,0,16.121212005615234,16.157575607299805,15.927271842956545,16.012121200561523,10.798199653625488,12012165,12.803591308587,0.000757347753603,-0.078935151970824,-0.047127341907403,0.0189724535226833,0.0449486325068006,0.0787153938998611,0,-1,-1
2015-12-30,0,16.078786849975586,16.078786849975586,15.800000190734863,15.957574844360352,10.761412620544434,21126765,12.7952606029363,-0.0034125909422084,-0.0225321092385906,-0.0651235508740726,0.0189662594644235,0.0449373383515123,0.0787083542690803,-1,-1,-1
2016-01-04,0,15.70909023284912,15.812121391296388,15.230302810668944,15.230302810668944,10.276813507080078,38071770,12.815176424429344,-0.0460765887058538,-0.0498673736890691,-0.0843599331584759,0.0189976403570369,0.0449410774778085,0.0787142114602853,-1,-1,-1
2016-01-05,0,15.393939018249512,15.624241828918455,15.199999809265137,15.35757541656494,10.362696647644045,21093105,12.323245038960668,0.0083222552868695,-0.0479566646180648,-0.0839862811069288,0.0189924602869105,0.0449433718388173,0.078719734348818,1,-1,-1
2016-01-06,0,15.151515007019045,15.654544830322266,15.030303001403809,15.296969413757324,10.321797370910645,33520575,12.784681752870709,-0.0039545883982363,-0.0481444766061234,-0.0956519883585092,0.0189863394777136,0.0449457756974468,0.078734538330546,-1,-1,-1
2016-01-07,0,15.090909004211426,15.327272415161133,15.006059646606444,15.006059646606444,10.125499725341797,28766430,11.441991512470086,-0.019200941372616,-0.0635651063784422,-0.0825390670246978,0.0189864883204826,0.0449611374641501,0.0787388701678672,-1,-1,-1
2016-01-08,0,15.121212005615234,15.303030014038086,15.012121200561523,15.012121200561523,10.129589080810549,18087465,10.763856045554729,0.0004037854944453,-0.0639186686375998,-0.1436714273766518,0.0189801016974548,0.0449767710594666,0.0788042299639568,0,-1,-1
2016-01-11,0,15.096968650817873,15.169695854187012,14.806059837341309,14.836362838745115,10.01098918914795,19219695,10.30101425073529,-0.0117773443189688,-0.0722834220143603,-0.1329913690429875,0.0189761744813345,0.0450008884409657,0.0788563504936701,-1,-1,-1
2016-01-12,0,15.030303001403809,15.17575740814209,14.793938636779783,14.903030395507812,10.05597972869873,18183000,10.179966302753588,0.0044840469050538,-0.0217227864034525,-0.1210275512843342,0.0189701543456965,0.0449892712805659,0.078894924524123,1,-1,-1
2016-01-13,0,15.066665649414062,15.151515007019045,14.581817626953123,14.67272663116455,9.90058135986328,19543260,9.722624921270071,-0.0155739768095828,-0.0456190184999049,-0.1250940754847425,0.0189680714059054,0.0449897274976795,0.0789377238973754,-1,-1,-1
2016-01-14,0,14.727272033691406,14.896968841552734,14.33939266204834,14.884847640991213,10.04371452331543,23442375,10.158957858552233,0.0143535396475143,-0.027310890454154,-0.1635704010912619,0.0189653568001707,0.0449801678132726,0.0790287974667585,1,-1,-1
2016-01-15,0,14.606060028076172,14.666666030883787,14.369695663452148,14.49696922302246,9.781989097595217,30337560,10.445370592760725,-0.0264041707032801,-0.0345141197848182,-0.1850904337486517,0.0189713089098848,0.0449739420695874,0.0791520425878847,-1,-1,-1
2016-01-18,0,14.545454025268556,14.587878227233888,14.327272415161133,14.327272415161133,9.667482376098633,10937685,9.267181150328485,-0.0117749260865522,-0.0466928313658157,-0.1968653598352039,0.0189673882181127,0.0449750988609668,0.0792941624913306,-1,-1,-1
2016-01-19,0,14.56363582611084,14.648484230041504,14.084848403930664,14.181818008422852,9.569331169128418,16685460,9.024076593913367,-0.0102046067533774,-0.0451200938002244,-0.1831759210253672,0.0189628613608092,0.0449751552040532,0.0794131925919025,-1,-1,-1
2016-01-20,0,13.939393043518066,14.07272720336914,13.824241638183594,13.981818199157717,9.434381484985352,36861825,9.031405027586198,-0.0142026934480163,-0.0638068341532947,-0.2037592684977817,0.0189600529221589,0.0449903545360798,0.079565895328086,-1,-1,-1
2016-01-21,0,13.939393043518066,14.224242210388184,13.909090042114258,14.012121200561523,9.454830169677734,29577240,8.983427247476822,0.0021651186989065,-0.0460677386448053,-0.1948577031418059,0.0189537971202333,0.0449909939358488,0.0797026701640658,1,-1,-1
2016-01-22,0,14.151515007019045,14.333333015441896,14.066665649414062,14.14545440673828,9.544803619384766,15794460,8.849465741147638,0.0094711427889146,-0.050950135503405,-0.2023176906878123,0.0189490581920193,0.0449951285546449,0.0798514471575339,1,-1,-1
2016-01-26,0,13.969696044921877,14.296969413757324,13.890909194946287,14.296969413757324,9.647039413452148,18401130,8.78801473684091,0.010654188966728,-0.0138917758333966,-0.1318478680466424,0.0189447434670048,0.0449814462290598,0.0798992024232898,1,-1,-1
2016-01-27,0,14.224242210388184,14.557575225830078,14.078786849975586,14.35151481628418,9.683838844299316,23269455,8.963349555103925,0.0038073257520291,0.0016904760051848,-0.1092992180392378,0.0189386788993349,0.0449664059992742,0.0799235775324539,1,0,-1
2016-01-28,0,14.509090423583984,14.587878227233888,14.303030014038086,14.448484420776367,9.749266624450684,16516005,8.829358625207075,0.0067336666778984,0.0186287494364606,-0.1089770975772046,0.0189331664225818,0.0449539898649669,0.0799475431947191,1,1,-1
2016-01-29,0,14.606060028076172,15.121212005615234,14.545454025268556,15.121212005615234,10.203201293945312,30569220,9.144853149288068,0.0455094592207781,0.078340902105255,-0.0597008619462488,0.0189633131213179,0.0449847833549944,0.0799359626086486,1,1,-1
2016-02-01,0,14.975756645202637,15.436363220214844,14.818181037902832,15.436363220214844,10.422121047973633,19258800,8.748525278469454,0.0212290476818769,0.0974048310882253,-0.0346915026640746,0.0189649046107943,0.0450403415508483,0.0799142504961422,1,1,-1
2016-02-02,1,14.824241638183594,14.84848403930664,14.090909004211426,14.327272415161133,9.673300743103027,74752260,11.296077532171347,-0.0745609813757119,0.0133727069235988,-0.1100098317933894,0.0190559375564734,0.0450266334294042,0.0799390085655152,-1,1,-1
2016-02-03,0,14.41818141937256,14.75151538848877,14.393939018249512,14.67272663116455,9.906536102294922,38135460,12.196160348989398,0.0238251619466432,0.026543679903514,-0.0827720789045377,0.019059527203925,0.0450168436135136,0.0799413701993624,1,1,-1
2016-02-04,0,14.909090042114258,15.309089660644531,14.430302619934082,14.884847640991213,10.04975414276123,37742760,12.326298101453231,0.0143534191497399,0.0370897733012247,-0.0223420710489439,0.0190567897896406,0.045012033155089,0.0799166254404727,1,1,-1
2016-02-05,0,14.84848403930664,15.242424011230469,14.73939323425293,15.030303001403809,10.147961616516112,23766930,12.16758442413169,0.0097246885615514,0.0400807951848777,-0.020939637774262,0.0190521077635696,0.0450089237826475,0.0798916410861429,1,1,-1
2016-02-10,0,14.836362838745115,15.121212005615234,14.757575035095217,15.10303020477295,10.197059631347656,12062655,12.053067741270644,0.0048265479349643,-0.0006021161009361,-0.0121585014410614,0.0190461870948593,0.0449939311364354,0.0798654158872636,1,0,-1
2016-02-11,0,14.806059837341309,14.890909194946287,14.4909086227417,14.654544830322266,9.894265174865724,17631735,12.040426710939736,-0.0301440932658067,-0.0519752570486198,-0.0231016533342521,0.0190556875321534,0.0449989385219188,0.0798408900868305,-1,-1,-1
2016-02-12,0,14.763635635375977,14.800000190734863,14.49696922302246,14.769696235656738,9.972005844116213,16816305,11.802552085229465,0.0078264376839912,0.0304121620110832,-0.0156790011447063,0.0190504382200055,0.0449908094591758,0.079815142794005,1,1,-1
2016-02-15,0,15.024242401123049,15.054545402526855,14.72121238708496,14.72121238708496,9.939271926879885,10821195,11.581931355548305,-0.0032879805206709,0.0032990195437689,-0.0071896373464083,0.0190443115693202,0.0449759302321916,0.0797885675472742,-1,0,0
2016-02-16,0,14.757575035095217,15.327272415161133,14.642423629760742,15.078786849975586,10.180697441101074,31493550,11.617924492576206,0.0239997484962355,0.0129453488902646,0.0123260642447733,0.0190480246173362,0.0449622222945452,0.0797623592709143,1,1,1
2016-02-17,0,15.272727012634276,15.67272663116455,14.939393043518066,15.242424011230469,10.291180610656738,41933430,12.57043611752955,0.0107937573611513,0.0140144176898647,0.0386937984155074,0.0190437427665909,0.0449487392977292,0.0797417228691607,1,1,1
2016-02-18,0,15.078786849975586,15.090909004211426,14.757575035095217,14.93333339691162,10.08248805999756,30770190,10.866757633553568,-0.0204872135160826,-0.0112993437611823,0.0038530452519103,0.0190447355033233,0.0449347692404905,0.0797150238272997,-1,-1,0
2016-02-19,0,14.466666221618652,14.806059837341309,14.399999618530272,14.70909023284912,10.202044486999512,20481780,10.17005991224404,0.0117880765724037,0.0306328260770281,0.0420452925275943,0.0190408527384001,0.0449267827523689,0.0796955478238796,1,1,1
2016-02-22,0,15.121212005615234,15.393939018249512,15.0,15.303030014038086,10.61399269104004,42384375,10.461235234887043,0.039585055683688,0.062391444076725,0.0934052742978346,0.0190617082213515,0.0449405530694193,0.0797050583304752,1,1,1
2016-02-23,0,15.169695854187012,15.454545021057127,14.981818199157717,15.084848403930664,10.462660789489746,20040570,10.331216045303377,-0.0143603919218657,0.0513190326755302,0.0892494891293465,0.019059000007755,0.0449450066500105,0.0797113434193793,-1,1,1
2016-02-24,0,14.872727394104004,15.060606002807615,14.63636302947998,14.957574844360352,10.374385833740234,17499735,10.572804661352404,-0.0084729362519314,0.0188463479273633,0.0949792463254313,0.019053960871643,0.0449327153241314,0.0797219684439055,-1,1,1
2016-02-25,0,14.812121391296388,15.236363410949709,14.70909023284912,14.969696044921877,10.38279914855957,17569035,10.605662887578465,0.0008106412586521,0.008863231824864,0.0936247688851769,0.0190476906453733,0.0449184162967307,0.0797314663820547,0,1,1
2016-02-26,0,15.07272720336914,15.260605812072754,14.86060619354248,14.969696044921877,10.38279914855957,15535410,10.579289278449398,0.0,0.0293504453409469,0.0841536260962623,0.0190414156728964,0.0449098498053494,0.0797339179393456,0,1,1
2016-02-29,0,15.21212100982666,15.448484420776367,15.030303001403809,15.393939018249512,10.677045822143556,34760550,11.666978327789352,0.0279456779800726,0.0455080467486157,0.1014451151096067,0.0190486232309726,0.0449101391702553,0.0797496269083908,1,1,1
2016-03-01,0,15.539393424987791,16.10909080505371,15.454545021057127,16.10909080505371,11.179667472839355,36920235,12.047152985001206,0.0460005373916347,0.0519235284565621,0.143638326749212,0.0190787976459856,0.0449149817118119,0.0798081304509538,1,1,1
2016-03-02,0,16.121212005615234,16.539392471313477,15.896968841552734,16.484848022460938,11.440438270568848,40292340,12.16854494294925,0.0230575713352429,0.0893414917136709,0.1599622314065565,0.0190816294530885,0.044958443569335,0.0798869286402611,1,1,1
2016-03-03,0,16.66666603088379,18.16363525390625,16.660606384277344,18.11515045166016,12.571864128112791,69189780,14.477762815663326,0.0943070157949033,0.1921214437605055,0.2087597879806819,0.0192275647549797,0.0452125673195808,0.0800398133495533,1,1,1
2016-03-04,0,18.11515045166016,19.660606384277344,18.11515045166016,19.0,13.185943603515623,82980480,18.130638785855336,0.0476900723076731,0.2390008748095266,0.2352208126064781,0.0192598040811148,0.0456104109385131,0.080240408911709,1,1,1
2016-03-07,0,19.0,19.03030204772949,18.363636016845703,18.915151596069336,13.127065658569336,30214470,17.910942485789374,-0.004475204080568,0.2345256707289586,0.3053065899016219,0.0192538519785266,0.0459886417086953,0.0805955290340359,-1,1,1
2016-03-08,0,18.83636283874512,19.624242782592773,18.678787231445312,19.339393615722656,13.421481132507324,31871730,18.810887138935435,0.0221803133982201,0.228760306147106,0.3036617413531987,0.0192557841480307,0.0463439004364909,0.0809440293168848,1,1,1
2016-03-09,0,19.5696964263916,19.81212043762207,18.69696807861328,18.69696807861328,12.9756441116333,37545090,20.072044849861083,-0.0337824226675727,0.1489773460878986,0.2555258995358861,0.019269088280027,0.0464839753629608,0.0811807905140398,-1,1,1
2016-03-10,0,19.14545440673828,19.69696807861328,18.61212158203125,19.4303035736084,13.484573364257812,44056980,21.77082432510846,0.038472247955632,0.1643920227082879,0.2842734589299667,0.0192876948077581,0.0466570379058736,0.0814789488524174,1,1,1
2016-03-11,0,19.284847259521484,19.99393844604492,19.26666641235352,19.59393882751465,13.59814453125,26231700,22.57715177232509,0.0083870336181175,0.0784720405315022,0.2878339446131202,0.0192825229342404,0.0466838495794726,0.0817833938117534,1,1,1
2016-03-14,0,19.709089279174805,20.121212005615234,19.41818046569824,19.50303077697754,13.53505802154541,26331855,22.516340100156025,-0.0046501420731848,0.0261318261506441,0.3133278958057422,0.0192766137268685,0.0466729282379698,0.0821472251291093,-1,1,1
2016-03-15,0,18.787878036499023,19.12727165222168,18.230302810668945,18.636362075805664,12.933588027954102,36953070,22.78530586517455,-0.0454555591851941,-0.0148485289539819,0.2600458989365567,0.0193055888612031,0.0466594158648116,0.0823868651621385,-1,-1,1
2016-03-16,0,18.363636016845703,18.393938064575195,17.357574462890625,18.084848403930664,12.550830841064451,44963160,23.211835104785496,-0.030040784788504,-0.0670696271407059,0.2332930946687236,0.0193146996963086,0.0466767541561867,0.0825728572157044,-1,-1,1
2016-03-17,0,19.7575740814209,20.29090881347656,18.96363639831543,20.060606002807617,13.922009468078612,61577010,23.15996973605544,0.103684136964831,0.0703969324916979,0.3129774831373192,0.0194886631975801,0.0466951565273632,0.0829298158927689,1,1,1
2016-03-18,0,20.024242401123047,20.18181800842285,19.58787727355957,20.11515045166016,13.95986557006836,28252620,20.272343129205098,0.0027154648100053,0.0346401493460712,0.3048991905861733,0.0194824111003443,0.0466877450502603,0.0832646622916378,1,1,1
2016-03-21,0,20.11515045166016,20.339393615722656,19.733333587646484,20.121212005615234,13.964069366455078,23302125,19.9783912629526,0.0003010891142694,0.0265542048422228,0.3256874932165253,0.0194760600106023,0.0466769968443192,0.0836484802048255,0,1,1
2016-03-22,0,20.060606002807617,20.060606002807617,19.49696922302246,19.60606002807617,13.60655403137207,22982025,19.50359549725061,-0.0259359660206774,0.0052683808947302,0.2879634506234442,0.0194811395391878,0.0466618586791353,0.0839395755273939,-1,1,1
2016-03-23,0,19.29090881347656,19.393938064575195,18.69090843200684,18.9818172454834,13.17332649230957,19253355,18.539884347005614,-0.0323575258272507,0.0183664142526736,0.2160208691125052,0.0194924855215237,0.0466486884017744,0.0840888603689366,-1,1,1
2016-03-24,0,18.42424201965332,18.81212043762207,18.42424201965332,18.78181838989257,13.03452968597412,15899400,16.943547498812425,-0.010592099029614,0.0378151000115637,0.2197891620047569,0.0194880756226974,0.0466428513033841,0.0842437637790427,-1,1,1
2016-03-28,0,19.545454025268555,19.58787727355957,19.169696807861328,19.24848365783692,13.35839557647705,24797355,16.838529384236715,0.0245431034425448,-0.0413259335107226,0.2528052016992332,0.0194916489004724,0.0466402734955567,0.0844577853947427,1,-1,1
2016-03-29,0,19.27272605895996,19.69090843200684,18.8242416381836,19.363636016845703,13.438313484191896,21804420,16.57695536652832,0.0059647730981065,-0.0380766252226215,0.2579593335386876,0.0194858731177357,0.04663582741666,0.0846807355055498,1,-1,1
2016-03-30,0,19.51515007019043,19.751514434814453,19.327272415161133,19.47272682189941,13.514026641845703,20683245,15.758163962746089,0.0056183141396744,-0.0327594001972163,0.263577647678362,0.0194800376673921,0.0466286585137467,0.0849136432794693,1,-1,1
2016-03-31,0,18.915151596069336,18.915151596069336,18.915151596069336,18.915151596069336,13.127065658569336,120285,13.435982277540038,-0.0290519769494035,-0.0358754111259424,0.2065799927488859,0.0194879450737719,0.0466230283982778,0.0850437206976696,-1,-1,1
2016-04-01,0,19.03636360168457,19.03636360168457,19.03636360168457,19.03636360168457,13.217535972595217,497310,9.925542965280446,0.0068682511079588,0.0033503658092669,0.16744770646521,0.019482371910792,0.0466078944741821,0.0851181456645734,1,0,1
2016-04-04,0,18.830303192138672,18.951515197753903,18.29090881347656,18.36969566345215,12.754648208618164,65340,8.301471744266589,-0.0356486601637655,-0.0217061953248845,0.1087414749662016,0.0194973802265777,0.0465963658381441,0.0851319092019105,-1,-1,1
2016-04-05,0,18.27272605895996,18.69090843200684,17.84848403930664,18.40605926513672,12.779894828796388,148005,6.966538992999318,0.0019774490084325,-0.0442718497589969,0.0164119081797305,0.0194911208408962,0.0465955605900762,0.085104475915161,1,-1,1
2016-04-06,0,18.151514053344727,18.339393615722656,17.769695281982422,17.878786087036133,12.413793563842772,73755,5.679929485715407,-0.0290649810058569,-0.0793016038629604,-0.0603431451337994,0.0194989732422102,0.0466253851495582,0.0850929048988487,-1,-1,-1
2016-04-07,0,18.121212005615234,18.33333206176757,17.909090042114258,18.07272720336914,12.548454284667969,44550,4.635624533777166,0.0107892548731098,-0.0741306631295249,-0.0450786861801214,0.0194945495938289,0.0466495073756994,0.0850745687566532,1,-1,-1
2016-04-08,0,18.60606002807617,19.381818771362305,18.545454025268555,19.212120056152344,13.33956527709961,27889290,5.315632645988447,0.0611369586087869,0.0160582724286654,-0.0061220409695545,0.0195498212954473,0.0466359641128422,0.0850471425321293,1,1,0
2016-04-11,0,19.51515007019043,19.860605239868164,19.254545211791992,19.30908966064453,13.40689182281494,21285,3.949889205365372,0.0050344378446988,0.0142244591654055,0.0326948195427169,0.0195438954565547,0.0466220712184168,0.0850223016927319,1,1,1
2016-04-12,0,19.53333282470703,20.327272415161133,19.466665267944336,20.18181800842285,14.012869834899902,61545,2.7443178142984115,0.0442072913855681,0.0940804107147391,0.0384298629726528,0.0195695642809456,0.0466671294011604,0.0849988423020456,1,1,1
2016-04-13,0,20.69696807861328,20.842424392700195,20.363636016845703,20.4303035736084,14.18539047241211,272250,1.6068350364155186,0.0122364137539213,0.1043393754602282,0.0422792431084566,0.0195656343579244,0.0467259531855546,0.0849764552190355,1,1,1
2016-04-14,0,20.49696922302246,20.60606002807617,19.72121238708496,19.83636283874512,13.772997856140137,34160445,3.5418119916544297,-0.0295025967386276,0.1039017597274574,0.0174267884430138,0.0195738678894737,0.0467839088107547,0.0849492947882992,-1,1,1
2016-04-15,0,20.01818084716797,20.13333320617676,19.81212043762207,19.96363639831543,13.86136245727539,28718910,5.157385142028544,0.00639529204274,0.0995077968970877,0.069277639670948,0.0195681929822402,0.0468355309276222,0.0849375255438825,1,1,1
2016-04-18,0,19.709089279174805,20.07272720336914,19.284847259521484,19.81818008422852,13.76037883758545,27807780,6.732940106179063,-0.0073119263937402,0.0310589118945604,0.0920064980657118,0.0195628201935832,0.0468265352821525,0.0849389821779703,-1,1,1
2016-04-19,0,20.0,20.169696807861328,19.72121238708496,19.92727279663086,13.8361234664917,31185,6.726915353282702,0.0054894506759855,0.031513924725847,-0.0061881882231338,0.0195569855155323,0.0468177299658298,0.0849117456176966,1,1,0
2016-04-20,0,19.787878036499023,19.787878036499023,19.363636016845703,19.55757522583008,13.579429626464844,17537025,7.705837769642447,-0.0187266943516724,-0.0314200610113933,-0.0276303473848117,0.0195565826407491,0.0468099837936247,0.0848881220363469,-1,-1,-1
2016-04-22,0,19.27272605895996,19.5696964263916,19.12727165222168,19.200000762939453,13.331159591674805,21249525,8.87249430438618,-0.0184519987212855,-0.0621084734866003,-0.0463834352203665,0.0195560033247902,0.0468225162525223,0.0848705412208419,-1,-1,-1
2016-04-25,0,19.151514053344727,19.3454532623291,18.89090919494629,19.03030204772949,13.21332550048828,12326490,8.009403820287107,-0.0088782935355643,-0.041484170283537,-0.0293257627352535,0.0195510678374829,0.0468199624589674,0.0848473832591012,-1,-1,-1
2016-04-26,0,19.151514053344727,19.69696807861328,18.872726440429688,19.69090843200684,13.67201328277588,14606295,8.832281441731162,0.0341250893491782,-0.0137543729770989,0.0371568524411754,0.0195637029124831,0.0468064186810209,0.0848237872905991,1,-1,1
2016-04-27,0,19.81212043762207,20.40605926513672,19.7575740814209,20.363636016845703,14.139101028442385,23595990,10.20543673927715,0.0335931646140189,0.0271507180306602,0.0813421160848084,0.0195757030080567,0.046795995259649,0.0848186322884299,1,1,1
2016-04-28,0,20.060606002807617,20.727272033691406,19.97575759887696,20.224241256713867,14.042318344116213,21073635,11.41063059336152,-0.0068685727671705,0.0147926945875041,0.049930439875093,0.0195702484928691,0.0467822178613933,0.0847988420163627,-1,1,1
2016-04-29,0,20.35151481628418,20.509090423583984,19.66666603088379,19.92121124267578,13.831911087036133,32479095,11.32296774354348,-0.0150971888933764,0.0184222000458001,0.0288684778836101,0.0195678114799962,0.0467692207657182,0.0847735023893371,-1,1,1
2016-05-02,0,19.89696884155273,19.9818172454834,19.27878761291504,19.363636016845703,13.450918197631836,21453465,10.871054510572666,-0.0279309490979353,0.0089432496691503,-0.0046807853539997,0.0195744823333632,0.0467546104127744,0.084746345036795,-1,1,0
2016-05-03,1,18.83636283874512,18.842424392700195,18.230302810668945,18.24848365783692,12.676271438598633,36268650,11.189232434581928,-0.0593155160156245,-0.0414939728109097,-0.0349443244202207,0.0196259648136297,0.0467521147236183,0.0847249393612543,-1,-1,-1
2016-05-04,0,18.46060562133789,18.751514434814453,18.224241256713867,18.69696807861328,12.98781394958496,22714230,12.404808587493571,0.0242796741606988,-0.0513393879993891,-0.0175329013674806,0.0196291744630094,0.0467560314292929,0.0846994033037587,1,-1,-1
2016-05-05,0,18.89090919494629,19.012121200561523,18.14545440673828,18.41818046569824,12.794146537780762,17506005,12.346342413087177,-0.0150237647493587,-0.0999563173627668,0.0030919940469261,0.0196266519645507,0.0468110412466162,0.0846719825080569,-1,-1,0
2016-05-06,0,18.18181800842285,18.59393882751465,18.151514053344727,18.42424201965332,12.798359870910645,14310285,11.933143291801176,0.0003292630350982,-0.092758481560498,0.0014438080735918,0.0196203850056365,0.0468562448586983,0.0846446212034413,0,-1,0
2016-05-09,0,18.284847259521484,18.672727584838867,17.81212043762207,18.53939247131348,12.878352165222168,26918595,12.691569354586646,0.0062307473782945,-0.0714305452888271,0.0367395364577433,0.0196147249794477,0.0468770815421687,0.084621119341027,1,-1,1
2016-05-10,0,18.78181838989257,19.70302963256836,18.70302963256836,19.70302963256836,13.68666934967041,24497220,13.251075245866032,0.0608745439443729,0.0173749477534813,0.0868248255290065,0.0196683020719435,0.0468639175824206,0.0846193897633663,1,1,1
2016-05-11,0,19.95757484436035,20.151514053344727,19.484848022460938,19.581817626953125,13.602474212646484,23832435,13.212096139156262,-0.0061706153574313,0.0705198484116743,0.0195172515627882,0.0196626887522522,0.0468818921758809,0.084592863294323,-1,1,1
2016-05-12,0,19.878786087036133,20.024242401123047,19.4303035736084,19.7757568359375,13.737180709838867,22504350,13.266663693882512,0.0098543736320048,0.0560945478829804,0.0243371873500943,0.0196579389950474,0.0468875618812402,0.0845669856752971,1,1,1
2016-05-13,0,19.648483276367188,19.7757568359375,18.830303192138672,19.03030204772949,13.219358444213867,22376640,12.63347783738124,-0.0384237731637509,0.0326945394685883,-0.0582938771992248,0.0196758028614917,0.0468793978585346,0.0845549628136968,-1,1,-1
2016-05-16,0,18.878786087036133,19.23636245727539,18.73939323425293,18.73939323425293,13.017279624938965,14360280,12.21407082024609,-0.0154046272908836,0.0169606491426064,-0.0859349182440298,0.0196734624170833,0.0468661515020388,0.0845591629591828,-1,1,-1
2016-05-17,0,18.85454559326172,19.10909080505371,18.33333206176757,18.339393615722656,12.739424705505373,17766045,11.250850457322583,-0.0215761842023796,-0.0108462824380677,-0.0780085057077817,0.0196748365240912,0.0468521748657664,0.0845580752626632,-1,-1,-1
2016-05-18,0,18.151514053344727,18.9818172454834,18.060606002807617,18.624242782592773,12.937291145324709,24281400,11.329779805685972,0.0154124349680472,-0.0563083914143935,-0.0689913627824746,0.0196723476445548,0.0468596380873241,0.0845515806970654,1,-1,-1
2016-05-19,0,18.4303035736084,18.581817626953125,18.23636245727539,18.466665267944336,12.827835083007812,17654340,11.34006543588242,-0.0084965018079454,-0.0586342778649077,-0.0701759381966798,0.0196673087237414,0.0468689108713999,0.0845457373071742,-1,-1,-1
2016-05-20,0,18.672727584838867,18.7575740814209,18.218181610107425,18.230302810668945,12.663641929626465,13893165,11.310312784292767,-0.0128823782180791,-0.0813710297149916,-0.0885477670907444,0.019663806355255,0.0469000457598828,0.0845516163089691,-1,-1,-1
2016-05-23,0,17.933332443237305,18.466665267944336,17.84848403930664,18.29090881347656,12.705740928649902,20424690,10.950660621897724,0.0033188854377726,-0.0396283711134681,-0.0665021873012994,0.0196577336279614,0.0468962952648873,0.0845436815317167,1,-1,-1
2016-05-24,0,18.49696922302246,18.769695281982425,18.066665649414062,18.27272605895996,12.693111419677734,11372955,10.162796211494983,-0.0009944945417112,-0.0252182383642956,-0.0490446831217251,0.0196515247900649,0.0468860214392017,0.084527461322031,0,-1,-1
2016-05-25,0,18.45454406738281,18.61818122863769,18.151514053344727,18.187877655029297,12.634166717529297,14459115,9.57888888913556,-0.0046546500774848,-0.0082967042394009,-0.0448210396636456,0.0196456716317182,0.0468717005879404,0.0845095933364581,-1,-1,-1
2016-05-27,0,18.18181800842285,18.46060562133789,17.993938446044922,18.006059646606445,12.507874488830566,11206965,8.881626946722646,-0.0100463832575338,-0.0337555224649819,-0.0889925122703576,0.019641124113551,0.0468649563104643,0.0845156763897587,-1,-1,-1
2016-05-30,0,17.969696044921875,18.175756454467773,17.878786087036133,18.0,12.503667831420898,4209645,7.87818639091792,-0.0003363772929689,-0.0255953979500054,-0.1229220541773456,0.019634915054437,0.0468548336012006,0.0845501071168794,0,-1,-1
2016-05-31,0,17.92727279663086,18.084848403930664,17.436363220214844,17.606060028076172,12.230010986328123,53047830,9.783993058713946,-0.0221291797723694,-0.0348421995042959,-0.1381826611825445,0.0196366811415711,0.0468486050217673,0.0845999884152582,-1,-1,-1
2016-06-01,0,17.618181228637695,17.96363639831543,17.442424774169922,17.860605239868164,12.413238525390623,18079050,9.7761129250266,0.0148706781138024,-0.0232904068282658,-0.1082147941753655,0.0196339771146982,0.0468376994785751,0.0846207904204411,1,-1,-1
2016-06-02,0,17.903030395507812,18.18181800842285,17.600000381469727,18.12727165222168,12.598572731018066,18950085,9.465008462161745,0.0148200061030524,-0.0074759061835023,-0.0654638389743778,0.0196312477489177,0.0468233328433734,0.0846120789620165,1,-1,-1
2016-06-03,0,18.284847259521484,18.35151481628418,17.93939208984375,18.10909080505371,12.58594036102295,12508485,9.180130503278832,-0.0010031856489236,-0.0038244417549411,-0.0071515086076768,0.0196250748199832,0.0468086595287464,0.0845855115985603,0,0,0
2016-06-06,0,18.18181800842285,18.23636245727539,17.7575740814209,17.933332443237305,12.463790893554688,11251515,9.032807464728522,-0.009752634421593,-0.0035306929190002,-0.0411838171899688,0.019620457118925,0.0467939821130206,0.0845662581142473,-1,0,-1
2016-06-07,0,17.878786087036133,18.284847259521484,17.715150833129883,18.224241256713867,12.665975570678713,14738955,8.732283152412384,0.0160915972054823,0.0128972815794511,-0.0100684552351276,0.019618364034445,0.0467801739763204,0.0845400177865509,1,1,-1
2016-06-08,0,18.327272415161133,18.69696807861328,18.296968460083008,18.50303077697754,12.859729766845703,18447330,9.115510802973825,0.0151813957638846,0.0502078571157052,0.0047836774936588,0.0196158156939428,0.046781846994435,0.0845130398485879,1,1,0
2016-06-09,0,18.4303035736084,18.55757522583008,18.2060604095459,18.46060562133789,12.830240249633787,13266330,9.064058616773574,-0.0022958010574194,0.0330413779444832,-0.0037428709420551,0.0196097382113497,0.046774060309321,0.0844863216276357,-1,1,0
2016-06-10,0,18.24242401123047,18.33333206176757,17.51515007019043,17.51515007019043,12.173154830932615,23551935,9.66870097761308,-0.052571800511013,-0.034350428669582,-0.1171892153974412,0.019648076205761,0.0467676731725913,0.0845148939856158,-1,-1,-1
2016-06-13,0,17.454544067382812,17.68484878540039,17.27878761291504,17.59393882751465,12.227904319763184,13723380,10.143961046232684,0.0044874757582137,-0.0288597672624446,-0.106531124281796,0.0196422062419393,0.04675888029752,0.0845340459274082,1,-1,-1
2016-06-14,0,17.61212158203125,17.896968841552734,17.193939208984375,17.339393615722656,12.050996780395508,26696835,8.794374742184655,-0.0145732024336086,-0.0336803352744603,-0.1309587003474095,0.0196394855697365,0.0467521746501446,0.0845756664179078,-1,-1,-1
2016-06-15,0,17.381818771362305,17.66666603088379,17.024242401123047,17.254545211791992,11.992022514343262,34632840,9.582119780311766,-0.0049057386348584,-0.0546776711148011,-0.0974406658185171,0.0196337219169297,0.0467581861180665,0.0845873767408912,-1,-1,-1
2016-06-16,0,17.096969604492188,17.70302963256836,16.975757598876953,17.5696964263916,12.2110595703125,23408550,9.776475377749822,0.018100425007478,-0.0517586418712076,-0.0639356135201552,0.0196327337842943,0.0467620429510368,0.0845777466542872,1,-1,-1
2016-06-17,0,17.751514434814453,17.93939208984375,17.46060562133789,17.527271270751953,12.181573867797852,25872495,10.427378578040578,-0.0024175919300259,-0.0518804327438141,-0.0447770212478016,0.0196266808363307,0.0467659573484208,0.0845597386991905,-1,-1,-1
2016-06-20,0,17.806060791015625,18.048484802246094,17.690908432006836,17.818180084228516,12.383761405944824,25353405,11.14429503171695,0.016461579023059,0.0171529467902578,-0.0437278771927897,0.0196247948104866,0.0467530715577325,0.0845413603217033,1,1,-1
2016-06-21,0,17.484848022460938,17.81212043762207,17.35151481628418,17.81212043762207,12.379546165466309,23172930,11.557718969919438,-0.0003404424475262,0.0123250285845179,-0.0355718178323704,0.0196186530323384,0.0467392879351465,0.0845203349173559,0,1,-1
2016-06-22,0,17.787878036499023,18.024242401123047,17.436363220214844,17.50303077697754,12.164729118347168,21028095,11.634362445369334,-0.017504899206609,0.0093933318115175,-0.0401943388209003,0.0196174682025833,0.0467251181144786,0.0845007660252625,-1,1,-1
2016-06-23,0,17.690908432006836,18.24242401123047,17.563636779785156,18.18181800842285,12.636491775512695,18082185,11.874877301676594,0.0380480920972921,0.0523471625436683,-0.0054651321613807,0.0196342500280013,0.0467283258156402,0.0844743018130705,1,1,0
2016-06-24,0,17.575756072998047,17.866666793823242,17.38787841796875,17.545454025268555,12.194206237792969,29240970,12.163193275946256,-0.0356278603914807,-0.0013811228552907,-0.0400984980111502,0.0196484553897609,0.046713706398343,0.0844547336793536,-1,0,-1
2016-06-27,0,17.61212158203125,17.648483276367188,16.878786087036133,16.95757484436035,11.785629272460938,23469435,12.61213320587152,-0.0340800093840569,-0.0330435403093216,-0.0695238573177223,0.0196608890079993,0.0467067372220531,0.0844480651652508,-1,-1,-1
2016-06-28,0,17.290908813476562,17.59393882751465,17.218181610107422,17.551515579223633,12.198419570922852,21081225,12.345701075190892,0.034425468967197,-0.0150796503651837,-0.0250520050929914,0.0196734481053398,0.0466937918997278,0.0844244308223102,1,-1,-1
2016-06-29,0,17.81212043762207,18.03030204772949,17.672727584838867,17.945453643798828,12.472208023071287,22291830,11.77917364438436,0.022196410842741,0.0074572029250835,-0.0025192169572813,0.0196750373264548,0.0466794813169508,0.0843978838815891,1,1,0
2016-06-30,0,17.915151596069336,18.49696922302246,17.842424392700195,18.363636016845703,12.76285457611084,34659240,12.425005265424408,0.0230361549344981,0.0479982570661909,0.0426461177495865,0.0196772127573051,0.0466798301451668,0.0843769272582878,1,1,1
2016-07-01,0,18.4303035736084,18.78181838989257,18.18181800842285,18.733333587646484,13.026237487792969,32739135,12.884286893990682,0.0204266260281183,0.030376790997017,0.0482020656639023,0.0196775923361411,0.0466711028110416,0.0843577218187285,1,1,1
2016-07-04,0,18.83636283874512,18.92121124267578,18.61212158203125,18.72121238708496,13.017815589904783,6073980,11.914965443905912,-0.0006467425140484,0.0653579088744494,0.0327353170468013,0.0196714752914054,0.0466843988023032,0.0843342692006862,0,1,1
2016-07-05,0,18.545454025268555,18.69090843200684,18.42424201965332,18.58787727355957,12.925100326538086,11628705,11.351414380301527,-0.0071476666997313,0.092290251558775,0.0265908359959935,0.0196661970247372,0.0467256897050587,0.0843096418189848,-1,1,1
2016-07-06,0,18.42424201965332,18.715150833129883,18.212120056152344,18.660606384277344,12.975668907165527,12469215,10.963502387046526,0.0039047986895404,0.0617695812811184,0.0402482691071272,0.0196603037339701,0.0467358361436123,0.0842880702926472,1,1,1
2016-07-07,0,18.7575740814209,19.121212005615234,18.545454025268555,18.84848403930664,13.106313705444336,15292530,10.847684696045448,0.0100180950863821,0.0495912655247596,0.034174766988027,0.0196557310341856,0.046737049562675,0.0842649942590986,1,1,1
2016-07-08,0,19.060606002807617,19.40605926513672,18.9818172454834,19.357574462890625,13.46031379699707,19734660,10.472436870105993,0.0266515608950106,0.0532066714852718,0.045644932119153,0.0196607084662046,0.0467406710178253,0.0842450353564902,1,1,1
2016-07-11,0,19.44242477416992,19.68484878540039,19.30908966064453,19.545454025268555,13.590950965881348,15349125,10.19186312095922,0.0096585638859856,0.0424386093431389,0.057599297062558,0.0196560246258137,0.0467375520147838,0.0842293592298062,1,1,1
2016-07-12,0,19.727272033691406,19.84848403930664,19.29090881347656,19.381818771362305,13.477167129516602,24741750,10.506679614357536,-0.0084072713271532,0.0346780805300342,0.1017638262464177,0.0196510905237773,0.0467305459312747,0.0842386849201124,-1,1,1
2016-07-13,0,19.35151481628418,19.7939395904541,19.29090881347656,19.78181838989257,13.7553071975708,18582960,10.414187764406138,0.0204277978452728,0.0622535450750383,0.1177041483334767,0.0196514645753724,0.0467409298858242,0.0842605289278187,1,1,1
2016-07-14,0,20.151514053344727,20.381818771362305,20.012121200561523,20.3454532623291,14.147238731384276,32739300,10.500101266146151,0.0280947347407042,0.0864434811262022,0.1603720855077899,0.0196576445693489,0.0467748084911397,0.0843251827798336,1,1,1
2016-07-15,0,20.30303001403809,20.4121208190918,20.066665649414062,20.27878761291504,14.100874900817873,19430400,9.870881081506273,-0.0032826172255709,0.0731427688142492,0.1619952069170774,0.0196517492755194,0.0467946843569542,0.0843914872921326,-1,1,1
2016-07-18,0,20.357574462890625,20.709089279174805,20.218181610107425,20.624242782592773,14.341084480285645,16257120,10.506673455250354,0.0168916133897217,0.0633828213089604,0.160786395299321,0.019650050717922,0.0468058075826444,0.0844561302478885,1,1,1
2016-07-19,0,20.484848022460938,20.727272033691406,20.436363220214844,20.50303077697754,14.256796836853027,14642760,10.747895987767672,-0.0058946945448601,0.0478295628781145,0.1573092926844867,0.0196445607264196,0.0468056791727496,0.0845165402606436,-1,1,1
2016-07-20,0,20.59393882751465,20.90909004211425,20.4303035736084,20.8242416381836,14.480154991149902,21834285,11.384895969546177,0.0155453267016035,0.0717821609068714,0.1563930403630312,0.0196421869644493,0.0468240969650819,0.0845756888736148,1,1,1
2016-07-21,0,20.8242416381836,20.945453643798828,20.16363525390625,20.545454025268555,14.286288261413574,25822995,12.080156731098793,-0.0134788762843778,0.0378754867772208,0.1432546065261796,0.0196390691937742,0.0468184413766712,0.0846204960780377,-1,1,1
2016-07-22,0,20.490909576416016,20.83636283874512,20.39999961853028,20.672727584838867,14.374800682067873,12531090,11.727327895678735,0.0061765065674054,0.0159572586039218,0.1669360123001942,0.0196335658598381,0.0468053621169065,0.0846914589417883,1,1,1
2016-07-25,0,20.66666603088379,20.830303192138672,20.36969566345215,20.51515007019043,14.265226364135742,8815620,11.385436003719972,-0.0076518679536221,0.0115880078758706,0.1212360522492798,0.0196284808728247,0.0467915746079703,0.0847151627472554,-1,1,1
2016-07-26,0,20.545454025268555,20.70302963256836,20.254545211791992,20.254545211791992,14.084029197692873,12318240,10.72536539166716,-0.012783378636902,-0.0180869841507532,0.1440805340038584,0.0196250797025102,0.0467795937079349,0.0847603041348192,-1,-1,1
2016-07-27,0,20.363636016845703,20.660606384277344,20.27272605895996,20.33333206176757,14.138805389404297,17021730,10.663684692661302,0.0038816980144982,-0.0083105915913947,0.1820422414024138,0.019619245314583,0.0467657473962481,0.0848494722935783,1,-1,1
2016-07-28,0,20.321212768554688,20.321212768554688,19.915151596069336,20.10909080505371,13.982881546020508,22685190,10.061351825688297,-0.011089337678245,-0.0349452559712434,0.1365274347569715,0.0196152048537381,0.0467599789965027,0.0848866871693767,-1,-1,1
2016-07-29,0,19.945453643798828,20.581817626953125,19.945453643798828,20.47878646850586,14.23994255065918,19588800,10.081810058467571,0.0182170368741335,-0.003249342812732,0.1325480607883641,0.0196142597236259,0.0467456804694287,0.0849199765163445,1,0,1
2016-08-01,0,20.45454406738281,20.66666603088379,20.187877655029297,20.26060676574707,14.09449863433838,15277350,10.008283169743269,-0.0102663181404187,-0.0196921675205562,0.0992455877134469,0.0196099469205502,0.0467341619051697,0.084926069462928,-1,-1,1
2016-08-02,1,20.27272605895996,20.799999237060547,20.212120056152344,20.50303077697754,14.26313018798828,33812955,11.13696727563918,0.0118933457003552,-0.0001469538665786,0.0907123073856838,0.0196060608535192,0.0467197666104537,0.0849264932289899,1,0,1
2016-08-03,0,20.375757217407227,21.357574462890625,20.363636016845703,21.357574462890625,14.857613563537598,36628020,12.077983159374629,0.0408345325735681,0.0534709573438916,0.1321935824733006,0.0196258668660418,0.0467233303719062,0.0849591713486634,1,1,1
2016-08-04,0,21.51515007019043,21.85454559326172,21.448484420776367,21.47878646850586,14.94193172454834,28066995,12.286208802516851,0.0056590384328066,0.0552482977621997,0.1450002876058384,0.0196203021439529,0.0467281092915169,0.0850042132167384,1,1,1
2016-08-05,0,21.69696807861328,21.715150833129883,21.09090805053711,21.35151481628418,14.85339641571045,19615365,12.745171997732982,-0.005942916218073,0.0603947192223719,0.135152572698225,0.0196148797264083,0.0467366837423186,0.0850393932617464,-1,1,1
2016-08-08,0,21.157575607299805,21.466665267944336,21.139392852783203,21.212120056152344,14.756424903869627,15146175,13.148525029645262,-0.006549979311602,0.0356277030366362,0.1185844983002408,0.0196095846533787,0.0467300274885792,0.0850597513278789,-1,1,1
2016-08-09,0,21.363636016845703,21.52727127075196,21.24848365783692,21.254545211791992,14.785934448242188,13275075,13.242584623837022,0.0019977791100243,0.0478918002870795,0.0939307165152545,0.0196036247267198,0.0467298768559517,0.0850618986063378,1,1,1
2016-08-10,0,21.33333206176757,21.484848022460938,20.85454559326172,21.078786849975582,14.66366481781006,17202075,13.290363654877911,-0.0083037009694021,0.0276947536173219,0.0759684516598668,0.0195987586937483,0.0467200578062024,0.0850536070993381,-1,1,1
2016-08-11,0,21.27272605895996,21.636362075805664,21.084848403930664,21.61818122863769,15.038896560668944,19726080,13.20558084060085,0.0252672960642778,0.0121275171080317,0.1096430190512981,0.0196025460590876,0.0467064659701552,0.0850667061911471,1,1,1
2016-08-12,0,21.636362075805664,21.915151596069336,21.545454025268555,21.78181838989257,15.152743339538574,17815875,13.168508179379137,0.0075416452266335,0.0140101239018587,0.0967568664326586,0.0195973817625951,0.0466931732996103,0.0850705858891096,1,1,1
2016-08-15,0,21.69090843200684,22.066665649414062,21.60606002807617,22.012121200561523,15.48486614227295,15191385,13.250667050445196,0.0216815749598752,0.0416346150798069,0.0903437066518295,0.0195985541541628,0.0466894531001319,0.0850703237521361,1,1,1
2016-08-16,0,21.878786087036133,22.13333320617676,21.830303192138672,21.92121124267578,15.42090129852295,23262195,12.74081689203491,-0.0041393526438017,0.0440452417476071,0.0894869712335987,0.0195928684259245,0.0466870320720852,0.0850695053459341,-1,1,1
2016-08-17,0,21.878786087036133,22.212120056152344,21.70302963256836,22.212120056152344,15.62555694580078,24108480,12.049639382790748,0.0131840231223504,0.0552314857599332,0.0857793809662275,0.0195894898524847,0.0466916575032698,0.0850664514393215,1,1,1
2016-08-18,0,22.07272720336914,22.29090881347656,21.89696884155273,22.169696807861328,15.595703125,17040045,11.41570864579162,-0.0019124039088588,0.0616227828204765,0.0897616716022287,0.01958358660068,0.0467010159560716,0.0850657420248688,0,1,1
2016-08-19,0,22.0,22.151514053344727,21.7757568359375,22.024242401123047,15.49338436126709,14869635,11.16409906398764,-0.0065823181981472,0.0297731685580512,0.067634026702478,0.0195783441704177,0.0466919379238308,0.0850533081142355,-1,1,1
2016-08-22,0,21.92121124267578,21.9818172454834,21.545454025268555,21.600000381469727,15.194947242736816,11195745,10.943806381302284,-0.0194501630634168,0.002781360268001,0.0616627399234388,0.019578419875506,0.046677674882103,0.0850383264836207,-1,0,1
2016-08-23,0,21.73939323425293,21.951515197753903,21.47272682189941,21.56363677978516,15.16936492919922,13075095,10.952292560878696,-0.0016850254631654,-0.0205852401550395,0.053801207892868,0.0195725151866992,0.0466666323886049,0.0850203948526587,0,-1,1
2016-08-24,0,21.363636016845703,21.678787231445312,21.2060604095459,21.46060562133789,15.096887588500977,19848015,11.147880398390416,-0.0047893262764595,-0.0212352137876973,0.0566637495700308,0.0195669518633394,0.0466557879832989,0.0850034932984628,-1,-1,1
2016-08-25,0,21.44242477416992,21.660606384277344,21.284847259521484,21.393938064575195,15.049991607666016,14427435,10.819716150614903,-0.0031111690438518,-0.0375304059538997,0.066335959163081,0.0195611746278693,0.0466515416141829,0.0849904863477,-1,-1,1
2016-08-26,0,21.53333282470703,21.933332443237305,21.4121208190918,21.654544830322266,15.233317375183104,16210755,10.724741011964436,0.0121075280859584,-0.0235104739590822,0.0745617892345412,0.0195574158002921,0.0466414157318282,0.084981313486142,1,-1,1
2016-08-29,0,21.575756072998047,22.18181800842285,21.53333282470703,22.03636360168457,15.501916885375977,10722525,10.439941638134927,0.0174787246524276,0.0005505688914925,0.1031298515652139,0.0195560840536875,0.0466272084746445,0.0849892397100424,1,0,1
2016-08-30,0,22.060606002807617,22.230302810668945,21.915151596069336,22.18181800842285,15.604235649108888,7223865,9.424813548485762,0.0065787070672696,0.026579439022179,0.09149152175835,0.0195507663796071,0.0466171066045596,0.0849894412043043,1,1,1
2016-08-31,0,22.24242401123047,22.357574462890625,21.51515007019043,21.727272033691406,15.28448486328125,27950340,9.633194963052322,-0.0207041407032181,0.0075603237821262,0.0810536991955506,0.0195516516691512,0.0466031545116347,0.0849835695047568,-1,1,1
2016-09-01,0,21.66666603088379,22.13333320617676,21.56363677978516,21.933332443237305,15.43589210510254,21476235,9.904527409186723,0.0098572011616132,0.022206851220199,0.0790175546568086,0.0195471537788053,0.0465917645334532,0.0849765944118129,1,1,1
2016-09-02,0,22.03636360168457,22.41818046569824,22.03636360168457,22.254545211791992,15.66195297241211,20012025,10.247219984571556,0.0145389398402856,0.0398569601043365,0.0527219619235261,0.0195443915650422,0.0465871675238374,0.0849582917418163,1,1,1
2016-09-05,0,22.26060676574707,22.42424201965332,22.12727165222168,22.26060676574707,15.666216850280762,5280825,9.886610971320357,0.0002722072766531,0.0280216392950312,0.0473351307673726,0.0195384717141586,0.0465775716109269,0.0849382985114563,0,1,1
2016-09-06,0,22.363636016845703,22.47272682189941,22.01818084716797,22.47272682189941,15.815489768981934,11978175,9.849884203171008,0.0094832239687672,0.0200261386113705,0.0627612709542126,0.0195338736879544,0.0465656429643237,0.084923738573754,1,1,1
2016-09-08,0,22.26666641235352,22.38787841796875,22.151514053344727,22.2060604095459,15.627830505371094,20026710,9.904893901031013,-0.0119364933542103,0.0015109381898905,0.0573747569116043,0.0195302700470962,0.0465515129528058,0.0849070942550699,-1,0,1
2016-09-09,0,21.89090919494629,21.951515197753903,21.26666641235352,21.363636016845703,15.034958839416504,22410630,10.399292550867504,-0.0386752527744129,-0.0164601738813041,0.016701725027167,0.019547810062074,0.0465395207898989,0.0848814747242077,-1,-1,1
2016-09-12,0,21.321212768554688,21.715150833129883,21.096969604492188,21.642423629760746,15.231162071228027,18933090,10.570251665766344,0.012965386670054,-0.0133519883728633,0.0379708126666232,0.019544406219303,0.0465268698581413,0.0848590851442874,1,-1,1
2016-09-13,0,21.41818046569824,21.545454025268555,20.99393844604492,21.212120056152344,14.928333282470703,28363830,11.631612830264944,-0.0200824956038233,-0.0479734238169722,-0.007378979001478,0.0195448849524626,0.0465287563032773,0.0848338180763667,-1,-1,0
2016-09-14,0,21.224241256713867,21.47272682189941,21.157575607299805,21.230302810668945,14.941133499145508,16807890,12.202747850887182,0.0008570770648138,-0.0473885540288116,-0.0140635471632976,0.0195389923994402,0.0465302466722491,0.0848093992899292,0,-1,-1
2016-09-15,0,21.33333206176757,21.799999237060547,21.254545211791992,21.69090843200684,15.265283584594728,18759345,11.62156974839705,0.02146315653578,-0.0354086214617987,-0.0142819655873928,0.0195400520030702,0.0465250344215202,0.0847850338521813,1,-1,-1
2016-09-16,0,21.581817626953125,21.63030242919922,21.066665649414062,21.200000762939453,14.919797897338867,24116400,11.738378964218118,-0.0228921545234197,-0.046364282631008,-0.0330347674670107,0.019542415611257,0.0465258488217946,0.0847647471736343,-1,-1,-1
2016-09-19,0,21.448484420776367,21.61818122863769,21.24242401123047,21.35151481628418,15.026437759399414,11988075,11.188358119519458,0.0071221180554554,-0.0005669118011396,-0.0390966725339058,0.0195372598542182,0.0465118175991859,0.0847463248840822,1,0,-1
2016-09-20,0,21.490909576416016,21.678787231445312,21.3454532623291,21.39999961853028,15.060554504394531,8432325,11.371018200138556,0.0022678743902735,-0.0112644240809202,-0.0349163942347735,0.0195314413554533,0.0464988249448393,0.0847266083938319,1,-1,-1
2016-09-21,0,21.636362075805664,21.72121238708496,21.05454444885254,21.60606002807617,15.205562591552734,24532860,12.128627264168562,0.0095822795009566,0.0184003510238597,-0.0187517965356697,0.0195269091374673,0.046486652307041,0.0847030499379372,1,1,-1
2016-09-22,0,21.81212043762207,22.16363525390625,21.72121238708496,21.951515197753903,15.44869613647461,14932500,11.789071047508306,0.015863286445532,0.0334065604045777,0.016561652973279,0.0195247924512623,0.0464792430688948,0.0846776309678738,1,1,1
2016-09-23,0,21.93939208984375,22.006059646606445,21.678787231445312,21.89696884155273,15.410298347473145,9873600,11.02654093012058,-0.0024885975360132,0.0094548063327843,0.0157580809004311,0.0195190403608673,0.0464656434675897,0.0846521780316927,-1,1,1
2016-09-26,0,21.642423629760746,21.7757568359375,21.55757522583008,21.727272033691406,15.29088306427002,13088790,10.662442533391626,-0.0077792371451474,0.0245677237110569,0.0127681700317433,0.0195141696993452,0.0464550939734921,0.0846265775023569,-1,1,1
2016-09-27,0,21.799999237060547,22.0,21.484848022460938,21.97575759887696,15.465753555297852,20894775,10.248671332564694,0.0113713588081823,0.0288169644637838,0.0272506978837775,0.019510215064044,0.0464459366742933,0.0846024231368968,1,1,1
2016-09-28,0,22.0,22.24848365783692,21.81818008422852,22.13333320617676,15.576645851135254,18083835,10.374763552736429,0.0071446002672729,0.0336936903407831,0.022287770065092,0.0195050922253907,0.0464386599052851,0.0845776327356898,1,1,1
2016-09-29,0,22.18181800842285,22.31515121459961,21.55757522583008,21.5696964263916,15.179980278015137,21349680,10.530419943731696,-0.0257952589574638,-0.0016838481176371,-0.0209862135447995,0.0195096694153092,0.0464247631510505,0.0845546338839411,-1,0,-1
2016-09-30,0,21.66666603088379,21.81818008422852,21.4121208190918,21.52727127075196,15.150121688842772,25642815,10.648768292864345,-0.0019689085681816,-0.0195160431313507,-0.0295338291802507,0.0195038988209135,0.0464136819717619,0.0845335907252702,-1,-1,-1
2016-10-03,0,21.51515007019043,22.09090805053711,21.51515007019043,22.03030204772949,15.510685920715332,23599455,11.415911418928316,0.0235206364381013,0.0064931908427638,0.0146909479610689,0.0195063740738372,0.0463999008609386,0.0845082068534476,1,1,1
2016-10-04,0,22.096969604492188,22.327272415161133,21.969696044921875,22.224241256713867,15.647231101989746,44084040,13.7383062197364,0.0087647743143397,0.023037202302251,0.0135985211137953,0.0195016471894952,0.0463889619748823,0.0844827845198827,1,1,1
2016-10-05,0,22.30303001403809,22.7575740814209,22.254545211791992,22.660606384277344,15.954458236694336,21369645,13.605866323209677,0.0194443285042583,0.0311101719983267,0.0185039097777678,0.0195014560754004,0.0463806935081759,0.0844577272163018,1,1,1
2016-10-06,0,22.624242782592773,22.945453643798828,22.58787727355957,22.84848403930664,16.086750030517578,16587780,13.755063951179148,0.008257650239271,0.032223221970325,0.0264893527403858,0.019496604236334,0.0463728595712686,0.0844336172668799,1,1,1
2016-10-07,0,23.03030204772949,23.139392852783203,22.733333587646484,23.060606002807617,16.236080169677734,18817425,14.38793194129904,0.0092399830512314,0.0672584639790206,0.0262461118228503,0.0194920107684935,0.0463868100270359,0.0844094929617307,1,1,1
2016-10-10,0,23.27878761291504,23.381818771362305,23.03030204772949,23.09090805053711,16.257410049438477,13027740,14.436039524661334,0.0013128711431516,0.0705402436903537,0.0394954763202122,0.0194862076985354,0.0464035536315787,0.0843879049951651,0,1,1
2016-10-11,0,23.01818084716797,23.13333320617676,22.84848403930664,23.012121200561523,16.20193862915039,25033140,14.77619649150725,-0.0034179043356108,0.0436017029166414,0.0747528247590145,0.0194806029667664,0.0464010010389479,0.084379139573183,-1,1,1
2016-10-13,0,22.93939208984375,23.42424201965332,22.733333587646484,23.27272605895996,16.385421752929688,30135105,15.65139348546042,0.0112611184596989,0.0460980470620008,0.0730485565486593,0.019476639136868,0.0463998257083095,0.0843695409321625,1,1,1
2016-10-14,0,23.490909576416016,23.8242416381836,23.41818046569824,23.715150833129883,16.696922302246094,21011100,15.761707624102137,0.018832387155528,0.0454861057132707,0.1119634393080108,0.0194760950259416,0.0463982893512264,0.0843838720097914,1,1,1
2016-10-17,0,23.763635635375977,24.23636245727539,23.600000381469727,24.23636245727539,17.063884735107422,25124220,15.927696925416376,0.0217398171285499,0.0589682726025494,0.132846179371747,0.0194773214803019,0.0464054970376172,0.084415417659351,1,1,1
2016-10-18,0,24.200000762939453,24.66666603088379,23.940000534057617,24.57333374023437,17.3011474609375,21750300,15.970040833190136,0.0138086002375118,0.0635368897888297,0.1251916230734787,0.0194743072276812,0.0464161627369326,0.0844401597046412,1,1,1
2016-10-19,0,24.433332443237305,24.59333229064941,24.100000381469727,24.17333221435547,17.019514083862305,13824300,14.094495863240423,-0.0164122535026421,0.045811765143036,0.1316715240942565,0.0194727870030364,0.0464147487568432,0.084470428226057,-1,1,1
2016-10-20,0,23.953332901000977,24.5,23.806665420532227,24.246665954589844,17.07114028930664,15405150,13.772802281214773,0.0030287623314512,0.052258431810098,0.1275781683702522,0.0194671105663599,0.0464172278403209,0.0844970007841112,1,1,1
2016-10-21,0,24.14666557312012,24.3799991607666,24.020000457763672,24.206666946411133,17.042984008789062,9818700,13.36219918716534,-0.0016507113983057,0.0393466019520932,0.1236595825816729,0.0194613848561085,0.0464124060824273,0.0845201584436369,0,1,1
2016-10-24,0,24.38666534423828,24.3933334350586,23.940000534057617,24.0,16.89748191833496,14084400,13.083534069618924,-0.0085740120440088,0.0119402027525562,0.1055032910367076,0.0194568088796445,0.0463992298702782,0.0845293228388014,-1,1,1
2016-10-25,0,23.913333892822266,24.07999992370605,23.553333282470703,23.87333297729492,16.80828094482422,12597150,13.083282868267114,-0.0052929335627844,-0.015092547938778,0.0843470710283912,0.0194515118796509,0.0463872701855724,0.0845252085974006,-1,-1,1
2016-10-26,0,23.71999931335449,24.15333366394043,23.63333320617676,24.020000457763672,16.911550521850586,15098700,12.463302526671908,0.0061251729563568,-0.0227759752199331,0.092960841520761,0.0194462597635071,0.0463773706760021,0.0845260690167226,1,-1,1
2016-10-27,0,24.059999465942383,24.773332595825195,24.03333282470703,24.53333282470703,17.272981643676758,16795500,11.622862657621123,0.0211466746867908,0.0147829529694998,0.1218867533526995,0.0194471139878676,0.0463646497291521,0.0845475015152991,1,1,1
2016-10-28,0,24.466665267944336,24.88666534423828,24.31333351135254,24.739999771118164,17.41847801208496,14530050,11.219580731323116,0.0083880714701277,0.0201422621081765,0.1189034660146449,0.0194423450565715,0.046353008780577,0.0845664509199385,1,1,1
2016-10-31,1,25.440000534057617,25.8933334350586,25.31999969482422,25.600000381469727,18.02397727966309,31409250,11.786575936761436,0.0341713451059694,0.0559643186124518,0.1459302108533414,0.0194540235284288,0.0463579613461179,0.08460929343819,1,1,1
2016-11-01,0,25.81999969482422,25.81999969482422,24.68666648864746,24.83333206176757,17.491010665893555,26594400,12.153249204374571,-0.0300158698509764,0.0345224608054842,0.1417095999598289,0.019462271829559,0.0463510017357299,0.084647904281586,-1,1,1
2016-11-03,0,24.66666603088379,25.233333587646484,24.299999237060547,24.299999237060547,17.11538314819336,24514500,12.91373427625636,-0.0217094142967593,0.0181059800715092,0.121969094231251,0.0194638870615605,0.0463389242021477,0.084669005708814,-1,1,1
2016-11-04,0,24.36000061035156,24.953332901000977,24.17333221435547,24.5,17.256244659423828,20645550,13.298660778710683,0.0081964287885732,0.0201772359037257,0.1066448865817229,0.0194590786678905,0.0463273110700374,0.0846784517813729,1,1,1
2016-11-07,0,25.01333236694336,25.53333282470703,24.84000015258789,25.3799991607666,17.876052856445312,16970250,13.85995447582857,0.035287900695556,0.0343184619124906,0.1331680129629391,0.0194718811553967,0.0463202762475074,0.0847088898583385,1,1,1
2016-11-08,0,25.3799991607666,25.8266658782959,25.09333229064941,25.440000534057617,17.9183406829834,14339700,13.93816328292769,0.0023628195385189,0.0282932099808818,0.1160865039971998,0.0194661953486055,0.0463109836008008,0.0847251140841543,1,1,1
2016-11-09,0,24.39999961853028,25.293333053588867,24.33333206176757,24.626665115356445,17.345462799072266,29182650,15.153217100807854,-0.0324938453906666,-0.0383719805157542,0.0753350083672621,0.0194767728579405,0.0463076889251152,0.0847159682311203,-1,-1,1
2016-11-10,0,24.58666610717773,24.86000061035156,23.04666519165039,23.39999961853028,16.481470108032227,44123700,17.100442668142204,-0.051094235965978,-0.0594503466307559,0.0150007893500524,0.0195109837430194,0.0463180744779136,0.0846908665140358,-1,-1,1
2016-11-11,0,23.100000381469727,23.773332595825195,22.8266658782959,23.100000381469727,16.270179748535156,39808500,18.57601576460059,-0.0129027570663422,-0.0506436894003387,0.0007851611405585,0.0195078599907835,0.0463220179256083,0.0846657630760149,-1,-1,0
2016-11-14,0,22.90666580200196,23.49333381652832,22.606666564941406,22.959999084472656,16.17156982421875,26179050,19.278617287294477,-0.0060792176320861,-0.0649193358209983,-0.0018761521559167,0.0195027246630128,0.0463367927703495,0.0846408354949673,-1,-1,0
2016-11-16,0,23.50666618347168,24.09333229064941,23.07999992370605,24.09333229064941,16.969818115234375,28729650,18.95434446018384,0.0481816097818913,-0.0520256267346628,0.0350443391662757,0.0195315758736311,0.0463416078242733,0.0846182533718225,1,-1,1
2016-11-17,0,24.299999237060547,24.299999237060547,23.246665954589844,23.37333297729492,16.46268653869629,23413200,18.6253835443902,-0.0303399630373876,-0.0847284093105694,-0.0141280110266401,0.019539960688828,0.0463755986641686,0.0845947207124553,-1,-1,-1
2016-11-18,0,23.280000686645508,23.920000076293945,23.280000686645508,23.59333229064941,16.617645263671875,13812750,17.841181355162824,0.0093687003701492,-0.0428658635497534,-0.0264991277850407,0.0195354571556692,0.0463745945024538,0.0845736406063179,1,-1,-1
2016-11-21,0,23.76666641235352,23.90666580200196,23.58666610717773,23.786666870117188,16.75381851196289,18438900,17.645820936548226,0.0081611046496743,0.016389477065899,-0.0321466233728782,0.019530648722965,0.0463622879421308,0.0845540427116132,1,1,-1
2016-11-22,0,24.13333320617676,24.21999931335449,23.54666519165039,23.86666679382324,16.8101749420166,19287900,17.73194915801655,0.0033581512338675,0.0326503853661087,-0.0123762186363687,0.0195250547413765,0.0463546885066269,0.0845303068839283,1,1,-1
2016-11-23,0,23.72666549682617,23.933332443237305,23.420000076293945,23.64666557312012,16.65521812438965,10563750,17.397692649121005,-0.0092607861960868,0.0294688168021079,-0.0246657671639067,0.0195206969309105,0.0463459076356326,0.0845088458797496,-1,1,-1
2016-11-24,0,23.71999931335449,23.733333587646484,23.31999969482422,23.39999961853028,16.481470108032227,5754900,15.700301581135417,-0.0104868421036795,-0.0291996350834629,-0.0335018978692805,0.0195167159507637,0.0463383724143138,0.0844896757005322,-1,-1,-1
2016-11-25,0,23.11333274841309,23.33333206176757,23.01333236694336,23.239999771118164,16.368785858154297,12020550,13.511342026764703,-0.0068605061686641,-0.0057201782147393,-0.0317883919939358,0.0195117614723511,0.0463251067831952,0.084470033326345,-1,-1,-1
2016-11-28,0,23.246665954589844,23.81999969482422,23.059999465942383,23.733333587646484,16.71626091003418,11028300,11.599363132347696,0.0210057329464826,0.0059168543615939,-0.0054897254846688,0.0195124908262671,0.0463116041781866,0.0844455735875022,1,1,0
2016-11-29,0,23.566665649414062,23.68666648864746,23.15999984741211,23.15999984741211,16.31243896484375,10951500,10.58956015607103,-0.024454009407904,-0.0266982596959845,-0.0360689078489295,0.0195159604651536,0.0463031462728424,0.0844272066933096,-1,-1,-1
2016-11-30,0,23.466665267944336,24.0,23.440000534057617,23.61333274841309,16.63172721862793,19014300,9.882702932135578,0.019384205967679,-0.010672204962173,-0.0378313765680416,0.019515720074586,0.0462905379735631,0.0844093990737985,1,-1,-1
2016-12-01,0,22.53333282470703,22.53333282470703,22.53333282470703,22.53333282470703,15.877779006958008,35820000,10.639084924189024,-0.0463915644100879,-0.0478029831761741,-0.0926110124482575,0.0195426245706422,0.0462925159243754,0.0844195131647853,-1,-1,-1
2016-12-02,0,22.293333053588867,23.07333374023437,22.02666664123535,22.626665115356445,15.943537712097168,19807200,10.995044405968196,0.0041330030008282,-0.0331831380716662,-0.1226493545533986,0.0195371368856281,0.0462866610249543,0.0844537719531078,1,-1,-1
2016-12-05,0,22.706666946411133,22.84666633605957,22.39999961853028,22.54666519165039,15.88717269897461,10456800,10.40580651487186,-0.0035415528782276,-0.0298641847812299,-0.0961750375806498,0.0195316465457435,0.0462794078050441,0.0844662840293898,-1,-1,-1
2016-12-06,0,22.40666580200196,23.03333282470703,22.273332595825195,22.84666633605957,16.09856414794922,18140400,10.272938489610748,0.013218049518824,-0.0376518682088885,-0.0612475737650665,0.019528452408673,0.0462756455341508,0.0844577360604239,1,-1,-1
2016-12-07,0,23.13333320617676,23.13333320617676,22.540000915527344,22.66666603088379,15.971718788146973,20933700,10.926602109207064,-0.0079105021624568,-0.0211083609634413,-0.0773545047160967,0.0195237540211148,0.0462653837072571,0.0844577937579666,-1,-1,-1
2016-12-08,0,22.933332443237305,22.933332443237305,22.459999084472656,22.53333282470703,15.877779006958008,13711950,11.433611297728913,-0.0058989974789677,-0.0463915644100879,-0.1185414028906204,0.0195186282626103,0.0462664372020211,0.0844880612949239,-1,-1,-1
2016-12-09,0,22.86000061035156,22.86666679382324,22.466665267944336,22.600000381469727,15.92475414276123,26554950,12.36669644828428,0.0029541778791889,0.0029541778791889,-0.1179500445499502,0.0195130484300355,0.0462529260481183,0.0845177001666033,1,0,-1
2016-12-12,0,22.299999237060547,22.459999084472656,21.540000915527344,21.66666603088379,15.26708984375,34062300,13.751887106499993,-0.042175241803128,-0.0433540669247673,-0.1276314409624116,0.0195342160149219,0.046252186617311,0.0845559888337006,-1,-1,-1
2016-12-13,0,21.540000915527344,22.07999992370605,21.51333236694336,21.76666641235352,15.337560653686523,31042200,14.979385745260515,0.0046052435390083,-0.0352072705075311,-0.071931961457425,0.0195288141163313,0.0462472315916154,0.0845527438753069,1,-1,-1
2016-12-14,0,21.67333221435547,22.15999984741211,21.67333221435547,21.71999931335449,15.30467414855957,22861050,15.118202930030415,-0.0021464829811489,-0.0505718030075041,-0.0611756873722319,0.0195232178399442,0.0462508866230027,0.0845439766602717,-1,-1,-1
2016-12-15,0,21.66666603088379,21.86000061035156,21.239999771118164,21.63333320617676,15.24360466003418,26478150,14.436833932979264,-0.0039982331091108,-0.0466595339541581,-0.0590947028492565,0.0195178089217703,0.0462520444046681,0.0845342297301963,-1,-1,-1
2016-12-16,0,21.806665420532227,21.8799991607666,21.246665954589844,21.246665954589844,14.97115421295166,20977350,14.429646783176338,-0.0180347513466099,-0.0587952878218003,-0.1253110639777579,0.0195171048786726,0.0462614729379823,0.0845700697586309,-1,-1,-1
2016-12-19,0,21.33333206176757,21.49333381652832,20.67333221435547,20.67333221435547,14.567151069641112,20425800,14.971940290402332,-0.0273562301036311,-0.0891056958046205,-0.1223273310440014,0.019522748760265,0.0462996168963484,0.0846030758408508,-1,-1,-1
2016-12-20,0,20.933332443237305,21.426666259765625,20.799999237060547,21.200000762939453,14.938265800476074,21367200,15.083993909532657,0.0251570282658029,-0.0217734257356897,-0.1065390031483478,0.0195263285992094,0.0462895245248624,0.0846226959476652,1,-1,-1
2016-12-21,0,21.39999961853028,21.420000076293945,21.053333282470703,21.19333267211914,14.93356227874756,14354850,14.588902008060805,-0.0003149135536606,-0.0266935828283588,-0.115015021351683,0.0195206690088752,0.0462810234361807,0.084649134160536,0,-1,-1
2016-12-22,0,21.200000762939453,21.426666259765625,21.059999465942383,21.36666679382324,15.055707931518556,22596450,15.094360203907607,0.0081460020435518,-0.016401097803658,-0.1102271705419985,0.0195159415739267,0.0462695584051945,0.084671521405522,1,-1,-1
2016-12-23,0,21.233333587646484,21.83333206176757,21.200000762939453,21.64666557312012,15.48070240020752,18480750,14.52991004954074,0.0278370579775973,0.0154341932830502,-0.0731293263683142,0.0195215947966779,0.0462573512104395,0.0846686191066329,1,1,-1
2016-12-26,0,21.67333221435547,21.933332443237305,21.67333221435547,21.81999969482422,15.604656219482422,4270200,12.658958314540053,0.0079751035057669,0.0414440481354272,-0.0546673807588677,0.0195168280925956,0.046253978305826,0.0846567116978093,1,1,-1
2016-12-27,0,22.0,22.0,21.58666610717773,21.806665420532227,15.59512710571289,12014850,11.467473605281317,-0.0006108448873833,0.0681894333516749,-0.048417719477587,0.0195111910074444,0.0462685026889408,0.0846422974814343,0,1,-1
2016-12-28,0,21.780000686645508,22.433332443237305,21.780000686645508,22.31999969482422,15.962227821350098,10270350,10.700175392796192,0.0232666696431096,0.0662990747289819,-0.0461567827809599,0.0195133968382069,0.0462814157781601,0.0846270470630581,1,1,-1
2016-12-29,0,22.3266658782959,22.59333229064941,22.106666564941406,22.566665649414062,16.13863182067871,11529600,9.80244938535206,0.010990719689908,0.0776047079725507,-0.0107120536831477,0.0195094606044151,0.0463042467693785,0.0846032865915812,1,1,-1
2017-01-02,0,22.299999237060547,22.49333381652832,22.206666946411133,22.35333251953125,15.993157386779783,3105150,8.711422792891266,-0.0090549223345142,0.0604037835944845,-0.0391511819853408,0.019505110972757,0.0463124927568699,0.0845856850328545,-1,1,-1
2017-01-03,0,22.559999465942383,23.31333351135254,22.520000457763672,23.299999237060547,16.670473098754883,25215000,9.21816031348235,0.0414781091697576,0.0740448347866449,0.0487184915945047,0.0195245974074192,0.0463318886744363,0.0845671828615207,1,1,1
2017-01-04,0,23.200000762939453,23.486665725708008,23.13999938964844,23.39999961853028,16.742021560668945,13619250,8.841924461374616,0.0042827434469951,0.0703524747278731,0.0488682320406716,0.0195191993267449,0.0463479643317661,0.084548734931075,1,1,1
2017-01-05,0,23.3933334350586,23.986665725708008,23.206666946411133,23.71999931335449,16.97097396850586,21988800,9.497225057461492,0.0135826510907408,0.0845459707059973,0.0659924360096402,0.0195161799031555,0.0463773908453843,0.0845363364903957,1,1,1
2017-01-06,0,23.69333267211914,23.913333892822266,23.47333335876465,23.799999237060547,17.028202056884766,14017650,9.07834147921522,0.0033664429033823,0.0646457439662699,0.0561408293941985,0.0195106939553877,0.0463886555845079,0.0845202187723131,1,1,1
2017-01-09,0,23.566665649414062,24.0,23.453332901000977,23.913333892822266,17.10929298400879,16102650,9.034641510927385,0.0047508512003772,0.0584058754767392,0.0688021827570328,0.019505366279389,0.0463952343015943,0.0845090029458525,1,1,1
2017-01-10,0,24.066665649414062,24.21999931335449,23.71333312988281,23.83333206176757,17.052051544189453,11749950,9.586463244330286,-0.003351243587295,0.0641095542239585,0.0713499366487054,0.0194999475796413,0.0464060000415743,0.0844989007060873,-1,1,1
2017-01-11,0,23.99333381652832,24.100000381469727,23.63333320617676,23.8799991607666,17.08544921875,11560050,9.628287710624578,0.0019566567246814,0.0245881017788822,0.0703524154941979,0.0194943774295936,0.0463958326339982,0.0844883496775646,1,1,1
2017-01-12,0,24.39999961853028,24.566665649414062,24.200000762939453,24.486665725708008,17.51949691772461,21567900,10.511036973477395,0.0250871919661069,0.0453925502979938,0.1376148492634328,0.0194978288850407,0.0463942430209203,0.0845229311062276,1,1,1
2017-01-13,0,24.39999961853028,24.61333274841309,23.81999969482422,23.986665725708008,17.161766052246094,10448850,10.48317781695638,-0.0206303647924193,0.0111795344148335,0.1123792409320052,0.0194986873189951,0.0463814111805973,0.0845368404764668,-1,1,1
2017-01-16,0,23.986665725708008,24.07999992370605,23.799999237060547,24.00666618347168,17.176067352294922,5591850,10.674585698847796,0.000832976309673,0.0086460678211244,0.115358700222827,0.0194930908141007,0.0463683365950801,0.0845528821684059,0,1,1
2017-01-17,0,23.933332443237305,24.706666946411133,23.86000061035156,24.65333366394043,17.638742446899414,15613350,10.076462906137872,0.0265807763076157,0.0304759929283628,0.1459377096395537,0.0194976575913869,0.0463600685067051,0.0845948762344009,1,1,1
2017-01-18,0,24.76666641235352,24.76666641235352,24.34666633605957,24.459999084472656,17.50042152404785,12062400,10.006655867464891,-0.0078727904512649,0.0259544460643928,0.1560996705348989,0.0194930502432707,0.0463503252484799,0.0846467735360628,-1,1,1
2017-01-19,0,24.47333335876465,24.739999771118164,24.126665115356445,24.3266658782959,17.405031204223633,12976350,9.398747218841422,-0.0054656536350281,0.0185321357046832,0.1779902470035017,0.0194879517592422,0.0463387136564793,0.0847224987271487,-1,1,1
2017-01-20,0,24.459999084472656,24.626665115356445,24.206666946411133,24.39999961853028,17.457487106323242,16185000,9.579711760984166,0.0030093030697692,-0.0035457531916543,0.1558425218074682,0.0194824741718347,0.046325580000161,0.0847737322186858,1,0,1
2017-01-23,0,24.36666679382324,25.21999931335449,24.299999237060547,25.21999931335449,18.044166564941406,19588950,9.901420562044844,0.0330538333840586,0.0501384449848237,0.1892112687451877,0.0194926419276779,0.0463266938411712,0.0848624918991132,1,1,1
2017-01-24,0,25.100000381469727,25.299999237060547,24.81999969482422,25.15999984741211,18.001235961914062,17041950,10.340545682461991,-0.002382030456984,0.0469234382181666,0.1786832362446517,0.0194871701696785,0.0463259342645708,0.0849382383093503,-1,1,1
2017-01-26,0,25.33333206176757,25.68666648864746,25.293333053588867,25.5,18.24449920654297,20561700,11.07353609598355,0.013423201164615,0.0337658630751658,0.1642693794316694,0.0194841114563218,0.0463189082019381,0.0849976002104841,1,1,1
2017-01-27,0,25.600000381469727,25.71999931335449,25.299999237060547,25.36666679382324,18.14911651611328,13714350,10.541399209976593,-0.0052417385263188,0.0363969150001118,0.1510525373995835,0.0194789968516677,0.0463129599266604,0.08504324586248,-1,1,1
2017-01-30,0,25.233333587646484,25.3266658782959,24.67333221435547,24.8266658782959,17.76275634765625,10471650,10.56898353241802,-0.0215179574507322,0.0203446111844077,0.1301454248362346,0.0194804303178868,0.0463017714464763,0.0850698186071536,-1,1,1
2017-01-31,0,24.84000015258789,24.979999542236328,24.559999465942383,24.8266658782959,17.76275634765625,16889850,11.410645908370332,0.0,0.0173353081146384,0.1068787551931247,0.0194748683643292,0.0462899640776746,0.0850787584784118,0,1,1
2017-02-01,0,25.03333282470703,25.233333587646484,24.940000534057617,25.07999992370605,17.951244354248047,20609850,11.800901433368002,0.0105555106107648,-0.0051630146586554,0.1064435461139816,0.0194708445222186,0.0462770317546405,0.0850873557615623,1,-1,1
2017-02-02,0,24.85333251953125,25.21999931335449,24.40666580200196,25.00666618347168,17.898744583129883,21595500,12.52483819164492,-0.0029288605215154,-0.0057098447231867,0.1125696079269803,0.0194654452543882,0.0462641605481086,0.0851001361355243,-1,-1,1
2017-02-03,0,24.99333381652832,25.746665954589844,24.953332901000977,25.52666664123535,18.270936965942383,21112200,13.18461025317593,0.0205810781059619,0.0014480322181601,0.0916725768631845,0.0194659025221305,0.0462509346569087,0.0850994843611166,1,0,1
2017-02-06,0,25.53333282470703,25.793333053588867,25.306665420532227,25.34000015258789,18.137338638305664,12973800,12.989676735151471,-0.007338931880286,-0.000649161135807,0.0800509015359033,0.0194612175710601,0.0462377615804781,0.0850926558979593,-1,0,1
2017-02-07,1,26.21333312988281,26.36666679382324,25.753332138061523,25.83333206176757,18.49045181274414,34013400,14.126354452625275,0.019281759027241,0.0401505553421664,0.0857500094724034,0.019460927778555,0.0462335419250244,0.0850887128893876,1,1,1
2017-02-08,0,25.85333251953125,26.5,25.69333267211914,26.5,18.96761512756348,28785450,15.113480206189935,0.025478577320174,0.0656291326623402,0.1078621438891953,0.0194646237934323,0.0462453066163442,0.0850980632340703,1,1,1
2017-02-09,0,26.459999084472656,26.99333381652832,26.26000022888184,26.6200008392334,19.053497314453125,29762700,15.90554722791531,0.0045176128438351,0.0595912348954105,0.107628905532653,0.0194593399893649,0.046252520015401,0.085107205382484,1,1,1
2017-02-10,0,26.626665115356445,26.83333206176757,26.39999961853028,26.706666946411133,19.115541458129883,31364250,17.352474851513932,0.0032510223111747,0.0657711177281009,0.1142311714311228,0.0194539300365452,0.0462643128164838,0.0851208912975862,1,1,1
2017-02-13,0,26.799999237060547,26.979999542236328,26.31333351135254,26.57999992370605,19.024877548217773,13350750,17.633041014135497,-0.0047542257292681,0.0404358138928708,0.1075202889771732,0.0194487843993374,0.0462601644920984,0.085129854598741,-1,1,1
2017-02-14,0,26.57999992370605,26.799999237060547,26.38666534423828,26.66666603088379,19.08691024780273,18999300,17.891475121414224,0.0032553054029932,0.0510300511761501,0.0856884024140595,0.0194433841238796,0.0462616914146314,0.0851257248908033,1,1,1
2017-02-15,0,26.8933334350586,27.786666870117188,26.793333053588867,27.786666870117188,19.88856315612793,38148750,19.49566470275964,0.0411420779772853,0.0728903701261944,0.1474608451837642,0.0194621188912221,0.0462792660379911,0.0851667543724672,1,1,1
2017-02-16,0,27.566665649414062,28.0,27.16666603088379,27.246665954589844,19.502052307128903,24779100,19.894744256986066,-0.0196251441944624,0.0277866486115578,0.1270027246796287,0.019462428952474,0.0462701186628886,0.0851898630963691,-1,1,1
2017-02-17,0,27.040000915527344,27.33333206176757,26.86666679382324,27.233333587646484,19.492507934570312,14037450,19.43210145049024,-0.0004895232919682,0.0227795124757545,0.0999324250800447,0.0194569223772992,0.046259557622326,0.0851937158510872,0,1,1
2017-02-20,0,27.37333297729492,27.566665649414062,27.246665954589844,27.36000061035156,19.58317375183105,6556950,18.990958864072088,0.0046405322211496,0.024169022385729,0.1124457477524591,0.0194516751754314,0.046249365462714,0.0852057704837469,1,1,1
2017-02-21,0,27.206666946411133,27.31999969482422,26.933332443237305,27.233333587646484,19.867900848388672,14057250,17.548183345497115,0.0144346912343792,0.0433579393493766,0.1323460926218667,0.019449044384997,0.0462465997134534,0.0852330186933397,1,1,1
2017-02-22,0,27.16666603088379,27.34666633605957,26.986665725708008,27.31333351135254,19.926246643066406,14962650,16.525459321301696,0.0029323827831338,0.043035016729517,0.1322691723352311,0.019443634925882,0.0462436631113143,0.0852601039470537,1,1,1
2017-02-23,0,27.47333335876465,27.67333221435547,26.71333312988281,26.89999961853028,19.62471008300781,24334200,16.156004293592638,-0.0152482987788138,-0.0133553600265819,0.0839670401723586,0.0194416873743475,0.0462320491165942,0.0852548088298681,-1,-1,1
2017-02-24,0,26.600000381469727,26.920000076293945,26.47333335876465,26.68666648864746,19.469072341918945,9488550,14.4442777132265,-0.0079623179800309,-0.0016925338121502,0.0783867526493117,0.0194372012460303,0.0462190402684817,0.0852467791835637,-1,0,1
2017-03-01,0,26.81999969482422,26.946666717529297,26.54666519165039,26.63333320617676,19.43744850158692,12835650,14.425691470845951,-0.0016256322390551,-0.0028286427592371,0.0633379192456418,0.0194317674979551,0.046206105754753,0.0852324560495424,0,0,1
2017-03-02,0,26.53333282470703,26.66666603088379,26.19333267211914,26.36000061035156,19.23796844482422,12810900,13.946263333738722,-0.0103156910232274,-0.017784866003614,0.0582639667487332,0.0194279381890197,0.046195489697688,0.0852163608650172,-1,-1,1
2017-03-03,0,26.53333282470703,26.84000015258789,26.38666534423828,26.84000015258789,19.588275909423828,9467100,11.580614430395071,0.0180453698994746,-0.0141741873385188,0.0978272940989401,0.0194269957446796,0.0461840731889856,0.0852186642655857,1,-1,1
2017-03-06,0,26.67333221435547,26.97333335876465,26.446666717529297,26.733333587646484,19.51042938232422,12453750,10.589155334585076,-0.0039820566632549,-0.0210886267849075,0.0938452374356851,0.0194217914078331,0.0461743493079699,0.085218611798425,-1,-1,1
2017-03-07,0,26.85333251953125,26.85333251953125,26.1200008392334,26.286666870117188,19.1844482421875,11561700,10.37531804931019,-0.0168491992822536,-0.0226895272883472,0.0664405275426666,0.019420617072171,0.0461651036048783,0.0852054401129233,-1,-1,1
2017-03-08,0,26.33333206176757,26.34000015258789,25.83333206176757,25.986665725708008,18.96549797058105,12920100,10.85659484705201,-0.011478531287748,-0.0262057405960645,0.0578908567764341,0.0194171775050444,0.0461570101535745,0.0851892156368703,-1,-1,1
2017-03-09,0,25.89999961853028,26.233333587646484,25.733333587646484,26.066665649414062,19.023889541625977,13407450,10.756624987647143,0.0030741015242746,-0.0215060068327347,0.0403838801947467,0.0194118175719871,0.0461474200257783,0.0851682760498595,1,-1,1
2017-03-10,0,26.200000762939453,26.57333374023437,25.90666580200196,26.07999992370605,19.033615112304688,14070900,10.63147033569626,0.0005110987164745,-0.0106792170930329,0.0482339107915072,0.0194063551985983,0.0461354123978694,0.0851492134448113,0,-1,1
2017-03-13,0,26.239999771118164,26.64666557312012,26.18000030517578,26.553333282470703,19.37904930114746,9796050,9.44421542399132,0.0179859172073659,-0.0107386697851415,0.0469380689716322,0.0194054003303483,0.0461234234312535,0.0851298269211127,1,-1,1
2017-03-14,0,26.433332443237305,26.799999237060547,26.293333053588867,26.293333053588867,19.18931007385254,13129200,9.721546425411868,-0.0098391925964104,-0.016595805718297,0.0116202990550477,0.0194014528024744,0.0461125788465629,0.085105636694837,-1,-1,1
2017-03-15,0,26.466665267944336,26.68666648864746,26.0,26.54666519165039,19.37418365478516,21454800,10.407278622486317,0.0095880834105832,0.0098414769745395,0.0166907696217957,0.0193972352530554,0.0460999455866742,0.0850816461413156,1,1,1
2017-03-16,0,26.566665649414062,26.65333366394043,26.0,26.206666946411133,19.126060485839844,20597250,11.015892838286147,-0.012889611989895,0.0084303962723928,0.0005501353207257,0.0193943300650005,0.0460872029987517,0.0850577029479071,-1,1,0
2017-03-17,0,26.466665267944336,26.47333335876465,25.453332901000977,25.453332901000977,18.576265335083008,29791350,12.534318868711438,-0.0291671198040612,-0.0238108250559431,-0.0238627587540672,0.0194014896899165,0.0460783603359257,0.0850371239253937,-1,-1,-1
2017-03-20,0,25.36666679382324,25.84666633605957,25.206666946411133,25.733333587646484,18.780601501464844,17801700,12.911270622019654,0.0109397934879763,-0.0133821302844413,-0.0161782706690843,0.0193976719171394,0.0460668777766204,0.0850150791216286,1,-1,-1
2017-03-21,0,25.65333366394043,25.799999237060547,24.806665420532227,25.18000030517578,18.37677764892578,23916000,13.80958960071464,-0.021736718880899,-0.0531047663727062,-0.0790570675272685,0.0193992766283721,0.0460725595537322,0.085016723574546,-1,-1,-1
2017-03-22,0,25.066665649414062,25.71999931335449,25.01333236694336,25.38666534423828,18.52760124206543,12880350,13.783204059116494,0.0081737960314363,-0.0350917777448595,-0.0512581273013698,0.0193947293677383,0.0460680635324327,0.0850046376892716,1,-1,-1
2017-03-23,0,25.040000915527344,25.446666717529297,25.00666618347168,25.246665954589844,18.42542266845703,13020000,13.720634305440123,-0.0055302014940581,-0.050210062649501,-0.0562988055034597,0.0193897957405844,0.0460718072053201,0.084994650055947,-1,-1,-1
2017-03-24,0,25.33333206176757,25.600000381469727,25.13999938964844,25.520000457763672,18.62491798400879,9783000,13.367352679365297,0.0107689829570975,-0.0265514677025082,-0.0501703547675115,0.0193859405502097,0.0460638719205409,0.0849821284301178,1,-1,-1
2017-03-27,0,25.306665420532227,25.733333587646484,25.1200008392334,25.706666946411133,18.76114845275879,9321750,13.305655454736192,0.0072877991556624,0.0099034512572154,-0.0573172468462284,0.0193812148292427,0.0460513258770425,0.0849725758043966,1,1,-1
2017-03-28,0,25.57333374023437,25.793333053588867,25.3266658782959,25.6200008392334,18.697898864746094,14488950,13.383946364581728,-0.0033770024947797,-0.0044133447255405,-0.063626632124142,0.0193759968680665,0.0460386735394506,0.0849659178373922,-1,0,-1
2017-03-29,0,25.54666519165039,26.126665115356445,25.53333282470703,26.0,18.97522354125977,11840850,12.59583727365584,0.0147229466691964,0.0320463208245548,-0.0336553866761316,0.0193735643904343,0.0460312401731158,0.0849478375751991,1,1,-1
2017-03-30,0,26.16666603088379,26.16666603088379,25.553333282470703,25.69333267211914,18.751407623291016,15291600,12.153452969912871,-0.011865281202102,0.0120072435910166,-0.0375583498982029,0.019370304353032,0.046018949754317,0.0849309137361445,-1,1,-1
2017-03-31,0,25.51333236694336,25.739999771118164,25.26666641235352,25.26666641235352,18.440031051635746,14409450,10.966248266965792,-0.0167449207855367,0.000792524299538,-0.0526776384446845,0.019369103249809,0.0460060822269037,0.0849193903767491,-1,0,-1
2017-04-03,0,25.3266658782959,25.71333312988281,25.200000762939453,25.68000030517578,18.749107360839844,16999800,10.901892912174237,0.0166222418060598,0.0066457831485002,-0.0257397056153973,0.0193675197875152,0.045993341084746,0.084899323835649,1,1,-1
2017-04-04,0,25.58666610717773,25.8933334350586,25.486665725708008,25.81333351135254,18.846454620361328,14508600,10.216629515911986,0.005178668542308,0.0045366525351457,-0.0386064069725639,0.0193624576726292,0.0459805209714134,0.0848827460983347,1,0,-1
2017-04-05,0,25.946666717529297,25.986665725708008,25.15999984741211,25.34000015258789,18.500865936279297,13862700,10.290205192220052,-0.0185072740482865,-0.0105936190183609,-0.0531316243575955,0.0193621743596634,0.0459686537176682,0.0848714151680297,-1,-1,-1
2017-04-06,0,25.26666641235352,25.479999542236328,24.946666717529297,25.13999938964844,18.35484504699707,15424800,10.468556651761803,-0.0079239634471962,-0.0332405291347537,-0.0442063885225381,0.0193577635955878,0.0459633971278793,0.0848566993894083,-1,-1,-1
2017-04-07,0,25.13999938964844,25.63999938964844,25.0,25.33333206176757,18.496002197265625,13549200,10.750804139088483,0.0076610363786598,-0.0137142115539919,-0.0250668208561302,0.0193531489938706,0.0459520829193622,0.0848365226602908,1,-1,-1
2017-04-10,0,25.33333206176757,25.5,25.0,25.286666870117188,18.4619369506836,19421550,11.50873285096661,-0.0018434608105602,0.0011872484209847,-0.0299843831909651,0.019347834501261,0.0459392714783238,0.0848175307895531,0,0,-1
2017-04-11,0,25.39999961853028,25.553333282470703,24.85333251953125,25.239999771118164,18.427858352661133,17353350,11.710404680946576,-0.0018475899601192,-0.0172825833451944,-0.0323430718675588,0.0193425246418533,0.0459287357030558,0.0847991686215988,0,-1,-1
2017-04-12,0,25.239999771118164,25.47333335876465,25.04666519165039,25.206666946411133,18.40352439880371,19110750,12.23456482894505,-0.0013213708299934,-0.0237826227174958,-0.0516503599049181,0.0193371901993514,0.0459199866984744,0.0847872572791814,0,-1,-1
2017-04-13,0,25.066665649414062,25.253332138061523,24.746665954589844,24.746665954589844,18.067672729492188,13348200,12.046527172959395,-0.018417885324758,-0.0236932339939674,-0.0602290526332658,0.0193368655357201,0.0459112133445905,0.0847789947632829,-1,-1,-1
2017-04-17,0,24.89999961853028,25.89999961853028,24.81999969482422,25.85333251953125,18.875656127929688,16033050,12.198893214520329,0.0437487519142026,0.0279794813674314,-0.0260683841296464,0.0193585361471139,0.0459025191534675,0.0847590943311993,1,1,-1
2017-04-18,0,25.72666549682617,25.966665267944336,25.486665725708008,25.76000022888184,18.807506561279297,17627100,12.25167436745494,-0.0036169809583104,0.0167014640304612,-0.0167957530980619,0.0193533917097012,0.0458910549248749,0.0847373853729547,-1,1,-1
2017-04-19,0,25.89999961853028,25.933332443237305,25.433332443237305,25.53333282470703,18.642024993896484,12463350,12.082100925774814,-0.0088376349487354,0.0097072898922859,0.0035337317572639,0.0193492333923693,0.0458786540167048,0.0847136926881867,-1,1,0
2017-04-20,0,25.66666603088379,25.83333206176757,25.066665649414062,25.15999984741211,18.36944961547852,14905050,12.15359537293292,-0.0147295026420886,-0.0031746227896835,-0.0221355643728009,0.0193471213919158,0.045866073357792,0.0846929976172602,-1,0,-1
2017-04-24,0,25.66666603088379,25.83333206176757,25.440000534057617,25.64666557312012,18.724761962890625,18879000,12.444040216947291,0.0191578793339011,0.0173046273742111,0.0187590338419992,0.0193468356132213,0.0458547468718848,0.0846696380887983,1,1,1
2017-04-25,0,25.53333282470703,25.86666679382324,25.36000061035156,25.81333351135254,18.846454620361328,11672550,12.317686854218568,0.0064779953432847,0.042200508042254,0.0170632331538477,0.0193420203958913,0.045851770376569,0.0846461892798646,1,1,1
2017-04-26,0,25.626665115356445,26.18666648864746,25.626665115356445,25.86000061035156,18.88053321838379,12968250,11.848452402243554,0.0018065904141004,0.000258346542152,0.0244000250620064,0.0193367012836795,0.0458390732044311,0.0846233661494531,0,0,1
2017-04-27,0,26.106666564941406,26.34000015258789,25.953332901000977,26.00666618347168,18.987606048583984,36238950,13.368273092810425,0.0056550502674901,0.0095303777679525,0.0192860923723989,0.0193317591338217,0.0458267024780997,0.0846001017661154,1,1,1
2017-04-28,0,26.0,26.246665954589844,25.793333053588867,26.17333221435547,19.10929107666016,16435800,13.21299771325842,0.0063882074961742,0.0247562202128621,0.0183865007129104,0.0193269396180182,0.0458171135469458,0.0845767936175818,1,1,1
2017-05-02,0,26.39999961853028,26.76666641235352,26.33333206176757,26.700000762939453,19.501258850097656,32660400,14.846059036561217,0.0203043593199414,0.0597900821748923,0.0420678625276317,0.0193272887597292,0.045824532800552,0.0845569413179932,1,1,1
2017-05-03,1,26.8266658782959,26.83333206176757,26.02666664123535,26.26000022888184,19.17989921569824,29018100,15.893905354401236,-0.0166162051157868,0.0240159977252042,0.0107287107426484,0.0193260681733613,0.0458147441326986,0.0845333519127867,-1,1,1
2017-05-04,0,26.233333587646484,26.36666679382324,25.31333351135254,25.39999961853028,18.55176544189453,20278350,16.07826743054723,-0.0332978581908469,-0.0157598558089274,-0.0107038662460964,0.0193368839689084,0.0458040051626154,0.0845109503567255,-1,-1,-1
2017-05-05,0,25.52666664123535,25.86666679382324,25.293333053588867,25.799999237060547,18.84392547607422,17243400,16.460346954241455,0.0156256494525874,-0.0019407967704405,0.0216667039920277,0.0193348858317801,0.0457914431988992,0.0844879730475681,1,0,1
2017-05-08,0,25.606666564941406,26.053333282470703,25.606666564941406,25.86000061035156,18.887754440307617,12199800,16.281376815603597,0.0023231928206443,-0.0052726542172862,0.0073676550066125,0.0193296146402664,0.045779121902823,0.0844644250649398,1,-1,0
2017-05-09,0,25.986665725708008,26.066665649414062,25.806665420532227,25.926666259765625,18.93643379211425,8084400,15.454360369963393,0.0025739814102081,-0.0090868803032521,0.0047629678745126,0.019324362801442,0.0457672382958707,0.0844409345805074,1,-1,0
2017-05-10,0,26.200000762939453,26.253332138061523,25.926666259765625,26.053333282470703,19.02894401550293,12045900,15.492467002293882,0.004873408975484,-0.0245178306477096,0.028143650898283,0.0193193365399873,0.0457588826051722,0.0844187256495411,1,-1,1
2017-05-11,0,26.15999984741211,26.600000381469727,26.020000457763672,26.5,19.355180740356445,12737850,15.499465222526686,0.0169989329063623,0.0090973073744394,0.0530665472518418,0.0193179688817475,0.0457465562355506,0.0844018437091695,1,1,1
2017-05-12,0,26.65999984741211,26.799999237060547,26.453332901000977,26.753332138061523,19.54020500183105,28229100,14.936242929905507,0.0095140157932653,0.0519091813585518,0.0549195266664473,0.0193138513440262,0.0457488848036143,0.0843855275419276,1,1,1
2017-05-15,0,26.76666641235352,26.959999084472656,26.57999992370605,26.86666679382324,19.62299156188965,14231700,14.792607262823216,0.0042277796826558,0.0405113115886201,0.0609907671596633,0.0193087573264365,0.0457451468623277,0.0843712024126866,1,1,1
2017-05-16,0,26.89999961853028,26.959999084472656,26.57333374023437,26.83333206176757,19.59864616394043,16245900,13.47822346895288,-0.0012414270534055,0.03694669171457,0.0615969300663769,0.0193034914701231,0.0457398341989077,0.0843570918465759,0,1,1
2017-05-17,0,26.553333282470703,26.753332138061523,26.09333229064941,26.286666870117188,19.199377059936523,20507250,12.806270299432445,-0.0205826568700386,0.0137900534343231,0.0423356440263316,0.0193044267072487,0.0457280577489243,0.0843374611177516,-1,1,1
2017-05-18,0,21.13333320617676,23.959999084472656,21.13333320617676,23.1200008392334,16.886486053466797,104917200,18.564758861718666,-0.1283641734741393,-0.1194475290153001,-0.0676106441230495,0.0195330342332529,0.0458043382189915,0.0843330601633206,-1,-1,-1
2017-05-19,0,23.83333206176757,24.280000686645508,23.426666259765625,23.71999931335449,17.32472038269043,43700100,20.348069447300936,0.0256207451801953,-0.1108257167414671,-0.0857386508570567,0.0195366868276755,0.0458682031646212,0.0843387754406869,1,-1,-1
2017-05-22,0,23.459999084472656,23.50666618347168,22.89999961853028,23.253332138061523,16.983877182006836,35917950,21.914492534469417,-0.019869912437518,-0.1402096449722504,-0.1019915823362643,0.0195370324672335,0.0459766186400482,0.084355359079971,-1,-1,-1
2017-05-23,0,23.440000534057617,23.86000061035156,23.35333251953125,23.6200008392334,17.251676559448242,28627800,23.320759741727137,0.0156448376256612,-0.1287925870292449,-0.0775091097618676,0.0195349886988141,0.0460659679946761,0.0843561295919851,1,-1,-1
2017-05-24,0,23.68000030517578,24.246665954589844,23.68000030517578,23.81333351135254,17.392887115478516,28675050,24.432943660341994,0.0081520055711475,-0.1193991544046916,-0.0546276015486311,0.019530507322063,0.0461408669189696,0.084345723174194,1,-1,-1
2017-05-25,0,23.986665725708008,24.07333374023437,23.21333312988281,23.36666679382324,17.066652297973633,32543850,25.707506201593617,-0.0189349347163758,-0.1177514322510288,-0.0927204155989081,0.0195303412707623,0.0462131131726845,0.0843557561511371,-1,-1,-1
2017-05-26,0,23.61333274841309,24.1200008392334,23.606666564941406,24.0,17.52923011779785,27228150,25.400848569996462,0.0267433785266027,0.0373561197497131,-0.0724550324155904,0.0195347955916532,0.04620795378525,0.0843536955927864,1,1,-1
2017-05-29,0,24.0,24.0,24.0,24.0,17.52923011779785,0,24.248441919051576,0.0,0.0117353745695176,-0.0742616228296909,0.0195294587351755,0.0461958790567206,0.0843525772570871,0,1,-1
2017-05-30,0,23.86000061035156,24.053333282470703,23.81999969482422,23.953332901000977,17.49515151977539,8022150,23.513719837544045,-0.0019459934584671,0.0296592935485686,-0.0818626665556482,0.0195241954364077,0.046187829586164,0.0843557188731429,0,1,-1
2017-05-31,0,23.913333892822266,24.14666557312012,23.68000030517578,23.700000762939453,17.31011390686035,19564950,23.286534743932474,-0.0106328369551819,0.0033816189677253,-0.0988837110070042,0.0195205355956235,0.0461752021948816,0.0843697779192733,-1,0,-1
2017-06-01,0,23.786666870117188,23.8799991607666,23.306665420532227,23.420000076293945,17.11283302307129,13509900,16.929674105610516,-0.0114622983414637,-0.016232684944886,-0.1306503686684094,0.0195171400037231,0.0461644978299238,0.0844092475633966,-1,-1,-1
2017-06-02,0,23.65333366394043,23.786666870117188,23.420000076293945,23.65333366394043,17.283323287963867,14079600,14.809676506148866,0.0099134135572434,0.0126156633287331,-0.1041207499953793,0.0195131129228322,0.0461525687288402,0.0844268972559372,1,1,-1
2017-06-05,0,23.520000457763672,23.926666259765625,23.466665267944336,23.626665115356445,17.263837814331055,12693150,13.19664710495349,-0.0011280507617621,-0.0152557659596315,-0.0719509425662945,0.019507823358558,0.0461416794381712,0.0844243662747245,0,-1,-1
2017-06-06,0,23.606666564941406,24.11333274841309,23.53333282470703,24.00666618347168,17.541494369506836,18809400,12.52017641403442,0.0159551670919553,0.0006994011323236,-0.0716214249269266,0.0195059347828398,0.0461290846835262,0.0844216442662768,1,0,-1
2017-06-07,0,24.233333587646484,24.51333236694336,24.18666648864746,24.39999961853028,17.828899383544922,15582750,11.608551697119957,0.0162515205008849,0.0188969150916758,-0.057693097246686,0.0195041750153183,0.0461182232904473,0.0844123331767848,1,1,-1
2017-06-08,0,24.31999969482422,24.3266658782959,23.940000534057617,24.14666557312012,17.643787384033203,13777800,10.319749304455192,-0.0104369697779562,0.0190927822689015,-0.0707040484348504,0.019500477904988,0.0461074091281447,0.0844091080747675,-1,1,-1
2017-06-09,0,24.26666641235352,24.3266658782959,23.733333587646484,23.76666641235352,17.366125106811523,16345200,9.521533301308027,-0.0158622561070793,0.0146928245032861,-0.0914397135174137,0.0194988164029696,0.0460958178798691,0.0844178402757968,-1,1,-1
2017-06-12,0,23.700000762939453,23.799999237060547,23.446666717529297,23.76666641235352,17.366125106811523,14480100,10.559200873893316,0.0,0.0047794109460427,-0.1084386464237761,0.0194935182804614,0.0460833077628186,0.0844384179298471,0,1,-1
2017-06-13,0,23.81333351135254,24.08666610717773,23.799999237060547,24.059999465942383,17.580459594726562,15329400,11.092137256564468,0.0122665592238829,0.0181740209316878,-0.1056861029931584,0.0194902204189848,0.0460723359306452,0.0844568697694534,1,1,-1
2017-06-14,0,24.18666648864746,24.540000915527344,24.1200008392334,24.273332595825195,17.73634910583496,31013550,11.964465186281208,0.0088281206195901,0.0110469744593227,-0.101085762056224,0.0194859421654572,0.0460602958235171,0.0844719394670148,1,1,-1
2017-06-15,0,24.273332595825195,24.273332595825195,24.273332595825195,24.273332595825195,17.73634910583496,0,11.010444469121037,0.0,-0.0052045460415623,-0.0998443350028184,0.0194806562531895,0.0460480567383781,0.0844860788423515,0,-1,-1
2017-06-16,0,24.18666648864746,24.200000762939453,23.8799991607666,24.100000381469727,17.609699249267578,25118100,11.831538669623043,-0.0071663116235193,-0.0019338878871254,-0.086427989756299,0.0194761496698966,0.0460356188642241,0.0844914155705688,-1,0,-1
2017-06-19,0,24.100000381469727,24.3933334350586,23.940000534057617,24.22666549682617,17.702247619628906,9085800,11.590989890754802,0.0052417717216824,0.0191701399416362,0.0471779554395226,0.0194712107324833,0.0460248819351013,0.0844734200940333,1,1,1
2017-06-20,0,24.13333320617676,24.233333587646484,23.626665115356445,23.69333267211914,17.312545776367188,16876200,11.435110671464988,-0.0222601876114487,-0.0030900476698123,-0.0007029773521213,0.0194730138668004,0.0460125235906616,0.0844504801388095,-1,0,0
2017-06-21,0,23.83333206176757,23.8933334350586,23.50666618347168,23.71999931335449,17.33203887939453,11230650,11.09189487271846,0.00112531902334,-0.0142312878703552,0.0202922541087366,0.019467751340403,0.0460015546329531,0.0844279017632056,0,-1,1
2017-06-22,0,23.806665420532227,23.940000534057617,23.65999984741211,23.739999771118164,17.34663963317871,13529250,11.05720921997047,0.0008420594597701,-0.0222173490301754,0.0054894759428455,0.0194624876164345,0.0459924815132624,0.0844048034082086,0,-1,0
2017-06-23,0,23.746665954589844,23.86666679382324,23.606666564941406,23.65999984741211,17.288188934326172,9905550,10.592547727851835,-0.0033752587647207,-0.0255926077948961,-0.0060377883930229,0.0194574105441968,0.0459844359663005,0.084382288334629,-1,-1,0
2017-06-26,0,23.86666679382324,24.3933334350586,23.733333587646484,24.3266658782959,17.77532196044922,15004350,10.65545205634487,0.0277875408459619,0.0093612446745851,0.040684687169315,0.019462649537906,0.0459723092513126,0.0843628325838746,1,1,1
2017-06-27,0,24.31333351135254,24.413333892822266,23.926666259765625,24.106666564941406,17.61456298828125,15287400,10.65455649014439,-0.0090850862124558,-0.004965613259553,0.0048562224302566,0.0194586143715475,0.0459601255985869,0.0843397986974876,-1,-1,0
2017-06-28,0,24.26666641235352,24.26666641235352,23.8266658782959,24.100000381469727,17.609699249267578,11468850,9.218098398121573,-0.0002761584621294,0.0170184158897663,0.0045800639681271,0.0194533648277711,0.0459490458339344,0.0843167882679125,0,1,0
2017-06-29,0,24.26666641235352,24.34000015258789,24.01333236694336,24.34000015258789,17.78506088256836,11482500,10.060803394629444,0.0099089846922123,0.0258020815586385,0.0164350421188066,0.0194493959393759,0.0459400009352436,0.0842940435559644,1,1,1
2017-06-30,0,24.426666259765625,24.64666557312012,24.34666633605957,24.5,17.901973724365234,12547500,9.162472067755832,0.006552142050775,0.0315121641496434,0.0336200211247635,0.0194446913589664,0.0459327636982485,0.0842732889497517,1,1,1
2017-07-03,0,24.6200008392334,24.733333587646484,24.520000457763672,24.71999931335449,18.07009696960449,7328100,9.04519805705826,0.0093475002218144,0.0442349231361787,0.0544298196880417,0.0194405823176458,0.045930920599308,0.0842574912862256,1,1,1
2017-07-04,0,24.66666603088379,24.780000686645508,24.600000381469727,24.6200008392334,17.996999740600586,3642750,8.110081945484072,-0.0040534079953373,0.0123939742948793,0.0404629981354611,0.019435608273534,0.0459191642561526,0.0842380778156548,-1,1,1
2017-07-05,0,24.68000030517578,24.8266658782959,24.420000076293945,24.68666648864746,18.04573631286621,10170600,8.064219423851288,0.0027043785963917,0.0241834391037268,0.0442954274936149,0.0194304539917904,0.0459096929023204,0.0842195448254431,1,1,1
2017-07-06,0,24.61333274841309,24.66666603088379,24.26000022888184,24.34000015258789,17.792329788208008,15867600,8.260784249819105,-0.0141419878674957,0.0103176096983603,0.0141982725341639,0.0194281160722792,0.0458977218208229,0.0841967691021049,-1,1,1
2017-07-07,0,24.57333374023437,24.57333374023437,23.966665267944336,24.106666564941406,17.621761322021484,23853450,9.288661883215166,-0.0096328766200491,-0.0092242516139009,-0.0116861245867703,0.0194242560073659,0.0458860667630587,0.0841750352856991,-1,-1,-1
2017-07-10,0,24.126665115356445,24.39999961853028,24.1200008392334,24.299999237060547,17.763084411621094,10501950,8.957879662057312,0.0079878172758988,-0.0077885763887772,0.0067386624670847,0.0194198520997058,0.0458742454581009,0.0841521473563241,1,-1,0
2017-07-11,0,24.33333206176757,24.746665954589844,24.21999931335449,24.66666603088379,18.031110763549805,12399600,8.769288254081914,0.0149762474160508,-0.0021598291945406,0.037577165990215,0.019417612328275,0.0458619808311058,0.0841322232755831,1,0,1
2017-07-12,0,24.799999237060547,25.07999992370605,24.31999969482422,24.933332443237305,18.226049423217773,33029550,10.42004081101048,0.0107532160314537,0.0126467948322504,0.0483303820216689,0.0194139055257624,0.0458503125288318,0.0841147817243351,1,1,1
2017-07-13,0,25.02666664123535,25.13333320617676,24.86000061035156,25.0,18.274768829345703,13487700,10.594458985776036,0.0026694982409941,0.0126119144768527,0.0387333210387799,0.0194087710897165,0.0458386486858953,0.0840951125960202,1,1,1
2017-07-14,0,25.13333320617676,25.15333366394043,24.739999771118164,25.053333282470703,18.31376075744629,13567050,10.692829783136506,0.0021313752316285,0.028885277575977,0.0320365756508182,0.0194036097239124,0.0458305957496056,0.0840742488950909,1,1,1
2017-07-17,0,24.959999084472656,25.020000457763672,24.700000762939453,24.81333351135254,18.138324737548828,11810400,11.03038471473651,-0.0096256426522172,0.028892511543809,0.022410932998601,0.0193997723708582,0.0458225477541292,0.0840521722391812,-1,1,1
2017-07-18,0,24.799999237060547,24.8933334350586,24.63333320617676,24.84000015258789,18.15782165527344,11610900,11.629844337772038,0.0010743244965368,0.021979018764447,0.0306515691186571,0.0193945814878578,0.0458125957492434,0.0840311269882362,0,1,1
2017-07-19,0,25.02666664123535,25.02666664123535,24.466665267944336,24.479999542236328,17.89466094970703,12380550,11.78669237981303,-0.0145990156857876,-0.0075962443373915,0.010810781711187,0.0193924557412414,0.0458008228276797,0.0840083998547767,-1,-1,1
2017-07-20,0,24.479999542236328,24.71333312988281,24.420000076293945,24.50666618347168,17.914154052734375,14316000,11.679970128093178,0.0010887321991251,-0.0172607281697203,0.034159701521761,0.0193872728478801,0.0457906831168847,0.0839879518961945,0,-1,1
2017-07-21,0,24.466665267944336,24.63333320617676,24.36666679382324,24.51333236694336,17.919031143188477,11562750,10.800417125109872,0.0002722108267825,-0.0196580155839317,0.0333065933252033,0.0193820856317321,0.0457811215163597,0.0839673743099456,0,-1,1
2017-07-24,0,24.59333229064941,24.753332138061523,24.47333335876465,24.66666603088379,18.031110763549805,8632350,10.672923538385376,0.0062353013114839,-0.0155540895040765,0.0386998351769171,0.0193773877128996,0.0457706282958259,0.0839478019571176,1,-1,1
2017-07-25,0,24.76666641235352,24.97333335876465,24.566665649414062,24.72666549682617,18.07496833801269,16521300,10.982591544994758,0.0024293746163701,-0.0034990722354891,0.044504468558008,0.0193722707534434,0.0457585318898004,0.0839295169225689,1,0,1
2017-07-26,0,24.733333587646484,24.84000015258789,24.540000915527344,24.61333274841309,17.99212074279785,12158550,9.40114427462519,-0.0045940907924118,-0.0091674875244377,0.0121228369196341,0.0193674271414162,0.0457469899588085,0.083906910551344,-1,-1,1
2017-07-27,0,24.81333351135254,24.920000076293945,24.50666618347168,24.63999938964844,18.011611938476562,12690300,9.327230739644,0.0010827320464464,0.0065142602077963,0.0222906551785364,0.0193622646049046,0.0457348692827197,0.0838849557494208,0,1,1
2017-07-28,0,24.50666618347168,24.81999969482422,24.420000076293945,24.733333587646484,18.0798454284668,10858500,9.11205878970404,0.0037811480202342,0.0092066760289052,0.0263479616609,0.0193572642296238,0.0457229466240058,0.0838634561847255,1,1,1
2017-07-31,0,24.86666679382324,24.959999084472656,24.6200008392334,24.8799991607666,18.18706321716309,13963650,9.276033889510256,0.0059127234751426,0.0148471886772655,0.0223517004438303,0.0193525342051398,0.0457117023574871,0.0838415412352087,1,1,1
2017-08-01,0,25.34666633605957,25.83333206176757,25.26666641235352,25.66666603088379,18.769643783569336,25130700,10.352500666856455,0.0315303433596994,0.040142230725481,0.0473299017527547,0.0193607901557593,0.0457080366242074,0.0838240249334706,1,1,1
2017-08-02,0,25.57999992370605,26.02666664123535,25.433332443237305,25.933332443237305,18.964662551879883,20374200,11.032732766248856,0.0103365093263689,0.0480493654354799,0.0483189108573093,0.0193570099661487,0.0457082619362638,0.0838067741732624,1,1,1
2017-08-03,0,25.90666580200196,26.04666519165039,25.76666641235352,25.87333297729492,18.920785903930664,13251150,11.009059520582031,-0.0023162807544688,0.0503271754734227,0.0500560380981776,0.0193519521751443,0.045709730318692,0.0837899968090391,-1,1,1
2017-08-04,0,26.0,26.020000457763672,25.71333312988281,25.806665420532227,18.87203025817871,6558000,10.664782036848068,-0.0025801555825231,0.0466642878444533,0.0447715039192628,0.0193469185127483,0.0457091936756112,0.0837718775034305,-1,1,1
2017-08-07,0,25.8266658782959,26.22666549682617,25.71999931335449,26.21333312988281,19.16941261291504,13727100,11.108339758731052,0.015634970193038,0.058518110017257,0.0745484619797965,0.019344991254159,0.0457156405499396,0.0837637122742518,1,1,1
2017-08-08,0,26.200000762939453,26.71999931335449,26.08666610717773,26.53333282470703,19.403432846069336,28077450,12.124193372124594,0.0121340856093701,0.0647394721514846,0.0963154242092158,0.0193417596683733,0.0457263812763016,0.0837663977947442,1,1,1
2017-08-09,0,26.33333206176757,26.40666580200196,26.13999938964844,26.36666679382324,19.28156089782715,10362000,12.045944001051415,-0.0063007559074171,0.026908372884368,0.0820268510259,0.01933722677254,0.045717798560464,0.0837615916109234,-1,1,1
2017-08-10,0,26.36666679382324,26.36666679382324,25.933332443237305,26.03333282470703,19.03778648376465,10151100,11.900202458938733,-0.0127234788360738,0.0038483847219252,0.0543271247737753,0.0193344343919822,0.0457056436174092,0.0837460456929038,-1,0,1
2017-08-11,1,25.97333335876465,26.286666870117188,25.81999969482422,26.16666603088379,19.135284423828125,11209200,11.975186363297428,0.0051082163291316,0.0112728818055257,0.0486821250714529,0.0193296152624949,0.0456939736671756,0.0837289248609506,1,1,1
2017-08-14,0,26.200000762939453,26.780000686645508,26.200000762939453,26.63999938964844,19.481430053710938,14638350,12.104008858040013,0.0179277240720822,0.031780761460131,0.0639403509025412,0.0193287321766528,0.0456869569361962,0.0837165533724301,1,1,1
2017-08-15,0,26.63999938964844,26.780000686645508,26.40666580200196,26.486665725708008,19.56464958190918,13481400,11.245959574772616,0.0042626381436308,0.0204084294107239,0.0660716138145434,0.0193238175822255,0.0456767645473962,0.0837049625766695,1,1,1
2017-08-16,0,26.700000762939453,26.706666946411133,26.239999771118164,26.540000915527344,19.60405158996582,17661300,11.080251846532402,0.0020119136028883,0.0102862574042421,0.0777091700696489,0.0193187346074411,0.0456650182466098,0.0836981389946675,1,1,1
2017-08-17,0,26.466665267944336,26.520000457763672,26.17333221435547,26.3266658782959,19.44646644592285,15032700,11.251959253988533,-0.0080708788195786,0.0085161344920806,0.0685639667535335,0.0193145892909247,0.045653130646846,0.0836874895977849,-1,1,1
2017-08-18,0,26.3266658782959,26.72666549682617,26.293333053588867,26.57999992370605,19.633588790893555,9651900,11.523231032014047,0.0095764334971968,0.0308160468253512,0.092739415936518,0.0193106438842026,0.0456458053745597,0.0836880769970206,1,1,1
2017-08-21,0,26.57999992370605,26.71999931335449,26.26000022888184,26.38666534423828,19.49079704284668,13419750,11.516716001558686,-0.0072994056783009,0.0184084248179187,0.084351278059092,0.0193063358216484,0.0456352384673115,0.0836843210885086,-1,1,1
2017-08-22,0,26.58666610717773,27.126665115356445,26.54666519165039,26.946666717529297,19.90442657470703,15228450,10.51939701771283,0.0209997402869737,0.0214804410328102,0.1050788075192833,0.0193070705199663,0.0456253145823159,0.083692025033531,1,1,1
2017-08-23,0,27.126665115356445,27.293333053588867,26.920000076293945,27.239999771118164,20.12112045288086,10544850,10.570477795068538,0.0108278842597751,0.0280456871489545,0.1096713904675745,0.0193034680449413,0.0456171218189649,0.0837025983713073,1,1,1
2017-08-24,0,27.280000686645508,27.566665649414062,27.21999931335449,27.466665267944336,20.288537979125977,14814900,11.013328240212358,0.0082860628192032,0.0343198363652693,0.1155280786704076,0.0192992277089171,0.0456110465650748,0.0837170260055342,1,1,1
2017-08-25,0,27.53333282470703,27.57999992370605,27.206666946411133,27.38666534423828,20.229448318481445,9853350,10.950756213306876,-0.0029167146709245,0.0394740005139234,0.1172054547918948,0.0192942795633169,0.0456070474651295,0.0837325529287499,-1,1,1
2017-08-28,0,27.420000076293945,27.446666717529297,27.059999465942383,27.14666557312012,20.05217170715332,13221750,10.868014612563815,-0.008801917884018,0.0210956491327087,0.1073208048614304,0.019290336668681,0.045597054515517,0.0837414721210848,-1,1,1
2017-08-29,0,26.933332443237305,27.3933334350586,26.81999969482422,27.3933334350586,20.23437118530273,10519200,10.65793576316086,0.0090452397901526,0.037440294601162,0.1125848966313488,0.0192862799668257,0.0455921980224629,0.0837537533225033,1,1,1
2017-08-30,0,27.466665267944336,27.466665267944336,27.09333229064941,27.246665954589844,20.126035690307617,10233900,10.079128872185107,-0.0053684173954821,0.0110721369187062,0.1013037557607241,0.0192816448863519,0.0455806025918047,0.0837589087395035,-1,1,1
2017-08-31,0,27.293333053588867,27.3266658782959,26.81999969482422,26.89999961853028,19.869966506958008,12126150,9.867080715112737,-0.0128049138991374,-0.0125606612402063,0.0569684985018873,0.0192789322271633,0.0455698269227149,0.0837440921373215,-1,-1,1
2017-09-01,0,27.100000381469727,27.63333320617676,27.07999992370605,27.453332901000977,20.28623580932617,15273450,10.363663319417242,0.0207332461721742,-0.0001134778872351,0.0673652353476925,0.0192795251945088,0.0455578265385274,0.0837328317132701,1,0,1
2017-09-04,0,27.26666641235352,27.479999542236328,27.26666641235352,27.31333351135254,20.18278884887696,5926200,9.777885993869091,-0.0051124130930712,-0.0023091763093818,0.0645691030090901,0.0192748603281296,0.0455459225787852,0.0837205484476466,-1,0,1
2017-09-05,0,27.68000030517578,27.799999237060547,27.0,27.3266658782959,20.19263458251953,22989600,10.44269706381682,0.0004877092548373,0.0069804508294735,0.0676369678464505,0.0192697902139985,0.0455340418949313,0.0837093883101445,0,1,1
2017-09-06,0,27.53333282470703,28.26666641235352,27.520000457763672,28.059999465942383,20.73451805114746,21539250,11.41008401917438,0.0264819368874497,0.0244171479267703,0.0784839345408622,0.0192740266330383,0.0455248929256409,0.0837026707120843,1,1,1
2017-09-07,0,28.059999465942383,28.059999465942383,28.059999465942383,28.059999465942383,20.73451805114746,0,10.169765479851009,0.0,0.0297855653222525,0.0663498489314921,0.0192689637741148,0.0455172940954471,0.083691026575055,0,1,1
2017-09-08,0,27.99333381652832,28.21999931335449,27.87333297729492,28.02666664123535,20.709884643554688,11838750,10.35897175153939,-0.0011887448674337,0.0414017343539563,0.0714618599714754,0.0192639363172008,0.0455141786036645,0.083681337677963,0,1,1
2017-09-11,0,28.17333221435547,28.753332138061523,28.15333366394043,28.5,21.05966186523437,14391450,10.515590733051308,0.0167483454873843,0.0374168336691664,0.1009336842949336,0.0192625309990852,0.0455093455263769,0.0836861387465063,1,1,1
2017-09-12,0,28.36000061035156,28.69333267211914,28.293333053588867,28.420000076293945,21.00054359436035,11181000,10.606199500182218,-0.0028111279609585,0.0397181188012789,0.0930143400048435,0.0192576161295784,0.0455054745219986,0.0836864754167741,-1,1,1
2017-09-13,0,28.479999542236328,28.793333053588867,28.21333312988281,28.6200008392334,21.148324966430664,13496250,10.934073006611143,0.0070123817171467,0.0462427912635884,0.082098997649908,0.0192531647381034,0.0455046644836602,0.0836813383128391,1,1,1
2017-09-14,0,28.453332901000977,28.8266658782959,28.38666534423828,28.553333282470703,21.099056243896484,10078050,10.81725602116718,-0.0023323928469924,0.0174284615291464,0.0755039666592848,0.019248219177633,0.0454940251174963,0.0836732641789392,-1,1,1
2017-09-15,0,28.65999984741211,29.206666946411133,28.466665267944336,29.08666610717773,21.49315643310547,30489300,12.24284624901087,0.0185062673224477,0.0359347288515942,0.0919983203788442,0.0192476444805493,0.045488595078172,0.0836730056506931,1,1,1
2017-09-18,0,29.04666519165039,29.3933334350586,29.01333236694336,29.293333053588867,21.645875930786133,14580150,13.051614401706292,0.0070803690911882,0.0442038428102162,0.107149568289611,0.0192432132239641,0.0454867617627616,0.0836814171614941,1,1,1
2017-09-19,0,29.280000686645508,29.293333053588867,28.81999969482422,29.18666648864746,21.56706428527832,13809150,12.36497100090174,-0.0036475987283434,0.0238078985944883,0.0939255360640706,0.0192384000270796,0.0454774788600552,0.0836821280692024,-1,1,1
2017-09-20,0,29.18666648864746,29.34666633605957,28.559999465942383,28.8799991607666,21.340444564819336,12750300,11.64485686934042,-0.0105632712672033,0.0160557552882435,0.0906616704751683,0.0192350000344052,0.0454666321744792,0.083681095628429,-1,1,1
2017-09-21,0,29.01333236694336,29.31333351135254,28.706666946411133,28.920000076293945,21.37000846862793,12580350,12.754239026871378,0.0013843874944204,0.0104277610655172,0.0710463176826149,0.0192299854008136,0.0454550888378717,0.0836711410101993,0,1,1
2017-09-22,0,28.966665267944336,29.206666946411133,28.706666946411133,29.020000457763672,21.44389533996582,8894550,12.5295693126499,0.003451539715704,0.0162116936282135,0.0636699731385437,0.0192250885969042,0.0454442828175337,0.0836584666100138,1,1,1
2017-09-25,0,28.799999237060547,29.059999465942383,28.600000381469727,28.733333587646484,21.232065200805664,8883450,12.057227078899643,-0.0099274568729441,-0.0122220305671784,0.0454564534463964,0.0192215138378763,0.0454336151031753,0.0836405625222293,-1,-1,1
2017-09-26,0,28.933332443237305,29.15999984741211,28.706666946411133,28.786666870117188,21.27148628234864,15486000,12.447608729144935,0.001854955243546,-0.0174474444148204,0.050228123360867,0.0192165264406396,0.0454239908900369,0.0836238363433603,0,-1,1
2017-09-27,0,28.966665267944336,29.053333282470703,28.50666618347168,28.806665420532227,21.286256790161133,19137750,12.950829281010622,0.0006941396483551,-0.0131057060381219,0.0597241808932402,0.0192115149382304,0.0454134901428243,0.0836098667771248,0,-1,1
2017-09-28,0,28.786666870117188,28.87333297729492,28.553333282470703,28.65333366394043,21.17295455932617,12241050,13.14288507603759,-0.00533700444129,-0.0078794392122086,0.0453419366617975,0.0192069504416067,0.0454022230731812,0.0835919645445072,-1,-1,1
2017-09-29,0,28.959999084472656,29.07999992370605,28.753332138061523,28.89999961853028,21.3552188873291,14988000,11.759514131598916,0.0085715152641958,-0.0006923114424331,0.0592818693214755,0.0192028546203318,0.0453904146425341,0.0835778661817642,1,0,1
2017-10-02,0,28.76666641235352,29.09333229064941,28.700000762939453,28.940000534057617,21.392183303833008,7021050,11.076969340699645,0.0017294349514768,-0.0024144162066602,0.0738162181720897,0.0191978776347118,0.0453786929490154,0.0835690261098312,0,0,1
2017-10-03,0,29.020000457763672,29.933332443237305,28.84666633605957,29.933332443237305,22.126449584960938,18921150,11.575597349118436,0.0337481175862818,0.0412611582525656,0.0868310895861973,0.0192079584198315,0.0453755495481265,0.0835660089059933,1,1,1
2017-10-04,0,30.0,30.053333282470703,29.626665115356445,29.66666603088379,21.929330825805664,11171100,11.46367659230071,-0.008948658847038,0.0304575441619815,0.0829948438322306,0.0192041456837624,0.0453682435005622,0.0835611479644355,-1,1,1
2017-10-05,0,29.959999084472656,30.52666664123535,29.8799991607666,30.13999938964844,22.279211044311523,21311400,12.31357010979306,0.015828955629474,0.0455923601431005,0.0983360902068672,0.0192023733583723,0.0453671339587024,0.0835641270924491,1,1,1
2017-10-06,0,29.86666679382324,29.99333381652832,29.61333274841309,29.786666870117188,22.018028259277344,8886000,12.333865975853772,-0.0117924193846687,0.039136945199722,0.060061733934749,0.0191993966093995,0.0453630535789836,0.0835502638033267,-1,1,1
2017-10-09,0,29.733333587646484,29.786666870117188,29.34000015258789,29.433332443237305,21.75686264038086,9048600,12.367931033768851,-0.0119323526466568,0.018633077288869,0.048129381288092,0.019196466821987,0.0453527445712374,0.0835330482705584,-1,1,1
2017-10-10,0,29.76666641235352,30.16666603088379,29.66666603088379,30.07333374023437,22.22993850708008,12847350,12.187129968443994,0.0215107302958257,0.0384143726332181,0.0708288564513515,0.0191975093408895,0.0453483618355754,0.0835229891982063,1,1,1
2017-10-11,0,30.1200008392334,30.233333587646484,29.85333251953125,30.0,22.17572593688965,18704400,12.217718144518823,-0.0024416973736731,0.002224557673263,0.0516388135902941,0.0191926371633048,0.045336563443845,0.0835066799951562,-1,0,1
2017-10-12,0,30.0,30.0,30.0,30.0,22.17572593688965,0,11.14821049311032,0.0,0.011173216520301,0.0544499415512526,0.0191876613964499,0.045325209029243,0.0834911487856632,0,1,1
2017-10-13,0,30.253332138061523,30.459999084472656,29.69333267211914,29.753332138061523,21.99339866638184,13217550,11.027001557185264,-0.0082559166732707,-0.0129116557824438,0.039181643160835,0.0191837003933581,0.0453147841480246,0.0834720428543698,-1,-1,1
2017-10-16,0,29.986665725708008,29.986665725708008,29.453332901000977,29.600000381469727,21.88005828857422,11060100,11.405816104399976,-0.0051667061502627,-0.0062859425480378,0.0363473298575646,0.019179148384124,0.0453034507247814,0.0834524462328691,-1,-1,1
2017-10-17,0,29.61333274841309,29.66666603088379,29.37333297729492,29.553333282470703,21.845558166503903,12496800,10.804754486071792,-0.0015780282601634,0.0040683818384555,0.0162630342749534,0.0191742343265567,0.0452917031082362,0.0834307420360687,0,0,1
2017-10-18,0,29.600000381469727,29.81333351135254,29.40666580200196,29.606666564941406,21.88498306274414,12707100,10.941424439593742,0.0018030834201105,-0.0156392650372596,0.0109857486038758,0.0191692980864245,0.0452818248029145,0.0834089173004976,0,-1,1
2017-10-19,0,29.47333335876465,29.553333282470703,29.09333229064941,29.3933334350586,21.72728538513184,7567050,9.660595615558504,-0.0072318350095378,-0.0204294026731242,0.0074015123226814,0.0191651242665494,0.045273075976835,0.0833871159174492,-1,-1,0
2017-10-20,0,29.606666564941406,29.65333366394043,29.33333206176757,29.33333206176757,21.68292617797852,5990550,9.389237657352536,-0.0020437229396499,-0.0224731256127741,0.0159210606502347,0.0191602489639144,0.045264890193834,0.083365448621423,-1,-1,1
2017-10-23,0,29.413333892822266,29.52666664123535,28.940000534057617,29.059999465942383,21.480897903442383,9737850,9.440029377794785,-0.009361068169381,-0.0235782771088844,0.0051756049864333,0.0191565799522571,0.0452570295354791,0.0833437258329324,-1,-1,0
2017-10-24,0,29.413333892822266,29.52666664123535,28.81333351135254,29.273332595825195,21.63858413696289,11835450,9.318324245746886,0.0073139531829208,-0.0110976177757007,0.0090380184536503,0.0191522784723624,0.0452463526595561,0.0833219628149297,1,-1,1
2017-10-25,0,29.39999961853028,29.606666564941406,28.920000076293945,29.47333335876465,21.78641891479492,11770200,8.664877139732953,0.0068087663128897,-0.0027108232026476,0.0257742416394842,0.019147888994438,0.0452347908033903,0.0833010484981119,1,0,1
2017-10-26,0,29.65333366394043,29.76000022888184,29.15333366394043,29.293333053588867,21.653364181518555,10800300,9.62991634661383,-0.0061259582756459,-0.010639864898404,0.0177933281202921,0.0191435209263179,0.0452240603233747,0.0832795351036131,-1,-1,1
2017-10-27,0,29.293333053588867,29.63333320617676,29.100000381469727,29.11333274841309,21.52032470703125,12710400,9.559076775366336,-0.0061630080269483,-0.0095710379158146,0.0109361804449887,0.0191391622994686,0.0452131847274255,0.0832578288814777,-1,-1,1
2017-10-30,1,29.11333274841309,29.200000762939453,28.459999084472656,28.739999771118164,21.244354248046875,16130250,9.97453921219024,-0.0129066461707057,-0.0204339611468705,0.0033665387155729,0.0191366081168978,0.045204475151407,0.0832362501332831,-1,-1,0
2017-10-31,0,29.03333282470703,29.03333282470703,27.8799991607666,28.03333282470703,20.721996307373047,25162350,10.999626369321916,-0.0248954179945814,-0.0359683109720708,-0.0301003945432043,0.0191402738534503,0.0452011947300651,0.0832194714667507,-1,-1,-1
2017-11-01,0,28.299999237060547,28.35333251953125,27.553333282470703,27.553333282470703,20.374435424804688,19091700,11.457207467417168,-0.016914810100179,-0.0601970742551707,-0.0487446395948602,0.0191393615953641,0.0452118574043739,0.0832084007968267,-1,-1,-1
2017-11-02,0,27.553333282470703,27.553333282470703,27.553333282470703,27.553333282470703,20.374435424804688,0,10.778760616429093,0.0,-0.0670058405680605,-0.0824927571811421,0.019134437483782,0.0452276020652548,0.0832131585902435,0,-1,-1
2017-11-03,0,27.706666946411133,28.040000915527344,27.626665115356445,27.940000534057617,20.66037368774414,20633100,12.001839559988,0.0139366014966528,-0.0469432807957617,-0.0596074968374512,0.019131992775707,0.0452297494446937,0.0832063864034442,1,-1,-1
2017-11-06,0,27.940000534057617,27.940000534057617,27.940000534057617,27.940000534057617,20.66037368774414,0,11.13866373202236,0.0,-0.0407802727688133,-0.0754364524669253,0.0191270756894858,0.0452286425540783,0.0832072020588239,0,-1,-1
2017-11-07,0,27.933332443237305,27.986665725708008,27.299999237060547,27.39999961853028,20.26107215881348,18572250,11.634635380996905,-0.0195161336263854,-0.047389760224493,-0.083160166708642,0.0191274683433699,0.0452310116258305,0.0832122636155077,-1,-1,-1
2017-11-08,0,27.5,28.440000534057617,27.5,28.39999961853028,21.0005111694336,19143450,12.235422286144304,0.0358453614275292,0.0133510191976175,-0.0353824526344559,0.0191394545425588,0.0452200707566341,0.0831968727355124,1,1,-1
2017-11-09,0,28.466665267944336,28.520000457763672,27.57999992370605,27.63333320617676,20.43359565734864,19030650,12.87503993493132,-0.0273663865939633,0.002899442703833,-0.0842595695242451,0.0191448554367226,0.0452084352407838,0.0832025310112103,-1,0,-1
2017-11-10,0,27.63333320617676,27.87333297729492,27.33333206176757,27.67333221435547,20.46316719055176,15348150,13.0423282555499,0.0014461554557189,0.004345598159552,-0.0803717166948531,0.0191399591767364,0.0451968318070785,0.0832059384835749,0,0,-1
2017-11-13,0,27.81333351135254,27.81333351135254,27.81333351135254,27.81333351135254,20.56671142578125,14585700,12.86613887887853,0.005047270844397,-0.0045437324927036,-0.0753244458504559,0.0191353451416292,0.0451854716602996,0.0832065825409947,1,-1,-1
2017-11-14,0,27.81333351135254,27.933332443237305,27.26000022888184,27.280000686645508,20.172334671020508,19664700,12.351433260920498,-0.0193617235885291,-0.0239054560812328,-0.0864302527657144,0.0191356487970178,0.0451777389913439,0.0832134214880995,-1,-1,-1
2017-11-15,0,27.280000686645508,27.280000686645508,27.280000686645508,27.280000686645508,20.172334671020508,0,10.746289469496338,0.0,-0.0043893224548473,-0.0812635466154516,0.0191307482788768,0.0451663825288773,0.0832172383364815,0,0,-1
2017-11-16,0,27.306665420532227,28.13333320617676,27.306665420532227,27.966665267944336,20.680078506469727,13183050,11.871287704190149,0.0248587509375772,-0.0153759329447992,-0.0548267674177108,0.0191338834169676,0.0451565428194164,0.0832083628072202,1,-1,-1
2017-11-17,0,27.966665267944336,28.47333335876465,27.81999969482422,28.35333251953125,20.96601295471192,11203500,11.081493465440698,0.0137318500376527,0.0257223036868171,-0.0428980008001685,0.0191313756028601,0.045148101975962,0.0831951954314106,1,1,-1
2017-11-20,0,28.35333251953125,28.35333251953125,28.35333251953125,28.35333251953125,20.96601295471192,0,11.081493465440698,0.0,0.0242761482310982,-0.0356661657906307,0.0191264838846818,0.0451392906345589,0.0831798644438343,0,1,-1
2017-11-21,0,28.65333366394043,29.200000762939453,28.606666564941406,28.920000076293945,21.38502311706543,12720300,10.651222294424132,0.0197881267510669,0.039017004137768,-0.0138343160999137,0.0191266309674899,0.0451354085798769,0.0831599752662393,1,1,-1
2017-11-22,0,28.99333381652832,29.020000457763672,28.446666717529297,28.63999938964844,21.177982330322266,16284900,10.415429288242803,-0.0097287500059722,0.0486499777203248,-0.0142019979365049,0.0191231085137196,0.0451360686671999,0.0831401525556974,-1,1,-1
2017-11-23,0,28.61333274841309,28.61333274841309,28.246665954589844,28.553333282470703,21.11389923095703,4253100,9.181331800720232,-0.0030305177279713,0.0456194599923535,-0.0245464688473972,0.0191183794718479,0.0451351734692758,0.083122158901315,-1,1,-1
2017-11-24,0,28.49333381652832,28.59333229064941,28.066665649414062,28.286666870117188,20.916711807250977,6183900,8.419061127765758,-0.0093831074817132,0.0113776015730629,-0.0407383426420003,0.0191147698360115,0.0451240918701728,0.0831083478569442,-1,1,-1
2017-11-27,0,28.066665649414062,28.47333335876465,27.966665267944336,28.459999084472656,21.04487991333008,9307200,7.989445294590911,0.006108848563901,0.003754600099311,-0.0285035358024534,0.0191103325446743,0.0451125619819306,0.0830912417380245,1,0,-1
2017-11-28,0,28.65999984741211,28.88666534423828,28.38666534423828,28.50666618347168,21.07939910888672,10623600,7.276614848698266,0.0016389219749098,0.0053935220742206,-0.0207016058005952,0.0191054807314147,0.0451010834612109,0.083072527726359,0,1,-1
2017-11-29,0,28.700000762939453,28.739999771118164,27.920000076293945,27.920000076293945,20.64557838439941,16409400,8.674603076591824,-0.02079504333701,-0.0351896480138563,-0.0285900029668996,0.0191065855036015,0.0450975117486759,0.0830554623801232,-1,-1,-1
2017-11-30,0,27.76000022888184,27.959999084472656,27.413333892822266,27.51333236694336,20.344860076904297,27095250,9.824344129001595,-0.0146728707464434,-0.0401337687543274,-0.0183674557187616,0.0191047306427969,0.0450961698822564,0.083036361886209,-1,-1,-1
2017-12-01,0,27.38666534423828,27.733333587646484,27.13333320617676,27.486665725708008,20.332538604736328,10325700,9.721408000843828,-0.0006058141840015,-0.0377090652103576,-0.0020584598025841,0.0190998785742553,0.045093689650104,0.0830153549831942,0,-1,0
2017-12-04,0,27.700000762939453,28.286666870117188,27.57999992370605,27.8933334350586,20.63336563110352,15442950,11.036281880392997,0.0146869666128618,-0.0136389911157824,0.0126285068102776,0.0190977539560438,0.0450836078149061,0.0829940465707399,1,-1,1
2017-12-05,0,27.8933334350586,28.440000534057617,27.600000381469727,27.72666549682617,20.510072708129883,11733450,10.906833018967845,-0.0059933392544807,-0.0257411789341641,-0.0073014339408558,0.0190934339087253,0.0450765302660984,0.0829735090226751,-1,-1,0
2017-12-06,0,27.566665649414062,28.14666557312012,27.31999969482422,28.020000457763672,20.727054595947266,11499150,10.46720279443094,0.0105237151341804,-0.0168563857748934,0.0032222811933245,0.0190899552959336,0.0450670942264966,0.0829522824946485,1,-1,0
2017-12-07,0,27.51333236694336,28.01333236694336,27.18000030517578,27.926666259765625,20.65802001953125,21627600,11.940303205424025,-0.0033362095435944,0.0006024480185221,0.0194022052761155,0.0190852866653846,0.0450556278999199,0.0829313273813988,-1,0,1
2017-12-08,0,28.13333320617676,28.433332443237305,28.13333320617676,28.16666603088379,20.835542678833008,14982900,12.69475450980284,0.0085566883581148,0.0238320071230802,-0.0078864677932988,0.0190813330373349,0.0450468015862295,0.0829108968547175,1,1,0
2017-12-11,0,28.36666679382324,28.520000457763672,28.100000381469727,28.239999771118164,20.88979721069336,9723750,12.724705848462673,0.0026005570035129,0.0270383783105946,0.0220804758041774,0.0190765558854012,0.0450388211484188,0.0828901727433267,1,1,1
2017-12-12,0,28.13999938964844,28.58666610717773,27.780000686645508,28.466665267944336,21.05746078491211,16278900,13.215155709514372,0.0079940608806367,0.0203454725783696,0.0286283812290952,0.0190724894299195,0.0450292209930426,0.0828701358672125,1,1,1
2017-12-13,0,28.65999984741211,28.733333587646484,27.739999771118164,27.83333206176757,20.588972091674805,42014850,15.386781355608685,-0.0224993318228146,0.0038394800100357,0.0010817785618835,0.0190746030025459,0.0450177881020421,0.082849078449567,-1,0,0
2017-12-14,0,27.72666549682617,27.72666549682617,27.253332138061523,27.3933334350586,20.26349258422852,41523750,16.584161282042988,-0.0159347249681295,-0.0226189600922742,0.004508777182283,0.019073294326758,0.0450098314880242,0.0828279103958666,-1,-1,0
2017-12-15,0,27.3266658782959,27.67333221435547,27.18000030517578,27.3933334350586,20.33499526977539,37859700,18.894718979939096,0.003522434615548,-0.0157603159331317,0.0080312117978311,0.0190685961669146,0.045000222255663,0.0828067040772335,1,-1,0
2017-12-18,0,27.71999931335449,27.83333206176757,27.38666534423828,27.38666534423828,20.330059051513672,34887600,20.5066481107511,-0.0002427744592181,-0.0245597787504646,-0.0170703135989642,0.019063772759631,0.0449928379300094,0.0827875755124113,0,-1,-1
2017-12-19,0,27.33333206176757,27.413333892822266,27.11333274841309,27.233333587646484,20.21624183654785,17776650,20.996561313282903,-0.0056141996396929,-0.0327745353936704,-0.0364163632763099,0.0190594206240367,0.0449883130469952,0.0827727023282903,-1,-1,-1
2017-12-20,0,27.34666633605957,27.520000457763672,27.21333312988281,27.33333206176757,20.29045867919922,11527800,20.9782430377988,0.0036644271073771,-0.0371041691669299,-0.0327519361689327,0.0190547455687105,0.0449855956646539,0.0827568550814717,1,-1,-1
2017-12-21,0,27.36666679382324,28.553333282470703,27.36666679382324,28.486665725708008,21.146629333496094,31109250,21.849237062642644,0.0413297634642575,0.0267249261201423,-0.0112102994557422,0.0190721873564272,0.0449775946011215,0.0827369339232937,1,1,-1
2017-12-22,0,28.246665954589844,28.40666580200196,28.14666557312012,28.35333251953125,21.04764175415039,7446450,21.20778368094513,-0.0046920000461608,0.0379676510421108,-0.0061735494959307,0.0190677076129204,0.0449734172487898,0.0827164863378622,-1,1,0
2017-12-25,0,28.35333251953125,28.35333251953125,28.35333251953125,28.35333251953125,21.04764175415039,0,20.36957574722131,0.0,0.0344452164265627,-0.0031430317679594,0.0190628937258497,0.0449678876807452,0.0826958041768622,0,1,0
2017-12-26,0,28.36000061035156,28.65999984741211,28.26000022888184,28.466665267944336,21.131776809692383,6612300,19.53163403604103,0.0039893943535806,0.0386773852393615,0.0102294700673345,0.0190582552433399,0.0449639931182948,0.082674712917145,1,1,1
2017-12-27,0,28.5,28.61333274841309,28.299999237060547,28.31333351135254,21.01795196533203,6183150,16.498290697712523,-0.0054009894898023,0.038890595389252,-0.0012803679863688,0.0190538875631151,0.0449601822622364,0.0826539371020044,-1,1,0
2017-12-28,0,28.34000015258789,28.53333282470703,28.34000015258789,28.38666534423828,21.072389602661133,15944700,14.412652406842836,0.0025867059118488,0.0378128741937236,-0.0003325840494298,0.0190491478149086,0.0449559298037508,0.0826331214691227,1,1,0
2017-12-29,0,28.38666534423828,28.38666534423828,28.38666534423828,28.38666534423828,21.072389602661133,0,11.235741741700757,0.0,-0.0035168892705337,0.0204624592875803,0.019044348312717,0.0449447572153991,0.0826124987921408,0,0,1
2018-01-02,0,28.53333282470703,29.253332138061523,28.53333282470703,29.253332138061523,21.723407745361328,16650900,9.801559310696964,0.0304267431663348,0.0316018539419618,0.0655620732003585,0.0190514941651011,0.0449382449603703,0.0826014293457652,1,1,1
2018-01-03,0,29.26666641235352,29.559999465942383,29.04666519165039,29.453332901000977,21.871919631958008,22295700,10.33087894690583,0.0068132283905263,0.0384150823324881,0.0729811157748862,0.0190472433073032,0.0449342384236689,0.0825931263336756,1,1,1
2018-01-04,0,29.5,30.200000762939453,29.5,30.066665649414062,22.3273868560791,23222550,11.505263347061035,0.0206104295904784,0.0550361175693858,0.0789045787525028,0.0190478510015536,0.0449385180681997,0.082587268143637,1,1,1
2018-01-05,0,30.07999992370605,30.21333312988281,29.733333587646484,30.15333366394043,22.39173889160156,15717450,10.242900614227356,0.002878056261907,0.0633151633210953,0.0877759742688906,0.0190431409645969,0.0449480568525075,0.0825854696938696,1,1,1
2018-01-08,0,30.040000915527344,30.21333312988281,29.85333251953125,30.053333282470703,22.317476272583008,12708150,10.766488190986628,-0.003322030460252,0.0574064269489943,0.0739302286744581,0.0190385358847056,0.0449537212743351,0.0825775202793532,-1,1,1
2018-01-09,0,29.97333335876465,30.0,29.606666564941406,29.72666549682617,22.07489585876465,21408000,12.716595536210011,-0.0109290320262744,0.0464773949227199,0.0663374061917781,0.0190354439128071,0.0449532940107599,0.0825667046595213,-1,1,1
2018-01-10,0,29.58666610717773,29.733333587646484,29.440000534057617,29.626665115356445,22.000633239746094,13601550,13.374829093531336,-0.0033697923002426,0.0126808594561426,0.0544109255334208,0.0190308494330197,0.0449425678720327,0.0825521144899578,-1,1,1
2018-01-11,0,29.799999237060547,30.246665954589844,29.733333587646484,30.246665954589844,22.461050033569336,15546450,14.279495740708024,0.0207114629206024,0.0265790939862186,0.0725218314505103,0.019031517310344,0.0449345307410861,0.0825436003196254,1,1,1
2018-01-12,0,30.106666564941406,30.280000686645508,29.979999542236328,30.21999931335449,22.44124221801757,10282350,13.845203542968568,-0.0008822630580027,0.0050864013377375,0.0636455075118708,0.0190267637487546,0.0449232680100326,0.0825318575608778,0,1,1
2018-01-15,0,30.3266658782959,30.413333892822266,30.273332595825195,30.40666580200196,22.579858779907227,10913700,14.862100602616014,0.0061578680590892,0.0083662131349198,0.0923027073937746,0.0190224292346642,0.0449121721494933,0.082532254223757,1,1,1
2018-01-16,0,30.33333206176757,30.81999969482422,30.299999237060547,30.68666648864746,22.787782669067383,13135050,14.604623923031024,0.0091662400041214,0.0208544835992933,0.1174036723660258,0.0190186730750036,0.0449027883913887,0.0825473861957614,1,1,1
2018-01-17,0,30.67333221435547,31.299999237060547,30.540000915527344,31.19333267211914,23.164031982421875,14418900,13.97058483257756,0.0163761855630072,0.0481597011885747,0.1302574233134847,0.0190172666888822,0.0449032057625094,0.0825715050605104,1,1,1
2018-01-18,0,31.13333320617676,31.413333892822266,30.986665725708008,31.1200008392334,23.109580993652344,12990900,13.06982946309932,-0.0023534368898245,0.0491760565989928,0.1281467608828783,0.0190126053984538,0.044904135924678,0.082593994941076,-1,1,1
2018-01-19,0,31.26666641235352,31.453332901000977,31.08666610717773,31.37333297729492,23.29770469665528,11083050,12.683045097765072,0.0081075516780853,0.036572145356476,0.1418685122006565,0.0190086261685254,0.04489936496152,0.0826269762380771,1,1,1
2018-01-22,0,31.37333297729492,32.1533317565918,31.31333351135254,32.1533317565918,23.876930236816406,17869650,13.27337880073818,0.0245578858681725,0.0620122942826511,0.1627619709614519,0.0190115368276072,0.0449078848786464,0.0826781265752802,1,1,1
2018-01-23,0,32.0,32.32666778564453,31.940000534057617,32.03333282470703,23.78782081604004,24846750,13.7622501543717,-0.0037390114339016,0.0521154147896603,0.1176931960632928,0.0190070116210144,0.0449103527792344,0.0826930992354787,-1,1,1
2018-01-24,0,32.293331146240234,33.619998931884766,32.26666641235352,33.58000183105469,24.936378479003903,22107150,14.802254649657504,0.0471540010854808,0.0901031758710198,0.1695391971949346,0.0190309383887648,0.0449418367800232,0.0827504811057201,1,1,1
2018-01-25,0,33.58000183105469,33.58000183105469,33.58000183105469,33.58000183105469,24.936378479003903,0,13.361317466821452,0.0,0.0737269903080125,0.1695391971949346,0.0190261874610519,0.0449587642706155,0.0828076864953561,0,1,1
2018-01-26,0,34.133331298828125,35.413333892822266,34.00666427612305,35.26666641235352,26.18887519836425,47436600,17.535548433022477,0.0490069894791966,0.1250874166770338,0.2145567923205506,0.0190523402461311,0.0450308978019563,0.0829146983813464,1,1,1
2018-01-29,0,35.09333419799805,35.2400016784668,34.459999084472656,34.459999084472656,25.58984375,33130350,20.017115432859264,-0.0231391655926106,0.0938406994063378,0.1968186162177424,0.0190548842174603,0.0450657565388053,0.0830002223214476,-1,1,1
2018-01-30,0,34.26666641235352,34.48666763305664,33.86666488647461,34.32666778564453,25.49083709716797,25445250,21.458516711180994,-0.0038764861850806,0.0654063273530848,0.190355424120813,0.0190503779923185,0.0450762725893375,0.0830782604121852,-1,1,1
2018-01-31,0,34.76666641235352,35.37333297729492,34.7400016784668,34.84000015258789,25.87203025817871,20978850,22.319991669172317,0.014843414300643,0.0839887530876294,0.2051988384214559,0.0190483352746296,0.0451015616127155,0.0831729373612049,1,1,1
2018-02-01,0,34.560001373291016,35.30666732788086,34.36666488647461,35.00666427612305,26.00325584411621,25750500,23.84425560223164,0.0050592825873386,0.0418940345894873,0.1798313778424599,0.0190438650221591,0.0450987570856124,0.0832392975001693,1,1,1
2018-02-02,0,34.439998626708984,34.64666748046875,34.14666748046875,34.56666564941406,25.676433563232425,18210300,24.70820791888694,-0.0126481657145979,0.0292458688748893,0.1603699837373355,0.0190413713851849,0.0450913626584705,0.0832866371343427,-1,1,1
2018-02-05,1,34.18000030517578,34.86666488647461,33.35333251953125,33.35333251953125,24.7751693725586,23174400,25.3167756672408,-0.0357316726177177,-0.0554927932220252,0.1040278815291394,0.0190537421333476,0.0450989245607997,0.0832923190255205,-1,-1,1
2018-02-06,0,33.31999969482422,34.84000015258789,33.30666732788086,34.5533332824707,25.66653251647949,88727100,32.27518686843231,0.0353459899183468,0.002992362288932,0.1364958151855792,0.0190648945889826,0.0450876767438421,0.0833195336655229,1,0,1
2018-02-07,0,34.619998931884766,34.7400016784668,33.7066650390625,33.733333587646484,25.05742073059082,27441000,32.83774857803885,-0.024017886129682,-0.0171490376556694,0.1157999595161491,0.0190679652620153,0.0450786370123205,0.0833322030559011,-1,-1,1
2018-02-08,0,33.96666717529297,34.36666488647461,33.33333206176758,33.56666564941406,24.933612823486328,22524000,35.15522054053767,-0.0049532146639532,-0.0369456666202656,0.1217757768784703,0.0190636064180898,0.045076129144876,0.083348730252797,-1,-1,1
2018-02-09,0,33.46666717529297,33.86000061035156,33.03333282470703,33.6533317565918,24.998003005981445,26107800,32.721943462135194,0.0025791361692899,-0.0394258130383144,0.1277247053480027,0.0190589299393341,0.0450747367405118,0.0833692971923602,1,-1,1
2018-02-14,0,34.34000015258789,35.2066650390625,34.133331298828125,35.106666564941406,26.077543258666992,21927000,31.583031929190543,0.0422785904999472,0.0155009431762306,0.1492918329273476,0.0190769716549128,0.0450644144387566,0.083406414337679,1,1,1
2018-02-15,0,35.34000015258789,35.52666473388672,35.073333740234375,35.11333465576172,26.082490921020508,40656300,33.28231911310187,0.0001897108560669,0.0514223266500154,0.1503638068414174,0.0190722383384907,0.0450662705935695,0.0834443171955725,0,1,1
2018-02-16,0,33.79999923706055,33.893333435058594,33.53333282470703,33.88666534423828,26.223133087158203,54135900,36.90064609807895,0.0053777201878591,0.021454056919528,0.1495836589701875,0.0190678208708683,0.0450569872530823,0.0834814530858703,1,1,1
2018-02-19,0,33.88666534423828,34.08000183105469,33.48666763305664,33.619998931884766,26.016775131225582,8264250,35.02478168406079,-0.007900436134791,0.0375715069144191,0.1325169828312749,0.0190640043144591,0.045052458507805,0.0835051262576202,-1,1,1
2018-02-20,0,33.53333282470703,34.62666702270508,33.46666717529297,34.4466667175293,26.656494140625,25879500,35.942029013785564,0.0242912761751412,0.0668159977535136,0.140432073443409,0.0190666540936559,0.0450638430669575,0.0835346917928366,1,1,1
2018-02-21,0,34.64666748046875,35.5,34.64666748046875,34.900001525878906,27.007295608520508,28623450,36.76276165797221,0.0130742337266546,0.0773110953108784,0.1558597440598883,0.0190639917491731,0.045083189178253,0.0835768587290126,1,1,1
2018-02-22,0,35.16666412353516,35.459999084472656,34.84000015258789,35.09333419799805,27.15690994262696,17156100,29.28794405304565,0.0055244866273726,0.0405569914383037,0.1532766790091754,0.0190596020532854,0.0450798127077707,0.0836166784359394,1,1,1
2018-02-23,0,35.48666763305664,35.48666763305664,34.58000183105469,35.33333206176758,27.342634201049805,22235250,28.959347865483448,0.0068156525085271,0.0471829330907638,0.13553444564953,0.0190554058031768,0.0450794175721741,0.0836422228186485,1,1,1
2018-02-26,0,35.46666717529297,35.560001373291016,35.06666564941406,35.293331146240234,27.31168365478516,17321700,28.59406887390872,-0.0011325930242076,0.0406726198786969,0.1381408640592239,0.0190507273723708,0.0450760771319009,0.0836696468582255,0,1,1
2018-02-27,0,35.13999938964844,35.38666534423828,34.66666412353516,34.76666641235352,26.90410804748535,11564850,27.18485926086772,-0.0150355928716038,0.0335374631418839,0.0759512701021392,0.0190491442621623,0.0450700528787064,0.0836613429877986,-1,1,1
2018-02-28,0,34.68666458129883,34.83333206176758,33.586666107177734,33.586666107177734,25.99096870422364,42552600,29.38916686339313,-0.034529870318846,-0.0252836833521031,0.0414213997832932,0.019060324167777,0.0450632693199543,0.0836432142941063,-1,-1,1
2018-03-01,0,33.733333587646484,34.33333206176758,33.59333419799805,34.073333740234375,26.37544250488281,22215300,27.4312198054629,0.0146842489427849,-0.0236736681359729,0.0070986592468814,0.0190582358622872,0.0450560023739931,0.0836223887166468,1,-1,0
2018-03-02,0,33.880001068115234,34.25333404541016,33.48666763305664,34.25333404541016,26.5147705078125,15595050,23.27947321170052,0.0052685862764442,-0.0239295684869011,0.0355064111159362,0.0190538297712829,0.0450488126873844,0.0836033190715786,1,-1,1
2018-03-05,0,34.25333404541016,34.83333206176758,33.9466667175293,34.7400016784668,26.89148712158203,12992700,23.834010775025067,0.0141078172725729,-0.0166374037228552,0.05349071457359,0.0190515348612061,0.045039768764646,0.0835878491872521,1,-1,1
2018-03-06,0,35.03333282470703,35.293331146240234,34.61333465576172,34.61333465576172,26.793437957763672,13563300,22.48691180410193,-0.0036527674274872,-0.0191575781261348,0.0349945328454598,0.0190470582061936,0.0450313050108547,0.0835687292429645,-1,-1,1
2018-03-07,0,34.53333282470703,34.606666564941406,34.01333236694336,34.56666564941406,26.75731468200684,14580000,20.906784126753674,-0.0013491231945487,-0.0054711084490798,0.0285861270635722,0.0190424071327358,0.0450205627793117,0.08354883131621,0,-1,1
2018-03-08,0,35.0,35.11333465576172,34.040000915527344,34.32666778564453,26.571542739868164,13855950,20.50348838778213,-0.0069670607084247,0.0220917011613413,0.0342672320697453,0.0190384330164745,0.0450114675403523,0.0835296359663464,-1,1,1
2018-03-09,0,34.36000061035156,34.82666778564453,34.2066650390625,34.79999923706055,26.93793678283692,13641000,19.511019875233533,0.0136947610982281,0.0211022133167845,0.0836936657856912,0.0190360049371716,0.0450021745953735,0.0835245461473675,1,1,1
2018-03-12,0,34.893333435058594,35.233333587646484,34.75333404541016,35.19333267211914,27.24240493774414,10084350,18.692471998947568,0.0112391819706662,0.0270728090110064,0.0595868578380108,0.0190328160518776,0.0449942731504178,0.0835107643312501,1,1,1
2018-03-13,0,35.19333267211914,35.27333450317383,34.70000076293945,34.90666580200195,27.02050399780273,9538650,18.472104196531408,-0.0081787792527438,0.0047862124856895,0.075425964714949,0.0190291043791417,0.0449831976609742,0.0835022972700732,-1,1,1
2018-03-14,0,34.93333435058594,35.0,34.03333282470703,34.12666702270508,26.416709899902344,16887300,15.749112303787772,-0.0225992244492086,-0.0141602445360317,0.0577799549296936,0.0190313049439735,0.0449737085944953,0.0834880099918523,-1,-1,1
2018-03-15,0,34.0,34.459999084472656,33.7400016784668,34.28666687011719,26.54056739807129,19578600,15.475477872115563,0.0046776469760481,-0.0081334743654347,0.0598784657364517,0.0190268568542966,0.044963297653962,0.0834743221785099,1,-1,1
2018-03-16,0,34.38666534423828,34.71333312988281,33.939998626708984,34.14666748046875,26.43219947814941,29840100,17.02391379283581,-0.0040914635004423,-0.0052578771574523,0.0135084117360622,0.0190224524357519,0.0449525916921775,0.0834536217634374,-1,-1,1
2018-03-19,0,33.880001068115234,34.133331298828125,33.30666732788086,33.413333892822266,25.864545822143555,17076600,17.40473149378318,-0.0217098004053021,-0.0406624386609827,-0.0083910995253069,0.0190241279360351,0.044951913041214,0.0834340657102776,-1,-1,-1
2018-03-20,0,33.56666564941406,33.66666412353516,33.0533332824707,33.52000045776367,25.94712448120117,9043500,16.873423231898855,0.0031876497514312,-0.0487139708802178,-0.010581169961735,0.0190195559911411,0.0449554134526862,0.083414792791525,1,-1,-1
2018-03-21,0,33.540000915527344,33.61333465576172,33.2400016784668,33.38666534423828,25.843902587890625,24963450,17.925814608419607,-0.0039860970452248,-0.0445212886726988,-0.0066668308721688,0.0190151463411676,0.0449566287446609,0.083395071948249,-1,-1,0
2018-03-22,0,33.33333206176758,33.599998474121094,32.973331451416016,33.279998779296875,25.761348724365234,18746250,18.39935202524174,-0.0031994392759424,-0.0251215034994326,-0.0341575463232525,0.0190106576095429,0.0449498502138156,0.0833805256806845,-1,-1,-1
2018-03-23,0,33.06666564941406,33.973331451416016,33.01333236694336,33.439998626708984,25.88519287109375,23776350,19.42270793212609,0.0047958442239052,-0.0250033062515755,-0.0424359358260021,0.019006242425871,0.0449430371376621,0.0833684163532887,1,-1,-1
2018-03-26,0,33.83333206176758,33.99333190917969,33.31999969482422,33.85333251953125,26.205135345458984,10426200,19.416510050041712,0.0122842957105655,-0.0086275470405676,-0.0356761267428091,0.019003389121783,0.0449327174693464,0.0833542949730174,1,-1,-1
2018-03-27,0,34.0,34.133331298828125,33.2066650390625,33.4466667175293,25.89034843444824,10058550,19.427570083382346,-0.0120851451757172,0.0009971081890171,-0.0545769244270535,0.0190007653981826,0.0449217100719142,0.0833464855026917,-1,0,-1
2018-03-28,0,33.086666107177734,33.77333450317383,33.086666107177734,33.75333404541016,26.12772750854492,11889600,18.868597399182818,0.0091268551397692,0.0069363135773552,-0.0443174762630766,0.0189970840317868,0.0449107866469719,0.0833349876315688,1,1,-1
2018-03-29,0,33.939998626708984,34.573333740234375,33.84000015258789,34.2066650390625,26.478649139404297,27844800,19.76679818485362,0.0133416083181863,0.0242640189407664,-0.0159402750732865,0.0189945728483764,0.0449022917740404,0.0833165609289364,1,1,-1
2018-04-02,0,34.15999984741211,34.50666427612305,33.779998779296875,34.03333282470703,26.352170944213867,12827850,17.906985621593375,-0.0047880550262581,0.0226754031904507,0.0138015402193012,0.0189902858613751,0.04489344311881,0.0832960086765863,-1,1,1
2018-04-03,0,34.26666641235352,34.400001525878906,33.63999938964844,33.71333312988281,26.104400634765625,14037750,17.596541665352085,-0.0094467535561852,0.0084328054103604,-0.0103294622796687,0.0189869103503428,0.0448826211398096,0.0832768046467023,-1,1,-1
2018-04-04,0,33.233333587646484,34.073333740234375,33.00666427612305,33.93333435058594,26.27475929260254,14866950,18.24016589252287,0.0065048488281358,0.0026533585279307,-0.0090931997279771,0.0189827438052122,0.0448716354599469,0.0832574617935408,1,0,-1
2018-04-05,0,34.78666687011719,34.84666442871094,33.939998626708984,34.0,26.32636070251465,20730000,17.82995898811928,0.0019619896485011,0.0167004933521492,-0.0212390273520488,0.0189781398653162,0.0448617075985046,0.0832400169690616,1,1,-1
2018-04-06,0,34.02666473388672,34.21333312988281,33.586666107177734,34.16666412353516,26.455427169799805,10836150,17.02011450859121,0.0048905779715383,0.0124642161839184,-0.0126956819530232,0.0189737621162292,0.0448512435917298,0.0832211671044435,1,1,-1
2018-04-09,0,34.2599983215332,34.2599983215332,33.30666732788086,33.40666580200195,25.8669490814209,15868650,16.174253211002597,-0.0224952667026825,-0.0233726588369503,-0.0338418254611569,0.0189759079386792,0.0448440221271729,0.0832066196731063,-1,-1,-1
2018-04-10,0,33.69333267211914,33.793331146240234,33.2599983215332,33.573333740234375,25.995988845825195,13246800,16.467828909064924,0.0049761944016457,-0.0136084094090465,-0.0218985703510864,0.0189715458997241,0.0448345368323301,0.0831893325787999,1,-1,-1
2018-04-11,0,33.540000915527344,34.13999938964844,33.50666427612305,34.12666702270508,26.42443084716797,10330500,16.519650626014187,0.0163467421419092,0.0121850862890478,-0.0192465893074055,0.0189701645317255,0.0448240678770117,0.0831715609818259,1,1,-1
2018-04-12,0,34.2400016784668,34.46666717529297,33.926666259765625,34.426666259765625,26.65673065185547,9024150,16.23040690473037,0.0087526829163321,0.0144329203772442,-0.0217330883617393,0.0189664270328671,0.0448138629682531,0.0831542627656521,1,1,-1
2018-04-13,0,34.36666488647461,34.413333892822266,33.50666427612305,33.62666702270508,26.037294387817383,14747850,14.772513915698603,-0.0235117662329025,-0.0110408355041595,-0.037066075341898,0.0189691865374952,0.0448039770911306,0.083140631038467,-1,-1,-1
2018-04-16,0,33.560001373291016,33.86000061035156,33.08000183105469,33.133331298828125,25.65530586242676,18885150,15.37689450573777,-0.0147795033246757,-0.0307109168003737,-0.0292463542173652,0.0189675486955556,0.0447991671887083,0.0831249673091459,-1,-1,-1
2018-04-17,0,33.21333312988281,33.87333297729492,33.099998474121094,33.68000030517578,26.078590393066406,11894850,15.144793833800543,0.0163642797921815,0.0081486296944902,-0.0175597214012319,0.0189661817899395,0.0447884055105511,0.0831069432985428,1,1,-1
2018-04-18,0,34.06666564941406,34.66666412353516,34.02000045776367,34.31999969482422,26.57415580749512,22785450,16.03149413342095,0.01882447105534,0.0219969063481845,0.0053562131545503,0.0189658925362442,0.0447794992174817,0.0830866317448458,1,1,0
2018-04-19,0,34.20000076293945,34.36000061035156,33.77333450317383,34.0,26.32636070251465,13131000,15.205967611598002,-0.009368412018686,-0.0037182478124107,0.0176976015411665,0.0189625247823294,0.0447688290075009,0.0830663819606516,-1,0,1
2018-04-20,0,33.82666778564453,34.03333282470703,33.606666564941406,33.926666259765625,26.26959991455078,8655300,14.961249780689291,-0.0021583714541294,-0.0146293021828724,0.0123515803356059,0.0189580095965102,0.0447595870164994,0.0830460164025122,-1,-1,1
2018-04-23,0,33.7599983215332,33.98666763305664,33.43333435058594,33.98666763305664,26.31604385375977,10157400,14.370452144060934,0.0017664118172577,0.0106488758672879,0.0181040891980885,0.0189534315931133,0.0447490352855395,0.0830258131566952,0,1,1
2018-04-24,0,34.26666641235352,34.393333435058594,33.6533317565918,33.81999969482422,26.1870059967041,12123900,14.25955187397112,-0.0049154522351469,0.0205129269568168,0.0163880762388841,0.01894920504608,0.0447398599396167,0.0830055603086358,-1,1,1
2018-04-25,0,33.47999954223633,33.82666778564453,33.293331146240234,33.619998931884766,26.03213119506836,14208600,14.65942203091522,-0.0059317431913889,-0.0017830960267535,0.00566048882359,0.0189451342045351,0.0447291034882879,0.0829853140149785,-1,0,0
2018-04-26,0,33.91999816894531,34.51333236694336,33.83333206176758,34.400001525878906,26.63609313964844,14530650,15.263896736131516,0.0229355907749838,0.0023280236928903,0.0163117838880082,0.0189470028310444,0.0447182415752265,0.0829650884922621,1,0,1
2018-04-27,0,34.61333465576172,34.733333587646484,34.20000076293945,34.33333206176758,26.584470748901367,13620900,15.173568515050684,-0.0019399421263071,0.0097564935852691,0.0264569869374184,0.0189424886683459,0.044707648228029,0.0829455051930448,-1,1,1
2018-04-30,0,34.34000015258789,34.48666763305664,33.779998779296875,34.00666427612305,26.331531524658203,9489750,14.20538564803208,-0.0095601005303451,0.0023547645090533,0.0077700312673039,0.018939187792565,0.0446968019427321,0.0829252515361784,-1,0,0
2018-05-02,0,33.4466667175293,33.53333282470703,32.32666778564453,32.46666717529297,25.14649772644043,33521550,16.403782657364868,-0.0460485069048081,-0.0454601542130126,-0.0516200839556904,0.0189622077680561,0.0446985991791753,0.0829164992570394,-1,-1,-1
2018-05-03,0,32.5,32.71333312988281,31.76000022888184,31.8266658782959,24.65079116821289,22357650,16.179422474283776,-0.0199096353917137,-0.0604543373695793,-0.066741664321146,0.0189629000997509,0.0447094411977643,0.0829139816557805,-1,-1,-1
2018-05-04,0,31.700000762939453,31.953332901000977,31.453332901000977,31.453332901000977,24.36163330078125,22746900,17.039637246926475,-0.0117995069809917,-0.0663221011591821,-0.0690944177459525,0.018960222084738,0.0447244518688484,0.0829125397315975,-1,-1,-1
2018-05-07,0,31.600000381469727,31.90666580200196,31.33333206176757,31.5,24.397777557373047,15657600,17.67775942785755,0.0014825553703788,-0.0877751365637872,-0.0741167112037097,0.0189556560612082,0.0447579292522009,0.0829135155599546,0,-1,-1
2018-05-08,0,31.53333282470703,31.89999961853028,31.26666641235352,31.600000381469727,24.475238800048828,15583050,18.14857982235274,0.003169900829198,-0.082665293608282,-0.0729088000230128,0.0189511750887706,0.0447864547725398,0.0829138712302908,1,-1,-1
2018-05-09,0,31.739999771118164,31.966665267944336,31.36000061035156,31.700000762939453,24.552698135375977,14924400,18.350554918653003,0.0031598066171034,-0.0699453864608333,-0.0746395713774477,0.0189466965865913,0.044804060078898,0.0829150659301781,1,-1,-1
2018-05-10,0,31.940000534057617,32.64666748046875,31.806665420532227,32.56666564941406,25.223953247070312,17401050,18.63546265675663,0.0269723168484367,0.0030754372924116,-0.0251719878263284,0.0189510927411768,0.0447932272621548,0.0828986339381083,1,0,-1
2018-05-11,0,32.47999954223633,32.733333587646484,31.946666717529297,32.04666519165039,24.821203231811523,11724450,18.23921461665221,-0.0160958118135375,0.0068892608705878,-0.0462439940415117,0.0189500003341,0.0447825001163211,0.0828879490876683,-1,1,-1
2018-05-14,0,32.26666641235352,32.426666259765625,31.31999969482422,31.566665649414062,24.44941711425781,16249800,18.38444214312648,-0.0150918811887143,0.0035968866628652,-0.0776826173721352,0.0189484965951824,0.0447716870660983,0.0828906619863807,-1,0,-1
2018-05-15,0,30.799999237060547,31.733333587646484,30.733333587646484,31.446666717529297,24.356475830078125,16983450,19.060272299952672,-0.00380861371116,-0.0016942824186736,-0.0902439139996275,0.0189441599657043,0.0447609763227234,0.0829003178760021,-1,0,-1
2018-05-16,0,31.54666519165039,32.17333221435547,31.49333381652832,31.99333381652832,24.77988243103028,12513150,16.861353141254504,0.0172343696613702,0.0123701864134984,-0.0494977781053547,0.0189431897244819,0.0447506875646828,0.0828907226229452,1,1,-1
2018-05-17,0,31.89999961853028,31.89999961853028,30.246665954589844,30.31999969482422,23.483821868896484,33939900,17.876083778547788,-0.0537203787174457,-0.0445099989210506,-0.0884386534981247,0.0189758308661681,0.0447518549563344,0.0828992664133925,-1,-1,-1
2018-05-18,0,29.67333221435547,30.106666564941406,29.280000686645508,30.106666564941406,23.31859588623047,59851500,21.348554179250332,-0.007060604002789,-0.0785429197722765,-0.1118635372930951,0.0189719725888178,0.0447765003597785,0.0829229493416938,-1,-1,-1
2018-05-21,0,30.50666618347168,30.64666557312012,29.413333892822266,29.69333267211914,22.99845314025879,25882950,22.228563763179043,-0.0138241900629361,-0.076271298021675,-0.1445121984113712,0.0189699743197243,0.0447991214958185,0.0829730352248935,-1,-1,-1
2018-05-22,0,30.0,30.84666633605957,29.81333351135254,30.413333892822266,23.556123733520508,32919450,23.854642035827627,0.023958858911466,-0.0372205579214946,-0.111184927481219,0.0189724466349125,0.0447968140382665,0.0829960587934086,1,-1,-1
2018-05-23,0,30.0,30.31333351135254,29.793333053588867,29.84000015258789,23.112058639526367,30748800,25.275128976113383,-0.0190313174572254,-0.0524432616675599,-0.1280578734843151,0.0189726696685362,0.0448022390081098,0.0830318127191611,-1,-1,-1
2018-05-24,0,29.559999465942383,30.253332138061523,29.306665420532227,30.233333587646484,23.416709899902344,24649050,25.845728972764757,0.0130953654528861,-0.056582265876044,-0.1167289198486868,0.0189701549909354,0.0448101740276591,0.0830586968448247,1,-1,-1
2018-05-25,0,30.459999084472656,30.466665267944336,29.746665954589844,29.966665267944336,23.21015739440918,16941750,26.267482762583864,-0.0088598642210705,-0.0117217513796689,-0.1206733318346103,0.0189666875465826,0.0448004714246016,0.0830884639525018,-1,-1,-1
2018-05-28,0,29.65999984741211,29.68666648864746,28.57999992370605,28.700000762939453,22.22909164428711,19776450,26.44209382430068,-0.0431881361463855,-0.0478492835232653,-0.157929724789607,0.0189861363021373,0.0448032596070999,0.0831505596625204,-1,-1,-1
2018-05-29,0,28.986665725708008,29.246665954589844,28.440000534057617,28.600000381469727,22.15164566040039,30390150,27.51306906991176,-0.0034900755238351,-0.0375151689841645,-0.1843553910884259,0.0189817735608526,0.0448010369133271,0.0832403066487762,-1,-1,-1
2018-05-30,0,28.600000381469727,28.933332443237305,28.31333351135254,28.65333366394043,22.192949295043945,36964950,29.618777117125216,0.0018628491986182,-0.0596111786970122,-0.1805525997635005,0.0189772533583163,0.0448108705482895,0.0833255173793619,0,-1,-1
2018-06-01,0,29.00666618347168,29.433332443237305,28.459999084472656,29.21333312988281,22.634580612182617,23248200,28.50121156729627,0.0197042133169107,-0.0208756479228761,-0.1512882859162446,0.0189774212787384,0.0448030032789563,0.0833806396394605,1,-1,-1
2018-06-04,0,29.540000915527344,29.99333381652832,29.53333282470703,29.84666633605957,23.125301361083984,23084550,24.94491317479195,0.0214484627167804,-0.0125225506589818,-0.083791316294656,0.0189784724923342,0.0447934361406898,0.0833858253682888,1,-1,-1
2018-06-05,0,29.600000381469727,29.966665267944336,28.799999237060547,28.920000076293945,22.40730094909668,28700400,25.14228737422287,-0.0315404741610568,-0.0352031605989682,-0.0954221550639992,0.018986779697083,0.0447902356891608,0.0833976706851834,-1,-1,-1
2018-06-06,0,28.67333221435547,28.85333251953125,27.8933334350586,28.18666648864746,21.8391227722168,22739100,23.991596893486246,-0.0256838570204419,-0.0176988814730245,-0.1093065051034494,0.0189907898112713,0.0447816425576201,0.0834184730300378,-1,-1,-1
2018-06-07,0,27.706666946411133,27.799999237060547,26.299999237060547,27.36666679382324,21.20378494262696,40423950,24.59601903828672,-0.0295232831906767,-0.0437320891398662,-0.1403123436645049,0.0189974880871464,0.0447822497897522,0.0834633070747747,-1,-1,-1
2018-06-08,0,27.36666679382324,27.76666641235352,26.61333274841309,27.433332443237305,21.255430221557617,30037950,24.848850379973857,0.0024327017916296,-0.0431622365468548,-0.1410495427020732,0.018993003622191,0.0447825669931387,0.0835086507413272,1,-1,-1
2018-06-11,0,27.540000915527344,27.913333892822266,26.566665649414062,26.63999938964844,20.64076042175293,21694050,25.07399735516388,-0.0293446204897887,-0.0922110703535542,-0.1735539698089656,0.0189995499939487,0.0448195171652075,0.0835851303741516,-1,-1,-1
2018-06-12,0,26.63333320617676,27.04666519165039,26.440000534057617,26.58666610717773,20.599428176879883,13919400,24.443131800226578,-0.0020044650675247,-0.1156639981378595,-0.202530751724927,0.0189950839249969,0.0448828927936674,0.0836943134190864,-1,-1,-1
2018-06-13,0,26.733333587646484,26.84666633605957,25.940000534057617,26.3266658782959,20.39798164367676,21526800,23.477161098107565,-0.009827360086446,-0.0939508840632486,-0.1962622999978354,0.0189918494648775,0.0449213386229841,0.0837956074385568,-1,-1,-1
2018-06-14,0,26.5,26.65333366394043,25.3933334350586,25.3933334350586,19.674829483032227,28030350,22.36766868659032,-0.0360958293359883,-0.1043628563787949,-0.2172662481451095,0.0190039701361196,0.0449708724761231,0.0839225849501745,-1,-1,-1
2018-06-15,0,25.466665267944336,25.76666641235352,25.03333282470703,25.63999938964844,19.86595344543457,40738500,23.535869001555863,0.0096672567772306,-0.0651723164108875,-0.2037903776567189,0.0190005369351154,0.044984133618662,0.0840321653893939,1,-1,-1
2018-06-18,0,25.47333335876465,25.540000915527344,24.926666259765625,25.1200008392334,19.46305656433105,20173950,22.95324406673737,-0.0204892508556085,-0.0880942690581258,-0.2415139981736975,0.0190014371276265,0.0450164799812931,0.084191297929977,-1,-1,-1
2018-06-19,0,25.00666618347168,26.63999938964844,24.84000015258789,26.253332138061523,20.34116172790528,42618750,23.8768264445906,0.0441283709167318,-0.0146212776516051,-0.1436652485395201,0.0190209501850685,0.0450071980016268,0.0842374119318866,1,-1,-1
2018-06-20,0,26.66666603088379,27.04666519165039,26.03333282470703,26.739999771118164,20.718244552612305,29386500,24.3399649573698,0.018368187015575,0.0057513744314945,-0.1182364575211561,0.0190204920687828,0.0449965354331928,0.084263139122373,1,1,-1
2018-06-21,0,26.65999984741211,26.76000022888184,25.799999237060547,26.02666664123535,20.16554832458496,15242550,22.071344084636014,-0.0270390715861253,-0.0114603370681848,-0.1314513390443453,0.0190253370040729,0.044986763342632,0.0842988429863874,-1,-1,-1
2018-06-22,0,26.35333251953125,26.420000076293945,25.86666679382324,26.22666549682617,20.32050514221192,12190200,20.458871928604783,0.0076548619103712,0.0322903541781748,-0.1477553360454401,0.019021484022837,0.0449809061238065,0.0843481977868288,1,1,-1
2018-06-25,0,26.466665267944336,26.59333229064941,25.83333206176757,26.280000686645508,20.3618221282959,21806700,20.44336636328681,0.0020312014115933,0.0246542988125373,-0.1266928171766215,0.0190169993128943,0.0449729083587129,0.084379953861354,1,1,-1
2018-06-26,0,26.33333206176757,26.71999931335449,25.8799991607666,26.19333267211914,20.2946720123291,19522200,20.895075528697912,-0.0033032940221048,0.0418402556460411,-0.1430914766516124,0.0190126466048052,0.0449705972101316,0.0844249737024864,-1,1,-1
2018-06-27,0,26.09333229064941,26.5,25.566665649414062,25.71999931335449,19.92793083190918,17337450,20.508817886821728,-0.018236082097528,-0.0205241973682186,-0.1524676945280699,0.0190124346510795,0.0449625837425625,0.084478173607261,-1,-1,-1
2018-06-28,0,25.72666549682617,26.66666603088379,25.72666549682617,26.433332443237305,20.480619430541992,17432550,19.706363060652343,0.0273567382917748,-0.0115356460920187,-0.0819228200899095,0.019017041561904,0.0449528583149655,0.0844810163479594,1,-1,-1
2018-06-29,0,26.739999771118164,27.14666557312012,26.61333274841309,26.8933334350586,20.837038040161133,25088400,18.523945603957376,0.0172530328469739,0.0327564583410805,-0.0611797117191003,0.0190160998031769,0.0449471684994133,0.0844744475783075,1,1,-1
2018-07-02,0,26.600000381469727,26.89999961853028,26.47333335876465,26.89999961853028,20.84995079040528,11443650,17.888267077448557,0.0006195098767921,0.0257211063075014,-0.0624230510409265,0.0190115919121669,0.0449394545348492,0.0844683650060599,0,1,-1
2018-07-03,0,27.17333221435547,27.83333206176757,26.979999542236328,27.53333282470703,21.3408432006836,14621850,15.598576555823152,0.023271169707715,0.0469610746036231,-0.058856094650122,0.0190136370074998,0.0449394438498313,0.0844608832358123,1,1,-1
2018-07-04,0,27.66666603088379,27.986665725708008,27.47333335876465,27.979999542236328,21.68705177307129,11713500,14.134465584491434,0.0160926321920797,0.0663570008178077,-0.0642119251748227,0.0190122183851685,0.0449506068974507,0.0844555097979061,1,1,-1
2018-07-05,0,28.066665649414062,28.13333320617676,27.33333206176757,27.799999237060547,21.547548294067383,14655900,14.169228753327957,-0.0064533481484875,0.0781397347668482,-0.0391247991622534,0.0190082947085722,0.0449704575398696,0.0844416344220383,-1,1,-1
2018-07-06,0,27.86666679382324,28.18000030517578,27.68000030517578,28.053333282470703,21.7438907623291,11417250,14.171475291790417,0.0090707917677161,0.0598537882427898,-0.0043701503740951,0.0190047413387149,0.0449773617562599,0.0844218909112522,1,1,0
2018-07-10,0,28.21999931335449,28.520000457763672,27.65333366394043,28.126665115356445,21.80073547363281,22691850,14.380586073040885,0.0026108729599185,0.0452116283557341,0.0277640057765,0.0190003088386124,0.0449764686641967,0.0844028139878188,1,1,1
2018-07-11,0,27.84000015258789,28.413333892822266,27.84000015258789,28.239999771118164,21.88857078552246,23444250,14.86324212019386,0.0040209121065048,0.048613030585447,0.0293522160913751,0.0189959830704018,0.0449771700694556,0.0843839335834628,1,1,1
2018-07-12,0,28.37333297729492,28.84000015258789,28.3266658782959,28.773332595825195,22.301965713500977,20319150,15.307492673524028,0.0187102045136389,0.0440520653913708,0.077407041094803,0.0189956795341659,0.0449757406121232,0.0843773628499432,1,1,1
2018-07-13,0,28.6200008392334,29.51333236694336,28.6200008392334,29.50666618347168,22.87035751342773,19735650,15.69675517229515,0.0251668171630297,0.0531262503623208,0.1045783233253575,0.0189988330763869,0.0449787320251135,0.0843835050832393,1,1,1
2018-07-16,0,29.459999084472656,29.63999938964844,29.13999938964844,29.39999961853028,22.78768539428711,14267400,14.881161560950977,-0.0036213645712536,0.0559582339395546,0.11078431884055,0.0189945467319249,0.0449832652825341,0.0843931027782702,-1,1,1
2018-07-17,0,29.200000762939453,30.09333229064941,29.15333366394043,29.953332901000977,23.216567993164062,16505700,15.47788153210123,0.0186458856732225,0.065533327845061,0.1655260338497606,0.0189942066421384,0.0449936645867389,0.0844427909949929,1,1,1
2018-07-18,0,29.84666633605957,30.0,29.540000915527344,29.57333374023437,22.92203140258789,14705100,15.58116067112521,-0.0127676433842184,0.0501548115009239,0.1430911336883116,0.0189918755419442,0.0449950594992829,0.0844738765202409,-1,1,1
2018-07-19,0,29.253332138061523,30.0,28.979999542236328,30.0,23.252742767333984,15625200,16.032178685808535,0.0143245755136311,0.0604584749080502,0.1779049600575513,0.0189898093376975,0.0450021734561366,0.084534692502892,1,1,1
2018-07-20,0,30.84000015258789,31.03333282470703,30.58666610717773,30.85333251953125,23.91414260864257,25491600,17.244595291461618,0.0280469313121017,0.0697952017065131,0.1618235204529212,0.018994820102133,0.0450154117937844,0.0845807331611465,1,1,1
2018-07-23,0,30.76000022888184,30.81333351135254,30.16666603088379,30.26000022888184,23.45426177978516,12138750,17.39500680906001,-0.0194178074854321,0.0252105770580509,0.1240375259519141,0.0189952157709001,0.0450075182608859,0.0845981054589945,-1,1,1
2018-07-24,0,30.58666610717773,30.65333366394043,30.07999992370605,30.239999771118164,23.438758850097656,17226450,17.019772561973113,-0.0006612041640343,0.0281707374652702,0.150415393374005,0.0189907574880843,0.0450003824534241,0.0846344775300743,0,1,1
2018-07-25,0,30.540000915527344,31.38666534423828,30.520000457763672,31.19333267211914,24.17768287658692,17867400,16.68482805860159,0.0310389992709499,0.0405638510629975,0.1737995307345837,0.0189979177792277,0.0449974008182473,0.0846908746137183,1,1,1
2018-07-26,0,30.946666717529297,31.200000762939453,30.47333335876465,30.700000762939453,23.795307159423828,21151050,16.89172649882017,-0.0159416294369113,0.0373898650103048,0.1558266998860791,0.0189967575384646,0.0449931991050929,0.0847313907107834,-1,1,1
2018-07-27,0,30.87333297729492,31.126665115356445,30.559999465942383,30.86666679382324,23.92448234558105,19142400,16.91900542301541,0.0054139174968205,0.0284792069934944,0.1645439114050046,0.0189926023005864,0.0449861489263571,0.0847791786503799,1,1,1
2018-07-30,1,31.04666519165039,31.53333282470703,30.953332901000977,31.31333351135254,24.27070045471192,15570750,17.13685251300783,0.0143675796929949,0.0147998553743875,0.1971475731955274,0.0189905509696785,0.0449763520471529,0.0848581769602793,1,1,1
2018-07-31,0,30.52666664123535,30.71333312988281,29.933332443237305,30.0,23.252742767333984,35539350,18.965649661427875,-0.0428467866864892,-0.0086291238266695,0.1269440482172633,0.0190092107622732,0.0449664051966907,0.084876924299265,-1,-1,1
2018-08-01,0,29.986665725708008,30.453332901000977,29.933332443237305,30.36666679382324,23.54478454589844,18910050,19.411983309167987,0.012481239353583,0.0045133196909479,0.1221722547238722,0.0190065530287926,0.0449558460518946,0.0848925355056678,1,1,1
2018-08-02,0,30.13333320617676,30.65333366394043,29.87333297729492,30.47333335876465,23.627490997314453,18909450,19.75635818051789,0.0035065739445701,-0.0230191056354319,0.1250593187916504,0.0190022124535089,0.0449486628121767,0.0849099398813359,1,-1,1
2018-08-03,0,30.700000762939453,31.286666870117188,30.700000762939453,31.200000762939453,24.19091415405273,18072450,19.044861152991533,0.0235662076234206,0.0164887314249,0.1253543567073559,0.0190043782909427,0.044939128523126,0.0849274796127085,1,1,1
2018-08-06,0,31.3266658782959,31.440000534057617,30.799999237060547,30.97333335876465,24.01516532897949,13164000,19.174558510337118,-0.0072915949868714,0.0037832189412079,0.1019701295284047,0.0190006538641218,0.0449285777323537,0.0849313528597841,-1,0,1
2018-08-07,0,31.16666603088379,31.233333587646484,30.34666633605957,30.786666870117188,23.870433807373047,20860350,19.563189847736695,-0.0060449055638707,-0.0166292663156575,0.1023785721130214,0.0189967141318629,0.0449199250295761,0.0849354109859116,-1,-1,1
2018-08-08,0,30.786666870117188,31.13333320617676,30.04666519165039,30.066665649414062,23.31218910217285,21587550,19.857248488390564,-0.0236642527186616,0.0025532676521699,0.0696435276266435,0.0189994011939648,0.0449093792877965,0.0849254607611049,-1,0,1
2018-08-09,0,30.33333206176757,30.433332443237305,29.68000030517578,29.90666580200196,23.18812370300293,15496050,19.263147864969525,-0.005336122966667,-0.01526409466808,0.0616965317000581,0.0189953570501859,0.0449004761843968,0.0849130167545206,-1,-1,1
2018-08-10,0,29.446666717529297,29.453332901000977,28.520000457763672,28.81999969482422,22.3455810546875,22262850,19.42616310991364,-0.0370116524112966,-0.0557823210239468,0.0206639671822565,0.01900812794403,0.0449076316618062,0.0848933065327431,-1,-1,1
2018-08-13,0,28.600000381469727,29.34000015258789,28.299999237060547,29.04666519165039,22.521329879760746,25018650,20.191798361387864,0.0078342689659377,-0.0715142596814299,0.0097880316345551,0.0190043675525909,0.0449256012763217,0.0848732543262885,1,-1,1
2018-08-14,0,29.50666618347168,29.68666648864746,29.16666603088379,29.64666557312012,22.98653984069824,15834450,18.283662750965203,0.0204459654978334,-0.0437766991967251,0.0050671799693587,0.0190048789412165,0.0449261711349611,0.0848532667193547,1,-1,0
2018-08-15,0,29.15333366394043,29.566665649414062,29.0,29.446666717529297,22.83146858215332,23446950,18.655442431421942,-0.0067690349709194,-0.0445008286037738,0.0019195095696928,0.0190010665874439,0.0449270807762452,0.08483339564348,-1,-1,0
2018-08-16,0,29.540000915527344,29.66666603088379,29.246665954589844,29.40666580200196,22.80045509338379,14976900,18.22090883165348,-0.0013592893328481,-0.0221958652179603,-0.0180856654363776,0.0189966657646928,0.0449196926202419,0.0848154762596876,0,-1,-1
2018-08-17,0,29.0,29.246665954589844,28.626665115356445,28.65333366394043,22.216365814208984,20311500,18.27892201401509,-0.0259512798784378,-0.0428110221297311,-0.031269301930597,0.0190007453198883,0.0449197796198639,0.0848000594996415,-1,-1,-1
2018-08-20,0,28.01333236694336,28.51333236694336,27.959999084472656,28.35333251953125,22.047975540161133,25705650,19.313117855668725,-0.0076084306786223,-0.0134078003970566,-0.0532023081228504,0.0189970922128151,0.0449105548711992,0.0847909307983126,-1,-1,-1
2018-08-21,0,28.14666557312012,28.36000061035156,27.733333587646484,27.986665725708008,21.76284408569336,22427400,19.27242380737816,-0.0130166695258189,-0.0342587388888133,-0.0942659089607711,0.0189948580525081,0.0449070009880691,0.0848007274494179,-1,-1,-1
2018-08-22,0,27.87333297729492,28.700000762939453,27.66666603088379,28.65333366394043,22.281269073486328,13232700,18.412409152547365,0.0235422577328058,-0.0311624466538409,-0.0513058437425332,0.0189970245844934,0.0449023173847705,0.0847909328421743,1,-1,-1
2018-08-23,0,28.63999938964844,28.81999969482422,27.540000915527344,27.540000915527344,21.41551971435547,20467050,18.738355345094348,-0.0396304941676265,-0.0640239058505479,-0.0902751337461253,0.0190122038147853,0.0449146582164658,0.0847984297201485,-1,-1,-1
2018-08-24,0,28.066665649414062,28.1200008392334,27.459999084472656,27.746665954589844,21.57622337341309,10278000,17.600608701392574,0.0074760591691151,-0.0551885573485846,-0.11383807384796,0.0190083978954025,0.044921289456917,0.0848204193196829,1,-1,-1
2018-08-27,0,28.066665649414062,28.72666549682617,27.90666580200196,28.66666603088379,22.2916202545166,16135650,16.759774974180896,0.0326188958567781,0.0033816183866312,-0.0652775485542706,0.0190167158561913,0.0449108147225203,0.0848158038090521,1,0,-1
2018-08-28,0,28.5,28.71333312988281,28.21999931335449,28.466665267944336,22.136106491088867,13424250,16.48404685780042,-0.0070007812676972,0.0039892677975561,-0.0776922473187886,0.019012954660414,0.0449003567695379,0.0848167159426099,-1,0,-1
2018-08-29,0,28.52666664123535,29.020000457763672,28.5,28.940000534057617,22.504175186157227,10291350,15.230699672395485,0.0164908025869273,0.0334967399103025,-0.0755690244248561,0.0190117130696288,0.0448949769176279,0.0848166010066627,1,1,-1
2018-08-30,0,28.706666946411133,28.799999237060547,27.780000686645508,27.799999237060547,21.617700576782227,18547650,15.476134276324586,-0.0401884055704614,-0.0302339233929647,-0.0729106433088284,0.0190273910576177,0.0448899739403642,0.0848152435530856,-1,-1,-1
2018-08-31,0,27.786666870117188,28.420000076293945,27.786666870117188,28.18000030517578,21.91319274902344,18399000,15.277785420571911,0.0135764138241355,0.0229729845987971,-0.0718154688382759,0.0190251047230159,0.0448817595274062,0.08481337750725,1,1,-1
2018-09-03,0,27.8933334350586,28.020000457763672,27.780000686645508,27.780000686645508,21.60981559753418,6474900,13.516438315314176,-0.0139412267966736,0.0015556986330084,-0.0892632695795197,0.0190231809606222,0.0448713131032279,0.0848201227398118,-1,0,-1
2018-09-04,0,27.72666549682617,27.920000076293945,27.31333351135254,27.540000915527344,21.423114776611328,17615850,13.059642524624511,-0.0086771684261695,-0.039740365649939,-0.1215066456291098,0.0190197590028671,0.0448699878555617,0.0848471831225648,-1,-1,-1
2018-09-05,0,27.33333206176757,27.89999961853028,27.206666946411133,27.700000762939453,21.547588348388672,11727750,12.885764997763273,0.0057934318443014,-0.0269461525379403,-0.1084216187979369,0.0190157073465595,0.0448639463703466,0.0848652280861847,1,-1,-1
2018-09-06,0,27.913333892822266,28.626665115356445,27.57333374023437,28.39999961853028,22.092103958129883,19666350,12.86991312649979,0.0249563570191855,-0.0184805981056822,-0.0774203562148808,0.019018678310265,0.0448557240126383,0.0848658318572432,1,-1,-1
2018-09-10,0,28.72666549682617,28.76666641235352,28.33333206176757,28.65999984741211,22.29436683654785,14228100,13.26377301193324,0.0091137806096227,0.030821588074402,-0.0446423228865965,0.0190152027620197,0.0448495567676766,0.084853811321474,1,1,-1
2018-09-11,0,28.1200008392334,28.126665115356445,27.51333236694336,27.67333221435547,21.526836395263672,21475950,13.687234156545662,-0.0350336771237183,-0.0177885028734519,-0.0743398770436477,0.0190260550485709,0.0448412014268049,0.084852953132792,-1,-1,-1
2018-09-12,0,27.920000076293945,28.106666564941406,27.559999465942383,27.753332138061523,21.589067459106445,19542600,14.202000302204606,0.0028866892025326,-0.0009605868742455,-0.0344415354298184,0.0190217267218169,0.0448308417180371,0.0848382209143835,1,0,-1
2018-09-13,0,27.913333892822266,27.99333381652832,27.47333335876465,27.600000381469727,21.46979141235352,17702850,14.814698096463236,-0.0055401538712474,0.0021764276806763,-0.0478159582670035,0.0190177450799157,0.0448204389258004,0.0848271605215773,-1,0,-1
2018-09-14,0,27.553333282470703,28.253332138061523,27.54666519165039,28.08666610717773,21.848365783691406,18744900,14.850136170743042,0.0174792296998436,0.0138622255362186,-0.0507826940649933,0.0190169141848902,0.044810752235124,0.0848170466531737,1,1,-1
2018-09-17,0,27.8799991607666,28.786666870117188,27.8799991607666,28.753332138061523,22.3669548034668,15439650,14.611446478554695,0.0234585114107255,0.0123643799277583,-0.0205551476833485,0.0190190044549916,0.0448009021056211,0.0847995709655186,1,1,-1
2018-09-18,0,28.600000381469727,29.02666664123535,28.51333236694336,28.72666549682617,22.346210479736328,22239600,16.08481725331116,-0.0009278844424203,0.0023227148757154,-0.0201237427929206,0.0190146278330852,0.0447905208388306,0.0847820372180629,0,0,-1
2018-09-19,0,28.34666633605957,29.18000030517578,28.280000686645508,28.926666259765625,22.50179481506348,18238800,16.221072236522385,0.0069383223829265,0.0442947143823605,0.0127658594684438,0.0190107588562399,0.0447893201553606,0.0847623029071364,1,1,1
2018-09-20,0,29.100000381469727,29.39999961853028,28.706666946411133,28.739999771118164,22.3565731048584,12997500,16.377363408242907,-0.0064746991148999,0.0349333260649277,0.013899591032166,0.0190069365350262,0.0447844918163315,0.0847426122560088,-1,1,1
2018-09-21,0,29.066665649414062,29.566665649414062,28.86666679382324,29.22666549682617,22.735157012939453,25369800,16.964630230927746,0.0167921170019174,0.0572655969380928,0.0437083775599024,0.0190058248544496,0.0447897873307634,0.0847262569673677,1,1,1
2018-09-24,0,29.239999771118164,29.33333206176757,28.413333892822266,28.5,22.169902801513672,10768500,16.64082283746219,-0.0251768540905741,0.014609513147675,-0.0050107342634772,0.0190093602275344,0.0447802192768401,0.084707020478329,-1,1,0
2018-09-25,0,28.18666648864746,28.739999771118164,27.953332901000977,28.566665649414062,22.22175407409668,20518800,16.614637873878646,0.0023360829404898,-0.0065129153225604,0.036955842844639,0.0190050229809765,0.0447702613582374,0.0846895086047139,1,-1,1
2018-09-26,0,28.799999237060547,29.239999771118164,28.65333366394043,28.8799991607666,22.46549415588379,18314700,16.571483886460886,0.0109088166567508,0.0053237857766107,0.0403886003322749,0.0190019904171934,0.0447599652764343,0.0846725753055882,1,1,1
2018-09-27,0,29.066665649414062,29.67333221435547,28.986665725708008,29.67333221435547,23.08262252807617,21627150,17.063095976830553,0.0270995239366797,0.0254849873303638,0.0348692284121763,0.0190062734735749,0.0447524165925316,0.084654770944506,1,1,1
2018-09-28,0,29.18000030517578,29.5,29.0,29.420000076293945,22.88555145263672,14318700,16.72532360530431,-0.0085742924173866,0.0233853940278771,0.033295717262487,0.019002866696845,0.0447443904292961,0.0846367573403363,-1,1,1
2018-10-01,0,29.5,29.67333221435547,28.8266658782959,29.07999992370605,22.628761291503903,12449100,16.462752259337083,-0.0112840498031242,-0.0046907727771644,0.0055208648724354,0.0190001378164497,0.0447343135686968,0.084617107361161,-1,-1,0
2018-10-02,0,29.786666870117188,30.38666534423828,29.76000022888184,30.200000762939453,23.500303268432617,31706400,17.486703305456263,0.0377916054093474,0.0582776867227571,0.0835008758522445,0.0190127136562249,0.044740174160524,0.0846128427185719,1,1,1
2018-10-03,0,31.86000061035156,32.53333282470703,31.26000022888184,31.566665649414062,24.563770294189453,55212300,21.38963232979224,0.0442592789974663,0.1002008827797336,0.1141837410255754,0.0190316048798025,0.0447792322645478,0.0846237527385063,1,1,1
2018-10-04,0,31.33333206176757,31.68000030517578,30.76666641235352,31.600000381469727,24.589717864990234,27249000,22.95550427244745,0.0010557774913956,0.0903478436143782,0.1291807453136446,0.0190272343851377,0.0448087608210304,0.0846439134591305,0,1,1
2018-10-05,0,31.99333381652832,32.09333419799805,31.280000686645508,31.49333381652832,24.5067138671875,22631850,22.864084918520724,-0.0033812671901431,0.0598670524875556,0.134476646549671,0.0190230350700409,0.0448154312618289,0.0846675847717137,-1,1,1
2018-10-08,0,33.93333435058594,34.733333587646484,32.99333190917969,33.36666488647461,25.96446418762207,65518350,28.89875561260567,0.0577817257305673,0.1262230706355095,0.1864649404359371,0.019058361658417,0.0448838018220261,0.0847343395963402,1,1,1
2018-10-09,0,33.53333282470703,33.586666107177734,32.913333892822266,33.19333267211914,25.82958030700684,23044800,29.47347141188219,-0.0052084824370038,0.1322986380016297,0.1563001009797476,0.0190543690236089,0.0449598170337262,0.0847741105207059,-1,1,1
2018-10-10,0,32.733333587646484,32.79999923706055,32.04666519165039,32.04666519165039,24.93729782104492,21073500,29.944172441360596,-0.0351557715083654,0.0593512610839168,0.1120305488617594,0.0190652357340086,0.0449660012726796,0.0847834940541835,-1,1,1
2018-10-11,0,32.30666732788086,32.43333435058594,31.39999961853028,31.66666603088379,24.64159202575684,34043400,31.345836077341573,-0.0119288391774197,0.0031631429090307,0.135135386808058,0.0190626942773285,0.0449556651359532,0.0848072944532987,-1,0,1
2018-10-15,0,32.133331298828125,32.313331604003906,31.90666580200196,32.03333282470703,24.92691802978516,26987850,32.7696192742179,0.0115125169217673,0.0136198823394024,0.1437612145272927,0.0190598064606834,0.0449459627441168,0.0848371610381576,1,1,1
2018-10-16,0,32.279998779296875,33.313331604003906,32.18666458129883,33.313331604003906,25.92295455932617,23164650,34.0851056254784,0.0391805876815082,0.0561817372110536,0.1884819560800484,0.0190734957131602,0.0449503403222338,0.0849052013547755,1,1,1
2018-10-17,0,33.0,33.34666442871094,32.7400016784668,32.96666717529297,25.653194427490234,24633150,33.61802079001999,-0.0104607496704316,-0.0120607381899454,0.160541976709773,0.019070550423973,0.0449411110996598,0.084947910293105,-1,-1,1
2018-10-18,0,32.7599983215332,32.7599983215332,31.986665725708008,31.986665725708008,24.89061164855957,14770200,29.53861534496564,-0.0301774128000241,-0.0370296685529657,0.1069060524990234,0.0190774204621128,0.0449387940638085,0.084954200004785,-1,-1,1
2018-10-19,0,32.233333587646484,32.4466667175293,31.8266658782959,31.953332901000977,24.86466217041016,10510050,27.85203979094204,-0.0010430846224113,-0.0029169816670116,0.1067908523190323,0.0190730797673266,0.0449286373727117,0.0849603984203694,0,0,1
2018-10-22,0,32.313331604003906,32.65999984741211,32.30666732788086,32.41999816894531,25.227792739868164,8588400,26.457417385930825,0.0144986677641275,0.0235105252745356,0.1143511977002331,0.0190710963329704,0.0449205815973321,0.0849707243451103,1,1,1
2018-10-23,0,31.799999237060547,32.58000183105469,31.799999237060547,32.53333282470703,25.31598472595215,14102850,20.910876388675774,0.0034897302895642,0.0154877386423325,0.1243156271046974,0.0190668489250196,0.0449111419485688,0.0849869593854974,1,1,1
2018-10-24,0,32.53333282470703,32.599998474121094,31.53333282470703,31.68666648864746,24.657155990600582,13631550,19.84160369251643,-0.0263688413401252,-0.0500616903793007,0.0811546687626547,0.0190710871109046,0.0449149630777446,0.0849812962817762,-1,-1,1
2018-10-25,0,31.89999961853028,32.56666564941406,31.68000030517578,32.0533332824707,24.942481994628903,23193300,20.06023620541669,0.0115052916931064,-0.0280956490157627,0.1178368145463352,0.0190682056817377,0.0449094560453683,0.0849935346551877,1,-1,1
2018-10-26,0,32.34666442871094,32.6533317565918,31.85333251953125,32.6533317565918,25.40936851501465,34681050,20.23495300809869,0.0185454912637412,0.0206272550480027,0.1340462228695867,0.0190677880668063,0.0449008505857868,0.085015957923237,1,1,1
2018-10-29,1,32.619998931884766,32.880001068115234,31.66666603088379,32.0533332824707,24.942481994628903,38722950,21.44452856264595,-0.0185454912637413,0.0031248484066727,0.1045919149490944,0.0190677391040861,0.0448905812040958,0.085020810341472,-1,0,1
2018-10-30,0,31.5,33.20000076293945,31.14666557312012,32.99333190917969,25.673948287963867,43226100,23.54611674183295,0.0289043385514238,0.0175305191939689,0.1063967295638384,0.0190730971292893,0.0448814647629051,0.0850265721923699,1,1,1
2018-10-31,0,33.33333206176758,33.51333236694336,32.14666748046875,32.83333206176758,25.5494384765625,24243150,23.49445225229312,-0.0048614535072785,0.0091793353971263,0.1101095684739466,0.019069081790037,0.0448714328363083,0.0850342854355834,-1,1,1
2018-11-01,0,33.0,33.36000061035156,32.5533332824707,33.293331146240234,25.915292739868164,22692000,24.40406275326817,0.0142179087590533,0.0497660854963049,0.1356115270361239,0.0190670098405537,0.0448725381090893,0.0850575677918143,1,1,1
2018-11-05,0,33.33333206176758,33.68666458129883,33.17333221435547,33.6533317565918,26.19550132751465,25894650,26.124798104565823,0.0107544432340511,0.0490152370372496,0.1085743648608277,0.0190639398691314,0.0448732742495516,0.0850643744347596,1,1,1
2018-11-06,0,33.1533317565918,33.86666488647461,33.133331298828125,33.86666488647461,26.361549377441406,24220050,27.865411607738004,0.0063187945360251,0.0367885403095335,0.0706338803993866,0.019060012563666,0.0448689860157343,0.085054801101877,1,1,1
2018-11-07,0,33.973331451416016,34.220001220703125,33.34000015258789,33.900001525878906,26.387510299682617,23278050,28.926843884041563,0.0009843179952857,0.0563183495685606,0.0705624209032767,0.0190556779406896,0.0448734226840606,0.0850452028849281,0,1,1
2018-11-08,0,34.0,34.31999969482422,33.400001525878906,33.43333435058594,26.024259567260746,21134100,29.809440293688585,-0.0138616402280842,0.0135523707890527,0.0600820478653356,0.019053781901565,0.0448637987691876,0.0850324670092908,-1,1,1
2018-11-09,0,33.33333206176758,34.00666427612305,33.073333740234375,33.85333251953125,26.35117530822754,23419950,29.96890851644148,0.0124837144498706,0.030897538746202,0.0147840365846389,0.0190511828499575,0.0448576357758643,0.0850130077869321,1,1,1
2018-11-12,0,33.77333450317383,34.133331298828125,33.599998474121094,33.9466667175293,26.423843383789062,13115700,27.762639276881963,0.0027538833064578,0.0194335132936066,0.0227464023281007,0.0190469167393128,0.0448488504538161,0.0849939418127144,1,1,1
2018-11-13,0,33.9466667175293,34.233333587646484,33.47999954223633,33.81999969482422,26.325241088867188,19213800,25.864281789431043,-0.0037385448772163,0.0049405251823389,0.0541636289592498,0.0190427970614044,0.0448386647891872,0.0849797239388069,-1,1,1
2018-11-14,0,33.793331146240234,34.233333587646484,33.540000915527344,34.11333465576172,26.55356407165528,27292350,24.275260787597592,0.0086357625158867,0.0072574931622005,0.0747282306525563,0.0190392746980615,0.0448285674973361,0.0849715564204504,1,1,1
2018-11-16,0,34.33333206176758,35.26666641235352,34.220001220703125,35.16666412353516,27.373476028442383,28899900,24.98375032308739,0.0304105377275534,0.0366837128944681,0.0936262514583423,0.0190456575236086,0.0448242488966356,0.0849709447652305,1,1,1
2018-11-19,0,35.02666473388672,35.313331604003906,34.880001068115234,35.14666748046875,27.357898712158203,19605300,24.77036802371156,-0.0005692280443757,0.0499761250781765,0.0538764357324585,0.0190413487103226,0.0448254115803114,0.0849566639981975,0,1,1
2018-11-21,0,34.9900016784668,35.25,34.54999923706055,34.689998626708984,27.00244331359864,15986300,23.752545080104927,-0.0130779333424392,0.0244144772858667,0.0512592520604509,0.0190392091490594,0.0448176184347409,0.0849417894581549,-1,1,1
2018-11-22,0,35.0,35.040000915527344,34.45000076293945,34.61000061035156,26.940168380737305,6612800,21.85299283108534,-0.0023089338306701,0.0193516601487386,0.0791277310298049,0.0190349835204133,0.0448088437671204,0.0849351978736458,-1,1,1
2018-11-23,0,34.61000061035156,34.720001220703125,34.279998779296875,34.56999969482422,26.90903854370117,11898800,20.63953027016012,-0.0011561856629602,0.0219340193629946,0.0790146299892561,0.0190307010327696,0.0448005437506811,0.0849285580602031,0,1,1
2018-11-26,0,34.75,35.08000183105469,33.720001220703125,34.0,26.465351104736328,21551300,20.72356028039687,-0.0166258635332772,-0.0033276066861692,0.0478900986918512,0.01902985623645,0.0447905586046913,0.0849129782423275,-1,0,1
2018-11-27,0,34.25,35.22999954223633,34.02000045776367,35.150001525878906,27.360504150390625,17385300,20.139770884269872,0.033264147154534,-0.0004739972591886,0.0776645155568211,0.0190383610353855,0.0447804472144819,0.0849058394180742,1,0,1
2018-11-28,0,35.099998474121094,36.09000015258789,34.81999969482422,36.02999877929688,28.045482635498047,19325800,20.946233596557807,0.0247270530025043,0.0248222837876912,0.1287604098994506,0.0190410548833871,0.0447727700119338,0.0849242611530585,1,1,1
2018-11-29,0,35.619998931884766,36.47999954223633,35.5099983215332,36.34999847412109,28.294567108154297,14529100,20.55539735412677,0.0088422391063051,0.0467424562364357,0.1260973573126495,0.0190375826968163,0.044772434116628,0.0849409504664201,1,1,1
2018-11-30,0,36.060001373291016,36.83000183105469,36.02000045776367,36.02000045776367,28.037708282470703,21824300,20.089902143070667,-0.0091194827135212,0.0399319073535845,0.0984323833353869,0.0190343690956626,0.0447692917825741,0.0849424361118466,-1,1,1
2018-12-03,0,36.79999923706055,36.79999923706055,35.27000045776367,35.54999923706055,27.68338966369629,23860300,19.55115739753061,-0.0127177463286869,0.028370346687858,0.1042601282704412,0.0190321285090695,0.0447624735844915,0.0849467491263763,-1,1,1
2018-12-04,0,35.650001525878906,36.02000045776367,34.95000076293945,35.5099983215332,27.65223693847656,23397800,20.00772237063457,-0.0011259555705376,0.0438702546505976,0.0742298341484801,0.0190278594832434,0.0447608857430723,0.0849383252677346,0,1,1
2018-12-05,0,35.599998474121094,35.83000183105469,35.34000015258789,35.529998779296875,27.667818069458008,14000400,19.824881966200262,0.0005633086008763,0.01116941609694,0.0796545962566348,0.0190235639156006,0.0447511138807371,0.0849318349422369,0,1,1
2018-12-06,0,35.0099983215332,35.849998474121094,34.79999923706055,35.849998474121094,27.9169979095459,18612400,21.23389143278234,0.0089658121523541,-0.00459182475321,0.0744024996499358,0.0190201304669569,0.0447412670141542,0.084923462472912,1,-1,1
2018-12-07,0,35.630001068115234,36.34999847412109,35.400001525878906,35.560001373291016,27.691186904907227,16980000,21.852914899652024,-0.0081215470920224,-0.0215556109515376,0.0555265093238622,0.0190167126775116,0.0447341424089601,0.0849095707759555,-1,-1,1
2018-12-10,0,35.45000076293945,35.7400016784668,34.529998779296875,34.61000061035156,26.951393127441406,15066200,21.174896433846456,-0.0270792112317553,-0.0395153394697716,0.0221285035560816,0.0190214067242878,0.0447330592350982,0.0848906088386596,-1,-1,1
2018-12-11,0,35.099998474121094,35.15999984741211,34.349998474121094,34.91999816894531,27.192794799804688,19754600,21.428727689809712,0.0089170520850581,-0.0178805410560266,0.0300612376458539,0.0190179711930829,0.0447251028015302,0.0848723235050039,1,-1,1
2018-12-12,0,35.099998474121094,35.380001068115234,34.72999954223633,35.15999984741211,27.37969017028809,32166600,22.82642128254817,0.0068494627382447,-0.0099051227472444,0.0507723406121827,0.0190141731571367,0.0447158119067601,0.084857370771842,1,-1,1
2018-12-13,0,35.13999938964844,35.779998779296875,34.93000030517578,35.779998779296875,27.862489700317383,16412500,23.01706030196906,0.0174798251680439,0.007011393819923,0.0557684513303559,0.0190133259716969,0.0447058139632171,0.0848435692898158,1,1,1
2018-12-14,0,35.4900016784668,35.75,35.209999084472656,35.52000045776367,27.660036087036133,12153900,21.87927177856692,-0.0072926981499693,-0.0092471164824002,0.0457218698739289,0.0190097572480754,0.0446964539802293,0.0848276097799283,-1,-1,1
2018-12-17,0,35.5,35.540000915527344,34.560001373291016,34.56999969482422,26.92024612426757,14529400,20.76759208997216,-0.0271099833627081,-0.0282355527530861,0.022350431388437,0.0190144646410724,0.0446912104189965,0.0848087194686344,-1,-1,1
2018-12-18,0,34.720001220703125,35.40999984741211,34.58000183105469,35.119998931884766,27.35692024230957,14509700,19.735711646948197,0.016090874637315,0.0149345331159841,0.0298055435098654,0.0190130850986652,0.0446818922047441,0.0847904614576075,1,1,1
2018-12-19,0,35.349998474121094,35.75,34.650001525878906,34.650001525878906,26.99081039428711,14979900,19.80569376543905,-0.0134730698724335,-0.0074555888415075,-0.0140780640901216,0.019011101161631,0.0446723491133289,0.0847728465124377,-1,-1,-1
2018-12-20,0,34.97999954223633,35.220001220703125,34.58000183105469,34.63999938964844,26.9830265045166,27234500,20.693996547486407,-0.000288431961547,-0.0145934835412992,-0.0137972680072929,0.0190068367041615,0.0446638001569147,0.0847552056539244,0,-1,-1
2018-12-21,0,34.900001525878906,35.029998779296875,34.220001220703125,34.47999954223633,26.85839080810547,28160500,21.87479707524013,-0.0046297413871089,-0.0367030500964522,-0.0053490760519627,0.0190028723082139,0.0446615704290952,0.0847366675163811,-1,-1,0
2018-12-26,0,34.09000015258789,34.16999816894531,33.2599983215332,33.72999954223633,26.274168014526367,19164300,22.27701275546319,-0.0219920272206923,-0.0514023791671752,-0.0250321694419848,0.0190045459555315,0.0446662523703034,0.0847208472339723,-1,-1,-1
2018-12-27,0,33.65999984741211,34.459999084472656,33.65999984741211,34.29999923706055,26.71817970275879,13648600,21.565118074191982,0.0167579697174202,-0.0075344260870467,-0.0071180140616042,0.0190034294633307,0.0446567326470088,0.0847024902397078,1,-1,0
2018-12-28,0,34.630001068115234,35.63999938964844,34.439998626708984,35.5,27.66147232055664,13683000,19.492699718130574,0.0346963326008827,0.0110710318765208,0.0442041820725555,0.0190130103395832,0.0446470523556856,0.0846863509092271,1,1,1
2019-01-02,0,35.439998626708984,37.13999938964844,35.349998474121094,37.0,28.842453002929688,25581700,20.650377330669635,0.0418078103278443,0.0663519120767987,0.0527478452458659,0.019028896016568,0.0446574210160239,0.0846719528227679,1,1,1
2019-01-03,0,36.75,37.61000061035156,36.45000076293945,37.61000061035156,29.31797790527344,21938600,21.91729299672896,0.0163525438644876,0.0829928879028335,0.0443733361078492,0.0190276022285214,0.044679794295429,0.0846558604056835,1,1,1
2019-01-04,0,37.220001220703125,37.709999084472656,36.75,36.97999954223633,28.82686233520508,24873500,23.262083730392597,-0.0168932358429866,0.0707293934469558,0.0186378611585573,0.0190268900151306,0.0446929821258819,0.0846368973120507,-1,1,1
2019-01-07,0,36.79999923706055,37.5,36.75,37.04999923706055,28.88143539428711,16901100,23.6383698692026,0.0018913424064579,0.0946127630741062,0.0296486862785367,0.0190226549015628,0.0447252738947113,0.0846187457125676,0,1,1
2019-01-08,0,37.18000030517578,37.56999969482422,36.560001373291016,37.52000045776367,29.24781990051269,19556300,24.33021983606649,0.0126060227765416,0.0904608161332275,0.0549724553837652,0.0190201309787775,0.0447537440690757,0.0846048961978438,1,1,1
2019-01-09,0,37.900001525878906,38.09000015258789,37.58000183105469,38.09000015258789,29.69215202331543,20307500,23.785949184904965,0.015077731667155,0.0708422151994999,0.0711761426214579,0.0190183841149143,0.0447668605631905,0.0845955895928458,1,1,1
2019-01-10,0,37.91999816894531,38.38999938964844,37.63999938964844,37.83000183105469,29.48946189880371,24741800,23.675674813101608,-0.0068497934946709,0.0221846113769848,0.0637630405259107,0.0190147640433954,0.0447586976724381,0.0845840337544025,-1,1,1
2019-01-11,0,37.59999847412109,37.93000030517578,37.29999923706055,37.59999847412109,29.3101806640625,13630100,23.246412341524245,-0.0060980571477572,-0.0002659896352599,0.0486991712257992,0.0190110232014326,0.0447487238548881,0.0845688180860204,-1,0,1
2019-01-14,0,37.56999969482422,37.880001068115234,37.45000076293945,37.880001068115234,29.5284481048584,17397500,23.861492270762653,0.0074192225947567,0.0240464688024834,0.0642399409125785,0.0190073437985267,0.0447409485472273,0.0845574050423602,1,1,1
2019-01-15,0,37.68000030517578,37.7400016784668,36.880001068115234,37.290000915527344,29.068532943725582,41119800,27.2320336707713,-0.0156978942385911,0.0064572321574342,0.0756212579057425,0.0190061721004096,0.0447310020600274,0.0845495869921496,-1,1,1
2019-01-16,0,37.34999847412109,37.38999938964844,36.70000076293945,37.18000030517578,28.982784271240234,17304300,26.256887148002136,-0.0029542390754824,-0.0091030296945897,0.0637499667452021,0.0190020686635485,0.0447217169344226,0.0845380360002797,-1,-1,1
2019-01-17,0,37.040000915527344,37.34999847412109,36.7400016784668,37.18000030517578,28.982784271240234,25769600,26.6847219386846,0.0,-0.0241807613617448,0.0569005040069576,0.0189978330136005,0.0447153791333351,0.0845246782968906,0,-1,1
2019-01-18,0,37.20000076293945,37.77999877929688,37.20000076293945,37.65999984741211,29.35693550109864,21326300,26.309414508402803,0.0128268137433891,-0.0045041541236849,0.0522474925823026,0.0189953893596556,0.0447056595520526,0.0845102399404402,1,-1,1
2019-01-21,0,37.5,37.630001068115234,37.04999923706055,37.34999847412109,29.115278244018555,7774500,25.22921050261416,-0.0082657596657199,-0.0066718566416475,0.051274431066552,0.0189920520597746,0.0446961293355209,0.0844955957162152,-1,-1,1
2019-01-22,0,37.34999847412109,37.58000183105469,36.970001220703125,37.290000915527344,29.068532943725582,12187000,24.33078113821697,-0.0016068150021867,-0.0156978942385911,0.0767775994270733,0.018987872282308,0.0446878712059596,0.084488181483921,0,-1,1
2019-01-23,0,37.45000076293945,37.68999862670898,36.959999084472656,37.540000915527344,29.263412475585938,27249900,25.133189549554498,0.0066817677863674,0.0066817677863674,0.0673684925761258,0.0189840972471054,0.0446779727367776,0.0844776977946645,1,1,1
2019-01-24,0,37.34999847412109,37.72999954223633,37.2400016784668,37.4900016784668,29.22443008422852,21283100,24.68902805368088,-0.0013330085509619,0.0083029983108879,0.0795085538975976,0.0189799106131497,0.0446681558815829,0.0844712544566526,0,1,1
2019-01-28,0,37.06999969482422,38.34999847412109,37.06999969482422,38.15999984741211,29.7467098236084,22555600,25.809188712040104,0.0177135255106171,0.0260165238215049,0.0975105113697616,0.0189791717080151,0.0446608734763683,0.0844722317425758,1,1,1
2019-01-29,0,38.400001525878906,38.54999923706055,37.880001068115234,37.880001068115234,29.5284481048584,15826000,25.617701945018258,-0.0073643905074314,0.0058253195706844,0.0947758622494394,0.0189756720973391,0.0446509648234315,0.0844719523518379,-1,1,1
2019-01-30,0,38.220001220703125,38.40999984741211,37.400001525878906,38.119998931884766,29.71552276611328,19386900,23.062560292448445,0.0063154201275265,0.020406499363931,0.1230833095976583,0.0189718542083666,0.0446425529175867,0.0844863794175988,1,1,1
2019-01-31,0,38.459999084472656,39.38999938964844,38.369998931884766,38.77999877929688,30.23001480102539,26940800,24.353723013540424,0.0171657370737291,0.0391790514398469,0.123491076953967,0.0189708993338217,0.044639183314828,0.0845010040670445,1,1,1
2019-02-01,0,38.59999847412109,39.09999847412109,38.34000015258789,38.810001373291016,30.265121459960938,13541300,22.962897949108196,0.0011606441458397,0.0336579277993193,0.0899553884989242,0.0189666921987851,0.0446339658903497,0.0844985724184563,0,1,1
2019-02-04,0,38.66999816894531,39.790000915527344,38.400001525878906,39.68999862670898,30.951358795166016,17686500,22.638332416142458,0.0224209585292865,0.0574118948795677,0.0705685367003665,0.0189681106583322,0.0446388357212034,0.0844890196946538,1,1,1
2019-02-05,0,38.560001373291016,38.79999923706055,37.619998931884766,38.0,29.633451461791992,71190500,30.40965339339056,-0.043513060899189,-0.0038146915302382,0.0107029319366899,0.0189865332600466,0.0446291370429123,0.084470099739262,-1,0,1
2019-02-06,0,37.79999923706055,37.88999938964844,36.400001525878906,36.400001525878906,28.385726928710938,39177200,33.536791109363875,-0.0430173942786499,-0.0394676953014569,-0.0154212264989733,0.0190043959862455,0.0446281652316898,0.0844530566619038,-1,-1,-1
2019-02-07,0,36.81999969482422,37.08000183105469,36.060001373291016,36.52999877929688,28.48709297180176,30748900,33.860812367856944,0.0035646606095729,-0.0422184548194106,-0.0137479082958584,0.0190002962218167,0.0446283838299484,0.0844357961098736,1,-1,-1
2019-02-08,0,36.47999954223633,37.54999923706055,36.34999847412109,37.310001373291016,29.09536361694336,30844700,34.997467130230845,0.0211277290935813,-0.0382564627995582,-0.0052262019788187,0.0190010664310387,0.0446268938572732,0.0844176176002533,1,-1,0
2019-02-11,0,37.310001373291016,37.40999984741211,36.59999847412109,36.88999938964844,28.76785469055176,18345900,34.406621110056484,-0.0113202284083056,-0.0507373353537038,-0.0316241620542794,0.0189984770952372,0.0446312747858212,0.0844035741577649,-1,-1,-1
2019-02-12,0,37.43999862670898,37.9900016784668,37.220001220703125,37.77000045776367,29.454084396362305,22164600,35.17217597123407,0.0235739824643342,-0.0495843114186561,-0.0012003860952743,0.0190004926409444,0.0446350315062205,0.0843851129514992,1,-1,0
2019-02-13,0,37.91999816894531,37.970001220703125,36.84999847412109,36.90999984741211,28.78343963623047,31482600,36.53428038707364,-0.0230323805336746,-0.0291036310531417,-0.0181347094811918,0.0190027185180325,0.0446301958783453,0.0843685207340689,-1,-1,-1
2019-02-14,0,37.20000076293945,37.88999938964844,36.43000030517578,37.88999938964844,29.54766273498535,32890900,37.18391169019105,0.0262044363332993,0.0401181995588075,0.0006505042573506,0.0190062247253709,0.0446272135217681,0.0843499719940695,1,1,0
2019-02-15,0,37.68999862670898,37.83000183105469,37.18999862670898,37.5,29.24353408813477,26851200,38.73298552704589,-0.0103461530358479,0.0262073859133864,0.0060022454600939,0.0190033839550054,0.0446200391146366,0.084331217218904,-1,1,0
2019-02-18,0,37.34999847412109,37.5,36.900001525878906,36.900001525878906,28.77562713623047,17601800,38.56413511610175,-0.0161297435724714,-0.0110500867526661,-0.0071732590368951,0.0190023866953606,0.0446111143554829,0.0843132845458796,-1,-1,0
2019-02-19,1,37.29999923706055,38.0,37.18999862670898,37.75,29.43848991394043,22551400,32.59825838602316,0.0227742500081912,0.0230443916638308,0.0156009909712961,0.0190039741375284,0.0446032659761369,0.0842945429969687,1,1,1
2019-02-20,0,38.02999877929688,38.380001068115234,37.27000045776367,37.27000045776367,29.064178466796875,28751200,31.457510122329403,-0.0127965634848896,-0.0133261542853931,-0.0100223862569826,0.0190018225181261,0.0445946927970636,0.084276929830711,-1,-1,-1
2019-02-21,0,37.650001525878906,37.95000076293945,37.2599983215332,37.95000076293945,29.594459533691406,25310600,30.933882842465856,0.0180807305180802,0.0277869567663618,0.0163241039268175,0.0190012317511609,0.0445879173200672,0.0842582321665135,1,1,1
2019-02-22,0,36.52999877929688,36.65999984741211,36.22999954223633,36.65999984741211,29.16439437866211,17459100,29.33174697138176,-0.0146385712509608,-0.0130560508178982,0.0032923476780435,0.0189996900970181,0.0445793132532902,0.0842396304996413,-1,-1,0
2019-02-25,0,36.75,36.880001068115234,36.08000183105469,36.09999847412109,28.71887969970703,12453300,28.629713330888205,-0.0153938588944142,-0.0181037566764644,-0.018783279002738,0.0189984186024768,0.0445716352392015,0.0842232289806319,-1,-1,-1
2019-02-26,0,36.18999862670898,36.41999816894531,36.09000015258789,36.22999954223633,28.822324752807617,8053100,26.89356774626679,0.0035955161358659,0.0016215030318731,-0.01385475431591,0.0189943457341121,0.0445617977909477,0.0842061256793822,1,0,-1
2019-02-27,0,36.220001220703125,36.369998931884766,35.90999984741211,35.90999984741211,28.567747116088867,10132700,24.348706435258745,-0.0088718936308639,-0.0300246406071822,-0.040440173457391,0.0189911710990083,0.0445573042614834,0.0841943855889717,-1,-1,-1
2019-02-28,0,35.93000030517578,36.02000045776367,35.16999816894531,35.22999954223633,28.02677154541016,18012500,22.421552322115417,-0.0191181782547537,-0.0363462553770462,-0.0521939612047134,0.0189914297422887,0.0445550625299752,0.0841862014394096,-1,-1,-1
2019-03-01,0,35.4900016784668,35.59000015258789,34.84000015258789,34.84000015258789,27.72831344604492,16152300,21.02947990656212,-0.0107061427747783,-0.0651331286699049,-0.0692155241070184,0.0189886909712115,0.0445680647188331,0.0841844475125193,-1,-1,-1
2019-03-06,0,35.13999938964844,35.220001220703125,34.66999816894531,34.849998474121094,27.73628234863281,9639100,20.04262295081053,0.0002873509678939,-0.0502072064510503,-0.0860939102128535,0.0189845137791685,0.0445721131437497,0.084190560970374,0,-1,-1
2019-03-07,0,34.79999923706055,35.540000915527344,34.66999816894531,35.33000183105469,28.11829948425293,18963500,19.50346121362243,0.0136792033886976,-0.0211341441679385,-0.0735753509699957,0.0189823678473227,0.0445651076045384,0.0841906634838948,1,-1,-1
2019-03-08,0,35.119998931884766,35.88999938964844,34.849998474121094,35.75,28.45256805419922,13565000,17.647885995728103,0.0118178304432103,-0.0129118298605941,-0.084178479056072,0.0189796917655105,0.0445564995338973,0.0841957590722832,1,-1,-1
2019-03-11,0,35.849998474121094,37.02000045776367,35.83000183105469,36.91999816894531,29.383729934692383,19995500,16.981407282451602,0.0322026955543558,0.0281627593246256,-0.0084627226025271,0.0189871833317924,0.0445498854428758,0.0841780637425595,1,1,-1
2019-03-12,0,36.91999816894531,37.0,36.59000015258789,37.0,29.447406768798828,13109300,16.473229922809516,0.0021647332531936,0.0494456708325732,0.0367194049293166,0.0189830468569639,0.0445508547553489,0.0841611768048938,1,1,1
2019-03-13,0,36.81999969482422,37.66999816894531,36.70000076293945,37.400001525878906,29.76576232910156,22202800,17.724548859786793,0.0107529670399306,0.0709047806472823,0.0439077113596743,0.0189801026234211,0.0445639743653828,0.0841454169309284,1,1,1
2019-03-14,0,37.400001525878906,37.400001525878906,36.43999862670898,36.810001373291016,29.296192169189453,17809100,18.91971128738509,-0.0159012703900352,0.0547161592893531,0.0068787118760578,0.0189790360484965,0.0445674755983016,0.0841268226453445,-1,1,0
2019-03-15,0,36.72999954223633,37.16999816894531,36.47999954223633,36.79999923706055,29.288236618041992,19106000,20.034335986418743,-0.000271592686352,0.0407653632143034,0.0179273475980114,0.018974879792552,0.0445647821527558,0.0841083338050566,0,1,1
2019-03-18,0,36.86000061035156,37.060001373291016,36.7400016784668,36.86000061035156,29.335987091064453,11303100,19.31943889135365,0.0016290359363818,0.0305765687074748,-0.004017598929941,0.0189707356582,0.044558786371741,0.0840903014281319,0,1,0
2019-03-19,0,37.0,37.0,36.0,36.0,28.65154838562012,35023800,21.61217389549035,-0.0236075041579035,-0.0252336310047845,-0.0045927225541699,0.0189732689976633,0.0445528829202917,0.0840723263027187,-1,-1,0
2019-03-20,0,36.060001373291016,36.220001220703125,35.189998626708984,35.189998626708984,28.006874084472656,26182500,23.534872127255205,-0.0227575035125294,-0.0501558677705077,-0.0535546623999986,0.018975330344901,0.044556926331518,0.084064623269936,-1,-1,-1
2019-03-21,0,35.310001373291016,35.40999984741211,34.099998474121094,34.56999969482422,27.5134334564209,31558000,24.91745196450313,-0.0177756083362978,-0.0786844431467363,-0.0609841177004484,0.0189750046282637,0.0445798253488736,0.0840595726270385,-1,-1,-1
2019-03-22,0,34.04999923706055,34.119998931884766,33.36000061035156,33.54999923706055,26.70163345336914,30631500,26.69990972600717,-0.029949633161141,-0.0927328059178422,-0.0748040072891181,0.018981494491373,0.0446148790794788,0.0840602213538743,-1,-1,-1
2019-03-25,0,33.4900016784668,34.119998931884766,33.29999923706055,33.599998474121094,26.741436004638672,19909900,26.472443438780992,0.0014895311602555,-0.0909716820712346,-0.0960887261370539,0.0189773554505574,0.0446482006412323,0.0840715945941126,0,-1,-1
2019-03-26,0,34.0,34.11000061035156,33.5,33.95000076293945,27.019981384277344,16071700,26.6714329959523,0.0103623708469804,-0.0822383471606359,-0.0729297918051837,0.0189743436839769,0.0446737854790659,0.0840713682083981,1,-1,-1
2019-03-27,0,33.43000030517578,33.63999938964844,32.790000915527344,32.79999923706055,26.10474395751953,28321300,26.995104770303737,-0.0344595849342938,-0.0930904279370261,-0.1254701072575579,0.0189842067126105,0.0447089009249227,0.0841013783933375,-1,-1,-1
2019-03-28,0,32.900001525878906,34.34000015258789,32.650001525878906,34.099998474121094,27.139366149902344,31144800,28.330080079811296,0.0388682406669192,-0.0314646837575775,-0.0719632953396779,0.0189970636115941,0.0447047939956118,0.0841006764074411,1,-1,-1
2019-03-29,0,34.52000045776367,34.54999923706055,33.91999816894531,34.43000030517578,27.40200424194336,19700400,28.24857885224285,0.0096308589314836,-0.0040582164897959,-0.04693857751378,0.0189938881385755,0.0446952269269937,0.0840907877894491,1,0,-1
2019-04-01,0,34.70000076293945,34.79999923706055,34.0,34.15999984741211,27.19897651672364,17229600,28.814076444682463,-0.0074368137026891,0.0184546029686559,-0.0579709073523352,0.018990453957618,0.0446866819707762,0.0840845356065552,-1,1,-1
2019-04-02,0,34.25,34.33000183105469,33.529998779296875,33.619998931884766,26.76900863647461,16358100,26.48013437249362,-0.0159345203165889,0.0010305514918115,-0.0650335340380602,0.0189893862042969,0.0446769231287738,0.084080938108365,-1,0,-1
2019-04-03,0,34.040000915527344,34.189998626708984,33.16999816894531,33.31999969482422,26.53013610839844,19468200,25.585521807958315,-0.0089635257212638,-0.0182953450764329,-0.0548788815045702,0.0189862565351658,0.0446692923279647,0.0840735907291776,-1,-1,-1
2019-04-04,0,33.689998626708984,34.09000015258789,33.25,33.81999969482422,26.928247451782227,18053600,24.008708560708417,0.0148945282975656,0.0310587681554267,-0.0292782104322262,0.0189845226550024,0.0446634979694388,0.0840592119081526,1,1,-1
2019-04-05,0,34.0,34.66999816894531,33.79999923706055,34.54999923706055,27.509496688842773,16192100,22.47168551646972,0.0213554524060728,0.0135459798945801,-0.0082101089940474,0.0189854116310209,0.0446543310973624,0.0840416307398874,1,1,0
2019-04-08,0,34.599998474121094,34.66999816894531,34.150001525878906,34.34000015258789,27.3422966003418,9190600,21.311609002973743,-0.0060964499547162,-0.0021813289916196,-0.0279857623374612,0.0189817658592063,0.0446446961663471,0.0840270042656902,-1,0,-1
2019-04-09,0,34.20000076293945,34.220001220703125,33.61000061035156,34.150001525878906,27.191011428833008,13385100,21.0215039343126,-0.0055483727313991,-0.0002928880203298,-0.0453519655120707,0.0189780435408604,0.0446349966985418,0.0840166533028142,-1,0,-1
2019-04-10,0,34.400001525878906,34.439998626708984,33.810001373291016,34.09000015258789,27.14323616027832,26315900,20.918251862154587,-0.00175856970463,0.0138830625916292,-0.0793132307710566,0.0189739686929151,0.0446258848638782,0.0840191969463035,0,1,-1
2019-04-11,0,33.81999969482422,34.040000915527344,33.11000061035156,33.29999923706055,26.51422500610352,12091400,18.753249234422167,-0.0234465051537341,-0.0005999168408411,-0.1049244691779845,0.0189763726036669,0.0446162072153572,0.0840354157946745,-1,0,-1
2019-04-12,0,33.0,33.81999969482422,32.650001525878906,32.95000076293945,26.23554039001465,29457500,19.714740285634143,-0.010566386670545,-0.0260608318089518,-0.1262438228884603,0.0189736286589246,0.044610496165396,0.0840655832568019,-1,-1,-1
2019-04-15,0,33.2400016784668,33.33000183105469,32.63999938964844,32.93000030517578,26.219623565673828,16527700,19.569167399357777,-0.0006068735136458,-0.0480231577286703,-0.1109494260120709,0.0189695172093083,0.0446132800330159,0.0840854027461157,0,-1,-1
2019-04-16,0,32.720001220703125,33.459999084472656,32.720001220703125,32.900001525878906,26.195720672607425,16992700,19.599067747453997,-0.0009120571493227,-0.0428387649232768,-0.1115898904750415,0.0189654166198744,0.0446136233534416,0.0841055717883348,0,-1,-1
2019-04-17,0,33.0,33.20000076293945,32.0,32.38999938964844,25.78965759277344,35979200,21.29670597344067,-0.0156225212589965,-0.0529129134508743,-0.12884144767042,0.0189642409624522,0.0446189098119007,0.0841373867115512,-1,-1,-1
2019-04-18,0,32.52000045776367,33.20000076293945,32.119998931884766,32.83000183105469,26.140012741088867,17515300,21.179918730074466,0.0134936525521185,-0.0376606911941256,-0.0917402909603978,0.0189620848917943,0.0446170727563373,0.0841458973337865,1,-1,-1
2019-04-22,0,32.77000045776367,33.150001525878906,32.38999938964844,32.7400016784668,26.068340301513672,10063200,20.42433015335377,-0.002745632850817,-0.0169598188912086,-0.0717284202986855,0.0189580851308504,0.0446092179048066,0.084144832249018,-1,-1,-1
2019-04-23,0,33.0,33.45000076293945,33.0,33.15999984741211,26.402746200561523,13401400,20.84747013961788,0.0127464647283573,0.0063530325076936,-0.0412063472340302,0.0189557144355041,0.0445995958473273,0.0841332163421167,1,1,-1
2019-04-24,0,33.18000030517578,33.2400016784668,32.68000030517578,33.209999084472656,26.442567825317383,14647000,20.94382385894269,0.0015071017374892,0.0084670077588287,-0.0097496123354,0.0189516193300687,0.0445900811306184,0.0841158168889015,0,1,-1
2019-04-25,0,33.02000045776367,33.79999923706055,32.63999938964844,33.720001220703125,26.848630905151367,19588900,20.16653828373561,0.015239699929347,0.0246187648374985,0.0040005564336914,0.0189500247465618,0.0445827805963202,0.084097515319353,1,1,0
2019-04-26,0,33.810001373291016,33.91999816894531,33.40999984741211,33.79999923706055,26.912324905395508,10071700,19.96210546855008,0.0023695274418214,0.0426108135383165,-0.0039922869714676,0.0189459641435496,0.0445809295630178,0.084079636552908,1,1,0
2019-04-29,0,33.95000076293945,34.11000061035156,33.38999938964844,33.529998779296875,26.69735145568848,11055200,17.99091367607727,-0.0080199925297275,0.0210971684564703,0.0224473054330986,0.0189426769124298,0.0445729354852071,0.0840616780253892,-1,1,1
2019-04-30,0,33.689998626708984,34.029998779296875,33.43000030517578,33.83000183105469,26.93622398376465,13501100,17.70337203745195,0.0089076331600262,0.0327504344673139,-0.0075133020737941,0.0189394009713085,0.0445677096702422,0.0840441090490318,1,1,0
2019-05-02,1,33.66999816894531,34.220001220703125,33.59000015258789,34.040000915527344,27.11544418334961,14629500,17.503439625629532,0.0066314643913465,0.0266354341303029,-0.0105126966139313,0.0189357447622408,0.0445608700307396,0.0840268454357819,1,1,-1
2019-05-03,0,34.20000076293945,34.279998779296875,33.63999938964844,33.709999084472656,26.85257911682129,31030200,17.11286324783548,-0.0097415887869678,0.015386743605846,-0.01281747169821,0.0189328306533251,0.044552015195803,0.0840098501792911,-1,1,-1
2019-05-06,0,33.34000015258789,33.4900016784668,32.93000030517578,32.970001220703125,26.26311683654785,14639700,16.81011706179341,-0.0221963195881584,-0.0220492759116594,-0.0190792709697794,0.0189345750597457,0.0445453106669525,0.0839937042077811,-1,-1,-1
2019-05-07,0,32.70000076293945,32.720001220703125,31.950000762939453,32.599998474121094,25.96837615966797,29106700,18.846647899109435,-0.0112860570708227,-0.0357048604243036,-0.0214018023193383,0.0189320453318641,0.044542778174488,0.0839779300235605,-1,-1,-1
2019-05-08,0,32.7400016784668,33.380001068115234,32.7400016784668,32.970001220703125,26.26311683654785,18049500,19.342665136335192,0.0112860570708228,-0.0163988108237533,-0.0250102735460813,0.0189293072497092,0.0445348813470382,0.0839627830583114,1,-1,-1
2019-05-09,0,32.56999969482422,32.869998931884766,32.2400016784668,32.560001373291016,25.936511993408203,21662400,20.062919193464587,-0.0125138478010002,-0.0378202917847798,-0.0588795737531542,0.0189271256947005,0.0445331527296768,0.0839567371372896,-1,-1,-1
2019-05-10,0,32.4900016784668,32.79999923706055,32.029998779296875,32.40999984741211,25.817033767700195,14490800,19.43640779961618,-0.0046172078148446,-0.0490689639909711,-0.0574003316132827,0.018923329991394,0.0445364351352697,0.0839501644608441,-1,-1,-1
2019-05-13,0,31.71999931335449,32.04999923706055,31.65999984741211,31.89999961853028,25.410764694213867,19063500,20.316863374217537,-0.0158616065276106,-0.0551889817316139,-0.0677135654094942,0.01892226262481,0.0445429450622967,0.0839474518739338,-1,-1,-1
2019-05-14,0,32.06999969482422,32.18000030517578,31.6299991607666,31.75,25.2912826538086,13339700,20.491140939728652,-0.0047131138812076,-0.0377057760246631,-0.0706681095860717,0.018918481321401,0.0445411455942651,0.0839459358269531,-1,-1,-1
2019-05-15,0,31.51000022888184,31.850000381469727,31.13999938964844,31.850000381469727,25.370939254760746,21154800,21.205228681589062,0.0031446179655153,-0.023275100988325,-0.0440769864668223,0.018914491541368,0.0445347347546087,0.0839351722387738,1,-1,-1
2019-05-16,0,31.5,31.670000076293945,31.15999984741211,31.440000534057617,25.04434394836425,18017400,21.430324353364234,-0.0129563836349472,-0.047517541694095,-0.0464669834312245,0.0189124469839442,0.0445372105910169,0.0839250899015684,-1,-1,-1
2019-05-17,0,31.3700008392334,32.0,31.11000061035156,31.5,25.092140197753903,23815600,20.457883422253545,0.0019066460156966,-0.0330970478773981,-0.0439534639018821,0.018908402058297,0.044533708701018,0.0839142944665591,1,-1,-1
2019-05-20,0,31.700000762939453,32.380001068115234,31.38999938964844,32.31999969482422,25.745336532592773,24166700,21.43873892802812,0.02569884761018,-0.0027809924523734,-0.0173425591423792,0.0189116190345861,0.0445242356449593,0.083897955857307,1,0,-1
2019-05-21,0,32.400001525878906,33.59000015258789,32.36000061035156,33.56999969482422,26.74105453491211,23455000,20.907894142451838,0.0379465023269445,0.0510271164021817,0.0362264644435619,0.0189235717667483,0.0445260819793792,0.0838815777785409,1,1,1
2019-05-22,0,33.70000076293945,33.79999923706055,32.970001220703125,33.599998474121094,26.76495361328125,13175500,20.40695761444925,0.0008933232280116,0.0566335535114011,0.0236261351194551,0.0189195060738754,0.0445307044905957,0.0838638867199599,0,1,1
2019-05-23,0,33.38999938964844,33.720001220703125,33.130001068115234,33.529998779296875,26.70918655395508,15793700,19.82920291118169,-0.0020857588123579,0.0514031767335279,0.0242860091579142,0.0189155115392453,0.0445327026726306,0.0838462556897365,-1,1,1
2019-05-24,0,33.79999923706055,33.849998474121094,33.0099983215332,33.029998779296875,26.31089782714844,11538100,19.538152560526346,-0.0150243525112927,0.0493352078571824,-0.0034848080817358,0.0189141546222218,0.04453373186216,0.083828526902626,-1,1,0
2019-05-27,0,33.33000183105469,33.58000183105469,33.029998779296875,33.150001525878906,26.40649032592773,10607500,18.69505841259414,0.0036266062071681,0.0510551680486537,-0.001365303612057,0.0189102110843433,0.0445355435621441,0.083810677243861,1,1,0
2019-05-28,0,33.279998779296875,34.08000183105469,33.119998931884766,34.08000183105469,27.14731979370117,32564800,20.95089761279149,0.0276684974266564,0.0530248178651303,0.0110634938852524,0.0189145804523379,0.0445382856739037,0.0837925318778579,1,1,1
2019-05-29,0,33.849998474121094,34.88999938964844,33.849998474121094,34.720001220703125,27.65711975097656,28132700,21.946842286095528,0.0186048672936758,0.0336831828318615,0.0272988337371068,0.0189142709023113,0.0445333949523358,0.0837751990418598,1,1,1
2019-05-30,0,34.810001373291016,35.220001220703125,34.68000030517578,35.08000183105469,27.94388008117676,15947600,21.923749710094736,0.0103150257608247,0.0431048853646745,0.045633852027659,0.0189113224726151,0.0445317625882257,0.0837604168614945,1,1,1
2019-05-31,0,34.88999938964844,35.400001525878906,34.75,35.0,27.8801498413086,18216700,21.5536008328698,-0.0022832557106141,0.0429073884664181,0.0344429631570187,0.0189073527075599,0.044530047724492,0.0837438866382074,-1,1,1
2019-06-03,0,35.20000076293945,35.31999969482422,34.72999954223633,35.08000183105469,27.95586204528809,18939200,21.17099765572523,0.0027119505073709,0.0606436914850818,0.0305234492730429,0.0189033606808564,0.0445367378670489,0.0837269044852317,1,1,1
2019-06-04,0,35.20000076293945,35.29999923706055,34.7599983215332,35.02000045776367,27.90804672241211,16554600,20.48927670569143,-0.0017118506601978,0.0553052346177158,0.0385531873998129,0.0188993645729833,0.0445405600769389,0.0837109628063637,0,1,1
2019-06-05,0,35.09000015258789,35.15999984741211,34.27000045776367,34.34000015258789,27.36615753173828,12193600,20.41108055754666,-0.0196079368163331,0.0080288003747261,0.041141570171638,0.0188998661494461,0.0445311458984676,0.0836954327405495,-1,1,1
2019-06-06,0,34.689998626708984,34.88999938964844,34.380001068115234,34.70000076293945,27.65304374694824,11449900,19.976920117460324,0.0104286797561598,-0.0001473871627897,0.0628563069986208,0.0188969547613823,0.044521633984372,0.0836846480824594,1,0,1
2019-06-07,0,34.779998779296875,35.279998779296875,34.66999816894531,35.06999969482422,27.94790267944336,13355900,20.26450386471817,0.0106063553092338,0.0001439423856195,0.0621766052370318,0.0188940850081525,0.0445121208051225,0.0836736800551695,1,0,1
2019-06-10,0,34.849998474121094,34.869998931884766,34.11000061035156,34.630001068115234,27.59725379943848,18283400,21.190761867659823,-0.0126258907307267,-0.0101986926344932,0.0620645623073053,0.0188919746314402,0.0445033749718105,0.0836626836944484,-1,-1,1
2019-06-11,0,34.849998474121094,34.97999954223633,34.2400016784668,34.79999923706055,27.732723236083984,29136500,20.877094705125167,0.0048967924658794,-0.0080138506759845,0.0715785625880294,0.0188881633075942,0.0444943878382192,0.0836544861150024,1,-1,1
2019-06-12,0,34.79999923706055,35.119998931884766,34.470001220703125,34.599998474121094,27.57335090637207,17637000,19.673148940794544,-0.005763300806307,-0.0120653008220936,0.081676868309333,0.0188845622439841,0.0444858991159844,0.0836497624789414,-1,-1,1
2019-06-13,0,34.54999923706055,34.58000183105469,33.709999084472656,33.97999954223633,27.07926177978516,36877200,21.9549877394606,-0.0180815724563262,-0.0105389364620867,0.0683084097342145,0.0188844016142278,0.0444772110256817,0.0836405457138848,-1,-1,1
2019-06-14,0,33.900001525878906,34.06999969482422,33.47999954223633,33.9900016784668,27.08722496032715,18775100,21.95779802928344,0.000294026106495,-0.0206735901117514,0.0654578178751944,0.0188803713987279,0.0444703018124929,0.0836304914814177,0,-1,1
2019-06-17,0,33.900001525878906,34.31999969482422,33.810001373291016,33.95000076293945,27.05534172058105,15638100,21.51887051573754,-0.0011777514582726,-0.0324576968792579,0.0772364500518689,0.0188763723844554,0.0444666971737312,0.083624163537408,0,-1,1
2019-06-18,0,34.349998474121094,34.83000183105469,34.18000030517578,34.83000183105469,27.756629943847656,22791000,22.22283306402601,0.0255902669479854,0.0057584607994542,0.1009200709841576,0.0188795014637258,0.0444572434405929,0.0836274749967194,1,1,1
2019-06-19,0,34.63999938964844,35.4900016784668,34.470001220703125,35.380001068115234,28.194944381713867,23278900,23.554276063207748,0.0156679560760346,0.0165296244096092,0.090889179450012,0.0188780980965571,0.0444486823301637,0.0836263324209792,1,1,1
2019-06-21,0,35.58000183105469,36.18000030517578,35.5,36.18000030517578,28.83247756958008,27455000,25.51425286595266,0.0223597605337383,0.0446526857496545,0.0753024376568058,0.0188794983386896,0.0444476906810353,0.0836193196372243,1,1,1
2019-06-24,0,36.2400016784668,36.5,35.790000915527344,36.09999847412109,28.768722534179688,22715800,26.670648312223257,-0.0022136712888156,0.0605205869171652,0.0721954431399785,0.0188755572762555,0.0444543053978066,0.0836112854252739,-1,1,1
2019-06-25,0,36.0,36.22999954223633,35.47999954223633,35.650001525878906,28.410120010375977,23790600,27.37761235867773,-0.0125433537854819,0.0476832070251882,0.0617378481668546,0.0188734405587988,0.0444545609872569,0.0836001910176347,-1,1,1
2019-06-26,0,35.849998474121094,36.5,35.72999954223633,36.5,29.087495803833008,32869700,27.98859606601969,0.0235629642810204,0.0724239227644811,0.1003251649591675,0.0188754507168476,0.0444684252611295,0.08360315957778,1,1,1
2019-06-27,0,36.20000076293945,36.43000030517578,35.70000076293945,36.25,28.88826942443848,20630300,28.441120257459826,-0.0068727739190563,0.0399608818974393,0.0898257848329432,0.0188720396682096,0.0444656086433284,0.083601529133996,-1,1,1
2019-06-28,0,36.45000076293945,36.59000015258789,36.13999938964844,36.2599983215332,28.89623260498047,17615100,26.420788012215876,0.0002756164823691,0.0245685423037739,0.0624329038886557,0.0188680276512831,0.044458427776567,0.0835906119451334,0,1,1
2019-07-01,0,36.77000045776367,36.77000045776367,35.939998626708984,36.08000183105469,28.76468086242676,15922800,26.21218799378472,-0.0045629513266734,-0.0023541695566379,0.0392650852683064,0.0188643002398881,0.0444490817182769,0.0835748610897279,-1,0,1
2019-07-02,0,36.04999923706055,36.31999969482422,35.709999084472656,35.95000076293945,28.661022186279297,18830100,26.69332257236468,-0.0036101878855684,-0.0037506861533908,0.0253398716219134,0.0188604778638207,0.0444398184226507,0.0835575381748531,-1,0,1
2019-07-03,0,35.70000076293945,36.650001525878906,35.630001068115234,36.56999969482422,29.15534019470215,17651400,26.20652225702676,0.017100005372472,0.025892673004563,0.0447231327049994,0.0188595962686893,0.0444329382912767,0.083542696349414,1,1,1
2019-07-04,0,36.77000045776367,37.5,36.709999084472656,36.9900016784668,29.490184783935547,23138400,26.313846394878105,0.0114193957020419,0.0137491044255848,0.0534305778996707,0.0188569475529134,0.0444240713537059,0.0835295975341915,1,1,1
2019-07-05,0,36.84000015258789,37.45000076293945,36.66999816894531,37.400001525878906,29.81706047058105,14345800,24.81242892252604,0.0110232399152667,0.031645118259908,0.0661656684751353,0.0188542036088525,0.0444186324739461,0.0835197396771843,1,1,1
2019-07-08,0,37.470001220703125,37.5,37.060001373291016,37.29999923706055,29.73731231689453,9918400,23.332832877199237,-0.0026781644275784,0.0286913373499606,0.08309544086389,0.0188503157976189,0.0444124186651149,0.0835154664078149,-1,1,1
2019-07-10,0,37.52999877929688,37.720001220703125,36.95000076293945,37.20000076293945,29.657588958740234,22765400,23.329833206194653,-0.0026845201968601,0.0305697684797739,0.0699822409108701,0.0188464308361938,0.0444066896962215,0.0835067352888329,-1,1,1
2019-07-11,0,36.970001220703125,37.150001525878906,36.58000183105469,37.150001525878906,29.617748260498047,15289000,21.253074200368133,-0.0013442590497387,0.0328356973156036,0.0580316265518974,0.0188424738918986,0.0444015889989991,0.0834947169578948,0,1,1
2019-07-12,0,37.45000076293945,37.459999084472656,36.459999084472656,36.459999084472656,29.0676383972168,18723300,21.03960301796719,-0.0187483122500023,-0.0030126203068708,0.0519092050326219,0.0188426259070304,0.0443923239258702,0.0834813029175795,-1,0,1
2019-07-15,0,36.68000030517578,36.70000076293945,36.119998931884766,36.36000061035156,28.98790740966797,16642300,20.929901285016356,-0.0027467156347552,-0.017178731643668,0.0442656969319871,0.01883875125051,0.0443848038732622,0.083466417753515,-1,-1,1
2019-07-16,0,36.400001525878906,36.650001525878906,36.209999084472656,36.5,29.09951972961425,17844700,21.182683282696477,0.0038429127541141,-0.0243590588048207,0.0538719104924084,0.0188348943421996,0.0443789000889464,0.0834534429947213,1,-1,1
2019-07-17,0,36.59000015258789,36.91999816894531,36.380001068115234,36.400001525878906,29.01980400085449,23122700,21.724603675356025,-0.0027431764043904,-0.0244240707816327,0.069210306544344,0.0188310243991496,0.0443730143926165,0.0834444871978529,-1,-1,1
2019-07-18,0,36.470001220703125,37.369998931884766,36.459999084472656,37.369998931884766,29.793136596679688,16209600,21.593802355878218,0.0262995579371039,0.0045600073523313,0.0952158383749531,0.0188345448633681,0.0443636284600939,0.083445077523664,1,1,1
2019-07-19,0,37.08000183105469,37.27999877929688,36.400001525878906,36.400001525878906,29.01980400085449,17145500,20.83123565997656,-0.026299557937104,-0.0203952915350338,0.0700940318961215,0.0188385924577912,0.0443567829996435,0.0834363810544195,-1,-1,1
2019-07-22,0,36.68999862670898,37.25,36.619998931884766,37.02000045776367,29.51409721374512,18663100,21.339106721665445,0.0168895273539613,0.0152425480689299,0.0613932923020975,0.0188376443503819,0.0443481413768797,0.0834252259541836,1,1,1
2019-07-23,0,37.25,37.54999923706055,36.72999954223633,37.380001068115234,29.801103591918945,21128500,22.7202773447562,0.0096774052576583,0.0276666689613435,0.0554027414837215,0.018834620342321,0.0443417255035094,0.0834126070840332,1,1,1
2019-07-24,0,37.5,37.75,37.130001068115234,37.34999847412109,29.77717971801757,14689500,21.739177048217403,-0.0008031072349897,0.0230206489722395,0.0322398737149934,0.018830662426094,0.0443343095524221,0.0833960508775763,0,1,1
2019-07-25,0,37.650001525878906,37.650001525878906,35.97999954223633,36.20000076293945,28.8603572845459,22380700,22.53596332089186,-0.0312733856855349,-0.0055095603089049,0.003180159318274,0.0188379615775395,0.0443252598221436,0.0833784340413997,-1,-1,0
2019-07-26,0,36.47999954223633,37.08000183105469,36.0099983215332,36.84999847412109,29.37856674194336,23826000,23.178592664228805,0.0177964529047273,-0.0140126653412815,0.0335199660084834,0.0188373595053272,0.044317228485787,0.0833620452569487,1,-1,1
2019-07-29,0,36.7599983215332,37.27000045776367,36.45000076293945,37.0,29.498151779174805,20228700,23.65018688514643,0.0040622237339702,0.0163491163297927,0.0140192254614332,0.0188335344312432,0.0443087503185138,0.083344345914135,1,1,1
2019-07-30,0,36.79999923706055,36.79999923706055,35.65999984741211,35.77000045776367,28.51754570007324,44206600,26.70955250752804,-0.0338080733837215,-0.0343484844078903,-0.0129160740032319,0.0188426882600125,0.0443059441991572,0.0833280246191744,-1,-1,-1
2019-07-31,0,35.7400016784668,35.779998779296875,34.70000076293945,34.81999969482422,27.76015853881836,35542000,28.01202743407348,-0.0269176897711352,-0.0709435794366838,-0.0401093802567361,0.0188470785891212,0.0443224262195875,0.0833168435429813,-1,-1,-1
2019-08-01,0,35.209999084472656,36.119998931884766,34.880001068115234,34.880001068115234,27.819965362548828,32801400,29.78477543812138,0.002152094763934,-0.06798837743776,-0.0333943341661287,0.018843143722512,0.0443368381600131,0.0833040486176726,1,-1,-1
2019-08-02,0,35.0,35.20000076293945,34.58000183105469,34.93000030517578,27.859840393066406,27808000,30.92851170970837,0.0014322980043964,-0.0352826937478288,-0.028351848276164,0.018839189336124,0.0443343314504729,0.0832901965613851,0,-1,-1
2019-08-05,0,34.20000076293945,34.720001220703125,34.040000915527344,34.45000076293945,27.47699928283692,21294600,31.06999830245137,-0.0138369744546878,-0.066916121107244,-0.059288828103324,0.0188374966010625,0.0443479774604317,0.0832849015778572,-1,-1,-1
2019-08-06,0,34.939998626708984,35.4900016784668,34.79999923706055,35.4900016784668,28.306495666503903,17746200,30.54461049216041,0.0297420421747304,-0.0412363026664839,-0.0409661816306355,0.018843128334434,0.0443477637347331,0.0832739521018957,1,-1,-1
2019-08-07,0,35.06999969482422,36.79999923706055,34.959999084472656,36.79999923706055,29.35134506225586,32065800,32.62339550021427,0.0362470664170627,0.0288188371343001,-0.0157423551288398,0.0188534669116649,0.0443416882561768,0.0832580300343483,1,1,-1
2019-08-08,0,37.0,37.34999847412109,36.66999816894531,37.0,29.510860443115234,30196800,33.635294304795394,0.0054199726287746,0.0611564995342101,-0.0076442180724867,0.0188497812652235,0.0443486235156416,0.0832412073805613,1,1,0
2019-08-09,0,36.9900016784668,37.0,36.34999847412109,36.720001220703125,29.28754615783692,11884800,32.18318452737233,-0.0075959663512067,0.0514084384190692,-0.0125556642268333,0.0188465432402386,0.0443505771515007,0.0832249063960973,-1,1,-1
2019-08-12,0,36.0,36.040000915527344,35.189998626708984,35.20000076293945,28.0752010345459,20246800,32.06650193433153,-0.0422757186339986,0.0077004217806742,-0.0534871238110932,0.0188628986670687,0.0443413680820093,0.0832176479176433,-1,1,-1
2019-08-13,0,35.18000030517578,36.119998931884766,35.119998931884766,35.88999938964844,28.62553977966309,13635000,28.474968298195847,0.0194126574042406,0.0409500536396028,-0.0153261541568501,0.0188629486051928,0.0443389974153514,0.0832017038041745,1,1,-1
2019-08-14,0,35.400001525878906,35.56999969482422,35.02000045776367,35.099998474121094,27.99542617797852,20769200,26.80286621789066,-0.022258172582546,-0.0110501611176735,-0.034837611104641,0.01886471593315,0.0443305692827601,0.08318928082376,-1,-1,-1
2019-08-15,0,35.47999954223633,35.47999954223633,34.810001373291016,35.0,27.915679931640625,19086500,25.23593985223732,-0.0028526103654147,-0.0501498379001508,-0.0415331342241699,0.0188608800533887,0.0443344675084576,0.0831785123083471,-1,-1,-1
2019-08-16,0,34.79999923706055,34.86000061035156,34.130001068115234,34.349998474121094,27.832714080810547,14343000,23.686342235164933,-0.0029764413325514,-0.0585462518614769,-0.041766399152331,0.0188570556947766,0.0443428813124739,0.0831678072911083,-1,-1,-1
2019-08-19,0,34.650001525878906,34.869998931884766,33.90999984741211,34.20000076293945,27.711170196533203,22628600,23.859463193666635,-0.0043765062476626,-0.0553267917579327,-0.0724424633370976,0.0188533611355094,0.0443494575778556,0.0831676010891298,-1,-1,-1
2019-08-20,0,34.369998931884766,34.45000076293945,33.54999923706055,33.81999969482422,27.40326881408692,17302100,23.74310101048353,-0.0111732820373354,-0.0242243551612696,-0.0573161874373291,0.0188509056881353,0.0443435517477607,0.0831616121997703,-1,-1,-1
2019-08-21,0,34.189998626708984,34.34000015258789,33.7599983215332,34.08000183105469,27.61394119262696,19548800,22.0869025414075,0.0076584548074487,-0.0359785577580616,-0.0665472599838418,0.0188475421623619,0.0443412795514344,0.0831589976693712,1,-1,-1
2019-08-22,0,34.150001525878906,34.33000183105469,33.5,33.540000915527344,27.1763916015625,13552000,19.92939754534551,-0.0159721202847267,-0.0296925054602425,-0.092196785526227,0.0188465800626485,0.0443368999720858,0.0831680238939614,-1,-1,-1
2019-08-23,0,33.09000015258789,33.900001525878906,32.93000030517578,33.150001525878906,26.86038589477539,26285900,21.40657875290365,-0.0116960826993035,-0.0385359777941312,-0.1030897609905407,0.0188442648238752,0.044335583244973,0.0831829708663176,-1,-1,-1
2019-08-26,0,33.40999984741211,33.43000030517578,32.689998626708984,33.13999938964844,26.85228538513184,17811500,21.03455870318279,-0.0003016237886494,-0.0358611602502292,-0.0721179990936553,0.0188403309631873,0.044333257132411,0.0831825451468541,0,-1,-1
2019-08-27,0,33.150001525878906,33.93000030517578,33.08000183105469,33.529998779296875,27.16829490661621,28587300,22.62887596885837,0.0116997308981967,-0.0197849231043698,-0.078214721100186,0.0188378079996444,0.044326321636048,0.083184736804495,1,-1,-1
2019-08-28,0,33.220001220703125,34.09000015258789,33.15999984741211,33.90999984741211,27.476207733154297,14492900,21.872763014405045,0.0112697918586888,0.0026581507916545,-0.0710071529754673,0.0188351800883141,0.0443170436046485,0.0831838220601808,1,0,-1
2019-08-29,0,34.04999923706055,34.470001220703125,33.540000915527344,34.09000015258789,27.62204360961914,16919500,21.602635119816075,0.0052936786004714,0.0002933745846772,-0.0319054009912744,0.0188315111394376,0.0443077943787954,0.083170737294558,1,0,-1
2019-08-30,0,34.529998779296875,34.560001373291016,33.779998779296875,33.939998626708984,27.500503540039062,25311700,22.827715319332185,-0.0044098204029265,0.0118556744664774,-0.0093975316230656,0.0188278391822149,0.0442989405010705,0.083154172462253,-1,1,-1
2019-09-02,0,33.900001525878906,34.189998626708984,33.5,33.5,27.155982971191406,8366100,21.1776225708567,-0.0126069256860836,0.0109448314796972,-0.0241565520730834,0.0188257898828819,0.0442900154965914,0.083139612433388,-1,1,-1
2019-09-03,0,33.5099983215332,33.810001373291016,32.77000045776367,32.86000061035156,26.637182235717773,19116300,21.32234067381741,-0.0192893212202538,-0.008042865951907,-0.0448781712977335,0.018826161072471,0.0442812858892646,0.0831297178809582,-1,-1,-1
2019-09-04,0,33.279998779296875,33.310001373291016,32.810001373291016,33.09000015258789,26.82362174987793,15409600,20.80042636832264,0.0069748397364773,-0.0127677571136263,-0.0240663571065682,0.0188227150326149,0.0442731368138773,0.0831151541508597,1,-1,-1
2019-09-05,0,33.41999816894531,34.65999984741211,33.38999938964844,34.029998779296875,27.58560562133789,42036200,24.065738423143948,0.0280111933355061,0.0039736443631908,-0.0257972059457925,0.0188272245938359,0.0442639032462071,0.0831009023453462,1,0,-1
2019-09-06,0,34.25,35.22999954223633,34.25,35.16999816894531,28.509727478027344,21399400,23.669764528892152,0.0329512428409772,0.0316312086036965,-0.0290930295218779,0.0188350054190816,0.0442586645998956,0.0830872790092521,1,1,-1
2019-09-09,0,35.369998931884766,36.29999923706055,35.36000061035156,36.02999877929688,29.20687484741211,34847900,25.896098532054246,0.0241587774840725,0.0601998064906957,-0.01035422466658,0.0188373046565836,0.0442651090402141,0.0830708608929266,1,1,-1
2019-09-10,0,36.11000061035156,36.290000915527344,35.09000015258789,35.33000183105469,28.639442443847656,22274700,25.32361343102997,-0.0196192473822637,0.0531874847945154,-0.0223775056976371,0.0188378278169265,0.0442679583411455,0.0830560446204227,-1,1,-1
2019-09-11,0,35.5099983215332,35.68000030517578,34.9900016784668,35.16999816894531,28.509727478027344,16367700,25.60598584891057,-0.0045395301018086,0.0679372759129606,0.0153586828345527,0.0188341821877988,0.0442788464188178,0.0830386932118945,-1,1,1
2019-09-12,0,35.5,35.599998474121094,35.150001525878906,35.38999938964844,28.688066482543945,13645700,25.292855674298345,0.0062358902356117,0.0671983264120951,0.0021819156659238,0.0188306382054158,0.0442892544522047,0.0830214233461099,1,1,0
2019-09-13,0,35.5099983215332,36.40999984741211,35.5099983215332,35.869998931884766,29.0771713256836,25083000,25.43009621064142,0.0134721414833908,0.0526592745599797,0.0379122297318608,0.0188286006475745,0.0442918030055598,0.0830060076816889,1,1,1
2019-09-16,0,35.529998779296875,35.619998931884766,34.90999984741211,35.22999954223633,28.55836296081543,20161300,26.868534632957427,-0.0180035592480002,0.0017044724710024,0.0227612808492752,0.0188284397220377,0.0442825863296121,0.0829890328316476,-1,0,1
2019-09-17,0,34.900001525878906,35.45000076293945,34.869998931884766,35.36000061035156,28.66374969482422,12250100,26.216253572306112,0.0036834310469203,-0.0187708739661496,0.0294211532287471,0.018824646476195,0.0442755235922647,0.0829726144132223,1,-1,1
2019-09-18,0,35.369998931884766,35.63999938964844,34.83000183105469,35.25,28.57457733154297,13316300,26.08076497115465,-0.003115829551885,-0.0022674561357708,0.0306818299245248,0.0188208776068224,0.0442664263183745,0.0829563341679765,-1,0,1
2019-09-19,0,35.540000915527344,35.83000183105469,34.52000045776367,34.65999984741211,28.09631729125977,17989000,23.381323144356383,-0.0168789075240194,-0.0146068335579816,0.0249762044378409,0.0188202739305983,0.0442586162513216,0.0829395463267326,-1,-1,1
2019-09-20,0,34.880001068115234,35.099998474121094,34.619998931884766,34.75,28.16926383972168,32900200,24.68812274101885,0.0025929382711748,-0.0182497855224184,0.0199106879015671,0.0188164224223182,0.0442514614801419,0.0829224474080326,1,-1,1
2019-09-23,0,34.70000076293945,34.720001220703125,34.20000076293945,34.63999938964844,28.0801010131836,13212100,22.019086056686387,-0.0031702722848428,-0.0348921992906522,0.0327125359014509,0.0188126636789925,0.0442488673662702,0.0829064201971492,-1,-1,1
2019-09-24,0,34.81999969482422,34.88999938964844,34.11000061035156,34.279998779296875,27.788265228271484,10497600,20.59038274464575,-0.0104473589963321,-0.0273359990389842,0.0339612596044223,0.0188100660274746,0.0442438803141617,0.0828905498416068,-1,-1,1
2019-09-25,0,34.189998626708984,34.91999816894531,34.04999923706055,34.68000030517578,28.112518310546875,14271700,20.320404309625676,0.0116011511259631,-0.0194182789599415,0.0458640345190348,0.0188075465147728,0.0442369657168035,0.0828764894308792,1,-1,1
2019-09-26,0,34.880001068115234,35.70000076293945,34.599998474121094,35.68000030517578,28.92314338684082,18669400,20.93322932750586,0.0284271152586321,0.0121246658505755,0.0625914188794703,0.0188122820905088,0.0442282150592684,0.0828661711616569,1,1,1
2019-09-27,0,35.59000015258789,35.63999938964844,34.970001220703125,35.529998779296875,28.80156135559082,16175900,19.846091884057014,-0.00421248446682,0.0247910889077749,0.0471091425539613,0.0188086258379392,0.0442213559144275,0.0828523511240399,-1,1,1
2019-09-30,0,35.54999923706055,35.790000915527344,35.029998779296875,35.029998779296875,28.39623641967773,15985400,19.34328173323293,-0.014172983456512,0.008025167180088,0.0276424804969778,0.0188070798629116,0.0442123268303718,0.0828358482148507,-1,1,1
2019-10-01,0,35.220001220703125,35.310001373291016,34.20000076293945,34.220001220703125,27.751523971557617,17096300,19.8521415809953,-0.0229658593731897,-0.0117704199082587,0.0090864415267147,0.0188092043038185,0.0442041302414271,0.0828185692366984,-1,-1,1
2019-10-02,0,33.849998474121094,33.939998626708984,33.119998931884766,33.279998779296875,26.98919677734375,23731200,20.92494709219714,-0.0278540900008981,-0.0291771509128247,-0.0061607227880997,0.0188140947295253,0.0441996975916177,0.0828019527380602,-1,-1,0
2019-10-03,0,33.2400016784668,33.599998474121094,32.849998474121094,33.290000915527344,26.99730682373047,21920200,21.28132026868442,0.0003004471824163,-0.0404778548563716,0.0134290456145704,0.0188102072366671,0.0441992216595734,0.0827847238689951,0,-1,1
2019-10-04,0,33.22999954223633,33.5,32.77000045776367,33.45000076293945,27.127065658569336,25181500,20.27579421959584,0.0047948485124218,-0.0641101216025819,0.0112490543905147,0.0188065336425921,0.0442108693148153,0.0827674795161661,1,-1,1
2019-10-07,0,33.290000915527344,33.63999938964844,32.779998779296875,32.83000183105469,26.62427520751953,15574100,20.45592507987569,-0.01870856086615,-0.0786061980019117,-0.0354706998111412,0.0188066602426524,0.0442325014076333,0.0827554307109204,-1,-1,-1
2019-10-08,0,33.119998931884766,33.27000045776367,32.560001373291016,32.689998626708984,26.510725021362305,14886100,20.88067258793755,-0.0042740325029893,-0.068707247048389,-0.0726959751551076,0.018803018454778,0.044247038066613,0.0827553693978294,-1,-1,-1
2019-10-09,0,32.9900016784668,33.439998626708984,32.630001068115234,33.209999084472656,26.93243789672852,12442900,20.6079270864761,0.0157820609943912,-0.029959326680808,-0.0810726916447889,0.0188017356960375,0.0442427991300618,0.0827589477017787,1,-1,-1
2019-10-10,0,33.099998474121094,33.560001373291016,33.0099983215332,33.45000076293945,27.127065658569336,10893700,19.59914353226287,0.007200532374748,0.0050952956948381,-0.054252911887777,0.018798365310263,0.044233689924824,0.0827520596682989,1,1,-1
2019-10-11,0,33.599998474121094,34.279998779296875,33.59000015258789,33.880001068115234,27.47578239440918,19970500,19.940876741325543,0.0127730142054158,0.0175678627178378,-0.0369403675805525,0.0187961671248052,0.0442256210806603,0.0827403481027037,1,1,-1
2019-10-14,0,33.810001373291016,34.540000915527344,33.720001220703125,34.45000076293945,27.938037872314453,10268800,19.25160347693421,0.0166841484109151,0.0294571626163311,-0.0264921094052491,0.018795196286618,0.0442198936291148,0.0827264610893805,1,1,-1
2019-10-15,0,34.47999954223633,34.63999938964844,34.189998626708984,34.369998931884766,27.87317276000977,15976800,19.13142163722415,-0.0023244484674539,0.045841275015027,-0.0422886993560939,0.0187914077182401,0.0442195460671884,0.0827160849345243,-1,1,-1
2019-10-16,0,34.470001220703125,34.97999954223633,33.83000183105469,34.86000061035156,28.270551681518555,17662300,18.548909702817507,0.0141560098273813,0.0642713173453978,-0.0101291302807123,0.0187896066509206,0.0442282268847487,0.0826999021049666,1,1,-1
2019-10-17,0,34.849998474121094,35.130001068115234,34.31999969482422,34.650001525878906,28.100236892700195,17054300,18.08444328441243,-0.0060426795993101,0.0424465767516962,-0.0198552409269429,0.0187861975991436,0.044226541341297,0.0826849371395829,-1,1,-1
2019-10-18,0,34.619998931884766,34.619998931884766,34.150001525878906,34.2400016784668,27.767730712890625,11418100,16.573949980025027,-0.0119034258864512,0.023342618490497,-0.0286428372615093,0.0187839953369571,0.0442194448593988,0.0826714791752471,-1,1,-1
2019-10-21,0,34.2599983215332,34.869998931884766,33.9900016784668,34.79999923706055,28.22188186645508,16378000,16.770243730102298,0.0162230489966635,0.0267926532817444,0.0044591192591736,0.0187828677906681,0.0442130757164093,0.0826544026341393,1,1,0
2019-10-22,0,34.77000045776367,35.88999938964844,34.66999816894531,35.880001068115234,29.09774780273437,35538100,19.408893626380657,0.0305631463276732,0.0406716511985026,0.032429327315672,0.0187889436644381,0.0442107400088456,0.0826385582200282,1,1,1
2019-10-23,0,35.59000015258789,36.75,35.5099983215332,36.38999938964844,29.51132774353028,34380200,22.212812023138174,0.0141134048588381,0.0571095045247948,0.0497130044593532,0.018787129269022,0.0442154897179224,0.0826254373987698,1,1,1
2019-10-24,0,36.459999084472656,36.83000183105469,36.130001068115234,36.560001373291016,29.64917755126953,27250700,24.32743274016997,0.0046602055385384,0.0476137002359518,0.0648205689942238,0.0187834659028689,0.044215825952944,0.0826159192541428,1,1,1
2019-10-25,0,36.54999923706055,37.130001068115234,36.34000015258789,36.79999923706055,29.84383010864257,18955500,24.39758193639172,0.0065437354614231,0.0602001152966851,0.0597631533296836,0.0187800171020825,0.0442221592812168,0.0826050710224676,1,1,1
2019-10-28,0,36.650001525878906,37.52999877929688,36.52999877929688,37.29999923706055,30.24930763244629,20976400,25.832089434603425,0.0134951740852655,0.0855987152684019,0.044831212156317,0.0187780243647201,0.0442450583482603,0.0825910467794331,1,1,1
2019-10-29,0,37.09000015258789,37.22999954223633,36.56999969482422,36.63999938964844,29.71406936645508,16557800,26.02469677828764,-0.0178526463484275,0.0515230199233107,0.0311910502747095,0.0187778295872311,0.0442470528387497,0.08257510333996,-1,1,1
2019-10-30,0,36.470001220703125,37.0,35.90999984741211,36.869998931884766,29.900598526000977,23575800,26.87314012817304,0.0062578481054065,0.0272177217010441,0.0516218818366283,0.0187743490630863,0.0442407581860304,0.0825623995168384,1,1,1
2019-10-31,0,36.29999923706055,36.66999816894531,35.68000030517578,36.22999954223633,29.3815860748291,26038300,28.05256785390504,-0.0175103436518704,-0.0044060268096643,0.0570773975579474,0.0187740184924131,0.0442319062928269,0.0825509159809529,-1,0,1
2019-11-01,0,36.65999984741211,36.90999984741211,35.90999984741211,36.34999847412109,29.491098403930664,18958400,29.051388738646416,0.003720314654652,-0.0053459176935507,0.0886518022134978,0.018770290230292,0.0442231256276503,0.0825493895465138,1,-1,1
2019-11-04,1,36.45000076293945,36.75,36.2400016784668,36.470001220703125,29.58846473693848,10065400,28.372996385048104,0.0032961117511138,-0.0085935414038598,0.0916474667821954,0.0187665357684589,0.0442146408938117,0.0825490539726628,1,-1,1
2019-11-05,0,37.63999938964844,37.9900016784668,36.79999923706055,37.09999847412109,30.099584579467773,46982800,29.9414202821427,0.0171267897708122,-0.0049619257183132,0.1039794080405857,0.0187657310471655,0.0442058426188384,0.0825541230666057,1,-1,1
2019-11-06,0,37.09999847412109,37.36000061035156,36.56999969482422,36.59999847412109,29.69392776489257,19030900,28.086537255034436,-0.0135687977681034,-0.0006780771379892,0.1091191711386322,0.0187640319353238,0.0441968314310711,0.0825616498316047,-1,0,1
2019-11-07,0,36.77999877929688,36.95000076293945,36.56999969482422,36.81999969482422,29.872413635253903,15689500,26.68650204708127,0.0059928610805947,-0.0009430641628009,0.1193860647222162,0.0187605303834893,0.0441878343033624,0.0825744943118748,1,0,1
2019-11-08,0,36.36000061035156,36.77999877929688,36.02000045776367,36.27000045776367,29.426193237304688,15088000,26.18421269354304,-0.0150502294813183,0.0015170500077509,0.0885537742465066,0.0187593093177831,0.0441787883512347,0.0825728482389865,-1,0,1
2019-11-11,0,36.20000076293945,36.79999923706055,35.900001525878906,36.43000030517578,29.55599594116211,17480000,25.697767314752674,0.0044014274551772,0.0021981628082764,0.0857546693269359,0.018755647113995,0.0441697428340371,0.0825701143946876,1,0,1
2019-11-12,0,36.02000045776367,36.290000915527344,35.43000030517578,35.810001373291016,29.052993774414062,19644000,26.022596060576134,-0.0171650976934633,-0.018263046636301,0.0558165574280565,0.0187551889245515,0.0441627314779303,0.0825583108009955,-1,-1,1
2019-11-13,0,35.66999816894531,35.84000015258789,35.18000030517578,35.45000076293945,28.76092529296875,17688000,25.21294314330828,-0.0101038286579003,-0.0454936650650135,0.029028580359241,0.0187525669109575,0.0441644336686092,0.0825421976324471,-1,-1,1
2019-11-14,0,35.5,35.790000915527344,35.15999984741211,35.68000030517578,28.9475212097168,14012300,23.729768530333995,0.0064668719520083,-0.0254579953449016,0.0378199007787033,0.0187491366096675,0.0441590559635171,0.0825271143196676,1,-1,1
2019-11-18,0,36.0,36.20000076293945,35.47999954223633,35.52000045776367,28.817720413208008,13345400,23.009608444297392,-0.0044940871474104,-0.0359449435729069,0.0191698038039115,0.0187455749461997,0.0441569139679487,0.0825103341377339,-1,-1,1
2019-11-19,0,35.5,35.599998474121094,34.849998474121094,35.130001068115234,28.501304626464844,17887600,23.88443113047521,-0.011040627458503,-0.0319353415500914,0.0141718559447188,0.0187431819302362,0.0441534120541632,0.0824934020240343,-1,-1,1
2019-11-21,0,35.130001068115234,35.5,35.029998779296875,35.4900016784668,28.793371200561523,26063800,21.14566890564303,0.0101953314082365,-0.0261414375970322,0.0362706132394066,0.018740399789037,0.0441482128747971,0.0824781386265077,1,-1,1
2019-11-22,0,35.2599983215332,35.83000183105469,35.209999084472656,35.72999954223633,28.988082885742188,16433000,20.779477543522155,0.0067396165528288,-0.00223672335074,0.026787180795572,0.0187370144795928,0.044139306016483,0.0824618745621018,1,0,1
2019-11-25,1,35.790000915527344,35.900001525878906,35.0099983215332,35.220001220703125,28.574329376220703,15202500,20.63801228417698,-0.0143760700483394,-0.0065089647411789,-0.0181520355804407,0.0187355794624385,0.0441306793644201,0.0824469325409928,-1,-1,-1
2019-11-26,0,35.0,35.09000015258789,34.349998474121094,34.5,27.99017906188965,26176400,21.829336914298118,-0.0206550396476571,-0.0336308763408445,-0.0529204800869359,0.0187365902352336,0.0441277359069307,0.0824399117484676,-1,-1,-1
2019-11-27,0,34.70000076293945,34.93000030517578,34.2599983215332,34.70000076293945,28.152437210083008,19366600,21.947265298346192,0.0057802293778053,-0.0233565598156287,-0.0518004562476689,0.0187330897531795,0.0441218412796664,0.0824325395132491,1,-1,-1
2019-11-28,0,34.45000076293945,34.70000076293945,34.02000045776367,34.599998474121094,28.071313858032227,15850200,21.428227428032528,-0.0028857344736202,-0.015201666830746,-0.0612299261827123,0.0187293970251472,0.0441143033535552,0.0824282914517584,-1,-1,-1
2019-11-29,0,34.66999816894531,34.83000183105469,34.29999923706055,34.79999923706055,28.23357582092285,16530900,21.25492675527947,0.0057637058882422,-0.0196332923507405,-0.0689613943797357,0.0187258989534477,0.044107586238963,0.0824269277180775,1,-1,-1
2019-12-02,0,34.91999816894531,35.52000045776367,34.84000015258789,35.279998779296875,28.63534545898437,16447900,21.52467702792499,0.0141299083430259,-0.0122430005605432,-0.0369788396882821,0.0187241332818293,0.0440996109357552,0.0824155290937695,1,-1,-1
2019-12-03,0,35.59000015258789,35.709999084472656,34.90999984741211,35.290000915527344,28.643455505371094,15999200,21.82875341238705,0.000283177940333,0.0024162474281292,-0.0429535098533556,0.0187203289315414,0.0440906321514688,0.0824056189451749,0,0,-1
2019-12-04,0,35.38999938964844,36.56999969482422,35.29999923706055,36.560001373291016,29.674259185791016,34060300,23.895702553272088,0.0353549879961372,0.0584262750719235,0.0099118217946518,0.018729758182027,0.0440960722776037,0.082388737763052,1,1,1
2019-12-05,0,36.369998931884766,37.06999969482422,36.29999923706055,36.5099983215332,29.63368034362793,29077100,24.35455824162215,-0.0013684120142168,0.0512776336799013,0.004823095125783,0.0187259908444383,0.0440980481734158,0.0823719339013032,0,1,0
2019-12-06,0,36.5,36.68000030517578,35.849998474121094,35.849998474121094,29.097993850708008,28794200,25.84626272754565,-0.0182423319540878,0.0359210361994337,-0.0167153485794186,0.0187259696010395,0.0440942061122263,0.0823568480653919,-1,1,-1
2019-12-09,0,36.0,36.880001068115234,35.77000045776367,36.54999923706055,29.666147232055664,26700900,27.32236608555976,0.0193373399161394,0.0494946702273311,-0.0145047984340913,0.0187260430077951,0.0440953809824337,0.0823414891430718,1,1,-1
2019-12-10,0,36.54999923706055,36.77000045776367,35.779998779296875,36.02000045776367,29.235971450805664,21527300,26.896053041291445,-0.0146067217694657,0.0207580401148395,-0.0155427224354535,0.0187246949342365,0.0440879385986898,0.0823262676418236,-1,1,-1
2019-12-11,0,36.5,36.66999816894531,35.560001373291016,35.599998474121094,28.89508628845215,37043600,29.063139549689275,-0.0117282940679188,0.0087465681065875,-0.0332638775839672,0.018722498909166,0.0440791570896127,0.0823140796811211,-1,1,-1
2019-12-12,0,35.95000076293945,36.09000015258789,35.349998474121094,35.59000015258789,28.886960983276367,23355500,30.011138915432788,-0.0002812397833925,-0.0268896596729422,-0.0184948878860413,0.0187187108563368,0.0440742170629928,0.0822992685846897,0,-1,-1
2019-12-13,0,35.79999923706055,36.369998931884766,35.349998474121094,36.310001373291016,29.50249481201172,27255500,31.403338772630605,0.0210845134105075,-0.0044367342482178,-0.0018118019307111,0.0187195363180835,0.0440655008819529,0.0822828007623282,1,-1,0
2019-12-16,0,36.43999862670898,36.63999938964844,35.47999954223633,35.47999954223633,28.828113555908203,21663700,32.03689261458934,-0.0231237535303932,-0.0093181558245232,-0.0077704577676409,0.0187217447564295,0.0440572158586977,0.0822667785409658,-1,-1,0
2019-12-17,0,35.75,36.27999877929688,35.540000915527344,36.02000045776367,29.26686286926269,19250800,32.47074709944777,0.0151048397733786,-0.013550655967284,0.0174382106636382,0.018720285340465,0.0440494820449904,0.0822501271292092,1,-1,1
2019-12-18,0,35.91999816894531,36.75,35.72999954223633,36.47999954223633,29.64061737060547,40451900,33.24779159164613,0.0126897132671322,0.0137457790693141,0.0236610519787622,0.0187181224072765,0.0440411256427348,0.0822338131548638,1,1,1
2019-12-19,0,36.15999984741211,36.709999084472656,36.11000061035156,36.65999984741211,29.7868709564209,22053300,32.40283465567938,0.0049220953200834,0.0303961684573163,0.033077234446256,0.0187145551011055,0.0440357563858409,0.0822183688932077,1,1,1
2019-12-20,0,36.630001068115234,36.70000076293945,36.29999923706055,36.5,29.6568660736084,24863500,31.988202257734063,-0.0043740550841126,0.0263033531565961,0.0397438068206462,0.0187110222101221,0.0440294191952651,0.082203807426537,-1,1,1
2019-12-23,0,36.5,36.84000015258789,36.310001373291016,36.84000015258789,29.933115005493164,11691500,30.163663019100472,0.0092717233955878,0.0144905631416763,0.0388201988079976,0.0187080850386752,0.0440211534099074,0.0821891192878309,1,1,1
2019-12-26,0,36.79999923706055,37.400001525878906,36.650001525878906,37.400001525878906,30.388139724731445,16333100,29.61467515873592,0.0150869988433641,0.0527013155154337,0.0471675810985329,0.0187066228425012,0.0440237688091608,0.082175804183643,1,1,1
2019-12-27,0,37.5,37.68999862670898,36.90999984741211,37.29999923706055,30.30688667297364,13455300,26.880486469084133,-0.0026774220267912,0.0349190537152638,0.0588662291200809,0.018702951437709,0.0440196484937322,0.0821649879496164,-1,1,1
2019-12-30,0,37.34000015258789,37.59000015258789,36.86000061035156,37.09999847412109,30.14437866210937,9225800,25.244060369833125,-0.0053765095380412,0.0168528309100902,0.074144759229697,0.018699542377668,0.0440116730869686,0.0821584481196111,-1,1,1
2020-01-02,0,37.27999877929688,38.02999877929688,36.9900016784668,38.02999877929688,30.91251373291016,20666100,24.56209486810788,0.02516261700962,0.0370933525996267,0.0935271468615115,0.0187023608139612,0.0440082199353839,0.0821589846916337,1,1,1
2020-01-03,0,37.5,38.2400016784668,37.45000076293945,37.630001068115234,30.587387084960938,24891400,25.126764652708648,-0.010573339878435,0.0308940678053043,0.0858395414566968,0.0186998992415678,0.0440029829551017,0.0821564788275708,-1,1,1
2020-01-06,0,37.54999923706055,37.58000183105469,36.90999984741211,37.06999969482422,30.13218879699707,22294700,25.573986726701968,-0.0149937416119054,0.0066286027978111,0.0650820939565493,0.018698698270999,0.0439941674433635,0.0821472534903432,-1,1,1
2020-01-07,0,37.06999969482422,37.2400016784668,36.209999084472656,36.209999084472656,29.43315315246582,20000900,23.055449995786027,-0.0234722983453425,-0.0319306943908954,0.0274798872681807,0.0187010883201461,0.0439907835559736,0.0821313062896701,-1,-1,1
2020-01-08,0,36.45000076293945,36.810001373291016,35.619998931884766,35.619998931884766,28.95355987548828,25980900,23.44887529923397,-0.0164285344654155,-0.0456818068295198,0.010768174862432,0.0187003811890831,0.0439926283408204,0.0821146257851823,-1,-1,1
2020-01-09,0,35.790000915527344,35.93000030517578,34.52000045776367,34.90999984741211,28.37644386291504,48423800,26.07631916202605,-0.0201338032537531,-0.0604391005452317,-0.0447206163874583,0.0187011634273429,0.0440019981371155,0.0821053925426221,-1,-1,-1
2020-01-10,0,35.08000183105469,35.45000076293945,34.56999969482422,34.599998474121094,28.124446868896484,25521600,27.594126271240025,-0.0089201660961126,-0.0945218836509642,-0.0522723704693541,0.0186983374112448,0.0440363418247609,0.0820983469209923,-1,-1,-1
2020-01-13,0,35.02000045776367,35.400001525878906,34.7400016784668,35.060001373291016,28.498367309570312,29200700,28.97997508915945,0.0132076048026142,-0.070740938969915,-0.0208224337126519,0.0186963374907543,0.0440520643973077,0.0820840528601546,1,-1,-1
2020-01-14,0,34.91999816894531,35.060001373291016,34.630001068115234,35.060001373291016,28.498367309570312,18433300,29.464967662480724,0.0,-0.0557471973580095,-0.0401597736287914,0.0186925801537797,0.0440587307940715,0.0820736405708727,0,-1,-1
2020-01-15,0,34.88999938964844,34.939998626708984,34.400001525878906,34.630001068115234,28.148845672607425,32757500,32.12236200336192,-0.0123404508068942,-0.0446153498195613,-0.03789350266622,0.0186905720423465,0.0440600165268712,0.0820626811198931,-1,-1,-1
2020-01-16,0,34.900001525878906,35.06999969482422,34.41999816894531,34.70000076293945,28.205730438232425,22857500,32.14659037361933,0.0020188168866066,-0.026167998467539,-0.0241463917116944,0.0186868448430873,0.0440549054269188,0.0820489383419158,1,-1,-1
2020-01-17,0,34.900001525878906,35.29999923706055,34.72999954223633,34.939998626708984,28.400821685791016,19722900,31.316267575491946,0.0068929130170613,0.0008587178032754,-0.0169722389112406,0.0186835435225396,0.0440460527730964,0.0820341192345831,1,0,-1
2020-01-20,0,34.79999923706055,35.0,34.15999984741211,34.22999954223633,27.823699951171875,18322200,30.647785195172872,-0.0205299036066612,-0.0107510197072732,-0.0585866559284094,0.0186845035730148,0.0440379954373843,0.0820291206820917,-1,-1,-1
2020-01-21,0,34.0099983215332,34.47999954223633,33.439998626708984,33.5,27.230323791503903,26878100,31.23874308642298,-0.0215569761409117,-0.0455156006507992,-0.0570198785389279,0.0186859319191643,0.0440396631572823,0.0820235926716686,-1,-1,-1
2020-01-22,0,33.849998474121094,34.06999969482422,33.5,33.70000076293945,27.39288902282715,17443500,30.106378294111284,0.0059522573979975,-0.0395633432528017,-0.0661724609143091,0.0186825151470641,0.044038876330037,0.0820212885798892,1,-1,-1
2020-01-23,0,33.5,34.810001373291016,33.400001525878906,34.5,28.04317283630371,33077600,28.263911100402343,0.0234617547014439,-0.0037611377444636,-0.0554004194799976,0.0186844753176774,0.0440302055142013,0.082015220711458,1,0,-1
2020-01-24,0,34.61000061035156,34.619998931884766,33.95000076293945,34.2400016784668,27.83183860778809,14756100,26.99669249816865,-0.007564570666307,-0.0133445252973773,-0.067887085466388,0.0186814120612077,0.0440225024496309,0.0820135500389607,-1,-1,-1
2020-01-27,0,33.7400016784668,34.09000015258789,33.40999984741211,33.5,27.230323791503903,14387100,25.17934550692429,-0.0218494414331343,-0.042086879747573,-0.0853624718154098,0.0186829779423114,0.0440227089007886,0.0820193119719952,-1,-1,-1
2020-01-28,0,33.77000045776367,33.970001220703125,33.29999923706055,33.4900016784668,27.222204208374023,17185400,24.9420934677952,-0.0002982261242333,-0.0218552022651452,-0.0949324213352311,0.0186792416383982,0.0440165643511347,0.0820297598519463,0,-1,-1
2020-01-29,0,33.689998626708984,33.790000915527344,32.91999816894531,32.970001220703125,26.79951477050781,20071400,23.35675934627732,-0.0156491897002533,-0.0159474158244867,-0.1256686098788484,0.0186782600932261,0.0440092736697569,0.0820583304227399,-1,-1,-1
2020-01-30,0,32.650001525878906,33.45000076293945,32.58000183105469,33.45000076293945,27.189682006835938,41789800,25.385103490966696,0.0144537815762891,-0.0074458916461951,-0.1085374062757681,0.0186766411272348,0.0440008931492657,0.0820761530798317,1,-1,-1
2020-01-31,0,32.9900016784668,33.38999938964844,32.540000915527344,32.81999969482422,26.67759132385254,25459800,25.87640498102473,-0.0190136265946283,-0.0499212729422674,-0.1221745233323552,0.0186769377682315,0.0440045461867533,0.0821023049789445,-1,-1,-1
2020-02-03,0,33.0,33.310001373291016,32.790000915527344,32.900001525878906,26.754846572875977,17586000,25.714312610885663,0.0028917004687803,-0.0394650018071801,-0.1444454398731949,0.0186732706625927,0.044003705090707,0.0821440151990733,1,-1,-1
2020-02-04,0,33.36000061035156,33.459999084472656,32.900001525878906,33.15999984741211,26.966293334960938,15730300,24.444535599077582,0.0078720538834202,-0.0097435064906253,-0.1260000461113395,0.0186701379858855,0.0439955614998066,0.0821725296852007,1,-1,-1
2020-02-05,0,33.709999084472656,34.119998931884766,33.36000061035156,33.36000061035156,27.12893295288086,34791900,26.36765507078108,0.0060131038959559,-0.0034321764704359,-0.1049932006034782,0.0186667462314635,0.0439869078209142,0.0821881074780925,1,0,-1
2020-02-06,0,33.70000076293945,33.7400016784668,33.11000061035156,33.279998779296875,27.063873291015625,26487800,25.498039278097856,-0.0024010453648875,0.0098159678649298,-0.0839219476230233,0.0186631019549493,0.0439783580379948,0.0821929186543878,-1,1,-1
2020-02-07,0,33.04999923706055,34.150001525878906,33.0,33.709999084472656,27.41355323791504,37117000,28.00209079523762,0.0128377851779077,0.0081999714665484,-0.0546556279796998,0.018661032710007,0.0439697157606236,0.0821864285919851,1,1,-1
2020-02-10,1,33.72999954223633,34.56999969482422,33.68000030517578,34.279998779296875,27.877084732055664,46013800,31.67867489666152,0.0167674807600066,0.0439810788211835,-0.01775434396594,0.0186601737337419,0.0439687920535731,0.0821716961496956,1,1,-1
2020-02-11,0,35.15999984741211,35.45000076293945,34.63999938964844,35.06999969482422,28.51953315734864,95513900,40.98887300591638,0.0227842108775217,0.0638735892299248,0.0139500330076941,0.0186618036821659,0.0439771767787608,0.0821552183490719,1,1,1
2020-02-12,0,35.16999816894531,35.47999954223633,34.7599983215332,34.93000030517578,28.405675888061523,66278200,46.53810436864477,-0.0040002460430005,0.0520012893035039,-0.0032578178379206,0.0186582907981803,0.0439795545426254,0.0821390916253341,-1,1,0
2020-02-13,0,34.709999084472656,34.790000915527344,34.20000076293945,34.38999938964844,27.96653175354004,20284500,44.19026302957454,-0.0155804796876767,0.0304077057198713,-0.0188382975255973,0.0186573025267483,0.0439743227742249,0.082124532451556,-1,1,-1
2020-02-14,0,34.27000045776367,34.400001525878906,33.66999816894531,33.810001373291016,27.49486923217773,31505400,44.96204866168619,-0.0170090868343318,0.0157996642504271,-0.0235069335530349,0.0186568220524536,0.0439663533996162,0.0821106785208597,-1,1,-1
2020-02-17,0,33.9900016784668,33.9900016784668,33.36000061035156,33.5,27.242780685424805,32235000,46.64426629937198,-0.0092108568560568,-0.0062489777835376,-0.0347366072956986,0.018654091685637,0.0439579240200326,0.0820989447927169,-1,-1,-1
2020-02-18,0,33.380001068115234,33.7400016784668,32.970001220703125,33.63999938964844,27.356630325317383,23950000,47.59750607044053,0.0041703675109564,-0.0188460910325879,-0.0374591528018034,0.0186505305197782,0.0439512135895076,0.0820878198731805,1,-1,-1
2020-02-19,0,33.70000076293945,34.41999816894531,33.52000045776367,34.119998931884766,27.74696350097656,19774200,45.96673450533162,0.0141674862719431,-0.0274628156381665,-0.002761762923199,0.018648842443531,0.0439465062667375,0.0820717053543908,1,-1,0
2020-02-20,0,34.22999954223633,34.27000045776367,33.83000183105469,34.0,27.649383544921875,48008700,48.48617395297827,-0.0035229780367621,-0.0269855476319279,0.0152722351809507,0.0186452971895652,0.0439416706371916,0.0820553296354952,-1,-1,1
2020-02-21,0,32.779998779296875,32.900001525878906,32.45000076293945,32.68000030517578,26.99152374267578,19501200,46.459468600978354,-0.0240805515204481,-0.0354856194646994,-0.0147605737374951,0.0186479769972215,0.0439394280776736,0.0820402950047813,-1,-1,-1
2020-02-26,0,31.100000381469727,31.600000381469727,30.770000457763672,31.049999237060547,25.64525032043457,35231200,44.894620054704106,-0.0511644994822359,-0.0696410321126036,-0.0893868279211749,0.0186725668740985,0.0439541890618412,0.0820476434387453,-1,-1,-1
2020-02-27,0,30.700000762939453,32.33000183105469,30.56999969482422,31.06999969482422,25.66177558898925,61009500,40.11446251302634,0.0006441717808901,-0.0597860034756566,-0.0811780854739778,0.0186688580240703,0.0439629305330396,0.0820511776534743,0,-1,-1
2020-02-28,0,31.100000381469727,32.08000183105469,30.799999237060547,32.0,26.429893493652344,56066500,38.46036651661498,0.0294931452975119,-0.0344632256891011,-0.0298354987433315,0.0186741688873739,0.043960314505982,0.0820384722372373,1,-1,-1
2020-03-02,0,31.93000030517578,32.290000915527344,31.270000457763672,31.8799991607666,26.3431396484375,51275400,41.69336105689395,-0.003287812664848,-0.0519185246258922,-0.032825085283946,0.0186706048290648,0.0439648831840369,0.0820263635734513,-1,-1,-1
2020-03-03,0,31.64999961853028,31.96999931335449,30.959999084472656,31.299999237060547,25.863874435424805,43691000,42.78186096447587,-0.0183607005808784,-0.0667562471700085,-0.0355365961645712,0.0186706306812526,0.0439777053806112,0.0820148332064057,-1,-1,-1
2020-03-04,0,31.809999465942383,31.82999992370605,30.93000030517578,31.600000381469727,26.11176109313965,31229900,42.5231144630227,0.0095386438166032,-0.033137051832957,-0.0404517339242569,0.018667819850505,0.0439746339441809,0.0820044374183385,1,-1,-1
2020-03-05,0,31.26000022888184,31.489999771118164,30.18000030517578,30.520000457763672,25.219343185424805,30407300,42.98388493554842,-0.0347745426303083,-0.0167470949810294,-0.056212649959937,0.0186772322883017,0.0439675314047715,0.0819984616832525,-1,-1,-1
2020-03-06,0,29.600000381469727,30.350000381469727,29.31999969482422,29.8700008392334,24.682228088378903,32428300,44.02264794724938,-0.0215278127265511,-0.0389190794884707,-0.0806321631552684,0.0186786125503543,0.0439664580652146,0.08200171130948,-1,-1,-1
2020-03-09,0,28.0,28.450000762939453,27.3700008392334,27.799999237060547,22.97173500061035,47479600,43.04580961584743,-0.0718189268906186,-0.1402311516766013,-0.1603231439293074,0.0187300608876126,0.0440492660903826,0.0820552196884951,-1,-1,-1
2020-03-10,0,29.5,29.700000762939453,27.57999992370605,28.489999771118164,23.54189682006836,44566300,45.203186862324216,0.0245171299989987,-0.1124262090127545,-0.1418191178262646,0.0187325375657826,0.0440996493554858,0.0820941888894043,1,-1,-1
2020-03-11,0,27.799999237060547,28.13999938964844,25.030000686645508,26.170000076293945,21.624828338623047,48242100,45.779719993980734,-0.0849395624903089,-0.1790050709221851,-0.224357634951686,0.0188054925247404,0.0442382139242014,0.0822100515491484,-1,-1,-1
2020-03-12,0,23.200000762939453,24.559999465942383,22.40999984741211,23.600000381469727,19.501184463500977,58487200,44.02577472990328,-0.1033669092450834,-0.2919106239838717,-0.3405623293746774,0.018914483337286,0.0446150143500586,0.0824894308400263,-1,-1,-1
2020-03-13,0,26.940000534057617,27.18000030517578,23.64999961853028,26.209999084472656,21.65788078308105,89695700,45.92722127878962,0.1048941912268967,-0.1522418901266667,-0.2524356189077873,0.0190248625274942,0.0447116456014793,0.0826377176535792,1,-1,-1
2020-03-16,0,23.5,25.65999984741211,22.71999931335449,23.799999237060547,19.66644859313965,62416000,45.418611546712384,-0.0964553299781857,-0.2271694073783014,-0.3716751597634947,0.0191181197051935,0.0449346199609842,0.0829693916500468,-1,-1,-1
2020-03-17,0,24.51000022888184,26.709999084472656,23.5,25.200000762939453,20.823299407958984,70493400,46.81290688166273,0.0571584569443495,-0.0981920235433331,-0.3105164567761446,0.0191477694066116,0.0449697582862876,0.0831968841075997,1,-1,-1
2020-03-18,1,23.96999931335449,24.25,21.540000915527344,23.450000762939453,19.37723159790039,83737300,50.143540859027006,-0.0719737757827946,-0.1946829293251265,-0.3669097528712625,0.0191977681165505,0.0451303745869915,0.0835167681219143,-1,-1,-1
2020-03-19,0,22.770000457763672,23.729999542236328,21.1299991607666,22.850000381469727,18.88144302368164,73652600,52.717725748164106,-0.0259191587175637,-0.1356625255523813,-0.3758198247544944,0.0192010212844464,0.0452040636397939,0.0838509704509796,-1,-1,-1
2020-03-20,0,23.38999938964844,23.96999931335449,21.600000381469727,22.049999237060547,18.22037696838379,73398600,54.933449197992125,-0.0356390077054154,-0.0679346240127132,-0.402247975603853,0.0192104614350834,0.0452162895935664,0.0842328970967793,-1,-1,-1
2020-03-23,0,22.26000022888184,22.489999771118164,20.0,20.520000457763672,16.95611572265625,53457900,54.17313637189655,-0.0719120030837144,-0.2447408183233244,-0.4783303461985239,0.019260044093539,0.0454718771173754,0.0847726369932641,-1,-1,-1
2020-03-24,0,21.700000762939453,23.280000686645508,21.5,22.5,18.592227935791016,51467700,53.79235767455326,0.0921150621332694,-0.0561704262118692,-0.4003827703371976,0.0193425478501208,0.0454773445463319,0.0851455212890117,1,-1,-1
2020-03-25,0,22.229999542236328,24.729999542236328,22.01000022888184,23.600000381469727,19.501184463500977,43889700,53.019353556215286,0.0477315649631582,-0.0655973181930605,-0.3491282273372772,0.0193617068659496,0.0454879008606072,0.0854250577824858,1,-1,-1
2020-03-26,0,24.229999542236328,24.81999969482422,23.71999931335449,24.25,20.038299560546875,50777700,52.5114992038419,0.0271702149053901,0.0335466724951242,-0.2978774609114387,0.0193652603290371,0.0454833854858612,0.0856245720133443,1,1,-1
2020-03-27,0,23.020000457763672,24.020000457763672,22.51000022888184,22.96999931335449,18.980602264404297,41981300,47.78338250592339,-0.0542278961418886,0.0052379350707993,-0.3009408575710913,0.0193916278395268,0.0454744679159845,0.0858276406395301,-1,1,-1
2020-03-30,0,23.11000061035156,24.38999938964844,22.82999992370605,24.11000061035156,19.92260932922364,30225500,45.202945980159456,0.0484377097943312,0.089314652570546,-0.2531473195576503,0.0194113741421223,0.0454989544488001,0.0859671929872376,1,1,-1
2020-03-31,0,23.950000762939453,24.25,22.809999465942383,23.09000015258789,19.079748153686523,40625200,42.34414955011436,-0.0432277675601233,0.1179988880941371,-0.3258682324152855,0.0194267228912967,0.04554875468332,0.0862056180367191,-1,1,-1
2020-04-01,0,22.21999931335449,22.3799991607666,21.190000534057617,21.39999961853028,17.69477081298828,44343800,38.88635976444267,-0.075358304804678,-0.0494744788438104,-0.3979387245551158,0.0194807037785094,0.0455510417215699,0.0865648871031174,-1,-1,-1
2020-04-02,0,21.3799991607666,22.0,21.14999961853028,21.5,17.7774600982666,39156300,36.02021309854662,0.0046622066294152,-0.0925438371775535,-0.3749158173448219,0.0194770709439756,0.0455803348019753,0.0868807873540226,1,-1,-1
2020-04-03,0,21.420000076293945,21.479999542236328,20.01000022888184,20.65999984741211,17.082902908325195,37393100,33.13756178534773,-0.0398532348426822,-0.1595672869256259,-0.4243076960041076,0.0194894425283598,0.0456833211547716,0.0872861879473736,-1,-1,-1
2020-04-06,0,22.13999938964844,22.68000030517578,21.88999938964844,22.18000030517578,18.3397216796875,39305700,32.37175124114154,0.0709911577008494,-0.034348233082888,-0.3185419956729498,0.0195360667780482,0.0456798421937378,0.08750830443862,1,-1,-1
2020-04-07,0,23.5,23.8799991607666,22.920000076293945,23.0,19.01774978637696,38049700,31.409119005409416,0.0363034512332551,-0.046482491643964,-0.2607107317131437,0.0195453058189589,0.0456807350859919,0.0876521992584251,1,-1,-1
2020-04-08,0,23.01000022888184,24.38999938964844,22.940000534057617,24.18000030517578,19.99344062805176,40947000,31.25548988077487,0.0500315088062515,0.0467767847224108,-0.1388602960162735,0.0195663498086562,0.0456806115065575,0.0876823624560245,1,1,-1
2020-04-09,0,24.459999084472656,24.700000762939453,23.5,23.5,19.431171417236328,37307000,30.0481529906721,-0.028525700489882,0.0936093890372068,-0.1919031265051544,0.0195708221650658,0.0457081987795937,0.0877534937894925,-1,1,-1
2020-04-13,0,23.450000762939453,24.0,23.020000457763672,24.0,19.8446102142334,21602700,28.529044676210457,0.0210538938588644,0.1100010762666558,-0.085909670155981,0.0195713175305448,0.0457498540475106,0.0877552002064694,1,1,-1
2020-04-14,0,24.459999084472656,25.14999961853028,24.299999237060547,24.299999237060547,20.09266471862793,33766100,28.843815883826743,0.0124223645546085,0.1622766756639467,0.0298796036437109,0.0195689595779985,0.0458517542275439,0.0877391228394786,1,1,1
2020-04-15,0,23.850000381469727,24.479999542236328,23.3700008392334,23.39999961853028,19.34849739074707,34845100,28.42737486043048,-0.0377400468511195,0.0535454711119777,-0.1127546344343054,0.01957958877467,0.0458543199500756,0.0877535653745654,-1,1,-1
2020-04-16,0,23.700000762939453,23.81999969482422,22.799999237060547,22.809999465942383,18.86064338684082,31071300,27.607730054183587,-0.0255373717817675,-0.0082953519030449,-0.0418366762378872,0.0195824067963419,0.0458457317047483,0.0877413732740234,-1,-1,-1
2020-04-17,0,23.440000534057617,23.61000061035156,22.61000061035156,23.21999931335449,19.19966125488281,25164100,26.728957624172683,0.0178152454494229,-0.0405116152598735,-0.0811798877328139,0.019581658326912,0.0458443146505928,0.0877411376597552,1,-1,-1
2020-04-20,0,22.71999931335449,22.96999931335449,22.5,22.63999938964844,18.720075607299805,28583800,26.301071532146945,-0.0252961260104679,-0.0372820407804593,-0.0345022379604872,0.0195843475801955,0.0458417745054049,0.0877274908335337,-1,-1,-1
2020-04-22,0,22.39999961853028,23.1299991607666,22.209999084472656,22.3700008392334,18.496829986572266,48051200,26.99407601184268,-0.0119971445681152,-0.070333079207439,-0.0205802238110388,0.0195820096919038,0.0458548801468497,0.0877117532166964,-1,-1,-1
2020-04-23,0,22.65999984741211,22.739999771118164,21.84000015258789,22.049999237060547,18.23222923278809,41455100,27.126946644348465,-0.0144085003587329,-0.0971639441207804,0.0006502835356438,0.0195803196532346,0.0458875025654575,0.0876945069793471,-1,-1,0
2020-04-24,0,21.739999771118164,21.81999969482422,20.3700008392334,20.8799991607666,17.26481056213379,68819700,28.651644217363916,-0.0545205065482695,-0.1139444038179303,0.0180417800710887,0.0196064074260611,0.0459353676641511,0.0876775390884947,-1,-1,1
2020-04-27,0,21.540000915527344,22.13999938964844,21.100000381469727,21.56999969482422,17.835338592529297,38416700,28.4876404582982,0.0325114449356866,-0.0558955871004761,-0.041561837126494,0.0196129757543147,0.0459403808809311,0.0876653198808606,1,-1,-1
2020-04-28,0,22.979999542236328,23.61000061035156,22.59000015258789,23.350000381469727,19.30714988708496,58267500,31.36086156652464,0.0792936844246817,0.0055828518747827,-0.0099997176649706,0.0196713446326521,0.045931456799202,0.0876486092818323,1,1,-1
2020-04-29,0,24.0,24.1200008392334,23.15999984741211,23.65999984741211,19.5634822845459,31532100,31.106778448259725,0.0131891918902786,0.0440681697755292,-0.0239807406800822,0.0196691628797383,0.0459302163195167,0.0876333463804848,1,1,-1
2020-04-30,0,22.59000015258789,23.32999992370605,22.459999084472656,22.770000457763672,18.82756805419922,46293100,31.92129603569593,-0.0383424980645922,0.0177228162790523,-0.0080953426027858,0.0196801067950669,0.0459223578310706,0.0876165263779639,-1,1,0
2020-05-04,1,21.950000762939453,22.09000015258789,21.780000686645508,21.88999938964844,18.11186408996582,32042300,31.89786184398053,-0.0387549834778221,-0.0066236668400367,-0.095288035874939,0.0196913417220156,0.0459136504319686,0.0876222649377352,-1,-1,-1
2020-05-05,0,22.200000762939453,23.3700008392334,21.90999984741211,22.700000762939453,18.78206253051757,51925500,33.92862785251163,0.0363350955299574,0.0842319352381903,-0.0157251727848581,0.0197004140379933,0.0459338534648205,0.0876060657255038,1,1,-1
2020-05-06,0,22.600000381469727,22.780000686645508,22.0,22.239999771118164,18.40145874023437,29178900,33.93623478867005,-0.0204723528227865,0.0312481374797171,0.0391607791970334,0.0197008174691057,0.0459286475495629,0.0875913258571485,-1,1,1
2020-05-07,0,22.3799991607666,22.479999542236328,21.1299991607666,21.440000534057617,17.739540100097656,52200500,34.0898154828102,-0.0366338887466545,-0.084679435691619,-0.0021353161790362,0.0197104211755461,0.0459512349110825,0.0875742450357134,-1,-1,0
2020-05-08,0,22.020000457763672,22.770000457763672,21.89999961853028,22.31999969482422,18.4676513671875,35745100,33.6949454908205,0.040224574709991,-0.0576440528719066,0.0779424933736371,0.0197223981485121,0.0459570939815242,0.0875686953231845,1,-1,1
2020-05-11,0,22.170000076293945,23.030000686645508,22.170000076293945,22.3799991607666,18.51730155944824,38216500,31.712183943523826,0.0026848876722925,-0.0166166671350218,0.0096362233450804,0.0197186141125871,0.0459495025514603,0.0875515213854745,1,-1,1
2020-05-12,0,22.51000022888184,22.65999984741211,21.59000015258789,21.61000061035156,17.880203247070312,43248200,32.07577869461188,-0.0350113775021178,-0.0128730611593174,-0.0616786053902925,0.019727037802518,0.0459414009680721,0.0875445584081073,-1,-1,-1
2020-05-13,0,21.739999771118164,21.940000534057617,21.200000762939453,21.600000381469727,17.871917724609375,34711100,29.99343269252038,-0.0004634982420109,-0.049671654931286,-0.112173612438555,0.0197232011135321,0.0459435137529756,0.0875585920835777,0,-1,-1
2020-05-14,0,21.309999465942383,22.59000015258789,20.729999542236328,22.549999237060547,18.657947540283203,61771700,32.203824658200354,0.0430415581628759,0.0138422560543764,-0.0406063537857968,0.0197374446755122,0.0459352116903328,0.0875462336280023,1,1,-1
2020-05-15,0,22.5,22.770000457763672,21.6299991607666,21.6299991607666,17.89673614501953,37767500,31.39638262954984,-0.0416538389334365,0.0088223058675944,-0.1033140865780976,0.019750890986583,0.0459264907300463,0.0875557166107711,-1,1,-1
2020-05-18,0,22.450000762939453,22.940000534057617,22.01000022888184,22.670000076293945,18.757238388061523,49600900,32.84078828102527,0.0469613673285888,0.0155590984861922,-0.0687750838041173,0.0197685450868569,0.0459183916615631,0.0875509776633188,1,1,-1
2020-05-19,0,22.6299991607666,22.71999931335449,21.61000061035156,21.690000534057617,17.946388244628906,40881800,31.843873769009527,-0.0441908425925418,-0.0313166317786421,-0.0752258795455395,0.0197841005111374,0.045913986649242,0.0875484761125986,-1,-1,-1
2020-05-20,0,21.93000030517578,21.950000762939453,21.36000061035156,21.600000381469727,17.871917724609375,41396000,32.681109561352145,-0.0041582439654866,-0.0004634982420109,-0.0538467517292586,0.0197804439700941,0.0459050606928645,0.0875392485647191,-1,0,-1
2020-05-21,0,21.71999931335449,22.84000015258789,21.709999084472656,22.84000015258789,18.897899627685547,60803900,33.60154237400781,0.0558201463552604,0.0558201463552604,-0.0158418508234208,0.0198069304009895,0.0459086829411819,0.0875231359981389,1,1,-1
2020-05-22,0,22.600000381469727,23.350000381469727,22.209999084472656,22.959999084472656,18.997188568115234,51255200,34.89552212759588,0.0052402130387648,0.0180188012311494,0.0146944882258119,0.0198033289234606,0.045900919237398,0.0875061829449206,1,1,1
2020-05-25,0,23.90999984741211,24.190000534057617,23.38999938964844,23.959999084472656,19.82459259033203,28158200,34.27884860490669,0.042632218892654,0.1023048590572397,0.0693238516865812,0.0198170845873894,0.0459350883590436,0.0874981219471527,1,1,1
2020-05-26,0,24.32999992370605,24.420000076293945,22.86000061035156,23.01000022888184,19.038562774658203,53066900,35.256960916990444,-0.0404566750213758,0.014886816707275,0.0432756770239381,0.0198294609730918,0.0459269209839203,0.0874841644855162,-1,1,1
2020-05-27,0,23.63999938964844,23.729999542236328,23.15999984741211,23.729999542236328,19.63429069519043,36440100,35.649481896155564,0.030811020874764,0.0898886801745809,0.1286072044469718,0.0198347493802696,0.0459510629483062,0.0875008142796276,1,1,1
2020-05-28,0,23.489999771118164,24.049999237060547,23.309999465942383,23.309999465942383,19.28678131103516,23918500,32.79714070431968,-0.0178576077731481,0.0761893163669195,0.078238151738137,0.0198341097221276,0.045965710775167,0.0874954485826769,-1,1,1
2020-05-29,0,23.18000030517578,23.299999237060547,22.709999084472656,23.040000915527344,19.063377380371094,53968500,34.25341742811834,-0.0116508752717675,0.0087182947398912,-0.0127064079583122,0.0198316488517931,0.0459570031314839,0.0874791130112335,-1,1,-1
2020-06-01,0,22.82999992370605,23.850000381469727,22.700000762939453,23.65999984741211,19.58912467956543,39221300,33.584653390485,0.0272054691356798,0.0306835508368062,0.0013098692870889,0.0198349046238955,0.0459516716856461,0.0874620697298829,1,1,0
2020-06-02,0,24.0,25.299999237060547,23.82999992370605,25.25,20.90555191040039,57810700,35.544270562274484,0.0650402163848288,0.053091548328981,0.1046925837365098,0.0198719898640738,0.0459539735554933,0.0874668356776841,1,1,1
2020-06-03,0,26.299999237060547,26.770000457763672,25.799999237060547,25.920000076293945,21.46027565002441,58718200,37.6912271871975,0.0261888166085599,0.1197370399589169,0.1696363838228918,0.0198746793270245,0.0460039554834932,0.0875096280171922,1,1,1
2020-06-04,0,25.770000457763672,26.82999992370605,25.479999542236328,26.670000076293945,22.08123016357422,44336600,36.98947427745319,0.0285243518381408,0.1174503709222938,0.1618256401310753,0.0198785915261436,0.046051547384002,0.0875467566079448,1,1,1
2020-06-05,0,28.15999984741211,28.700000762939453,27.18000030517578,27.26000022888184,22.56972312927246,64665500,38.99404489866078,0.0218813897662356,0.1571893684616775,0.2041793827200974,0.0198792763351543,0.0461443005583599,0.0876171775311157,1,1,1
2020-06-08,0,27.61000061035156,28.479999542236328,27.51000022888184,28.36000061035156,23.48045539855957,31763300,39.76814630124074,0.0395590663872891,0.2083993101207341,0.280372337854041,0.0198904074243198,0.046314329710056,0.0877673930586058,1,1,1
2020-06-09,0,27.56999969482422,28.239999771118164,27.26000022888184,27.799999237060547,23.01680374145508,51638000,40.50359171493162,-0.0199438433131297,0.1612499976719246,0.22020391983092,0.0198905533126748,0.0464115358715603,0.0878519799710035,-1,1,1
2020-06-10,0,28.11000061035156,28.170000076293945,26.479999542236328,26.59000015258789,22.01499938964844,49244800,42.02482736839574,-0.0445005351439508,0.0517092461431449,0.1730184970146765,0.0199062062719703,0.0464129158465156,0.087896542227733,-1,1,1
2020-06-12,0,25.90999984741211,26.3700008392334,25.6200008392334,26.059999465942383,21.57618904113769,54204000,44.94724761965405,-0.0201336640446431,0.0053867654899418,0.1878962104721512,0.0199064108344943,0.0464039856983523,0.0879524706355973,-1,1,1
2020-06-15,0,25.100000381469727,25.989999771118164,25.030000686645508,25.450000762939453,21.071144104003903,37413100,43.95488165433774,-0.0236858209542578,-0.0468234073024569,0.1646738877599044,0.0199081410337713,0.0464048899685012,0.08799081120023,-1,-1,1
2020-06-16,0,26.5,26.56999969482422,25.700000762939453,26.18000030517578,21.6755428314209,38011200,44.18432620541394,0.0282800399940723,-0.0404247570746203,0.1499123695911006,0.0199118943969289,0.0464033619555033,0.0880192187969823,1,-1,1
2020-06-17,0,26.18000030517578,26.940000534057617,26.14999961853028,26.51000022888184,21.94876480102539,35792100,42.438923727900765,0.0125262981574357,-0.0674575253044735,0.204092506681973,0.0199095024944164,0.0464143835781939,0.0880883574614438,1,-1,1
2020-06-18,0,26.5,27.90999984741211,26.31999969482422,27.549999237060547,22.8098201751709,53971500,42.319136897628496,0.0384802880330564,-0.0090333939582873,0.1956114273864405,0.019919775478259,0.046405904763613,0.0881500921974564,1,-1,1
2020-06-19,0,28.100000381469727,28.239999771118164,27.57999992370605,28.09000015258789,23.25691795349121,62091700,44.23819439195264,0.0194114814929063,0.0548786226785698,0.2592137514718886,0.0199194642756978,0.0464086604308232,0.0882735089562602,1,1,1
2020-06-22,0,28.040000915527344,28.239999771118164,26.90999984741211,27.21999931335449,22.53659439086914,29284200,40.938975903234144,-0.0314622287639971,0.043550057959216,0.2319097666733781,0.0199253920501884,0.0464069402259546,0.088367890413924,-1,1,1
2020-06-23,0,27.700000762939453,27.75,26.559999465942383,26.86000061035156,22.2385368347168,59605500,43.331210731190986,-0.0133137279857016,0.053922150927772,0.162775892332416,0.0199233469885821,0.0464092592677099,0.0884041782041452,-1,1,1
2020-06-24,0,26.790000915527344,26.920000076293945,25.600000381469727,25.84000015258789,21.39403915405273,57364300,43.49095802264776,-0.0387143383882175,-0.0130722274545178,0.1188213409054334,0.0199342132254383,0.0464012328500295,0.0884145419316559,-1,-1,1
2020-06-25,0,26.030000686645508,26.32999992370605,25.51000022888184,26.14999961853028,21.65070533752441,46375100,43.16054516974144,0.0119256939942255,-0.0136728316177279,0.0881148160070051,0.0199316838624672,0.0463932865244086,0.0884118634648969,1,-1,1
2020-06-26,0,25.709999084472656,26.21999931335449,25.540000915527344,25.709999084472656,21.28640365600586,39663400,41.81849992513175,-0.0169694901287672,-0.0691226097795517,0.1116020008996137,0.0199307240480414,0.0464052625930596,0.0884187498207263,-1,-1,1
2020-06-29,0,25.89999961853028,26.520000457763672,25.75,26.479999542236328,21.92391967773437,30767300,41.34891450906883,0.0295097206192968,-0.0590243706531612,0.1103007006441465,0.0199351284395094,0.0464116875666053,0.0884250184633113,1,-1,1
2020-06-30,0,26.21999931335449,26.309999465942383,25.450000762939453,25.450000762939453,21.071144104003903,45729200,41.925195845464806,-0.0396737370243097,-0.0672358789134737,0.0884845713929849,0.0199466925712077,0.0464225175584426,0.0884224312107727,-1,-1,1
2020-07-01,0,25.600000381469727,26.209999084472656,25.540000915527344,26.100000381469727,21.622053146362305,39135400,42.17524350818156,0.0258092463593347,-0.0281129045684373,0.1259446930240873,0.0199491352838996,0.0464172823600915,0.0884362727713445,1,-1,1
2020-07-02,0,26.5,27.25,26.40999984741211,26.549999237060547,21.99483299255371,41598300,40.87071681288069,0.0170937889548212,0.0276952227746013,0.1158330128432286,0.0199480208842871,0.0464111361947869,0.0884450398128633,1,1,1
2020-07-03,0,26.38999938964844,26.690000534057617,26.200000762939453,26.5,21.953418731689453,10241400,35.83955105581845,-0.0018846835311149,0.0138848452492609,0.0489081129272849,0.0199442360648598,0.0464028148068977,0.0884317401720412,0,1,1
2020-07-06,0,27.1200008392334,27.850000381469727,26.850000381469727,27.729999542236328,22.972394943237305,29369300,35.90028111136927,0.0453703969617039,0.076224732339732,0.0680896932804288,0.0199599466330592,0.0464168505250196,0.0884227569933574,1,1,1
2020-07-07,0,27.43000030517578,27.709999084472656,26.31999969482422,26.3700008392334,21.845722198486328,64917300,36.28250478270916,-0.0502881532447357,-0.0035731415243005,-0.0107228118024478,0.0199807099578505,0.0464080465328981,0.0884063510156807,-1,0,-1
2020-07-08,0,26.64999961853028,27.06999969482422,26.5,26.940000534057617,22.31794166564941,33988600,34.34841196909564,0.0213857919952353,0.0574863874952444,-0.0112184095734481,0.0199811462717527,0.0464119625474841,0.088389993406171,1,1,-1
2020-07-09,0,27.020000457763672,27.170000076293945,26.57999992370605,26.950000762939453,22.32621383666992,43480000,34.21095827922374,0.0003705824882161,0.0320477236241257,-0.0504068934725212,0.019977315207968,0.0464068263333887,0.0883801471325492,0,1,-1
2020-07-10,0,26.950000762939453,27.309999465942383,26.6200008392334,27.200000762939453,22.533327102661133,24056400,32.96384026406322,0.0092339214037227,0.0241878560730272,-0.0212291287556688,0.0199742514151341,0.0463999815902899,0.088364826349595,1,1,-1
2020-07-13,0,27.450000762939453,27.549999237060547,26.799999237060547,26.799999237060547,22.20195198059082,24781700,32.45075848742869,-0.0148152058051316,0.0112573337990106,0.0084562005831505,0.0199726169157231,0.0463914412519345,0.0883477632607065,-1,1,0
2020-07-14,0,26.75,27.420000076293945,26.440000534057617,27.25,22.57474708557129,28445300,31.124408447668053,0.0166516838768213,-0.017461379285872,0.0452415485046149,0.0199713548187321,0.0463840811875497,0.0883338834882227,1,-1,1
2020-07-15,0,27.540000915527344,27.799999237060547,27.06999969482422,27.440000534057617,22.732149124145508,31952200,30.62986372109332,0.0069482875679208,0.0397750615267845,0.0758756570267937,0.0199679542266616,0.0463811329658241,0.0883271605959987,1,1,1
2020-07-16,0,27.170000076293945,27.31999969482422,26.920000076293945,26.979999542236328,22.3510684967041,19476200,28.650646223079896,-0.0169060561356255,0.0014832133959236,0.0306895608970957,0.0199669721204632,0.0463722405959209,0.0883113308673887,-1,0,1
2020-07-17,0,27.11000061035156,27.39999961853028,27.0,27.21999931335449,22.549882888793945,32460900,30.743433628922286,0.0088557451579685,0.009968376065676,0.0270190078976284,0.0199638532575612,0.0463636247750338,0.0882951618274357,1,1,1
2020-07-20,0,27.25,27.530000686645508,26.959999084472656,27.299999237060547,22.616174697875977,28731700,30.64075755405215,0.0029354723536739,0.0036699270156273,-0.0085258077817539,0.0199601019477861,0.0463547555681014,0.0882786782700405,1,0,0
2020-07-21,0,27.600000381469727,28.040000915527344,27.36000061035156,27.780000686645508,23.013811111450195,37090400,28.311033353457542,0.0174291739305643,0.0359143067513234,-0.0105081153440961,0.0199590933164032,0.0463506679849569,0.0882623481785808,1,1,-1
2020-07-22,0,27.850000381469727,27.850000381469727,26.770000457763672,27.06999969482422,22.425626754760746,45613600,29.401911338752704,-0.0258901623333001,-0.006627539458798,-0.004936048913399,0.0199618497922519,0.0463420927656526,0.0882456655380026,-1,-1,0
2020-07-23,0,27.100000381469727,27.13999938964844,26.459999084472656,26.5,21.953418731689453,29315400,28.051836227741205,-0.0212814782170338,-0.0348573052437527,-0.0129037991447312,0.0199624930602669,0.0463387921371982,0.0882295507728587,-1,-1,-1
2020-07-24,0,26.350000381469727,26.8799991607666,26.11000061035156,26.46999931335449,21.92856788635254,30196700,28.5474296359516,-0.0011326218299933,-0.0190838709381206,0.024677917413493,0.0199587010864518,0.0463317369935484,0.0882132398510085,0,-1,1
2020-07-27,0,26.6299991607666,27.920000076293945,26.540000915527344,27.799999237060547,23.03038024902344,49462200,30.97766475329871,0.0490239682888849,0.0210843521927959,0.0617761917081524,0.0199775797756322,0.0463244043481302,0.0882027752887136,1,1,1
2020-07-28,0,27.71999931335449,28.26000022888184,27.520000457763672,27.63999938964844,22.897838592529297,23778800,30.574659381278387,-0.0057717032264194,0.0123771766127026,0.0729739786105003,0.019974121796606,0.0463160062829336,0.0881952516879116,-1,1,1
2020-07-29,0,28.14999961853028,28.489999771118164,27.8799991607666,28.290000915527344,23.43631362915039,27162200,30.204261721608912,0.0232441624599081,0.0181921651420463,0.0667084204511114,0.0199753322152768,0.0463082567897956,0.0881860152724776,1,1,1
2020-07-30,0,27.8700008392334,28.229999542236328,27.420000076293945,27.809999465942383,23.038663864135746,29092900,31.17377751776512,-0.0171128418217954,0.0269694856535509,0.0892693156536258,0.0199744232081021,0.0463020106220254,0.0881837356177287,-1,1,1
2020-07-31,0,27.940000534057617,27.979999542236328,26.790000915527344,26.88999938964844,22.27651023864746,30880200,30.99185418020449,-0.0336410713647025,0.0146098925058822,0.0298189979295885,0.0199816093925939,0.0462938388566643,0.0881679049281364,-1,1,1
2020-08-03,1,27.100000381469727,27.709999084472656,26.5,27.280000686645508,22.61220932006836,33197100,31.40804913597932,0.0149572250314967,0.0306997393673724,0.0276824340062641,0.0199798505405335,0.0462884268532839,0.0881518826923906,1,1,1
2020-08-04,0,26.25,26.690000534057617,25.40999984741211,25.690000534057617,21.29427146911621,79805400,34.89828455833778,-0.0600519043736439,-0.0783761332951565,-0.0304847868362648,0.0200107260613336,0.0463061345042909,0.088138062906665,-1,-1,-1
2020-08-05,0,26.14999961853028,26.299999237060547,25.36000061035156,25.670000076293945,21.277700424194336,49930400,35.06124292495669,-0.0007784955698231,-0.0733829256385602,-0.0766336793677919,0.0200069277336376,0.0463206069948577,0.0881364627235226,0,-1,-1
2020-08-06,0,25.700000762939453,26.299999237060547,25.40999984741211,26.030000686645508,21.57609748840332,29915600,35.06903647565852,0.0139265083382213,-0.0827005797602468,-0.0124190177848347,0.0200048909412499,0.0463411668477256,0.0881203959621315,1,-1,-1
2020-08-07,0,25.6299991607666,26.450000762939453,25.39999961853028,25.479999542236328,21.12020874023437,66608400,38.14169522203686,-0.021355761876597,-0.0869434998150485,-0.0551605716566671,0.0200055377532566,0.0463646993677314,0.0881119606961788,-1,-1,-1
2020-08-10,0,25.520000457763672,26.07999992370605,25.40999984741211,25.809999465942383,21.393739700317383,30106100,36.09885743537004,0.012867999539013,-0.0404344289113328,-0.0426631546058699,0.020003239837898,0.046363180735,0.0881004758803574,1,-1,-1
2020-08-11,0,26.1200008392334,26.290000915527344,25.51000022888184,25.51000022888184,21.14506721496582,26227500,36.140531662242005,-0.0116916921786076,-0.0670833461214371,-0.0635887681882003,0.0200008001668356,0.046373801326643,0.0880944792998754,-1,-1,-1
2020-08-12,0,25.690000534057617,25.86000061035156,24.90999984741211,25.21999931335449,20.90468978881836,49561800,37.78904353973532,-0.0114331240752692,-0.0184645658230624,-0.0602066864583379,0.0199983028699692,0.0463666462068364,0.0880874638184182,-1,-1,-1
2020-08-13,0,25.459999084472656,25.549999237060547,24.5,24.5,20.30788803100586,40945900,38.454499095348666,-0.0289641420794043,-0.0466502123326436,-0.1058225124145635,0.0200026195799125,0.0463674190725522,0.0880983064503376,-1,-1,-1
2020-08-14,0,24.56999969482422,25.209999084472656,24.3700008392334,24.729999542236328,20.498533248901367,30640600,38.207668385559046,0.0093439512217676,-0.0512327694490975,-0.1034268487607167,0.0199996045503842,0.0463700868427241,0.0881079564777308,1,-1,-1
2020-08-17,0,24.71999931335449,24.75,23.850000381469727,24.13999938964844,20.009485244750977,37792600,38.230573441718064,-0.0241469113857929,-0.0540239189582934,-0.1106677040108842,0.0200014624258568,0.0463739859990587,0.0881211623138767,-1,-1,-1
2020-08-18,0,24.6200008392334,24.63999938964844,24.049999237060547,24.239999771118164,20.13650131225586,41973500,34.70570818909423,0.0063277304761882,-0.0605641880211182,-0.1131957186926644,0.019998017513819,0.0463810305309801,0.0881356369371955,1,-1,-1
2020-08-19,0,24.31999969482422,24.420000076293945,24.020000457763672,24.1200008392334,20.03682518005371,27450600,32.59135779019302,-0.0049623143237216,-0.0538348101662322,-0.12109350537006,0.0199944838707284,0.0463848151944878,0.0881543220386317,-1,-1,-1
2020-08-20,0,23.700000762939453,24.239999771118164,23.540000915527344,24.1200008392334,20.03682518005371,33264500,32.678233662061615,0.0,-0.0424016860909631,-0.1385226793006242,0.0199906944372809,0.0463839338232258,0.0881832821618537,0,-1,-1
2020-08-21,0,23.90999984741211,24.239999771118164,23.809999465942383,24.07999992370605,20.00358963012696,23749000,28.833482178817263,-0.0016601005617563,-0.015097644573315,-0.1142926175290805,0.0199869413862663,0.0463762679832595,0.0881982006835626,0,-1,-1
2020-08-24,0,24.25,24.82999992370605,24.229999542236328,24.479999542236328,20.335872650146484,33449000,28.982583750191463,0.0164747131857633,-0.0079668826093193,-0.0765364261262834,0.0199856472366504,0.0463678404666337,0.0881963840053981,1,-1,-1
2020-08-25,0,24.63999938964844,24.700000762939453,24.1200008392334,24.299999237060547,20.18634033203125,32007000,29.360250714917942,-0.0073802976613081,0.0087997311151655,-0.0827841019575982,0.0199824164904493,0.0463592575288534,0.088196892722874,-1,1,-1
2020-08-26,0,24.299999237060547,24.36000061035156,23.51000022888184,23.790000915527344,19.76268768310547,30643300,27.583866827359152,-0.0212104550580874,-0.0187384544191104,-0.1530185253045708,0.0199829991930667,0.0463521556675018,0.0882352280995608,-1,-1,-1
2020-08-27,0,23.88999938964844,24.5,23.799999237060547,24.18000030517578,20.08666610717773,35293000,27.077930756062223,0.01626051775847,0.0024843776630812,-0.1309863043196813,0.0199816439108099,0.046343372719833,0.0882593288136094,1,0,-1
2020-08-28,0,24.299999237060547,24.559999465942383,24.14999961853028,24.43000030517578,20.29434394836425,56136100,29.18723336474717,0.0102860068114914,0.0127703844745726,-0.143944459968098,0.019978816323022,0.0463351034097582,0.0882914319172483,1,1,-1
2020-08-31,0,24.170000076293945,24.290000915527344,23.549999237060547,23.549999237060547,19.56330108642578,45045400,29.703156456249143,-0.0366868064250176,-0.0222563213886886,-0.1635184245713202,0.0199879501423055,0.0463286493960465,0.0883369922296217,-1,-1,-1
2020-09-01,0,23.8700008392334,24.34000015258789,23.729999542236328,24.34000015258789,20.23246192932129,56182800,30.9061063323455,0.0336329231595358,-0.0050981114149161,-0.0962444300470819,0.0199947047955147,0.0463200593866532,0.088342911771184,1,-1,-1
2020-09-02,0,24.350000381469727,24.450000762939453,23.89999961853028,24.290000915527344,20.19090461730957,25170900,30.733619391589592,-0.0020561041893577,0.0002260820570342,-0.1132577592679364,0.0199909782796059,0.0463112998494432,0.0883569597450116,-1,0,-1
2020-09-03,0,24.200000762939453,25.5,24.15999984741211,24.8799991607666,20.68132781982422,81001700,34.896070180736,0.0239990189639058,0.0454355560790276,-0.0292068359303866,0.0199925243613543,0.0463103957235957,0.088342871263226,1,1,-1
2020-09-04,0,25.15999984741211,25.290000915527344,24.549999237060547,24.959999084472656,20.74782371520996,41679900,36.50418241905811,0.003210104480734,0.0323851428012915,-0.0252182358798294,0.0199888320644251,0.0463055095982578,0.0883282121130633,1,1,-1
2020-09-08,0,24.559999465942383,24.770000457763672,24.270000457763672,24.39999961853028,20.28233337402344,29238000,36.144351105652206,-0.0226911299865563,-0.0005919939967559,-0.0618358742046071,0.019990035155374,0.0462967749566879,0.0883214265737134,-1,0,-1
2020-09-09,0,24.600000381469727,24.809999465942383,24.15999984741211,24.43000030517578,20.30727767944336,29670800,35.96455449943679,0.0012290981811728,0.0373239106094344,-0.0392510141468373,0.0199862733529905,0.0462932339076656,0.0883091082301891,0,1,-1
2020-09-10,0,24.39999961853028,24.65999984741211,23.89999961853028,23.90999984741211,19.875024795532227,36321500,36.44445512992715,-0.0215154200626399,-0.0178244326127414,-0.0736344337484905,0.019986977182836,0.0462860296710642,0.0883060808002798,-1,-1,-1
2020-09-11,0,23.950000762939453,24.06999969482422,23.43000030517578,23.6299991607666,19.642276763916016,23347700,35.41151863696187,-0.011779687063037,-0.0275480154864208,-0.0737224286329201,0.0199845750142294,0.0462807551732938,0.0883030753911216,-1,-1,-1
2020-09-14,0,23.790000915527344,24.21999931335449,23.31999969482422,24.049999237060547,19.991397857666016,43488900,34.29801312637465,0.0176178528641663,-0.0339291815861603,-0.0446714516934845,0.0199836528636009,0.0462771638238275,0.0882918843210111,1,-1,-1
2020-09-15,0,24.170000076293945,24.229999542236328,23.600000381469727,23.729999542236328,19.72540283203125,29225600,33.04045676545082,-0.013394784981596,-0.0505340710484903,-0.0291020945956761,0.0199816446549519,0.0462795009932671,0.0882778089545364,-1,-1,-1
2020-09-16,0,23.76000022888184,24.21999931335449,23.63999938964844,23.65999984741211,19.66722297668457,25625200,30.42944433825584,-0.0029538471454948,-0.0307967882074288,-0.0413998929629385,0.0199779794045033,0.0462750373062102,0.0882659328026319,-1,-1,-1
2020-09-17,0,23.5,23.82999992370605,23.38999938964844,23.690000534057617,19.692153930664062,25068700,30.36933523931898,0.0012668369914715,-0.0307590493971299,-0.0159861445856739,0.0199742293054164,0.0462705634025937,0.0882502480512525,0,-1,-1
2020-09-18,0,23.5,23.6200008392334,23.030000686645508,23.100000381469727,19.20172691345215,39088400,26.553717520280134,-0.0252200603810398,-0.0344636897155298,-0.0475339354429022,0.0199765787497774,0.0462671194593641,0.0882397176419501,-1,-1,-1
2020-09-21,0,22.75,23.020000457763672,22.450000762939453,22.89999961853028,19.03546905517578,36572200,25.85799383983694,-0.0086961871453083,-0.0313801897978011,-0.0512678082644888,0.0199735735066888,0.0462628091962229,0.0882300807136552,-1,-1,-1
2020-09-22,0,22.850000381469727,23.309999465942383,22.76000022888184,23.100000381469727,19.20172691345215,27268300,25.57154575155948,0.0086961871453083,-0.040301855516659,-0.0425716211191806,0.0199704920773108,0.0462612106084397,0.088218462477304,1,-1,-1
2020-09-23,0,22.920000076293945,23.1299991607666,22.46999931335449,22.479999542236328,18.686342239379883,24621300,24.98371855314632,-0.0272073229119015,-0.0541143934469646,-0.0681188434693257,0.0199738247782251,0.0462650805243263,0.0882135911735923,-1,-1,-1
2020-09-24,0,22.5,23.34000015258789,22.420000076293945,23.030000686645508,19.143529891967773,40036100,25.167520124971173,0.0241718984021981,-0.0269886478992717,-0.0604216582528908,0.0199754616382278,0.0462596676466974,0.0882063894135597,1,-1,-1
2020-09-25,0,22.809999465942383,22.979999542236328,22.6200008392334,22.90999984741211,19.04378700256348,21771300,24.98597814685292,-0.0052238871090777,-0.0334793719998209,-0.0582652477006604,0.0199719911268005,0.0462559284588434,0.0881985799833242,-1,-1,-1
2020-09-28,0,23.25,23.89999961853028,22.57999992370605,22.89999961853028,19.03546905517578,58336100,25.980679982984945,-0.0004368755265272,-0.0086961871453083,-0.0374916681691001,0.0199682465371185,0.0462476479985082,0.0881859626103215,0,-1,-1
2020-09-29,0,22.89999961853028,22.90999984741211,22.299999237060547,22.39999961853028,18.61985206604004,27102100,25.684191138803254,-0.0220757043311763,-0.0220757043311763,-0.0758278902587465,0.0199691757649172,0.0462412021509112,0.0881836581737644,-1,-1,-1
2020-09-30,0,22.57999992370605,22.690000534057617,22.3700008392334,22.5,18.702970504760746,22314900,25.32674551152875,0.0044540348455463,-0.0263178566309383,-0.0816598622246914,0.0199655979750709,0.0462356420707781,0.0881834632697716,1,-1,-1
2020-10-01,0,22.549999237060547,22.600000381469727,22.18000030517578,22.520000457763672,18.73208999633789,20474100,24.87227549893401,0.0015557339595841,0.0024452002405473,-0.0434173218400897,0.0199618710589436,0.0462269610923401,0.0881720279416865,0,0,-1
2020-10-02,0,22.36000061035156,23.31999969482422,22.34000015258789,22.59000015258789,18.79030418395996,35482000,24.52627846904962,0.0031029061764904,-0.0186237919851604,-0.073947338823135,0.0199582072078415,0.0462199133032675,0.0881690507172472,1,-1,-1
2020-10-05,0,22.71999931335449,23.01000022888184,22.34000015258789,22.82999992370605,18.989946365356445,22837500,23.443124893183573,0.0105686985545506,-0.0028312063215321,-0.0613225360792267,0.0199554708741919,0.0462113109213751,0.0881620880130426,1,0,-1
2020-10-06,0,23.09000015258789,23.3799991607666,22.709999084472656,22.8700008392334,19.023208618164062,21135900,22.941646413245845,0.0017500394961284,-0.0006442912988765,-0.0835715155470042,0.0199517550862732,0.0462026573225908,0.0881625856354931,0,0,-1
2020-10-07,0,22.93000030517578,23.0,22.56999969482422,22.700000762939453,18.881805419921875,22796100,22.8192930308228,-0.0074609577531922,0.0139704552791076,-0.0942425777809306,0.0199485754929151,0.0461946309474117,0.0881673976790227,-1,1,-1
2020-10-08,0,22.71999931335449,24.280000686645508,22.600000381469727,24.06999969482422,20.0213680267334,63209400,24.878864574318666,0.0586013223554884,0.0681177427890497,-0.0129501254388857,0.0199767690262369,0.0462040162662273,0.0881515225233287,1,1,-1
2020-10-09,0,23.89999961853028,24.61000061035156,23.59000015258789,24.0,19.9631404876709,48948600,27.20027770525524,-0.0029125069876532,0.0636495018418123,-0.0170917306077117,0.0199731257959362,0.0462110447698955,0.0881360253652521,-1,1,-1
2020-10-13,0,23.979999542236328,24.1299991607666,23.6200008392334,23.770000457763672,19.771833419799805,31012000,25.148197668537925,-0.0096292272149164,0.0509173684504055,-0.005205537759988,0.0199703048551261,0.04621229620002,0.0881196734692091,-1,1,0
2020-10-14,0,23.88999938964844,23.96999931335449,23.65999984741211,23.700000762939453,19.71360206604004,22051900,24.85969334418049,-0.0029495126625387,0.037399157233316,0.0036246366405102,0.0199666675015668,0.0462088659646598,0.088103080954874,-1,1,0
2020-10-15,0,23.459999084472656,23.729999542236328,23.26000022888184,23.489999771118164,19.53892707824707,21805300,24.89558270449856,-0.0089001215784767,0.0267489961587109,-0.0228933378021329,0.0199637194861616,0.0462027967740947,0.0880882498875397,-1,1,-1
2020-10-16,0,23.40999984741211,23.450000762939453,23.09000015258789,23.11000061035156,19.22284889221192,21261200,24.999480801637628,-0.0163091181534707,0.0179008357584325,-0.0258076709740076,0.0199625535419488,0.0461952379709393,0.0880738018160102,-1,1,-1
2020-10-19,0,23.25,23.950000762939453,22.940000534057617,23.36000061035156,19.43080139160156,38280600,25.31765665420401,0.0107598896441167,-0.0299405969529392,-0.0120939341843962,0.019959861161647,0.0461906022571815,0.0880579104196159,1,-1,-1
2020-10-20,0,23.520000457763672,24.39999961853028,23.5,24.290000915527344,20.20437431335449,45724900,27.340311177488296,0.0390396235264119,0.0120115335611259,0.025678852350544,0.0199702026200889,0.0461824112032522,0.0880421886617723,1,1,1
2020-10-21,0,24.26000022888184,24.940000534057617,24.06999969482422,24.51000022888184,20.387365341186523,38138400,28.88969023644207,0.0090162318263075,0.0306569926023497,0.0599151445578913,0.0199671931113386,0.0461772159560971,0.0880318843842438,1,1,1
2020-10-22,0,24.56999969482422,25.920000076293945,24.549999237060547,25.770000457763672,21.4354305267334,66456800,32.99185612140114,0.0501298221142995,0.0837363273791879,0.1187411538174993,0.0199866798789782,0.0461959246931901,0.0880425521076879,1,1,1
2020-10-23,0,25.89999961853028,26.299999237060547,25.40999984741211,25.440000534057617,21.160938262939453,50548200,32.1835070332517,-0.0128882377144315,0.0797482112432333,0.0971567289577593,0.019984570252247,0.0462120073443196,0.0880437891745534,-1,1,1
2020-10-26,0,25.299999237060547,25.86000061035156,25.15999984741211,25.6200008392334,21.310657501220703,32133100,30.976953197876604,0.007050352395162,0.1031076817918661,0.1314144042648231,0.0199812737241351,0.0462449978288659,0.0880608469859507,1,1,1
2020-10-27,0,26.100000381469727,26.170000076293945,24.690000534057617,24.88999938964844,20.70344924926757,47280100,32.48600872021014,-0.0289069829615374,0.0634408091862119,0.0783355229010873,0.0199854883760432,0.0462517856964648,0.0880554814424519,-1,1,1
2020-10-28,0,24.25,24.420000076293945,23.729999542236328,23.780000686645508,19.780149459838867,38652600,33.84706572354851,-0.0456214345142573,-0.0212202488544573,0.0379379754959078,0.0200013727558308,0.046245263584678,0.0880411303616547,-1,-1,1
2020-10-29,0,23.57999992370605,24.040000915527344,23.040000915527344,23.89999961853028,19.87996482849121,42962500,35.61338394160639,0.0050335497611172,-0.0252029309196474,0.0434084007835523,0.0199978621945759,0.046239541717754,0.08802759466336,1,-1,1
2020-10-30,0,23.64999961853028,23.93000030517578,23.229999542236328,23.479999542236328,19.53060531616211,39190000,37.085327765979926,-0.0177296934568748,-0.0930624464908219,0.0477544116578538,0.0199971479963566,0.0462670457385457,0.08801479765199,-1,-1,1
2020-11-03,1,23.89999961853028,24.31999969482422,23.709999084472656,24.040000915527344,20.00920486450196,37440300,37.10731343016502,0.024209672320256,-0.0559645364561341,0.0675100491325635,0.0199987689738135,0.0462717595033469,0.0880063486799316,1,-1,1
2020-11-04,0,25.5,25.739999771118164,24.8700008392334,25.0,20.8082332611084,96994100,41.62351049134222,0.0391563273486191,-0.0238585615026771,0.1051106425215985,0.020009114535233,0.0462657406157555,0.0880107493686488,1,-1,1
2020-11-05,0,25.51000022888184,25.940000534057617,25.40999984741211,25.59000015258789,21.29931640625,44134800,42.29406793699361,0.0233262403488019,0.0283746618076622,0.12533397669391,0.0200103329410024,0.0462600184501398,0.0880245232439372,1,1,1
2020-11-06,0,25.350000381469727,25.81999969482422,25.26000022888184,25.559999465942383,21.27434539794922,31827000,39.20977817631332,-0.0011730732150397,0.0728230231068799,0.1135922049243198,0.0200066340686181,0.0462718299242446,0.0880326022358122,0,1,1
2020-11-09,0,26.739999771118164,28.020000457763672,26.739999771118164,27.6299991607666,22.99726104736328,100112100,44.2963586496208,0.077873218558689,0.1456626919044516,0.1897153839868806,0.0200587310516288,0.0463465983632944,0.0880877240865676,1,1,1
2020-11-10,0,27.64999961853028,29.14999961853028,27.64999961853028,28.8799991607666,24.037673950195312,85146900,49.91649450714432,0.0442472235655718,0.2076396089268984,0.2414235653056446,0.0200728689695059,0.0465079385278031,0.0881886486903168,1,1,1
2020-11-11,0,28.76000022888184,29.0,28.209999084472656,28.63999938964844,23.837915420532227,61520200,51.92880004679067,-0.0083449495462071,0.175084987060435,0.1744772934039491,0.0200698372553337,0.0466192726287148,0.0882320995132798,-1,1,1
2020-11-12,0,28.420000076293945,28.850000381469727,27.59000015258789,27.940000534057617,23.25528717041016,46072600,53.19513495164565,-0.0247448866004379,0.1111837731113779,0.1526449137911643,0.0200719176950976,0.046658288494745,0.0882609180480607,-1,1,1
2020-11-13,0,28.170000076293945,28.600000381469727,27.989999771118164,28.46999931335449,23.69642639160156,36847800,53.27382018955778,0.0187917402477101,0.1066492730102861,0.1810658812537907,0.020071350840872,0.0466933444481571,0.0883089673609065,1,1,1
2020-11-16,0,29.020000457763672,29.59000015258789,28.89999961853028,29.46999931335449,24.52875518798828,54007200,55.58188480325632,0.0345218588604317,0.1423442050857575,0.2185372527767611,0.0200784326601378,0.0467630871974902,0.088387524176736,1,1,1
2020-11-17,0,29.3700008392334,29.61000061035156,28.89999961853028,29.489999771118164,24.545394897460938,40598300,56.60258184145546,0.000678145625808,0.0651491321528764,0.228115519981046,0.0200747124671458,0.0467702719780037,0.0884746443736717,0,1,1
2020-11-18,0,29.43000030517578,29.56999969482422,28.709999084472656,28.770000457763672,23.94612503051757,41345800,52.3596787173703,-0.0247177394596445,-0.0038158308723399,0.2197068986748722,0.020076779760934,0.0467617222906647,0.0885538367803527,-1,0,1
2020-11-19,0,28.89999961853028,29.39999961853028,28.670000076293945,28.809999465942383,23.97941017150879,26638900,51.11654053314612,0.0013890359785302,0.0059181546523976,0.2103360450092859,0.020073072071782,0.046753108598787,0.0886246109855486,0,1,1
2020-11-23,0,28.850000381469727,29.209999084472656,28.729999542236328,28.89999961853028,24.054317474365234,27575800,51.0596707452517,0.0031189485909794,0.0337819898438149,0.1744153700738532,0.0200694281809897,0.0467484574949799,0.0886671761135579,1,1,1
2020-11-24,0,29.100000381469727,30.18000030517578,29.100000381469727,29.709999084472656,24.7285099029541,47660000,46.42252356801399,0.0276423238826082,0.0426325734787129,0.193041462130154,0.0200725949346876,0.0467463505465623,0.088723489051188,1,1,1
2020-11-25,0,29.6200008392334,29.790000915527344,28.93000030517578,29.36000061035156,24.43719482421875,42232200,42.235358317494686,-0.0118504754299818,-0.0037397608117004,0.1310611645858726,0.0200702484379323,0.0467378157711011,0.0887393020879222,-1,0,1
2020-11-26,0,29.290000915527344,29.34000015258789,28.6200008392334,28.739999771118164,23.921152114868164,30682100,39.21242734580453,-0.0213432563962835,-0.025761162833792,0.1226061459040207,0.0200708613816201,0.0467322034015762,0.0887508229330108,-1,-1,1
2020-11-27,0,29.049999237060547,29.790000915527344,28.89999961853028,28.959999084472656,24.104257583618164,44145000,39.18210118163493,0.0076253948543546,0.0065819714802072,0.1231811883632132,0.020067642876275,0.0467236332502218,0.0887625923519225,1,1,1
2020-11-30,0,28.96999931335449,29.200000762939453,28.559999465942383,28.559999465942383,23.771329879760746,59889300,41.45369629373012,-0.0139082604837513,-0.0087153249820745,0.1381799108409994,0.0200657980769178,0.0467154344145857,0.0887821046178661,-1,-1,1
2020-12-01,0,29.049999237060547,30.46999931335449,28.940000534057617,29.75,24.77482414245605,51364700,41.23838292281654,0.041347754375013,0.0295134808019593,0.2251490997302699,0.0200775813472066,0.046709796889976,0.0888651632837526,1,1,1
2020-12-02,0,29.920000076293945,30.239999771118164,29.440000534057617,29.979999542236328,24.96634864807129,32159500,40.43950544961524,0.0077008820410542,0.0095720389604053,0.2278164320102067,0.0200743734906996,0.0467013848761996,0.0889504548717887,1,1,1
2020-12-03,0,30.13999938964844,30.8799991607666,29.89999961853028,29.959999084472656,24.949691772460938,39887800,40.46061927153892,-0.0006673957344489,0.0207551186559381,0.2448787297326327,0.0200706772118276,0.046694145786007,0.0890518481124179,0,1,1
2020-12-04,0,30.21999931335449,30.40999984741211,29.64999961853028,30.26000022888184,25.199525833129883,35096600,41.47422652225048,0.0099637098826743,0.0520620849348959,0.2306327672950509,0.0200678264049339,0.0466954422571796,0.0891392774422319,1,1,1
2020-12-07,0,30.25,31.059999465942383,30.030000686645508,30.440000534057617,25.349424362182617,30663100,41.94454595829978,0.00593084397845,0.0503675340589912,0.1974072839248816,0.0200644125479509,0.0466960705575125,0.0891978919745141,1,1,1
2020-12-08,0,30.440000534057617,31.1299991607666,30.190000534057617,30.36000061035156,25.28281211853028,27834200,39.98513512059655,-0.0026312202151764,0.061644574327566,0.1714498233609033,0.0200607939926824,0.0467015065294583,0.0892372567331304,-1,1,1
2020-12-09,0,30.38999938964844,30.739999771118164,30.290000915527344,30.540000915527344,25.43270301818848,31583600,39.04106955684736,0.0059110643239931,0.0262078842765462,0.1785339608999362,0.0200573819209024,0.0466951929943209,0.0892814656674624,1,1,1
2020-12-10,0,30.76000022888184,31.71999931335449,30.76000022888184,31.549999237060547,26.273794174194336,50472900,41.48464258816955,0.0325361569139303,0.0510431591494224,0.1331968992551774,0.0200632044598478,0.0466960618606178,0.0892976485651986,1,1,1
2020-12-11,0,31.170000076293945,31.479999542236328,30.809999465942383,31.299999237060547,26.118555068969727,24005000,39.68091453570863,-0.005926039269983,0.0457845156138883,0.0830236364196225,0.0200598707772507,0.046694997530821,0.0892928608819749,-1,1,1
2020-12-14,0,31.46999931335449,31.6299991607666,30.8799991607666,30.8799991607666,25.76807975769043,26750300,36.65062887207763,-0.0135094766794332,0.0223113290517808,0.0778591092863965,0.0200579394761518,0.0466880015971995,0.0892865078484348,-1,1,1
2020-12-15,0,30.8799991607666,31.39999961853028,30.8799991607666,31.15999984741211,26.00172996520996,25053800,34.08761021300761,0.0090265656849529,0.0254070507582836,0.1116305615717872,0.020054939608024,0.0466815408694959,0.0892923505759679,1,1,1
2020-12-16,0,31.239999771118164,32.18000030517578,31.020000457763672,31.75,26.494064331054688,41207900,35.27959403198979,0.0187576474644121,0.0467959184378723,0.1115964687884894,0.0200543585382529,0.0466808244818504,0.0892981573003153,1,1,1
2020-12-17,0,31.88999938964844,32.150001525878906,31.56999969482422,31.709999084472656,26.4606876373291,17861500,33.123237645636785,-0.0012605742413929,0.0396242798724863,0.075814035686665,0.0200506942514707,0.0466777769226131,0.0892911942817798,0,1,1
2020-12-18,0,31.71999931335449,32.119998931884766,31.51000022888184,31.65999984741211,26.41895866394043,31714100,32.931089706444695,-0.0015782625251638,0.005509860433392,0.073557627535693,0.0200470422918262,0.0466692251248268,0.0892836033065454,0,1,1
2020-12-21,0,31.049999237060547,31.5,30.90999984741211,31.100000381469727,25.95165634155273,23462800,32.236211238174846,-0.0178464478634792,-0.0064105481601041,0.0804289191318582,0.0200463930228018,0.046660920030627,0.0892779799002548,-1,-1,1
2020-12-22,0,31.170000076293945,31.64999961853028,31.14999961853028,31.25,26.07683563232422,19659000,31.447706506735376,0.0048119608147696,0.0119108893340985,0.0838518439680975,0.0200428931939566,0.046652710368203,0.0892734055331475,1,1,1
2020-12-23,0,31.31999969482422,32.04999923706055,31.270000457763672,31.940000534057617,26.65260124206543,19959200,30.32821630149566,0.0218393568501444,0.0247236804992901,0.1025722522272625,0.0200434433043322,0.0466461409509503,0.0892754408078244,1,1,1
2020-12-28,0,32.220001220703125,32.43000030517578,32.0099983215332,32.16999816894531,26.844532012939453,15444600,26.566847450981584,0.007175397359804,0.0131414303946819,0.0821053257044584,0.0200401898899115,0.0466380400713401,0.0892703081280829,1,1,1
2020-12-29,0,32.27000045776367,32.38999938964844,31.93000030517578,32.099998474121094,26.786121368408203,16384200,25.790621556661865,-0.0021782567969662,0.0122237478391087,0.0917775443374739,0.0200365712965504,0.0466298671132947,0.0892683324626221,-1,1,1
2020-12-30,0,32.20000076293945,32.33000183105469,31.6299991607666,31.6299991607666,26.3939151763916,25644400,25.73925570866937,-0.0147503961499665,-0.000948385785694,0.098370404583791,0.020034984444494,0.0466213353893307,0.0892687230378232,-1,0,1
2021-01-04,0,31.979999542236328,31.989999771118164,30.84000015258789,30.89999961853028,25.79700088500977,31347800,26.38809738043105,-0.0228752574400451,-0.00597719536226,0.0678697522893911,0.0200362458852441,0.0466130302820548,0.0892596275110225,-1,-1,1
2021-01-05,0,30.729999542236328,31.059999465942383,30.170000076293945,30.700000762939453,25.63003158569336,28249800,24.870687992728715,-0.0064934676563805,-0.0172826238334101,0.0752845451167618,0.0200330005575195,0.0466059554777901,0.0892524799917737,-1,-1,1
2021-01-06,0,30.979999542236328,32.060001373291016,30.790000915527344,31.600000381469727,26.381406784057617,43061900,27.608244591231276,0.0288947007947805,-0.010227279888774,0.0628314915365292,0.0200367844834712,0.0465980011705104,0.0892421911467892,1,-1,1
2021-01-07,0,31.64999961853028,33.060001373291016,31.5,32.83000183105469,27.40827178955078,46129800,29.368141025647827,0.038185384421997,0.0207827071734189,0.0933159939174721,0.0200461927585568,0.0465908208713755,0.0892407203700339,1,1,1
2021-01-08,0,32.93000030517578,33.439998626708984,32.43000030517578,32.81999969482422,27.399917602539062,52532500,32.795163374621254,-0.0003048517810596,0.0226561121893255,0.0936785378708614,0.0200425263870099,0.0465839326046026,0.0892393674645312,0,1,1
2021-01-11,0,32.470001220703125,32.70000076293945,31.71999931335449,32.08000183105469,26.782121658325195,31564300,34.16811542696139,-0.0228054435791359,0.0146010647601561,0.0609093844090513,0.0200437582511849,0.046576001768715,0.0892286482298578,-1,1,1
2021-01-12,0,32.18000030517578,32.45000076293945,32.02000045776367,32.18000030517578,26.86561393737793,33089300,35.641281414898025,0.0031126140007318,0.0405889362009331,0.0580911544313329,0.0200401603142762,0.0465732793902844,0.0892173342874412,1,1,1
2021-01-13,0,32.18000030517578,32.529998779296875,31.26000022888184,31.64999961853028,26.42314910888672,42722600,38.58869887094464,-0.0166066904844269,0.0304757133728867,0.0441156841620824,0.0200391201888024,0.0465678996762994,0.0892035489383735,-1,1,1
2021-01-14,0,32.02000045776367,32.939998626708984,31.670000076293945,32.59000015258789,27.20790100097656,28222500,39.94634734002928,0.0292669229784034,0.0308479355565097,0.0674715428164927,0.0200430820340651,0.0465626043800227,0.0891943552608656,1,1,1
2021-01-15,0,32.04999923706055,32.38999938964844,31.350000381469727,31.36000061035156,26.18104553222656,37757100,41.23243546317739,-0.0384717131182543,-0.0458091619837417,-0.0035363272156919,0.0200531607618263,0.0465631307090411,0.0891782153456593,-1,-1,0
2021-01-18,0,31.65999984741211,31.93000030517578,31.13999938964844,31.200000762939453,26.047462463378903,18922800,39.92932930800088,-0.0051153427605014,-0.0506196529631834,-0.0027256307062103,0.0200497687800757,0.0465655542081292,0.0891620460421251,-1,-1,0
2021-01-19,0,31.489999771118164,31.61000061035156,30.549999237060547,30.82999992370605,25.73855781555176,27206000,39.83111791893664,-0.0119301815432569,-0.0397443909273044,-0.001146335570034,0.0200474790285524,0.0465639253290885,0.0891458190513554,-1,-1,0
2021-01-20,0,31.049999237060547,31.100000381469727,30.11000061035156,30.31999969482422,25.312789916992188,28992500,38.17162858376811,-0.0166803733644895,-0.0595373782925257,-0.0268532746194764,0.0200464562630521,0.0465703376846964,0.0891319620743029,-1,-1,-1
2021-01-21,0,30.31999969482422,30.459999084472656,29.64999961853028,29.90999984741211,24.97050094604492,34671600,36.52691863629868,-0.013614632305429,-0.0565453201135278,-0.0592255543893176,0.0200445684453217,0.046575321387188,0.0891249601644,-1,-1,-1
2021-01-22,0,29.25,29.46999931335449,28.979999542236328,29.270000457763672,24.43619537353516,36801600,34.2982064755931,-0.0216297159352529,-0.1074419590271841,-0.0795946960831777,0.0200452983557688,0.046613843607839,0.0891244767911237,-1,-1,-1
2021-01-26,0,28.989999771118164,29.850000381469727,28.13999938964844,28.25,23.62512588500977,50992800,35.781080658750945,-0.0337546482396551,-0.102724894148585,-0.111771081797669,0.0200522006132445,0.0466483154245853,0.0891377580298441,-1,-1,-1
2021-01-27,0,28.11000061035156,28.989999771118164,27.86000061035156,28.25,23.62512588500977,42970700,36.30194561436642,0.0,-0.0976095513880837,-0.0939246339341897,0.0200485459845057,0.0466786176517475,0.0891428456815295,0,-1,-1
2021-01-28,0,28.290000915527344,29.6299991607666,28.229999542236328,29.38999938964844,24.57849502563477,52028200,36.92054874977324,0.0395610728335105,-0.046118297011316,-0.0591755219154486,0.0200588889549435,0.0466791357676763,0.0891357985648868,1,-1,-1
2021-01-29,0,29.21999931335449,29.549999237060547,28.290000915527344,28.34000015258789,23.700395584106445,46309700,38.28099255156677,-0.0363801353508475,-0.0658180589976741,-0.1173950141164405,0.0200674613624103,0.0466885634351197,0.0891518466227577,-1,-1,-1
2021-02-01,0,29.0,29.420000076293945,28.739999771118164,29.07999992370605,24.332124710083008,46368000,38.85751502107168,0.0263057424837746,-0.0258976842084702,-0.0982646689924699,0.0200699372163925,0.0466830697731587,0.0891587367603447,1,-1,-1
2021-02-02,0,29.07999992370605,29.299999237060547,28.0,28.459999084472656,23.81334686279297,100327800,46.682424131090144,-0.0215512657516961,-0.0258192340249136,-0.1176376779471999,0.0200706201855109,0.0466775602510597,0.0891748418989841,-1,-1,-1
2021-02-03,0,28.76000022888184,28.89999961853028,28.209999084472656,28.31999969482422,23.69620513916016,41438600,47.8448410273108,-0.0049313014365196,0.0030041127782218,-0.107818583233753,0.0200672170351529,0.046669055707202,0.0891860382527727,-1,0,-1
2021-02-04,0,28.530000686645508,28.559999465942383,27.8799991607666,28.200000762939453,23.59579467773437,65454600,51.18968208225281,-0.0042464100777278,-0.0012422972995059,-0.0891897358714357,0.0200637548111,0.0466605897675006,0.0891890606026337,-1,0,-1
2021-02-05,0,28.309999465942383,28.450000762939453,27.88999938964844,28.07999992370605,23.495391845703125,39293900,51.42678503490349,-0.004264194282706,-0.0450675644157227,-0.0869604624977611,0.0200602958416935,0.0466607002983721,0.0891911879996961,-1,-1,-1
2021-02-08,0,28.0,28.200000762939453,27.51000022888184,27.559999465942383,23.06029319763184,28937500,50.46949945623085,-0.0186920809346166,-0.0273795099994917,-0.1345472442271583,0.0200599185031741,0.0466555450653753,0.0892164654623614,-1,-1,-1
2021-02-09,0,27.489999771118164,28.40999984741211,27.229999542236328,27.88999938964844,23.33641624450684,37756700,49.13413651355553,0.0119028401033165,-0.0417824123799498,-0.1608297885458388,0.0200574929780092,0.0466544864193051,0.0892584455451353,1,-1,-1
2021-02-10,0,27.89999961853028,28.190000534057617,27.3799991607666,27.690000534057617,23.16907119750977,28662100,47.68525838299592,-0.0071968182033094,-0.027427964831563,-0.1677217549680886,0.0200543589666402,0.0466493415177364,0.0893051895824041,-1,-1,-1
2021-02-11,0,27.989999771118164,28.1299991607666,27.5,27.690000534057617,23.16907119750977,22401600,44.55013379319136,0.0,-0.0224966633950434,-0.1449163113889526,0.020050718498796,0.0466431665816285,0.0893365192338363,0,-1,-1
2021-02-12,0,27.530000686645508,28.100000381469727,27.39999961853028,27.76000022888184,23.22764205932617,24866200,42.40444745555631,0.0025247862970689,-0.0157254670202464,-0.1455041390926153,0.0200471240031343,0.0466358878489161,0.0893681476892633,1,-1,-1
2021-02-17,0,27.799999237060547,28.280000686645508,27.63999938964844,28.11000061035156,23.520492553710938,24638700,40.14015433079555,0.0125290272087462,0.001067754471206,-0.1163684213994421,0.0200448396501834,0.0466274131989806,0.0893832092785417,1,0,-1
2021-02-18,0,27.920000076293945,28.5,27.809999465942383,27.90999984741211,23.35315322875977,49322800,35.03442253365442,-0.007140047806152,0.0126197875996704,-0.1527753921839975,0.0200417054538622,0.046619394076764,0.0894193717508737,-1,1,-1
2021-02-19,0,27.88999938964844,28.200000762939453,27.34000015258789,27.6200008392334,23.110492706298828,26924200,33.55008904042037,-0.0104452728079059,-0.009728325311552,-0.1247489518736491,0.0200391163998188,0.0466114473833207,0.0894387232284099,-1,-1,-1
2021-02-22,0,26.549999237060547,26.61000061035156,25.530000686645508,25.61000061035156,21.42866516113281,86487800,34.82462525867851,-0.0755572248889946,-0.0780887319972373,-0.1951908340021424,0.0200874450476723,0.0466278531217853,0.0895061334941824,-1,-1,-1
2021-02-23,0,25.90999984741211,27.43000030517578,25.850000381469727,27.25,22.800905227661133,76464200,38.20930850328075,0.0620707189222731,-0.0160180130749641,-0.1211899335366122,0.0201182137235214,0.0466206261111296,0.0895234641859576,1,-1,-1
2021-02-24,0,27.43000030517578,27.520000457763672,26.61000061035156,26.850000381469727,22.466211318969727,35645700,38.76026715211183,-0.0147877767967319,-0.0333305761687649,-0.1192973369688545,0.0201166169230424,0.0466169684480775,0.0895397709732618,-1,-1,-1
2021-02-25,1,26.89999961853028,27.059999465942383,25.979999542236328,26.01000022888184,21.763357162475582,40973600,38.80407849347263,-0.0317847698917509,-0.0776443732692623,-0.1374674745551765,0.020122227896,0.0466330472550281,0.0895660730578945,-1,-1,-1
2021-02-26,0,26.200000762939453,26.38999938964844,25.51000022888184,25.549999237060547,21.499956130981445,48297700,40.34873407715775,-0.0121767967392959,-0.0826811222024062,-0.1280145553592195,0.0201199805359814,0.0466522968404382,0.0895869350086401,-1,-1,-1
2021-03-01,0,25.89999961853028,25.96999931335449,24.770000457763672,24.770000457763672,20.855852127075195,45127500,42.09073628859827,-0.0304163082922706,-0.1026521576867709,-0.124676215411835,0.0201248045003809,0.0466861367350066,0.0896059376294967,-1,-1,-1
2021-03-02,0,24.32999992370605,26.31999969482422,23.920000076293945,25.770000457763672,21.69783401489257,66482700,45.65995741049477,0.0395778541628609,0.0124829213650844,-0.0850983612489741,0.020135047880069,0.0466781303929728,0.0896068823625558,1,1,-1
2021-03-03,0,25.770000457763672,26.290000915527344,24.81999969482422,25.82999992370605,21.74835586547852,61550400,48.79242061655747,0.0023257217029939,-0.0472620758541946,-0.1223337123794907,0.0201314455641905,0.0466789715766868,0.0896245733620814,1,-1,-1
2021-03-04,0,26.020000457763672,27.100000381469727,25.93000030517578,26.63999938964844,22.43035697937012,65736300,50.123824236966776,0.0308771013837559,-0.0015971976737066,-0.0550764756448872,0.0201362098484396,0.0466705621076534,0.0896160797130552,1,0,-1
2021-03-05,0,26.729999542236328,27.81999969482422,26.520000457763672,27.6299991607666,23.2639102935791,77661000,55.01154883846343,0.0364879816554863,0.0666755538735305,-0.0448942364731756,0.0201443230787393,0.0466784931488113,0.0896052302913697,1,1,-1
2021-03-08,0,26.89999961853028,27.979999542236328,26.559999465942383,26.75,22.522974014282227,57142300,52.67468688935024,-0.0323673897477286,0.0464849608650978,-0.055710360469208,0.0201502469569707,0.0466778202051731,0.0895968980537917,-1,1,-1
2021-03-09,0,26.6200008392334,27.559999465942383,26.350000381469727,27.1200008392334,22.83450126647949,37490800,49.01294155154295,0.0137367500715351,0.0906380192289038,-0.0370423089611532,0.0201482292806389,0.0466999975026687,0.0895845256402374,1,1,-1
2021-03-10,0,27.11000061035156,27.489999771118164,26.61000061035156,27.31999969482422,23.00290298461914,37352800,49.253926108308775,0.0073478190383598,0.0584079841044025,-0.0254480798450655,0.0201450390702026,0.0467039788640273,0.089570361929318,1,1,-1
2021-03-11,0,27.600000381469727,27.8799991607666,26.979999542236328,27.36000061035156,23.036577224731445,34540300,48.8576450058453,0.0014628421504396,0.0575451045518482,-0.0197210434119198,0.020141417280223,0.0467075728789299,0.0895555194133028,0,1,-1
2021-03-12,0,27.14999961853028,27.51000022888184,27.059999465942383,27.18000030517578,22.88502311706543,24567200,46.89268995002988,-0.0066005825919012,0.0200674205761909,-0.0076295450692045,0.0201382109302873,0.0467004273273372,0.0895396750280959,-1,1,0
2021-03-15,0,27.14999961853028,27.59000015258789,26.979999542236328,27.5,23.154455184936523,28090600,45.69290509769141,0.0117045263641593,-0.004716034715136,-0.0078278588083617,0.0201357460409545,0.0466921576067932,0.0895238508023164,1,-1,0
2021-03-16,0,27.51000022888184,27.540000915527344,26.61000061035156,26.940000534057617,22.68294334411621,21884500,41.788700168361686,-0.0205739630930891,0.0070773919395035,-0.0212050036981415,0.0201360145518136,0.046683836706396,0.0895091960439621,-1,1,-1
2021-03-17,0,26.86000061035156,28.049999237060547,26.770000457763672,27.989999771118164,23.56702995300293,35985200,39.764413105055255,0.0382354518607276,0.0315760937286959,0.017030448162586,0.0201452605159776,0.0466788402792215,0.0894931586955105,1,1,1
2021-03-18,0,27.93000030517578,28.71999931335449,27.84000015258789,28.14999961853028,23.701744079589844,45807400,38.16013260205743,0.0056999359121996,0.0299282106025356,0.0202055977777166,0.0201418932539079,0.0466734758618553,0.0894772810338,1,1,1
2021-03-19,0,28.239999771118164,28.57999992370605,27.75,28.209999084472656,23.75225830078125,47304400,35.34125767676584,0.0021289770193177,0.0305943454714137,0.009805547588288,0.0201382973853738,0.0466682588778298,0.0894610695495826,1,1,1
2021-03-22,0,27.989999771118164,28.3799991607666,27.5,28.3700008392334,23.88698005676269,35786900,33.55788559458544,0.0056559306893551,0.0428508587526701,0.0226015260837952,0.0201349294161996,0.0466663459395898,0.0894453499734825,1,1,1
2021-03-23,0,28.0,28.520000457763672,27.63999938964844,27.64999961853028,23.280750274658203,31711800,33.071743696644525,-0.0257066923614742,0.0054396400270365,0.0073401065302267,0.0201373509481921,0.0466579869021685,0.0894291391697352,-1,1,0
2021-03-24,0,27.63999938964844,27.799999237060547,27.170000076293945,27.170000076293945,22.876596450805664,40122800,33.313765097548874,-0.0175124517112778,0.0085011514088477,0.0653848797079436,0.0201365617596584,0.0466497536119824,0.0894198660032114,-1,1,1
2021-03-25,0,27.0,27.68000030517578,26.8700008392334,27.64999961853028,23.280750274658203,52053100,35.03099471584237,0.0175124517112779,-0.0122218487406019,0.0208266124969482,0.0201355883920706,0.0466421167916143,0.0894040630999798,1,-1,1
2021-03-26,0,27.520000457763672,28.11000061035156,27.489999771118164,28.06999969482422,23.677749633789062,32750100,35.91088280490784,0.0169089225062687,-0.0010128621465328,0.0525233117999487,0.020134431685862,0.0466337524571486,0.0893920873180312,1,0,1
2021-03-29,0,28.1200008392334,28.209999084472656,27.600000381469727,28.059999465942383,23.669309616088867,22923100,35.46584365196009,-0.0003565170856779,-0.0034983562515283,0.0839515646060219,0.0201308191594468,0.0466254710749896,0.0893879138309133,0,0,1
2021-03-30,0,27.84000015258789,28.549999237060547,27.82999992370605,28.520000457763672,24.05733299255371,23847400,35.78482337706703,0.0162606001552449,0.0071063132143612,0.1123889615005627,0.0201294748159433,0.0466171916580961,0.0893942284572013,1,1,1
2021-03-31,0,28.309999465942383,28.479999542236328,27.68000030517578,27.96999931335449,23.5933895111084,29378800,35.14554807879573,-0.0194732888794366,0.0133397166963989,0.1233319809133968,0.0201293503455532,0.0466093198463981,0.0894054275658283,-1,1,1
2021-04-01,0,28.1299991607666,28.1299991607666,27.100000381469727,27.100000381469727,22.871788024902344,31836900,33.67011794036632,-0.0310623802425266,-0.0002102118348497,0.0526917465080091,0.0201345032269071,0.0466009583524914,0.0893934768888978,-1,0,1
2021-04-05,0,27.36000061035156,27.59000015258789,27.1200008392334,27.450000762939453,23.16718292236328,23995000,31.32753579268217,0.0128325609822344,-0.0048901025638932,0.0631985857872495,0.0201322925570518,0.046592759716787,0.0893836911681862,1,-1,1
2021-04-06,0,27.5,27.6299991607666,26.950000762939453,27.1299991607666,22.897113800048828,23168000,29.98905575221833,-0.0117258803881428,-0.0335249054583046,0.0205956040153508,0.020129969729256,0.0465892098994243,0.0893679129032595,-1,-1,1
2021-04-07,0,27.020000457763672,27.350000381469727,26.64999961853028,26.88999938964844,22.694555282592773,31284100,29.872292786758425,-0.0088858273596958,-0.0420542157323227,-0.0247782049998313,0.0201271115957094,0.0465882621339419,0.089353825196969,-1,-1,-1
2021-04-08,0,27.01000022888184,27.100000381469727,26.670000076293945,26.68000030517578,22.517322540283203,26652700,28.561192080538596,-0.007840136649239,-0.0661549525368065,-0.0002509519013417,0.0201240935556067,0.0465976871232579,0.0893378032444945,-1,-1,0
2021-04-09,0,26.530000686645508,26.989999771118164,26.5,26.63999938964844,22.48357391357422,20504500,25.462916508503053,-0.0014999093660586,-0.0481815730234285,-0.0154876113389355,0.0201205177118054,0.0465989357182306,0.0893227092750505,0,-1,-1
2021-04-12,0,26.799999237060547,27.299999237060547,26.770000457763672,27.299999237060547,23.040584564208984,24813400,24.6222068251714,0.0244722129065279,0.0073530201256263,0.0016367825292327,0.0201221189937985,0.0465906980262347,0.0893066556612802,1,1,0
2021-04-13,0,27.170000076293945,27.440000534057617,26.8799991607666,27.290000915527344,23.03215408325196,26934900,24.94322854360171,-0.0003659639647483,-0.0058455048213564,-0.0001920235859551,0.0201185215876113,0.0465825676992305,0.0892906574981676,0,-1,0
2021-04-14,0,27.36000061035156,28.09000015258789,27.049999237060547,27.63999938964844,23.327545166015625,40581300,26.48224346659588,0.0127436150430469,0.0186239906098332,0.0191521740489932,0.0201163002711407,0.0465753120455038,0.0892748570473156,1,1,1
2021-04-15,0,27.65999984741211,28.07999992370605,27.38999938964844,27.63999938964844,23.327545166015625,29917000,26.50182254468224,0.0,0.0275098179695291,0.0074476476848336,0.0201127034021231,0.0465695150628745,0.0892587703375142,0,1,0
2021-04-16,0,27.489999771118164,28.100000381469727,27.489999771118164,27.950000762939453,23.58917999267578,20136000,25.457090902562584,0.0111532737186071,0.0465032283373752,0.0391748844965301,0.0201101548620381,0.0465688639586833,0.089244772482572,1,1,1
2021-04-19,0,27.8799991607666,27.959999084472656,27.450000762939453,27.530000686645508,23.23471069335937,26973900,25.749389549086924,-0.015140820883263,0.0328623168201708,-0.0142013882474605,0.0201086794092224,0.0465642356421111,0.0892296155209738,-1,1,-1
2021-04-20,0,27.40999984741211,27.780000686645508,27.270000457763672,27.38999938964844,23.116548538208008,19792500,25.44837636875931,-0.0050985631494108,0.0032915407642319,-0.024999887309071,0.0201053454482249,0.0465559104590513,0.089215627724988,-1,0,-1
2021-04-22,0,27.530000686645508,27.71999931335449,27.229999542236328,27.39999961853028,23.124980926513672,24220800,24.8299218948087,0.0003647106182145,0.0040222153471946,-0.0267641537101741,0.0201017549315947,0.0465476001187742,0.0892018806439876,0,0,-1
2021-04-23,0,27.450000762939453,27.89999961853028,27.39999961853028,27.530000686645508,23.23471069335937,17174900,24.000105466170183,0.0047338525311963,-0.0039875471646558,-0.0276862318683329,0.0200983412989533,0.0465394044714196,0.0891882670718385,1,0,-1
2021-04-26,0,27.670000076293945,27.850000381469727,27.280000686645508,27.51000022888184,23.217823028564453,20442000,24.05624384468606,-0.0007270934085105,-0.0047146405731663,-0.0027066329153691,0.0200947638380136,0.0465312475405468,0.089172421427564,0,-1,0
2021-04-27,0,27.46999931335449,27.75,27.020000457763672,27.09000015258789,22.863359451293945,29713600,24.500411843474605,-0.0153846125275679,-0.0312525268193415,-0.0005787937316593,0.0200933610052816,0.0465271274579675,0.0891565098768707,-1,-1,0
2021-04-28,0,27.520000457763672,28.299999237060547,27.440000534057617,28.209999084472656,23.85835075378418,37513600,25.633734713109835,0.042598687284048,0.0264869813479694,0.0245074418411107,0.0201056541789119,0.046521156125926,0.08914110623073,1,1,1
2021-04-29,0,28.18000030517578,28.350000381469727,27.270000457763672,27.31999969482422,23.105636596679688,33511100,24.922459944506976,-0.0320576962011213,-0.0004721517037409,-0.0244591768662791,0.0201113516525905,0.0465128678755909,0.0891270926856502,-1,0,-1
2021-04-30,0,27.18000030517578,27.59000015258789,26.950000762939453,27.530000686645508,23.28325080871582,42539200,26.129716955690377,0.0076576563874069,0.0068207940654513,-0.0164450033931943,0.0201082481237174,0.0465046609287502,0.0891121987918725,1,1,-1
2021-05-03,1,27.700000762939453,28.190000534057617,27.57999992370605,27.89999961853028,23.60904121398925,41463400,28.209149464413137,0.0138954882901088,0.0159824298243638,-0.0188101152583304,0.020106303972755,0.0464971330934517,0.0890975469776026,1,1,-1
2021-05-04,0,28.100000381469727,28.350000381469727,26.64999961853028,26.709999084472656,22.60205841064453,79002100,32.991285984125895,-0.0435887587065872,-0.0268792354737129,-0.0429255850854811,0.0201197725765297,0.0464919945965688,0.0890865792399176,-1,-1,-1
2021-05-05,0,26.89999961853028,27.64999961853028,26.520000457763672,27.46999931335449,23.24517250061035,50182400,35.91683985364947,0.0280564938442993,0.0165618708981543,0.0161932890013449,0.0201230117860646,0.0464845394876265,0.089070771740584,1,1,1
2021-05-06,0,27.36000061035156,27.6200008392334,27.09000015258789,27.299999237060547,23.10132026672364,23845200,35.878669824946634,-0.0062077057938943,-0.0322445221797879,-0.0028469777747839,0.020119804699579,0.0464806969230406,0.0890549966816719,-1,-1,0
2021-05-07,0,27.40999984741211,27.700000762939453,27.239999771118164,27.6299991607666,23.380565643310547,26703800,36.80835833510262,0.0120153789223752,0.0118285529437086,0.0208942815357341,0.0201174402534468,0.0464728000229387,0.0890394249333912,1,1,1
2021-05-10,0,27.670000076293945,28.239999771118164,27.520000457763672,28.040000915527344,23.727508544921875,28715900,37.66146654253789,0.0147299239293099,0.0189008204856116,0.0445100328247398,0.0201157036334382,0.0464656427173882,0.0890263044539468,1,1,1
2021-05-11,0,27.739999771118164,28.15999984741211,27.71999931335449,27.979999542236328,23.676734924316406,25272400,37.32728128928297,-0.0021421559044342,0.0028631762910684,0.0502080135695446,0.0201121806049593,0.0464573725132453,0.08901411436,-1,0,1
2021-05-12,0,27.700000762939453,27.799999237060547,27.3799991607666,27.56999969482422,23.32979202270508,23034800,35.85157430287053,-0.0147617458379167,0.031690189159739,0.0369461770976863,0.0201106107336102,0.0464525246458013,0.0889999788464119,-1,1,1
2021-05-13,0,27.61000061035156,28.56999969482422,27.56999969482422,28.3700008392334,24.00675773620605,42686200,36.88511013877682,0.0286041916483605,0.0322378869638,0.0410781558395186,0.0201141136349743,0.0464478037755558,0.0889863812830713,1,1,1
2021-05-14,0,28.65999984741211,29.18000030517578,28.34000015258789,29.0,24.539857864379883,44637100,37.31813550823478,0.0219632842126196,0.060408876970314,0.0634074040168866,0.0201146812280033,0.04645268156089,0.088976846987212,1,1,1
2021-05-17,0,28.8700008392334,29.030000686645508,28.3700008392334,28.979999542236328,24.52293586730957,37180600,37.04110728301684,-0.0006898097908514,0.0477036882570876,0.0499739791829884,0.0201111195622517,0.0464524695673103,0.0889646346381711,0,1,1
2021-05-18,0,28.799999237060547,29.25,28.68000030517578,28.920000076293945,24.4721622467041,26439800,32.34277338363935,-0.0020726007594838,0.0309011635682938,0.0479013784235044,0.0201076011230154,0.0464474387389168,0.088952078097879,-1,1,1
2021-05-19,0,28.530000686645508,29.239999771118164,28.200000762939453,29.1299991607666,24.649866104125977,26461500,30.22081000192584,0.0072352318745506,0.0402785513472786,0.0439833365794478,0.0201044570387428,0.0464448272824253,0.0889389148802403,1,1,1
2021-05-20,0,29.190000534057617,29.71999931335449,29.059999465942383,29.290000915527344,24.78525161743164,32111400,31.231945295067828,0.0054773148328631,0.0605176120180585,0.064601472295574,0.0201011271034151,0.0464497208563913,0.0889296646450375,1,1,1
2021-05-21,0,29.32999992370605,29.479999542236328,28.940000534057617,29.43000030517578,24.903722763061523,27919700,31.524740407332832,0.0047685174265488,0.0366819377962468,0.0744685528715337,0.0200977387456792,0.04644609502846,0.0889228877846859,1,1,1
2021-05-24,0,29.520000457763672,29.600000381469727,29.200000762939453,29.350000381469727,24.83602905273437,25091900,31.284685970043817,-0.0027219175669447,0.0119967360166826,0.0713819246863745,0.0200942589925008,0.0464382386561958,0.0889152938317352,-1,1,1
2021-05-25,0,29.31999969482422,29.3799991607666,28.780000686645508,29.0,24.580684661865234,33649100,32.22862699689573,-0.0103344251061362,0.0023521207013978,0.0563136470490418,0.020091699482774,0.0464299990649243,0.0889042717258221,-1,0,1
2021-05-26,0,29.07999992370605,29.56999969482422,29.07999992370605,29.39999961853028,24.91971778869629,20999700,32.170482311044296,0.0136984109849891,0.0181231324458706,0.0707391514425416,0.0200897203168937,0.0464227658920435,0.0888965131201888,1,1,1
2021-05-27,0,29.39999961853028,29.5,28.8700008392334,29.14999961853028,24.70781898498535,59860400,34.04500544059061,-0.0085396175274057,0.0023482830439143,0.0775841464427039,0.0200868553950088,0.0464145348570692,0.0888905915907543,-1,0,1
2021-05-28,0,29.059999465942383,29.739999771118164,29.0,29.6299991607666,25.11467170715332,26468600,32.26797037594778,0.0163324538954343,0.0132034221064856,0.0513179130540902,0.0200855604377377,0.046406793096641,0.0888786411103283,1,1,1
2021-05-31,0,29.670000076293945,29.93000030517578,29.38999938964844,29.540000915527344,25.038387298583984,15501900,30.10718149014789,-0.0030420663828167,0.0053928382971202,0.0803335428723949,0.0200821072265981,0.0463986158210423,0.0888735077689841,-1,1,1
2021-06-01,0,29.84000015258789,30.600000381469727,29.799999237060547,30.600000381469727,25.95003128051757,43165200,32.05943398236702,0.0357626758769272,0.0438774317409921,0.1084385623619151,0.0200896111418037,0.0463971119289129,0.0888781802997014,1,1,1
2021-06-02,0,30.64999961853028,31.790000915527344,30.6299991607666,31.6200008392334,26.81502723693848,56648000,35.63607390101292,0.0327896331434323,0.0870014899905606,0.1273327072152385,0.0200953246903163,0.0464164903191375,0.0888912018927352,1,1,1
2021-06-04,0,31.56999969482422,32.380001068115234,31.440000534057617,32.279998779296875,27.37473487854004,36832100,36.51246317877973,0.0206580551180377,0.093961134123609,0.1915795210398637,0.0200954013151484,0.0464405210312081,0.0889432988782335,1,1,1
2021-06-07,0,32.279998779296875,33.18000030517578,31.8700008392334,33.040000915527344,28.01925277709961,59585000,40.53261085713062,0.0232713697817467,0.1257721214327616,0.186794396977311,0.0200964678154163,0.0464906127497581,0.0889918032258767,1,1,1
2021-06-08,0,32.81999969482422,33.150001525878906,32.2599983215332,32.810001373291016,27.8242130279541,72167300,46.24707578296418,-0.0069852592203846,0.1024544083169426,0.1860168435508209,0.0200933931349136,0.0465207166695213,0.0890396453377921,-1,1,1
2021-06-09,0,32.66999816894531,34.189998626708984,32.41999816894531,33.2599983215332,28.205810546875,89627300,53.26584047695543,0.0136213906317295,0.1191178653314888,0.1876228552601753,0.020091391796619,0.0465645047251512,0.0890885314078972,1,1,1
2021-06-10,0,33.599998474121094,33.880001068115234,32.91999816894531,33.13999938964844,28.10405158996582,49940800,56.89813470859078,-0.0036142538382898,0.0797409356162717,0.1692786774925754,0.0200879855080677,0.0465791276309193,0.0891248152399772,-1,1,1
2021-06-11,0,33.040000915527344,33.150001525878906,32.36000061035156,32.75,27.7733211517334,23126500,53.445393559209776,-0.0118378615255878,0.0351134409472517,0.1595829718714218,0.0200857482563552,0.0465750163039261,0.0891549656825185,-1,1,1
2021-06-14,0,32.939998626708984,33.060001373291016,32.36000061035156,32.63999938964844,27.680036544799805,23747300,53.41475800914036,-0.0033644381080846,0.0110909477211293,0.170980279601254,0.0200823281496139,0.0465670915249237,0.0891922017462193,-1,1,1
2021-06-15,0,32.7599983215332,32.83000183105469,32.290000915527344,32.63999938964844,27.680036544799805,17613100,53.824887181945165,0.0,-0.0121804220606174,0.1423760879528936,0.020078789576057,0.0465596500056371,0.0892124125805071,0,-1,1
2021-06-16,0,32.68000030517578,33.61000061035156,32.45000076293945,33.290000915527344,28.23125457763672,66958500,57.00306612827717,0.0197182315599163,0.0145230687196834,0.1401310353001903,0.0200785412256137,0.0465520105784008,0.089231387698199,1,1,1
2021-06-17,0,33.65999984741211,34.34000015258789,32.86000061035156,32.900001525878906,27.9005184173584,49540100,56.438462750805,-0.0117844126466057,-0.0108827345586517,0.129036432444436,0.0200762982256847,0.0465444423932762,0.0892447331301285,-1,-1,1
2021-06-18,0,32.75,32.970001220703125,32.08000183105469,32.29999923706055,27.39169311523437,41130700,56.92692092929282,-0.0184054734704508,-0.0256739541908126,0.1127035597334689,0.0200758493984443,0.0465391690856789,0.0892507170250684,-1,-1,1
2021-06-21,0,32.220001220703125,32.7400016784668,32.060001373291016,32.45000076293945,27.51890563964844,27364900,53.14506990404885,0.004633449821742,-0.0092026428434826,0.1101017776806604,0.0200724766980641,0.0465314519976363,0.0892556119129491,1,-1,1
2021-06-22,0,32.22999954223633,32.459999084472656,31.809999465942383,32.029998779296875,27.162731170654297,40653500,49.41577767424955,-0.013027390072422,-0.0188655948078201,0.0915970727753753,0.0200705134242479,0.0465249233231285,0.0892536667215097,-1,-1,1
2021-06-23,0,32.04999923706055,32.619998931884766,31.64999961853028,31.799999237060547,26.96767807006836,28558100,42.16191587807136,-0.0072068158193029,-0.0260724106271231,0.0796217395295234,0.0200674831265327,0.046519740319559,0.0892480253710508,-1,-1,1
2021-06-24,0,32.16999816894531,32.20000076293945,31.479999542236328,31.809999465942383,26.97615623474121,23777500,39.01704166612034,0.0003143330410943,-0.0454763091459452,0.0826579901375624,0.0200639547854071,0.046520126312259,0.0892432610273401,0,-1,1
2021-06-25,0,31.979999542236328,32.130001068115234,30.61000061035156,30.799999237060547,26.11964225769043,38927900,40.56235301366307,-0.0322657652150374,-0.0659576617143769,0.0607266500286614,0.0200697390052988,0.0465294677637588,0.0892329574506036,-1,-1,1
2021-06-28,0,30.84000015258789,30.89999961853028,30.049999237060547,30.450000762939453,25.822830200195312,36032900,41.68949215828762,-0.0114286160852821,-0.0589808043292082,0.0355996229583899,0.020067423297521,0.0465353825992427,0.0892186629525839,-1,-1,1
2021-06-29,0,30.26000022888184,30.440000534057617,29.82999992370605,30.14999961853028,25.56841087341309,30557500,42.901761937958966,-0.0099013528376252,-0.0735156069885756,0.0342378876481703,0.0200648142958545,0.0465487869595273,0.0892042304243404,-1,-1,1
2021-06-30,0,30.0,30.270000457763672,29.770000457763672,29.799999237060547,25.27159309387207,22510200,37.44875867609286,-0.0116766769800958,-0.0721648938962494,0.0062287567726402,0.0200625513336714,0.0465613990153749,0.089188458876663,-1,-1,0
2021-07-01,0,29.790000915527344,29.979999542236328,29.31999969482422,29.690000534057617,25.190996170043945,20278100,33.85303896723516,-0.0031943264717938,-0.0681524045487402,0.006076496683663,0.0200591380835866,0.0465717983930211,0.0891726968741356,-1,-1,0
2021-07-02,0,29.8799991607666,30.100000381469727,29.56999969482422,30.01000022888184,25.46249771118164,25225100,31.854378636306137,0.0107200558303041,-0.0577466817595303,-0.0189661233629599,0.0200565645847099,0.0465770772379232,0.089158387956027,1,-1,-1
2021-07-05,0,29.71999931335449,29.86000061035156,29.549999237060547,29.600000381469727,25.114633560180664,12179100,30.009088578909445,-0.0137560050441617,-0.0392369215886547,-0.065511761550554,0.0200547796248948,0.0465752982116362,0.0891533700399688,-1,-1,-1
2021-07-06,0,29.479999542236328,29.729999542236328,29.229999542236328,29.549999237060547,25.07221221923828,24371300,27.97381685062773,-0.0016905366490605,-0.029498842152433,-0.0878603533176522,0.0200512986559082,0.0465708487244362,0.0891558506636796,0,-1,-1
2021-07-07,0,29.57999992370605,29.940000534057617,29.14999961853028,29.68000030517578,25.182512283325195,39191100,28.86838288917868,0.004389646636926,-0.0152078426778817,-0.1067420764624729,0.0200479292106278,0.0465637813938385,0.089166191067022,1,-1,-1
2021-07-08,0,29.14999961853028,29.670000076293945,28.959999084472656,29.290000915527344,24.85160255432129,49065400,31.253214358821435,-0.0132275570360492,-0.016758722733835,-0.1129843742781374,0.0200460198321834,0.0465569267008733,0.0891794157713719,-1,-1,-1
2021-07-12,0,29.39999961853028,30.0,29.31999969482422,29.690000534057617,25.190996170043945,26954500,29.859391596645278,0.0135643962620411,0.0,-0.1130413686478258,0.0200440424425255,0.0465487722292544,0.0891926360318362,1,0,-1
2021-07-13,0,29.5,30.030000686645508,29.15999984741211,29.8700008392334,25.34372329711914,31499300,29.314023056678455,0.0060444618544374,-0.0046755939758667,-0.1033826529550985,0.0200408193444425,0.0465407725760336,0.089201390880378,1,-1,-1
2021-07-14,0,30.200000762939453,30.850000381469727,29.81999969482422,29.90999984741211,25.377656936645508,42592500,30.550291321485624,0.0013380410561677,0.0104184521244627,-0.0902067503733428,0.0200373207596374,0.0465328836953961,0.0892046720372261,0,1,-1
2021-07-15,0,29.86000061035156,30.06999969482422,29.3799991607666,29.549999237060547,25.07221221923828,22644000,30.5456141551146,-0.0121089887735233,0.0,-0.0989513010387815,0.0200351636435482,0.0465247420201188,0.0892114749300279,-1,0,-1
2021-07-16,0,29.770000457763672,29.790000915527344,29.020000457763672,29.06999969482422,24.664945602416992,19077100,30.37935712844412,-0.0163771207430913,-0.0207667673800174,-0.1153284217818727,0.020034091439748,0.046518530914675,0.0892256883635271,-1,-1,-1
2021-07-19,0,28.700000762939453,29.09000015258789,28.61000061035156,28.89999961853028,24.52071189880371,34469500,31.21672103303609,-0.0058648851869833,-0.0134040955309515,-0.1409115385287725,0.0200309214065355,0.0465112681484704,0.0892535836749883,-1,-1,-1
2021-07-20,0,28.770000457763672,29.46999931335449,28.6200008392334,29.280000686645508,24.843130111694336,26342200,32.655015086675675,0.0130631160244921,-0.0139053757685004,-0.1160640098576745,0.0200288394631225,0.0465040674873101,0.0892680770621977,1,-1,-1
2021-07-21,0,29.26000022888184,29.65999984741211,29.229999542236328,29.39999961853028,24.944936752319336,13405500,31.513442497633395,0.0040896057601503,-0.0158602318627877,-0.0935689306270735,0.0200254644498297,0.0464971172242913,0.089272564154558,1,-1,-1
2021-07-22,0,29.420000076293945,29.520000457763672,28.950000762939453,29.100000381469727,24.690404891967773,17234100,29.19675971125244,-0.0102561635752253,-0.0274544364941807,-0.1084585440240409,0.0200229410909008,0.0464922257397268,0.0892834068292816,-1,-1,-1
2021-07-23,0,29.209999084472656,29.32999992370605,28.799999237060547,29.020000457763672,24.622529983520508,16757800,25.86775562894997,-0.0027528254597668,-0.0180982731804243,-0.0981839794113857,0.0200195269680505,0.046485598326315,0.0892897345189456,-1,-1,-1
2021-07-26,0,29.07999992370605,29.739999771118164,29.07999992370605,29.530000686645508,25.05523681640625,24167700,25.56452562579916,0.0174209834396726,0.0156998310023397,-0.0735561801524099,0.0200185847580686,0.0464781875221642,0.0892869848849056,1,1,-1
2021-07-27,0,29.5,30.020000457763672,29.32999992370605,29.81999969482422,25.30129623413086,36435400,26.074370582454836,0.0097727687424839,0.031337484931807,-0.0640977444510202,0.0200158713408535,0.0464733222187873,0.0892813859825389,1,1,-1
2021-07-28,0,30.14999961853028,31.21999931335449,30.100000381469727,30.790000915527344,26.12430953979492,69662900,29.12385638756775,0.0320106518653045,0.0502850207726193,0.0001786726293216,0.0200211279998048,0.0464739977659387,0.0892658045925871,1,1,0
2021-07-29,0,30.8799991607666,30.979999542236328,30.299999237060547,30.6299991607666,25.98855400085449,23202200,29.26934278516021,-0.0052100704818443,0.0409853445306246,0.0063972182327595,0.0200179044535794,0.0464716126712975,0.0892501284189679,-1,1,0
2021-07-30,0,30.39999961853028,31.09000015258789,30.059999465942383,30.299999237060547,25.70856094360352,42493300,31.83564900642666,-0.0108321632769247,0.0404093448289251,0.0054664077934599,0.0200154995819514,0.0464690574334109,0.0892344662252054,-1,1,0
2021-08-02,1,30.799999237060547,31.51000022888184,30.46999931335449,30.46999931335449,25.865598678588867,37416300,32.34147067179795,0.0060898023916061,0.0492519726802983,0.023232887165162,0.0200123015684472,0.0464693469709933,0.0892192912544272,1,1,1
2021-08-03,0,31.39999961853028,31.43000030517578,30.15999984741211,30.770000457763672,26.12027359008789,55037000,35.57318964826895,0.009797929236099,0.0416289184767247,0.0362251428730548,0.0200095966244782,0.0464671430301319,0.0892052595983978,1,1,1
2021-08-04,0,30.57999992370605,30.729999542236328,29.82999992370605,29.90999984741211,25.390226364135746,50529100,39.48738166550205,-0.0283474675451716,0.003508682189069,-0.0028423805024209,0.0200132651939047,0.0464590472690334,0.0891898243347468,-1,0,0
2021-08-05,0,30.200000762939453,30.56999969482422,29.700000762939453,30.0,25.46662330627441,49399100,42.9227549126831,0.0030043937089861,-0.0254975759672493,0.013918018250727,0.0200098445839909,0.0464537803049649,0.0891742673894522,1,-1,1
2021-08-06,0,30.1200008392334,31.040000915527344,29.950000762939453,30.84000015258789,26.17968940734864,33292000,44.81664016589815,0.0276151918040292,0.0073276863186241,0.0432237467038167,0.0200128383744592,0.0464457913073125,0.0891611442561833,1,1,1
2021-08-09,0,30.770000457763672,31.43000030517578,30.770000457763672,31.200000762939453,26.485292434692383,33921300,46.02524823785476,0.0116056797831201,0.0297655293786691,0.0504397798500108,0.0200104622718129,0.0464405952009947,0.0891491411524578,1,1,1
2021-08-10,0,31.15999984741211,31.170000076293945,30.56999969482422,30.61000061035156,25.98444938659668,31725300,45.62291933529852,-0.0190913178843551,0.0045844091027078,0.0445760190017049,0.0200102605321296,0.0464325319483823,0.0891362216181866,-1,0,1
2021-08-11,0,30.39999961853028,31.290000915527344,30.13999938964844,30.950000762939453,26.273069381713867,34840600,41.89037778305379,0.011046178106094,0.0058326579727027,0.0420578008457576,0.0200077803541632,0.046424503051733,0.0891229536346874,1,1,1
2021-08-12,0,30.84000015258789,31.09000015258789,30.3700008392334,30.3700008392334,25.78071403503418,27312600,42.307761485799226,-0.0189177423038674,0.0152623832140068,0.0170955966874525,0.0200075203755175,0.0464170833981076,0.0891075334461053,-1,1,1
2021-08-13,0,30.420000076293945,30.940000534057617,30.1200008392334,30.780000686645508,26.12875747680664,30203200,41.05631437237987,0.0134098324315629,0.0256678219365837,0.0291673880628479,0.0200055314463605,0.0464111078675538,0.0890928590223541,1,1,1
2021-08-16,0,30.65999984741211,31.15999984741211,30.270000457763672,30.34000015258789,25.842424392700195,35738200,40.87378498790135,-0.0110190290461083,-0.012966398913554,0.0302573477902627,0.0200031751894632,0.0464038749069334,0.0890782865314044,-1,-1,1
2021-08-17,0,30.309999465942383,30.57999992370605,29.739999771118164,30.229999542236328,25.74873733520508,38899100,39.07471060594192,-0.0036319073787389,-0.028203986075413,0.0430025611546151,0.0199998391087447,0.0463992228219099,0.0890651741539374,-1,-1,1
2021-08-18,0,30.1200008392334,31.1200008392334,30.01000022888184,30.290000915527344,25.79984474182129,47476800,38.835161201238144,0.0019828837691519,-0.0071297844219058,0.0508503301107505,0.0199963929141817,0.0463914694015221,0.0890532784421691,0,-1,1
2021-08-19,0,29.89999961853028,30.82999992370605,29.64999961853028,29.89999961853028,25.4676570892334,39790600,37.82558825560696,-0.0129591764639837,-0.0311351389919836,0.0248280376222744,0.0199944545521775,0.0463875152128569,0.0890383008575312,-1,-1,1
2021-08-20,0,29.600000381469727,29.93000030517578,29.200000762939453,29.790000915527344,25.37396812438965,34702500,37.86258624209835,-0.0036855262001942,-0.0159029228883104,0.0170529056619299,0.0199911268410169,0.0463806540659425,0.0890229244067844,-1,-1,1
2021-08-23,0,29.86000061035156,30.229999542236328,29.780000686645508,30.11000061035156,25.646530151367188,21529700,36.43376509930731,0.0106845142298143,-0.018628241090059,0.0379935834669696,0.0199885933838849,0.0463741880907244,0.0890091905750262,1,-1,1
2021-08-24,0,30.25,31.01000022888184,30.239999771118164,30.950000762939453,26.362001419067383,30154700,36.31233731847508,0.027515347404071,0.0199061353601202,0.0682617563308075,0.0199915376178931,0.0463673446338876,0.0890008623061977,1,1,1
2021-08-25,0,30.75,31.049999237060547,30.520000457763672,30.989999771118164,26.39608192443848,17524300,34.443863758844046,0.0012919540647314,0.0248299968035906,0.0521327269558663,0.0199880829826962,0.0463612557916566,0.0889892120722017,0,1,1
2021-08-26,0,30.89999961853028,30.940000534057617,30.170000076293945,30.239999771118164,25.757253646850582,35118800,35.27092325839281,-0.0244993047205638,-0.001652191686125,0.0178606534928183,0.0199899608501587,0.0463532637341821,0.0889738948666261,-1,0,1
2021-08-27,0,30.420000076293945,30.86000061035156,30.100000381469727,30.76000022888184,26.200172424316406,22271200,34.42225195154813,0.0170497093616997,0.0283566941395584,0.0028997109892136,0.0199889227802971,0.0463478304675583,0.0889584265642543,1,1,0
2021-08-30,0,30.690000534057617,30.799999237060547,30.34000015258789,30.540000915527344,26.01278305053711,18801900,32.62939542077485,-0.0071779188379111,0.0248643015018415,0.0009318626331468,0.0199859517679932,0.0463417553244846,0.0889430106555747,-1,1,0
2021-08-31,0,30.6299991607666,31.270000457763672,30.530000686645508,30.940000534057617,26.353492736816406,43607500,33.2384993166696,0.0130127448967468,0.027192532168774,0.0247767708068184,0.0199838874930534,0.0463361006755788,0.0889280875342141,1,1,1
2021-09-01,0,31.059999465942383,31.6299991607666,31.0,31.059999465942383,26.46853256225586,28784500,31.327877704323623,0.0043557590483183,0.0040329438130211,0.0230427274635304,0.0199805723474366,0.046328090539451,0.0889130616271045,1,0,1
2021-09-02,0,30.88999938964844,30.89999961853028,29.780000686645508,29.940000534057617,25.51409721374512,32547700,30.572938744400027,-0.03672544561264,-0.0339844558643503,-0.0234806473852086,0.0199889914538886,0.0463249059276221,0.0888994812527452,-1,-1,-1
2021-09-03,0,30.1299991607666,30.15999984741211,29.270000457763672,29.770000457763672,25.369224548339844,49622700,32.13420395355991,-0.0056943238707715,-0.015179475014558,-0.0008275037108086,0.0199858500849005,0.0463179880844937,0.0888841495036595,-1,-1,0
2021-09-06,0,29.670000076293945,30.270000457763672,29.6200008392334,30.14999961853028,25.69305229187012,27219900,32.74162830637143,0.0126838090653877,-0.0195453753108699,0.008851911645593,0.0199837194569211,0.0463117038963553,0.0888686874411104,1,-1,0
2021-09-08,0,30.040000915527344,30.100000381469727,28.56999969482422,28.71999931335449,24.474443435668945,47958400,34.304823132010355,-0.0485911684729625,-0.0609586249459212,-0.0673544486313987,0.0200009240259784,0.0463184773657024,0.0888642407421152,-1,-1,-1
2021-09-09,0,28.959999084472656,29.51000022888184,28.36000061035156,29.100000381469727,24.79827308654785,55695500,38.09535752516115,0.0131445690971204,-0.0608268007455476,-0.0658155593173984,0.0199988942173129,0.0463251731355743,0.0888593424882324,1,-1,-1
2021-09-10,0,29.5,29.65999984741211,28.59000015258789,28.809999465942383,24.5511417388916,36019500,38.01182033522274,-0.0100156573045062,-0.075198217098372,-0.0567398987375493,0.0199963628083854,0.0463393487681659,0.0888519951653663,-1,-1,-1
2021-09-13,0,29.32999992370605,29.420000076293945,28.950000762939453,29.170000076293945,24.85792732238769,31072900,38.79131387521345,0.0124183487729173,-0.0260544227128147,-0.055367728070726,0.0199941790539168,0.0463342549439412,0.0888443053080409,1,-1,-1
2021-09-14,0,29.100000381469727,29.36000061035156,28.89999961853028,28.989999771118164,24.70453643798828,24181000,39.23817720672213,-0.0061898203806276,-0.0265499192226707,-0.0426398061474862,0.0199910956194388,0.0463292661852576,0.0888338004975448,-1,-1,-1
2021-09-15,0,29.049999237060547,29.06999969482422,28.520000457763672,28.520000457763672,24.30400848388672,26397500,37.14337143956004,-0.0163455933002102,-0.0555793215882687,-0.0723952318792593,0.0199900399882969,0.04633356689953,0.0888308637063634,-1,-1,-1
2021-09-16,0,28.31999969482422,28.65999984741211,28.15999984741211,28.5,24.28697204589844,46425000,38.65218823810304,-0.0007012181479199,-0.0076893712632263,-0.0620774209810709,0.0199866041648991,0.0463259090704114,0.0888249071670463,0,-1,-1
2021-09-17,0,28.46999931335449,28.5,27.81999969482422,27.81999969482422,23.70748710632324,43619900,39.492731241831805,-0.0241491668684036,-0.0449831072287502,-0.0825946804707356,0.0199883114532193,0.0463260848365187,0.0888253441680728,-1,-1,-1
2021-09-20,0,27.299999237060547,27.6299991607666,26.86000061035156,27.190000534057617,23.17062187194824,44012200,38.50608333341543,-0.0229057322949554,-0.0578731822191995,-0.107483296534843,0.0199895038341733,0.0463313655996425,0.0888357281490352,-1,-1,-1
2021-09-21,0,27.31999969482422,27.549999237060547,27.06999969482422,27.1200008392334,23.11096954345703,33572600,38.82189823708341,-0.0025778007929134,-0.0728693317850303,-0.0971019208637727,0.0199861335244117,0.0463441282915672,0.0888416419974082,-1,-1,-1
2021-09-22,0,27.32999992370605,27.989999771118164,27.299999237060547,27.75,23.64784049987793,38718500,37.75665311277091,0.0229644231586119,-0.0437150882457906,-0.0704519715049664,0.0199871218848314,0.0463438407182963,0.0888380608906746,1,-1,-1
2021-09-23,0,27.93000030517578,28.950000762939453,27.809999465942383,28.709999084472656,24.465925216674805,50259600,37.13146661739928,0.0340095420161339,0.0066400470705533,-0.0471269437186469,0.0199934635955159,0.0463359430431601,0.0888284573654406,1,1,-1
2021-09-24,0,28.5,28.68000030517578,28.270000457763672,28.309999465942383,24.12505340576172,41393800,37.603159769080136,-0.0140304810646598,-0.0066892158461864,-0.0886727721873778,0.0199917919958915,0.0463282282901287,0.0888310414798593,-1,-1,-1
2021-09-27,0,28.43000030517578,29.32999992370605,28.030000686645508,29.049999237060547,24.755664825439453,58432500,40.38495910605616,0.0258034837282558,0.0432634347504729,-0.0641612425238534,0.0199939468153219,0.0463266455738246,0.0888256142240982,1,1,-1
2021-09-28,0,28.920000076293945,29.61000061035156,28.3700008392334,28.38999938964844,24.19322967529297,61226700,44.0323522583081,-0.0229815161239698,0.0431876509214585,-0.0626434539272594,0.0199951704281006,0.0463250361692971,0.0888197655371304,-1,1,-1
2021-09-29,0,28.64999961853028,28.96999931335449,28.38999938964844,28.89999961853028,24.62784004211425,52461900,46.71647989246133,0.0178046835302145,0.0635701352445865,-0.0618884797587446,0.0199943676816784,0.0463312287714099,0.0888137094891535,1,1,-1
2021-09-30,0,29.09000015258789,29.229999542236328,28.700000762939453,28.93000030517578,24.653404235839844,41797700,46.31593081363791,0.0010374817597723,0.0416431938457466,-0.0536730791610612,0.0199909389002684,0.0463291428738931,0.0888055709944874,0,1,-1
2021-10-01,0,29.1200008392334,29.8700008392334,28.940000534057617,29.670000076293945,25.297128677368164,42812200,46.51774856367199,0.0257759044525636,0.0334095562821767,-0.0409099196052442,0.0199930760076662,0.0463248740178103,0.0887947242368005,1,1,-1
2021-10-04,0,24.75,24.809999465942383,23.84000015258789,24.34000015258789,20.752674102783203,58942600,47.35719180770123,-0.1980157874831093,-0.1505757501362727,-0.2432814661366718,0.0203243634438518,0.0464030230870216,0.0889013906760859,-1,-1,-1
2021-10-05,0,24.600000381469727,25.3799991607666,24.34000015258789,24.93000030517578,21.25572395324707,49202600,48.47111049936906,0.0239511108079471,-0.1524281230565815,-0.1826049097160847,0.0203256182068424,0.046483026893823,0.0889559388312024,1,-1,-1
2021-10-06,0,24.549999237060547,25.1299991607666,24.36000061035156,25.01000022888184,21.323938369750977,39050500,48.129028512408965,0.0032040871693563,-0.1262425197632554,-0.1737064986759568,0.0203222061436051,0.0465355240556706,0.0890039742146192,1,-1,-1
2021-10-07,0,25.1299991607666,25.25,24.39999961853028,24.479999542236328,20.872051239013672,38428000,46.364626617673736,-0.0214193060262147,-0.1654665093196845,-0.2078096137675594,0.0203226835987092,0.0466305132380796,0.0890780428696864,-1,-1,-1
2021-10-08,0,24.65999984741211,25.350000381469727,24.6299991607666,24.65999984741211,21.0255184173584,48636500,46.46358048486972,0.0073258599943647,-0.1591781310850921,-0.1518925853002321,0.020319623402987,0.0467176004341211,0.0891115074746444,1,-1,-1
2021-10-11,0,24.57999992370605,24.809999465942383,24.21999931335449,24.229999542236328,20.65889549255371,42764400,44.14006144315163,-0.0175908616339413,-0.2025448971715971,-0.1826280160312938,0.0203188249778666,0.0468623587145749,0.0891656081793626,-1,-1,-1
2021-10-13,0,24.299999237060547,24.450000762939453,23.780000686645508,24.26000022888184,20.684476852416992,42242200,41.63314469706636,0.0012375073283566,-0.0032916023601311,-0.1713748513984309,0.0203153537535097,0.0468544046258097,0.089211596962309,0,0,-1
2021-10-14,0,24.43000030517578,24.61000061035156,23.84000015258789,24.13999938964844,20.58216094970703,36886900,39.43448974385136,-0.0049587811276822,-0.0322014942957604,-0.1887519812990305,0.0203121040188205,0.0468505301842162,0.0892700228315996,-1,-1,-1
2021-10-15,0,24.21999931335449,24.8700008392334,24.07999992370605,24.76000022888184,21.110782623291016,52518600,39.75740280356946,0.0253592074449931,-0.0100463740201237,-0.1572029534734097,0.0203139410397042,0.0468429871850566,0.089306454221654,1,-1,-1
2021-10-18,0,24.57999992370605,25.049999237060547,24.3700008392334,24.93000030517578,21.25572395324707,28756800,37.81059766636677,0.0068422868507674,0.0182152188568584,-0.1340150733224322,0.0203108317025362,0.0468359813835763,0.0893292004649789,1,1,-1
2021-10-19,0,24.700000762939453,24.790000915527344,24.170000076293945,24.34000015258789,20.752674102783203,42116700,36.36969007936598,-0.0239511108079471,-0.0130617519454534,-0.1572649659824593,0.0203122890484056,0.0468287344130712,0.0893655352149749,-1,-1,-1
2021-10-20,0,24.549999237060547,25.049999237060547,24.309999465942383,24.989999771118164,21.306882858276367,37764100,35.37436718419452,0.0263550486068116,0.0308841582952993,-0.1067607505072439,0.0203145521258648,0.0468238707904561,0.0893748549297637,1,1,-1
2021-10-21,0,24.3799991607666,25.14999961853028,24.1200008392334,24.479999542236328,20.872051239013672,70701600,38.02762328396273,-0.0206191566557229,0.0090274943112198,-0.1044741748680115,0.0203147442679608,0.0468160613969684,0.0893831636285148,-1,1,-1
2021-10-22,0,24.1200008392334,24.270000457763672,22.90999984741211,23.540000915527344,20.07058906555176,93446400,42.45724701105168,-0.039155489819557,-0.0251692143806548,-0.141051863894655,0.0203243221583394,0.0468106521324184,0.0894096318098069,-1,-1,-1
2021-10-25,0,23.670000076293945,24.299999237060547,23.670000076293945,24.0,20.462797164916992,39732200,41.59242917821356,0.019352952078618,-0.0311754697470297,-0.1446633349746489,0.0203239219604122,0.0468065466951205,0.0894381173870069,1,-1,-1
2021-10-26,0,23.690000534057617,23.989999771118164,23.479999542236328,23.739999771118164,20.241113662719727,28745800,40.34779593514467,-0.0108925992395974,-0.0489103558373946,-0.1895654762303802,0.0203214929091329,0.0468078220980812,0.0894964618092366,-1,-1,-1
2021-10-27,0,23.8799991607666,24.440000534057617,23.780000686645508,23.920000076293945,20.394580841064453,29516500,39.226286037106114,0.0075533547472063,-0.0174058902822413,-0.1679816404185142,0.0203184743615575,0.0468011222825372,0.0895393518766798,1,-1,-1
2021-10-28,0,23.670000076293945,23.979999542236328,23.3799991607666,23.8700008392334,20.351957321166992,36802600,39.18416597225443,-0.0020921303927571,-0.0458530692818101,-0.1958772545395272,0.0203150535190239,0.0468012997839587,0.0896022736896323,-1,-1,-1
2021-10-29,0,23.940000534057617,24.13999938964844,23.299999237060547,23.309999465942383,19.87448501586914,35245900,37.49966086817246,-0.0237403410682006,-0.0489742536942878,-0.1966360794837579,0.020316413669208,0.0468025846639017,0.0896656426186332,-1,-1,-1
2021-11-01,0,23.709999084472656,24.3700008392334,23.64999961853028,24.21999931335449,20.6660099029541,35470800,38.00224313611006,0.0390535679292469,0.029234804054516,-0.1753871950847255,0.0203255917594896,0.0467974100682415,0.0897132539639544,1,1,-1
2021-11-03,1,24.01000022888184,24.8700008392334,24.01000022888184,24.450000762939453,20.862268447875977,62011400,39.73399558288629,0.0094518729802506,0.0193337249561485,-0.1669728038642473,0.0203228386221862,0.0467905873636666,0.0897550644478702,1,1,-1
2021-11-04,0,24.479999542236328,24.729999542236328,23.020000457763672,23.15999984741211,19.76155471801757,71651200,42.25655202748744,-0.0542038206767289,-0.023977496480983,-0.2469525289935399,0.0203442089580474,0.0467849604195981,0.0898618139937078,-1,-1,-1
2021-11-05,0,23.5,23.549999237060547,22.540000915527344,22.8799991607666,19.522645950317383,111622600,45.15947947352058,-0.0121632467539778,-0.0436940979821671,-0.0610999882644084,0.0203420288981088,0.0467844066126039,0.0898549518392318,-1,-1,-1
2021-11-08,0,22.799999237060547,23.18000030517578,22.6299991607666,22.76000022888184,19.42025756835937,33205400,40.08111029594642,-0.0052583967107113,-0.0468603643001212,-0.0903094957830668,0.0203388169363892,0.0467849258832804,0.089857173803025,-1,-1,-1
2021-11-09,0,22.86000061035156,23.190000534057617,22.3799991607666,22.530000686645508,19.22400283813477,43458100,40.17357190136409,-0.0101570797524046,-0.0332771029843253,-0.1036706627048278,0.0203362563438944,0.0467813339104979,0.089864619231713,-1,-1,-1
2021-11-10,0,22.530000686645508,23.530000686645508,22.420000076293945,23.100000381469727,19.71036148071289,47919300,41.67009381373378,0.0249848148924604,-0.0473458560211118,-0.0572665417861527,0.0203379264685349,0.0467820154733679,0.0898567905136958,1,-1,-1
2021-11-11,0,23.43000030517578,23.46999931335449,22.81999969482422,23.049999237060547,19.66769790649414,39667400,42.40539723330013,-0.002166871175267,-0.0589646001766295,-0.0667592729557846,0.0203345152112289,0.0467873040631528,0.0898514123882924,-1,-1,-1
2021-11-12,0,23.030000686645508,23.39999961853028,22.76000022888184,23.0,19.62504005432129,36761000,42.29163388575766,-0.002171285135412,-0.0069320646353125,-0.0513396964572554,0.0203311058460837,0.0467795860696035,0.0898422259919978,-1,-1,-1
2021-11-16,0,23.07999992370605,23.40999984741211,22.559999465942383,22.76000022888184,19.42025756835937,24725500,41.382485463070175,-0.0104895788293766,-0.0052583967107113,-0.0630667826149886,0.0203286095741486,0.0467717810566448,0.0898358503285582,-1,-1,-1
2021-11-17,0,22.93000030517578,23.18000030517578,22.65999984741211,22.850000381469727,19.497041702270508,29841500,40.75847778833829,0.0039460206635344,0.0039460206635344,-0.0541619808237719,0.0203252715269344,0.0467638449040629,0.0898272924945208,1,0,-1
2021-11-18,0,22.809999465942383,22.96999931335449,22.190000534057617,22.46999931335449,19.17280960083008,33246500,38.050369134661146,-0.0167696377864487,-0.0026665373705096,-0.0962908260552138,0.0203242311642995,0.0467559474920649,0.0898317064325483,-1,0,-1
2021-11-19,0,22.39999961853028,22.479999542236328,22.09000015258789,22.280000686645508,19.01068878173828,28907700,34.47522057964879,-0.0084917202540236,-0.0361430725169937,-0.1116248331600048,0.0203214135412664,0.0467531097806096,0.0898424971058003,-1,-1,-1
2021-11-22,0,22.01000022888184,22.479999542236328,21.8799991607666,22.06999969482422,19.057790756225582,27953500,27.681170306142555,0.0024745931066938,-0.0315016082350328,-0.085199129245364,0.0203180069689031,0.0467490834947875,0.089842809408568,1,-1,-1
2021-11-23,0,22.25,22.440000534057617,21.90999984741211,22.440000534057617,19.37729263305664,38629100,28.108966252703528,0.0166259161358257,-0.0127044069637951,-0.09492826171635,0.0203168081476639,0.0467418542179341,0.0898466476541687,1,-1,-1
2021-11-24,0,22.209999084472656,23.170000076293945,22.13999938964844,23.040000915527344,19.895404815673828,46131500,28.44885199293203,0.0263868935934004,0.0241720654589819,-0.0479222114672265,0.0203190764241571,0.0467358082761126,0.0898367239550819,1,1,-1
2021-11-25,0,23.100000381469727,23.489999771118164,23.049999237060547,23.25,20.07674217224121,17767700,26.02332922538246,0.0090732479620181,0.0292992927574656,0.0003065263143486,0.0203162837225839,0.0467307105643806,0.0898214326234959,1,1,0
2021-11-26,0,22.76000022888184,22.959999084472656,22.479999542236328,22.809999465942383,19.696792602539062,32284000,25.42797504675696,-0.0191062288077702,0.0269627017361441,-0.0381526545720398,0.020315958898715,0.0467251592087103,0.0898097161128518,-1,1,-1
2021-11-29,0,23.06999969482422,23.190000534057617,22.600000381469727,22.65999984741211,19.56726837158203,33714000,25.17318231119654,-0.0065976212127501,0.0288568007774177,-0.0338576765451924,0.0203129045110849,0.0467199746299444,0.0897973268327468,-1,1,-1
2021-11-30,0,22.68000030517578,22.75,22.049999237060547,22.3799991607666,19.325483322143555,61042700,28.059698678389587,-0.0124335848598033,0.0139486228109205,-0.053844616152202,0.0203107990323034,0.0467126220724701,0.0897886856666053,-1,1,-1
2021-12-01,0,22.559999465942383,22.920000076293945,22.200000762939453,22.21999931335449,19.202465057373047,23849300,27.548606215426872,-0.0063859451647171,-0.0090632384896223,-0.0581384309241621,0.0203077232591569,0.0467050938410576,0.0897810466173048,-1,-1,-1
2021-12-02,0,22.440000534057617,23.15999984741211,22.34000015258789,23.059999465942383,19.928390502929688,31354000,27.49663660429941,0.0371067142613619,0.0016565821783391,0.0027086244054004,0.0203156236787885,0.0466971746718814,0.0897657538621752,1,0,0
2021-12-03,0,22.96999931335449,23.600000381469727,22.81999969482422,22.979999542236328,19.859254837036133,35504500,28.13846543643781,-0.0034752363395037,-0.0108919021231828,-0.0398201798633502,0.0203123001187322,0.0466898046034294,0.0897543383197728,-1,-1,-1
2021-12-06,0,23.100000381469727,23.770000457763672,23.0,23.25,20.092586517333984,37250600,29.028674859573613,0.0116807799277841,0.0198951066123715,-0.0375912729158165,0.0203099562530787,0.0466831391733769,0.0897425533905519,1,1,-1
2021-12-07,0,23.6200008392334,23.63999938964844,22.799999237060547,22.959999084472656,19.84196662902832,30697500,28.453320194847983,-0.0125516956559233,0.0139410321691984,0.0040608521049891,0.0203078818538038,0.0466758048011491,0.0897272722643668,-1,1,0
2021-12-08,0,23.09000015258789,23.13999938964844,22.450000762939453,22.739999771118164,19.65184593200684,37934300,27.74221445657764,-0.0096279469279387,0.0167466701010632,0.0065961519310282,0.0203052570498197,0.0466687581728833,0.0897119984387684,-1,1,0
2021-12-09,0,22.780000686645508,22.790000915527344,21.950000762939453,22.1299991607666,19.12468147277832,27963900,28.47707779867381,-0.0271915499075005,-0.00405893464172,-0.0153370012657609,0.0203080781440395,0.04666096547966,0.0896975437442177,-1,0,-1
2021-12-10,0,22.280000686645508,22.43000030517578,21.8700008392334,22.15999984741211,19.150617599487305,20695800,27.48855428203077,0.0013552411768075,-0.0398104077262744,-0.0038246803365487,0.0203046582637236,0.0466592196828723,0.0896824430361535,0,-1,0
2021-12-13,0,22.200000762939453,22.420000076293945,21.56999969482422,21.56999969482422,18.640735626220703,48532100,28.49948173418108,-0.0269856923278548,-0.0633208637146255,-0.0557951875568639,0.0203073802527353,0.0466664894043079,0.0896742829055221,-1,-1,-1
2021-12-14,0,21.76000022888184,22.15999984741211,21.68000030517578,21.780000686645508,18.822208404541016,31477500,26.07637536187648,0.0096881973614421,-0.0653134462809678,-0.0439401190201547,0.0203046993287821,0.0466746904444557,0.0896636412364937,1,-1,-1
2021-12-15,0,21.90999984741211,21.96999931335449,21.3799991607666,21.709999084472656,18.76172065734864,31720900,26.642423534187465,-0.003218811919192,-0.0559805625442365,-0.0449876458039348,0.0203013702749828,0.0466786868195657,0.0896532001152416,-1,-1,-1
2021-12-16,0,21.89999961853028,21.959999084472656,21.56999969482422,21.93000030517578,18.951847076416016,25157900,26.031508690138946,0.0100827389824394,-0.0362698766338584,-0.0244153279921188,0.0202987555167228,0.0466759068097643,0.0896396420686583,1,-1,-1
2021-12-17,0,21.6299991607666,21.850000381469727,21.31999969482422,21.450000762939453,18.537029266357425,35280000,25.820616704793128,-0.0221310842760613,-0.0312094110024193,-0.0504924329317146,0.0202994778524499,0.0466718424855299,0.0896303144809342,-1,-1,-1
2021-12-20,0,21.479999542236328,21.489999771118164,20.90999984741211,21.1200008392334,18.251853942871094,22342400,24.4148329565639,-0.0155036527736106,-0.0480683049528374,-0.0492264479188765,0.020298103859341,0.0466727677378742,0.0896207238274806,-1,-1,-1
2021-12-21,0,21.190000534057617,21.309999465942383,21.030000686645508,21.14999961853028,18.277774810791016,24891800,23.778804233316013,0.0014191697619045,-0.0196634428630779,-0.0393155579029481,0.0202946953067253,0.0466664714109302,0.0896092756268636,0,-1,-1
2021-12-22,0,21.229999542236328,21.309999465942383,20.96999931335449,21.229999542236328,18.346908569335938,18091300,22.072243074315388,0.0037752594302911,-0.0255763807942288,-0.0380148915793508,0.0202913822867745,0.046661198023479,0.0895976149132169,1,-1,-1
2021-12-23,0,21.32999992370605,21.56999969482422,21.170000076293945,21.34000015258789,18.441970825195312,22377000,21.568293288193452,0.0051680001675774,-0.0171895687074592,-0.0494728075475989,0.020288169630746,0.0466545540942024,0.0895880825598833,1,-1,-1
2021-12-27,0,21.479999542236328,21.700000762939453,21.309999465942383,21.559999465942383,18.632089614868164,14025800,21.01118284762179,0.010256252159816,-0.0170160555300826,-0.0656034489811834,0.020285592620344,0.0466478898740024,0.0895823826177165,1,-1,-1
2021-12-28,0,21.6299991607666,21.700000762939453,21.39999961853028,21.479999542236328,18.56295394897461,15294200,18.449570308804955,-0.0037174708718244,0.0013975578741542,-0.0783941678150261,0.0202823059957856,0.0466400255409572,0.0895804149342281,-1,0,-1
2021-12-29,0,21.530000686645508,21.57999992370605,21.229999542236328,21.299999237060547,18.407400131225582,12856100,16.981236772042546,-0.0084151066208213,0.0084861040269436,-0.067703045628077,0.0202795094716091,0.0466323552656959,0.0895752772340275,-1,1,-1
2021-12-30,0,21.440000534057617,21.440000534057617,20.950000762939453,20.950000762939453,18.104930877685547,39997300,17.513597585682888,-0.0165684394541172,-0.0095015051890781,-0.0776738638694441,0.0202784300157479,0.046624914947646,0.0895730698842891,-1,-1,-1
2022-01-03,0,21.170000076293945,21.809999465942383,21.09000015258789,21.51000022888184,18.60455894470215,32852900,18.068304955824324,0.0272223298872481,0.0139455652678788,-0.0380179491223926,0.0202810748447897,0.0466176462931503,0.0895614183446364,1,1,-1
2022-01-04,0,21.6200008392334,22.18000030517578,21.43000030517578,22.1200008392334,19.132164001464844,43948600,18.839326013438797,0.0279642426439796,0.0367418077442809,-0.0036677613136956,0.0202840501144584,0.0466143498023705,0.0895464029999243,1,1,0
2022-01-05,0,22.09000015258789,22.21999931335449,21.530000686645508,21.700000762939453,18.768892288208008,31642900,19.607320393527427,-0.0191700640397299,0.007315491544735,-0.0599445396147875,0.0202837530926574,0.0466066372480554,0.0895392422015081,-1,1,-1
2022-01-06,0,21.63999938964844,22.239999771118164,21.520000457763672,22.13999938964844,19.149463653564453,35855900,20.56324705005908,0.0200738737435982,0.0311068361601576,-0.0363954295316856,0.0202836135146232,0.0466020133184365,0.0895273439484009,1,1,-1
2022-01-07,0,22.09000015258789,22.64999961853028,21.8799991607666,22.6299991607666,19.57327079772949,42886300,22.6574786776063,0.0218901931064895,0.0614121358874683,-0.0261860163529804,0.0202840961206659,0.0466072300051748,0.0895140483077229,1,1,-1
2022-01-10,0,22.56999969482422,22.8799991607666,22.309999465942383,22.84000015258789,19.7549057006836,41593900,24.34525592161817,0.0092369497173372,0.0872175250589226,-0.00439737097972,0.0202813638716302,0.0466260232580913,0.0894990847439397,1,1,0
2022-01-11,0,22.790000915527344,23.350000381469727,22.700000762939453,23.350000381469727,20.196025848388672,55923800,27.92752159183668,0.0220839944609973,0.082079189632672,0.0273145704092161,0.0202819130316418,0.046641693380362,0.0894848961824946,1,1,1
2022-01-12,0,23.26000022888184,23.5,22.93000030517578,23.25,20.109525680541992,41687000,30.21526434953203,-0.0042922276146254,0.0498227193740668,0.0502138927020911,0.0202786800485169,0.0466423235048297,0.0894736279816128,-1,1,1
2022-01-13,0,23.09000015258789,23.81999969482422,23.049999237060547,23.68000030517578,20.4814453125,43414600,32.90800881910751,0.0183257523227744,0.0873185357365711,0.067184403848058,0.0202779866614443,0.046661089682371,0.0894657978124803,1,1,1
2022-01-14,0,23.56999969482422,23.850000381469727,23.40999984741211,23.5,20.325756072998047,29923100,32.429585586863375,-0.0076305156751436,0.0596141463178294,0.0865395805007693,0.0202750988086282,0.0466654539062568,0.0894632078967436,-1,1,1
2022-01-17,0,23.459999084472656,23.75,23.14999961853028,23.5,20.325756072998047,17607200,31.384197983564285,0.0,0.0377239532113401,0.0768513831393272,0.0202717016699734,0.0466623657708849,0.0894578133046357,0,1,1
2022-01-18,0,23.38999938964844,23.959999084472656,23.270000457763672,23.63999938964844,20.44684410095215,43591400,31.592482901858737,0.0059396939825142,0.0344266974765171,0.0860098890410336,0.0202685748574996,0.0466584545668581,0.0894550497099977,1,1,1
2022-01-19,0,23.81999969482422,24.07999992370605,23.39999961853028,23.479999542236328,20.30846405029297,30925300,31.73337527718433,-0.0067908004487611,0.0055519025667585,0.0691363496098332,0.0202655883339839,0.0466506892448637,0.0894476748174555,-1,1,1
2022-01-20,0,23.540000915527344,23.670000076293945,23.18000030517578,23.290000915527344,20.144119262695312,25941700,31.056425938534904,-0.0081253496476716,0.0017187805337123,0.0831420842382228,0.0202627726123311,0.0466428668557331,0.0894440434700154,-1,0,1
2022-01-21,0,23.18000030517578,23.64999961853028,23.1200008392334,23.299999237060547,20.15277671813965,37666700,30.724915630873205,0.0004296834962997,-0.0161772882927623,0.0990754205081332,0.0202593819677507,0.0466361611226956,0.0894455618457492,0,-1,1
2022-01-24,0,23.350000381469727,23.549999237060547,22.8700008392334,23.270000457763672,20.126827239990234,39648100,30.627145569745878,-0.0012884675711503,-0.0098352401887689,0.0963677831750782,0.0202560117200073,0.046628800964879,0.0894461251908123,0,-1,1
2022-01-25,0,23.059999465942383,24.14999961853028,23.0,24.11000061035156,20.853364944458008,39351600,29.35277263788484,0.0354617097298087,0.0256264695410396,0.1280542334745957,0.0202628677222132,0.0466230954079969,0.0894594309132326,1,1,1
2022-01-26,0,24.32999992370605,24.5,23.809999465942383,24.3700008392334,21.0782470703125,55882300,30.75411809889508,0.0107262407116853,0.0304130162702107,0.1336124740187037,0.0202603869832941,0.0466183058544064,0.0894753309520849,1,1,1
2022-01-27,0,24.489999771118164,24.920000076293945,24.200000762939453,24.489999771118164,21.18203353881836,41544700,30.716184969872035,0.0049117836261004,0.0421156003450722,0.1282680054849881,0.0202571805929432,0.0466164436041598,0.0894886732554575,1,1,1
2022-01-28,0,24.15999984741211,24.809999465942383,24.1299991607666,24.790000915527344,21.441516876220703,29444700,30.811628860265472,0.0121757357393537,0.0624166857320977,0.1441612120961663,0.0202549696650339,0.046621982796298,0.0895097981564886,1,1,1
2022-01-31,0,24.670000076293945,25.51000022888184,24.520000457763672,25.32999992370605,21.908571243286133,44244800,33.33483253336249,0.0215488577011926,0.0835358599369905,0.1741251764181802,0.0202553260771393,0.0466383401077733,0.0895481732745198,1,1,1
2022-02-01,0,25.290000915527344,25.690000534057617,25.18000030517578,25.489999771118164,22.06233596801757,28772200,32.27627904789751,0.0069939585636162,0.0918182860717571,0.1976875744359137,0.0202523182768044,0.0466597796577887,0.0896024172782675,1,1,1
2022-02-02,0,25.46999931335449,25.51000022888184,24.920000076293945,25.09000015258789,21.716127395629883,34506100,32.776798959419615,-0.0158167173216214,0.0405398590203271,0.154648527227044,0.0202510672963682,0.046657431712977,0.089629023749141,-1,1,1
2022-02-03,0,25.200000762939453,25.530000686645508,24.709999084472656,25.3799991607666,21.967124938964844,41713800,34.40165491673067,0.0114918323242289,0.0413054506328706,0.1381761169072934,0.020248728669131,0.0466552975194592,0.0896468871570709,1,1,1
2022-02-04,0,25.239999771118164,25.76000022888184,25.200000762939453,25.459999084472656,22.0363712310791,34593900,34.41500596874069,0.0031473112503143,0.0395409782570844,0.1604934921973376,0.0202454201101914,0.0466526698056398,0.0896767195148213,1,1,1
2022-02-07,0,25.450000762939453,25.549999237060547,25.229999542236328,25.31999969482422,21.915191650390625,23095300,33.21067119553136,-0.0055142470393273,0.0218509954784035,0.1349053714144122,0.0202423188639982,0.0466463513796611,0.0896928962216202,-1,1,1
2022-02-08,0,25.280000686645508,25.71999931335449,25.030000686645508,25.600000381469727,22.15755081176757,37333900,33.23796609228553,0.0109982538342162,0.0113003916114271,0.124013432142139,0.0202398946755395,0.0466389022324501,0.0897039983745682,1,1,1
2022-02-09,0,24.950000762939453,25.40999984741211,24.56999969482422,24.57999992370605,21.274703979492188,89075400,36.19730617177007,-0.0406595724810778,-0.0363531394332669,0.0741169099437241,0.020250298875332,0.0466362637232614,0.0896976727729126,-1,-1,1
2022-02-10,1,24.549999237060547,25.309999465942383,24.459999084472656,25.049999237060547,21.68149948120117,60312100,37.96203449923238,0.0189405780865353,-0.0015958440251101,0.070973493569262,0.0202497993822198,0.04662851819415,0.0896905609887867,1,0,1
2022-02-11,0,26.350000381469727,27.0,26.170000076293945,26.530000686645508,22.96248245239257,160669900,50.58109503428911,0.0574023479137896,0.0443146715644504,0.132668069097677,0.0202732598151565,0.0466272779975122,0.0897055775451188,1,1,1
2022-02-14,0,26.600000381469727,26.690000534057617,26.270000457763672,26.46999931335449,22.91054916381836,37990400,50.172737167792704,-0.0022642196921216,0.0389031406220144,0.1120780970827809,0.0202699379553809,0.0466244853139794,0.0897116027271994,-1,1,1
2022-02-15,0,26.799999237060547,26.89999961853028,26.5,26.71999931335449,23.126934051513672,29422800,50.36122501282518,0.0094004478979337,0.0538178355592754,0.1291090606558582,0.0202672490023311,0.0466264638456543,0.0897249011727188,1,1,1
2022-02-16,0,26.780000686645508,26.8700008392334,26.3799991607666,26.440000534057617,22.884580612182617,39195100,50.97040044596152,-0.0105345665060134,0.0322850152190457,0.1185744941498448,0.0202648362160479,0.0466220579935109,0.0897335355606948,-1,1,1
2022-02-17,0,26.39999961853028,26.479999542236328,25.959999084472656,26.06999969482422,22.56434440612793,33710600,50.3280061055596,-0.0140923687713231,0.0588522189288003,0.0985424313960073,0.0202631586633025,0.0466259934129974,0.089734483461906,-1,1,1
2022-02-18,0,26.21999931335449,26.549999237060547,26.059999465942383,26.170000076293945,22.6509017944336,26411900,49.65096551107574,0.0038286861762331,0.0437403270184982,0.1091619180210017,0.0202598942906072,0.0466245598237711,0.08973929398837,1,1,1
2022-02-21,0,26.229999542236328,26.280000686645508,25.229999542236328,25.530000686645508,22.0969467163086,22419500,49.6066655693199,-0.0247602241142859,-0.0384222450095771,0.0925270435543875,0.0202616632428281,0.0466225287601077,0.0897382103707974,-1,-1,1
2022-02-22,0,25.75,26.13999938964844,25.489999771118164,25.75,22.29930877685547,30290000,48.98033553436095,0.0091162400861364,-0.027041785231319,0.1012136001442241,0.0202589403459831,0.0466177044199331,0.089740056731353,1,-1,1
2022-02-23,0,25.770000457763672,26.07999992370605,25.32999992370605,25.38999938964844,21.987546920776367,22512000,43.202924952079336,-0.0140794373956559,-0.0505216705249087,0.0884226303197185,0.0202572613434226,0.0466196487915124,0.0897376642986607,-1,-1,1
2022-02-24,0,24.75,25.1299991607666,24.34000015258789,24.959999084472656,21.61516761779785,44033200,41.73441365364202,-0.017080971248893,-0.0570680752677884,0.0358799493410167,0.020256361066608,0.0466241714105779,0.0897243068884977,-1,-1,1
2022-02-25,0,24.8700008392334,25.5,24.809999465942383,25.46999931335449,22.05682182312012,38897100,30.050452550545263,0.0202266609905981,-0.0227490455058672,0.0453803696199295,0.020256267449494,0.0466185316433817,0.0897121746083578,1,-1,1
2022-03-02,0,25.170000076293945,25.40999984741211,24.90999984741211,25.030000686645508,21.690820693969727,32470700,29.365183159695448,-0.0167327722199763,-0.0433105039020766,0.0237358137738526,0.0202552704378419,0.0466179649915764,0.0896977599860238,-1,-1,1
2022-03-03,0,25.040000915527344,25.850000381469727,24.700000762939453,25.049999237060547,21.70815086364746,44542900,30.547368040147585,0.0007986442985576,-0.017751635489233,0.0123587223330566,0.0202519135220826,0.0466115495821239,0.0896828500109957,0,-1,1
2022-03-04,0,25.06999969482422,25.1299991607666,24.280000686645508,24.670000076293945,21.37885093688965,30335300,29.522218918241247,-0.0152856464707573,-0.0421535220461268,-0.0244757818388933,0.0202505317182477,0.0466106137369256,0.0896696270031327,-1,-1,-1
2022-03-07,0,24.270000457763672,24.450000762939453,24.020000457763672,24.13999938964844,20.919551849365234,52861500,30.94661582072779,-0.0217179425331838,-0.0497920271836547,-0.0531876829356934,0.0202511227302699,0.046612258332168,0.089661219370125,-1,-1,-1
2022-03-08,0,24.229999542236328,24.459999084472656,23.790000915527344,23.90999984741211,20.7202377319336,43482500,32.19577221790227,-0.0095733259784123,-0.042284381913174,-0.0469442915924844,0.020248555049058,0.0466113538226372,0.0896515060989133,-1,-1,-1
2022-03-09,0,24.209999084472656,25.309999465942383,24.15999984741211,25.100000381469727,21.75148582458496,51596800,34.78270528532183,0.0485711781010541,-0.0139398648027179,-0.0098649458156592,0.0202642977223381,0.0466044701712025,0.0896370296037779,1,-1,-1
2022-03-10,0,24.739999771118164,25.1200008392334,24.479999542236328,25.1200008392334,21.7688217163086,29614400,34.65570975415701,0.0007966806128045,0.0035895880300629,-0.0122155764531689,0.0202609448470339,0.0465967562150686,0.0896227102920949,0,0,-1
2022-03-11,0,25.229999542236328,25.59000015258789,24.780000686645508,24.84000015258789,21.52617073059082,42938400,36.42728866672611,-0.0112093114112929,-0.0084183676797878,-0.0179106408251345,0.0202586642190487,0.0465893810240305,0.089608846685297,-1,-1,-1
2022-03-14,0,25.020000457763672,25.540000915527344,25.01000022888184,25.190000534057617,21.8294734954834,32010100,35.3831913968285,0.0139916137011716,0.0208588924921412,-0.0149172809581791,0.020256854202166,0.0465829917159213,0.0895947386319076,1,1,-1
2022-03-15,0,25.11000061035156,25.440000534057617,24.700000762939453,25.100000381469727,21.75148582458496,36823300,35.14804210652993,-0.0035789829026833,0.0389978521226418,0.0221633086202153,0.0202536233758887,0.0465802707246175,0.0895802934775483,-1,1,1
2022-03-16,0,25.350000381469727,25.65999984741211,25.13999938964844,25.59000015258789,22.176109313964844,40371600,35.93607866756044,0.0193334834014402,0.0679046615024945,0.0225562139351202,0.0202532459277666,0.0465882184754366,0.089565879009821,1,1,1
2022-03-17,0,25.63999938964844,26.190000534057617,25.459999084472656,26.14999961853028,22.66140365600586,43343500,35.99913416015814,0.0216476455236679,0.040981128925108,-0.0131984884550014,0.0202536307176834,0.0465860304888141,0.0895516639648445,1,1,-1
2022-03-18,0,26.09000015258789,26.600000381469727,26.06999969482422,26.34000015258789,22.82606315612793,64791300,39.42578017025217,0.0072398060774684,0.0474242543897719,-0.0036944626854114,0.020250680586625,0.0465857919907365,0.0895369412633693,1,1,0
2022-03-21,0,26.440000534057617,27.09000015258789,26.36000061035156,26.989999771118164,23.38934326171875,35962600,38.333501984488166,0.0243774984863412,0.0830110642874063,0.0112825879029962,0.0202520752730585,0.0466016289919091,0.089522096532996,1,1,1
2022-03-22,0,27.200000762939453,27.530000686645508,27.100000381469727,27.36000061035156,23.709985733032227,36841300,38.22018350563663,0.0136157958849115,0.0826352464711461,0.035432950293921,0.0202501815217244,0.0466172180446764,0.0895088054220951,1,1,1
2022-03-23,0,27.38999938964844,27.63999938964844,27.170000076293945,27.239999771118164,23.60598564147949,27002700,36.21931031156005,-0.0043959895998161,0.0818182397740132,0.0451293294654281,0.0202470167512315,0.0466323093693546,0.0894967498110725,-1,1,1
2022-03-24,0,27.32999992370605,27.729999542236328,27.229999542236328,27.420000076293945,23.761972427368164,47516300,38.21823868301128,0.0065861969193456,0.0690709532919186,0.0478868402085404,0.0202439995764306,0.0466407063351952,0.0894851119664345,1,1,1
2022-03-25,0,27.520000457763672,27.520000457763672,27.1299991607666,27.46999931335449,23.8053035736084,32076700,37.55509175103997,0.0018218894109064,0.0492451971791571,0.0744689537337328,0.0202406791587937,0.0466410140831338,0.0894789070200351,0,1,1
2022-03-28,0,27.540000915527344,27.709999084472656,27.1200008392334,27.450000762939453,23.787975311279297,21545700,36.78658943940067,-0.0007281811003903,0.0412772100012984,0.0646245325472061,0.0202373493419121,0.0466388580570234,0.0894703851819013,0,1,1
2022-03-29,0,27.709999084472656,28.07999992370605,27.38999938964844,27.770000457763672,24.065284729003903,29866600,36.447334950962016,0.0115901203701742,0.0284898318851313,0.0902940903130363,0.0202350545217848,0.046633696053243,0.0894686500407266,1,1,1
2022-03-30,0,27.84000015258789,27.959999084472656,27.520000457763672,27.82999992370605,24.11728286743164,32984400,36.03554595158344,0.0021583805599499,0.0170324165601697,0.1095334421218793,0.0202317481184192,0.046626828218795,0.0894735915383252,1,1,1
2022-03-31,0,27.8799991607666,28.0,27.290000915527344,27.479999542236328,23.813974380493164,40900900,36.00166078119927,-0.0126561476980627,0.0087722584619233,0.0766506334332185,0.0202297782822492,0.0466193095130602,0.0894679319562468,-1,1,1
2022-04-01,0,27.700000762939453,27.8799991607666,27.32999992370605,27.540000915527344,23.88130569458008,40154500,33.85591914884451,0.0028233971457537,0.0050094586883312,0.0962068027989486,0.0202264989686054,0.0466116567546924,0.0894680783260809,1,1,1
2022-04-04,0,27.450000762939453,27.51000022888184,27.020000457763672,27.290000915527344,23.664520263671875,25127700,32.83870506783926,-0.0091190731810725,-0.0059315039036476,0.0862890853193183,0.020223887915119,0.0466041766283962,0.089465093920555,-1,-1,1
2022-04-05,0,27.229999542236328,27.270000457763672,26.6200008392334,26.739999771118164,23.18759536743164,36756100,32.75113571758073,-0.0203594379357073,-0.0255627607389646,0.0812152938543682,0.0202240245588402,0.046599125255675,0.0894606487998036,-1,-1,1
2022-04-06,0,26.56999969482422,26.90999984741211,26.459999084472656,26.729999542236328,23.17890930175781,33712300,33.3453089197959,-0.0003746698543448,-0.0375275509634838,0.1025585665332071,0.0202207002722041,0.0465968884492993,0.0894629580105353,0,-1,1
2022-04-07,0,26.51000022888184,26.76000022888184,26.40999984741211,26.709999084472656,23.161577224731445,23594000,30.94117156675487,-0.0007480317594265,-0.0404339632828602,0.111383860752193,0.0202173826838031,0.0465954851502935,0.0894685393845896,0,-1,1
2022-04-08,0,26.559999465942383,26.89999961853028,26.40999984741211,26.65999984741211,23.118209838867188,26169900,30.286729139719533,-0.0018741399349265,-0.0296519555197241,0.0609385427162123,0.0202140957093834,0.0465912802547482,0.0894592223217328,0,-1,1
2022-04-11,0,26.600000381469727,26.729999542236328,26.440000534057617,26.559999465942383,23.031497955322266,27257100,30.762282556069067,-0.0037578563215745,-0.0362332089870523,0.0563840057818333,0.0202109048805493,0.0465886850233528,0.089449027109453,-1,-1,1
2022-04-12,0,26.799999237060547,26.89999961853028,26.01000022888184,26.09000015258789,22.62393569946289,29830700,30.581291843696214,-0.0178543077982585,-0.0449684436042382,0.0497390093948677,0.0202102535164705,0.0465886954197394,0.0894376892450749,-1,-1,1
2022-04-13,0,26.280000686645508,26.540000915527344,25.96999931335449,26.15999984741211,22.68463706970215,33866300,30.468846780264,0.0026794667254627,-0.0219295389430682,0.0384268624191587,0.0202069809891414,0.0465829918071558,0.0894247821914618,1,-1,1
2022-04-14,0,26.06999969482422,26.46999931335449,26.01000022888184,26.32999992370605,22.8320541381836,23626400,28.67557035540865,0.0064775175881941,-0.0150773515005291,0.0484833629100362,0.0202039763067652,0.0465763156448073,0.0894132549361624,1,-1,1
2022-04-18,0,26.239999771118164,26.559999465942383,26.209999084472656,26.479999542236328,22.962127685546875,21008600,26.70912049929342,0.0056808045035024,-0.0086485152376002,0.0348306840120985,0.0202008977051768,0.0465690299068528,0.0893999576380285,1,-1,1
2022-04-19,0,26.520000457763672,26.61000061035156,25.75,26.01000022888184,22.5545654296875,34452800,27.46193344288477,-0.0179087328528889,-0.0246831081555625,-0.0047256943644583,0.0202002658080851,0.0465638177627418,0.0893854179095303,-1,-1,0
2022-04-20,0,26.020000457763672,26.25,25.86000061035156,26.18000030517578,22.70198631286621,25141300,26.30020252563892,0.006514919892565,-0.014410331941423,-0.0054505805493616,0.0201972692922102,0.0465570726612882,0.0893709163391805,1,-1,0
2022-04-22,0,25.89999961853028,26.020000457763672,25.459999084472656,25.670000076293945,22.25973320007324,30691800,25.89488326768602,-0.0196730632742272,-0.0162290874173916,-0.0495011423099302,0.0201971834974526,0.0465505476925764,0.0893619523525069,-1,-1,-1
2022-04-25,0,25.5,25.64999961853028,25.09000015258789,25.56999969482422,22.173019409179688,37319000,27.054437581523967,-0.0039031523319554,-0.0228117064748097,-0.0670200905267972,0.0201940127062344,0.0465450063416859,0.089357179203738,-1,-1,-1
2022-04-26,0,25.26000022888184,25.5,24.64999961853028,24.700000762939453,21.418601989746094,42222700,28.289710648836568,-0.03461641151797,-0.0639056355809741,-0.0972405124449511,0.0202005680614456,0.046552493273129,0.089362287649058,-1,-1,-1
2022-04-27,0,24.989999771118164,25.100000381469727,24.39999961853028,24.5,21.24517059326172,24438200,27.84166108796955,-0.0081301929623955,-0.0777166330468722,-0.1119569023266923,0.0201978271375842,0.0465670084918302,0.0893734092672249,-1,-1,-1
2022-04-28,0,24.51000022888184,24.59000015258789,24.059999465942383,24.299999237060547,21.07174301147461,36337300,28.21635887448016,-0.0081966541504244,-0.0680045543444077,-0.1219754458880232,0.0201950963229643,0.0465764063785456,0.0893890636176604,-1,-1,-1
2022-04-29,0,24.459999084472656,24.950000762939453,23.8700008392334,23.8700008392334,20.698869705200195,44972900,28.887510116077227,-0.017853854024702,-0.0923733282616749,-0.1391011188123349,0.0201944430135599,0.0465997981561971,0.0894133268268358,-1,-1,-1
2022-05-02,0,23.8700008392334,24.07999992370605,23.440000534057617,23.75,20.61004447937012,39307400,30.00450913465437,-0.0043005421218547,-0.0770008071093023,-0.1549917813043639,0.0201913041715423,0.0466138276176223,0.0894465184738367,-1,-1,-1
2022-05-03,0,23.799999237060547,24.15999984741211,23.68000030517578,23.8700008392334,20.714187622070312,26213300,30.25451447839941,0.0050403048226679,-0.0680573499546789,-0.1521098570416459,0.020188187666486,0.0466231785390441,0.0894779491632933,1,-1,-1
2022-05-04,0,23.76000022888184,23.84000015258789,23.39999961853028,23.84000015258789,20.688152313232425,47436400,31.09757672809721,-0.0012576734701629,-0.0346986119068718,-0.1407113828137462,0.0201849034478426,0.046620130455059,0.0895029186365133,0,-1,-1
2022-05-05,0,23.59000015258789,23.59000015258789,22.89999961853028,23.290000915527344,20.210857391357425,40419500,32.11334104644938,-0.0233412297673052,-0.0499096487117815,-0.1668760097268052,0.0201861033478149,0.0466217544825698,0.0895432232962328,-1,-1,-1
2022-05-06,0,23.280000686645508,24.21999931335449,23.270000457763672,23.790000915527344,20.644760131835938,60450700,34.44399404310285,0.0212415859352683,-0.0204714086260887,-0.1365153506104642,0.0201863791445166,0.0466158037797158,0.0895658491787428,1,-1,-1
2022-05-09,1,23.739999771118164,23.89999961853028,23.01000022888184,23.450000762939453,20.34971237182617,56328300,35.759485902951965,-0.0143947628394669,-0.0170123174408536,-0.1305506755142239,0.0201848118877379,0.0466093656261156,0.0895853730189032,-1,-1,-1
2022-05-10,0,23.59000015258789,23.739999771118164,23.170000076293945,23.32999992370605,20.245574951171875,35596800,35.00155377507802,-0.0051305289825339,-0.0178423043015329,-0.1353065346424131,0.0201817467990027,0.0466030397516381,0.0896072819585296,-1,-1,-1
2022-05-11,0,23.3799991607666,24.21999931335449,23.3700008392334,24.11000061035156,20.922452926635746,56707700,37.7550574154852,0.0328866362868273,0.0100040271626264,-0.1016718665961591,0.020187078829993,0.046595676433174,0.0896137946180848,1,1,-1
2022-05-12,0,23.93000030517578,24.670000076293945,23.93000030517578,24.489999771118164,21.25221443176269,54505100,39.37539181437534,0.0156382134642156,0.0268999140970053,-0.0841595131970169,0.020185701064153,0.0465903376071069,0.0896139418730786,1,1,-1
2022-05-13,0,24.690000534057617,24.920000076293945,24.5,24.780000686645508,21.50387382507324,26232500,37.86183519163849,0.0117719983192799,0.0620131421835904,-0.0686296585561624,0.0201834814246301,0.0465956015077373,0.0896093948282653,1,1,-1
2022-05-16,0,24.850000381469727,25.309999465942383,24.6200008392334,25.040000915527344,21.72950935363769,27307700,36.967435741706616,0.0104381179835768,0.0512096742318991,-0.0403372327743269,0.0201810281749759,0.046596673741878,0.0895985862268284,1,1,-1
2022-05-17,0,25.36000061035156,25.6200008392334,25.209999084472656,25.26000022888184,21.920413970947266,27319700,37.19799222968162,0.0087471326399136,0.0743515697112797,-0.0342695668598759,0.0201783203628887,0.0466076859771508,0.0895868213943195,1,1,-1
2022-05-18,0,25.18000030517578,25.3700008392334,24.84000015258789,24.89999961853028,21.60800552368164,38034400,36.53971378468127,-0.0143544753157953,0.0651276233780184,-0.0551015597638656,0.0201767536664597,0.0466142662673501,0.0895789166314511,-1,1,-1
2022-05-19,0,24.920000076293945,25.1299991607666,24.690000534057617,24.81999969482422,21.538589477539062,22627000,35.17978223712844,-0.0032176864029351,0.0290233006882558,-0.0640000506703031,0.0201735620521962,0.0466093098952739,0.0895731423385409,-1,1,-1
2022-05-20,0,25.09000015258789,25.229999542236328,24.850000381469727,25.1299991607666,21.807598114013672,38015900,33.450957934962624,0.0124122606914206,0.0257973479154607,-0.0336790571259936,0.0201714703999626,0.0466037694000407,0.089561299876297,1,1,-1
2022-05-23,0,25.290000915527344,26.0,25.280000686645508,25.780000686645508,22.37166976928711,38506300,32.27566583416803,0.0255369695466508,0.0395623191428314,-0.0146570074719079,0.0201733465011344,0.0466012334425395,0.0895473761344383,1,1,-1
2022-05-24,0,25.68000030517578,26.299999237060547,25.549999237060547,26.170000076293945,22.71010971069336,39253600,32.98037560137821,0.0150147710910803,0.0441389722503348,0.0200308268933995,0.0201718189958174,0.0465999870852722,0.0895330672336929,1,1,1
2022-05-25,0,26.049999237060547,26.1299991607666,25.65999984741211,25.700000762939453,22.30224227905273,29016900,30.754852554011222,-0.0181229630064572,0.017268876603964,0.0058110162188978,0.0201712622957315,0.0465932551491834,0.0895183932922283,-1,1,0
2022-05-26,0,25.729999542236328,26.170000076293945,25.71999931335449,26.020000457763672,22.57993507385254,35188200,29.253597188272444,0.0123744592930476,0.0439978112128067,0.0528018870299153,0.0201691643158263,0.0465919643430357,0.0895077730002581,1,1,1
2022-05-27,0,26.059999465942383,26.420000076293945,25.8700008392334,26.15999984741211,22.70142364501953,24250300,29.197542416074377,0.0053659548260284,0.05258145244177,0.0662980348183392,0.0201660936339552,0.0465934747106523,0.0894998102141688,1,1,1
2022-05-30,0,26.270000457763672,26.440000534057617,25.920000076293945,25.920000076293945,22.49315643310547,17951900,28.415203981003184,-0.0092165337442987,0.0309526580060509,0.065278155224465,0.0201635385977799,0.0465889022526947,0.0894916238127994,-1,1,1
2022-05-31,0,26.200000762939453,26.39999961853028,26.020000457763672,26.15999984741211,22.70142364501953,66207900,32.14621373276445,0.0092165337442987,0.0146322222036987,0.0923485429934657,0.0201609075150867,0.0465819113983246,0.0894906622086851,1,1,1
2022-06-01,0,26.290000915527344,26.31999969482422,25.780000686645508,25.780000686645508,22.386768341064453,28494800,31.387177699578512,-0.0139575528904921,-0.0143401017778736,0.0826915322248282,0.0201592604849224,0.0465752152168188,0.0894868095816667,-1,-1,1
2022-06-02,0,26.020000457763672,26.07999992370605,25.489999771118164,25.88999938964844,22.482290267944336,17934600,31.039960987133448,0.0042578148127364,0.0080406760413199,0.0819090422148966,0.0201561144352987,0.0465677822051567,0.089482733735936,1,1,1
2022-06-03,0,25.75,25.959999084472656,25.57999992370605,25.64999961853028,22.27387809753418,19988900,29.45618208476086,-0.0093132939859522,-0.0136470772376797,0.0738534216991074,0.0201535790099321,0.0465610172068936,0.0894765352405005,-1,-1,1
2022-06-06,0,25.850000381469727,25.979999542236328,25.559999465942383,25.559999465942383,22.19572639465332,13328000,27.12211784255742,-0.0035148404952612,-0.0225278725589693,0.0936798109711514,0.0201504215362465,0.0465554746856634,0.0894759713485245,-1,-1,1
2022-06-07,0,25.46999931335449,25.690000534057617,25.3700008392334,25.559999465942383,22.19572639465332,21003200,25.367224056670644,0.0,-0.0133113388146706,0.072438225035883,0.0201471516802003,0.0465486796645739,0.0894694188448194,0,-1,1
2022-06-08,0,25.450000762939453,25.57999992370605,24.93000030517578,25.06999969482422,21.770219802856445,29201700,25.320121889073825,-0.0193567938117525,-0.0418846663707219,0.0674761940635975,0.0201469789701012,0.0465477040863252,0.0894617060133552,-1,-1,1
2022-06-09,0,25.059999465942383,25.1200008392334,24.520000457763672,24.63999938964844,21.39682006835937,38322400,25.425060178062147,-0.017300655739712,-0.0452277692199418,0.0553060673064194,0.0201461896119521,0.0465477770408219,0.0894515327706443,-1,-1,1
2022-06-10,0,24.540000915527344,24.540000915527344,23.86000061035156,24.100000381469727,20.92789077758789,35480100,26.21738188260016,-0.0221595597496603,-0.0716451437823384,0.0002598712699317,0.0201469605272081,0.0465588944816794,0.0894369901143227,-1,-1,0
2022-06-13,0,24.0,24.1299991607666,23.43000030517578,23.809999465942383,20.67605972290039,33544200,27.413110613294947,-0.0121062604574539,-0.0744381102538402,-0.027484602651738,0.0201449199089817,0.0465714411575946,0.0894244414130367,-1,-1,-1
2022-06-14,0,23.81999969482422,23.940000534057617,23.459999084472656,23.64999961853028,20.53712654113769,19980200,22.90415630072267,-0.0067421968864627,-0.0776654666450417,-0.0459987978574808,0.020142046710419,0.0465857062629702,0.0894147846863633,-1,-1,-1
2022-06-15,0,23.920000076293945,24.14999961853028,23.61000061035156,23.75,20.623966217041016,42575800,23.89524433975358,0.0042195091979927,-0.0734459574470489,-0.0522174066430649,0.0201389121138306,0.0465976815356901,0.0894063794889486,1,-1,-1
2022-06-17,0,23.34000015258789,23.57999992370605,22.920000076293945,23.450000762939453,20.36345291137696,45458600,26.051280649550584,-0.0127120379546425,-0.0668012015899389,-0.0736765772376211,0.0201369973726099,0.0466063251668591,0.0894033667679624,-1,-1,-1
2022-06-20,0,23.57999992370605,24.51000022888184,23.57999992370605,24.46999931335449,21.24919319152832,44489700,28.11511705430896,0.0425771569923734,-0.0069233888578536,-0.0167449449294525,0.0201481478853449,0.0465990102803425,0.0893897334170468,1,-1,-1
2022-06-21,0,24.559999465942383,24.64999961853028,24.09000015258789,24.209999084472656,21.023418426513672,33166000,29.771658466897616,-0.0106819476339752,0.0045542232578316,-0.0242092061604925,0.0201458451208928,0.0465914914650014,0.0893768247720716,-1,0,-1
2022-06-22,0,24.270000457763672,24.31999969482422,23.81999969482422,24.030000686645508,20.867111206054688,36820800,31.0185372885437,-0.0074626865426196,0.009197797172666,-0.0440841533945327,0.0201430618538432,0.0465841526555374,0.0893668236110453,-1,1,-1
2022-06-23,0,24.059999465942383,24.1299991607666,23.36000061035156,23.479999542236328,20.38950157165528,27097300,30.675099618258933,-0.0231541534726861,-0.0072141594135573,-0.0927752764138697,0.0201441941685224,0.0465768657879263,0.0893700100282147,-1,-1,-1
2022-06-24,0,23.690000534057617,23.729999542236328,23.299999237060547,23.440000534057617,20.3547592163086,26543500,29.52094985541281,-0.0017053868738818,-0.013139055485432,-0.1094954343788318,0.0201409674086447,0.0465700597082663,0.0893796973372115,0,-1,-1
2022-06-27,0,23.530000686645508,23.670000076293945,23.43000030517578,23.57999992370605,20.4763412475586,23202900,28.41746460286755,0.005955381520948,0.0055283639901586,-0.0854170898514263,0.0201379757266827,0.046562580016019,0.0893803095963977,1,1,-1
2022-06-28,0,23.729999542236328,23.84000015258789,23.020000457763672,23.31999969482422,20.25055503845215,34760000,28.460163380328424,-0.0110879317067393,-0.048136724708954,-0.1088794808512132,0.0201357490106923,0.0465635741065359,0.0893897002394768,-1,-1,-1
2022-06-29,0,23.46999931335449,23.68000030517578,23.0,23.07999992370605,20.04215431213379,30692300,29.305290459325526,-0.0103444314388323,-0.0477992085138112,-0.1245898671160738,0.0201333923824713,0.0465644463012762,0.0894060668562234,-1,-1,-1
2022-06-30,0,22.81999969482422,22.8799991607666,22.530000686645508,22.670000076293945,19.68611717224121,36506900,28.647512120400847,-0.0179240957956673,-0.0582606177668588,-0.1332974291674425,0.0201327808770768,0.0465692642912703,0.0894266615910156,-1,-1,-1
2022-07-01,0,22.31999969482422,22.96999931335449,22.239999771118164,22.850000381469727,19.857881546020508,34834600,27.682102059850035,0.0086873082940766,-0.0264191560000961,-0.1338266546176645,0.0201301067573906,0.046564413591953,0.0894474830581739,1,-1,-1
2022-07-04,0,22.670000076293945,22.799999237060547,22.51000022888184,22.6299991607666,19.666688919067383,8754100,24.49145319057922,-0.0096746968278037,-0.0343884659540179,-0.1295437985549761,0.0201276427004884,0.0465613198676042,0.0894661281520792,-1,-1,-1
2022-07-05,0,22.5,22.790000915527344,22.209999084472656,22.790000915527344,19.80574417114257,28623500,23.95354926532713,0.0070457185655142,-0.0332981289094516,-0.1267558948021981,0.020124770036001,0.0465579589499209,0.0894833828410337,1,-1,-1
2022-07-06,0,22.61000061035156,22.8700008392334,22.350000381469727,22.57999992370605,19.623233795166016,28122900,23.060234483869475,-0.0092577433605971,-0.0314679405633096,-0.126700344176843,0.0201222438061349,0.04655416935627,0.0895005757360096,-1,-1,-1
2022-07-07,0,22.790000915527344,23.049999237060547,22.71999931335449,22.89999961853028,19.901336669921875,40402500,24.098315061951677,0.0140726368976058,-0.0070508722268712,-0.1091128667839758,0.0201205385849598,0.046546895526499,0.089509865788369,1,-1,-1
2022-07-08,0,23.229999542236328,23.26000022888184,22.780000686645508,22.90999984741211,19.910022735595703,22090600,23.68375595880792,0.0004363611763758,0.0113095847451719,-0.1086765056076,0.0201172965978788,0.0465397288625332,0.0895189525825623,0,1,-1
2022-07-11,0,22.59000015258789,22.709999084472656,22.32999992370605,22.540000915527344,19.58847618103028,16545500,23.06061307199437,-0.0162818166151829,-0.0136595401640879,-0.1056015284110305,0.020116235017554,0.0465329969310233,0.0895267635044981,-1,-1,-1
2022-07-12,0,22.530000686645508,22.709999084472656,22.11000061035156,22.489999771118164,19.545021057128903,19713600,21.745877297714724,-0.0022208667678164,-0.0062057101041006,-0.0905217394391348,0.0201130427961207,0.0465256868991756,0.0895289056098152,-1,-1,-1
2022-07-13,0,22.3799991607666,22.739999771118164,22.290000915527344,22.39999961853028,19.46681404113769,33899300,21.930627937488715,-0.0040094048670684,-0.0172608335366834,-0.072371584556543,0.0201099473077607,0.0465193795880932,0.0895253322598383,-1,-1,-1
2022-07-14,0,22.21999931335449,22.299999237060547,21.63999938964844,22.14999961853028,19.24954414367676,48379200,22.80791923625573,-0.0112237921383659,-0.0192268823144522,-0.071489116237455,0.0201077567358525,0.0465133410006411,0.089521507243885,-1,-1,-1
2022-07-15,0,22.200000762939453,22.700000762939453,22.020000457763672,22.549999237060547,19.59716796875,31121400,22.47016349011413,0.0178976848008416,-0.0154018344112163,-0.0468492345501504,0.020107025226027,0.0465068114195972,0.0895119292805082,1,-1,-1
2022-07-18,0,22.68000030517578,23.0,22.479999542236328,22.850000381469727,19.857881546020508,20592400,23.44714669458766,0.0132159191364969,-0.002622276451095,-0.0378528246116463,0.0201051436102561,0.0464993724506036,0.0895008026831691,1,0,-1
2022-07-19,0,22.82999992370605,23.770000457763672,22.82999992370605,23.6200008392334,20.52705764770508,34974100,24.070274242779064,0.0331429175726494,0.0468024577367373,0.0080021309156459,0.0201105774875254,0.0464990553511558,0.0894863278159061,1,1,0
2022-07-20,0,23.5,23.65999984741211,23.239999771118164,23.31999969482422,20.266338348388672,29642300,24.271972835451617,-0.0127826008576663,0.0362407236468874,-0.0473576269343939,0.020108697308141,0.0464957937211307,0.0894768574316433,-1,1,-1
2022-07-21,0,23.280000686645508,23.6299991607666,22.950000762939453,23.51000022888184,20.43146324157715,21671100,22.781097023377104,0.0081147282085489,0.0483648567225048,-0.0285609510918698,0.0201059638239813,0.0464959700280725,0.089464451442054,1,1,-1
2022-07-22,0,23.600000381469727,23.700000762939453,23.09000015258789,23.26000022888184,20.214189529418945,22584600,22.850030659952324,-0.0106912187116098,0.048897430149261,-0.0317894832608598,0.0201036859569036,0.0464963155542158,0.0894524639202713,-1,1,-1
2022-07-25,0,23.39999961853028,23.76000022888184,23.190000534057617,23.600000381469727,20.50967788696289,32174800,24.23568925390946,0.0145120570362437,0.0455118023846629,0.0058767272480698,0.0201020885195389,0.0464955821556369,0.0894380029948963,1,1,0
2022-07-26,0,23.6299991607666,23.89999961853028,23.31999969482422,23.46999931335449,20.39669609069824,21699100,24.47208601068928,-0.0055239353954367,0.0267719478527291,0.0020581787265149,0.0200991255499634,0.0464903386222129,0.0894235667583676,-1,1,0
2022-07-27,0,23.6200008392334,23.799999237060547,23.39999961853028,23.549999237060547,20.46622467041016,24062500,23.781130101856405,0.0034030189479886,-0.0029679507719316,-0.0004941838464445,0.0200959808060694,0.0464829311281958,0.0894091786865327,1,0,0
2022-07-28,0,23.549999237060547,23.729999542236328,23.290000915527344,23.700000762939453,20.596580505371094,23629900,21.946552728990262,0.0063491167884676,0.0161637668742023,0.0169428646487625,0.0200930562454358,0.0464762187110348,0.0893949851500576,1,1,1
2022-07-29,0,23.739999771118164,23.979999542236328,23.46999931335449,23.6200008392334,20.52705764770508,29583800,21.935729139371013,-0.003381166016536,0.0046678726491173,0.0239061300710589,0.0200899377712313,0.046468790761768,0.0893811799711075,-1,1,1
2022-08-01,0,23.850000381469727,23.850000381469727,23.239999771118164,23.46999931335449,20.41195106506348,25039300,22.357374808429967,-0.0056233352777596,0.0097357560829675,0.0362068905889665,0.0200869899061483,0.0464615704395722,0.0893684826963719,-1,1,1
2022-08-02,0,23.6299991607666,23.84000015258789,23.3799991607666,23.71999931335449,20.62937355041504,21401200,21.216714338256104,0.0105953948326723,0.0058190938793963,0.0381149771275622,0.0200846285835941,0.0464541802900723,0.0893560104029123,1,1,1
2022-08-03,0,23.700000762939453,23.940000534057617,23.540000915527344,23.88999938964844,20.7772216796875,20046500,20.45648463518297,0.0071413144106534,0.0184843436854866,0.0549309883660195,0.0200817918961992,0.0464477361478254,0.0893460466269436,1,1,1
2022-08-04,0,24.049999237060547,24.56999969482422,23.96999931335449,24.46999931335449,21.28165054321289,33908800,21.607217652379845,0.023987949505495,0.039069274242993,0.0718732193060002,0.0200830758362468,0.0464451885620584,0.089339637872477,1,1,1
2022-08-05,0,24.489999771118164,25.1299991607666,24.229999542236328,24.93000030517578,21.681713104248047,56500800,24.778466447837573,0.0186239665868411,0.0513441240413666,0.0997549292534387,0.0200825547324414,0.0464463516755024,0.0893413242390543,1,1,1
2022-08-08,1,25.07999992370605,25.290000915527344,24.780000686645508,25.239999771118164,21.951324462890625,40938100,25.763675674071987,0.0123582865224852,0.0670835765803878,0.098040578878318,0.0200805097842268,0.0464537859910978,0.0893424207906939,1,1,1
2022-08-09,0,26.040000915527344,26.280000686645508,25.290000915527344,25.89999961853028,22.52532958984375,103830600,33.58849713556869,0.0258129578710619,0.0985198697292092,0.123417175573004,0.020082503124303,0.0464788417487261,0.0893531436051824,1,1,1
2022-08-10,0,26.15999984741211,26.5,25.89999961853028,26.3799991607666,22.942785263061523,48570000,36.15462422510438,0.018363083893228,0.1062875587897649,0.1580620760814151,0.0200819016692063,0.0465092473328044,0.0893807317434999,1,1,1
2022-08-11,0,26.6299991607666,26.780000686645508,26.32999992370605,26.420000076293945,22.97757339477539,40492400,37.985650922623286,0.0015151509868766,0.100661395365988,0.1617980938361082,0.020078702885958,0.0465356417397615,0.0894103440431789,0,1,1
2022-08-12,0,26.59000015258789,26.790000915527344,26.3700008392334,26.739999771118164,23.25588607788086,38089200,39.13500889762552,0.0120395941856627,0.0887130400461556,0.1778470928888393,0.0200765973159596,0.0465543298431396,0.0894493851183277,1,1,1
2022-08-15,0,26.34000015258789,27.11000061035156,26.34000015258789,26.96999931335449,23.45591354370117,36567300,40.56533626475654,0.00856437517212,0.0786534486314345,0.1976352601993254,0.0200739370324254,0.0465673049782675,0.0895013058070476,1,1,1
2022-08-16,0,26.940000534057617,27.350000381469727,26.6299991607666,27.280000686645508,23.72552490234375,25689300,41.258586268242354,0.0114288288866873,0.0777239909956367,0.191166404285171,0.0200717211912024,0.0465797661405125,0.0895487357828564,1,1,1
2022-08-17,0,27.07999992370605,27.479999542236328,27.0,27.350000381469727,23.78640365600586,25236800,42.01696659199743,0.0025626737885306,0.0544737069131055,0.1805131589372047,0.0200685573788595,0.0465819102016581,0.0895891847868994,1,1,1
2022-08-18,0,27.3799991607666,27.520000457763672,27.11000061035156,27.270000457763672,23.71682357788086,32701700,42.23957251123501,-0.0029294905604315,0.0331811324594459,0.1444407508041236,0.0200654348542994,0.0465778791573219,0.0896092825459833,-1,1,1
2022-08-19,0,26.799999237060547,26.89999961853028,26.3700008392334,26.63999938964844,23.432281494140625,23042100,39.412473630894496,-0.0120700292305023,0.0195959522420669,0.1451533224312876,0.020063443440024,0.0465715403649545,0.0896296957470181,-1,1,1
2022-08-22,0,26.39999961853028,26.440000534057617,26.07999992370605,26.34000015258789,23.16840553283692,22057800,37.813029173263885,-0.0113251026318157,-0.0037687445754115,0.1257134915909228,0.0200613106116006,0.0465641981728851,0.0896410438224115,-1,0,1
2022-08-23,0,26.350000381469727,26.549999237060547,26.280000686645508,26.40999984741211,23.22997093200684,14726400,29.573508714733777,0.002653775411641,-0.0096793443358906,0.1390584857141737,0.0200581562037205,0.0465571984802629,0.0896584119995003,1,-1,1
2022-08-24,0,26.350000381469727,26.64999961853028,26.350000381469727,26.520000457763672,23.32672882080078,20211000,26.920675164409108,0.0041565673089039,-0.0169516059136739,0.128702995986834,0.02005507831183,0.0465509475819369,0.0896710028408812,1,-1,1
2022-08-25,0,26.61000061035156,26.8700008392334,26.530000686645508,26.850000381469727,23.61699867248535,27574800,25.76862112887444,0.0123668727071065,-0.0071474069950979,0.1465938040893774,0.0200530451756512,0.0465437795140029,0.0896919945474133,1,-1,1
2022-08-26,0,26.89999961853028,27.13999938964844,26.559999465942383,26.690000534057617,23.476259231567383,25106400,24.54554697907065,-0.0059770704418817,-0.0101949868765482,0.137213714699507,0.0200501596929251,0.046536829896197,0.0897083877774078,-1,-1,1
2022-08-29,0,26.540000915527344,26.780000686645508,26.31999969482422,26.600000381469727,23.397096633911133,18774300,22.81878352677537,-0.0033777258512266,-0.0015026834972724,0.1274868720598127,0.0200470712535598,0.0465294382419517,0.0897203575419147,-1,0,1
2022-08-30,0,26.709999084472656,26.89999961853028,26.38999938964844,26.479999542236328,23.29154586791992,30392100,23.22477870705845,-0.0045214827485563,0.0053009363859869,0.1263465553277925,0.0200440608253977,0.0465220631194368,0.0897318089757037,-1,1,1
2022-08-31,0,26.65999984741211,26.65999984741211,25.809999465942383,25.809999465942383,22.702220916748047,49870100,25.41954708589547,-0.0256276989994559,-0.02298053802511,0.1063421916060961,0.0200461925418884,0.0465167190240832,0.0897353622686964,-1,-1,1
2022-09-01,0,26.059999465942383,26.209999084472656,25.540000915527344,26.190000534057617,23.052227020263672,48533300,26.835851467458347,0.0152996242629594,-0.0118374810710546,0.111046421036383,0.0200447983400383,0.0465099240688447,0.0897406234355188,1,-1,1
2022-09-02,0,26.350000381469727,26.76000022888184,26.32999992370605,26.549999237060547,23.36908912658692,46714900,29.112681323856368,0.0136517899007535,-0.0105525638774077,0.1175568965264832,0.0200430320823187,0.0465030193496479,0.0897483797364116,1,-1,1
2022-09-05,0,26.63999938964844,27.229999542236328,26.600000381469727,26.979999542236328,23.7475814819336,24748200,29.42904430528326,0.0160665213482726,0.0114910279127466,0.1096354683692605,0.0200418249810861,0.0464959461522612,0.0897530827600094,1,1,1
2022-09-06,0,26.700000762939453,27.020000457763672,26.549999237060547,26.729999542236328,23.527528762817383,53122400,33.17487030817842,-0.0093095206866204,0.0055592330773527,0.0817019810957989,0.0200393663105053,0.0464885951965117,0.0897488653034732,-1,1,1
2022-09-08,0,26.89999961853028,27.0,26.489999771118164,26.540000915527344,23.36028861999512,28446400,33.971534241470856,-0.0071336590774166,0.0029470567484925,0.0622100354958972,0.0200366155103579,0.046481200444819,0.0897400804463437,-1,0,1
2022-09-09,0,26.700000762939453,27.040000915527344,26.6200008392334,26.75,23.545137405395508,24457700,33.66050161802896,0.0078818063498286,0.0364565620977771,0.044278883974664,0.0200338917678303,0.0464779594759752,0.0897282964677722,1,1,1
2022-09-12,0,27.0,27.31999969482422,26.8700008392334,27.07999992370605,23.83559799194336,26737400,33.85815178052927,0.0122608576171181,0.0334177954519359,0.0381766576985541,0.0200318496936063,0.0464740248274812,0.0897157575185992,1,1,1
2022-09-13,0,26.8799991607666,27.170000076293945,26.700000762939453,26.799999237060547,23.58914566040039,32491400,35.20826704192207,-0.0103935005712244,0.0093725049799579,0.0262680061404529,0.0200295701350932,0.0464668383639662,0.0897021246166432,-1,1,1
2022-09-14,0,26.739999771118164,26.88999938964844,26.46999931335449,26.700000762939453,23.501117706298828,28981600,35.09776301984492,-0.0037386945981912,-0.0104327109665059,0.010489717356599,0.0200265177784854,0.0464599484405586,0.0896878203798395,-1,-1,1
2022-09-15,0,26.6299991607666,27.11000061035156,26.61000061035156,26.770000457763672,23.5627384185791,21983800,32.56340620227717,0.002618601728182,0.0014954114482963,0.004543943912661,0.020023383547868,0.0464525639441458,0.0896734977616403,1,0,0
2022-09-16,0,26.600000381469727,26.8700008392334,26.459999084472656,26.68000030517578,23.483522415161133,43782000,32.1893576713973,-0.0033675823275756,0.0052614881981374,-0.0102524673016021,0.0200203116546199,0.0464452280066483,0.089659665682278,-1,1,-1
2022-09-19,0,26.61000061035156,27.799999237060547,26.57999992370605,27.68000030517578,24.363710403442383,41063200,31.81288407931755,0.0367957452652827,0.0341754271135913,0.02398060417515,0.0200277018665212,0.046441471738556,0.0896459063128725,1,1,1
2022-09-20,0,27.81999969482422,28.65999984741211,27.770000457763672,28.600000381469727,25.17348861694336,62939000,35.92571993992607,0.0326966550705895,0.0546112245670628,0.059606749806171,0.020032842641953,0.0464436875030168,0.0896366514031938,1,1,1
2022-09-21,0,28.600000381469727,28.68000030517578,28.18000030517578,28.299999237060547,24.90943145751953,48098500,35.71224481964662,-0.0105448965772327,0.0544598285610546,0.0611318824594407,0.0200305958150643,0.0464458409705905,0.0896276914716383,-1,1,1
2022-09-22,0,28.59000015258789,29.0,28.309999465942383,28.8700008392334,25.411136627197266,43580500,37.539937168095136,0.0199410226745931,0.0781395458338391,0.0923980077658497,0.0200304773895467,0.0464584382983478,0.0896265651423641,1,1,1
2022-09-23,0,28.39999961853028,28.549999237060547,27.979999542236328,28.299999237060547,24.90943145751953,34272200,38.68645354726924,-0.019941022674593,0.0555799214310638,0.0698032096796155,0.0200305404763315,0.0464609779593696,0.0896194266622985,-1,1,1
2022-09-26,0,28.1299991607666,28.18000030517578,27.63999938964844,27.690000534057617,24.37251663208008,14594100,37.52439726573636,-0.0217903752156928,0.0371571285429466,0.0438562671550186,0.0200312196090824,0.0464578958681632,0.0896076349908419,-1,1,1
2022-09-27,0,27.549999237060547,27.670000076293945,27.420000076293945,27.530000686645508,24.2316837310791,38743700,38.235729424182566,-0.0057951079982529,-0.0054337247205888,0.0256942864496591,0.020028340187406,0.0464507053364345,0.089594016529275,-1,-1,1
2022-09-28,0,27.57999992370605,28.0,27.309999465942383,27.520000457763672,24.222885131835938,41958700,39.61918910407765,-0.0003631690280749,-0.0384935488192534,0.0313081878634659,0.02002517411772,0.0464488608162713,0.0895808448416979,0,-1,1
2022-09-29,0,27.459999084472656,28.11000061035156,27.36000061035156,27.93000030517578,24.58376884460449,51945000,42.75123842370177,0.0147885692011564,-0.0131600830408643,0.0494744829158488,0.0200236697860991,0.0464422557448065,0.089569871607676,1,-1,1
2022-09-30,0,27.809999465942383,28.13999938964844,27.709999084472656,28.059999465942383,24.69817924499512,33849100,41.95835090940172,0.0046431040317151,-0.0284580016837422,0.0586390696961204,0.0200206535525147,0.0464380023488019,0.0895604524752373,1,-1,1
2022-10-03,0,28.790000915527344,29.780000686645508,28.5,29.75,26.20219039916992,71343100,45.5438560160643,0.0591134841549275,0.0505965051457784,0.143380252850504,0.0200447944677934,0.0464387994406224,0.0895794963929014,1,1,1
2022-10-04,0,29.96999931335449,30.209999084472656,29.39999961853028,29.799999237060547,26.2462215423584,43779200,43.74735316131333,0.0016790271393421,0.0740659075008136,0.1297596557268869,0.0200416415751086,0.0464492843185463,0.089592214008533,0,1,1
2022-10-05,0,29.8700008392334,30.07999992370605,29.65999984741211,29.799999237060547,26.2462215423584,30340200,42.08935663949836,0.0,0.0798610154990666,0.1161078658261333,0.0200384758997149,0.0464627172958885,0.0895992661992465,0,1,1
2022-10-06,0,29.89999961853028,29.940000534057617,29.13999938964844,29.26000022888184,25.77062225341797,48860300,42.71547445302112,-0.0182868666340806,0.0619373178930609,0.08175447784378,0.0200380332099292,0.0464676915927874,0.0895950451040263,-1,1,1
2022-10-07,0,29.200000762939453,29.31999969482422,28.64999961853028,29.31999969482422,25.823471069335938,56055700,45.16601439118495,0.0020486389428685,0.0491973876347731,0.0931126374732691,0.020034893636679,0.0464679924575612,0.089594076255784,1,1,1
2022-10-10,0,29.479999542236328,29.540000915527344,28.790000915527344,29.01000022888184,25.550439834594727,48372400,48.79834546799664,-0.0106292785796114,0.0339250050234463,0.0896170179710742,0.02003267124919,0.0464641574161352,0.0895920494035745,-1,1,1
2022-10-11,0,28.89999961853028,29.14999961853028,28.71999931335449,28.809999465942383,25.37428474426269,32203000,48.296160617323736,-0.006918281616325,-0.0321067607478063,0.0748169300049204,0.0200299196078846,0.0464607248068373,0.0895860521678206,-1,-1,1
2022-10-13,0,28.5,28.96999931335449,28.350000381469727,28.63999938964844,25.22456169128418,37182200,47.97241021027104,-0.005918059422699,-0.0397038473098476,0.0566380129651033,0.0200270634255248,0.046459238868671,0.0895762490370756,-1,-1,1
2022-10-14,0,28.75,29.170000076293945,28.459999084472656,28.64999961853028,25.233369827270508,40153900,46.88389388296374,0.0003491279095561,-0.0393547194002915,0.0673806414458838,0.0200239053600328,0.0464576520991003,0.0895685536524106,0,-1,1
2022-10-17,0,28.940000534057617,29.100000381469727,28.700000762939453,28.8799991607666,25.43594551086425,20382900,45.573506471313245,0.0079960331641819,-0.0130718196020289,0.079115369208257,0.0200212164776526,0.0464510652035005,0.089563623967462,1,-1,1
2022-10-18,0,29.299999237060547,29.59000015258789,29.049999237060547,29.59000015258789,26.06126976013184,46201600,42.82824483666597,0.0242869437992249,0.0091664852543275,0.1007837112793,0.0200225925149674,0.0464439194852527,0.0895650761849888,1,1,1
2022-10-19,0,29.559999465942383,29.76000022888184,29.309999465942383,29.600000381469727,26.070077896118164,28369700,41.13869029225633,0.0003379209042599,0.0201336847381988,0.1044892145111355,0.0200194381218955,0.0464377369260784,0.0895677750323073,0,1,1
2022-10-20,0,29.799999237060547,30.25,29.6200008392334,30.059999465942383,26.4752197265625,68491200,45.3353755756203,0.015420974950064,0.0424729413045877,0.0831144441959168,0.0200180840921417,0.0464360371380738,0.0895638805251117,1,1,1
2022-10-21,0,29.93000030517578,31.280000686645508,29.81999969482422,31.059999465942383,27.355960845947266,49256900,45.69978630168904,0.0327252611053479,0.0811162618326346,0.083143050230675,0.0200231969831552,0.0464500764192543,0.0895599895113078,1,1,1
2022-10-24,0,30.809999465942383,30.88999938964844,29.440000534057617,29.64999961853028,26.114112854003903,50976400,45.2196688676523,-0.0464585613897852,0.0343085725332934,0.0472293854181224,0.0200372290568111,0.0464463373317641,0.0895486835716377,-1,1,1
2022-10-25,0,29.64999961853028,29.770000457763672,29.40999984741211,29.40999984741211,25.90273666381836,26049300,42.90391666277687,-0.0081272647473378,0.0181852746217735,0.0191610979961915,0.0200346335304043,0.0464399262251231,0.0895347674225249,-1,1,1
2022-10-26,0,29.0,29.32999992370605,28.68000030517578,28.780000686645508,25.347871780395508,48619400,44.61753678187286,-0.0216538527424415,-0.027755521919893,0.0174482679283431,0.0200352631934,0.0464355776265978,0.08952078846842,-1,-1,1
2022-10-27,0,29.11000061035156,29.6299991607666,28.90999984741211,29.309999465942383,25.814661026000977,39594200,44.96501500336475,0.0182478142757169,-0.0098456285484357,0.0574864574197529,0.0200346435479573,0.0464287255001619,0.0895111474619272,1,-1,1
2022-10-28,0,29.209999084472656,29.64999961853028,29.100000381469727,29.540000915527344,26.017236709594727,28616800,43.85626848149231,0.0078166813834412,-0.0174499221150586,0.071098246801447,0.0200319381486682,0.0464226735209905,0.0895042706710911,1,-1,1
2022-10-31,0,29.0,30.56999969482422,28.950000762939453,30.39999961853028,26.774673461914062,83759400,50.97109655042838,0.0286971518899946,-0.0214780313304118,0.1001585677195167,0.0200351155328765,0.0464172045975567,0.0895054768732959,1,-1,1
2022-11-01,0,31.0,31.290000915527344,30.07999992370605,30.459999084472656,26.84310913085937,41916800,50.64553438952107,0.0025527242194228,0.0275332542787961,0.0879227227377831,0.020032007689052,0.046412145421537,0.0895029078093384,1,1,1
2022-11-03,0,30.0,30.34000015258789,29.489999771118164,30.239999771118164,26.649227142333984,32523700,51.17014350964106,-0.0072489949417245,0.0284115240844095,0.0760306237643434,0.0200293090351362,0.0464072431848175,0.0894971825854734,-1,1,1
2022-11-04,0,30.690000534057617,30.93000030517578,30.25,30.350000381469727,26.746170043945312,31342500,47.14667387509064,0.0036311372604042,0.0536965140872553,0.02054827686982,0.0200262512597932,0.0464090631045583,0.0894833633640051,1,1,1
2022-11-07,0,30.06999969482422,30.31999969482422,29.39999961853028,29.65999984741211,26.138103485107425,46492800,46.60099875540634,-0.0229971338147614,0.012451565996777,-0.0041278840842835,0.0200273619351661,0.0464021497131163,0.0894694438795507,-1,1,0
2022-11-08,0,29.450000762939453,29.65999984741211,29.200000762939453,29.56999969482422,26.05878448486328,27943300,44.11256376497204,-0.0030392256850584,0.0015956589282772,-0.007167109769342,0.0200243068243244,0.0463948579846444,0.0894556663761148,-1,0,0
2022-11-09,0,28.65999984741211,29.06999969482422,27.850000381469727,28.14999961853028,24.807397842407227,129923500,54.62823512158575,-0.049213018878892,-0.0763145118406094,-0.0380932620141535,0.0200403520333312,0.046408240049401,0.0894451267134866,-1,-1,-1
2022-11-10,1,27.36000061035156,27.950000762939453,26.959999084472656,27.6200008392334,24.340335845947266,87471800,58.32846195100569,-0.0190070232132456,-0.0978742592732778,-0.0591489241702678,0.0200401194483214,0.0464345591038556,0.0894387196001096,-1,-1,-1
2022-11-11,0,28.0,28.200000762939453,26.61000061035156,26.729999542236328,23.556007385253903,98303200,63.66619591685773,-0.0327540069708388,-0.1233792713023921,-0.0812736525614951,0.0200455070011453,0.0464801895224966,0.0894383322065784,-1,-1,-1
2022-11-14,0,27.049999237060547,27.299999237060547,26.39999961853028,26.64999961853028,23.48551177978516,52205500,65.65329112257908,-0.0029971675869278,-0.1300075761497242,-0.0773525385320978,0.0200424489296355,0.0465314543184834,0.089436744219315,-1,-1,-1
2022-11-16,0,26.64999961853028,26.690000534057617,26.01000022888184,26.270000457763672,23.15064239501953,44766100,60.67561006691027,-0.0143611816222176,-0.1213716239571805,-0.0857956607316165,0.0200409803366987,0.0465751853860267,0.0894377820932948,-1,-1,-1
2022-11-17,0,25.89999961853028,26.440000534057617,25.799999237060547,26.43000030517578,23.29164123535156,68496800,62.61600476039909,0.0060720215511529,-0.1122603767209691,-0.0800727670900195,0.0200381058671604,0.0466115545879404,0.0894369989699599,1,-1,-1
2022-11-18,0,26.690000534057617,27.14999961853028,26.38999938964844,26.63999938964844,23.47669982910156,49451800,63.83016503091479,0.0079138817149086,-0.0551334761271684,-0.080154918539293,0.0200354263434069,0.0466150789681325,0.0894362331077616,1,-1,-1
2022-11-21,0,27.0,27.13999938964844,26.36000061035156,26.71999931335449,23.54719924926757,38823200,64.14330912526185,0.00299845288748,-0.0331280000264427,-0.101443409451038,0.0200323491179076,0.0466118278642119,0.0894427764317067,1,-1,-1
2022-11-22,0,26.799999237060547,26.950000762939453,26.09000015258789,26.280000686645508,23.159448623657227,56519200,64.53004595531179,-0.0166040403929748,-0.0169780334485788,-0.1183853707482726,0.0200314363719773,0.0466056831450666,0.0894562604684269,-1,-1,-1
2022-11-23,0,26.09000015258789,26.21999931335449,25.850000381469727,26.01000022888184,22.9215087890625,49080300,66.16755603616026,-0.0103271269796437,-0.0243079928412948,-0.1441334726779804,0.0200291779494423,0.0466006359827261,0.0894822154900924,-1,-1,-1
2022-11-24,0,26.200000762939453,27.13999938964844,26.11000061035156,26.940000534057617,23.74107551574707,27234100,55.53559389575431,0.03513097393117,0.0251841627120928,-0.1417277598521583,0.0200355372224163,0.0465952097194191,0.0895068561494306,1,1,-1
2022-11-25,0,26.780000686645508,26.81999969482422,25.88999938964844,25.989999771118164,22.903884887695312,40676200,50.594294804178695,-0.035900150181369,-0.0167880090204292,-0.1311693486437422,0.0200426048672127,0.046589049389916,0.0895261420709973,-1,-1,-1
2022-11-28,0,26.100000381469727,26.209999084472656,25.489999771118164,25.520000457763672,22.489696502685547,40454600,44.79315625367211,-0.0182492708099042,-0.042951161545242,-0.1412913547063086,0.0200421415950442,0.0465884184238732,0.0895504674684898,-1,-1,-1
2022-11-29,0,25.540000915527344,26.11000061035156,24.920000076293945,25.739999771118164,22.683574676513672,68083200,46.106616521902986,0.0085838089297643,-0.0373658055029575,-0.1110536930341025,0.0200395521089526,0.046586218839811,0.0895606614985089,1,-1,-1
2022-11-30,0,25.799999237060547,26.040000915527344,25.43000030517578,26.0,22.912691116333008,52971900,46.83851562790204,0.0100498742266829,-0.0107118908832998,-0.1192516330831367,0.0200371706565905,0.0465794376145219,0.0895743320518335,1,-1,-1
2022-12-01,0,25.61000061035156,26.100000381469727,25.59000015258789,25.979999542236328,22.910625457763672,44246200,44.43814158582868,-9.015753224215491e-05,-0.0004749214358981,-0.12715847199882,0.0200340434614032,0.0465721682631188,0.0895915700539893,0,0,-1
2022-12-02,0,26.06999969482422,26.64999961853028,25.57999992370605,26.32999992370605,23.21927070617676,55744500,44.98854305924623,0.0133817710366115,-0.0222241243304564,-0.142473852852203,0.0200322589290506,0.046566785493594,0.0896163557953914,1,-1,-1
2022-12-05,0,26.13999938964844,26.13999938964844,25.440000534057617,25.559999465942383,22.540245056152344,33031300,44.28850389467515,-0.0296801871648021,-0.0160041613138896,-0.1747067642364281,0.0200361115059831,0.0465605420998154,0.0896597176595373,-1,-1,-1
2022-12-06,0,25.71999931335449,26.14999961853028,25.559999465942383,26.14999961853028,23.06054306030273,47223700,43.38087894774371,0.0228206838376731,0.0250657933336877,-0.1446370854570303,0.0200369511770837,0.0465551251764929,0.089685528364152,1,1,-1
2022-12-07,0,26.21999931335449,26.32999992370605,25.88999938964844,25.959999084472656,22.89298820495605,22275700,40.84291682441809,-0.0072923926960919,0.0091895917078314,-0.1555606154135265,0.020034270276178,0.0465480507868716,0.0897172647779047,-1,1,-1
2022-12-08,0,25.799999237060547,25.850000381469727,24.89999961853028,25.049999237060547,22.090499877929688,61550000,43.785551116883006,-0.0356830254242889,-0.0365433079431403,-0.168246507023054,0.0200411904585304,0.0465456491853903,0.0897563955463819,-1,-1,-1
2022-12-09,0,24.68000030517578,24.81999969482422,24.26000022888184,24.32999992370605,21.88022232055664,19871200,41.735262812865614,-0.0095645079211573,-0.0460176583320556,-0.1747717892591529,0.0200388151684648,0.046545965367255,0.0897995001514232,-1,-1,-1
2022-12-12,0,24.31999969482422,24.5,23.690000534057617,24.100000381469727,21.673377990722656,89538200,45.988809942243606,-0.0094984517233025,-0.0688978810919698,-0.1350572221035634,0.0200364305794398,0.0465553189203419,0.0898202041952404,-1,-1,-1
2022-12-13,0,24.25,24.32999992370605,23.1200008392334,23.190000534057617,20.85500717163086,56097000,44.44356501562604,-0.0384906151523157,-0.0777083090794832,-0.1545408140426334,0.0200449608430513,0.0465690675258128,0.0898511215886511,-1,-1,-1
2022-12-14,0,22.90999984741211,23.56999969482422,22.6200008392334,23.290000915527344,20.94493865966797,67871200,45.30117654982132,0.0043029542267793,-0.0962260386903771,-0.1174838528450152,0.020041969441081,0.0465937486842762,0.0898636337127053,1,-1,-1
2022-12-15,0,23.040000915527344,23.920000076293945,22.850000381469727,23.420000076293945,21.06184959411621,49336900,45.4060654241209,0.0055663020749436,-0.0833673439193415,-0.1089203831831438,0.0200390717445505,0.046610538136863,0.089872563028166,1,-1,-1
2022-12-16,0,23.520000457763672,23.850000381469727,23.38999938964844,23.68000030517578,21.29567146301269,57351200,45.10477049712679,0.0110405065337124,-0.0366438119613402,-0.0835186950272138,0.0200368616057601,0.0466081172045322,0.0898724311613837,1,-1,-1
2022-12-19,0,23.790000915527344,24.479999542236328,23.64999961853028,24.38999938964844,21.934175491333008,48477100,46.42018737865652,0.0295421108224972,0.0024628067823143,-0.0600486057558694,0.0200404116631962,0.0466008605295161,0.0898659393520274,1,0,-1
2022-12-20,0,24.38999938964844,25.18000030517578,24.290000915527344,24.64999961853028,22.168004989624023,39397100,45.53030762915536,0.010604087455506,0.0225653459611231,-0.0573584000152717,0.020038128893498,0.0465950990491075,0.0898588412601101,1,1,-1
2022-12-21,0,24.739999771118164,25.0,24.43000030517578,24.75,22.257930755615234,61655500,49.08887868582804,0.0040483509148376,0.0651043120282766,-0.056308501987914,0.0200351265412319,0.0466013929017702,0.0898515134894313,1,1,-1
2022-12-22,0,24.790000915527344,25.100000381469727,24.46999931335449,24.799999237060547,22.30289649963379,22334800,45.53372016721976,0.0020181743495565,0.0628195321510536,-0.0376862872453827,0.0200320377241002,0.0466067198476449,0.0898407597135043,1,1,-1
2022-12-23,0,25.030000686645508,25.51000022888184,24.8700008392334,25.190000534057617,22.65363121032715,25327300,46.10717843160764,0.0156035995088432,0.0728568295849534,-0.0117555607568956,0.0200307547094529,0.0466164812234634,0.0898272511920853,1,1,-1
2022-12-26,0,24.950000762939453,25.18000030517578,24.549999237060547,24.690000534057617,22.203975677490234,15730800,39.54061317199468,-0.0200488000000329,0.0417675230512079,-0.0669353346880985,0.0200308373547369,0.0466146457818674,0.0898224234270119,-1,1,-1
2022-12-27,0,24.65999984741211,24.729999542236328,24.270000457763672,24.549999237060547,22.07806968688965,17203600,36.28032935542913,-0.0056865634299217,0.0065388487987889,-0.0367217479366513,0.0200280001470934,0.0466074829896274,0.0898115346749259,-1,1,-1
2022-12-28,0,24.75,25.200000762939453,24.520000457763672,25.049999237060547,22.52772331237793,22696400,32.52412536014914,0.0201619039705403,0.016096665313823,0.0016894268437933,0.0200279659387543,0.0466009499011923,0.08979753433311,1,1,0
2022-12-29,0,25.239999771118164,25.479999542236328,24.959999084472656,25.0,22.48275756835937,24799700,30.53695629543336,-0.0019980128226806,0.0100503015763048,-0.0088923949086517,0.0200248977118582,0.0465939527205314,0.0897838865330037,0,1,0
2023-01-02,0,24.43000030517578,24.530000686645508,24.040000915527344,24.489999771118164,22.0396671295166,23340700,27.61987500497375,-0.0199048039799022,-0.011872676753154,-0.038847073115237,0.0200249361686466,0.0465873105912941,0.089773334536579,-1,-1,-1
2023-01-03,0,24.489999771118164,24.64999961853028,23.82999992370605,23.979999542236328,21.580698013305664,29873800,25.892482479808542,-0.0210445764670418,-0.0485208527290392,-0.0598014920500367,0.0200253381369257,0.0465884111396756,0.089766799476613,-1,-1,-1
2023-01-04,0,24.059999465942383,24.520000457763672,23.8799991607666,24.049999237060547,21.643693923950195,29881500,24.957376044250303,0.0029148336123924,-0.0255572191166139,-0.0702684294742559,0.0200222897719395,0.0465836133419897,0.0897628383945028,1,-1,-1
2023-01-05,0,24.100000381469727,24.90999984741211,24.020000457763672,24.799999237060547,22.31865501403809,36322800,22.639726178794994,0.0307087381702414,0.0108380824835492,-0.0098795041392123,0.020026371270729,0.0465766761821956,0.0897492618569031,1,1,-1
2023-01-06,0,24.93000030517578,25.309999465942383,24.799999237060547,25.229999542236328,22.70563507080078,37628200,24.109762963172084,0.017190258215331,0.0078664367283397,-0.0155099297615545,0.0200254896909819,0.046569586136185,0.0897360519108679,1,1,-1
2023-01-09,0,25.0,25.65999984741211,24.88999938964844,25.40999984741211,22.86762237548828,25669400,24.164409749862106,0.007108905351679,0.0169733549026997,-0.0011086317137835,0.0200227523351625,0.04656316317546,0.0897221456799842,1,1,0
2023-01-10,0,25.1299991607666,26.0,24.920000076293945,25.89999961853028,23.30859375,31389400,25.742210667866697,0.0191000830057434,0.0559782418883455,0.0536744767162488,0.0200223985863737,0.0465658307582167,0.08971215679909,1,1,1
2023-01-11,0,25.8799991607666,26.479999542236328,25.76000022888184,26.350000381469727,23.71357154846192,34195600,27.5210599052352,0.0172254003789273,0.0942482187343146,0.0804643850163336,0.0200215246292874,0.0465872344560516,0.0897078745809847,1,1,1
2023-01-12,0,25.5,26.309999465942383,25.39999961853028,25.979999542236328,23.38059425354004,51025400,30.33413189331126,-0.0141411505260254,0.0771922345958968,0.0758216862136106,0.0200200297816638,0.0465990515139983,0.0897024225080938,-1,1,1
2023-01-13,0,25.61000061035156,25.88999938964844,25.13999938964844,25.850000381469727,23.263601303100582,20763800,30.026603631810616,-0.0050164096252905,0.0414670868003647,0.1092958917406357,0.0200171482331988,0.046597128914762,0.089707046444625,-1,1,1
2023-01-16,0,25.75,25.850000381469727,25.290000915527344,25.56999969482422,23.011615753173828,24481400,30.22853608170825,-0.010890842080409,0.0133859865046247,0.0941020954334472,0.0200150128225063,0.0465903776310477,0.0897066030557519,-1,1,1
2023-01-17,0,25.65999984741211,26.14999961853028,25.489999771118164,26.100000381469727,23.48858642578125,32299700,30.6988635740269,0.0205154979684016,0.0267925791213472,0.1090512913269053,0.0200150887649271,0.0465852793884955,0.0897111135590378,1,1,1
2023-01-18,0,26.3700008392334,26.63999938964844,26.200000762939453,26.56999969482422,23.911563873291016,39724600,31.949740259577347,0.0178475668352961,0.0255400629509001,0.1158583516284891,0.0200143834994892,0.0465799778110466,0.089718123962172,1,1,1
2023-01-19,0,26.229999542236328,26.65999984741211,26.040000915527344,26.56999969482422,23.911563873291016,35493000,32.106618488474965,0.0,0.0083146625719727,0.0863162408059918,0.0200112923000929,0.046572921863102,0.0897153748839868,0,1,1
2023-01-20,0,26.65999984741211,26.68000030517578,26.030000686645508,26.100000381469727,23.48858642578125,33536100,31.83155884277923,-0.0178475668352962,0.004608246262702,0.0578645865151893,0.0200107328806854,0.0465657489961905,0.0897061005649544,-1,0,1
2023-01-23,0,26.040000915527344,26.170000076293945,25.200000762939453,25.299999237060547,22.768627166748047,45898100,33.72166335517133,-0.0311310322154823,-0.0215063763274897,0.0226852033848693,0.0200152422443643,0.0465603185940074,0.089692646187145,-1,-1,1
2023-01-24,0,25.489999771118164,26.030000686645508,25.34000015258789,25.530000686645508,22.975616455078125,30342700,33.579296270638174,0.0090499124985895,-0.001565621748491,0.0297169415339024,0.0200127502645184,0.0465531544270866,0.0896796907986046,1,0,1
2023-01-25,0,25.530000686645508,25.75,25.020000457763672,25.6200008392334,23.05660629272461,38490200,33.895196008382115,0.0035188359971055,-0.0185622837197871,0.0176321780221647,0.0200097448375355,0.0465473063565484,0.0896659999627276,1,-1,1
2023-01-26,0,25.64999961853028,25.739999771118164,25.239999771118164,25.46999931335449,22.921615600585938,29887200,31.79916716732523,-0.0058719573942478,-0.042281807949331,0.03180902062795,0.0200069477044304,0.0465464950217815,0.0896532357149142,-1,-1,1
2023-01-27,0,25.40999984741211,25.459999084472656,24.81999969482422,24.93000030517578,22.43564987182617,30331300,32.61399629846488,-0.0214291721613178,-0.0637109801106489,0.0160664118965539,0.0200074842176565,0.0465534333431562,0.0896394981573481,-1,-1,1
2023-01-30,0,24.989999771118164,25.059999465942383,24.530000686645508,24.940000534057617,22.44464874267578,35228000,33.552050910956744,0.000401016537234,-0.0454623967381187,-0.0036944755367524,0.0200044004006849,0.0465535684055558,0.0896257528027193,0,-1,0
2023-01-31,0,25.11000061035156,25.59000015258789,25.09000015258789,25.32999992370605,22.795625686645508,29062700,33.15519596821012,0.0155164392848217,0.0011850747621853,0.0138199765707498,0.0200031138788036,0.0465463840285334,0.0896119583815596,1,0,1
2023-02-01,0,25.190000534057617,25.5,24.780000686645508,24.979999542236328,22.49631690979004,28111400,31.84513231601464,-0.0132170587918168,-0.0210818965282212,0.0205077217588353,0.0200014286517185,0.0465408953296583,0.0895984291140823,-1,-1,1
2023-02-02,0,24.799999237060547,25.96999931335449,24.700000762939453,25.209999084472656,22.70345115661621,46319700,32.68250151164019,0.0091653433495626,-0.0154353891757641,0.05071764157544,0.0199989609075081,0.0465346685902643,0.0895880021487221,1,-1,1
2023-02-03,0,24.89999961853028,25.36000061035156,24.82999992370605,25.1200008392334,22.62240219116211,36659600,32.85421679299938,-0.0035762835490629,-0.0131397153305793,0.0442265244139846,0.0199959945716384,0.0465282040475638,0.0895766472428085,-1,-1,1
2023-02-06,0,25.239999771118164,25.239999771118164,24.71999931335449,25.1299991607666,22.631404876708984,28120300,31.167977746013264,0.0003978752838247,0.0086873321145632,0.0139156615275679,0.0199929172566767,0.0465212030520256,0.0895628792981923,0,1,1
2023-02-07,1,25.200000762939453,25.280000686645508,24.26000022888184,24.549999237060547,22.109071731567383,30492100,31.07310822218028,-0.0233505281085043,-0.0150642125311751,-0.0266251247962673,0.0199941249509447,0.0465149434743664,0.0895508509859565,-1,-1,-1
2023-02-08,0,25.450000762939453,26.61000061035156,25.31999969482422,26.57999992370605,23.937238693237305,106221600,37.9033144703292,0.0794473407830455,0.0488666889670487,0.0457133106350989,0.0200392439509602,0.0465152061398432,0.089539713139456,1,1,1
2023-02-09,0,26.64999961853028,26.8700008392334,25.790000915527344,25.920000076293945,23.342863082885746,36060500,38.54990851960633,-0.0251440628325284,0.0369396849263372,0.0014691647968269,0.0200411144131608,0.0465121965434601,0.0895258914126278,-1,1,0
2023-02-10,0,25.71999931335449,25.979999542236328,25.51000022888184,25.799999237060547,23.234792709350582,52164200,40.74324347535563,-0.0046404468248533,0.0231338947519211,-0.0203966824069536,0.0200382176310231,0.046506581039591,0.0895132454304513,-1,1,-1
2023-02-13,0,25.780000686645508,26.82999992370605,25.780000686645508,26.709999084472656,24.054311752319336,43834000,41.83147487285122,0.03466342230875,0.061373600609734,0.0284078904278218,0.0200442137960652,0.046511270066799,0.0895002677210071,1,1,1
2023-02-14,0,26.75,26.8799991607666,26.309999465942383,26.3799991607666,23.75712013244629,34987600,42.527627502440346,-0.0124319827217794,0.0485437426041298,0.0209923173313329,0.020042369854639,0.0465114170211625,0.0894868168896614,-1,1,1
2023-02-15,0,26.280000686645508,27.06999969482422,26.1200008392334,26.770000457763672,24.10834503173828,36885900,43.58754448781343,0.0146757668357131,0.0865700375483474,0.0465589262474553,0.0200408835105814,0.0465281471967097,0.0894758233193613,1,1,1
2023-02-16,0,26.59000015258789,27.09000015258789,26.420000076293945,26.96999931335449,24.28845977783203,30619700,42.31694129414553,0.007443283843575,0.0145659806088772,0.0334867121226288,0.0200382012492866,0.0465215491228667,0.0894632989478771,1,1,1
2023-02-17,0,26.959999084472656,27.14999961853028,26.700000762939453,26.8799991607666,24.207406997680664,18823200,40.7749961878574,-0.0033426706649645,0.0363673727764411,0.012296474622368,0.0200352256121781,0.0465183921565346,0.0894495466600415,-1,1,1
2023-02-22,0,26.299999237060547,26.51000022888184,26.26000022888184,26.3799991607666,23.75712013244629,18353500,39.948142680034,-0.0187763800143238,0.0222314395869705,-0.0064799053919557,0.0200349279069917,0.0465126487692367,0.0894360036270059,-1,1,0
2023-02-23,0,26.40999984741211,27.059999465942383,26.36000061035156,26.479999542236328,23.847177505493164,38119200,40.91739288912453,0.0037835861445396,-0.0086483965772397,0.0151512475878801,0.0200319498065635,0.0465058510208289,0.0894223398682373,1,-1,1
2023-02-24,0,26.25,26.309999465942383,25.549999237060547,25.670000076293945,23.11771774291992,31262100,33.40736347732867,-0.0310665413558549,-0.0272829552113153,0.0152157384475074,0.0200363879704521,0.0465014646492987,0.0894086844046119,-1,-1,1
2023-02-27,0,25.790000915527344,25.799999237060547,25.280000686645508,25.34000015258789,22.820526123046875,17739200,31.604333216608357,-0.0129389258737475,-0.0548976479207761,-0.0067730999248296,0.0200346475230284,0.0465048601785612,0.0893951732281256,-1,-1,0
2023-02-28,0,25.39999961853028,25.82999992370605,25.18000030517578,25.43000030517578,22.901575088500977,26006300,29.06058591637971,0.0035452898357256,-0.0587956419286255,-0.0067466460862096,0.0200316604334863,0.0465097495297048,0.089381667003714,1,-1,0
2023-03-01,0,25.31999969482422,25.350000381469727,24.38999938964844,25.0,22.529970169067383,43941800,28.794882474483963,-0.0163592589626723,-0.0718122302263334,-0.0172339476546342,0.0200307006656822,0.0465203675675991,0.0893688188643924,-1,-1,-1
2023-03-02,0,24.89999961853028,25.200000762939453,24.040000915527344,24.18000030517578,21.79098320007324,46105200,29.51072204779453,-0.0333501608320942,-0.0863860110441037,-0.0291549363254105,0.0200362581131811,0.0465387103345064,0.0893571775255482,-1,-1,-1
2023-03-03,0,24.34000015258789,24.59000015258789,24.09000015258789,24.209999084472656,21.81801986694336,25609300,28.14685090674613,0.0012399581936159,-0.0889296389950275,-0.0283159946690286,0.020033198207848,0.0465585125304452,0.0893454400079208,0,-1,-1
2023-03-06,0,24.440000534057617,25.040000915527344,24.11000061035156,24.76000022888184,22.31367874145508,31041400,27.93616110539802,0.0224636591421799,-0.0353994384969926,-0.0213687748116703,0.0200339060831409,0.0465558538895792,0.0893329681388871,1,-1,-1
2023-03-07,0,24.850000381469727,24.8799991607666,24.299999237060547,24.82999992370605,22.37677001953125,28140900,28.654346859099643,0.0028234811571245,-0.0196370314661204,-0.0053282348627288,0.0200308916029191,0.0465501862600945,0.089319431854812,1,-1,0
2023-03-08,0,24.989999771118164,25.32999992370605,24.76000022888184,25.13999938964844,22.65613555908203,35335600,30.15863537186724,0.0124073328065658,-0.0107749884952804,-0.0020862454057258,0.0200289574669227,0.0465435481088813,0.0893057933446381,1,-1,0
2023-03-09,0,25.0,25.07999992370605,24.61000061035156,24.65999984741211,22.22355842590332,42263900,30.283334302457217,-0.0192777842870652,-0.0136935138196732,-0.0177877461437282,0.0200288039479573,0.0465371758314148,0.0892930228064921,-1,-1,-1
2023-03-10,0,24.549999237060547,24.61000061035156,23.88999938964844,24.06999969482422,21.691850662231445,32874300,30.24370323203724,-0.0242162720775336,-0.0045596250651127,-0.0424018935050865,0.0200303055524367,0.0465301699978076,0.0892833171189583,-1,0,-1
2023-03-13,0,23.770000457763672,24.06999969482422,23.46999931335449,23.780000686645508,21.43050765991211,33918500,31.572742471564947,-0.0121211460707292,-0.0179207293294579,-0.0311725114673114,0.0200284084804678,0.046524283282158,0.0892719601151758,-1,-1,-1
2023-03-14,0,23.559999465942383,23.950000762939453,23.46999931335449,23.700000762939453,21.358413696289062,38701800,32.526066467850335,-0.0033697522423234,-0.0437541407139612,-0.1139896044926803,0.0200254473449974,0.0465238837838277,0.0892830045606222,-1,-1,-1
2023-03-15,0,23.3700008392334,23.76000022888184,23.020000457763672,23.63999938964844,21.304340362548828,50653100,32.89383595825223,-0.0025349213330739,-0.0491125432041598,-0.0913804629932258,0.0200224470389279,0.0465251665465492,0.0892855745646128,-1,-1,-1
2023-03-16,0,23.65999984741211,24.14999961853028,23.520000457763672,24.030000686645508,21.655811309814453,40089800,32.33056419201825,0.0163630143606159,-0.0451568616501095,-0.0703770018077564,0.020021374991818,0.0465251812140439,0.0892818621290462,1,-1,-1
2023-03-17,0,23.89999961853028,23.920000076293945,23.299999237060547,23.34000015258789,21.03397560119629,60517100,35.27760373197808,-0.029134823079322,-0.0550139004423665,-0.1341752471958287,0.0200248909208019,0.0465285257063861,0.089301876678036,-1,-1,-1
2023-03-20,0,23.39999961853028,23.86000061035156,23.18000030517578,23.39999961853028,21.08805084228516,32597400,35.25601296888731,0.0025675531479113,-0.0282300752169213,-0.1191757113261379,0.0200218772131681,0.0465242963355077,0.0893150220423533,1,-1,-1
2023-03-21,0,23.5,24.14999961853028,23.5,23.8799991607666,21.5206241607666,38574400,36.08314347741461,0.0203051693507521,0.0041962402045598,-0.1135463088110991,0.0200218946299471,0.046517214492509,0.0893257782355267,1,0,-1
2023-03-22,0,23.950000762939453,24.25,23.68000030517578,23.739999771118164,21.39445686340332,36400300,35.99317095772887,-0.005879875225672,0.0016861172212113,-0.1268694678803462,0.0200191255491317,0.0465101102162224,0.0893422751803896,-1,0,-1
2023-03-23,0,23.75,24.25,22.88999938964844,23.14999961853028,20.862749099731445,52801200,36.6630036275523,-0.0251666344127244,-0.0209455958584392,-0.1486934316281062,0.0200209826743267,0.0465046452981546,0.0893694894994454,-1,-1,-1
2023-03-24,0,23.15999984741211,23.420000076293945,22.739999771118164,23.21999931335449,21.16536903381348,30018800,36.3421857157206,0.0144010808744697,-0.0229075293445854,-0.1155159707393126,0.0200194618818175,0.0464994821187204,0.0893809737454258,1,-1,-1
2023-03-27,0,23.5,23.780000686645508,23.3799991607666,23.6200008392334,21.52998161315918,39378700,36.84121386062809,0.0170801475034995,0.0233074412382361,-0.1022194093803527,0.0200185734991908,0.0464939656773348,0.0893872132453527,1,1,-1
2023-03-28,0,23.63999938964844,23.920000076293945,23.5,23.729999542236328,21.630247116088867,28363000,35.96181010975557,0.0046462072260973,0.0253860953164222,-0.0665066607984004,0.0200156728510343,0.0464887642161178,0.089382422357838,1,1,-1
2023-03-29,0,23.75,24.07999992370605,23.57999992370605,23.959999084472656,21.83989143371582,22773800,33.56119347774917,0.0096455152888929,0.0147264412545632,-0.0439222196357597,0.0200132993235138,0.0464822586746544,0.0893729230728918,1,1,-1
2023-03-30,0,24.31999969482422,24.799999237060547,24.21999931335449,24.6200008392334,22.44149398803711,38191200,33.51534968079062,0.0271734755647052,0.0477797920449405,-0.0202940339067802,0.0200157709995991,0.0464822290795716,0.0893603761607511,1,1,-1
2023-03-31,0,24.739999771118164,25.09000015258789,24.489999771118164,24.739999771118164,22.55087661743164,57822100,33.64337011109869,0.0048622841349639,0.0778087105926289,0.0009275091908563,0.0200128874377933,0.0464942781596921,0.0893467270470433,1,1,0
2023-04-03,0,24.68000030517578,24.700000762939453,23.809999465942383,24.030000686645508,21.91933822631836,33808300,33.864716271913395,-0.0284046683614193,0.0350029613567399,0.0058730016615311,0.0200160789529395,0.0464908880464886,0.0893330478754259,-1,1,0
2023-04-04,0,24.13999938964844,24.709999084472656,24.1200008392334,24.51000022888184,22.357175827026367,22875900,32.54957576831852,0.0197780643961915,0.0377008782494319,0.0244111078641066,0.0200159361174242,0.0464881145503931,0.0893199846023357,1,1,1
2023-04-05,0,24.56999969482422,24.809999465942383,24.18000030517578,24.489999771118164,22.33893585205078,31919900,32.27843030943671,-0.0008161773050456,0.0322384937182886,0.0011312714168809,0.020012901500558,0.0464841407772714,0.0893063511323659,0,1,0
2023-04-06,0,24.559999465942383,24.670000076293945,24.229999542236328,24.40999984741211,22.265962600708008,21757200,29.731819021396188,-0.0032719866641428,0.0193209917652528,-0.0049641964043864,0.0200099534396453,0.0464781099374227,0.0892928797211111,-1,1,0
2023-04-10,0,24.63999938964844,24.75,24.51000022888184,24.670000076293945,22.50312614440918,14142500,28.423264967588363,0.0105950676647662,0.0027425838653139,-0.0067764615461859,0.0200077272919074,0.0464710426335225,0.0892794852387315,1,0,0
2023-04-11,0,25.200000762939453,25.6200008392334,25.01000022888184,25.46999931335449,23.23285484313965,48430300,29.567760728164423,0.0319131945888129,0.0297934943191628,0.0444145173296922,0.0200123001156561,0.0464666001992869,0.0892684239841102,1,1,1
2023-04-12,0,25.63999938964844,26.020000457763672,25.3700008392334,25.63999938964844,23.387922286987305,41827200,31.072918965776815,0.0066523136355258,0.0648504763161078,0.0752831030427517,0.0200095720623979,0.0464726761001326,0.0892631035185398,1,1,1
2023-04-13,0,25.76000022888184,25.90999984741211,25.450000762939453,25.63999938964844,23.387922286987305,35846900,32.48009132906632,0.0,0.0450724119199164,0.0874042491134809,0.0200065350438272,0.0464718229300998,0.0892609236414229,0,1,1
2023-04-14,0,25.549999237060547,26.1299991607666,25.440000534057617,26.01000022888184,23.725425720214844,34411400,32.312379437008794,0.014327540750048,0.06021612997501,0.1051015421058524,0.0200050010217694,0.0464760302553991,0.0892642261097739,1,1,1
2023-04-17,0,26.049999237060547,26.239999771118164,25.71999931335449,25.959999084472656,23.679819107055664,21330100,29.01592637663412,-0.0019241173585691,0.0615639992805839,0.1057123460803573,0.0200020021463642,0.0464807507749104,0.0892677245048634,0,1,1
2023-04-18,0,26.01000022888184,26.239999771118164,25.68000030517578,25.940000534057617,23.66156959533692,24193800,28.320227274585925,-0.0007709749596672,0.0501979566561503,0.088578356760074,0.0199989765645563,0.0464814256726923,0.0892658517606198,0,1,1
2023-04-19,0,25.75,25.850000381469727,25.489999771118164,25.530000686645508,23.287586212158203,27392900,28.84212453747846,-0.0159317579672359,0.0023530041001014,0.1017814218721603,0.0199979306242134,0.0464743696134969,0.089268011059975,-1,0,1
2023-04-20,0,25.38999938964844,25.68000030517578,25.209999084472656,25.600000381469727,23.351442337036133,21840600,28.00424704967346,0.0027383145303704,-0.0015609950050538,0.1019521832546193,0.019994946334792,0.0464673463628619,0.089270215460762,1,0,1
2023-04-24,0,25.59000015258789,25.780000686645508,25.18000030517578,25.3700008392334,23.14164352416992,25308300,28.421977185137894,-0.0090250080415611,-0.0105860030466149,0.072622005862306,0.019992568702697,0.0464607757549812,0.0892642405066749,-1,-1,1
2023-04-25,0,25.200000762939453,25.71999931335449,25.200000762939453,25.600000381469727,23.351442337036133,22930500,29.31829731146655,0.0090250080415611,-0.0158885357551018,0.0875268891295392,0.0199901235209061,0.0464547198307105,0.0892620460773623,1,-1,1
2023-04-26,0,25.530000686645508,25.65999984741211,25.299999237060547,25.34000015258789,23.11427497863769,17033600,26.2999357460373,-0.0102083614204073,-0.02417277981694,0.1024851621218563,0.0199879250920724,0.0464498329030504,0.0892644013465224,-1,-1,1
2023-04-27,0,25.32999992370605,25.799999237060547,25.32999992370605,25.790000915527344,23.52475357055664,20883000,24.29038795489701,0.0176028190915945,-0.0057989857656783,0.1056869003389811,0.0199871793672343,0.046442965826745,0.0892678189763088,1,-1,1
2023-04-28,0,25.93000030517578,25.93000030517578,25.51000022888184,25.920000076293945,23.64332771301269,20516400,22.83245384420977,0.0050277386320236,0.0151605108335811,0.0936344914675052,0.0199843269193581,0.0464365322176262,0.0892673672422454,1,1,1
2023-05-02,0,25.729999542236328,25.96999931335449,24.86000061035156,24.89999961853028,22.7283992767334,43660400,23.558332686764164,-0.0394657368214718,-0.0270435405182611,0.0495225474199359,0.0199932424023556,0.0464321607889484,0.089257023638198,-1,-1,1
2023-05-03,0,24.950000762939453,25.1299991607666,24.68000030517578,24.86000061035156,22.69188690185547,23404800,23.665647598496747,-0.0016077566133942,-0.0196262890900942,0.0382692755176486,0.0199902443268893,0.0464265869767478,0.0892452247238346,0,-1,1
2023-05-04,0,24.989999771118164,25.280000686645508,24.520000457763672,25.059999465942383,22.874446868896484,39720400,25.052648323956834,0.0080129748762507,-0.0206383222554045,0.0191087748291942,0.0199876781824207,0.0464211579213333,0.0892319415566402,1,-1,1
2023-05-05,0,25.350000381469727,25.989999771118164,25.020000457763672,25.989999771118164,23.72333335876465,43603500,26.688836889161507,0.0364386634405254,0.0260087026055281,0.0506851541347555,0.0199945586714568,0.0464160861286956,0.0892217852040888,1,1,1
2023-05-08,1,26.450000762939453,26.56999969482422,25.809999465942383,26.350000381469727,24.051937103271484,52814400,29.82614245062284,0.0137564444277164,0.0221623279416501,0.0928462669238913,0.019992914195387,0.0464104499017867,0.0892210931876373,1,1,1
2023-05-09,0,26.280000686645508,26.790000915527344,26.229999542236328,26.51000022888184,24.197982788085938,38180100,31.22175459596169,0.0060537356813477,0.0231883249909742,0.0791219382090475,0.0199901474002671,0.0464049569774237,0.0892166513267639,1,1,1
2023-05-10,0,26.459999084472656,27.040000915527344,26.290000915527344,26.89999961853028,24.55397224426269,30969900,32.15011313080552,0.0146043695381266,0.0772584313505727,0.0945424850522199,0.0199886819610201,0.0464166189059521,0.0892164536685346,1,1,1
2023-05-11,0,26.76000022888184,27.34000015258789,26.61000061035156,27.15999984741211,24.791296005249023,31683800,33.766730876324004,0.0096189806748804,0.0884851686388474,0.1074334523912433,0.0199863245712449,0.0464342029733095,0.0892204174469553,1,1,1
2023-05-12,0,26.809999465942383,27.049999237060547,26.670000076293945,26.90999984741211,24.56309700012207,17773000,33.540979361109706,-0.0092474293545462,0.0712247644080504,0.0875909553719307,0.0199839918345524,0.0464429649775927,0.0892181891648059,-1,1,1
2023-05-15,0,26.950000762939453,27.100000381469727,26.709999084472656,27.01000022888184,24.65438461303711,17941600,33.364624925976344,0.0037095647565068,0.0384956657240321,0.0593873255396248,0.0199810659908755,0.046440373290763,0.0892094826533079,1,1,1
2023-05-16,0,27.030000686645508,27.31999969482422,26.82999992370605,26.920000076293945,24.57222557067871,26368100,31.943418642513866,-0.0033379961910003,0.0214012251053153,0.0493970157130987,0.0199781501618455,0.0464346304564656,0.0891991349290038,-1,1,1
2023-05-17,0,27.100000381469727,27.420000076293945,26.950000762939453,27.190000534057617,24.818679809570312,23992100,32.20897317950845,0.0099798245242626,0.0253273139482299,0.0593768402373612,0.0199758494795062,0.0464294446848867,0.0891904304042188,1,1,1
2023-05-18,0,27.100000381469727,27.13999938964844,26.76000022888184,27.09000015258789,24.727407455444336,23660900,30.874005506355346,-0.0036843457238131,0.0070385986862901,0.0413649537635001,0.0199729560809784,0.0464225299506022,0.089179014960029,-1,1,1
2023-05-19,0,26.90999984741211,27.0,26.56999969482422,26.8700008392334,24.52659034729004,48715800,31.53594896313256,-0.0081543927345936,-0.0107347747231838,0.0351346783874756,0.0199704812503399,0.0464160204706107,0.0891669226481673,-1,-1,1
2023-05-22,0,26.8700008392334,27.13999938964844,26.299999237060547,26.36000061035156,24.06106758117676,26348700,28.91020100495149,-0.0191627681318299,-0.0206501135004677,0.0167428852153127,0.0199703193817835,0.0464106300315104,0.0891535953967196,-1,-1,1
2023-05-23,0,26.489999771118164,26.96999931335449,26.26000022888184,26.56999969482422,24.25275230407715,27771700,27.87716333073313,0.0079350268364093,-0.0164246514205652,0.0406096700189581,0.019967755720136,0.0464046876746063,0.089142104534229,1,-1,1
2023-05-24,0,26.39999961853028,26.700000762939453,26.25,26.420000076293945,24.115833282470703,28743700,27.599631101988905,-0.0056615005654312,-0.018748155794996,0.0322098549231565,0.019965013766908,0.046399037411326,0.0891297533497905,-1,-1,1
2023-05-25,0,26.8700008392334,27.36000061035156,26.68000030517578,27.25,24.87344741821289,45505400,29.02903102901181,0.0309322582954103,0.0022042779761519,0.0721671212601281,0.0199690983306326,0.0463920439025868,0.0891236605698908,1,0,1
2023-05-26,0,27.39999961853028,27.76000022888184,26.790000915527344,27.040000915527344,24.68176651000977,29682000,30.25066308180073,-0.0077360926921835,-0.0018474689922184,0.0554060205263834,0.0199665763046528,0.0463850912496464,0.0891142848292089,-1,0,1
2023-05-29,0,26.959999084472656,27.049999237060547,26.700000762939453,26.920000076293945,24.57222557067871,9926900,29.43190790398933,-0.0044480098082309,0.001858913934144,0.0611663721385598,0.0199637401731968,0.0463781031137542,0.0891059310166194,-1,0,1
2023-05-30,0,27.07999992370605,27.190000534057617,26.209999084472656,26.540000915527344,24.22537040710449,43156800,31.07247354438741,-0.0142163153052118,0.0068053667607624,0.0293472377417536,0.0199623174301119,0.0463712055805847,0.0890933563829806,-1,1,1
2023-05-31,0,26.489999771118164,26.559999465942383,26.200000762939453,26.32999992370605,24.0336856842041,33918500,31.979211201970635,-0.0079440315036746,-0.0090736915793216,0.0163754676060552,0.0199598232458965,0.0463645941640204,0.0890800528345193,-1,-1,1
2023-06-01,0,26.46999931335449,26.90999984741211,26.309999465942383,26.700000762939453,24.38776588439941,25532300,32.13438082794543,0.0146251919374924,0.0112130009236019,0.0704663963650196,0.0199583769781332,0.0463579146619385,0.0890735911200057,1,1,1
2023-06-02,0,27.0,27.21999931335449,26.86000061035156,27.09000015258789,24.74399185180664,25128400,29.769656725385367,0.0145010977062467,-0.0052181596655617,0.0865752506846605,0.0199569038320157,0.046351090174062,0.0890710817630675,1,-1,1
2023-06-05,0,27.14999961853028,27.280000686645508,26.82999992370605,27.14999961853028,24.79879570007324,24598600,29.67077629110692,0.00221238542797,0.0047303184545917,0.0807746612363798,0.0199539346284776,0.0463441490789983,0.0890670431981042,1,1,1
2023-06-06,0,27.32999992370605,27.450000762939453,27.14999961853028,27.34000015258789,24.97233390808105,26212500,29.592566976295927,0.0069734768982792,0.0161518051611021,0.0513094746941338,0.0199512765649156,0.046337865570675,0.0890570259692445,1,1,1
2023-06-07,0,27.5,27.6200008392334,27.18000030517578,27.420000076293945,25.04541778564453,28032100,29.629282171263004,0.00292231966051,0.0332904401268239,0.0404753499269274,0.0199483344543607,0.0463341536506777,0.0890455558016743,1,1,1
2023-06-09,0,27.56999969482422,27.799999237060547,27.32999992370605,27.799999237060547,25.392501831054688,29274500,28.02603339873497,0.0137630388718664,0.054997510502365,0.048184653117446,0.0199467098328538,0.0463364274705369,0.0890350844977751,1,1,1
2023-06-12,0,27.93000030517578,28.040000915527344,27.420000076293945,27.5,25.11848258972168,29667500,28.07802087816184,-0.0108499936262461,0.0295223249386264,0.0227302899530734,0.0199446479998385,0.0463319856489022,0.0890220999315155,-1,1,1
2023-06-13,0,27.63999938964844,27.89999961853028,27.540000915527344,27.809999465942383,25.4016342163086,33303000,30.562286303828586,0.0112095778642296,0.0262308050966093,0.0243208871424225,0.0199425560729854,0.0463269849436291,0.0890092139010798,1,1,1
2023-06-14,0,27.96999931335449,28.21999931335449,27.770000457763672,28.190000534057617,25.74872779846192,49889400,31.548933139354023,0.0135717088247004,0.0375901284933397,0.0471400253216691,0.0199408948488467,0.0463242128169598,0.0889986090818341,1,1,1
2023-06-15,0,28.100000381469727,28.600000381469727,28.07999992370605,28.559999465942383,26.08668327331543,26763200,31.066033766199723,0.0130397447049697,0.0436563963000301,0.056470205270132,0.0199391295388937,0.0463229708096603,0.0889894458202094,1,1,1
2023-06-16,0,28.489999771118164,28.84000015258789,28.25,28.64999961853028,26.16888999938965,41611300,32.99000542500342,0.0031463359309766,0.043880412570497,0.0629545373921092,0.0199362033320193,0.0463217871589157,0.0889814572234672,1,1,1
2023-06-19,0,28.57999992370605,29.100000381469727,28.540000915527344,29.040000915527344,26.52512550354004,16269200,32.20499991643691,0.0135211153675923,0.0436384890662229,0.0664958282354389,0.0199345331642474,0.046320534828613,0.0889741696587336,1,1,1
2023-06-20,0,28.809999465942383,28.809999465942383,28.36000061035156,28.76000022888184,26.51248550415039,24844600,32.40586413507363,-0.000476642872437,0.0540118398200319,0.0697035310868149,0.0199315522249408,0.0463224439813692,0.0889675527619237,0,1,1
2023-06-21,0,28.739999771118164,29.170000076293945,28.690000534057617,29.040000915527344,26.77061653137207,26336300,32.61405393086144,0.0096891148142547,0.0524913767700571,0.0875470386356633,0.019929231986789,0.0463238395915145,0.0889652991929183,1,1,1
2023-06-22,0,28.8700008392334,29.0,28.559999465942383,28.76000022888184,26.51248550415039,23911700,32.332967662469386,-0.0096891148142547,0.0292305531311018,0.0970206919532386,0.0199269969790111,0.0463193416554753,0.0889657935972834,-1,1,1
2023-06-23,0,28.850000381469727,28.850000381469727,28.479999542236328,28.670000076293945,26.429519653320312,16590300,31.07487838154304,-0.0031342189816962,0.0130565894444358,0.085951446135133,0.0199241033456505,0.0463128148334886,0.0889630940982335,-1,1,1
2023-06-26,0,28.6299991607666,28.940000534057617,28.43000030517578,28.6299991607666,26.39264488220215,13589700,29.47983693674784,-0.0013961857652944,0.0085140677481646,0.0902167609352696,0.0199211443988427,0.0463060252054108,0.0889615673281147,0,1,1
2023-06-27,0,28.780000686645508,28.82999992370605,27.979999542236328,28.309999465942383,26.097654342651367,26027100,28.79192835067736,-0.0112399300275137,-0.0162469776469415,0.0480445726123453,0.0199191624531014,0.0463001376566763,0.0889511004950742,-1,-1,1
2023-06-28,0,28.299999237060547,28.3700008392334,28.0,28.14999961853028,25.95016098022461,18710300,25.4946204807705,-0.0056676252913378,-0.0214379600658422,0.050113040013191,0.0199164504104342,0.0462949431504924,0.0889409347613977,-1,-1,1
2023-06-29,0,28.229999542236328,28.549999237060547,28.209999084472656,28.489999771118164,26.26358795166016,61907700,29.32301915168913,0.0120056782944028,-0.019121396585694,0.066566728115825,0.0199145053203339,0.0462894204511207,0.0889336547624634,1,-1,1
2023-06-30,0,28.770000457763672,28.920000076293945,28.350000381469727,28.420000076293945,26.19905662536621,27856400,27.84114467992926,-0.0024600879105388,-0.0118923696819782,0.0783229555104981,0.0199115866050529,0.046283094217211,0.0889289938286404,-1,-1,1
2023-07-03,0,28.540000915527344,29.01000022888184,28.36000061035156,28.959999084472656,26.713441848754883,17644300,28.005369414926825,0.0194434752976783,0.0106853245973963,0.1057104623118509,0.0199113655600694,0.0462764306626402,0.0889322386702696,1,1,1
2023-07-04,0,28.8700008392334,29.020000457763672,28.729999542236328,28.780000686645508,26.54741096496582,8159900,26.181168294599388,-0.0062346512619028,0.0058468591007879,0.0848506191124558,0.019908711670247,0.046269565609515,0.0889292221714045,-1,1,1
2023-07-05,0,28.71999931335449,29.200000762939453,28.65999984741211,29.030000686645508,26.77801322937012,17651100,25.222257917606925,0.0086489214246743,0.0257357105529759,0.0789984428308831,0.0199062640922708,0.0462645102451533,0.088924712753018,1,1,1
2023-07-06,0,28.82999992370605,28.90999984741211,28.600000381469727,28.600000381469727,26.381378173828125,28309400,25.68806913792837,-0.0149227598570637,0.0164805759872499,0.0618632975458493,0.0199050279466886,0.0462582983038919,0.088916509576937,-1,1,1
2023-07-07,0,28.770000457763672,29.459999084472656,28.64999961853028,29.13999938964844,26.87948226928711,27781200,26.96015341420469,0.0187048655974755,0.0231797632903224,0.0735946862450454,0.0199046006172417,0.0462528713629009,0.0889107262732631,1,1,1
2023-07-10,0,29.3700008392334,29.3700008392334,28.850000381469727,28.950000762939453,26.704225540161133,13239400,26.939024805545092,-0.0065414418386946,0.0190984093621666,0.0641309247458408,0.0199019818530755,0.0462469351578033,0.0889029551692039,-1,1,1
2023-07-11,0,28.809999465942383,28.86000061035156,28.100000381469727,28.440000534057617,26.233783721923828,28049700,27.172600191281667,-0.0177737776464167,-0.0181188435819282,0.0325941082275576,0.0199014579748519,0.0462413046805034,0.088890749865601,-1,-1,1
2023-07-12,0,28.5,28.64999961853028,28.200000762939453,28.270000457763672,26.07697296142578,18432600,27.15250864826596,-0.0059953722770201,-0.0178795645970454,0.0374487295767837,0.0198987869638753,0.0462356456231605,0.088879013483931,-1,-1,1
2023-07-13,0,28.21999931335449,28.790000915527344,28.15999984741211,28.57999992370605,26.36292839050293,21869200,22.822214086641598,0.010906132776119,-0.0156223532456007,0.037145284488673,0.0198966671521613,0.0462297191474711,0.0888672503206575,1,-1,1
2023-07-14,0,28.64999961853028,28.790000915527344,28.15999984741211,28.280000686645508,26.086196899414062,24637900,22.46278490529339,-0.0105524756609925,-0.0112520690495294,0.0130211000029801,0.0198945824495124,0.0462233670154811,0.0888539970148189,-1,-1,1
2023-07-17,0,28.229999542236328,28.82999992370605,28.15999984741211,28.82999992370605,26.59353256225586,15935400,22.266521912136373,0.0192617294605812,-0.0106952051864235,0.0192430847585917,0.0198943156846179,0.0462169718309649,0.0888409472430258,1,-1,1
2023-07-18,0,28.82999992370605,28.940000534057617,28.170000076293945,28.270000457763672,26.07697296142578,39090200,25.579001281210346,-0.0196153865757078,-0.0237691499234368,-0.0035186377480929,0.0198943171738204,0.0462121781773143,0.0888278153725508,-1,-1,0
2023-07-19,0,28.270000457763672,28.40999984741211,27.88999938964844,27.96999931335449,25.80024719238281,39310700,27.81377655233406,-0.0106685899103315,-0.0166639621873517,-0.0277083430260169,0.0198922531347391,0.0462063804760712,0.0888165100487908,-1,-1,-1
2023-07-20,0,28.11000061035156,28.489999771118164,27.700000762939453,28.489999771118164,26.279909133911133,37782800,28.829261347396574,0.0184206630149184,0.0077520731045868,-0.0088110371386613,0.0198917548105081,0.0461996132975762,0.0888036188463244,1,1,0
2023-07-21,0,28.5,29.0,28.43000030517578,29.0,26.750343322753903,31963200,29.27609022621421,0.0177425717584265,0.0145885120868942,-0.0007575801944896,0.0198910748870576,0.0461932657119136,0.088790421576477,1,1,0
2023-07-24,0,29.0,29.25,28.34000015258789,28.540000915527344,26.326032638549805,32867100,31.387680825238995,-0.0159890239688232,0.0091519637790635,-0.0070574893490581,0.0198900973241262,0.0461865650667009,0.0887774553015098,-1,1,0
2023-07-25,0,28.950000762939453,28.950000762939453,28.31999969482422,28.600000381469727,26.381378173828125,34900000,32.150510351022284,0.0021001052704658,-0.0080096604110518,-0.001823165096896,0.0198871654455812,0.0461799947697755,0.0887642983698123,1,-1,0
2023-07-26,0,28.59000015258789,28.799999237060547,28.32999992370605,28.76000022888184,26.528961181640625,33564400,33.841401720674625,0.0055786219614017,0.0171843481260575,0.0051516426298001,0.0198844196422168,0.0461738926891224,0.0887510291928939,1,1,0
2023-07-27,0,28.71999931335449,28.71999931335449,28.09000015258789,28.1200008392334,25.938610076904297,19583700,33.55847857764904,-0.022504415797361,0.0053485222390283,-0.0061128431400471,0.0198853447473277,0.0461670654025696,0.0887380380122838,-1,1,0
2023-07-28,0,28.190000534057617,28.57999992370605,28.059999465942383,28.540000915527344,26.326032638549805,16279500,32.67484883474306,0.0148256885654936,0.0017535477896032,0.0143804707167842,0.0198839715327507,0.0461601988822488,0.0887248763792137,1,0,1
2023-07-31,0,28.790000915527344,28.8799991607666,28.489999771118164,28.63999938964844,26.418270111083984,15236900,32.58717666966271,0.0034975366722956,-0.0124914872965275,0.0058723290946767,0.0198810965492576,0.0461539863938405,0.0887116221224971,1,-1,0
2023-08-01,0,28.32999992370605,28.729999542236328,28.280000686645508,28.709999084472656,26.499168395996094,14834600,30.0029466446011,0.0030575307580078,0.0065550674303036,0.0113899477632235,0.0198782031494504,0.0461472011123918,0.0886984098889943,1,1,1
2023-08-02,0,28.690000534057617,28.75,28.309999465942383,28.6200008392334,26.41610145568848,18344300,27.817373915082875,-0.003139623355399,0.0013153388044386,-0.0111931508898537,0.0198753411604949,0.0461403441995768,0.0886857045905948,-1,0,-1
2023-08-03,0,28.84000015258789,29.1299991607666,28.280000686645508,28.39999961853028,26.213041305541992,21911900,26.090215575430783,-0.0077166811819384,-0.0119799643389014,-0.0126751808098892,0.0198728705575844,0.0461340942439496,0.0886730975997789,-1,-1,-1
2023-08-04,0,28.32999992370605,28.540000915527344,27.700000762939453,27.8799991607666,25.73308753967285,44208100,27.256304954031133,-0.0184794299293829,-0.0079549784709232,-0.0398035321639464,0.0198725492483601,0.0461275440210767,0.0886635007718532,-1,-1,-1
2023-08-07,1,27.93000030517578,28.280000686645508,27.6200008392334,27.65999984741211,25.530029296875,33001900,27.16254685744732,-0.0079222379501496,-0.0307029049865662,-0.0328030102570322,0.0198701044664297,0.0461240775051327,0.0886528945401976,-1,-1,-1
2023-08-08,0,27.36000061035156,28.01000022888184,27.11000061035156,27.600000381469727,25.474645614624023,44517500,28.04297019521008,-0.0021717108917711,-0.0363721525506331,-0.0536795867462789,0.0198672042427183,0.0461218963094119,0.0886457952745326,-1,-1,-1
2023-08-09,0,27.5,27.600000381469727,26.920000076293945,27.5,25.38234519958496,35060900,28.04090364368637,-0.0036298064397165,-0.0430594897483576,-0.0507679513473008,0.0198643742891968,0.0461214947565567,0.0886381197445617,-1,-1,-1
2023-08-10,0,27.64999961853028,27.940000534057617,27.520000457763672,27.59000015258789,25.46541786193848,30620600,29.16245997875532,0.0032675079988939,-0.0366523583940646,-0.02972666570199,0.019861498979946,0.0461193783028604,0.0886271294939549,1,-1,-1
2023-08-11,0,27.6299991607666,27.799999237060547,27.459999084472656,27.63999938964844,25.51156997680664,19424700,29.438853936781094,0.0018107043760166,-0.0271249728361096,-0.0219205890489533,0.0198585756955384,0.0461152047063769,0.0886152921110738,0,-1,-1
2023-08-14,0,27.479999542236328,27.6200008392334,27.170000076293945,27.239999771118164,25.142372131347656,25166400,30.388821551891844,-0.0145775182768717,-0.0232230611835984,-0.047404240101944,0.0198572795513473,0.0461103585708429,0.0886069933504573,-1,-1,-1
2023-08-15,0,27.299999237060547,27.36000061035156,26.8700008392334,27.09000015258789,25.0039176940918,24786800,31.3241486498074,-0.0055220352117948,-0.0208228584452438,-0.0423737996527464,0.0198545908278391,0.0461051483921533,0.0885978258000213,-1,-1,-1
2023-08-16,0,27.049999237060547,27.520000457763672,26.989999771118164,27.06999969482422,24.98546028137207,33932200,32.82301040380393,-0.0007384534197463,-0.0193896009732188,-0.0623739825330741,0.0198516610700311,0.0460997394104581,0.0885926206900436,0,-1,-1
2023-08-17,0,27.31999969482422,27.34000015258789,26.739999771118164,26.75,24.69010734558105,37983000,34.32269771767829,-0.0118914158519526,-0.027651210385455,-0.054650011809319,0.019849826055367,0.0460956676156031,0.088585725847022,-1,-1,-1
2023-08-18,0,26.700000762939453,27.18000030517578,26.540000915527344,26.959999084472656,24.883930206298828,20905100,31.77494473910346,0.007819570803902,-0.0230991475804469,-0.0361618510950854,0.019847316438595,0.0460908066003191,0.0885756065269234,1,-1,-1
2023-08-21,0,26.86000061035156,27.07999992370605,26.71999931335449,26.850000381469727,24.78240394592285,32735100,31.645846609009688,-0.0040883388525628,-0.0289981908090265,-0.0586708529625667,0.0198445239518395,0.0460869951256668,0.0885695660146559,-1,-1,-1
2023-08-22,0,27.0,27.350000381469727,26.93000030517578,27.270000457763672,25.17005920410156,21268500,29.17514284623595,0.0155212782796353,0.0011006057474805,-0.0608921464413579,0.0198433245266613,0.0460801758561333,0.0885640186034068,1,0,-1
2023-08-23,0,27.270000457763672,27.71999931335449,27.11000061035156,27.61000061035156,25.48387908935547,24179700,28.04556910084257,0.0123908983583281,0.0190135393176035,-0.0325122241142064,0.0198414869536145,0.0460743301868176,0.0885534049404505,1,1,-1
2023-08-24,0,27.600000381469727,27.600000381469727,27.13999938964844,27.290000915527344,25.188522338867188,18660400,26.76742767770936,-0.0116576316527461,0.0080943610846039,-0.0462699610374184,0.0198396157888231,0.0460676504152609,0.0885449115855074,-1,1,-1
2023-08-25,0,27.25,27.299999237060547,26.670000076293945,26.86000061035156,24.7916316986084,22324700,27.006399075718367,-0.0158822632989617,0.0041035136375946,-0.0677308462977819,0.0198386273213364,0.0460608589317435,0.0885409874719419,-1,0,-1
2023-08-28,0,26.8799991607666,27.989999771118164,26.71999931335449,27.770000457763672,25.63155746459961,34277600,28.020884083901244,0.0333181410586376,0.0296020838923305,-0.0119082894417831,0.01984382428021,0.0460565619304192,0.0885284019572158,1,1,-1
2023-08-29,0,28.0,28.59000015258789,27.88999938964844,28.209999084472656,26.037670135498047,35384900,29.26533155773297,0.0157200350353197,0.0494104577802131,-0.0110139429719567,0.0198426699710861,0.0460570778773015,0.0885157681598536,1,1,-1
2023-08-30,0,28.309999465942383,28.350000381469727,27.57999992370605,27.670000076293945,25.539257049560547,17550700,27.61645827836925,-0.0193275803135464,0.0145615991870312,-0.033839059957799,0.0198425996193155,0.0460508090948451,0.0885053471067326,-1,1,-1
2023-08-31,0,27.549999237060547,27.63999938964844,27.18000030517578,27.43000030517578,25.317737579345703,36973000,27.60931265188592,-0.0087115203234615,-0.0065408194947584,-0.0456081110392685,0.0198402732700304,0.0460442235478423,0.0884967492395266,-1,-1,-1
2023-09-01,0,27.459999084472656,27.920000076293945,27.32999992370605,27.64999961853028,25.537227630615234,29402400,28.561113588965437,0.0086320544416928,0.0137488665996803,-0.0338364332421767,0.0198378679595649,0.0460378952299178,0.0884863337283842,1,1,-1
2023-09-04,0,27.530000686645508,27.709999084472656,27.31999969482422,27.39999961853028,25.30632972717285,9881600,26.24536342300261,-0.00908274333229,0.0205483865663521,-0.0352024953925283,0.0198355943577872,0.0460322449454674,0.0884761087703362,-1,1,-1
2023-09-05,0,27.39999961853028,27.46999931335449,26.950000762939453,26.989999771118164,24.92765617370605,20654300,26.160909627066157,-0.0150766744684748,-0.0278464289607604,-0.0317997399316203,0.0198344207042779,0.0460282424601369,0.0884654324903117,-1,-1,-1
2023-09-06,0,27.059999465942383,27.170000076293945,26.600000381469727,26.729999542236328,24.687524795532227,19217800,25.575964798237514,-0.0096798297814415,-0.0532462937775218,-0.0335573317629124,0.0198322335688831,0.0460311070165481,0.0884549896071681,-1,-1,-1
2023-09-08,0,26.64999961853028,27.11000061035156,26.530000686645508,26.770000457763672,24.72446823120117,22711500,25.95354887505457,0.0014953229080526,-0.0324233905559226,-0.0298902979630884,0.0198293247068461,0.0460280337185324,0.0884440825984466,0,-1,-1
2023-09-11,0,27.0,27.489999771118164,26.88999938964844,27.450000762939453,25.352510452270508,27622600,26.559472417994463,0.0250843868367562,0.001372516604295,-0.0011761046866157,0.0198309781064506,0.0460212486257734,0.0884310770595857,1,0,0
2023-09-12,0,27.479999542236328,27.700000762939453,27.31999969482422,27.61000061035156,25.50028610229492,16481600,24.66827777042429,0.0058119150176459,-0.0014476228197516,0.0013683023321362,0.0198282877466947,0.0460144965080297,0.0884180241536488,1,0,0
2023-09-13,0,27.65999984741211,28.040000915527344,27.489999771118164,27.75,25.62959098815918,23120200,23.3115649144838,0.005057910125493,0.0126930306380313,0.0046155080816127,0.0198255407102037,0.0460081095933223,0.0884049407606125,1,1,0
2023-09-14,0,27.799999237060547,27.96999931335449,27.46999931335449,27.63999938964844,25.527996063232425,30245100,24.647999526391267,-0.003971847162552,0.0237978579439542,0.0152211791959323,0.0198227585847121,0.0460029067679948,0.0883919906408935,-1,1,1
2023-09-15,0,27.920000076293945,28.0,27.440000534057617,27.57999992370605,25.472576141357425,35950300,24.56412409418933,-0.0021733067411968,0.031304380984199,0.0185699076665303,0.0198198884322091,0.0459989506756745,0.0883791646145452,-1,1,1
2023-09-18,0,27.64999961853028,27.799999237060547,27.36000061035156,27.51000022888184,25.407922744750977,14329800,22.96812994255661,-0.0025413835484933,0.0272676745276531,0.0167669775377834,0.0198170338691848,0.0459942808643164,0.0883662757875913,-1,1,1
2023-09-19,0,27.299999237060547,27.420000076293945,27.059999465942383,27.15999984741211,25.33265495300293,18953900,23.91758226585727,-0.002966771383788,-0.0007834836928912,0.0256916220059479,0.0198141996098256,0.0459875314250979,0.0883538372578492,-1,0,1
2023-09-20,0,27.270000457763672,27.84000015258789,27.229999542236328,27.6200008392334,25.761707305908203,24596100,24.407706322455702,0.0167949033544286,0.0101995046438916,0.0346669545564748,0.0198133131852968,0.0459810000109899,0.0883421196100238,1,1,1
2023-09-21,0,27.299999237060547,27.39999961853028,26.959999084472656,26.989999771118164,25.17409324645996,22405900,24.777476605571653,-0.0230737565027029,-0.0179321619843045,0.0156815369063346,0.019814442457621,0.045975463732254,0.088329211318648,-1,-1,1
2023-09-22,0,27.1200008392334,27.21999931335449,26.88999938964844,26.920000076293945,25.10880470275879,16362800,24.15569528420421,-0.0025968503429242,-0.0165571651646766,-0.0024365917162247,0.0198115942360149,0.0459697632540244,0.0883162924013432,-1,-1,0
2023-09-25,0,26.940000534057617,27.190000534057617,26.93000030517578,27.0,25.18341827392578,14178000,22.739260707340428,0.0029672033365835,-0.0114166550868962,-0.0118602867379694,0.0198087405810168,0.0459635512832144,0.0883038045018214,1,-1,-1
2023-09-26,0,26.96999931335449,27.0,26.57999992370605,26.600000381469727,24.810333251953125,24245200,23.48717551652716,-0.0149255431580685,-0.0238008146964714,-0.0151281982432919,0.0198075433034477,0.0459588651253182,0.0882915386299444,-1,-1,-1
2023-09-27,0,26.809999465942383,26.920000076293945,26.36000061035156,26.549999237060547,24.76369285583496,22994100,23.391677819428946,-0.0018816470454905,-0.0227156903581739,-0.0011275819898205,0.0198046719384569,0.0459540074533817,0.088278600813261,0,-1,0
2023-09-28,0,26.530000686645508,27.3799991607666,26.450000762939453,27.25,25.41660118103028,28652900,23.21078173828962,0.0260239676014687,-0.0134866261111341,-0.0084217554469897,0.0198066802717739,0.045947988037919,0.0882659395590811,1,-1,0
2023-09-29,0,27.5,27.56999969482422,27.020000457763672,27.209999084472656,25.379291534423828,17625200,21.27778997563936,-0.0014690027607102,0.0081181276308587,-0.0256107932430197,0.0198037990633053,0.0459413774682437,0.088254624843676,0,1,-1
2023-10-02,0,27.13999938964844,27.190000534057617,26.76000022888184,26.940000534057617,25.143768310546875,12612000,21.083937520258505,-0.0093234626211046,0.0013915153526782,-0.0156066755505779,0.0198015775047475,0.0459346349323265,0.0882424141968442,-1,0,-1
2023-10-03,0,26.82999992370605,26.93000030517578,26.549999237060547,26.600000381469727,24.826435089111328,21358300,21.29066716518322,-0.01270106846781,-0.0142767564517153,-0.0195962236949263,0.0197999201441585,0.045928701930494,0.0882305273410476,-1,-1,-1
2023-10-04,0,26.700000762939453,27.32999992370605,26.6200008392334,27.209999084472656,25.39576530456543,23806800,21.1708098724469,0.0226734233500057,0.0233222100563588,-0.0055548547866132,0.0198007343814243,0.0459234698994747,0.0882177595976525,1,1,0
2023-10-05,0,27.15999984741211,27.82999992370605,27.06999969482422,27.63999938964844,25.79709243774414,28635400,21.89155514390925,0.0156793495329907,0.0408832066348402,0.0192072380786674,0.0197995908154617,0.0459216571673428,0.0882050404195927,1,1,1
2023-10-06,0,27.38999938964844,28.290000915527344,27.229999542236328,27.89999961853028,26.039758682250977,44140600,24.939237299663887,0.0093627607373557,0.0242219997707272,0.043646673284498,0.0197973032130694,0.0459165541584276,0.0881943762976688,1,1,1
2023-10-09,0,27.64999961853028,27.75,27.39999961853028,27.65999984741211,25.815757751464844,14602500,25.02145445263484,-0.0086394790559144,0.017051523475523,0.0446870240100252,0.0197949935055452,0.0459105831755027,0.0881838472347664,-1,1,1
2023-10-10,0,27.71999931335449,28.049999237060547,27.489999771118164,27.6299991607666,25.78776359558105,24579700,25.15484002949592,-0.0010849708662965,0.025290015230331,0.0421067302356758,0.0197921112262979,0.0459056410860356,0.088173002461755,0,1,1
2023-10-11,0,27.700000762939453,28.020000457763672,27.57999992370605,27.979999542236328,26.11442756652832,15882400,24.51663667264161,0.0125878417480849,0.0505789254462261,0.0296101851470046,0.0197903369784207,0.0459065540250274,0.0881609305991844,1,1,1
2023-10-13,0,27.940000534057617,28.09000015258789,27.59000015258789,27.690000534057617,25.84376335144043,22275500,23.88702664154344,-0.0104186330831705,0.0174868690130497,0.0133796370461883,0.0197882883073103,0.0459006307169446,0.0881480434453219,-1,1,1
2023-10-16,0,27.8799991607666,27.89999961853028,27.56999969482422,27.729999542236328,25.881092071533203,11441300,23.263089875549515,0.0014433574059526,0.0032508768860117,0.0097650843266477,0.0197854060266019,0.0458939197427431,0.0881350989830354,0,0,1
2023-10-17,0,27.600000381469727,27.64999961853028,27.200000762939453,27.31999969482422,25.49842643737793,26816300,24.776120035828093,-0.0148959243291987,-0.0210078081805426,-0.0011589928399988,0.0197842139724214,0.045888842882287,0.0881222348975755,-1,-1,0
2023-10-18,0,27.06999969482422,27.290000915527344,26.61000061035156,26.75,24.9664363861084,55863000,28.343286938977315,-0.0210843636300529,-0.033452692754681,-0.0200700497288549,0.0197846896529904,0.0458860593559281,0.0881104464222818,-1,-1,-1
2023-10-19,0,26.68000030517578,27.39999961853028,26.57999992370605,27.059999465942383,25.255765914916992,23164800,28.26262531453424,0.0115221044266261,-0.0208456174617583,-0.0060065617537354,0.0197827358154965,0.045880961116813,0.0880977537356791,1,-1,0
2023-10-20,0,26.920000076293945,27.229999542236328,26.739999771118164,26.959999084472656,25.16243553161621,23846300,27.69036359846664,-0.0037022538379873,-0.0371357130478308,-0.0067420442079347,0.0197799638182199,0.0458790440830589,0.0880850977047467,-1,-1,0
2023-10-23,0,26.89999961853028,27.309999465942383,26.81999969482422,26.989999771118164,25.190433502197266,16052700,24.61595861586988,0.0011120706328642,-0.025605009331796,-0.0224248769294992,0.0197770821561031,0.0458747011901917,0.088073540741406,0,-1,-1
2023-10-24,0,27.25,27.3799991607666,26.81999969482422,26.989999771118164,25.190433502197266,15850100,24.70796465064521,0.0,-0.0270483667377486,0.0006488795732036,0.0197741969847403,0.0458706159915221,0.088060664338863,0,-1,0
2023-10-25,0,27.049999237060547,27.82999992370605,26.96999931335449,27.040000915527344,25.23710250854492,25565100,24.75473277709758,0.0018509339683596,-0.0103015084401902,0.0050966638844877,0.0197713310991554,0.0458643674108401,0.0880477424133759,0,-1,0
2023-10-26,0,27.200000762939453,27.81999969482422,27.09000015258789,27.709999084472656,25.862428665161133,28766600,26.113241789370655,0.0244760513513597,0.0352589065412226,0.0266055118992639,0.01977276963975,0.045861273045703,0.0880355089412925,1,1,1
2023-10-27,0,27.84000015258789,27.89999961853028,27.190000534057617,27.299999237060547,25.47976875305176,30176000,26.91046343543196,-0.014906529796525,0.0088302723180714,0.0266245252608073,0.0197715854750327,0.0458547428015298,0.0880232818307118,-1,1,1
2023-10-30,0,27.489999771118164,27.489999771118164,26.989999771118164,27.07999992370605,25.274429321289062,15110200,27.26447058991381,-0.0080915691670735,0.0044409569889853,0.0204146031392244,0.0197692189986885,0.0458480753742392,0.0880107043476489,-1,0,1
2023-10-31,0,27.07999992370605,27.18000030517578,26.65999984741211,26.81999969482422,25.031768798828125,25392800,27.06579213565633,-0.0096474157703741,-0.006318529414253,-0.0152567802326183,0.0197670627698578,0.0458415864643147,0.0879985791477415,-1,-1,-1
2023-11-01,0,26.89999961853028,27.34000015258789,26.86000061035156,27.18000030517578,25.384471893310547,26217000,24.05675435305481,0.013991874195827,0.0076733447815742,0.000204096723919,0.0197655720647859,0.0458350160603615,0.0879857453168248,1,1,0
2023-11-03,0,27.75,28.11000061035156,27.549999237060547,27.93000030517578,26.08492660522461,35317500,25.444129486495363,0.0272199784977355,0.0330423893109499,0.0367475378427593,0.019768043878619,0.0458314715872454,0.087974394624344,1,1,1
2023-11-06,1,28.049999237060547,28.21999931335449,27.8799991607666,28.190000534057617,26.327747344970703,18023400,24.9261876436297,0.009265792363645,0.0178321303232348,0.0587143986742141,0.0197657613564751,0.0458256244623336,0.0879660748619728,1,1,1
2023-11-07,0,28.190000534057617,29.18000030517578,27.950000762939453,28.979999542236328,27.06555938720703,60774300,30.04519923092434,0.0276386331664442,0.0603772932862041,0.0636796084906525,0.0197683948073342,0.0458299146993251,0.0879586627545781,1,1,1
2023-11-08,0,29.059999465942383,29.229999542236328,28.780000686645508,29.11000061035156,27.18697166442871,23697200,31.05613103765445,0.0044758273045009,0.0729446897577785,0.0524760862621626,0.0197656479732853,0.0458393872431657,0.0879493236371845,1,1,1
2023-11-09,0,29.1200008392334,29.43000030517578,28.780000686645508,29.239999771118164,27.308385848999023,25831200,31.30462718374033,0.0044559533510896,0.0870480588792423,0.0475692788758968,0.0197629010585327,0.0458558579325266,0.0879392745899855,1,1,1
2023-11-10,0,29.420000076293945,29.8700008392334,29.270000457763672,29.59000015258789,27.63526725769043,24499000,31.028407435327587,0.0118989272455231,0.0849551119289382,0.0681076851773343,0.0197610191350496,0.0458711799306982,0.0879327427950444,1,1,1
2023-11-13,0,29.479999542236328,29.520000457763672,29.170000076293945,29.38999938964844,27.448474884033203,15016500,29.55648881852171,-0.0067821495923579,0.0509529838388447,0.062410506451273,0.0197585146433368,0.0458721902553169,0.0879250958094898,-1,1,1
2023-11-14,0,29.489999771118164,30.06999969482422,29.43000030517578,29.82999992370605,27.859411239624023,41826500,32.78903799570095,0.0148602286761448,0.0565474201513448,0.0646828933793328,0.0197572044829478,0.0458750409043582,0.0879178810938478,1,1,1
2023-11-16,0,30.0,30.559999465942383,29.770000457763672,30.309999465942383,28.307701110839844,41237700,34.983181090627234,0.0159630563801296,0.0448718433650302,0.091064582842633,0.0197561392055822,0.0458742603657327,0.0879169300447255,1,1,1
2023-11-17,0,30.290000915527344,30.59000015258789,30.1200008392334,30.450000762939453,28.438457489013672,24611100,35.12512102373628,0.004608474399586,0.0450044904601154,0.0942296998362664,0.0197534065229426,0.0458735131389541,0.0879168789057334,1,1,1
2023-11-20,0,30.479999542236328,30.82999992370605,30.25,30.75,28.718637466430664,23396400,34.09620811687482,0.0098039349902819,0.0503524720993074,0.1189295591557469,0.0197512023595206,0.0458743183236413,0.0879250316052741,1,1,1
2023-11-21,0,30.6299991607666,30.850000381469727,30.51000022888184,30.700000762939453,28.671937942504883,16598200,34.101931757891485,-0.0016274286814548,0.0368261161723295,0.138386494104345,0.0197483628566392,0.0458715373548159,0.0879410559377151,0,1,1
2023-11-22,0,30.89999961853028,31.229999542236328,30.770000457763672,30.88999938964844,28.8493881225586,38994500,31.95646022898428,0.0061699114092363,0.049778177173924,0.1330343010869553,0.0197457502335454,0.0458721596769394,0.0879547574675849,1,1,1
2023-11-23,0,30.88999938964844,31.1299991607666,30.57999992370605,30.850000381469727,28.81202888488769,22853000,32.01499980422868,-0.0012958142493682,0.0336221342484109,0.1354407406755745,0.0197429046120361,0.0458686977788335,0.0879694521640228,0,1,1
2023-11-24,0,30.729999542236328,30.88999938964844,30.39999961853028,30.68000030517578,28.653263092041016,20490800,31.526914854115383,-0.0055256378710205,0.0121334399972606,0.1288030321716898,0.0197402909247379,0.0458623722543392,0.087981358323651,-1,1,1
2023-11-27,0,30.82999992370605,30.959999084472656,30.51000022888184,30.600000381469727,28.57854652404785,18069400,30.86403418231984,-0.0026110168782759,0.0049139487193987,0.1261920152934137,0.0197374912430665,0.0458557435303544,0.0879921960205867,-1,1,1
2023-11-28,0,30.59000015258789,31.049999237060547,30.479999542236328,30.89999961853028,28.85872268676757,20636100,31.62063732512224,0.0097559786114201,0.0048659923405372,0.1340970599364741,0.0197352869533967,0.0458491167518625,0.0880062446035276,1,1,1
2023-11-29,0,31.200000762939453,31.3799991607666,30.84000015258789,31.11000061035156,29.054855346679688,22551800,29.51602073285832,0.0067733134928201,0.0132667345148121,0.1163943220779344,0.0197327346974347,0.0458428773386556,0.0880133209914701,1,1,1
2023-11-30,0,31.299999237060547,31.65999984741211,31.229999542236328,31.59000015258789,29.50314712524414,43096800,29.945784165046792,0.015311332955971,0.0224081560615467,0.1466121848304307,0.0197315290201965,0.0458375659088613,0.0880328557411645,1,1,1
2023-12-01,0,31.549999237060547,31.68000030517578,31.1299991607666,31.5,29.43553352355957,30520400,30.764825951367715,-0.0022943720694426,0.0214095982414724,0.1524093819280616,0.0197287213920804,0.0458321294146448,0.0880550922850422,-1,1,1
2023-12-04,0,31.31999969482422,31.75,31.309999465942383,31.540000915527344,29.47291755676269,12985900,29.57151791076452,0.0012692249596155,0.0282044610721083,0.163326022658051,0.0197258720344943,0.0458276814025267,0.088082739697858,0,1,1
2023-12-05,0,31.59000015258789,31.959999084472656,31.520000457763672,31.799999237060547,29.715877532958984,25971100,30.792354354647063,0.0082097072744041,0.0390251852247886,0.1575438557366282,0.0197234750586809,0.0458254073265265,0.0881074058136765,1,1,1
2023-12-06,0,31.920000076293945,32.0,31.31999969482422,31.520000457763672,29.4542236328125,23288100,28.98067027962686,-0.0088441831440945,0.0204250234692737,0.121479694094798,0.0197212360551398,0.045819856082518,0.0881162412140815,-1,1,1
2023-12-07,0,31.450000762939453,31.6200008392334,31.209999084472656,31.6200008392334,29.7812728881836,20109400,28.73490407334712,0.0110424525098158,0.0246941624862694,0.123256354240969,0.0197192283734082,0.0458148650104213,0.0881257347551163,1,1,1
2023-12-08,0,31.530000686645508,32.119998931884766,31.440000534057617,32.02000045776367,30.158016204833984,18519300,28.61679101753146,0.012570995877052,0.0219538254073506,0.1081887169515769,0.019717478791831,0.0458095039312326,0.0881298034808687,1,1,1
2023-12-11,0,31.850000381469727,32.06999969482422,31.729999542236328,31.799999237060547,29.950803756713867,19414400,28.885343563189725,-0.0068946044551261,0.0173535930216672,0.09681828519195,0.0197150094105695,0.045803628078278,0.0881302790469623,-1,1,1
2023-12-12,0,31.8799991607666,31.940000534057617,31.38999938964844,31.63999938964844,29.80011367797852,14850200,28.254011710826585,-0.0050439526181733,0.0110404154438783,0.0873183792226868,0.0197123705190225,0.0457972635296189,0.0881280834801589,-1,1,1
2023-12-13,0,31.63999938964844,32.77000045776367,31.63999938964844,32.599998474121094,30.70428276062012,47226300,31.53381117068684,0.0298899402653413,0.0327206484348154,0.1053093922425052,0.0197159324348485,0.04579363908741,0.0881311755007015,1,1,1
2023-12-14,0,32.7400016784668,33.040000915527344,32.40999984741211,32.869998931884766,30.95859336853028,42573100,31.725744031295186,0.0082484653896871,0.0498132969685972,0.1203400072245503,0.0197135451673565,0.0457942639723205,0.0881394929618204,1,1,1
2023-12-15,0,32.91999816894531,33.040000915527344,32.29999923706055,32.72999954223633,30.82672691345215,27965300,31.575928350619968,-0.0042685432299628,0.0345023012288183,0.1012112353184426,0.0197108529805774,0.0457909943634739,0.0881412619264452,-1,1,1
2023-12-18,0,32.83000183105469,33.029998779296875,32.66999816894531,32.88999938964844,30.977418899536133,27821700,33.552993103039,0.0048764458344805,0.0268077511862468,0.0901246247727936,0.0197081596301359,0.0457863290412826,0.0881397900964543,1,1,1
2023-12-19,0,33.02000045776367,33.349998474121094,32.83000183105469,32.90999984741211,30.996257781982425,23910200,33.42660897676604,0.0006079640271585,0.0343103196685315,0.0861241144003662,0.0197053161326583,0.0457830202889506,0.0881372465416131,0,1,1
2023-12-20,0,32.790000915527344,32.970001220703125,32.47999954223633,32.56999969482422,30.676029205322266,22793900,33.48146458453593,-0.0103849385281853,0.0289693337585196,0.0659352408818989,0.0197033124109622,0.0457787104571713,0.0881301256492284,-1,1,1
2023-12-21,0,32.75,32.869998931884766,32.54999923706055,32.790000915527344,30.88323783874512,21813000,33.79001481881018,0.006732029991059,0.0058114234842372,0.0742946995544128,0.0197007716214045,0.0457721454439657,0.0881247348415019,1,1,1
2023-12-22,0,32.81999969482422,33.540000915527344,32.79999923706055,33.310001373291016,31.373003005981445,32650500,35.71230742875763,0.015734174263577,0.013297132358127,0.0838589624087535,0.0196996692937631,0.0457659423225233,0.0881216026604086,1,1,1
2023-12-26,0,33.369998931884766,33.779998779296875,33.22999954223633,33.650001525878906,31.693225860595703,23135400,36.3385419336678,0.0101552165833007,0.0277208921713906,0.0953099932414223,0.0196975365459605,0.0457614296745594,0.0881215668571395,1,1,1
2023-12-27,0,33.61000061035156,33.95000076293945,33.56999969482422,33.880001068115234,31.90985679626465,18176500,36.90582207388306,0.006811989743783,0.0296564360806932,0.107647620856226,0.0196950055553594,0.0457572441781501,0.088125344543996,1,1,1
2023-12-28,0,33.880001068115234,33.970001220703125,33.7400016784668,33.970001220703125,31.99461555480957,12555300,32.57979638708288,0.0026526721879774,0.0317011442415118,0.1129113099224793,0.0196922077190341,0.0457534293959784,0.0881308916235869,1,1,1
