Date,event,Open,High,Low,Close,Adj Close,Volume,WClose,Daily_Return,Week_Return,Month_Return,Cumulative_std_Daily_Return,Cumulative_std_Week_Return,Cumulative_std_Month_Return,Indicator_Daily_Return,Indicator_Week_Return,Indicator_Month_Return
2010-01-04,0,36.95000076293945,37.31999969482422,36.81999969482422,37.31999969482422,10.068058967590332,13303600,,,,,,,,0,0,0
2010-01-05,0,37.380001068115234,37.43000030517578,36.79999923706055,37.0,9.981734275817873,21396400,,-0.0086110838295392,,,,,,0,0,0
2010-01-06,0,36.79999923706055,37.5,36.79999923706055,37.5,10.116620063781738,18720600,,0.0134227719230503,,,0.0155802888183423,,,1,0,0
2010-01-07,0,37.27000045776367,37.45000076293945,37.06999969482422,37.150001525878906,10.022198677062988,10964600,,-0.0093771218469932,,,0.0129480549986949,,,-1,0,0
2010-01-08,0,37.15999984741211,37.38999938964844,36.86000061035156,36.95000076293945,9.968247413635254,14624200,,-0.0053977179072115,,,0.0107481974582295,,,-1,0,0
2010-01-11,0,37.209999084472656,37.34000015258789,36.619998931884766,36.83000183105469,9.935873031616213,15317700,,-0.0032530360392012,,,0.0093144519909297,,,-1,0,0
2010-01-12,0,36.59000015258789,36.68000030517578,36.040000915527344,36.36000061035156,9.809076309204102,14886200,,-0.0128436354269679,-0.0260598231268629,,0.0093138909997496,,,-1,0,0
2010-01-13,0,36.560001373291016,36.7400016784668,35.84000015258789,36.29999923706055,9.792889595031738,23228200,,-0.0016515402516934,-0.019100279549017,,0.0085630342616669,0.0049211404578581,,-1,-1,0
2010-01-14,0,36.27999877929688,36.459999084472656,35.560001373291016,35.66999816894531,9.622929573059082,20073400,,-0.0175078230672948,-0.0500308745393622,,0.009262699073747,0.0162262557762072,,-1,-1,0
2010-01-15,0,35.56999969482422,36.09999847412109,35.5099983215332,35.75,9.64451026916504,21169000,3.404168643666594,0.0022401217086718,-0.0384136309836971,,0.0090550656538374,0.0136636095741086,,1,-1,0
2010-01-18,0,35.900001525878906,36.66999816894531,35.77000045776367,36.54999923706055,9.860334396362305,23168400,3.591694568821589,0.0221312130271955,-0.01088470004929,,0.0120532404817647,0.0155376572263298,,1,-1,0
2010-01-19,0,36.45000076293945,36.650001525878906,36.2400016784668,36.380001068115234,9.814473152160645,16895900,3.4969485022599094,-0.0046619340137851,-0.012293598023874,,0.0114610791839134,0.0154623832388593,,-1,-1,0
2010-01-20,0,36.09999847412109,36.150001525878906,35.2599983215332,35.45000076293945,9.563580513000488,18757500,3.4771052377988965,-0.0258959608712445,-0.0253459234681505,,0.0128739010123657,0.0141182746777608,,-1,-1,0
2010-01-21,0,35.58000183105469,35.70000076293945,34.290000915527344,34.33000183105469,9.261430740356444,24553000,3.7102686754281415,-0.0321036432718939,-0.055798026488351,,0.0145416629123651,0.0167840346860994,,-1,-1,0
2010-01-22,0,34.11000061035156,34.79999923706055,34.060001373291016,34.75,9.37473487854004,19025100,3.774911145102886,0.0121597475132963,-0.0261304559077599,,0.0148277287099891,0.0157460844567208,,1,-1,0
2010-01-26,0,34.290000915527344,34.34000015258789,33.650001525878906,33.900001525878906,9.145423889160156,20281200,3.8409581213229593,-0.0247646590524561,-0.0531352366688879,,0.0151639868136949,0.0166437113810177,,-1,-1,0
2010-01-27,0,33.900001525878906,34.290000915527344,33.5099983215332,34.11000061035156,9.20207977294922,19908600,3.914734196006516,0.0061758880021107,-0.0690905616939725,,0.0149837669472692,0.0193978549550706,,1,-1,0
2010-01-28,0,34.599998474121094,34.689998626708984,33.869998931884766,34.61000061035156,9.336968421936035,13819200,3.719400165200187,0.0145520986768727,-0.0498765290033147,,0.0153107810293053,0.0189795760839569,,1,-1,0
2010-01-29,0,34.779998779296875,35.04999923706055,33.93000030517578,34.16999816894531,9.218265533447266,16106700,3.630725428108688,-0.012794719605583,-0.0367752877376533,,0.0149837769840783,0.0181719495362752,,-1,-1,0
2010-02-01,0,34.290000915527344,34.4900016784668,33.900001525878906,34.29999923706055,9.253334045410156,15869300,3.5169862621074457,0.003797024068891,-0.0008746203968682,,0.0146976389690942,0.0198711195704306,,1,0,0
2010-02-02,0,34.5099983215332,34.66999816894531,34.060001373291016,34.099998474121094,9.199381828308104,15289600,3.3427815440272624,-0.0058476347017719,-0.0188820026119365,,0.0143090873375059,0.0195340773882126,,-1,-1,0
2010-02-03,0,34.04999923706055,34.18000030517578,33.72999954223633,34.040000915527344,9.183194160461426,16091200,3.3069542597071675,-0.0017611973469693,0.0041214590935503,,0.0139596812740446,0.0210131873556759,,-1,1,0
2010-02-04,0,33.84000015258789,33.939998626708984,32.119998931884766,32.29999923706055,8.713784217834473,24280300,3.370816535828695,-0.0524689271863864,-0.054523356094947,-0.1444617694989035,0.0170501042067223,0.0211613945492799,,-1,-1,0
2010-02-05,0,31.799999237060547,32.27000045776367,30.71999931335449,31.520000457763672,8.50335693359375,29033800,3.409487487636423,-0.0244451457943232,-0.093520600566143,-0.1602958314636874,0.0170701458693433,0.0251414725879653,0.0111963725890267,-1,-1,-1
2010-02-08,0,31.799999237060547,32.2599983215332,31.420000076293945,31.739999771118164,8.562705993652344,18684700,3.373049184650939,0.0069552420572041,-0.0737706389033557,-0.1667633613295335,0.0169481563843361,0.0259730370486807,0.0114739375619288,1,-1,-1
2010-02-09,0,32.20000076293945,32.68000030517578,32.099998474121094,32.2400016784668,8.697593688964844,18104200,3.317455791495071,0.015630138976071,-0.0619375239961757,-0.1417561005064692,0.0171843792753812,0.0258693984943453,0.0121323013122877,1,-1,-1
2010-02-10,0,32.33000183105469,32.72999954223633,31.770000457763672,32.63999938964844,8.80550479888916,21909900,3.3367570913822497,0.0123306713126882,-0.0437592179817155,-0.1240277112865694,0.0172106865529234,0.0252393361116201,0.0167926645692688,1,-1,-1
2010-02-11,0,32.88999938964844,33.470001220703125,32.72999954223633,33.36000061035156,8.99974536895752,24110900,3.511297592988967,0.0218192133573794,-0.0201788072773666,-0.0989554618899887,0.0176567429136798,0.0249510397322081,0.0248540809664067,1,-1,-1
2010-02-12,0,33.0,34.02000045776367,32.95000076293945,33.79999923706055,9.118448257446287,19127100,3.562756659665036,0.0131033578017942,0.0453934777108138,-0.0730084686612266,0.0176309615631759,0.0299451263999019,0.0338233662842014,1,1,-1
2010-02-17,0,34.38999938964844,34.5,34.029998779296875,34.25,9.23984718322754,16622400,3.576139503266478,0.0132257045053659,0.0830643280105033,-0.0581312239041672,0.0175908946580814,0.0378482832105256,0.040303264171744,1,1,-1
2010-02-18,0,34.2400016784668,34.689998626708984,33.81999969482422,34.689998626708984,9.358548164367676,17017800,3.613060689141088,0.012764820909031,0.08887390686233,-0.0278585799278412,0.0175217485234516,0.0439684281214425,0.0488229654155883,1,1,-1
2010-02-19,0,34.41999816894531,34.650001525878906,34.15999984741211,34.349998474121094,9.266827583312988,11889400,3.5384692019751696,-0.0098490708306933,0.0633946970555656,-0.0399477724672064,0.0172786192139958,0.0464194854730432,0.0511642453603541,-1,1,-1
2010-02-22,0,34.5,34.88999938964844,34.40999984741211,34.650001525878906,9.347760200500488,19817500,3.4862354347049105,0.008695666871693,0.0597596926145704,-0.0533833186227088,0.0171160869925038,0.0481212196019135,0.0508382209773777,1,1,-1
2010-02-23,0,34.40999984741211,34.650001525878906,34.0,34.189998626708984,9.223660469055176,16937500,3.3063443989998467,-0.0133647910785152,0.0245756881786755,-0.062086175687439,0.0169558896333423,0.0479137910963118,0.0496275229530866,-1,1,-1
2010-02-24,0,34.290000915527344,34.349998474121094,33.63999938964844,33.939998626708984,9.156217575073242,13563100,3.235298180642304,-0.0073388078544647,0.0041335225224168,-0.0435290226706592,0.0167163214101936,0.0472111526899849,0.0496844555262886,-1,0,-1
2010-02-25,0,33.47999954223633,34.5,33.2599983215332,34.380001068115234,9.274921417236328,18650100,3.2660844395642954,0.0128809710002987,0.0037887890173495,0.0014555916015333,0.0166803847362381,0.0465320058347099,0.0538578513513549,1,0,0
2010-02-26,0,34.59000015258789,34.75,34.209999084472656,34.61000061035156,9.336968421936035,17804300,3.2131254540303003,0.0066674835382902,-0.0023085483533912,-0.0040366723734725,0.0165088339871016,0.045810674357092,0.0559696705798277,1,0,0
2010-03-01,0,34.81999969482422,35.04999923706055,34.41999816894531,34.93000030517578,9.423294067382812,16959300,3.099666494043685,0.0092030966825314,0.0167436191598334,0.0299310833615149,0.0163835388979162,0.045414174622873,0.0606310554681392,1,1,1
2010-03-02,0,35.25,35.52000045776367,35.119998931884766,35.119998931884766,9.47455596923828,17108100,3.0752247381661437,0.0054251703221738,0.0134731226103142,0.029180365681578,0.0162029388719405,0.0449545487832806,0.0637155653086656,1,1,1
2010-03-03,0,35.279998779296875,35.81999969482422,35.04999923706055,35.150001525878906,9.482645988464355,19957600,3.1459882425147936,0.0008535035640003,0.0276914172528297,0.0154817705687054,0.0159931428488233,0.0448200228581321,0.0647928437079993,0,1,1
2010-03-04,0,35.38999938964844,35.4900016784668,34.810001373291016,35.20000076293945,9.496135711669922,14068900,3.095068729719074,0.0014215586322038,0.0364517837394983,0.0296980488064923,0.0157936956309614,0.0449087778233629,0.0664135939378566,0,1,1
2010-03-05,0,35.689998626708984,35.91999816894531,35.400001525878906,35.810001373291016,9.660699844360352,28235000,3.4176951592848384,0.0171811445949336,0.0407519573341331,0.0430821693325348,0.0158644920822732,0.0450826406677772,0.0684430836199051,1,1,1
2010-03-08,0,35.939998626708984,35.9900016784668,35.40999984741211,35.70000076293945,9.631022453308104,15902100,3.354008843058331,-0.0030766993226458,0.0310077744731968,0.0458531047116609,0.0156730812900325,0.0449403766976631,0.0700756211826922,-1,1,1
2010-03-09,0,35.5,36.84999847412109,35.459999084472656,36.5,9.846843719482422,68696600,4.386258340443839,0.0221615753296309,0.0439662531202965,0.0697758773882613,0.0158850130368879,0.0451262073854744,0.0728354311924129,1,1,1
2010-03-10,0,36.880001068115234,37.15999984741211,36.650001525878906,37.0,9.981734275817873,32196400,4.777532963864793,0.0136058810947164,0.0521469638928392,0.1358506856693642,0.0158429255877319,0.0455153947127111,0.0802870150184061,1,1,1
2010-03-11,0,36.93000030517578,37.470001220703125,36.810001373291016,37.04999923706055,9.995221138000488,19449600,4.820045413891309,0.0013502422118175,0.0526437025406566,0.1616460736755051,0.0156635530682604,0.0458499745754515,0.0881586577372858,0,1,1
2010-03-12,0,37.20000076293945,37.40999984741211,37.060001373291016,37.060001373291016,9.997919082641602,13940300,4.766739871897586,0.0002698870340242,0.0514920309424769,0.1549607186523251,0.0154886663166967,0.0460884328502279,0.0936237728697632,0,1,1
2010-03-15,0,36.7599983215332,37.22999954223633,36.470001220703125,36.77000045776367,9.919684410095217,19839600,4.840137838209232,-0.0078558723118612,0.0264550140356821,0.1314747073643929,0.015360545538446,0.0457404275301137,0.0963773649455187,-1,1,1
2010-03-16,0,36.93000030517578,37.209999084472656,36.70000076293945,37.209999084472656,10.038386344909668,12807500,4.773615494426143,0.0118952714355047,0.0414269847938328,0.1310393074872094,0.0152981284332604,0.0456693782892892,0.0985120966363808,1,1,1
2010-03-17,0,37.43000030517578,37.47999954223633,36.93000030517578,37.150001525878906,10.022198677062988,10298100,4.602887301913288,-0.0016138782934282,0.0176515311707735,0.1076062158364015,0.0151395585599221,0.0452201909016079,0.0991129502031194,-1,1,1
2010-03-18,0,37.13999938964844,37.400001525878906,36.7599983215332,37.02000045776367,9.987126350402832,12061700,4.576817180875775,-0.003505601766147,0.00054004830991,0.0909972562684604,0.0149920461805261,0.0447035517541005,0.0989118047346544,-1,0,1
2010-03-19,0,37.0,37.09000015258789,36.15999984741211,36.22999954223633,9.774004936218262,24306500,4.506975187865714,-0.0215705947847178,-0.0223807886866253,0.0562009569783765,0.0151411204415635,0.0443238679371753,0.0977450432778719,-1,-1,1
2010-03-22,0,35.61000061035156,36.36000061035156,35.5,36.2400016784668,9.77670669555664,13489200,4.464762978018397,0.0002763847584132,-0.0223742909622362,0.0437125208277586,0.0149924149016913,0.0439525328952582,0.0964050043151281,0,-1,1
2010-03-23,0,36.380001068115234,36.41999816894531,35.709999084472656,35.81999969482422,9.663397789001465,17207000,3.4524599275284835,-0.0116573642708892,-0.0261757829212642,0.0419042273875627,0.0149255349956951,0.0436312384346891,0.0950918896394394,-1,-1,1
2010-03-24,0,35.79999923706055,36.56999969482422,35.599998474121094,36.09000015258789,9.73623752593994,18683500,3.175717370985977,0.0075094276826169,-0.0305616266741521,0.0407179881984867,0.0148269690824352,0.043370082822528,0.0938146623379964,1,-1,1
2010-03-25,0,36.33000183105469,36.43000030517578,35.20000076293945,35.20000076293945,9.496135711669922,17698800,3.123466163776775,-0.0249698033919684,-0.0539175517726921,0.0291129758850336,0.0150514986054968,0.043540590175069,0.0924754250534111,-1,-1,1
2010-03-26,1,35.40999984741211,35.54999923706055,34.29999923706055,34.5,9.307292938232422,28820300,3.3791677641129825,-0.020086668909619,-0.0704986189161643,0.0163651148298792,0.0151291387811419,0.0441160111512394,0.0911234097814702,-1,-1,1
2010-03-29,0,34.7400016784668,35.20000076293945,34.119998931884766,34.900001525878906,9.415203094482422,19312800,3.3494661010985034,0.0115274534980341,-0.0374005706334123,0.0150115973276146,0.015090950645977,0.0439162977403653,0.0898249461409092,1,-1,1
2010-03-30,0,35.09000015258789,35.29999923706055,34.7599983215332,34.79999923706055,9.388223648071287,12365900,3.3247168293762286,-0.0028696327849916,-0.0405465881768172,0.0054744810043326,0.0149596408271585,0.0437603726050034,0.088568669287917,-1,-1,0
2010-03-31,0,34.599998474121094,35.38999938964844,34.5099983215332,35.38999938964844,9.54738998413086,16551700,3.433485874485453,0.0168117165832906,-0.0120775073226374,0.0130831009050918,0.0150144713760558,0.0433535115044488,0.0873707946857617,1,-1,1
2010-04-01,0,35.65999984741211,35.900001525878906,35.54999923706055,35.75,9.64451026916504,13721900,3.457057458792421,0.010121052402281,-0.0094658826029733,0.0177789829851991,0.0149545251847391,0.0429526207030297,0.086232929966764,1,-1,1
2010-04-05,0,35.95000076293945,36.25,35.81999969482422,36.0099983215332,9.714655876159668,12120300,3.2192889550633152,0.007246790842975,0.0227507116319701,0.0241722702641738,0.0148643887410758,0.0427352800380849,0.085165302076559,1,1,1
2010-04-06,0,35.91999816894531,36.40999984741211,35.83000183105469,36.08000183105469,9.733538627624512,13410200,3.2166077195958387,0.0019418519693169,0.0447792325109059,0.024692563601287,0.0147455405929129,0.0428752640241282,0.0841389545504056,1,1,1
2010-04-07,0,35.939998626708984,36.2400016784668,35.59000015258789,35.79999923706055,9.657999992370604,15079400,3.175650136410676,-0.0077909256015324,0.0254608534113394,-0.0002795065951789,0.0146546034619521,0.0426822973847775,0.0831152327947046,-1,1,0
2010-04-08,0,35.58000183105469,35.900001525878906,35.459999084472656,35.810001373291016,9.660699844360352,13552100,3.0744841935955263,0.0002795065951789,0.0286099927915099,0.0030766993226459,0.0145383062065131,0.0425282453624121,0.0821223629288017,0,1,0
2010-04-09,0,35.79999923706055,36.09000015258789,35.22999954223633,35.22999954223633,9.504226684570312,17017800,3.0619254606745763,-0.0163294794297421,-0.0045312032215226,-0.0354143554367273,0.0145548722394757,0.0421664404817353,0.0814160333377652,-1,-1,-1
2010-04-12,0,35.25,35.43000030517578,34.279998779296875,34.38999938964844,9.277616500854492,29883800,3.0798065407195097,-0.0241319425987609,-0.0387841982225646,-0.0731521791302048,0.0147231857110077,0.0420542988391998,0.0813514468698603,-1,-1,-1
2010-04-13,0,34.470001220703125,34.59000015258789,33.900001525878906,34.189998626708984,9.223660469055176,19661600,3.078850104410709,-0.0058326984514639,-0.0518636875170036,-0.0803351197934864,0.0146219953753063,0.0421439366975124,0.081409003466343,-1,-1,-1
2010-04-14,0,34.29999923706055,34.4900016784668,34.04999923706055,34.25,9.23984718322754,17377900,3.167100663380103,0.0017533741284844,-0.052052165357836,-0.078851632699026,0.0145172116072754,0.0422203121127171,0.0813921528359663,1,-1,-1
2010-04-15,0,34.279998779296875,34.45000076293945,33.540000915527344,33.599998474121094,9.064492225646973,43408800,3.634300963386287,-0.0191605190882377,-0.0634217588445414,-0.0901562794754026,0.0145702720807074,0.0424991118597042,0.0815875460814547,-1,-1,-1
2010-04-16,0,33.5,33.58000183105469,32.720001220703125,32.95000076293945,8.889139175415039,48889400,4.234030925000736,-0.0195346136414059,-0.0832358790811263,-0.1215861645523133,0.0146236552424581,0.0432217133630623,0.0825511870758919,-1,-1,-1
2010-04-19,0,32.599998474121094,33.54999923706055,32.5099983215332,33.54999923706055,9.051002502441406,23996300,4.431357675769712,0.0180453111518609,-0.0488610884995233,-0.1019269751070242,0.0147082151770938,0.0431838933346309,0.0828830925205293,1,-1,-1
2010-04-20,0,33.79999923706055,34.29999923706055,33.79999923706055,34.29999923706055,9.253334045410156,22158800,4.579212963503862,0.0221083985967307,-0.0026207473040316,-0.0763129747441465,0.0148669318289848,0.0428614720992626,0.0826485456345726,1,0,-1
2010-04-22,0,33.900001525878906,34.040000915527344,33.40999984741211,33.86000061035156,9.134634017944336,19873300,4.65044486701774,-0.0129107986137355,-0.0096988474663031,-0.0676531785731642,0.0148271212316137,0.0425407027355732,0.0822681792471657,-1,-1,-1
2010-04-23,0,33.56999969482422,34.0,33.540000915527344,34.0,9.208629608154297,12312800,4.615643419861668,0.0080679199831023,-0.0033843016116853,-0.0598616433484751,0.0147657105244623,0.0422310823781127,0.081784472167031,1,0,-1
2010-04-26,0,34.099998474121094,34.18000030517578,33.310001373291016,33.310001373291016,9.021748542785645,13810200,4.541930397941909,-0.020502878255624,-0.0047266607790715,-0.0687071573332099,0.0148339122616929,0.041926166408503,0.0814163531539217,-1,-1,-1
2010-04-27,0,33.06999969482422,33.099998474121094,32.099998474121094,32.099998474121094,8.6940279006958,23019700,4.388911186934649,-0.0370018252865671,-0.0221938724242326,-0.1132184103023939,0.0152882140390457,0.0416583213222881,0.0818496290181165,-1,-1,-1
2010-04-28,0,32.31999969482422,33.0,31.89999961853028,32.38999938964844,8.772571563720703,17380900,4.331612246581647,0.0089936444246524,-0.031245539151441,-0.079254962485773,0.0152382407620608,0.041450806456221,0.0815995476415398,1,-1,-1
2010-04-29,0,32.84000015258789,33.099998474121094,32.52000045776367,33.02000045776367,8.943203926086426,11932800,4.224756531974592,0.0192639198004342,-0.0340900179477375,-0.0399043737757198,0.015325489134457,0.0412682409104756,0.0809453866720944,1,-1,-1
2010-04-30,0,32.810001373291016,33.20000076293945,32.560001373291016,32.79999923706055,8.88361930847168,15687800,3.72052777847293,-0.0066848522274525,-0.0278640715614546,-0.0581166795012064,0.0152380204310125,0.0410423286508404,0.0804447931816648,-1,-1,-1
2010-05-03,0,32.54999923706055,32.630001068115234,31.459999084472656,31.5,8.531525611877441,28849400,3.34658353894222,-0.0404408557313152,-0.0763728472758722,-0.09568790244753,0.0157521734966261,0.0414911614588698,0.0804478656633551,-1,-1,-1
2010-05-04,0,31.200000762939453,31.270000457763672,29.90999984741211,30.440000534057617,8.244429588317871,39268400,3.558016312479135,-0.0342304271380944,-0.0901003961583425,-0.1467300461689151,0.0160561011972366,0.0422181347421509,0.0815358239715918,-1,-1,-1
2010-05-05,0,30.0,30.809999465942383,29.76000022888184,30.209999084472656,8.182138442993164,29471100,3.6296358702613993,-0.0075842310811146,-0.0606828019528902,-0.1644353296523107,0.0159666849027484,0.042314723103662,0.0830008100337765,-1,-1,-1
2010-05-06,0,30.09000015258789,30.780000686645508,28.299999237060547,29.809999465942383,8.073800086975098,32015500,3.7823274850092994,-0.0133292777713246,-0.0830057241488672,-0.1850113982666102,0.015913243573553,0.0428013099631611,0.0849328278813434,-1,-1,-1
2010-05-07,0,29.989999771118164,30.309999465942383,29.13999938964844,29.75,8.057551383972168,24546000,3.94979234457738,-0.0020145501791987,-0.1042841941285001,-0.188967800415126,0.0158172467302218,0.0437514668233456,0.0868015359326024,-1,-1,-1
2010-05-10,0,31.0,31.100000381469727,30.14999961853028,30.14999961853028,8.165884971618652,20988100,4.04264430884335,0.0133553946925525,-0.0842439472084951,-0.1678214801210409,0.0158183881340039,0.0441763536404467,0.0879251934567056,1,-1,-1
2010-05-11,0,29.81999969482422,30.280000686645508,29.600000381469727,29.6200008392334,8.02234172821045,17334600,3.921465904540901,-0.0177347412204105,-0.0615378326975904,-0.1858357279366305,0.0158110516181164,0.0442038125786393,0.089409427604501,-1,-1,-1
2010-05-12,0,29.950000762939453,30.0,29.670000076293945,29.89999961853028,8.098174095153809,15380800,3.866067767204002,0.0094082505960826,-0.0178991549634132,-0.1600979979108057,0.0157718522771904,0.0439308990610533,0.0901465973642059,1,-1,-1
2010-05-13,0,30.200000762939453,30.40999984741211,29.950000762939453,30.0,8.125260353088379,16122900,3.9142561033998176,0.0033391552434265,-0.006975768638872,-0.1326269000686181,0.0156933079695978,0.0436723060671473,0.0902977023548274,1,-1,-1
2010-05-14,1,29.790000915527344,30.100000381469727,29.309999465942383,30.09000015258789,8.149637222290039,24270200,4.03019418321078,0.0029956425001549,0.0093491516326076,-0.1237985591169991,0.0156145061348655,0.0434925308719399,0.0902842200715328,1,1,-1
2010-05-17,0,30.200000762939453,30.38999938964844,29.559999465942383,29.850000381469727,8.084633827209473,26530800,3.967416982923472,-0.008008212044616,0.0033554897671903,-0.1335601452900995,0.0155378857780306,0.0432793617384322,0.0903988828725114,-1,0,-1
2010-05-18,0,30.1200008392334,30.13999938964844,29.170000076293945,29.21999931335449,7.914005756378174,17679200,3.6026460110457137,-0.0213311312855615,-0.0313310362109238,-0.1357307574874234,0.0155777404059629,0.0430604178589303,0.0905218400789026,-1,-1,-1
2010-05-19,0,28.90999984741211,29.46999931335449,28.549999237060547,28.549999237060547,7.732541084289551,25227200,3.511238585544068,-0.0231965315702651,-0.0367928265607783,-0.1393926754162824,0.0156393757821956,0.0428724193747533,0.0906762716285264,-1,-1,-1
2010-05-20,0,28.0,28.100000381469727,27.43000030517578,27.43000030517578,7.429196834564209,25639300,3.376294357076101,-0.0400197835085087,-0.0862208606653697,-0.1974577700766521,0.016024115976249,0.043289518699343,0.0919435051090016,-1,-1,-1
2010-05-21,0,27.479999542236328,28.049999237060547,27.1299991607666,27.57999992370605,7.469823360443115,28529000,3.4067049918943213,0.0054535970874609,-0.0841064188213355,-0.2141125715859219,0.0159631002047738,0.0436412339760527,0.0935102435891638,1,-1,-1
2010-05-24,0,27.39999961853028,27.780000686645508,27.100000381469727,27.14999961853028,7.398965835571289,14996100,3.286794629459488,-0.0095311138440317,-0.0966331751655222,-0.2107328868162181,0.0158913470107908,0.0442012472910315,0.0948709358714989,-1,-1,-1
2010-05-25,0,26.299999237060547,26.71999931335449,26.0,26.549999237060547,7.235454082489014,24219500,3.358575216681647,-0.0223471184603864,-0.1109720815812927,-0.241147925259707,0.0159272920120248,0.0450268280592807,0.0968804297988924,-1,-1,-1
2010-05-26,0,27.020000457763672,27.420000076293945,26.6299991607666,27.049999237060547,7.371716499328613,20468900,3.410829768198784,0.018657462622124,-0.0709834876736071,-0.2019875843819589,0.0160022118298551,0.0451075997048997,0.0978244100190609,1,-1,-1
2010-05-27,0,27.5,27.920000076293945,27.39999961853028,27.809999465942383,7.578832149505615,18332900,3.426583226605588,0.0277085351423919,-0.0200784209609499,-0.1372772239529998,0.0162230634996267,0.0448618347809773,0.0976774286261716,1,-1,-1
2010-05-28,0,27.809999465942383,27.809999465942383,27.809999465942383,27.809999465942383,7.578832149505615,0,3.034109891096609,0.0,0.0199413625475588,-0.1462708683776523,0.0161427084117579,0.0448042002619985,0.097627650341086,0,1,-1
2010-05-31,0,28.209999084472656,29.600000381469727,28.209999084472656,29.600000381469727,8.066644668579102,14270600,2.836922205184459,0.0623784996569498,0.0768662651170478,-0.1031562885211366,0.0173357120506162,0.0456375038536937,0.0971631215382679,1,1,-1
2010-06-01,0,29.0,29.690000534057617,28.479999542236328,28.64999961853028,7.807750225067139,25987900,2.9619181513618345,-0.0326207584734773,0.053776620487602,-0.1290921947671613,0.0175121222126666,0.0459836409269636,0.0969130746133029,-1,1,-1
2010-06-02,0,28.63999938964844,29.350000381469727,28.63999938964844,29.100000381469727,7.930384635925293,13859300,2.792937041477705,0.0155846793885785,0.091708418336567,-0.0730666596472677,0.0175171522369174,0.047061916700793,0.0963271247786977,1,1,-1
2010-06-04,0,28.8700008392334,29.68000030517578,28.75,29.25,7.971263885498047,15178000,2.6550477293146075,0.0051415222229411,0.0781924779373842,-0.033694710286232,0.0174466527609457,0.0477779927397897,0.0957593278460575,1,1,-1
2010-06-07,0,29.450000762939453,30.07999992370605,29.32999992370605,29.520000457763672,8.044844627380371,16452000,2.494813184481961,0.0091884067224889,0.0596723495174811,-0.0169220724826286,0.0173980554799961,0.0481247370858322,0.0952636926253425,1,1,-1
2010-06-08,0,29.76000022888184,30.030000686645508,29.440000534057617,29.65999984741211,8.08299732208252,16120800,2.533206133744149,0.0047312921335347,0.0644036416510157,0.0011384974222306,0.0173272540547933,0.0485250971811906,0.0948803601270633,1,1,0
2010-06-09,0,29.89999961853028,30.3799991607666,29.549999237060547,29.549999237060547,8.053018569946289,20135000,2.5072290954594347,-0.0037157606722212,-0.0016906186781552,-0.0005627130707917,0.0172452675759251,0.0482964140029045,0.0944887707033536,-1,0,0
2010-06-10,0,30.0,30.25,29.76000022888184,29.89999961853028,8.148402214050293,17889600,2.4970711308320985,0.0117748619001753,0.0427050016954973,-0.0021432458631688,0.0172161128120861,0.0483777336479877,0.0940907205949643,1,1,0
2010-06-11,0,29.690000534057617,29.81999969482422,29.420000076293945,29.6200008392334,8.07209587097168,11613900,2.407395571507886,-0.0094087007177549,0.017711621589164,0.0061827946394868,0.0171503900638351,0.0482346251286267,0.0937521506457176,-1,1,0
2010-06-14,0,29.89999961853028,29.940000534057617,29.020000457763672,29.049999237060547,7.916756629943848,15282500,2.6474668599392444,-0.0194315544290752,-0.0068614550628524,-0.0226570103856712,0.0171518349646792,0.0480032477886198,0.093263016593115,-1,-1,-1
2010-06-15,0,29.100000381469727,29.239999771118164,28.729999542236328,29.0,7.903133869171143,12607800,2.6167609795070144,-0.0017222324188217,-0.017772094204163,-0.0277183980479196,0.0170730376833872,0.0477745897302759,0.092765344277498,-1,-1,-1
2010-06-16,0,28.850000381469727,29.799999237060547,28.799999237060547,29.64999961853028,8.080268859863281,24436900,2.6059461487686244,0.0221657736034345,-0.000337612734263,-0.00854826694464,0.0171519013347494,0.0475615409040438,0.0923514816149063,1,0,0
2010-06-17,0,29.700000762939453,29.850000381469727,29.31999969482422,29.520000457763672,8.044844627380371,15576800,2.6365104082075588,-0.0043936793992716,-0.0010155314613135,-0.0049337342992954,0.0170759870254522,0.0473497172815469,0.0919615804198043,-1,0,0
2010-06-18,0,29.59000015258789,29.65999984741211,29.25,29.489999771118164,8.036665916442871,12366200,2.593640823022002,-0.0010171571408493,-0.0138075505023383,0.0153802398454167,0.0169998369857456,0.047128129752087,0.0917092081257594,0,-1,1
2010-06-21,0,29.709999084472656,29.96999931335449,29.3799991607666,29.39999961853028,8.0121431350708,23758300,2.7087301041948573,-0.003056027444632,-0.0074548772292153,0.0355207439710496,0.0169247414495005,0.0469118487972754,0.0916332339907195,-1,-1,1
2010-06-22,0,29.38999938964844,29.6200008392334,29.01000022888184,29.11000061035156,7.933111667633057,19578200,2.758359741760352,-0.0099129321659097,0.00206374503395,0.0656275953136486,0.0168664803896361,0.0467164530446118,0.0918957344321512,-1,0,1
2010-06-23,0,29.200000762939453,29.32999992370605,28.36000061035156,28.5,7.766871929168701,24118000,2.8083112751909725,-0.0211778503616588,-0.0173918729088869,0.0389961478645288,0.0168864192857058,0.0465061867753836,0.0918328701299558,-1,-1,1
2010-06-24,0,28.450000762939453,28.450000762939453,27.489999771118164,27.489999771118164,7.491624355316162,21828900,2.843556218133314,-0.0360818563177412,-0.0756395028300628,0.0124454053908194,0.0171021429426478,0.0466815909884451,0.0915450576057633,-1,-1,1
2010-06-25,0,27.350000381469727,28.049999237060547,27.309999465942383,27.90999984741211,7.606086254119873,10738000,2.8195975514229388,0.0151631058303151,-0.0560827176004762,0.049955629681521,0.0171065856331539,0.0466502870256003,0.0915837232603647,1,-1,1
2010-06-28,0,27.920000076293945,28.059999465942383,27.34000015258789,27.420000076293945,7.472548961639404,7278900,2.68745399393472,-0.0177125823172491,-0.0727781427768759,0.0135855847421479,0.0170918624284057,0.046776979334322,0.0913007058455901,-1,-1,1
2010-06-29,0,27.0,27.100000381469727,26.709999084472656,26.82999992370605,7.311761379241943,16290900,2.726095552281115,-0.021751967908557,-0.0914740832408009,-0.0358749183088012,0.0171103425309246,0.0471318057401074,0.0908374921233511,-1,-1,-1
2010-06-30,0,26.959999084472656,27.5,26.81999969482422,26.86000061035156,7.319936752319336,18010900,2.595892250237809,0.0011174880529454,-0.0804436630219456,-0.0347574302558557,0.0170423709646415,0.0473249345621574,0.0903823390887279,0,-1,-1
2010-07-01,0,27.11000061035156,27.209999084472656,26.309999465942383,26.450000762939453,7.208203792572021,18632300,2.6137356658816904,-0.0153818945266726,-0.0746477071869594,-0.1125178244394783,0.017010996644746,0.0474420127586176,0.0901876132572608,-1,-1,-1
2010-07-02,0,26.71999931335449,26.989999771118164,26.520000457763672,26.770000457763672,7.295409679412842,10088300,2.56257205074163,0.0120255463147441,-0.0265403045544739,-0.0678715196512567,0.0169933622524175,0.047249734150554,0.0897694928365359,1,-1,-1
2010-07-05,0,26.780000686645508,27.049999237060547,26.540000915527344,26.540000915527344,7.232729911804199,6883900,2.283653564506332,-0.0086287932631786,-0.0503322036479678,-0.0920849923030139,0.016932745910036,0.0471566451857914,0.0894494114891198,-1,-1,-1
2010-07-06,0,27.0,27.299999237060547,26.76000022888184,27.049999237060547,7.371716499328613,15896300,2.207987727958279,0.0190340365885708,-0.0135855847421478,-0.0781924779373842,0.0169756662449246,0.0469585658497825,0.0890724376054963,1,-1,-1
2010-07-07,0,27.200000762939453,27.520000457763672,26.780000686645508,27.39999961853028,7.467098236083984,16555400,2.08158915311729,0.0128558853422706,0.0210222685086798,-0.0745249993176024,0.0169628354578692,0.0468826899980709,0.088687958347312,1,1,-1
2010-07-08,0,27.479999542236328,27.63999938964844,27.209999084472656,27.57999992370605,7.516150951385498,10498100,1.9136639989493824,0.0065476973569664,0.0264524778127008,-0.0727085940941708,0.0169139175347835,0.0468433644901603,0.0883029614713703,1,1,-1
2010-07-12,0,27.6200008392334,27.739999771118164,27.18000030517578,27.229999542236328,7.420769214630127,9365000,1.889498392871112,-0.0127714458089897,0.0290629265303837,-0.0817642792309392,0.0168725924983844,0.0468216474123618,0.0879527718373893,-1,1,-1
2010-07-13,0,27.39999961853028,27.489999771118164,27.06999969482422,27.299999237060547,7.439845085144043,12667200,1.968571281129901,0.0025673071929108,0.0196046874085505,-0.0909718339382038,0.0168122063709383,0.0467336005022523,0.0876453099014733,1,1,-1
2010-07-14,0,27.049999237060547,27.39999961853028,26.93000030517578,27.299999237060547,7.439845085144043,11099800,1.8960775792309392,0.0,0.0282334806717292,-0.0815631332204488,0.0167481789874483,0.0467021421306295,0.0873016875562957,0,1,-1
2010-07-15,0,27.299999237060547,27.299999237060547,26.8700008392334,27.11000061035156,7.388067245483398,7914000,1.7504934634466935,-0.0069838624559437,0.0022155816272146,-0.0691154412473173,0.0166885989832257,0.0465380868446925,0.0869253325125291,-1,0,-1
2010-07-16,0,27.040000915527344,27.09000015258789,26.709999084472656,26.84000015258789,7.314485549926758,9806100,1.6263207920645677,-0.0100094603870582,-0.0206497641021144,-0.0774026692155538,0.0166380977867096,0.046356664151616,0.086576051242131,-1,-1,-1
2010-07-19,0,26.850000381469727,27.059999465942383,26.68000030517578,26.950000762939453,7.344461917877197,12468700,1.661993041784362,0.0040898447586911,-0.0231076167003898,-0.0954785980602974,0.0165845655365068,0.0461805505255539,0.0863033234419173,1,-1,-1
2010-07-20,0,26.770000457763672,27.81999969482422,26.709999084472656,27.64999961853028,7.535228729248047,16035400,1.8029568735188184,0.0256426385367971,0.0153064676453969,-0.0654422801242286,0.0166983975017323,0.0460733155659512,0.0859326069699364,1,1,-1
2010-07-21,0,27.82999992370605,28.049999237060547,27.38999938964844,27.5,7.494349479675293,11651800,1.7437061713487985,-0.0054398533096127,0.0072993071428733,-0.069864976292992,0.0166383644573368,0.045932439577389,0.0855753997198665,-1,1,-1
2010-07-22,0,27.84000015258789,28.280000686645508,27.68000030517578,27.979999542236328,7.625161170959473,13382700,1.7008946683494988,0.0173041255632472,0.0246034327061208,-0.0495048232851126,0.0166606691476378,0.0458786111699741,0.0851992964450009,1,1,-1
2010-07-23,0,27.989999771118164,28.049999237060547,27.59000015258789,27.790000915527344,7.57338285446167,12762200,1.7361107596017376,-0.0068136154002562,0.0247736797618084,-0.046405506519459,0.0166043057934264,0.04582476744317,0.0848282753652989,-1,1,-1
2010-07-26,0,27.790000915527344,28.040000915527344,27.700000762939453,27.89999961853028,7.603357791900635,7666200,1.7138738704978764,0.0039501203998209,0.0387332605486877,-0.0212775357579792,0.0165515524294862,0.0458729839963785,0.0844992377389333,1,1,-1
2010-07-27,0,28.0,28.15999984741211,27.86000061035156,27.979999542236328,7.625161170959473,10359400,1.683614085755599,0.0028634950004351,0.0375069107904318,0.0176678155601972,0.0164967062128887,0.045906981896919,0.0843557900977665,1,1,1
2010-07-28,0,27.950000762939453,28.049999237060547,27.729999542236328,27.799999237060547,7.576106548309326,11317300,1.6898848985337789,-0.0064540397334348,0.0054102325201998,-0.0039493300035526,0.0164415694868476,0.0457613313072611,0.0840931727074112,-1,1,0
2010-07-29,0,27.84000015258789,27.950000762939453,27.6299991607666,27.739999771118164,7.559755325317383,10324200,1.7287352396828084,-0.00216059441997,0.0086894914098425,0.0116026578937262,0.0163827479865589,0.0456272651880703,0.0839115962636879,-1,1,1
2010-07-30,0,27.65999984741211,27.93000030517578,27.450000762939453,27.850000381469727,7.589729785919189,12928700,1.7811172421917547,0.0039571641539297,-0.0046574699994751,0.0373117899562131,0.0163322852494084,0.0454637887476761,0.0839105002880592,1,-1,1
2010-08-02,0,27.96999931335449,28.559999465942383,27.950000762939453,28.440000534057617,7.798120498657227,17740200,1.8739098102365184,0.0270867535033705,0.0292428989041516,0.0632810554066382,0.0164553132338466,0.0454344367388834,0.0841480106093544,1,1,1
2010-08-03,0,28.39999961853028,29.530000686645508,28.200000762939453,29.07999992370605,7.973607540130615,24018500,2.014164603679103,0.0222542873585944,0.0475470658629251,0.1009172372919053,0.0165196074352275,0.0455490481068205,0.0848320997977326,1,1,1
2010-08-04,0,29.36000061035156,29.540000915527344,29.059999465942383,29.34000015258789,8.044897079467773,20894700,2.174439315680904,0.008900956949612,0.0535845278121018,0.0977926479267731,0.0164853159599247,0.0457163034763996,0.0854412003492041,1,1,1
2010-08-05,0,29.270000457763672,29.479999542236328,29.100000381469727,29.43000030517578,8.069575309753418,11125200,2.150093231921605,0.0030628678348392,0.063101435380376,0.1094843090247911,0.0164328012518183,0.0459777952026239,0.0861804846433964,1,1,1
2010-08-06,0,29.200000762939453,29.450000762939453,28.940000534057617,29.09000015258789,7.976346492767334,11196700,2.135520296707707,-0.0116203814543963,0.0536416483459497,0.0788298909818238,0.0163976218235264,0.0461289786573604,0.0865037921657209,-1,1,1
2010-08-09,0,29.350000381469727,29.350000381469727,28.799999237060547,28.82999992370605,7.905059337615967,10274900,2.181028962222753,-0.0089774966646024,0.0407069875274176,0.0569965089749508,0.0163530485028969,0.0461613382107837,0.0865950275139283,-1,1,1
2010-08-10,0,28.6200008392334,28.6200008392334,28.18000030517578,28.40999984741211,7.789896011352539,16439600,2.2783979374378767,-0.0146754661714572,-0.0010552321474102,0.0357733454465271,0.0163326888498868,0.0460052053966385,0.0865127065761234,-1,0,1
2010-08-11,0,28.040000915527344,28.15999984741211,27.5,27.5,7.540378570556641,16895900,2.361063015713661,-0.0325551217454793,-0.055864641251484,0.0159896695100375,0.0164713202607432,0.046006082187172,0.0863117700406053,-1,-1,1
2010-08-12,0,27.3799991607666,27.86000061035156,27.200000762939453,27.530000686645508,7.54860258102417,13560300,2.4093061042084543,0.0010900684677461,-0.0636755297333499,0.0145124307848728,0.0164181603756603,0.0460627280569102,0.0861042363425409,0,-1,1
2010-08-13,0,27.64999961853028,27.81999969482422,27.5,27.65999984741211,7.5842485427856445,12344200,2.4003692787974176,0.0047110788836554,-0.0620273186845337,0.0192235096685283,0.0163725083654303,0.0461028389897318,0.0859206527497538,1,-1,1
2010-08-16,0,27.61000061035156,27.799999237060547,27.59000015258789,27.61000061035156,7.570538997650146,15292800,2.355593507950925,-0.0018092696896897,-0.0522162069198271,0.0243981024347824,0.0163185631519724,0.0460728490612388,0.0857646335716816,-1,-1,1
2010-08-17,0,27.76000022888184,28.549999237060547,27.76000022888184,28.299999237060547,7.759731769561768,15546700,2.21495736981862,0.0246835011017754,-0.0185552091534492,0.0590910639236159,0.0164052198455147,0.0459212226498889,0.085849553392989,1,-1,1
2010-08-18,0,28.290000915527344,28.350000381469727,27.61000061035156,27.68000030517578,7.589732646942139,20458600,2.1895183527910413,-0.0221514014142488,-0.0260311443962409,0.0328498177506762,0.0164342461993312,0.0457834366987413,0.0857380398830264,-1,-1,1
2010-08-19,0,26.90999984741211,27.38999938964844,26.709999084472656,26.780000686645508,7.342957973480225,26365800,2.3955387296547426,-0.0330546112969019,-0.0265306339476634,-0.0258474320830228,0.0165708962276558,0.0456479656158668,0.0854223096794991,-1,-1,-1
2010-08-20,0,26.75,27.07999992370605,26.559999465942383,26.780000686645508,7.342957973480225,17204600,2.4690037564643257,0.0,-0.0276207024154095,-0.0204075787734102,0.0165184882284228,0.045516175091322,0.0851162210431558,0,-1,-1
2010-08-23,0,26.920000076293945,27.190000534057617,26.65999984741211,26.65999984741211,7.31005334854126,10445000,2.4593400404682084,-0.0044911833513267,-0.0368229646503918,-0.0422028876879843,0.0164669803298372,0.0454132622213943,0.0848042878272139,-1,-1,-1
2010-08-24,1,26.5,26.850000381469727,26.13999938964844,26.13999938964844,7.167472362518311,15741900,2.4291135312528747,-0.0196975089335912,-0.0547112038942934,-0.0550867812213194,0.0164745031951914,0.045398811830838,0.0845095039540738,-1,-1,-1
2010-08-25,0,26.06999969482422,26.290000915527344,25.5,26.07999992370605,7.151019096374512,21490600,2.481256323252016,-0.0022981853127115,-0.0816928903087803,-0.0613350869338519,0.0164226197987501,0.045599016022795,0.0842294360594461,-1,-1,-1
2010-08-26,0,26.700000762939453,26.700000762939453,25.700000762939453,25.700000762939453,7.046826362609863,22021900,2.5860712531677974,-0.0146775233716014,-0.0742190122661329,-0.0788761053058885,0.0164010186385332,0.045722489089902,0.0840022119493011,-1,-1,-1
2010-08-27,0,25.950000762939453,26.59000015258789,25.6200008392334,26.559999465942383,7.282633304595947,14878800,2.615310042057634,0.0329151603295974,-0.0082492406396334,-0.0395069052428562,0.0165813507871146,0.0455770023847574,0.0837019714614842,1,-1,-1
2010-08-30,0,26.350000381469727,26.43000030517578,25.450000762939453,25.450000762939453,6.978274822235107,22067300,2.6911423884347574,-0.0426907883818665,-0.0509400290214999,-0.0800370992047528,0.0168345574849416,0.0455342837337963,0.0834833586504104,-1,-1,-1
2010-08-31,0,25.520000457763672,26.059999465942383,25.520000457763672,26.059999465942383,7.145535945892334,15881100,2.676936574806034,0.0236860924037337,-0.0227627532664394,-0.0603081709549487,0.0169045856869072,0.0453968760509881,0.0832114283464428,1,-1,-1
2010-09-01,0,26.299999237060547,27.190000534057617,26.14999961853028,27.030000686645508,7.41150426864624,19359200,2.653533201493909,0.0365456054299647,0.0334803610971165,-0.0508493190283545,0.0171192762096759,0.0454017713722621,0.0829276461165805,1,1,-1
2010-09-02,0,26.88999938964844,28.14999961853028,26.739999771118164,27.600000381469727,7.567798137664795,26761400,2.6712365919182304,0.0208687343316564,0.0566472807414844,-0.0522348720552925,0.0171582201952975,0.0455869835456591,0.0826483803579687,1,1,-1
2010-09-03,0,28.299999237060547,28.920000076293945,28.049999237060547,28.799999237060547,7.89683198928833,46190200,3.144330934876135,0.0425595067789195,0.1138843108920054,-0.0185763222259849,0.0174462429489199,0.0465108876885065,0.0823777894754895,1,1,-1
2010-09-06,0,29.18000030517578,29.290000915527344,28.6299991607666,29.09000015258789,7.976346492767334,19635800,3.3036043645978075,0.0100188086064278,0.0909879591688358,-0.0116203814543963,0.0174164395380998,0.0470546906784265,0.0821226669953176,1,1,-1
2010-09-08,0,28.309999465942383,28.479999542236328,27.790000915527344,27.82999992370605,7.630862236022949,32338400,3.569376596863022,-0.0442796286941397,0.0893991188565627,-0.0442796286941397,0.0176752217166268,0.0475569891041274,0.0818449303490756,-1,1,-1
2010-09-09,0,28.06999969482422,28.13999938964844,27.190000534057617,27.40999984741211,7.51569938659668,20191800,3.565558499879103,-0.0152067606534924,0.0505062657993365,-0.0505088926830298,0.0176535419638418,0.0476459497957096,0.0815751927631209,-1,1,-1
2010-09-10,0,27.5,27.940000534057617,27.40999984741211,27.520000457763672,7.54586124420166,16665300,3.5071608143884405,0.0040051490896246,0.0179658094589964,-0.0318282774219479,0.0176069870513798,0.0475499657615385,0.081302233829166,1,1,-1
2010-09-13,0,27.75,28.31999969482422,27.549999237060547,28.299999237060547,7.759731769561768,24171200,3.6643244737705793,0.0279485344399559,0.0250456095672957,0.0286753787634873,0.0177002560865442,0.0474821163621127,0.0812084515261922,1,1,1
2010-09-14,0,28.190000534057617,28.56999969482422,26.850000381469727,26.850000381469727,7.362150192260742,39196800,3.93136822469087,-0.0525957320574504,-0.0701096292690741,-0.0250104217617092,0.0180709830142181,0.0475712179130663,0.0809448122557356,-1,-1,-1
2010-09-15,0,26.0,26.600000381469727,25.75,26.450000762939453,7.252472877502441,40928700,4.29519279886433,-0.0150095385002937,-0.0951379763757957,-0.0447310391456584,0.0180464457423794,0.0478824080982966,0.0806806643199622,-1,-1,-1
2010-09-16,0,26.11000061035156,26.68000030517578,26.049999237060547,26.36000061035156,7.227793216705322,20305300,4.301704576183754,-0.0034087335872955,-0.0542670812689517,-0.0463305030432643,0.0179948819607752,0.0478598915715817,0.0804202082640875,-1,-1,-1
2010-09-17,0,26.1299991607666,26.540000915527344,26.100000381469727,26.440000534057617,7.249729156494141,18012500,4.1589586622591455,0.0030303467692653,-0.0360299738461937,-0.0679836573757742,0.0179472330833524,0.0477588941130464,0.0801975539722743,1,-1,-1
2010-09-20,0,26.420000076293945,27.43000030517578,26.200000762939453,27.100000381469727,7.430699825286865,26848600,3.831055051435849,0.0246559329871889,-0.0153791899486295,-0.0211763229743365,0.0180068627829451,0.0476204190006643,0.0799485988860749,1,-1,-1
2010-09-21,0,27.1200008392334,27.25,26.350000381469727,26.350000381469727,7.225050449371338,28615300,3.930516154393845,-0.0280658268449414,-0.0713935512335269,-0.0161875385223761,0.018064213602577,0.0477057777167021,0.0797092454537932,-1,-1,-1
2010-09-22,0,26.09000015258789,26.43000030517578,25.81999969482422,25.979999542236328,7.123600959777832,43614700,4.05735766442244,-0.0141408662342286,-0.0329386854103051,-0.0303284047566048,0.0180367563791745,0.0475967376805408,0.0794566904984428,-1,-1,-1
2010-09-23,0,25.920000076293945,27.459999084472656,25.920000076293945,26.799999237060547,7.348440647125244,55285600,4.562366557881778,0.0310747835107494,0.0131456366007377,0.0052375621054712,0.0181537839531925,0.0474952525800763,0.0792750545545654,1,1,0
2010-09-24,0,27.049999237060547,27.09000015258789,26.299999237060547,26.299999237060547,7.211345195770264,85873800,5.541621712869199,-0.0188326263525749,-0.0022782561645415,0.0061024446864875,0.0181477644206437,0.0473639184513985,0.079097306363557,-1,0,0
2010-09-27,0,26.34000015258789,26.690000534057617,26.049999237060547,26.5,7.266180992126465,57987900,6.005518920587639,0.0075753354373997,0.0022667325035927,0.0159759654365988,0.0181110257117598,0.0472396149853048,0.0789572685698188,1,0,1
2010-09-28,0,26.76000022888184,26.88999938964844,26.450000762939453,26.700000762939453,7.321022510528564,34634300,5.936041575794102,0.0075191625011324,-0.0148700379824634,0.0381726513093327,0.0180743121033958,0.0471069329212528,0.0789269219142975,1,-1,1
2010-09-29,0,26.600000381469727,27.5,26.540000915527344,27.5,7.540378570556641,77343700,6.5042670802432,0.0295223836075615,0.0427181724700395,0.034779874587297,0.0181716151430108,0.047145045420442,0.0788753219291863,1,1,1
2010-09-30,0,27.64999961853028,27.950000762939453,27.21999931335449,27.290000915527344,7.482797622680664,35377400,6.7383292003470645,-0.0076656532680588,0.0491933854362094,0.0698050097011045,0.0181277070199013,0.0472239208839252,0.0790583691445661,-1,1,1
2010-10-01,0,27.57999992370605,27.700000762939453,27.309999465942383,27.5,7.540378570556641,22431100,6.814828841615247,0.0076656532680589,0.0257842551935189,0.0537845705654297,0.0180914193167464,0.0471687291022342,0.0791156557852807,1,1,1
2010-10-04,0,27.479999542236328,27.850000381469727,27.350000381469727,27.3799991607666,7.507474899291992,25001100,6.791397201071696,-0.004373211603998,0.0402436699420958,0.0128657535314668,0.0180438984836744,0.0471858402965548,0.0789590362621013,-1,1,1
2010-10-05,0,27.59000015258789,27.600000381469727,26.76000022888184,26.979999542236328,7.3977952003479,42377800,7.003227445293443,-0.0147171675356149,0.0179511669690809,-0.0227201483358046,0.018021117774241,0.0471006906031136,0.078725369402928,-1,1,-1
2010-10-06,0,26.799999237060547,26.88999938964844,25.59000015258789,25.86000061035156,7.090697288513184,67569200,7.337414537720908,-0.0423983260400308,-0.0319663215720823,-0.1076779811547549,0.0182160143456862,0.0470006581896465,0.0786973528056067,-1,-1,-1
2010-10-07,0,26.049999237060547,26.049999237060547,24.63999938964844,25.299999237060547,6.937146186828613,59209700,7.3463107566771555,-0.0218932062012358,-0.0833819113808797,-0.1395899959624187,0.0182258285599498,0.0471842689428015,0.078882077053722,-1,-1,-1
2010-10-08,0,25.209999084472656,26.0,24.8799991607666,26.0,7.129082679748535,32670900,6.579687896823758,0.0272920920572752,-0.0484241660555455,-0.0680182752110036,0.0183006190340012,0.0471401517599167,0.0786900457757641,1,-1,-1
2010-10-11,0,26.100000381469727,26.209999084472656,25.780000686645508,25.850000381469727,7.087954044342041,14338300,5.945277658427378,-0.0057858400367965,-0.0618756593604009,-0.0585973545943077,0.0182549070423479,0.047163936962098,0.0784793302196186,-1,-1,-1
2010-10-13,0,26.020000457763672,26.09000015258789,25.57999992370605,25.709999084472656,7.049565315246582,30156000,5.863978967932092,-0.0054307721842575,-0.0629332199406604,-0.0680332758681898,0.0182091529808218,0.0471920359031403,0.0782901501994031,-1,-1,-1
2010-10-14,0,25.65999984741211,26.440000534057617,25.440000534057617,26.440000534057617,7.249729156494141,40386400,5.287729464163102,0.0279981529323716,-0.0202178994726738,-0.0679836573757742,0.0182878799789472,0.0470712206798939,0.0781021310587477,1,-1,-1
2010-10-15,0,26.530000686645508,26.63999938964844,26.18000030517578,26.290000915527344,7.208600997924805,26691200,5.144236303788047,-0.0056892143232984,0.0164912122440585,-0.0210771396416222,0.0182429303272794,0.0469887675920623,0.0778835823719403,-1,1,-1
2010-10-18,0,26.14999961853028,26.5,25.96999931335449,26.39999961853028,7.238762855529785,28001900,5.210828314902118,0.0041754193680429,0.0425598378133373,-0.0018921817732856,0.0182009543858144,0.0470238496645302,0.0777004066651413,1,1,0
2010-10-19,0,25.940000534057617,26.1200008392334,25.280000686645508,25.280000686645508,6.931661605834961,31746200,5.275036549678228,-0.0433507610652212,-0.0280830153091593,-0.0418342092512113,0.018395588218988,0.0469176712810498,0.0774797658937738,-1,-1,-1
2010-10-20,0,25.46999931335449,25.6299991607666,24.989999771118164,24.989999771118164,6.852145671844482,30872600,5.072723939023322,-0.0115377144319849,-0.0338348897043477,-0.0564022704524617,0.0183616322828151,0.046825123965716,0.077275918813388,-1,-1,-1
2010-10-21,0,25.049999237060547,25.229999542236328,24.100000381469727,24.15999984741211,6.624563694000244,44679400,4.709344044671747,-0.0337773277971705,-0.0621814453172607,-0.1148355312368211,0.0184537042590259,0.0468493866753495,0.0772879926718063,-1,-1,-1
2010-10-22,0,24.459999084472656,24.709999084472656,23.89999961853028,24.209999084472656,6.6382737159729,28738200,4.272857880092107,0.0020674349586352,-0.0881121632909971,-0.0847022694332443,0.0184096422932372,0.0470534874959782,0.0771576557572017,1,-1,-1
2010-10-25,0,24.450000762939453,24.790000915527344,24.350000381469727,24.56999969482422,6.736984729766846,21647100,4.100073768672853,0.014760508201021,-0.0676624407666775,-0.0558008949979947,0.0184019495122737,0.0471043440342713,0.0769560571933356,1,-1,-1
2010-10-26,0,24.520000457763672,26.25,24.450000762939453,25.850000381469727,7.087954044342041,46812400,4.556800616099615,0.050784274341862,-0.0210535857928584,-0.036091404166882,0.0187280362941592,0.0469887516359761,0.0767419926804983,1,-1,-1
2010-10-27,0,25.700000762939453,27.049999237060547,25.239999771118164,26.190000534057617,7.181181907653809,56750100,4.943624316469819,0.0130672509113524,0.0353644261837151,-0.0041915269029546,0.0187104974531569,0.0469887747598876,0.0765661510622829,1,1,0
2010-10-28,0,26.489999771118164,26.84000015258789,25.8700008392334,26.26000022888184,7.200374126434326,36697700,4.886967168188511,0.0026690060697404,0.0495711466854406,-0.009097856270614,0.0186668215561057,0.0470695445822845,0.0763811842204713,1,1,-1
2010-10-29,0,26.59000015258789,26.59000015258789,25.850000381469727,25.850000381469727,7.087954044342041,31585700,4.949415352925152,-0.0157362569810927,0.0676122175015183,-0.0323532757528393,0.0186470097537674,0.0472807353693933,0.0761726151196212,-1,1,-1
2010-11-01,0,26.049999237060547,26.670000076293945,25.93000030517578,26.489999771118164,7.263440132141113,22132600,4.866194906368008,0.0244568343131273,0.0900016168560105,-0.0374188250472736,0.0186906165146853,0.0476954058314198,0.0759654451182049,1,1,-1
2010-11-03,0,26.700000762939453,27.11000061035156,26.5,27.0,7.442614078521728,36288300,4.965459280156852,0.0243685777655969,0.0996096864205863,-0.0053845940136175,0.0187322550482546,0.0482010881139733,0.0757925179798834,1,1,0
2010-11-04,0,27.350000381469727,27.63999938964844,27.209999084472656,27.5,7.580437660217285,32455000,5.033875667201151,0.0183487950279737,0.0671742071066982,0.0052985477462972,0.018737359392215,0.048383909882547,0.0756475440089674,1,1,0
2010-11-05,0,27.420000076293945,27.64999961853028,27.25,27.25,7.511528015136719,16761300,4.696395631927779,-0.0091320276562258,0.04497492853912,0.0005397316940693,0.018699983941038,0.0484144158195466,0.0754903910923311,-1,1,0
2010-11-08,0,27.11000061035156,27.57999992370605,27.100000381469727,27.530000686645508,7.588711261749268,25051600,4.6950807053322166,0.0102228736087536,0.0525287960781332,0.0254797728384382,0.0186724318189916,0.0484871508023536,0.0754184297943163,1,1,1
2010-11-09,0,27.6200008392334,27.770000457763672,27.1200008392334,27.1200008392334,7.475692749023437,20757700,4.713617670359808,-0.0150049923176464,0.0532600607415797,0.0528731065608226,0.0186516381617349,0.0485617358820373,0.0754872995121733,-1,1,1
2010-11-10,0,27.11000061035156,27.25,26.8700008392334,27.1299991607666,7.478446960449219,21229300,4.3702575010385605,0.0003683543835262,0.0291715808119784,0.0751346671455848,0.0186077887537968,0.0485144922853074,0.075704202758833,0,1,1
2010-11-11,1,27.06999969482422,27.11000061035156,26.64999961853028,26.71999931335449,7.365431785583496,27355900,3.961411144009321,-0.0152274699331145,-0.010424466886733,0.0326151051551948,0.0185880032188824,0.0483973827576627,0.0756577429962089,-1,-1,1
2010-11-12,0,26.239999771118164,26.38999938964844,25.81999969482422,25.850000381469727,7.125612735748291,41525500,4.0242277720029,-0.0331019544308392,-0.061875216345546,0.0052989907611522,0.0186699783609647,0.0484226871252458,0.0755120014687622,-1,-1,0
2010-11-16,0,25.850000381469727,25.90999984741211,25.1299991607666,25.39999961853028,7.001571178436279,32183100,4.027113432023644,-0.0175611425252638,-0.0703043312145839,-0.006831379579854,0.0186580256507725,0.0484940029838239,0.0753400059512437,-1,-1,0
2010-11-17,0,25.489999771118164,25.690000534057617,25.280000686645508,25.450000762939453,7.015350818634033,16842600,3.9425798641990113,0.0019661441562786,-0.078561060667059,-0.0328633883559469,0.01861624605442,0.0486155574182513,0.0751455819986167,1,-1,-1
2010-11-18,0,25.850000381469727,26.09000015258789,25.709999084472656,25.89999961853028,7.139395713806152,24640000,3.755731841686122,0.0175274167612605,-0.0460286515881521,-0.009646757271388,0.0186187793466861,0.0485660446188998,0.0749713971179128,1,-1,-1
2010-11-19,0,25.700000762939453,25.75,25.420000076293945,25.700000762939453,7.084266662597656,16481500,3.499238958278457,-0.0077517766955143,-0.0541487826671928,-0.0215739533349453,0.0185805257401896,0.0485482970874497,0.0747843267522068,-1,-1,-1
2010-11-22,0,25.63999938964844,25.670000076293945,24.950000762939453,25.059999465942383,6.907847881317139,19249900,3.5132724496998806,-0.0252182227663733,-0.0641395355004516,-0.0034414150360974,0.0186063631225647,0.0485774395575286,0.0746237252203253,-1,-1,0
2010-11-23,0,24.690000534057617,24.93000030517578,24.520000457763672,24.64999961853028,6.794831275939941,27569300,3.5077549829929326,-0.0164959227120056,-0.0475335037816181,-0.0083996233161181,0.0185905439084331,0.0485318573426481,0.0744551190555457,-1,-1,-1
2010-11-24,0,24.89999961853028,25.3700008392334,24.75,25.239999771118164,6.957465648651123,23972500,3.530791559921877,0.0236530604183884,-0.0063193008379658,0.0490307648994408,0.0186270216728359,0.0484195220243614,0.0744921455875102,1,-1,1
2010-11-25,0,25.350000381469727,25.350000381469727,24.850000381469727,24.850000381469727,6.8499603271484375,8896300,3.336685532070028,-0.0155724164934288,-0.0238578614876732,0.0313909134473767,0.0186082320283562,0.0483164417423963,0.0744411809950775,-1,-1,1
2010-11-26,0,24.65999984741211,24.82999992370605,24.43000030517578,24.600000381469727,6.7810468673706055,17078100,3.166672928124723,-0.0101113653502507,-0.0514966435991846,0.0065190398961049,0.0185747460502991,0.0482865145771726,0.074305064169034,-1,-1,0
2010-11-29,0,24.549999237060547,24.940000534057617,24.459999084472656,24.700000762939453,6.808614253997803,18657100,2.8315996450238563,0.0040571172738907,-0.0396877496297794,-0.0402081171718662,0.0185371443214541,0.0482166218316772,0.0741232893280893,1,-1,-1
2010-11-30,0,24.690000534057617,25.100000381469727,24.51000022888184,24.59000015258789,6.778290748596191,28357900,2.765892521844548,-0.0044636443315437,-0.0189331711949499,-0.0577390124147625,0.0184966076059523,0.0481098453356178,0.0739628068624073,-1,-1,-1
2010-12-01,0,25.030000686645508,25.34000015258789,24.96999931335449,25.26000022888184,6.962979316711426,22328400,2.839936047089974,0.0268824773072069,0.0244452288242626,-0.033525541177296,0.0185535330418427,0.0480577308053443,0.0737813880168247,1,1,-1
2010-12-02,0,25.450000762939453,25.690000534057617,25.299999237060547,25.39999961853028,7.001571178436279,19060800,2.755686039708314,0.0055271324320916,0.0063193008379659,-0.0122621517641115,0.0185185365465942,0.0479618350123879,0.0736139655841647,1,1,-1
2010-12-03,0,25.450000762939453,25.700000762939453,25.229999542236328,25.700000762939453,7.084266662597656,15838500,2.7466473724774185,0.0117417842220248,0.0336335015534194,-0.0249772018552141,0.0184988160891859,0.0479436909169637,0.0734366191083014,1,1,-1
2010-12-06,0,25.76000022888184,26.040000915527344,25.709999084472656,25.86000061035156,7.12837028503418,17859600,2.7354054714650737,0.0062062746221753,0.0499511415258455,-0.0431395049986359,0.0184653034678971,0.0480035910579697,0.0732632411284281,1,1,-1
2010-12-07,0,26.200000762939453,26.290000915527344,25.350000381469727,25.350000381469727,6.987787246704102,27050000,2.738760662493151,-0.0199186904877647,0.0259753337641899,-0.0814069905143745,0.0184648919583746,0.0479555003354424,0.0731672485273685,-1,1,-1
2010-12-08,0,25.3799991607666,25.5,25.0,25.0,6.8913092613220215,21494200,2.701725117402749,-0.0139028559006883,0.0165361221950453,-0.0861778187588369,0.0184425152510238,0.0478803671943659,0.0730873608203478,-1,1,-1
2010-12-09,0,25.170000076293945,25.5,25.09000015258789,25.39999961853028,7.001571178436279,21341600,2.8773031939986344,0.0158734875442531,0.0055271324320916,-0.0805272048233376,0.0184384438963503,0.0477846963724533,0.0729885361874227,1,1,-1
2010-12-10,0,25.600000381469727,25.739999771118164,25.450000762939453,25.700000762939453,7.084266662597656,14107600,2.8458221269253112,0.0117417842220248,0.0117417842220248,-0.0537804282836666,0.018419305995753,0.0476999004187691,0.0728299335323788,1,1,-1
2010-12-13,0,25.88999938964844,26.09000015258789,25.8799991607666,25.90999984741211,7.142152786254883,16896400,2.83321746077298,0.0081378794326189,0.0081378794326189,-0.046010903234574,0.018390551925488,0.0476091550382833,0.0726637061138759,1,1,-1
2010-12-14,0,25.82999992370605,26.040000915527344,25.71999931335449,25.82999992370605,7.1200995445251465,15664600,2.6731182959235307,-0.0030925352874536,-0.0011609304770101,-0.0338759685889131,0.018351520035639,0.0475080785715279,0.0724929750189905,-1,0,-1
2010-12-15,0,25.59000015258789,25.709999084472656,25.3700008392334,25.3700008392334,6.993298053741455,23538200,2.6912493918104583,-0.0179694367576849,0.0007883232530696,-0.0187434509157587,0.0183438850513584,0.0474092478916647,0.0723297035814585,-1,0,-1
2010-12-16,0,25.5,25.64999961853028,25.26000022888184,25.350000381469727,6.987787246704102,15651800,2.6434602824225144,-0.0007883232530696,0.0139028559006883,-0.0019706316435646,0.0183050454691943,0.0473307497940418,0.0721915431006181,0,1,0
2010-12-17,0,25.229999542236328,25.940000534057617,25.040000915527344,25.940000534057617,7.150422096252441,17747100,2.672619174891421,0.0230074431163233,0.0210368114727587,0.01907066731648,0.0183355638940833,0.0472697813713542,0.0721093931639639,1,1,1
2010-12-20,0,25.940000534057617,26.059999465942383,25.56999969482422,25.56999969482422,7.048430442810059,31823100,2.865078610190087,-0.0143664295919322,-0.0050714023411983,-0.0128231790367128,0.018316104885122,0.0471689107775751,0.0719551424491587,-1,-1,-1
2010-12-21,0,25.84000015258789,25.93000030517578,25.709999084472656,25.770000457763672,7.103560924530029,16018600,2.715801669280769,0.0077912371725699,-0.0054180446012472,0.0027198348313715,0.0182875664419485,0.0470685680876441,0.0718287095089985,1,-1,0
2010-12-22,0,25.559999465942383,25.71999931335449,25.46999931335449,25.71999931335449,7.145233154296875,11576500,2.5860184059292357,0.0058492456764527,0.0035237363626591,0.0337873032741975,0.0182554889363142,0.0469752799298429,0.0718018630211515,1,0,1
2010-12-23,0,25.63999938964844,25.8700008392334,25.559999465942383,25.75,7.153565883636475,12437000,2.466058330324881,0.0011655147066232,0.0226586878269673,0.0514487406928267,0.018218334957119,0.0469203104998743,0.0718567720803454,0,1,1
2010-12-27,0,25.559999465942383,26.09000015258789,25.520000457763672,26.049999237060547,7.236908435821533,12045200,2.440715382815897,0.0115831462072713,0.0350301572873084,0.0393788264817096,0.0181997578691694,0.0469070099874905,0.0718511081254043,1,1,1
2010-12-28,0,26.299999237060547,26.709999084472656,26.209999084472656,26.65999984741211,7.406373500823975,21577300,2.518365167073069,0.0231468098377755,0.0351695240087607,0.0780980528129141,0.0182298999127574,0.0468936456358278,0.0720607770467035,1,1,1
2010-12-29,0,26.780000686645508,27.170000076293945,26.780000686645508,26.96999931335449,7.492493152618408,20295300,2.598785002462809,0.0115606928970392,0.0610966464977324,0.0997701110602042,0.0182109298832834,0.04700966186957,0.0724244940926174,1,1,1
2010-12-30,0,27.290000915527344,27.440000534057617,27.09000015258789,27.290000915527344,7.58139181137085,29619400,2.717734684669684,0.0117951927645595,0.0651006020897219,0.107508186550873,0.0181926210100104,0.0471477489702522,0.0728416763735196,1,1,1
2011-01-03,0,27.5,27.57999992370605,26.90999984741211,27.0,7.500828266143799,22738500,2.839143870203901,-0.0106833491441576,0.0485680072691116,0.1012884817382592,0.0181657303535471,0.0471889408710288,0.0731974750217384,-1,1,1
2011-01-04,0,27.01000022888184,27.059999465942383,26.39999961853028,26.89999961853028,7.473045825958252,30936600,3.0460850456129664,-0.0037107927975038,0.0436916997649844,0.0706952116335484,0.0181296260247251,0.0472058164786348,0.0733332679116505,-1,1,1
2011-01-05,0,26.68000030517578,27.350000381469727,26.57999992370605,27.21999931335449,7.561945915222168,24306800,2.9657300659571515,0.0118258961310817,0.0439344496887949,0.0769939753325387,0.0181118641122143,0.0472226913754284,0.0735034473296702,1,1,1
2011-01-06,0,27.200000762939453,27.459999084472656,27.01000022888184,27.11000061035156,7.531388282775879,24328800,3.103518131428823,-0.0040491615433125,0.0167384783077066,0.0612030295672013,0.0180763885849786,0.0471504346867689,0.073578028520193,-1,1,1
2011-01-07,0,27.020000457763672,27.18000030517578,26.729999542236328,26.729999542236328,7.4258198738098145,17453800,3.1965640067959784,-0.0141162924128492,-0.0089385070021818,0.0408804625321768,0.0180587227880212,0.0470542721879136,0.0735555508834688,-1,-1,1
2011-01-10,0,26.64999961853028,27.020000457763672,26.57999992370605,26.979999542236328,7.495270252227783,14366200,3.233688817512538,0.0093090892653445,-0.0114246105013969,0.070108242285286,0.0180348972635725,0.0469593745710894,0.07367424031505,1,-1,1
2011-01-11,0,27.100000381469727,27.39999961853028,27.06999969482422,27.14999961853028,7.54249906539917,23190100,3.407790344280712,0.0062813795664754,0.0055401182092361,0.0902924777524498,0.0180051751831182,0.0468710179705146,0.0739153650577937,1,1,1
2011-01-12,0,27.3799991607666,27.979999542236328,27.31999969482422,27.89999961853028,7.7508544921875,39193500,3.6934713103815633,0.0272495262040533,0.0365004372107932,0.1016685164122501,0.0180576411597177,0.0468575171020968,0.074230692681228,1,1,1
2011-01-13,0,28.0,28.1200008392334,27.309999465942383,27.309999465942383,7.586946964263916,31826100,3.8708651971603114,-0.0213738283558328,0.0033007127238787,0.0685529038343925,0.0180670332531266,0.0467677000486964,0.0743272360881207,-1,0,1
2011-01-14,0,27.270000457763672,27.709999084472656,27.25,27.549999237060547,7.653621196746826,20220300,3.732368311035645,0.0087496289032517,0.0160995031704428,0.0691646533050255,0.0180420986318754,0.0466963803257896,0.0744239623211603,1,1,1
2011-01-17,0,27.420000076293945,27.770000457763672,27.36000061035156,27.450000762939453,7.625840663909912,19288800,3.685809108067732,-0.0036363274704049,0.0265794681128872,0.068620861122074,0.0180075366615402,0.0466503252921262,0.0745146888269269,-1,1,1
2011-01-18,0,27.64999961853028,27.76000022888184,27.39999961853028,27.71999931335449,7.700847625732422,22139400,3.565367549834792,0.0097878366442326,0.0270582154917755,0.0963781345239918,0.0179852021808981,0.0466055746841919,0.0747702905764804,1,1,1
2011-01-19,0,27.799999237060547,27.950000762939453,27.25,27.299999237060547,7.584168434143066,22631600,3.541229346113417,-0.0152674302156532,0.0055094057096467,0.0818990275614082,0.0179720730941675,0.0465193902775289,0.0749276122379847,-1,1,1
2011-01-20,0,27.14999961853028,27.520000457763672,26.959999084472656,27.270000457763672,7.575835704803467,21486200,3.500643856351741,-0.0010993044727932,-0.0228394249671998,0.0577922799722916,0.0179373444212559,0.0464391894382383,0.0749550594010835,0,-1,1
2011-01-21,0,27.40999984741211,27.51000022888184,27.049999237060547,27.049999237060547,7.514715671539307,18127100,3.513762249092179,-0.0081004816793028,-0.0095660782906699,0.0640582278849209,0.0179080687403661,0.0463484577177402,0.0750100331711325,-1,-1,1
2011-01-24,0,27.07999992370605,27.25,26.809999465942383,27.0,7.500828266143799,10765700,3.460332315549273,-0.0018497377667867,-0.0201654449607083,0.0544172529455643,0.0178737859184813,0.046265767031589,0.0750189883891128,-1,-1,1
2011-01-26,0,27.09000015258789,27.32999992370605,26.709999084472656,26.82999992370605,7.453600883483887,21396900,3.429720436206504,-0.0063161942453197,-0.0228453117356232,0.0422518130237918,0.0178425163248703,0.0461868883739775,0.0749789971537391,-1,-1,1
2011-01-27,0,26.950000762939453,27.14999961853028,26.709999084472656,26.8700008392334,7.464712142944336,18552100,3.1017281929247784,0.0014896136708453,-0.0311435347090105,0.0425759119880138,0.0178093000760078,0.0461226005116072,0.0749395178060285,0,-1,1
2011-01-28,0,27.049999237060547,27.07999992370605,26.25,26.670000076293945,7.409151554107666,28037200,3.034796990510737,-0.0074709367241474,-0.0233470412175047,0.0235218290565951,0.0177798012795317,0.0460451169992947,0.0748419651236641,-1,-1,1
2011-01-31,0,26.86000061035156,27.25,26.65999984741211,27.09000015258789,7.5258331298828125,33947200,3.2346564861666898,0.0156255868091529,-0.0066221499355584,0.0160006060279725,0.017776031599837,0.0459564837597021,0.0747275396254321,1,-1,1
2011-02-01,0,27.299999237060547,27.71999931335449,27.11000061035156,27.63999938964844,7.678623199462891,28782500,3.381326333665569,0.0200987407442757,0.0215770724880203,0.024538653875209,0.017789927878828,0.0459016531498128,0.0746330670771451,1,1,1
2011-02-02,0,27.600000381469727,27.979999542236328,27.5,27.799999237060547,7.723074913024902,33156700,3.5511383550741646,0.005772329344996,0.029199139599803,0.0185157904556455,0.0177614213984083,0.045867145038145,0.0745247015156561,1,1,1
2011-02-03,0,27.76000022888184,28.1200008392334,27.700000762939453,28.030000686645508,7.7869696617126465,27639400,3.637622917657727,0.0082391910395191,0.0437545248846421,0.0374383306393223,0.0177371805796253,0.045884108063032,0.0744672423496439,1,1,1
2011-02-04,0,28.040000915527344,28.21999931335449,27.559999465942383,27.6200008392334,7.673066139221191,27702000,3.7364060296283257,-0.0147354876772111,0.0275294235365856,0.026413635759615,0.0177240334616411,0.045844197416812,0.0743779017056494,-1,1,1
2011-02-07,0,27.799999237060547,27.8700008392334,27.11000061035156,27.21999931335449,7.561945915222168,23873700,3.824331805339688,-0.0145877396285332,0.0204126206321997,0.0,0.0177104077185339,0.0457866010859057,0.0742401652187563,-1,1,0
2011-02-08,0,27.0,27.31999969482422,26.84000015258789,26.8799991607666,7.467489242553711,21047,3.6644113851404407,-0.0125697227256789,-0.0077826889026321,-0.0085205611823664,0.0176914805618288,0.0457005774547109,0.0740956000060869,-1,-1,-1
2011-02-09,0,26.8799991607666,26.8799991607666,26.8799991607666,26.8799991607666,7.467489242553711,0,3.3479537959136403,0.0,-0.027881429646908,0.0055957312304827,0.0176590546794775,0.0456343862814817,0.0739664960260948,0,-1,0
2011-02-10,0,26.8799991607666,26.8799991607666,26.8799991607666,26.8799991607666,7.467489242553711,0,3.073161428345668,0.0,-0.0336537589919041,-0.0037133580348616,0.0176268064414921,0.0455800445063641,0.0738272807808679,0,-1,0
2011-02-11,0,26.450000762939453,26.700000762939453,26.299999237060547,26.39999961853028,7.334142208099365,19504200,2.9448090155306947,-0.0180183708265087,-0.059911320857932,-0.0280131084278458,0.017624197933228,0.0456123285577065,0.0736827029319519,-1,-1,-1
2011-02-14,0,26.40999984741211,26.90999984741211,26.239999771118164,26.75,7.431377410888672,18258200,2.7070998808199693,0.0131707668816198,-0.032005066299101,-0.0420918677502793,0.0176132373669948,0.0455542551818382,0.0735498029446303,1,-1,-1
2011-02-15,0,26.670000076293945,27.31999969482422,26.6299991607666,26.96999931335449,7.492493152618408,27939600,2.6839381910238247,0.0081903797165879,-0.0092269469539799,-0.0125276596778585,0.0175901600114192,0.0454704215213571,0.073407226444681,1,-1,-1
2011-02-16,0,27.200000762939453,27.450000762939453,27.06999969482422,27.309999465942383,7.586946964263916,24193500,2.540045871146328,0.0125276596778585,0.0158704354495575,-0.0087496289032517,0.0175773001559183,0.0454070341866985,0.0732674897190316,1,1,-1
2011-02-17,0,27.39999961853028,27.440000534057617,27.040000915527344,27.25,7.570279598236084,19143600,2.4005429557649665,-0.0021992641829443,0.0136711712666133,-0.0073125656157911,0.017545800406611,0.0453401167594223,0.0731295069019144,-1,1,0
2011-02-18,0,27.15999984741211,27.440000534057617,27.11000061035156,27.3700008392334,7.603616237640381,16769000,2.231773255179985,0.0043939530625806,0.0180651243291939,-0.0127064491974432,0.0175173185064828,0.0452813267965701,0.0729892842828324,1,1,-1
2011-02-21,0,27.46999931335449,27.64999961853028,27.25,27.39999961853028,7.611950874328613,22204200,2.2089257966463736,0.0010955408313746,0.0371790359870772,0.0036565218495846,0.0174864575829272,0.0452746371182822,0.0728637056110467,0,1,0
2011-02-22,0,27.459999084472656,27.950000762939453,27.450000762939453,27.770000457763672,7.71474027633667,36610900,2.769055372768799,0.0134133247842547,0.0374215938897122,0.0181691511066327,0.0174763902534874,0.0452682910192712,0.0727627346722745,1,1,1
2011-02-23,0,27.90999984741211,28.89999961853028,27.799999237060547,28.709999084472656,7.975880146026611,62622100,3.7601263787306474,0.0332891852362006,0.0625203994093249,0.0595588180221362,0.017563661438439,0.0453729315834305,0.0727906294971036,1,1,1
2011-02-24,0,28.709999084472656,28.709999084472656,28.709999084472656,28.709999084472656,7.975880146026611,0,3.7601263787306474,0.0,0.0499927397314663,0.0614085557889231,0.0175326708096954,0.0454139976325675,0.0728248079205914,0,1,1
2011-02-25,0,28.40999984741211,28.75,28.14999961853028,28.600000381469727,7.945322036743164,27201000,3.905124430685945,-0.0038386732931978,0.0483533306212129,0.063886076741045,0.0175026894772067,0.0454468124538244,0.0728680105446876,-1,1,1
2011-02-28,0,28.440000534057617,28.68000030517578,28.15999984741211,28.57999992370605,7.939764022827148,28891100,4.091059374719245,-0.000699777655844,0.0432595999027882,0.0616966854143556,0.0174719577399086,0.0454581660859854,0.0729001848296063,0,1,1
2011-03-01,0,28.5,28.790000915527344,28.190000534057617,28.290000915527344,7.859199047088623,26547900,4.089686204851149,-0.0101988559277517,0.0319652031436619,0.0589687662107513,0.017450150316894,0.0454310768415366,0.0729196623816183,-1,1,1
2011-03-02,0,28.299999237060547,28.959999084472656,28.170000076293945,28.89999961853028,8.02866268157959,25808400,4.136618187603412,0.0213332749700996,0.0398851533295065,0.0646764543716978,0.0174687555497206,0.0454290299509367,0.072961435772446,1,1,1
2011-03-03,0,28.920000076293945,28.96999931335449,28.600000381469727,28.959999084472656,8.045331954956055,17305300,4.125316793624671,0.0020740680495407,0.0086700361428465,0.0466517816769625,0.0174392129782457,0.0453558290440871,0.0729332185725979,1,1,1
2011-03-04,1,29.0,29.170000076293945,28.71999931335449,29.07999992370605,8.078668594360352,21019800,4.2092647866717225,0.0041350391676061,0.0128050753104527,0.0450144914995726,0.017411403666815,0.0452879667970657,0.0728990495664591,1,1,1
2011-03-09,0,29.07999992370605,29.07999992370605,29.07999992370605,29.07999992370605,8.078668594360352,0,3.873890600611776,0.0,0.0166437486036505,0.0367753004600535,0.0173814150452473,0.0452261834433429,0.0728397027025808,0,1,1
2011-03-10,0,28.39999961853028,28.43000030517578,27.8799991607666,28.1200008392334,7.811972618103027,22751200,3.666115123664965,-0.0335695731287807,-0.0162260468692861,0.0179412150084839,0.0174574545558949,0.0451521726162417,0.0727370681651573,-1,-1,1
2011-03-11,0,27.950000762939453,28.39999961853028,27.670000076293945,28.170000076293945,7.825862407684326,20803900,2.9980983907914225,0.0017764342968299,-0.0042507566447045,0.0343053889338467,0.0174282212048158,0.045073450922854,0.0726710587674638,1,0,1
2011-03-14,0,28.0,28.420000076293945,27.8700008392334,28.280000686645508,7.85642147064209,13554000,3.209394149439094,0.0038972769367515,-0.0216867546780526,0.0507723885962774,0.0174006667294799,0.0450061723243604,0.0726548052106787,1,-1,1
2011-03-15,0,27.450000762939453,28.170000076293945,27.450000762939453,28.040000915527344,7.789749145507812,22515300,3.128570952078276,-0.0085225618876713,-0.0322833846152645,0.0422498267086061,0.0173768009379976,0.0449572201592363,0.0726105222623294,-1,-1,1
2011-03-16,0,28.15999984741211,28.40999984741211,27.61000061035156,27.780000686645508,7.717517852783203,33678600,3.1891438154872964,-0.0093158665697531,-0.045734290352624,0.0329339601388527,0.0173542688381355,0.0449434549726623,0.0725404052728301,-1,-1,1
2011-03-17,0,28.13999938964844,28.200000762939453,27.8799991607666,28.07999992370605,7.800860404968262,16511000,3.030710150292692,0.010741245263987,-0.034993045088637,0.0616935762293484,0.0173380890257862,0.0449004094576173,0.0725624236074524,1,-1,1
2011-03-18,0,28.200000762939453,28.21999931335449,27.81999969482422,27.89999961853028,7.7508544921875,21601100,2.951776386512892,-0.0064309415974492,-0.0078544135573055,0.0420918677502792,0.0173118849366911,0.0448237405979895,0.0725164332846017,-1,-1,1
2011-03-21,0,28.15999984741211,28.350000381469727,27.979999542236328,28.1299991607666,7.81475019454956,28912600,3.123847153011321,0.0082099041498096,-0.0014209437043257,0.0421113921835011,0.0172908026243335,0.0447477113608064,0.0724701892574683,1,0,1
2011-03-22,0,28.15999984741211,28.350000381469727,27.979999542236328,28.1299991607666,7.863226890563965,28580800,3.232833249132161,0.0061840695698401,0.0008658489287628,0.0357678020754827,0.0172666369617189,0.0446729101575102,0.0724063601946942,1,0,1
2011-03-23,0,28.1299991607666,28.1299991607666,28.1299991607666,28.1299991607666,7.863226890563965,0,3.232833249132161,0.0,0.0093884108164342,0.037967066258427,0.0172379006261528,0.0446050926661515,0.072348189596629,0,1,1
2011-03-24,0,28.65999984741211,28.780000686645508,28.350000381469727,28.43000030517578,7.947086811065674,12375400,3.0753160161483506,0.0106083545879572,0.0293126319741447,0.0441814677838038,0.017221805575341,0.0445743358604879,0.0723072543180955,1,1,1
2011-03-25,0,28.65999984741211,28.780000686645508,28.350000381469727,28.43000030517578,7.947086811065674,12248000,2.945401490507144,0.0,0.0185713867101579,0.0430859269524291,0.0171933279002511,0.0445200829498919,0.0722627832156416,0,1,1
2011-03-28,0,28.559999465942383,28.799999237060547,28.350000381469727,28.350000381469727,7.92472505569458,11432600,2.913880085804222,-0.0028177967776838,0.0221845315299233,0.0268548053904904,0.0171653302348304,0.0444728499680674,0.0721780675043936,-1,1,1
2011-03-29,0,28.350000381469727,28.350000381469727,28.350000381469727,28.350000381469727,7.92472505569458,0,2.565863666253807,0.0,0.0139746273801137,-0.00643437984571,0.0171371338427539,0.0444116175340703,0.0720522906256502,0,1,0
2011-03-30,0,28.39999961853028,28.600000381469727,28.26000022888184,28.350000381469727,7.92472505569458,12036900,2.239401199259396,0.0,0.0077905578102736,-0.00643437984571,0.0171090759454443,0.0443433957675981,0.071927168853023,0,1,0
2011-03-31,0,28.520000457763672,28.549999237060547,28.299999237060547,28.3700008392334,7.930315017700195,13888700,2.2023784045806583,0.0007051337885435,0.0084956915988173,-0.0018905727639685,0.0170813080128335,0.0442761604092521,0.0718051156198297,0,1,0
2011-04-01,0,28.3700008392334,28.3700008392334,28.3700008392334,28.3700008392334,7.930315017700195,0,1.8701597801295275,0.0,-0.0021126629891401,-0.0011907951081245,0.0170535231380041,0.04420303137936,0.0716841402213651,0,0,0
2011-04-04,0,28.799999237060547,28.850000381469727,28.559999465942383,28.61000061035156,7.997400760650635,13522000,1.6364062553255028,0.0084238243058149,0.0063111613166748,0.017431885125442,0.0170338563773693,0.0441344837545615,0.0715846619683431,1,1,1
2011-04-05,0,28.799999237060547,28.850000381469727,28.559999465942383,28.61000061035156,7.997400760650635,13522000,1.4050485879799732,0.0,0.0091289580943585,-0.0039013898446575,0.0170063238273726,0.0440688323409773,0.0714631976088948,0,1,0
2011-04-06,0,28.549999237060547,28.56999969482422,28.239999771118164,28.3700008392334,7.930315017700195,19729600,1.7155097252322726,-0.0084238243058149,0.0007051337885435,-0.014399282200013,0.0169844577662065,0.0439975512468782,0.0713394566420382,-1,0,-1
2011-04-07,0,28.1299991607666,28.25,27.71999931335449,28.0,7.826888561248779,21872100,1.8600473950182128,-0.0131277026758885,-0.0124225688873448,-0.0316620240435076,0.0169715618068054,0.0439279140793682,0.0712231710732318,-1,-1,-1
2011-04-08,0,28.049999237060547,28.13999938964844,27.780000686645508,28.01000022888184,7.829684257507324,17515900,1.9390369011073545,0.0003571274915171,-0.0127705751843714,-0.0313048965519906,0.0169444697377139,0.0438588133921664,0.0711071647666226,0,-1,-1
2011-04-11,0,27.989999771118164,27.989999771118164,27.420000076293945,27.489999771118164,7.684329032897949,19399600,2.055061922271301,-0.0187391199655045,-0.0315096951498759,-0.0164744433887143,0.01694763262345,0.0438143542443222,0.0709853564184311,-1,-1,-1
2011-04-12,0,27.31999969482422,27.39999961853028,26.559999465942383,26.64999961853028,7.449520587921143,33535300,2.55077348013942,-0.0310333848061691,-0.0709669042618599,-0.0492842624917133,0.017005813905149,0.0439051940231227,0.0708923731753621,-1,-1,-1
2011-04-13,0,26.799999237060547,26.799999237060547,26.049999237060547,26.14999961853028,7.309755802154541,29953600,2.7959573034729805,-0.0189398125005831,-0.0899067167624431,-0.072121351929048,0.0170089112962128,0.0440986989955542,0.0708495725224916,-1,-1,-1
2011-04-14,0,26.100000381469727,26.43000030517578,25.93000030517578,25.979999542236328,7.262234210968018,27489800,2.973539820586427,-0.0065223431544288,-0.088005235611057,-0.0701211331958054,0.0169847959159031,0.0442769114814169,0.0708011824174249,-1,-1,-1
2011-04-15,0,26.07999992370605,26.559999465942383,26.049999237060547,26.530000686645508,7.4159770011901855,27267800,3.374791625154967,0.020949202965606,-0.0539283299695625,-0.0398560636604462,0.0170027192250683,0.0442908597497428,0.0706956549728307,1,-1,-1
2011-04-18,0,26.530000686645508,26.530000686645508,26.530000686645508,26.530000686645508,7.4159770011901855,0,3.16021208235078,0.0,-0.0542854574610796,-0.0505973089244331,0.0169760496827621,0.0443054217488019,0.0706057409777563,0,-1,-1
2011-04-19,0,25.75,26.020000457763672,25.56999969482422,25.729999542236328,7.192351818084717,19327200,3.221460563538934,-0.0306185130678026,-0.0661648505633777,-0.0747848803947865,0.0170303255663244,0.0443656964659728,0.0705700509846477,-1,-1,-1
2011-04-20,0,26.209999084472656,26.290000915527344,25.89999961853028,26.290000915527344,7.348890781402588,23575800,3.254784293542061,0.0215311737921232,-0.0136002919650853,-0.0614636107524728,0.0170503459063854,0.0442973266067027,0.0705011215516158,1,-1,-1
2011-04-25,0,26.309999465942383,26.43000030517578,26.020000457763672,26.18000030517578,7.318139553070068,12867700,3.101950922249887,-0.0041932514885967,0.0011462690469011,-0.0718409318109099,0.0170247083340001,0.0442289725800342,0.0704570422325041,-1,0,-1
2011-04-26,0,26.200000762939453,26.32999992370605,25.950000762939453,26.200000762939453,7.32373046875,12082300,3.005403871060345,0.0007636887833764,0.0084323009847062,-0.0710772430275335,0.0169985321935582,0.0441664899378062,0.0704107585222277,0,1,-1
2011-04-27,0,26.21999931335449,26.21999931335449,25.690000534057617,25.739999771118164,7.195146083831787,16820800,2.949755710464813,-0.0177131813819948,-0.0302300833628946,-0.0993987789974857,0.016997622298444,0.0441180693629411,0.0704556949084832,-1,-1,-1
2011-04-28,0,25.64999961853028,25.65999984741211,25.26000022888184,25.450000762939453,7.11408281326294,23904100,2.7914789276727623,-0.0113303293094662,-0.0415604126723608,-0.110729108306952,0.0169809732140183,0.0440938194542629,0.0705459726040017,-1,-1,-1
2011-04-29,0,25.34000015258789,25.670000076293945,25.270000457763672,25.600000381469727,7.191760063171387,15923100,2.584246039850377,0.0108596206403025,-8.227896425566657e-05,-0.0970516908889657,0.0169676945508636,0.0440261344374247,0.070578985903632,1,0,-1
2011-05-02,0,25.709999084472656,25.88999938964844,25.5,25.729999542236328,7.228280544281006,20830800,2.4868853592040248,0.0050652505338746,-0.0165482022225043,-0.0919864403550909,0.0169450054846561,0.0439614017089382,0.0705926754521194,1,-1,-1
2011-05-03,0,25.700000762939453,25.780000686645508,25.43000030517578,25.450000762939453,7.149620532989502,17841800,2.3387498953687524,-0.0109419025303062,-0.0232968532642137,-0.1029283428853971,0.0169279551180847,0.0439035419934943,0.0706457985737976,-1,-1,-1
2011-05-04,0,25.59000015258789,25.6299991607666,25.200000762939453,25.31999969482422,7.113099098205566,25541400,2.699247249995625,-0.0051212553495675,-0.0291817973971577,-0.1087547320235085,0.0169036255694504,0.0438542299883595,0.0707210146212344,-1,-1,-1
2011-05-05,0,25.190000534057617,25.34000015258789,24.239999771118164,24.46999931335449,6.8743085861206055,30998100,2.8462461395203924,-0.0341469584351468,-0.0456155744503098,-0.1429016904586554,0.0169759324495986,0.0438410497233015,0.0709624857634159,-1,-1,-1
2011-05-06,0,24.799999237060547,24.88999938964844,24.13999938964844,24.209999084472656,6.801269054412842,22917500,2.811744037774884,-0.010681848785048,-0.0449670939258916,-0.1620073635495184,0.0169582761621144,0.0438258444169984,0.071315208062983,-1,-1,-1
2011-05-09,0,23.89200019836425,24.334999084472656,23.85199928283692,24.246999740600582,6.811663627624512,18694500,2.877567929058084,0.0015271617769169,-0.0542995527892772,-0.1604802017726015,0.0169332943174182,0.0438385362151575,0.0716512082999455,0,-1,-1
2011-05-10,0,24.239999771118164,24.690000534057617,24.200000762939453,24.600000381469727,6.910830974578857,18303600,2.9529808663838457,0.0144535051669311,-0.0449112981562207,-0.1376028722998554,0.01692945524779,0.0438225731136419,0.071848416562379,1,-1,-1
2011-05-11,0,24.600000381469727,24.600000381469727,24.600000381469727,24.600000381469727,6.910830974578857,0,2.7128296518706803,0.0,-0.0339693956259145,-0.124475169623967,0.0169041296064875,0.0437815314614251,0.07197702307243,0,-1,-1
2011-05-12,0,24.600000381469727,24.600000381469727,24.600000381469727,24.600000381469727,6.971363067626953,0,2.3753948767946125,0.0087208803600713,-0.0201272599162755,-0.1161114167554126,0.0168873778357945,0.0437211110127968,0.0720660078085541,1,-1,-1
2011-05-13,1,24.600000381469727,24.600000381469727,24.600000381469727,24.600000381469727,6.971363067626953,0,2.1481671432674494,0.0,0.0140196985188713,-0.0973722967899081,0.0168622601935571,0.0436698528473983,0.0720817945986583,0,1,-1
2011-05-16,0,24.600000381469727,24.600000381469727,24.600000381469727,24.600000381469727,6.971363067626953,0,1.849395432654099,0.0,0.0247015473039195,-0.0663389119837389,0.0168372542952469,0.0436380207264617,0.072013208043851,0,1,-1
2011-05-17,0,24.600000381469727,24.600000381469727,24.600000381469727,24.600000381469727,6.971363067626953,0,1.596279091920831,0.0,0.0231743855270025,-0.0473990994831557,0.0168123593147712,0.0436029334166717,0.0719147211672204,0,1,-1
2011-05-18,0,24.600000381469727,24.600000381469727,24.600000381469727,24.600000381469727,6.971363067626953,0,1.235781737293959,0.0,0.0087208803600713,-0.040876756328727,0.0167875744345623,0.0435454638552947,0.0718099756441463,0,1,-1
2011-05-19,0,24.25,24.38999938964844,23.63999938964844,23.63999938964844,6.6993088722229,17706900,1.04833563778505,-0.0398064000458523,-0.0310855196857809,-0.1016323593401853,0.0168938254093371,0.0435009128350272,0.0718392453656703,-1,-1,-1
2011-05-20,0,23.65999984741211,24.14999961853028,23.479999542236328,23.989999771118164,6.798493385314941,13950700,0.9272474920216872,0.014696658974028,-0.0251097410718242,-0.0869357003661573,0.0168909091973867,0.043447663808954,0.0718206989812759,1,-1,-1
2011-05-23,0,23.5,23.700000762939453,23.40999984741211,23.600000381469727,6.687973976135254,14783700,0.8707602900535243,-0.0163900420039754,-0.0414997830757996,-0.0727072293023301,0.0168862409320109,0.0434244465837102,0.0717655928050674,-1,-1,-1
2011-05-24,0,23.86000061035156,24.07999992370605,23.739999771118164,23.850000381469727,6.758820533752441,12793100,0.7913366842195264,0.0105374129296616,-0.0309623701461381,-0.0837009901647918,0.0168734335289001,0.043379939787432,0.0717374067916109,1,-1,-1
2011-05-25,0,23.82999992370605,24.209999084472656,23.64999961853028,23.89999961853028,6.772989273071289,12385700,0.9577926897898964,0.0020941388770758,-0.0288682312690621,-0.077413599799119,0.0168497332674598,0.0433322437043635,0.0716928987248413,1,-1,-1
2011-05-26,0,24.0,24.200000762939453,23.76000022888184,24.200000762939453,6.858007431030273,16766100,1.1859469212788871,0.0124744011431463,-0.0163938301259158,-0.0657028874393492,0.016841211720225,0.0432713461348412,0.0716231743273274,1,-1,-1
2011-05-27,0,24.31999969482422,24.440000534057617,24.13999938964844,24.290000915527344,6.8835129737854,13755500,1.373828863437431,0.0037121906882751,0.0271247606082114,-0.0442775153690791,0.0168187869442375,0.043247004618784,0.0715231958849051,1,1,-1
2011-05-30,0,24.31999969482422,24.31999969482422,24.049999237060547,24.07999992370605,6.824001312255859,3555700,1.4219751435024564,-0.0086831257954308,0.0037449758387525,-0.0416303118550437,0.016799399064797,0.0431873324944903,0.0714212590263539,-1,0,-1
2011-05-31,0,24.299999237060547,24.350000381469727,23.8799991607666,24.09000015258789,6.8268351554870605,16156600,1.6408359088616415,0.0004151896887207,0.0205502075314489,-0.0520747428066255,0.0167753770441458,0.0431494251189116,0.0713308065637698,0,1,-1
2011-06-01,0,24.0,24.13999938964844,23.82999992370605,24.0,6.801329135894775,17885600,1.882212878302273,-0.0037431379351633,0.0062696566666237,-0.0608831312756636,0.0167518472480048,0.0430921709584662,0.0712535745072439,-1,1,-1
2011-06-02,0,24.06999969482422,24.06999969482422,23.729999542236328,23.950000762939453,6.787160396575928,15748300,1.858922125019888,-0.0020854038883233,0.0020901139012245,-0.0520266326336806,0.0167279091982714,0.0430320833197227,0.0711636476793386,-1,0,-1
2011-06-03,0,23.780000686645508,24.15999984741211,23.670000076293945,23.780000686645508,6.738985061645508,15337000,1.8758122873697944,-0.0071233210950247,-0.0175076083369464,-0.0540286983791378,0.0167070614286081,0.0429736320501235,0.0710766496655603,-1,-1,-1
2011-06-06,0,23.8700008392334,23.93000030517578,23.14999961853028,23.200000762939453,6.574617862701416,22018200,1.966866495442708,-0.0246928726260842,-0.0459126716513058,-0.0445746125700752,0.0167303953354491,0.0429631182334622,0.0709791868680789,-1,-1,-1
2011-06-07,0,23.36000061035156,23.3700008392334,22.940000534057617,23.0,6.517940998077393,23231900,2.0957598154934827,-0.0086579284105489,-0.0458874742664238,-0.042550692195576,0.0167113152060954,0.0429523007795573,0.0708803179239951,-1,-1,-1
2011-06-08,0,22.950000762939453,23.450000762939453,22.850000381469727,23.200000762939453,6.574617862701416,21767100,2.213271946888008,0.0086579284105488,-0.0376447355445957,-0.035419925561944,0.0166959041666186,0.0429220772161698,0.0707769274157277,1,-1,-1
2011-06-09,0,23.239999771118164,23.940000534057617,23.09000015258789,23.700000762939453,6.716314315795898,24521000,2.311906929661311,0.021323082528255,-0.0125785150811773,-0.0285503482006201,0.016715120273169,0.0428615767372214,0.070671293672806,1,-1,-1
2011-06-10,0,23.780000686645508,23.84000015258789,23.540000915527344,23.71999931335449,6.721981525421143,17587600,2.358611165020065,0.0008434417619875,-0.0096496694308665,-0.0277069064386327,0.0166918923910185,0.042800532672753,0.0705659394484383,0,-1,-1
2011-06-13,0,23.770000457763672,23.81999969482422,23.26000022888184,23.32999992370605,6.611459255218506,12131900,2.4696214919812465,-0.0165785866417525,-0.0191049349775943,-0.0530063734404567,0.0166884610102886,0.0427443691756126,0.0704798551822986,-1,-1,-1
2011-06-14,0,23.420000076293945,23.690000534057617,23.420000076293945,23.600000381469727,6.687973976135254,13525500,2.430253276675779,0.0115065903646569,0.0170945280131468,-0.0414997830757996,0.0166785505112753,0.0427029655283798,0.0703822276637397,1,1,-1
2011-06-15,0,23.290000915527344,23.549999237060547,23.14999961853028,23.299999237060547,6.602956771850586,20599900,2.458775813791843,-0.0127934401995392,0.0129590162241563,-0.054293223275339,0.0166665873891512,0.0426556178181541,0.0702984582527067,-1,1,-1
2011-06-16,0,23.290000915527344,23.75,23.09000015258789,23.290000915527344,6.600123405456543,20161600,2.5107293099416945,-0.0004291977931645,0.0038718900204429,-0.0547224210685036,0.0166434051100337,0.0425991885116633,0.0702155315156738,0,0,-1
2011-06-17,0,23.46999931335449,23.479999542236328,23.190000534057617,23.239999771118164,6.585954666137695,14191400,2.4911012171244336,-0.0021490460916417,-0.0196002385994538,-0.0568714671601454,0.0166203525845066,0.0425444688538313,0.0701358200786756,-1,-1,-1
2011-06-20,0,23.200000762939453,23.440000534057617,23.059999465942383,23.100000381469727,6.546277523040772,18966600,2.450224228447881,-0.0060427295616046,-0.0264864099230459,-0.0231077966758977,0.0165992879171139,0.0424972667267447,0.0700326033662139,-1,-1,-1
2011-06-21,0,23.200000762939453,23.299999237060547,23.040000915527344,23.239999771118164,6.585954666137695,13510200,2.326313975478909,0.0060427295616046,-0.0038650937196886,-0.0317617260883211,0.0165806901680547,0.0424380273442658,0.0699313761567905,1,0,-1
2011-06-22,0,23.200000762939453,23.670000076293945,23.170000076293945,23.26000022888184,6.591621398925781,18615300,2.2858244514275805,0.0008600569800412,-0.0145116271043043,-0.0145116271043043,0.0165581776227983,0.0423805761763948,0.0698306445643579,0,-1,-1
2011-06-24,0,23.170000076293945,23.209999084472656,22.850000381469727,22.8700008392334,6.481099605560303,15977500,2.1645088449961825,-0.0169091693582398,-0.0186273562630048,-0.0419582093922057,0.0165559433330455,0.0423259404180611,0.069736116980766,-1,-1,-1
2011-06-27,0,23.0,23.190000534057617,22.8700008392334,23.07999992370605,6.540613651275635,14955300,2.124016685280817,0.0091408033534008,-0.0090573551164394,-0.0349115449158809,0.0165420933078657,0.0422672469752476,0.0696375145801964,1,-1,-1
2011-06-28,0,23.170000076293945,23.450000762939453,23.100000381469727,23.450000762939453,6.64546537399292,15753300,2.17258828283626,0.0159037318838689,0.0089954228590711,-0.0314822141751582,0.0165435275106997,0.0422170830197478,0.0695379154237024,1,1,-1
2011-06-29,0,23.5,23.540000915527344,23.200000762939453,23.3799991607666,6.6256279945373535,14142800,2.179030657538222,-0.0029895644133303,0.0120485880073454,-0.0381839692767638,0.0165212570521462,0.042170585728075,0.069441948910391,-1,1,-1
2011-06-30,0,23.59000015258789,23.71999931335449,23.5,23.71999931335449,6.721981525421143,16079200,2.1235980518398665,0.0144378219157003,0.0204436803614411,-0.0150630215656325,0.0165187046694999,0.0421369258133217,0.06934323811495,1,1,-1
2011-07-01,0,23.64999961853028,23.88999938964844,23.46999931335449,23.75,6.730483055114746,18199100,2.102603960791149,0.0012639365485035,0.0208475599299034,-0.0142142747058496,0.016496762177654,0.0421040135990427,0.0692452519844305,0,1,-1
2011-07-04,0,23.71999931335449,23.850000381469727,23.709999084472656,23.799999237060547,6.744650840759277,5652500,1.992795466035112,0.0021028052076647,0.0398595344958079,-0.0083683315630215,0.0164752872649146,0.0421169644650834,0.0691505798351233,1,1,-1
2011-07-05,0,23.799999237060547,23.979999542236328,23.51000022888184,23.559999465942383,6.676638126373291,12717200,1.91490833993218,-0.0101351363115693,0.020583594830838,-0.0164180639862675,0.0164597656602875,0.0420834398145014,0.0690526867178146,-1,1,-1
2011-07-06,0,23.450000762939453,23.64999961853028,23.290000915527344,23.51000022888184,6.662468910217285,13117100,1.911762705266044,-0.0021244632712444,0.0025553996757245,-0.0114192061624873,0.0164377123233701,0.0420287732412882,0.0689571267713717,-1,0,-1
2011-07-07,0,23.700000762939453,23.790000915527344,23.549999237060547,23.6299991607666,6.696474552154541,15371600,1.8725349185185487,0.0050910785695874,0.0106360426586426,0.0183647450331845,0.0164187913097516,0.041981186839276,0.0688946368646503,1,1,1
2011-07-08,0,23.5,23.6299991607666,23.39999961853028,23.440000534057617,6.642632484436035,13559700,1.8457877612354665,-0.0080728582479256,-0.0118746375049836,0.0189498151958077,0.0164007905177829,0.0419251861209723,0.0688332466972856,-1,-1,1
2011-07-11,0,23.200000762939453,23.31999969482422,23.059999465942383,23.14999961853028,6.56044864654541,16582400,1.867557361347145,-0.0124493515597383,-0.0255879256132255,-0.0021574647744794,0.0163893461448333,0.0418801718727384,0.0687448265907288,-1,-1,0
2011-07-12,0,23.020000457763672,23.299999237060547,22.93000030517578,23.1200008392334,6.551947116851807,11835400,1.8136984107312413,-0.0012967166394707,-0.0289874474603611,-0.0247772639422052,0.0163675393038613,0.0418398106547228,0.0686480062402297,0,-1,-1
2011-07-13,0,23.290000915527344,23.440000534057617,23.1299991607666,23.38999938964844,6.628464221954346,15336700,1.8294808866845345,0.0116108614144143,-0.0072414497343773,-0.0140098442897783,0.0163589678440745,0.0417835477440526,0.0685531415624842,1,-1,-1
2011-07-14,0,23.270000457763672,23.36000061035156,22.86000061035156,22.950000762939453,6.5037713050842285,17235500,1.8374410720710224,-0.018990927201662,-0.0241079136647949,-0.0164221848496878,0.0163631248429163,0.0417372623169072,0.0684579139501392,-1,-1,-1
2011-07-15,0,23.0,23.11000061035156,22.86000061035156,22.989999771118164,6.515105724334717,15777400,1.7983565022246304,0.001741228846173,-0.0274577633882093,-0.0261875463681716,0.0163421977983611,0.0416952104899367,0.0683624599230035,1,-1,-1
2011-07-18,0,22.809999465942383,23.0,22.530000686645508,22.76000022888184,6.449929237365723,16322400,1.9316078511921035,-0.0100542784821073,-0.0294391836223909,-0.0234483846507396,0.0163270614638854,0.0416560123097596,0.0682671878141369,-1,-1,-1
2011-07-19,0,22.8700008392334,22.96999931335449,22.559999465942383,22.64999961853028,6.418755531311035,17100500,1.9809281882222456,-0.0048449033593766,-0.0218347354220293,-0.0278640902169517,0.0163067055694036,0.0416077746332717,0.0681728111859914,-1,-1,-1
2011-07-20,0,22.75,22.809999465942383,22.3799991607666,22.3799991607666,6.342239856719971,18924100,2.045672421887085,-0.0119922606765851,-0.0325302794591436,-0.0377073048018951,0.016294719286701,0.0415735376861244,0.0680827759757041,-1,-1,-1
2011-07-21,0,22.479999542236328,23.11000061035156,22.43000030517578,23.0,6.517940998077393,19067100,2.088021891675777,0.027326532462545,-0.016814608411013,-0.0043380427777454,0.0163384447534137,0.0415216197705443,0.0679956794696452,1,-1,0
2011-07-22,0,23.020000457763672,23.270000457763672,22.850000381469727,22.96999931335449,6.5094380378723145,13483500,2.0834539353950854,-0.0013053986360695,0.0008709201545794,-0.0116861709754196,0.0163171592528281,0.0414687452963563,0.0679044929079647,0,0,-1
2011-07-25,0,23.88999938964844,24.209999084472656,23.88999938964844,24.100000381469727,6.829668998718262,23400,1.867907430475323,0.0480230799689965,0.0471527712774029,0.0354768520135355,0.0164869028526772,0.0415067169676205,0.0678798479484906,1,1,1
2011-07-26,0,23.59000015258789,23.920000076293945,23.479999542236328,23.65999984741211,6.7049760818481445,25370300,2.051575156267286,-0.0184262600399931,0.038780789719517,0.0339597613317822,0.0164893291202718,0.041517718065657,0.0678514477285392,-1,1,1
2011-07-27,0,23.59000015258789,23.780000686645508,23.40999984741211,23.59000015258789,6.685140132904053,22203700,2.144391046867212,-0.002962776892453,0.0406629161864406,0.0218561810859284,0.0164682974678615,0.0415338066560577,0.0677983053945747,-1,1,1
2011-07-28,0,23.690000534057617,23.739999771118164,23.440000534057617,23.5,6.659635066986084,17246400,2.1498655796327246,-0.0038224843193364,0.0488326925436893,0.0021299648827229,0.0164476601283322,0.0415756942070583,0.0677179642856265,-1,1,0
2011-07-29,0,23.5,23.5,23.5,23.5,6.659635066986084,0,1.945900683652168,0.0,0.0215061600811443,0.0051195292960533,0.0164265936771644,0.0415458706974067,0.067641010937759,0,1,0
2011-08-01,0,23.5,23.5,23.5,23.5,6.659635066986084,0,1.7370011401615315,0.0,0.0228115587172139,-0.009318292619647,0.0164056079653118,0.0415183752186847,0.0675526527629423,0,1,-1
2011-08-02,0,23.5,23.5,23.5,23.5,6.659635066986084,0,1.5192009932116504,0.0,-0.0252115212517826,-0.0105822291681506,0.0163847024783571,0.041475761529601,0.0674640187105925,0,-1,-1
2011-08-03,0,23.5,23.5,23.5,23.5,6.718903541564941,0,1.281047793292682,0.0088602894606786,0.0020750282488891,-0.0038247449151368,0.0163714311965213,0.0414243220918139,0.0673797777286902,1,0,0
2011-08-04,0,23.5,23.5,23.5,23.5,6.718903541564941,0,1.0344474973379183,0.0,0.005037805141342,0.0063103913964323,0.016350671336315,0.0413748833990497,0.067305297377649,0,1,0
2011-08-05,0,23.5,23.5,23.5,23.5,6.718903541564941,0,0.8602890030707968,0.0,0.0088602894606786,0.0084348546676768,0.0163299902496433,0.0413287497217346,0.0672335370279522,0,1,1
2011-08-08,0,23.5,23.5,23.5,23.5,6.718903541564941,0,0.8599718900769489,0.0,0.0088602894606786,0.0033437760980893,0.0163093874395884,0.0412827653013431,0.0671563476348537,0,1,0
2011-08-09,0,23.5,23.5,23.5,23.5,6.718903541564941,0,0.5224349103192394,0.0,0.0088602894606786,0.011416634346015,0.0162888624136097,0.0412369293711235,0.0670887960909808,0,1,1
2011-08-10,0,23.5,23.5,23.5,23.5,6.718903541564941,0,0.2279016190103404,0.0,0.0088602894606786,0.0238659859057534,0.0162684146834948,0.0411912411694237,0.0670408721506379,0,1,1
2011-08-11,0,23.5,23.5,23.5,23.5,6.718903541564941,0,0.0,0.0,0.0,0.0251627025452241,0.0162480437653104,0.0411399473629097,0.0669953178055432,0,0,1
2011-08-12,0,23.5,23.5,23.5,23.5,6.718903541564941,0,0.0,0.0,0.0,0.0135518411308098,0.0162277491793543,0.0410888445909688,0.0669310009300372,0,0,1
2011-08-15,1,23.5,23.5,23.5,23.5,6.718903541564941,0,0.0,0.0,0.0,0.0325427683324718,0.0162075304501079,0.041037931671472,0.0669001257354166,0,0,1
2011-08-16,0,23.5,23.5,23.5,23.5,6.718903541564941,0,0.0,0.0,0.0,0.0308015394862986,0.0161873871061896,0.0409872074324994,0.0668654730304141,0,0,1
2011-08-17,0,20.799999237060547,20.959999084472656,20.540000915527344,20.8700008392334,5.966958522796631,18831300,0.2229625103682843,-0.1186876403473378,-0.1186876403473378,-0.0778318223789318,0.0171972184593532,0.0413231974277441,0.0668404369442773,-1,-1,-1
2011-08-18,0,20.350000381469727,20.3700008392334,19.770000457763672,20.299999237060547,5.803990364074707,25674000,0.5186403279397525,-0.0276916626184034,-0.1463793029657414,-0.1006785816379587,0.0172259912444947,0.0418626726130285,0.0668757701558024,-1,-1,-1
2011-08-19,0,19.93000030517578,20.350000381469727,19.700000762939453,19.700000762939453,5.632443428039551,23649000,0.7829470107120884,-0.03000232537091,-0.1763816283366514,-0.1186886463322835,0.0172634131902831,0.0426626148526794,0.0669719890387297,-1,-1,-1
2011-08-22,0,20.100000381469727,20.270000457763672,19.63999938964844,19.64999961853028,5.618146896362305,17195200,0.974636740996426,-0.0025414736400898,-0.1789231019767413,-0.1485566524349184,0.0172421747439919,0.0434646949958771,0.0671958058035931,-1,-1,-1
2011-08-23,0,19.799999237060547,20.299999237060547,19.51000022888184,20.15999984741211,5.763963222503662,21910500,1.2252315172928874,0.0256234217777411,-0.1532996801990001,-0.1216278320211077,0.0172730861235496,0.0440151515467138,0.0672991630622972,1,-1,-1
2011-08-24,0,20.1200008392334,20.350000381469727,19.989999771118164,20.229999542236328,5.7839765548706055,18429000,1.4367395268821972,0.0034661338367857,-0.1498335463622144,-0.1661847781533185,0.0172535146298909,0.0445254370006147,0.0676080471136505,1,-1,-1
2011-08-25,0,20.14999961853028,20.290000915527344,19.780000686645508,19.86000061035156,5.678188323974609,19370500,1.6549869616311157,-0.018459206593922,-0.0496051126087985,-0.1662177247072474,0.0172530909180323,0.0445177666238387,0.067912098727741,-1,-1,-1
2011-08-26,0,19.709999084472656,20.06999969482422,19.57999992370605,19.89999961853028,5.6896257400512695,17681100,1.8546011947057168,0.0020122461313222,-0.0199012038590728,-0.1612427016834722,0.0172328103604691,0.0444663491912383,0.0681848848842365,1,-1,-1
2011-08-29,0,20.18000030517578,20.6299991607666,20.170000076293945,20.489999771118164,5.85831356048584,16367300,2.0448614960616838,0.0292173029168804,0.0393184244287175,-0.1282029144472552,0.0172778780915117,0.0444744256686636,0.068303193086801,1,1,-1
2011-08-30,0,20.3799991607666,20.729999542236328,20.299999237060547,20.549999237060547,5.875468254089356,16994500,2.242991113073702,0.0029239858209203,0.0447838838897277,-0.1252789286263349,0.0172581111131878,0.0444973345535775,0.0684083902476675,1,1,-1
2011-08-31,0,20.76000022888184,20.8700008392334,20.43000030517578,20.799999237060547,5.946944236755371,26421000,2.331803856670837,0.0120917543010176,0.0312522164130042,-0.1131871743253173,0.0172497589941646,0.0444853564468946,0.0684690413397002,1,1,-1
2011-09-01,0,21.1200008392334,21.13999938964844,20.850000381469727,21.040000915527344,6.015562534332275,21673300,2.294828054874991,0.0114723529921338,0.0392584355683524,-0.1017148213331834,0.0172402494930607,0.044492269934714,0.0684931383403447,1,1,-1
2011-09-02,0,20.65999984741211,20.76000022888184,20.030000686645508,20.3700008392334,5.824003219604492,24292000,2.311247867024252,-0.0323620032600556,0.0253556389022187,-0.1429371140539177,0.0172870353083959,0.0444681958721478,0.06866580223038,-1,1,-1
2011-09-05,0,19.89999961853028,20.100000381469727,19.850000381469727,20.030000686645508,5.7267937660217285,9490100,2.2273983794520817,-0.0168320417697407,0.0065113510011558,-0.1597691558236584,0.0172829391809767,0.0444195624336476,0.0689141684640898,-1,1,-1
2011-09-06,0,19.729999542236328,20.540000915527344,19.68000030517578,20.46999931335449,5.852593898773193,21669700,2.2284552712461965,0.0217291425288631,-0.0009768093868612,-0.1380400132947951,0.0172991324510974,0.0443667608475442,0.0690604243768381,1,0,-1
2011-09-08,0,20.75,20.8799991607666,20.56999969482422,20.65999984741211,5.906918048858643,16132000,2.206028171448977,0.0092392501950009,0.0053384549872193,-0.1288007630997941,0.0172860669789278,0.0443175816719343,0.0691681298547335,1,1,-1
2011-09-09,0,20.5,20.600000381469727,20.06999969482422,20.14999961853028,5.761103630065918,19703400,2.213020667778887,-0.0249951558686649,-0.0317484551824631,-0.1537959189684591,0.0173042194322283,0.0442796181054915,0.0693789077304644,-1,-1,-1
2011-09-12,0,19.799999237060547,20.34000015258789,19.71999931335449,20.34000015258789,5.815425395965576,16675800,2.205833736773563,0.0093848794367299,-0.0338359287378671,-0.1444110395317292,0.0172914671918671,0.0442445713979654,0.0695448816956795,1,-1,-1
2011-09-13,0,20.39999961853028,20.450000762939453,20.14999961853028,20.31999969482422,5.809708595275879,14984400,2.188313163503928,-0.0009835243455835,-0.002457449823395,-0.1453945638773127,0.0172708770305682,0.0441920270619023,0.0697125580990112,0,0,-1
2011-09-14,0,20.350000381469727,20.81999969482422,20.18000030517578,20.520000457763672,5.866891384124756,19667800,2.2191449906748693,0.0097945028670445,0.0241690948133901,-0.1356000610102681,0.0172588144719087,0.0441667201115663,0.069837902474145,1,1,-1
2011-09-15,0,20.700000762939453,20.780000686645508,20.46999931335449,20.549999237060547,5.875468254089356,12969800,2.058577569050647,0.0014608429232545,0.0039007952077815,-0.1341392180870134,0.0172388685116698,0.0441174254426776,0.0699557364033117,0,0,-1
2011-09-16,0,20.549999237060547,20.670000076293945,20.39999961853028,20.64999961853028,5.90405797958374,13098300,1.9533245563571189,0.0048541479623099,-0.0004843070249094,-0.1292850701247035,0.0172210506960586,0.0440660492849078,0.0700537937886192,1,0,-1
2011-09-19,0,20.32999992370605,20.81999969482422,20.31999969482422,20.799999237060547,5.946944236755371,20027100,1.9089234915362312,0.0072376063387075,0.0317484551824632,-0.003359823438658,0.017205667620876,0.0440555628102982,0.0699770196535511,1,1,0
2011-09-20,0,20.780000686645508,21.07999992370605,20.57999992370605,20.600000381469727,5.889763355255127,14889000,1.9750883177709904,-0.0096616944985357,0.0127018812471973,0.0146701446812097,0.0171902583813827,0.0440142439967741,0.0699214827496018,-1,1,1
2011-09-21,0,20.75,21.059999465942383,20.549999237060547,20.600000381469727,5.889763355255127,19357600,1.94966544427018,0.0,0.0136854055927809,0.0446724700521198,0.0171701781925908,0.0439741313989151,0.0699261558214944,0,1,1
2011-09-22,0,20.020000457763672,20.170000076293945,19.299999237060547,19.5,5.575262069702148,31416900,2.108142415373743,-0.0548764952206606,-0.0509855924949241,-0.007662551528451,0.0173448072175586,0.0439727788130009,0.069846583336912,-1,-1,-1
2011-09-23,0,19.51000022888184,19.729999542236328,19.1200008392334,19.15999984741211,5.478050708770752,17860700,2.0770460708009653,-0.0175899966579051,-0.0700364320760839,-0.0508759699640972,0.0173421990998739,0.0440251886822494,0.0697707537523686,-1,-1,-1
2011-09-26,0,19.350000381469727,19.780000686645508,18.96999931335449,19.780000686645508,5.655315399169922,17539800,2.081443647238138,0.0318465539158911,-0.0430440261225027,-0.0224955498849919,0.0173960987045032,0.0440064907624567,0.0696855601008198,1,-1,-1
2011-09-27,0,20.09000015258789,20.100000381469727,19.520000457763672,19.549999237060547,5.589556217193604,15427000,2.079806804156079,-0.011695986197331,-0.0619776186585413,-0.0157323294884008,0.0173830158647687,0.044032801613611,0.0696025534366653,-1,-1,-1
2011-09-28,0,19.57999992370605,19.700000762939453,19.32999992370605,19.350000381469727,5.532375812530518,15557500,2.0216304716127045,-0.0102825495283238,-0.0625984736883294,-0.0280271251480467,0.0173681379966444,0.0440604005876514,0.0695176388949183,-1,-1,-1
2011-09-29,0,19.479999542236328,19.57999992370605,19.229999542236328,19.39999961853028,5.546669006347656,15220700,2.037942151927564,0.002580222750356,-0.0600182509379734,-0.0546642053145713,0.0173490714006454,0.044080210656591,0.0694463883040107,1,-1,-1
2011-09-30,0,19.18000030517578,19.3799991607666,18.93000030517578,19.100000381469727,5.4608964920043945,20418900,2.105749023887604,-0.0155845995888806,-0.0207263553061935,-0.0731727907243723,0.0173424412125165,0.0440328095234079,0.0693991453950253,-1,-1,-1
2011-10-03,0,18.959999084472656,19.06999969482422,18.40999984741211,18.40999984741211,5.263617515563965,28605200,2.168187298694723,-0.0367944379875291,-0.0399307966358175,-0.1220589830129189,0.0174053335462171,0.0440079485987296,0.069471742061489,-1,-1,-1
2011-10-04,0,18.25,18.549999237060547,17.899999618530273,18.549999237060547,5.303645133972168,29503700,2.3046735510951084,0.0075758143196609,-0.0642015362320477,-0.125955521685392,0.0173907375964127,0.0440390067139743,0.0695562017679979,1,-1,-1
2011-10-05,0,18.39999961853028,18.75,18.049999237060547,18.209999084472656,5.2064361572265625,20425100,2.289454866162239,-0.0184987625017374,-0.071004312536454,-0.1120922809270736,0.0173898719642665,0.0440906421709554,0.0695956065825171,-1,-1,-1
2011-10-06,0,18.489999771118164,19.09000015258789,18.350000381469727,18.850000381469727,5.389418601989746,27305500,2.2339021781826136,0.0345419302689414,-0.0261798327391888,-0.0607183088883916,0.0174551693071838,0.0440476654087337,0.069530538527297,1,-1,-1
2011-10-07,0,19.06999969482422,19.06999969482422,18.209999084472656,18.299999237060547,5.232167720794678,21500100,2.2629721965913525,-0.0296118426849019,-0.0583718981744468,-0.1120592941021567,0.0174870487580185,0.0440614332733757,0.0695689193926641,-1,-1,-1
2011-10-10,0,18.5,18.979999542236328,18.350000381469727,18.90999984741211,5.406574249267578,17685700,2.255880351345878,0.0327899962747521,-0.009997302310814,-0.0885085480224057,0.0175434082984826,0.0440106809499439,0.0695482292286662,1,-1,-1
2011-10-11,0,18.700000762939453,19.209999084472656,18.549999237060547,19.15999984741211,5.478050708770752,29714600,2.4077714708091067,0.0131336609591023,0.0399307966358176,-0.0503797311946383,0.0175371471550296,0.0440219155607985,0.0694735593674806,1,1,-1
2011-10-13,0,19.39999961853028,19.540000915527344,18.979999542236328,19.38999938964844,5.5438103675842285,27038100,2.534415187740353,0.0119327287196409,0.0442877110357975,-0.0478318819117273,0.0175286939006805,0.0440443090316419,0.0693973136754782,1,1,-1
2011-10-14,0,19.549999237060547,19.700000762939453,19.309999465942383,19.63999938964844,5.615288734436035,20916800,2.5999546653417527,0.0128109525302083,0.0755974260677433,-0.0340374050359354,0.0175217758799376,0.0441772175085084,0.0693153932026886,1,1,-1
2011-10-17,0,19.450000762939453,19.700000762939453,18.979999542236328,19.299999237060547,5.518077850341797,22841200,2.62879393714973,-0.0174634247214947,0.0235920710773071,-0.0612953326244746,0.0175187529332538,0.0441530908688187,0.06925170320232,-1,1,-1
2011-10-18,0,19.450000762939453,19.700000762939453,18.979999542236328,19.299999237060547,5.518077850341797,22841200,2.5801253790920144,0.0,0.0532039137622089,-0.0627561755477293,0.0174991312657799,0.0442000725936737,0.0691898402373151,0,1,-1
2011-10-19,0,19.440000534057617,19.489999771118164,19.06999969482422,19.229999542236328,5.498062610626221,16380200,2.4483352317507414,-0.0036338065606265,0.0167801109268303,-0.0712441300706657,0.017479792394535,0.0441657629996754,0.0691392285540065,-1,1,-1
2011-10-20,0,19.18000030517578,19.18000030517578,18.6200008392334,18.81999969482422,5.380841255187988,17329400,2.4223508964255016,-0.0215510484845451,-0.017904598516817,-0.1000327848939185,0.0174862923973224,0.04411813271423,0.0691443963246802,-1,-1,-1
2011-10-21,0,18.959999084472656,19.3799991607666,18.93000030517578,19.270000457763672,5.509501457214356,18787300,2.335733765495791,0.0236294103519354,-0.0062079168845226,-0.0667416800434474,0.0175067108862353,0.0440682894104453,0.0690875777932764,1,-1,-1
2011-10-24,0,19.270000457763672,19.270000457763672,19.270000457763672,19.270000457763672,5.509501457214356,0,2.112520160581002,0.0,-0.019018869414731,-0.0667416800434474,0.0174872765572484,0.0440215713952865,0.0690308651994359,0,-1,-1
2011-10-25,0,19.270000457763672,19.270000457763672,19.270000457763672,19.270000457763672,5.509501457214356,0,1.922787127320026,0.0,-0.0015554446932363,-0.0118651848227868,0.0174679068055928,0.0439730731109886,0.0689551325772128,0,0,-1
2011-10-26,0,19.270000457763672,19.270000457763672,19.270000457763672,19.270000457763672,5.509501457214356,0,1.5997931228525255,0.0,-0.0015554446932363,0.0057248118351182,0.0174486012744351,0.0439247346662695,0.0688950165732448,0,0,0
2011-10-27,0,19.270000457763672,19.270000457763672,19.270000457763672,19.270000457763672,5.509501457214356,0,1.302364294281693,0.0,0.0020783618673902,-0.0261217420807728,0.0174293596096957,0.0438781038991387,0.0688149869160753,0,0,-1
2011-10-28,0,20.670000076293945,21.239999771118164,20.549999237060547,20.940000534057617,5.986971378326416,39069500,1.5334394920056842,0.0831115318579343,0.1067409422098695,0.0686857759744924,0.017856434619928,0.044163406259648,0.0688951617969505,1,1,1
2011-10-31,0,20.850000381469727,21.57999992370605,20.780000686645508,21.57999992370605,6.169955730438232,30090200,1.6517324908983813,0.0301059916272535,0.1132175234851879,0.1090743171300698,0.0178969237002699,0.044482359717686,0.0691328797022019,1,1,1
2011-11-01,0,20.39999961853028,21.25,20.39999961853028,21.1299991607666,6.041296482086182,27873500,1.735770966721032,-0.0210730246571996,0.0921444988279883,0.0854210697225144,0.0179017598010708,0.0446806408031017,0.0692685117262427,-1,1,1
2011-11-03,0,21.559999465942383,21.96999931335449,21.31999969482422,21.920000076293945,6.267165660858154,24130000,1.8571428623001156,0.0367055664655736,0.128850065293562,0.1377112357769686,0.0179696062257558,0.0450892616299362,0.0696436865095509,1,1,1
2011-11-04,0,21.729999542236328,22.18000030517578,21.709999084472656,22.100000381469727,6.318630218505859,19144700,1.9121495776670048,0.0081782423591579,0.1370283076527201,0.1826839161236558,0.0179550701697886,0.0455460651546558,0.0702893221315615,1,1,1
2011-11-07,0,22.049999237060547,22.780000686645508,21.96999931335449,22.68000030517578,6.4844584465026855,25470000,2.0344801835932165,0.0259058585568728,0.1629341662095928,0.2010139603608678,0.0179794886196696,0.0461885514188363,0.0710523214496063,1,1,1
2011-11-08,0,22.799999237060547,22.940000534057617,22.31999969482422,22.40999984741211,6.407260417938232,22010000,2.3143080382021397,-0.0119765179691501,0.0678461163825084,0.2075362048934549,0.017967208417842,0.0462687014702092,0.0718478778697239,-1,1,1
2011-11-09,0,22.01000022888184,22.190000534057617,21.440000534057617,21.459999084472656,6.135645866394043,27702000,2.651571997908655,-0.0433164393596906,-0.0055763146044357,0.129677835264823,0.0180558268259026,0.0462177250094111,0.0721500975219477,-1,-1,1
2011-11-10,0,21.459999084472656,21.459999084472656,21.459999084472656,21.459999084472656,6.135645866394043,0,2.651571997908655,0.0,0.0154967100527637,0.1592896779497249,0.0180362599538931,0.0461780541856174,0.0726059528073686,0,1,1
2011-11-11,1,21.88999938964844,22.14999961853028,21.790000915527344,21.959999084472656,6.278601169586182,16460800,2.856646827438105,0.0230318636549497,0.0018230072421398,0.1495315453299225,0.0180515602215693,0.0461288890367242,0.0730000288018702,1,0,1
2011-11-14,0,21.86000061035156,22.049999237060547,21.6299991607666,21.920000076293945,6.32476806640625,12704300,2.5519513852180165,0.0073261526257838,0.0009709175087656,0.143724036996604,0.0180361866993107,0.0460795776142917,0.0733573544752365,1,0,1
2011-11-16,0,21.959999084472656,22.21999931335449,21.71999931335449,22.11000061035156,6.379591464996338,20722500,2.445884530478217,0.0086306970084582,-0.0163042440396488,0.1404220052854214,0.0180222499426414,0.0460317152449005,0.0736925206397457,1,-1,1
2011-11-17,0,21.959999084472656,22.1200008392334,21.489999771118164,21.520000457763672,6.209352493286133,22441400,2.388250685048933,-0.0270474394896864,-0.0313751655601851,0.1005636132655265,0.0180433486800993,0.0459966319368184,0.0738471009221119,-1,-1,1
2011-11-18,0,21.700000762939453,21.8700008392334,21.46999931335449,21.75,6.275716781616211,20047400,2.337820916231529,0.0106310845231858,0.0225723583226913,0.1286581225102071,0.01803204290737,0.0459660979043392,0.0741177065181978,1,1,1
2011-11-21,0,21.40999984741211,21.850000381469727,21.309999465942383,21.799999237060547,6.290142059326172,33001100,2.509684255705536,0.0022959487655107,0.024868307088202,0.1309540712757178,0.0180133361554177,0.0459388182087318,0.0743951596190661,1,1,1
2011-11-22,0,21.739999771118164,21.979999542236328,21.6200008392334,21.68000030517578,6.25551700592041,19880400,2.4287324573541045,-0.0055198600792704,-0.0036834166460181,0.1290680177570738,0.0179952486227715,0.0458892040870308,0.0746600832686602,-1,0,1
2011-11-23,0,21.489999771118164,21.68000030517578,21.440000534057617,21.56999969482422,6.223777770996094,16786000,2.356204850095431,-0.0050867142620635,-0.0160962835338656,0.1455323519795555,0.017976994947033,0.0458420028991795,0.0749998898588692,-1,-1,1
2011-11-24,0,21.739999771118164,21.799999237060547,21.530000686645508,21.670000076293945,6.252633094787598,10213300,2.145655753332045,0.0046255891299384,-0.0201013914123854,0.1265285307575587,0.0179597112586853,0.0457972123696059,0.075245656275111,1,-1,1
2011-11-25,0,21.479999542236328,21.64999961853028,21.01000022888184,21.01000022888184,6.062197208404541,18320800,2.3660361793890177,-0.0309303601835628,-0.0239843121062619,0.0955981705739957,0.0179934764692755,0.0457554577642762,0.0753666481101874,-1,-1,1
2011-11-28,0,21.51000022888184,21.68000030517578,21.36000061035156,21.5,6.203581809997559,14923300,2.3446599758195665,0.0230545265191782,-0.0115608701102693,0.1186526970931739,0.0180086521791897,0.0457070309158011,0.0755733519379854,1,-1,1
2011-11-29,0,21.520000457763672,21.88999938964844,21.31999969482422,21.40999984741211,6.1776123046875,18412100,2.4109165214685517,-0.0041949981809179,-0.0180518170566979,0.1144576989122561,0.0179901552257181,0.0456613923625422,0.0757603773187672,-1,-1,1
2011-11-30,0,21.799999237060547,22.21999931335449,21.68000030517578,22.049999237060547,6.362277030944824,29239500,2.5177266746077542,0.0294544986611578,0.0169225416837304,0.1439121975734139,0.0180256024011188,0.0456250314567943,0.0760736754454013,1,1,1
2011-12-01,0,22.32999992370605,22.530000686645508,22.1299991607666,22.520000457763672,6.497890949249268,22314900,2.528944138890924,0.021091317893467,0.0431005738392609,0.0818919836089468,0.0180350029262722,0.0456328518425577,0.0761428051848576,1,1,1
2011-12-02,0,22.6200008392334,22.729999542236328,22.350000381469727,22.530000686645508,6.500776767730713,17524400,2.505352099529635,0.0004440175857542,0.0389190022950766,0.0522300095674474,0.0180161174871204,0.0456312524032373,0.0761357660867184,0,1,1
2011-12-05,0,22.739999771118164,23.1200008392334,22.63999938964844,22.96999931335449,6.627732753753662,19102500,2.344675986767461,0.0193411054643234,0.0891904679429629,0.0926441396889703,0.018021074495313,0.045792475948593,0.0762366180313446,1,1,1
2011-12-06,0,22.81999969482422,23.36000061035156,22.81999969482422,23.31999969482422,6.728720664978027,17084200,2.326009319673815,0.015122253275674,0.0812581946994588,0.0710608264990708,0.0180170411742453,0.0459183771386636,0.0762728529971338,1,1,1
2011-12-07,0,23.34000015258789,23.46999931335449,23.01000022888184,23.290000915527344,6.720065593719482,18584500,2.3665214061688955,-0.0012871157719275,0.0841660771084492,0.0615954683679851,0.0179981964658507,0.046054427830405,0.0762849744698171,0,1,1
2011-12-08,0,23.350000381469727,23.450000762939453,22.3700008392334,22.520000457763672,6.497890949249268,25386200,2.567123602089746,-0.0336202605538243,0.021091317893467,0.0020693492572882,0.0180415324792541,0.0460217956421466,0.0762085731569867,-1,1,0
2011-12-09,0,22.709999084472656,23.14999961853028,22.600000381469727,23.020000457763672,6.642159461975098,17627000,2.579062976820651,0.0219594758889395,0.0219594758889395,0.0360053431153776,0.0180528761319797,0.045990273800049,0.0761701129512339,1,1,1
2011-12-12,0,23.020000457763672,23.020000457763672,23.020000457763672,23.020000457763672,6.642159461975098,0,2.3953643508606515,0.0,0.0215154583031851,0.0793217824750684,0.0180341433957365,0.0459582459550789,0.0762271175620919,0,1,1
2011-12-13,0,22.59000015258789,22.799999237060547,22.3700008392334,22.420000076293945,6.469038009643555,22968900,2.464503643083677,-0.0264097180882619,-0.0242353652494002,0.0529120643868062,0.0180528888214936,0.0459183320664382,0.0762190022670792,-1,-1,1
2011-12-14,0,22.350000381469727,22.450000762939453,21.81999969482422,21.81999969482422,6.295912742614746,32567700,2.5022315607799497,-0.0271267608634614,-0.0664843793885358,0.002753439868395,0.0180735023963277,0.0459556507353505,0.0761434297235891,-1,-1,0
2011-12-15,0,22.049999237060547,22.299999237060547,21.46999931335449,21.51000022888184,6.206467151641846,24826000,2.520252541937567,-0.0143088144547302,-0.0795060780713385,-0.018881527212119,0.0180649783861917,0.0460323225164574,0.0760611600761621,-1,-1,-1
2011-12-16,0,21.600000381469727,21.709999084472656,21.299999237060547,21.299999237060547,6.145874977111816,21221600,2.552998955364184,-0.0098107160404324,-0.0556965335579468,-0.0373229402610098,0.0180507726259697,0.0460413002682735,0.0759837246639618,-1,-1,-1
2011-12-19,0,21.3700008392334,21.6200008392334,21.1200008392334,21.1200008392334,6.093937397003174,18945100,2.53086253060594,-0.0084867137259072,-0.0861427231727934,-0.0187622144972306,0.0180353700885703,0.0461395263584067,0.0759019833125441,-1,-1,-1
2011-12-20,0,21.39999961853028,22.100000381469727,21.309999465942383,22.100000381469727,6.376705646514893,24437600,2.6119722680468045,0.0453572000333208,-0.0407855231394726,0.0159639010129043,0.0181388039784111,0.0461191860152341,0.0758381450499981,1,-1,1
2011-12-21,0,21.89999961853028,21.989999771118164,21.520000457763672,21.920000076293945,6.32476806640625,18567300,2.597179228784793,-0.008178243054862,-0.0225540481060727,0.0054897091925317,0.0181231691280953,0.0460776891697572,0.0757655787017006,-1,-1,0
2011-12-22,0,22.07999992370605,22.299999237060547,21.920000076293945,22.14999961853028,6.391132354736328,14040300,2.4479165753037924,0.0104380954056996,0.0150108081630885,0.0214476646775017,0.0181119377062172,0.0460398237309584,0.0757079266071771,1,1,1
2011-12-23,0,22.270000457763672,22.38999938964844,22.170000076293945,22.21999931335449,6.411327838897705,9297500,2.3338771504555345,0.0031549406297676,0.0324745632475864,0.0296893195693329,0.0180943846653435,0.0460251319363992,0.0756607475155779,1,1,1
2011-12-26,0,22.299999237060547,22.34000015258789,22.170000076293945,22.170000076293945,6.396902561187744,2820600,2.3696793543420944,-0.0022525022362295,0.0400327770517893,0.022811228203165,0.0180760491727907,0.0460245256937518,0.0756048448145052,-1,1,1
2011-12-27,0,22.170000076293945,22.31999969482422,22.13999938964844,22.200000762939453,6.405559062957764,9287300,2.1928890755014905,0.0013523185373848,0.0498718093150815,0.0550939069241126,0.0180579603335446,0.0460458930357949,0.0756014623642351,0,1,1
2011-12-28,0,22.239999771118164,22.239999771118164,21.420000076293945,21.43000030517578,6.183383464813232,15843300,1.9804181160621372,-0.0353006090655509,-0.0307859997837903,-0.0032612286606165,0.0181058454827071,0.046012860699339,0.0755247228788722,-1,-1,0
2011-12-29,0,21.59000015258789,21.59000015258789,21.0,21.489999771118164,6.200696468353272,21683800,1.9414728684092863,0.0027960114780319,-0.0198117452508963,0.0037297809983334,0.0180883095729985,0.0459702799501516,0.0754519347683025,1,-1,0
2012-01-02,0,21.51000022888184,22.1200008392334,21.26000022888184,21.729999542236328,6.269943714141846,20391300,1.9363673736990232,0.0111057582462003,-0.0191440824103956,-0.0146189594166241,0.0180781749003766,0.0459274050945221,0.0753725394910966,1,-1,-1
2012-01-03,0,21.82999992370605,22.40999984741211,21.809999465942383,22.40999984741211,6.519343852996826,22940500,2.004044033638881,0.0390063572373179,0.0167073341971544,0.0032960799272266,0.0181486795276277,0.0458916767043273,0.0752999281604546,1,1,0
2012-01-04,0,22.18000030517578,22.57999992370605,21.979999542236328,22.56999969482422,6.565889835357666,18736900,1.9389465018878256,0.0071143060628374,0.0260741424962213,0.0099663684043096,0.0181339459490903,0.0458672023254848,0.0752322300900934,1,1,1
2012-01-05,0,22.38999938964844,22.61000061035156,22.14999961853028,22.309999465942383,6.490253448486328,19489000,1.9569133456430132,-0.0115864587852796,0.0131353651735568,-0.0209611958452932,0.018122094759484,0.0458283591860997,0.0751534047814638,-1,1,-1
2012-01-06,0,22.46999931335449,22.57999992370605,22.25,22.32999992370605,6.496070861816406,13941000,1.9585569244376264,0.0008959292221886,0.0493319034612964,-0.0351875198987788,0.0181041014316219,0.0458482290724006,0.0750785621989571,0,1,-1
2012-01-09,0,22.440000534057617,22.6299991607666,22.280000686645508,22.6299991607666,6.583346366882324,14665100,2.03184776548054,0.0133456711259249,0.0598815631091896,-0.0205547330009262,0.0180971460587188,0.0458955547065109,0.075000200677948,1,1,-1
2012-01-10,0,22.940000534057617,23.020000457763672,22.790000915527344,22.89999961853028,6.661890983581543,21084100,2.274754638739453,0.0118601932634317,0.0606359981264209,0.0249257208163297,0.0180879710486327,0.0459444302499114,0.0749483999244175,1,1,1
2012-01-11,0,22.88999938964844,23.0,22.64999961853028,22.90999984741211,6.664798736572266,19836100,2.419036645295811,0.0004363803912186,0.0220660212803219,0.0034026253186091,0.0180700333586276,0.0459143518214344,0.0748771452154452,0,1,0
2012-01-12,0,22.989999771118164,23.270000457763672,22.780000686645508,23.07999992370605,6.714256286621094,28334400,2.6021425959919697,0.0073933136901681,0.0223450289076527,0.0107959390087772,0.0180557691335882,0.0458846422317521,0.0748113360059124,1,1,1
2012-01-13,0,22.950000762939453,23.100000381469727,22.850000381469727,23.049999237060547,6.705527305603027,27090600,2.6958038153944224,-0.0013009125205539,0.0326305751723784,0.0359047445764853,0.0180378613325814,0.0458695446648937,0.0747747148637343,0,1,1
2012-01-16,0,23.049999237060547,23.700000762939453,23.020000457763672,23.64999961853028,6.88007402420044,29976400,2.851345071742588,0.0256972539379106,0.0574318998881004,0.0887287593778576,0.0180584666809656,0.0459082926665354,0.0748555379175597,1,1,1
2012-01-17,0,23.64999961853028,23.64999961853028,23.64999961853028,23.64999961853028,6.88007402420044,0,2.554585120150596,0.0,0.0440862287621753,0.1030375738325877,0.0180406444713728,0.0459143521460113,0.0749800793545619,0,1,1
2012-01-18,0,23.81999969482422,24.459999084472656,23.81999969482422,24.3700008392334,7.089532375335693,25733500,2.672478048622249,0.0299899716261647,0.0622160071249086,0.142838261499185,0.0180743784591194,0.0459655783538991,0.0752561706664026,1,1,1
2012-01-19,0,24.39999961853028,24.540000915527344,24.209999084472656,24.209999084472656,7.042985439300537,22835300,2.74061779840746,-0.0065872344840383,0.0551923922496514,0.1447377407410537,0.0180584715322084,0.0459969910490832,0.0755370035342277,-1,1,1
2012-01-20,0,24.100000381469727,24.21999931335449,23.8799991607666,24.21999931335449,7.045896053314209,16643000,2.793603732991159,0.0004131788682592,0.0482122574277424,0.0997937195759924,0.018040791231066,0.0460110838930011,0.0756449002504237,0,1,1
2012-01-23,0,24.09000015258789,25.489999771118164,24.040000915527344,25.1299991607666,7.31062650680542,36560200,3.1323814301334414,0.0368836483053069,0.0863968182536033,0.1448556109361614,0.0180996186962012,0.0461422331712493,0.0759203896507521,1,1,1
2012-01-24,0,25.049999237060547,25.780000686645508,24.950000762939453,25.39999961853028,7.389172554016113,37248200,3.399806866847896,0.0106867848232571,0.0713863491389499,0.145104300353719,0.018088810931298,0.0462186192976301,0.0761934131430298,1,1,1
2012-01-26,0,25.729999542236328,25.88999938964844,24.920000076293945,24.920000076293945,7.249534606933594,30571700,3.577253230203963,-0.0190784856986915,0.0523078634402584,0.1228708740252597,0.0180895358946102,0.0462406265622196,0.0763740524877672,-1,1,1
2012-01-27,0,25.07999992370605,25.14999961853028,24.6200008392334,24.670000076293945,7.176806926727295,17637100,3.45092263048632,-0.010082708241215,0.0122351835728784,0.1150406680202741,0.018076694814497,0.0462006411156592,0.0765244777472368,-1,1,1
2012-01-30,0,24.43000030517578,24.6299991607666,24.350000381469727,24.56999969482422,7.147716045379639,16811800,3.3289089395987945,-0.004061694954571,0.0147607231023458,0.1096266545283182,0.0180597245223639,0.0461626217198918,0.0766547664630438,-1,1,1
2012-01-31,0,24.75,24.940000534057617,24.32999992370605,24.56999969482422,7.147716045379639,28139600,3.318777347879309,0.0,0.0143475442340866,0.1449272635938692,0.0180422060539123,0.04612436873618,0.0769159894909358,0,1,1
2012-02-01,0,24.700000762939453,25.170000076293945,24.6299991607666,24.950000762939453,7.2582621574401855,24357500,3.669580822101795,0.0153475564658734,-0.0071885476053469,0.1574788085817108,0.018038464966351,0.0460794562196664,0.0772284676980133,1,-1,1
2012-02-02,0,24.8799991607666,25.21999931335449,24.450000762939453,24.530000686645508,7.13607931137085,26639600,3.684787825839899,-0.0169769184516207,-0.0348522508802249,0.1293961318838895,0.0180353134561583,0.0460548159565529,0.0774214376939194,-1,-1,1
2012-02-03,0,24.46999931335449,24.93000030517578,24.3700008392334,24.61000061035156,7.159351825714111,20308300,3.6541619259414895,0.0032559402622698,-0.0125178249192636,0.0936457149088415,0.0180187182224009,0.0460114826823058,0.0774953622218248,1,-1,1
2012-02-06,0,24.489999771118164,24.86000061035156,24.39999961853028,24.86000061035156,7.23207950592041,14430800,3.628564667361945,0.0101071669179959,0.0076720502399473,0.0966385757640002,0.0180075386666223,0.045969530852429,0.0775767789955537,1,1,1
2012-02-07,0,24.71999931335449,25.63999938964844,24.71999931335449,25.600000381469727,7.447353363037109,29503300,3.5342002842546507,0.0293320993326408,0.0410658445271592,0.1375571338819206,0.0180380612072962,0.0459674774653505,0.0777953123878299,1,1,1
2012-02-08,0,25.64999961853028,25.8799991607666,25.299999237060547,25.43000030517578,7.397898197174072,24815600,3.352342689817341,-0.0066627835326708,0.0344030609944882,0.1299984211270611,0.0180227092889778,0.0459536236867986,0.0779826376034702,-1,1,1
2012-02-09,0,25.479999542236328,25.739999771118164,25.170000076293945,25.5,7.418264389038086,23662100,3.260870530783348,0.002749187527184,0.021804692055799,0.1194019375283201,0.0180060300359129,0.0459228518024263,0.0781303809606979,1,1,1
2012-02-10,0,24.239999771118164,24.549999237060547,23.5,23.5,6.836438179016113,88044000,4.204047334974822,-0.081678258041556,-0.0428966475341362,0.0258634862233324,0.0183343217832059,0.0459108081284668,0.0780720230245457,-1,-1,1
2012-02-13,0,23.5,23.5,23.5,23.5,6.836438179016113,0,3.96560683142848,0.0,-0.0461525877964059,0.0254271058321136,0.01831684722242,0.0459042467931115,0.0780133454323952,0,-1,1
2012-02-14,1,24.36000061035156,24.36000061035156,23.100000381469727,23.209999084472656,6.752073287963867,41985300,4.129018464535725,-0.0124172504486188,-0.0686770051630208,0.0056165416933266,0.018306479339997,0.0459480171001812,0.0779403699085609,-1,-1,0
2012-02-15,0,23.489999771118164,23.59000015258789,22.709999084472656,23.100000381469727,6.720073699951172,40081300,4.312673946864553,-0.0047504897652434,-0.1027595942609051,0.0021669644486371,0.0182898957129869,0.0461071819188272,0.0778661121418884,-1,-1,0
2012-02-16,0,22.950000762939453,23.93000030517578,22.82999992370605,23.8799991607666,6.94698429107666,36725000,4.4417018258470335,0.0332085287258104,-0.0628882820024238,0.0096782392365369,0.0183322606330732,0.0461345779204386,0.07779567843882,1,-1,1
2012-02-17,0,24.100000381469727,24.14999961853028,23.64999961853028,24.049999237060547,6.996440410614014,24239300,4.489710104409859,0.0070938564940529,-0.0585436130355549,0.0167720957305898,0.0183180291024615,0.0461514374410226,0.0777301453400232,1,-1,1
2012-02-23,0,23.68000030517578,24.09000015258789,23.670000076293945,23.920000076293945,6.958622455596924,20973800,4.5722236865844845,-0.0054199752388619,0.0177146697671391,-0.0186378511344369,0.018301861315603,0.0461174375151095,0.0776540117384203,-1,1,-1
2012-02-24,0,24.14999961853028,24.59000015258789,24.11000061035156,24.479999542236328,7.121532440185547,23627900,4.47012430695119,0.0231414009177329,0.040856070684872,0.0110907842673343,0.0183138284983289,0.046115567522119,0.0775849999809384,1,1,1
2012-02-27,0,24.64999961853028,24.920000076293945,24.290000915527344,24.350000381469727,7.083714962005615,30229700,4.530753950525215,-0.00532445038826,0.0479488707452309,0.0053531550108151,0.0182976970928515,0.0461277359333024,0.0775131084888536,-1,1,0
2012-02-28,0,24.51000022888184,24.690000534057617,24.32999992370605,24.32999992370605,7.077894687652588,23401800,4.511117243923408,-0.0008219792558501,0.0518773812546242,-0.0323524725503419,0.0182804932525677,0.0461483568995648,0.0774420123426674,0,1,-1
2012-02-29,0,24.5,24.63999938964844,24.239999771118164,24.309999465942383,7.072078704833984,23521600,3.6468515631796503,-0.0008220486335629,0.0178468038952509,-0.0438613060071621,0.0182633378484915,0.0461144375040452,0.0773784159717057,0,1,-1
2012-03-01,0,24.51000022888184,24.8799991607666,24.459999084472656,24.8799991607666,7.237898349761963,18627700,3.914380176739004,0.0231764267246393,0.033929374125837,-0.0016063935838313,0.0182753118628698,0.0461002485444428,0.0773045867167035,1,1,0
2012-03-02,0,24.940000534057617,25.299999237060547,24.86000061035156,25.299999237060547,7.360079288482666,20122000,3.645734607321123,0.0167398244991668,0.0560891738638659,0.0252161391565504,0.0182736091919032,0.046130273029734,0.0772476594419685,1,1,1
2012-03-05,0,25.14999961853028,25.239999771118164,24.450000762939453,24.59000015258789,7.153533458709717,22770000,3.4344836998453028,-0.0284642809108534,0.0044834920352795,0.000813553200268,0.0182961539872412,0.0460882130150667,0.077174977727914,-1,0,0
2012-03-06,0,24.100000381469727,24.1299991607666,23.59000015258789,23.75,6.90916633605957,25256500,3.274499505727247,-0.0347574401739474,-0.0249494977504079,-0.0339438869736793,0.018338208825918,0.0460540063736379,0.0771057418058174,-1,-1,-1
2012-03-07,0,24.049999237060547,24.14999961853028,23.76000022888184,23.979999542236328,6.976076602935791,16294900,3.163550916358566,0.0096376829821938,-0.0144898355123638,-0.0396537604573587,0.0183265679626874,0.0460131004918298,0.0770401114865931,1,-1,-1
2012-03-08,0,24.420000076293945,24.450000762939453,23.90999984741211,24.09000015258789,7.008077621459961,13840600,3.066415931606292,0.0045767622225028,-0.009091024656298,-0.0181000797832351,0.018310957292241,0.045970557599762,0.0769660457737898,1,-1,-1
2012-03-09,0,24.100000381469727,24.25,23.709999084472656,23.709999084472656,6.897528648376465,14887900,2.936293852596947,-0.0159002491501528,-0.04816770053109,-0.0372562691956576,0.018305708324558,0.0459674507472565,0.0768992490742999,-1,-1,-1
2012-03-12,0,23.549999237060547,23.76000022888184,23.36000061035156,23.43000030517578,6.816075325012207,13888100,2.6992219528222603,-0.0118793398733744,-0.0767868649036311,-0.0592427759870281,0.0182950860753657,0.0460320393454615,0.0768519833877686,-1,-1,-1
2012-03-13,0,23.64999961853028,24.43000030517578,23.479999542236328,24.43000030517578,7.106987953186035,27072800,2.7523417523687512,0.0417946781093562,-0.0065279058834216,-0.0467801972103127,0.0183690312304458,0.0459892813416314,0.076792356145756,1,-1,-1
2012-03-14,0,24.39999961853028,25.07999992370605,24.280000686645508,24.82999992370605,7.223354339599609,34767400,2.9205884133986824,0.0162409162083242,0.0444704504988498,-0.0238764974693177,0.0183663776390152,0.0459940701560598,0.076720198687207,1,1,-1
2012-03-15,0,24.68000030517578,24.989999771118164,24.170000076293945,24.21999931335449,7.045896053314209,26540100,3.0241139650929805,-0.0248741077592571,0.009958659757399,-0.0514997927557589,0.0183789004696739,0.0459553000517417,0.0766651045777579,-1,1,-1
2012-03-16,0,24.25,24.450000762939453,23.6200008392334,24.350000381469727,7.083714962005615,38690500,3.2740770366361303,0.0053531550108151,0.010735052545711,0.035531620296612,0.0183638314807512,0.0459170735574531,0.0766214924907718,1,1,1
2012-03-19,0,24.350000381469727,24.350000381469727,24.350000381469727,24.350000381469727,7.083714962005615,0,2.950868987560637,0.0,0.0266353016958638,0.035531620296612,0.0183470277346231,0.045893398523149,0.0765779095628523,0,1,1
2012-03-20,0,24.01000022888184,24.309999465942383,23.96999931335449,24.270000457763672,7.096698760986328,17585500,2.8522465878572207,0.0018312304369497,0.0403458720061878,0.0497801011821806,0.0183305541202362,0.0458902921251401,0.0765540356002856,0,1,1
2012-03-21,0,24.209999084472656,24.39999961853028,24.06999969482422,24.11000061035156,7.049912929534912,12415400,2.800364184413238,-0.0066144463496505,-0.0080632524528189,0.0479161445977734,0.0183155975677406,0.0458483822727535,0.0765272095464051,-1,-1,1
2012-03-22,0,24.209999084472656,24.39999961853028,24.06999969482422,24.11000061035156,7.049912929534912,12415400,2.7815762007846088,0.0,-0.024304168661143,0.0147076158719631,0.0182989300240358,0.0458146432903573,0.0764640763786695,0,-1,1
2012-03-23,0,23.93000030517578,24.100000381469727,23.670000076293945,23.700000762939453,6.930027008056641,16054200,2.798574010433992,-0.0171515558666423,-0.0165816167685281,-0.0095377964887322,0.0182958011601518,0.0457758418511969,0.0763918990760532,-1,-1,-1
2012-03-26,0,23.940000534057617,24.280000686645508,23.86000061035156,24.209999084472656,7.079153537750244,14783400,2.8183999852366166,0.0212906332825172,-0.0006441384968259,0.017172812032647,0.0183030908754757,0.0457341100654536,0.0763308550614593,1,0,1
2012-03-27,0,24.209999084472656,24.290000915527344,23.799999237060547,23.799999237060547,6.959267139434815,20580800,2.7208165145540457,-0.0170801709991124,-0.0177243094959383,-0.0230487598841983,0.0182998664362857,0.0456961279021928,0.076260264057179,-1,-1,-1
2012-03-28,0,23.790000915527344,23.799999237060547,23.209999084472656,23.38999938964844,6.839380741119385,19702600,2.4898810884612432,-0.017376980132234,-0.036932520065122,-0.0351012896281723,0.0182970898737079,0.0456762042608182,0.0761947197326354,-1,-1,-1
2012-03-29,0,23.209999084472656,23.39999961853028,22.93000030517578,23.31999969482422,6.818911552429199,23508000,2.436901723881977,-0.0029973299113577,-0.033315403626829,-0.03727664028368,0.0182808293520909,0.0456517732660501,0.0761305952795933,-1,-1,-1
2012-03-30,0,23.5,23.540000915527344,23.11000061035156,23.350000381469727,6.8276848793029785,17685300,2.1326694257036007,0.0012857899222536,-0.0320296137045755,-0.0351688017278633,0.0182645472809436,0.045625889004425,0.0760654173291699,0,-1,-1
2012-04-02,0,23.280000686645508,23.600000381469727,23.020000457763672,23.229999542236328,6.792593955993652,17972500,2.374907648172134,-0.0051527580859358,-0.0200308159238689,-0.0634979865384385,0.0182490908923687,0.0455895457097181,0.0760257660674022,-1,-1,-1
2012-04-03,0,23.21999931335449,23.299999237060547,22.520000457763672,22.549999237060547,6.593759059906006,20776300,2.3991055377464403,-0.029709289847242,-0.0710307390536285,-0.1099471008848473,0.0182739945251048,0.0456371426103829,0.0760700530389069,-1,-1,-1
2012-04-04,0,22.26000022888184,22.36000061035156,21.76000022888184,21.76000022888184,6.362759590148926,23945600,2.527750270833488,-0.0356614236218273,-0.0896119916763433,-0.1171442435958212,0.0183171966381483,0.0457400549518439,0.0761313685810763,-1,-1,-1
2012-04-05,0,21.81999969482422,22.18000030517578,21.65999984741211,22.0,6.4329352378845215,20141600,2.611172756438182,0.0109687441387498,-0.0612662674053594,-0.0714180592831239,0.0183075855013896,0.0457625767418308,0.0761017272448242,1,-1,-1
2012-04-09,0,21.76000022888184,21.8700008392334,21.51000022888184,21.59000015258789,6.313049793243408,14373800,2.570468595360539,-0.0188120384383023,-0.077080975932304,-0.0998677807036202,0.0183070339834874,0.0458249688459061,0.0761220245865288,-1,-1,-1
2012-04-10,0,21.5,21.709999084472656,21.01000022888184,21.190000534057617,6.1960859298706055,19490700,2.6024391743292763,-0.0187010957057074,-0.0970678615602651,-0.1231456386318305,0.0183062350133456,0.0459511454140749,0.0761972156730274,-1,-1,-1
2012-04-11,0,21.450000762939453,21.59000015258789,21.270000457763672,21.350000381469727,6.2428717613220215,24648400,2.623570578723501,0.0075225036115295,-0.0843925998627997,-0.0997228858701482,0.0182933557474029,0.0460335197936403,0.0762161782823734,1,-1,-1
2012-04-12,0,21.51000022888184,22.07999992370605,21.3799991607666,22.01000022888184,6.435858726501465,19275600,2.602341887377201,0.0304449837026881,-0.0242383263128694,-0.0573985622940855,0.0183245415959446,0.0459995324647546,0.0761686545460907,1,-1,-1
2012-04-13,0,21.8799991607666,22.049999237060547,21.549999237060547,21.670000076293945,6.336441516876221,19471700,2.5290876117422263,-0.0155679424419759,-0.0041448451330179,-0.1147611828454176,0.0183188373766845,0.0459583813792703,0.0762209254352466,-1,0,-1
2012-04-16,0,21.82999992370605,21.93000030517578,21.350000381469727,21.51000022888184,6.289656162261963,16176700,2.4913791866706343,-0.0074109309038109,-0.0225245201755788,-0.1384130299575526,0.0183047156856132,0.0459233417196454,0.0763364285204862,-1,-1,-1
2012-04-17,0,21.780000686645508,21.780000686645508,21.3799991607666,21.57999992370605,6.310125827789307,16335600,2.4536778476966314,0.0032492123359501,-0.0004632694013262,-0.1102897098623454,0.0182893410934864,0.0458827847268623,0.0763765757731373,1,0,-1
2012-04-18,0,21.549999237060547,21.86000061035156,21.270000457763672,21.76000022888184,6.362759590148926,23211800,2.4749038447691314,0.0083065637008787,0.0265443900052599,-0.1073363011722817,0.0182772214524219,0.0458611535956303,0.0764094979425727,1,1,-1
2012-04-19,0,21.6299991607666,21.89999961853028,21.450000762939453,21.450000762939453,6.272111415863037,11639800,2.3174449484741397,-0.0143491341686459,0.0046727522250842,-0.1216854353409277,0.0182699467060784,0.0458221757586096,0.0764760608190943,-1,1,-1
2012-04-20,0,21.6200008392334,21.790000915527344,21.459999084472656,21.459999084472656,6.275035858154297,8618900,2.167661708147523,0.0004661525493164,-0.0253060789282874,-0.1230505132285609,0.018253966160136,0.0457896043664354,0.0765453160853514,0,-1,-1
2012-04-23,0,21.209999084472656,21.299999237060547,21.049999237060547,21.280000686645508,6.222404956817627,15441000,2.1782529720368924,-0.0084227184207475,-0.0181608549070589,-0.1248587852996577,0.0182407149817798,0.0457524550036994,0.0766184204528521,-1,-1,-1
2012-04-24,0,21.32999992370605,21.38999938964844,21.11000061035156,21.239999771118164,6.210704803466797,13605300,2.106288732165478,-0.0018820966001571,-0.0126320206034052,-0.1267408818998148,0.0182247871894234,0.0457131631239901,0.0766955907688173,-1,-1,-1
2012-04-25,0,21.3799991607666,21.489999771118164,20.809999465942383,21.1299991607666,6.178542137145996,26492000,2.125744672856564,-0.0051920409249186,-0.021073273864274,-0.1147813669580912,0.0182097551860192,0.0456778458959925,0.0767421868923246,-1,-1,-1
2012-04-26,0,20.89999961853028,21.32999992370605,20.82999992370605,21.239999771118164,6.210704803466797,22473600,2.156544069052047,0.0051920409249185,-0.0241877966402341,-0.1308799593156899,0.0181956074080081,0.0456447254875496,0.0768287455596133,1,-1,-1
2012-04-27,0,21.350000381469727,21.350000381469727,20.8700008392334,20.93000030517578,6.120060443878174,14715700,2.0904279093024467,-0.0147024115013706,-0.0245410739729587,-0.1285021998179481,0.0181889378031705,0.0456119356690687,0.0769079871047936,-1,-1,-1
2012-04-30,0,20.96999931335449,21.290000915527344,20.8799991607666,21.290000915527344,6.225327014923096,16055600,2.0868671146524003,0.0170540005626083,-0.0079532259596667,-0.0940712191231055,0.0181884464260155,0.0455720703313386,0.0769096481560314,1,-1,-1
2012-05-02,0,20.96999931335449,21.290000915527344,20.8799991607666,21.290000915527344,6.225327014923096,16055600,2.080659693241832,0.0,0.0004694924610806,-0.091073889211748,0.0181726842019665,0.0455327318891994,0.0769057029893728,0,0,-1
2012-05-03,0,21.989999771118164,22.25,21.32999992370605,21.39999961853028,6.257490634918213,22513100,2.0671357910152848,0.0051532742167735,0.0075048632780113,-0.0872064049172279,0.0181586371448684,0.0454959310597315,0.0768949744062367,1,1,-1
2012-05-04,0,21.26000022888184,21.3700008392334,20.200000762939453,20.479999542236328,5.988478660583496,38730900,2.382500237559215,-0.0439418477057173,-0.0312449435027872,-0.1259954945370095,0.0182312030992791,0.0454693944779981,0.0769654228128536,-1,-1,-1
2012-05-07,0,20.450000762939453,20.71999931335449,20.100000381469727,20.57999992370605,6.0177178382873535,23267200,2.553010730080637,0.0048706908156192,-0.0315662936120867,-0.0914155138741481,0.0182170270538578,0.0454432131300686,0.0769612011039468,1,-1,-1
2012-05-08,0,20.39999961853028,20.489999771118164,20.01000022888184,20.26000022888184,5.924149513244629,23394000,2.637360419339388,-0.0156709561657996,-0.0325348382765157,-0.0714250464181204,0.01821164662601,0.0454180586884827,0.0769268336336789,-1,-1,-1
2012-05-09,0,20.049999237060547,20.25,19.780000686645508,20.15999984741211,5.894908428192139,24590100,2.757324568848385,-0.0049481345905914,-0.0545369734297156,-0.0873419251474617,0.0181967360216982,0.0454251569453803,0.0769154634948531,-1,-1,-1
2012-05-10,0,20.299999237060547,20.5,19.920000076293945,19.920000076293945,5.824729919433594,19204300,2.654496105959358,-0.0119763674446717,-0.0665133408743874,-0.0805062541538312,0.0181868621609228,0.045457275063964,0.07689336406089,-1,-1,-1
2012-05-11,0,19.709999084472656,20.049999237060547,19.530000686645508,19.530000686645508,5.710692882537842,22518900,2.6327121611952644,-0.0197722708549988,-0.0914388859461598,-0.0815774293031226,0.0181879625065947,0.0455586393122441,0.0768727511228719,-1,-1,-1
2012-05-14,0,19.07999992370605,19.25,18.89999961853028,18.89999961853028,5.583656311035156,26088300,2.7430511463954352,-0.0224965470768948,-0.0699935853173373,-0.1115964799915471,0.0181941637032312,0.0455979934210197,0.0769068875016234,-1,-1,-1
2012-05-15,1,19.0,19.270000457763672,18.489999771118164,18.489999771118164,5.462529182434082,31489100,2.886034458363405,-0.021931911953005,-0.0967961880859617,-0.1639733756472404,0.0181991447313535,0.0457154710990308,0.0770852844341471,-1,-1,-1
2012-05-16,0,19.270000457763672,19.600000381469727,18.950000762939453,19.290000915527344,5.698874950408936,53547000,3.293217054372236,0.0423568755083705,-0.0387683564117914,-0.1060485576968938,0.0182716311058304,0.0456965945962132,0.0771063411624056,1,-1,-1
2012-05-17,0,19.440000534057617,19.440000534057617,18.43000030517578,18.43000030517578,5.444802761077881,32448400,3.3642528105465157,-0.0456072463698254,-0.0794274681910254,-0.1442448731629083,0.0183486351728565,0.0457589757554209,0.0772205837640092,-1,-1,-1
2012-05-18,0,18.600000381469727,19.209999084472656,18.43000030517578,19.06999969482422,5.633881092071533,30827600,3.248649568465339,0.0341370319448329,-0.0333140688015207,-0.1133570535540256,0.0183902522233325,0.0457337368502118,0.0772557788188153,1,-1,-1
2012-05-21,0,19.06999969482422,19.06999969482422,19.06999969482422,19.06999969482422,5.633881092071533,0,2.9708225566903708,0.0,-0.0135417979465218,-0.1216636172549044,0.0183746789820693,0.0456956298893903,0.0773092022981877,0,-1,-1
2012-05-22,0,20.31999969482422,20.5,19.700000762939453,19.709999084472656,5.822956085205078,25626200,2.9919165941782166,0.0330094874037182,0.0419642365340912,-0.0743049956825402,0.0184122740251303,0.045699543926907,0.077276579328184,1,1,-1
2012-05-23,0,19.65999984741211,19.790000915527344,18.89999961853028,19.229999542236328,5.681147575378418,26282100,3.000560229989791,-0.0246548009716795,0.0392413475154167,-0.0994259492035362,0.0184225209710422,0.0456985754987349,0.0772827981471011,-1,1,-1
2012-05-24,0,19.34000015258789,19.559999465942383,18.559999465942383,18.700000762939453,5.524571418762207,24654800,3.0488716821337856,-0.0279475771146324,-0.0310631051075863,-0.1189508078974211,0.018440271115669,0.0456714720221996,0.0773286666478925,-1,-1,-1
2012-05-25,0,18.71999931335449,19.100000381469727,18.530000686645508,18.63999938964844,5.506843566894531,18736600,2.998433789780014,-0.0032140694828011,0.0113300717794378,-0.1202827807800652,0.0184249377851189,0.0456381361941178,0.0773769774742382,-1,1,-1
2012-05-28,0,18.950000762939453,19.14999961853028,18.780000686645508,18.790000915527344,5.551160335540772,8969900,2.8081933859719728,0.0080153717257233,-0.0147915884396715,-0.1070753681294232,0.0184131447255806,0.0456008594645188,0.0773965759421796,1,-1,-1
2012-05-29,0,18.90999984741211,19.21999931335449,18.700000762939453,18.850000381469727,5.568885326385498,23202700,2.723273116189981,0.0031879376029763,-0.0116036508366952,-0.1090794714513656,0.018398464965468,0.0455628071250878,0.0774197975313047,1,-1,-1
2012-05-30,0,18.559999465942383,18.68000030517578,18.31999969482422,18.350000381469727,5.421169757843018,23451100,2.370024751465281,-0.0268832983306545,-0.0714964365710681,-0.1212603582806496,0.018413535705384,0.0456040349420527,0.0774687610760784,-1,-1,-1
2012-05-31,0,18.479999542236328,19.1299991607666,18.07999992370605,19.1299991607666,5.651607036590576,30378300,2.3601254305963657,0.0416283213249226,-0.0052133142744658,-0.0966860375183352,0.0184806488528051,0.0455655131343436,0.0774679977796375,1,-1,-1
2012-06-01,0,18.530000686645508,19.020000457763672,18.38999938964844,18.799999237060547,5.554112911224365,30593200,2.3526627375201947,-0.0174012175797507,0.0053330452604158,-0.114087255098086,0.0184773975941687,0.0455294506598198,0.0775002909163547,-1,1,-1
2012-06-04,0,18.84000015258789,19.26000022888184,18.68000030517578,19.11000061035156,5.645698547363281,23318400,2.6138878696076278,0.0163552177664145,0.0249023325096315,-0.1028853115484451,0.0184755473921064,0.0455087214853932,0.0775100047989261,1,1,-1
2012-06-05,0,19.209999084472656,19.31999969482422,18.739999771118164,18.799999237060547,5.554112911224365,20669600,2.545591742183499,-0.0163552177664144,0.0005317430174935,-0.0752986816091423,0.018470817372573,0.0454712321033517,0.0774770351557158,-1,0,-1
2012-06-06,0,19.049999237060547,19.31999969482422,18.959999084472656,19.09000015258789,5.639787673950195,28549100,2.5688043541168954,0.015307699947923,0.0126515053624404,-0.0648616724768384,0.01846739365815,0.045439423066413,0.0774324603905776,1,1,-1
2012-06-08,0,19.049999237060547,19.200000762939453,18.65999984741211,18.8799991607666,5.577747821807861,22183800,2.5440575369574114,-0.011061339583764,0.0284734641093311,-0.0602520558948027,0.018456631214291,0.0454230842546541,0.0773836024219116,-1,1,-1
2012-06-11,0,19.11000061035156,19.190000534057617,18.38999938964844,18.38999938964844,5.432987213134766,23041400,2.587719399757792,-0.0262959647433791,-0.0394508219589708,-0.0815998860475905,0.0184700691434187,0.0454058786493036,0.0773588007023431,-1,-1,-1
2012-06-12,0,18.450000762939453,18.670000076293945,18.31999969482422,18.600000381469727,5.495028018951416,24582800,2.756956560571826,0.0113545728213863,-0.0106950315578337,-0.0582689457815323,0.0184616307175045,0.0453683868466492,0.0773083286992704,1,-1,-1
2012-06-13,0,18.530000686645508,18.920000076293945,18.39999961853028,18.89999961853028,5.583656311035156,27915700,2.809853947144646,0.0160001278496388,-0.0110501214746096,-0.0224965470768948,0.0184592904486957,0.0453310526844613,0.0772421583777772,1,-1,-1
2012-06-14,0,18.549999237060547,18.780000686645508,18.14999961853028,18.170000076293945,5.3679914474487305,40851900,2.9927238336806483,-0.0393900082616166,-0.0340849119698116,-0.0393900082616166,0.0185098501503531,0.0453078897089464,0.0771800786446137,-1,-1,-1
2012-06-15,0,18.270000457763672,18.549999237060547,17.829999923706055,18.549999237060547,5.4802565574646,29177900,2.969341641669833,0.0206981104987683,-0.0286945014189664,0.0032400141901567,0.0185155893149936,0.0452797206912997,0.0771204110242542,1,-1,0
2012-06-18,0,18.549999237060547,18.549999237060547,18.549999237060547,18.549999237060547,5.4802565574646,0,2.632180019515725,0.0,-0.0176331618352024,-0.0391168613182138,0.018500400822924,0.045244642865003,0.077058542856667,0,-1,-1
2012-06-19,0,19.0,19.989999771118164,18.950000762939453,19.64999961853028,5.805229663848877,49228700,2.9380243981905254,0.0576072605568268,0.0662700634650035,0.0640976456084382,0.0186368830472667,0.0453025626827374,0.0770718004172461,1,1,1
2012-06-20,0,19.729999542236328,20.14999961853028,19.64999961853028,19.89999961853028,5.879087924957275,31166100,3.0738012412282942,0.0126424575993552,0.0675579482429724,0.0426030712629605,0.0186296615174931,0.0453633144801687,0.0770499155084502,1,1,1
2012-06-21,0,20.01000022888184,20.06999969482422,19.270000457763672,19.270000457763672,5.692965984344482,27366300,3.0634524391085334,-0.0321702601212891,0.0193875602720444,0.0104328111416715,0.0186573314872164,0.0453373639422414,0.076994916078124,-1,1,1
2012-06-22,0,19.39999961853028,19.65999984741211,19.059999465942383,19.549999237060547,5.775686740875244,20613400,3.054167887168834,0.0144257905522468,0.0732033590859079,-0.0081508857097997,0.0186523987707554,0.0454129428681096,0.0769313343730166,1,1,-1
2012-06-25,0,18.700000762939453,18.88999938964844,17.799999237060547,17.799999237060547,5.258681774139404,48876000,3.315772095838151,-0.0937767834473832,-0.0412715348602436,-0.0772728681855036,0.0190102988422752,0.0453986107882832,0.0769021189702583,-1,-1,-1
2012-06-26,0,18.040000915527344,18.25,17.760000228881836,18.0,5.31776762008667,36988300,3.43802632636116,0.0111732129444838,-0.0300983219157597,-0.0381520781263874,0.0190012137712064,0.0453721222154732,0.0768407632542737,1,-1,-1
2012-06-27,0,18.0,18.209999084472656,17.6200008392334,17.639999389648438,5.21141242980957,21017200,3.3460710123407145,-0.0202026762079808,-0.1079082586805674,-0.0551406848515669,0.0190014553422225,0.0455231322044649,0.0767893600997227,-1,-1,-1
2012-06-28,0,17.600000381469727,18.0,17.420000076293945,17.700000762939453,5.229138851165772,21382900,3.1328057567134038,0.0033956901148864,-0.1171550261650361,-0.059760366462404,0.0189868766191045,0.0457078160748873,0.0767417999796985,1,-1,-1
2012-06-29,0,18.239999771118164,18.32999992370605,17.969999313354492,18.25,5.391626834869385,23170100,3.063400626748323,0.0306005551213311,-0.0543842109224159,-0.0323477489440491,0.0190141888330076,0.0457121818657582,0.0766789517481068,1,-1,-1
2012-07-02,0,18.100000381469727,18.489999771118164,17.969999313354492,18.36000061035156,5.424123764038086,19563100,3.2739557386054656,0.0060092041992998,-0.0628007972753629,0.0005447535859052,0.0190008939048952,0.0457321289536608,0.0766195005278878,1,-1,0
2012-07-03,0,18.520000457763672,19.1299991607666,18.39999961853028,18.989999771118164,5.6102447509765625,29500800,3.0352945286414545,0.0337379779766028,0.0647139641486232,-0.0073455897624145,0.0190367266417866,0.045784283127431,0.0765572640978917,1,1,0
2012-07-04,0,18.88999938964844,19.21999931335449,18.790000915527344,18.950000762939453,5.598428726196289,12131600,2.8064888530587853,-0.0021083724459313,0.051432378758208,0.0079472553714047,0.019021425715858,0.0458057252184244,0.0765020634146778,-1,1,1
2012-07-05,0,19.100000381469727,19.790000915527344,19.049999237060547,19.600000381469727,5.7904582023620605,36200100,2.9132812189781045,0.0337254515417731,0.105360506507962,0.0253174891467635,0.0190568767421415,0.0459875846140352,0.0764609453402646,1,1,1
2012-07-06,0,19.350000381469727,19.5,19.100000381469727,19.200000762939453,5.672285556793213,21172600,2.915345825609585,-0.0206192923495343,0.0813455240435413,0.0210534145636436,0.0190579516146305,0.0460838880002993,0.0764158418935061,-1,1,1
2012-07-10,0,19.100000381469727,19.18000030517578,18.350000381469727,18.38999938964844,5.432987213134766,30813600,2.737529491708248,-0.0431030189428638,0.0076419499793464,-0.0373573043271432,0.0191173744435634,0.0460497012520872,0.0763555551277612,-1,1,-1
2012-07-11,0,18.51000022888184,18.799999237060547,18.209999084472656,18.540000915527344,5.477302551269531,21738400,2.583496585175495,0.008123630591182,0.0097563763712286,-0.018172334152197,0.0191055270048629,0.0460166537128532,0.0762922603497086,1,1,-1
2012-07-12,0,18.299999237060547,18.729999542236328,18.040000915527344,18.57999992370605,5.489118576049805,25942400,2.648722402844566,0.0021549472185486,-0.0218266543868255,0.0102785778097308,0.0190906460820762,0.0459841201224083,0.076239145892026,1,-1,1
2012-07-13,0,19.549999237060547,19.63999938964844,19.32999992370605,19.549999237060547,5.775686740875244,51591200,3.0181131052053742,0.0508894736855855,0.0311711917446914,0.04981347867393,0.0191874889792254,0.0459708071227453,0.0762291040802757,1,1,1
2012-07-16,0,19.549999237060547,19.549999237060547,19.549999237060547,19.549999237060547,5.775686740875244,0,2.770230381927618,0.0,-0.0025542597970817,0.0338133508242913,0.0191722144668528,0.0459340003374263,0.0761975291892242,0,0,1
2012-07-17,0,19.43000030517578,19.59000015258789,19.1200008392334,19.25,5.687057971954346,16602300,2.747025589071073,-0.0154641034668079,0.0026009290856446,0.0577392556190999,0.0191657617067971,0.0458982931668024,0.0761998881571523,-1,0,1
2012-07-18,0,19.14999961853028,19.32999992370605,18.979999542236328,19.32999992370605,5.710693359375,17088900,2.6122601417791897,0.0041473832184102,0.0498513312469186,0.0411885283387419,0.0191515796902082,0.0459150723517997,0.0761773146372776,1,1,1
2012-07-19,0,19.32999992370605,19.770000457763672,19.32999992370605,19.6200008392334,5.796366691589356,20781700,2.7165140536886083,0.0148908435186056,0.0566185441743421,0.0560793718573474,0.0191466962983838,0.0459454409852135,0.0761765825791281,1,1,1
2012-07-20,0,19.3799991607666,19.559999465942383,19.11000061035156,19.18000030517578,5.666377544403076,19025100,2.5144930625892603,-0.0226812562664377,0.0317823406893558,-0.0242091449659168,0.0191511721668484,0.045932729906315,0.0761143466705545,-1,1,-1
2012-07-23,0,18.8700008392334,19.040000915527344,18.40999984741211,18.959999084472656,5.601381778717041,21365500,2.513658263106349,-0.0115367190067953,-0.0306438520030251,-0.0483883215720675,0.0191406761424084,0.0459071966655928,0.0760609393326949,-1,-1,-1
2012-07-24,0,19.049999237060547,19.200000762939453,18.6299991607666,18.790000915527344,5.551160335540772,19547500,2.39678816496582,-0.0090063381305647,-0.0396501901335898,-0.0252243995813429,0.0191282430675019,0.04589098536998,0.0759991069389586,-1,-1,-1
2012-07-25,0,19.0,19.209999084472656,18.75,19.0,5.613199234008789,17749100,2.358217014110713,0.0111138550591772,-0.0130722316076046,-0.0285363350744125,0.0191191355872266,0.0458555024402153,0.0759379385109326,1,-1,-1
2012-07-26,0,19.26000022888184,19.40999984741211,19.0,19.26000022888184,5.690012454986572,20628300,2.308559671912279,0.0135916066290766,-0.0036280081969381,0.0788320550020474,0.0191127393256799,0.045819151631994,0.0759799603538157,1,0,1
2012-07-27,0,19.450000762939453,20.18000030517578,19.309999465942383,20.170000076293945,5.958856105804443,37700800,2.1630718267750506,0.0461660970388868,0.027647245323343,0.1138249390964504,0.0191885281259938,0.0458017432835835,0.0761079941021521,1,1,1
2012-07-30,0,20.059999465942383,20.309999465942383,19.809999465942383,20.309999465942383,6.000214099884033,22857600,2.4352140322165026,0.0069166178051116,0.0572451193948925,0.1409442331095429,0.0191759090825077,0.0458331479347598,0.076319304766897,1,1,1
2012-07-31,0,20.309999465942383,20.309999465942383,19.43000030517578,19.5,5.7609171867370605,38115700,2.683570231064964,-0.0406984560654661,0.0280833823362218,0.0968500869291904,0.0192257365129241,0.0458161037229445,0.0763997690818565,-1,1,1
2012-08-01,0,19.5,19.920000076293945,19.100000381469727,19.81999969482422,5.855453014373779,27655700,2.811251759074453,0.0162766704410303,0.0533663909078166,0.0825262022488896,0.0192226449724681,0.0458389849240934,0.0764465851902057,1,1,1
2012-08-02,0,19.549999237060547,20.040000915527344,19.40999984741211,19.600000381469727,5.7904582023620605,25195600,2.8617228247426363,-0.011161940977145,0.0310905948714942,0.0653550570724448,0.0192119419129126,0.0458254054844868,0.0764593302563098,-1,1,1
2012-08-03,1,19.979999542236328,20.270000457763672,19.86000061035156,19.940000534057617,5.890904426574707,30632200,3.005875254419491,0.0171981134705419,0.0346971017129595,0.0488151925663838,0.0192101795502964,0.045816487641682,0.0764454474288335,1,1,1
2012-08-06,0,19.020000457763672,20.26000022888184,18.82999992370605,19.920000076293945,5.884995937347412,55497300,3.4164683288150526,-0.0010034884026722,-0.0124724837285996,0.0499200766096427,0.019195213673112,0.0457814606957026,0.0764330291534959,0,-1,1
2012-08-07,0,20.14999961853028,20.63999938964844,20.06999969482422,20.25,5.982488632202148,35894000,3.627244615584769,0.0164305902517183,-0.0029585112819929,0.0326252153195879,0.0191923446990668,0.0457456414953142,0.0763988385342621,1,0,1
2012-08-08,0,20.38999938964844,21.200000762939453,20.25,21.18000030517578,6.257241249084473,41018800,3.938843427474689,0.0449027523195491,0.0826426971030221,0.0981472599886712,0.0192617149121329,0.0458410238548314,0.0764795618018576,1,1,1
2012-08-09,0,20.90999984741211,21.1299991607666,20.700000762939453,21.0,6.204062461853027,23850500,3.999551274964248,-0.00853507968243,0.0578309469795619,0.1327151992491052,0.0192492225742365,0.045872149847911,0.0766558636804688,-1,1,1
2012-08-10,0,20.90999984741211,21.1299991607666,20.700000762939453,21.0,6.204062461853027,23850500,3.847390993246397,0.0,0.0689928879567069,0.124591568657923,0.0192343405936789,0.0459287772877225,0.0768057003891308,0,1,1
2012-08-13,0,21.020000457763672,21.290000915527344,20.90999984741211,21.030000686645508,6.212924957275391,19562400,3.81641516932766,0.001427479408352,0.0532222538945173,0.1238641008477264,0.0192196606543256,0.045949769361408,0.0769519595090485,0,1,1
2012-08-14,0,21.14999961853028,21.190000534057617,20.809999465942383,20.84000015258789,6.156792640686035,20059200,3.6257653960024654,-0.0090758259351914,0.0451499163619981,0.0638988012269495,0.0192076089062503,0.0459558448451645,0.0769589160888273,-1,1,1
2012-08-15,0,20.780000686645508,21.11000061035156,20.739999771118164,21.049999237060547,6.21883487701416,27591300,3.644911690650948,0.0100266036630031,0.0387459297732829,0.0739254048899524,0.0191974661222286,0.0459517333042051,0.076983472772793,1,1,1
2012-08-16,0,21.299999237060547,21.530000686645508,21.13999938964844,21.459999084472656,6.339961051940918,21812100,3.629819005713225,0.0192900548065642,0.013133232260298,0.1086795631633247,0.0191987520033758,0.045921307895795,0.0770852796854944,1,1,1
2012-08-17,0,21.56999969482422,21.600000381469727,21.31999969482422,21.549999237060547,6.366549015045166,17505500,3.4929016323025075,0.0041849416981719,0.0258532536408999,0.1087171216430864,0.0191849587062881,0.0459011841677943,0.077186211923614,1,1,1
2012-08-20,0,21.549999237060547,21.549999237060547,21.549999237060547,21.549999237060547,6.366549015045166,0,2.844839647583972,0.0,0.0258532536408999,0.0938262781244808,0.0191702604047879,0.0458810662891115,0.0772502118970606,0,1,1
2012-08-21,0,21.86000061035156,21.8799991607666,21.15999984741211,21.239999771118164,6.274964809417725,30201500,2.794792454992984,-0.0144896899602503,0.0099360842722975,0.1020178444306681,0.019163162007382,0.0458490690879669,0.0773327146104923,-1,1,1
2012-08-22,0,21.1200008392334,21.540000915527344,21.030000686645508,21.489999771118164,6.348825931549072,21066100,2.550888187478808,0.011702026199204,0.030713936406693,0.1252565896366677,0.0191546590535476,0.0458343185313315,0.0774759289381058,1,1,1
2012-08-23,0,21.39999961853028,21.51000022888184,21.13999938964844,21.209999084472656,6.266104221343994,17024700,2.4689552304963955,-0.0131150779137486,0.0075722548299413,0.1211478498534838,0.019146164624129,0.0458013920614061,0.0776061741023136,-1,1,1
2012-08-24,0,21.100000381469727,21.489999771118164,21.049999237060547,21.229999542236328,6.272012233734131,23253600,2.4647423929131747,0.0009424083511366,-0.010775391625486,0.1109764031454431,0.0191316762602633,0.0457669180328664,0.0777080412243973,0,-1,1
2012-08-27,0,21.270000457763672,21.38999938964844,21.030000686645508,21.3700008392334,6.31337308883667,14650800,2.407112035249652,0.006572862562424,-0.0083874707612339,0.1039576590787905,0.0191192249899794,0.045732094821385,0.0777915036116789,1,-1,1
2012-08-28,0,21.26000022888184,21.489999771118164,21.26000022888184,21.420000076293945,6.328145503997803,12603500,2.3203134632726603,0.0023371277393241,-0.0060503430219098,0.0601286897792277,0.0191050597433515,0.0456971187511177,0.0777880662955176,1,-1,1
2012-08-29,0,21.489999771118164,21.520000457763672,21.100000381469727,21.209999084472656,6.266104221343994,19172200,2.218221839599853,-0.009852398652885,-0.0014130517145445,0.0433596733212311,0.0190938792100548,0.0456623035004784,0.0777618093572461,-1,0,1
2012-08-30,0,21.09000015258789,21.26000022888184,20.89999961853028,21.040000915527344,6.215879917144775,15313800,2.132701985115037,-0.0080475306965654,-0.021162608610314,0.0760105986901318,0.0190815381386452,0.0456322126255573,0.0777847075619702,-1,-1,1
2012-08-31,0,21.14999961853028,21.209999084472656,20.700000762939453,20.76000022888184,6.133158683776856,24108200,2.2049484709092786,-0.0133973944598604,-0.0214449251564257,0.0463365337892413,0.0190734544487436,0.0456023396648321,0.0777618442138453,-1,-1,1
2012-09-03,0,20.770000457763672,21.209999084472656,20.5,20.63999938964844,6.097707748413086,10039200,2.326417129720877,-0.0057969784622425,-0.028184311969805,0.0517014963041436,0.0190600514552909,0.0455771336075803,0.0777458145938715,-1,-1,1
2012-09-04,0,20.6299991607666,20.739999771118164,20.3799991607666,20.43000030517578,6.035667419433594,14057800,2.118734296098549,-0.0102264817178362,-0.0449836562500655,0.0242769011157656,0.0190492174386577,0.045570004749567,0.0777006404864096,-1,-1,1
2012-09-05,0,20.549999237060547,21.209999084472656,20.309999465942383,20.59000015258789,6.082935810089111,13349500,2.014479601160661,0.0078010030483548,-0.0395197809410347,0.0330813925667929,0.0190377696939007,0.0455559347113688,0.0776632025514722,1,-1,1
2012-09-06,0,20.670000076293945,21.13999938964844,20.600000381469727,21.0,6.204062461853027,18648700,2.0323759476532017,0.0197168703220445,-0.0099505119661051,0.036367672637119,0.019039986863751,0.0455219121448208,0.0776290429731779,1,-1,1
2012-09-10,0,21.440000534057617,21.540000915527344,21.13999938964844,21.229999542236328,6.272012233734131,22808700,2.026839033030414,0.0108929203172417,0.008989939047702,0.0023578406348119,0.0190310064221688,0.0454904682771518,0.0775717566145511,1,1,0
2012-09-11,0,21.270000457763672,21.76000022888184,21.25,21.709999084472656,6.413820743560791,19003800,2.0851584119218174,0.0223579196195554,0.044745253127118,0.0332508399367974,0.0190376673285617,0.0454962134742744,0.0775346202092979,1,1,1
2012-09-12,0,21.809999465942383,22.06999969482422,21.68000030517578,21.989999771118164,6.496541976928711,27378300,2.279829162775641,0.0128148785907136,0.0633571101800743,0.046065718527511,0.0190305603500561,0.0455377910294446,0.0775113630396084,1,1,1
2012-09-13,0,21.940000534057617,23.059999465942383,21.809999465942383,22.89999961853028,6.765383720397949,40030600,2.578832039340084,0.0405489496448548,0.1141325415427652,0.0851871887640137,0.0190828414831982,0.0457345192076989,0.0775503949817796,1,1,1
2012-09-14,0,23.06999969482422,23.84000015258789,23.049999237060547,23.299999237060547,6.8835554122924805,46359700,3.023168957604791,0.0173163120726085,0.1236478505670187,0.1115793267718136,0.0190811255318303,0.0459673669229623,0.0776479743891827,1,1,1
2012-09-17,0,23.170000076293945,23.690000534057617,22.86000061035156,23.270000457763672,6.874692440032959,30364400,3.1439835792363637,-0.0012883869487819,0.1026425932961922,0.1002643361600283,0.0190669221323648,0.0461177012123355,0.0777177924066338,0,1,1
2012-09-18,0,23.34000015258789,23.440000534057617,23.049999237060547,23.200000762939453,6.854012966156006,16636100,3.248768244395108,-0.0030125913413071,0.0887370816376432,0.0779616900121571,0.0190529632300028,0.0462217938036295,0.0777415737919836,-1,1,1
2012-09-19,0,23.14999961853028,23.34000015258789,22.64999961853028,22.670000076293945,6.697433471679688,29299800,3.4697855249087675,-0.0231099261346504,0.0432692358834372,0.0506668221793347,0.0190585859404333,0.0462227086988332,0.0777229815977773,-1,1,1
2012-09-20,0,22.540000915527344,23.200000762939453,22.420000076293945,23.01000022888184,6.797879695892334,21080000,3.5929984368711785,0.0148863650510088,0.0453407223437324,0.0655531872303436,0.0190537739684188,0.0462267140904786,0.0777253712719449,1,1,1
2012-09-21,0,23.14999961853028,23.25,22.700000762939453,22.700000762939453,6.706297397613525,18749000,3.612917766306972,-0.0135637590822077,-0.0087719863833299,0.0664791181083862,0.0190462006779711,0.0461926602583565,0.077729013808557,-1,-1,1
2012-09-24,0,22.65999984741211,23.020000457763672,22.549999237060547,22.959999084472656,6.783109664916992,18096300,3.5726228914814526,0.011388654396367,-0.0146996440595714,0.066165746305549,0.019037685658123,0.0461602630948091,0.0777319623481657,1,-1,1
2012-09-25,0,22.959999084472656,23.100000381469727,22.600000381469727,22.670000076293945,6.697433471679688,25164100,3.665184479831383,-0.0127112603651681,-0.0261225174759575,0.0665695638541295,0.0190293211662412,0.0461341644419227,0.0777353432827116,-1,-1,1
2012-09-26,0,22.520000457763672,22.81999969482422,22.459999084472656,22.770000457763672,6.726978778839111,18642400,3.561095677619836,0.0044017353329267,-0.0187081908017235,0.0700288908359196,0.019016251833055,0.0461035935117484,0.077744041197325,1,-1,1
2012-09-27,0,22.89999961853028,22.989999771118164,22.690000534057617,22.709999084472656,6.709251403808594,18188700,3.265858048347714,-0.0026387439148928,0.0017629914180341,0.0608172843586026,0.0190024053448814,0.0460698302436642,0.077738376982905,-1,0,1
2012-09-28,0,22.549999237060547,22.64999961853028,22.200000762939453,22.3700008392334,6.608804702758789,18677900,2.877576173504982,-0.0150845746424924,-0.0282079482754673,0.043395581976786,0.0189965419309817,0.046045479570045,0.0777104389192089,-1,-1,1
2012-10-01,0,22.32999992370605,22.84000015258789,22.309999465942383,22.51000022888184,6.6501641273498535,15561200,2.6687102590033605,0.0062387293113574,-0.0084054598819021,0.0594867099410286,0.0189844050530091,0.0460117863191521,0.0777026619728065,1,-1,1
2012-10-02,0,22.670000076293945,22.799999237060547,22.34000015258789,22.700000762939453,6.706297397613525,15631500,2.650465868904345,0.0084054598819021,-0.0113886543963669,0.0759397005194962,0.0189736166933367,0.0459787725401857,0.0777205218905532,1,-1,1
2012-10-03,0,22.76000022888184,22.8799991607666,22.280000686645508,22.34000015258789,6.599941253662109,22533600,2.556187685490335,-0.0159862470171084,-0.0146636410483073,0.0733508479622479,0.01896885294683,0.0459468212605443,0.0777337045560919,-1,-1,1
2012-10-04,0,22.36000061035156,22.56999969482422,22.020000457763672,22.39999961853028,6.617667675018311,22324900,2.564996737405756,0.0026822448870268,-0.0163831314942073,0.0818300713115174,0.0189554010187532,0.0459155930234406,0.0777614399981055,1,-1,1
2012-10-05,0,22.68000030517578,22.68000030517578,22.200000762939453,22.25,6.573351860046387,14597000,2.5058952573520257,-0.006719113951624,-0.0204635015309385,0.0853374390777295,0.0189429947402837,0.0458863614509425,0.0777953338018543,-1,-1,1
2012-10-08,0,22.100000381469727,22.489999771118164,22.100000381469727,22.3700008392334,6.608804702758789,13292600,2.436642627361167,0.005378926888446,0.0,0.0829153629178208,0.0189305671528809,0.0458528704778892,0.0778243280155071,1,0,1
2012-10-09,0,22.450000762939453,22.600000381469727,22.190000534057617,22.21999931335449,6.564488410949707,16947700,2.3229804477388454,-0.0067282278783492,-0.0129669571897066,0.056470264717427,0.018918221167377,0.0458206331769359,0.0778112674192645,-1,-1,1
2012-10-10,0,22.270000457763672,22.39999961853028,22.059999465942383,22.1200008392334,6.534946441650391,16063900,2.2824414195996297,-0.0045104265512327,-0.0258828436228416,0.0410669178489522,0.0189050479659759,0.0457949693680668,0.0777800780927479,-1,-1,1
2012-10-11,0,22.270000457763672,22.600000381469727,22.200000762939453,22.5,6.647210121154785,21974800,2.3301401508606068,0.0170330845599949,0.0071364879542617,0.0357420827893915,0.018903283510038,0.0457633476431937,0.0777437308016842,1,1,1
2012-10-15,0,22.549999237060547,22.850000381469727,22.43000030517578,22.799999237060547,6.735840797424316,23171500,2.3949082578481065,0.0132454060873316,0.0176996491545665,0.0361726102860095,0.0188969240112491,0.0457372059591252,0.0777078057516394,1,1,1
2012-10-16,0,22.940000534057617,23.100000381469727,22.540000915527344,22.799999237060547,6.735840797424316,21716400,2.479822033065784,0.0,0.0244187631061906,-0.004376339358845,0.0188832583998405,0.0457163874613049,0.0776503267770743,0,1,0
2012-10-17,0,22.739999771118164,22.8799991607666,22.549999237060547,22.64999961853028,6.691525459289551,27176000,2.632648545044632,-0.0066007731061713,0.0124390631115731,-0.0282934245376249,0.0188709951156441,0.0456871915274334,0.0775950451558085,-1,1,-1
2012-10-18,0,22.549999237060547,22.64999961853028,22.299999237060547,22.5,6.647210121154785,30325000,2.737528996795459,-0.0066446329811602,0.0125226580087621,-0.0336496705700031,0.018858775511735,0.0456580926705329,0.07754184409379,-1,1,-1
2012-10-19,0,22.530000686645508,22.600000381469727,22.21999931335449,22.25,6.573351860046387,19987600,2.7050799179184915,-0.0111733570188589,0.0058597275411358,-0.0418104362475549,0.0188494524107728,0.0456263521907208,0.077492790526843,-1,1,-1
2012-10-22,0,22.32999992370605,22.549999237060547,22.01000022888184,22.25,6.573351860046387,19212700,2.7652835895277827,0.0,-0.0111733570188589,-0.0187005101129044,0.0188359011245869,0.0455942041504237,0.0774357213290195,0,-1,-1
2012-10-23,0,21.940000534057617,21.96999931335449,21.5,21.670000076293945,6.402002334594727,25921300,2.920254327548166,-0.0264130727538098,-0.0508318358600004,-0.0599999479177233,0.0188477175975015,0.045596649771446,0.0774004218398328,-1,-1,-1
2012-10-24,0,21.729999542236328,21.809999465942383,21.39999961853028,21.540000915527344,6.3635969161987305,10921300,2.8374030908035346,-0.0060170358653539,-0.0568488717253542,-0.0524532247008694,0.018835287844311,0.0456085491507714,0.077358773494819,-1,-1,-1
2012-10-25,0,21.709999084472656,22.030000686645508,21.63999938964844,21.75,6.425638198852539,11681200,2.778038878072744,0.0097021860603177,-0.0405459125588651,-0.0541396930369186,0.0188258687897164,0.0455970999284019,0.0773185063165821,1,-1,-1
2012-10-26,1,21.690000534057617,22.40999984741211,21.61000061035156,22.25,6.573351860046387,25747300,2.8240239974766115,0.0227279225588459,-0.0111733570188589,-0.0187005101129044,0.0188331238927523,0.0455651091128194,0.0772618776714883,1,-1,-1
2012-10-29,0,21.5,21.600000381469727,21.170000076293945,21.350000381469727,6.307464599609375,20295900,2.768338000994979,-0.0412900898787173,-0.0412900898787173,-0.0643923353245487,0.018882285252642,0.0455545428141228,0.0772309657882677,-1,-1,-1
2012-10-30,0,21.39999961853028,21.68000030517578,21.39999961853028,21.530000686645508,6.360642433166504,8471800,2.5850080304512466,0.0083955946657144,-0.0328944952130028,-0.0533579967439413,0.0188719123770626,0.0455351365941127,0.0771902618558586,1,-1,-1
2012-10-31,0,21.6299991607666,21.71999931335449,20.799999237060547,20.799999237060547,6.144975662231445,29805900,2.5876027163888025,-0.0344946013254494,-0.0409760237846424,-0.0727680234268984,0.0189016063602475,0.0455241554188493,0.077168342985911,-1,-1,-1
2012-11-01,0,20.920000076293945,21.059999465942383,20.68000030517578,20.850000381469727,6.159748077392578,22638800,2.4643259315871697,0.0024010977525337,-0.0325578901667548,-0.0766056549857221,0.0188885201908388,0.0455044438135457,0.0771509196739527,1,-1,-1
2012-11-05,0,20.6299991607666,21.450000762939453,20.43000030517578,21.239999771118164,6.274964809417725,22746700,2.4868457209734025,0.0185319967592381,-0.0237280794678344,-0.0664791181083862,0.0188889897756862,0.0454780313849657,0.0771220872885033,1,-1,-1
2012-11-06,0,21.440000534057617,21.799999237060547,21.270000457763672,21.68000030517578,6.404955387115479,21288700,2.5068100260231523,0.0205040930616886,-0.0259519089649917,-0.0299887780295888,0.0188924039757824,0.0454531181863162,0.0770685761972388,1,-1,-1
2012-11-07,0,21.6200008392334,21.71999931335449,21.040000915527344,21.18000030517578,6.257241249084473,23550600,2.469929706364036,-0.0233325770599084,-0.0079943961461828,-0.0560035999765241,0.0188982986946973,0.0454209363473058,0.0770301611411372,-1,-1,-1
2012-11-08,0,21.200000762939453,21.350000381469727,20.5,20.61000061035156,6.088843822479248,22965500,2.6094918063665524,-0.0272811777702642,-0.0436711685821614,-0.0765656637951644,0.0189113867682274,0.0454132187439581,0.0770126446908489,-1,-1,-1
2012-11-09,0,20.549999237060547,21.11000061035156,20.520000457763672,20.780000686645508,6.139068603515625,20890300,2.7150302569655205,0.0082148222412525,-0.0009617450154595,-0.0737297684423579,0.0189009989268137,0.0453810583039506,0.0769917207616194,1,0,-1
2012-11-12,0,20.82999992370605,20.959999084472656,20.309999465942383,20.440000534057617,6.038621425628662,16831600,2.580881594281752,-0.0164972923080966,-0.0198601350760899,-0.0834988328721053,0.0188969698832878,0.0453527201434147,0.0769828716654653,-1,-1,-1
2012-11-13,0,20.440000534057617,20.670000076293945,20.170000076293945,20.46999931335449,6.047483921051025,25641500,2.6345575831017696,0.0014665596164524,-0.0369255722188755,-0.0775218467044201,0.0188838355141979,0.0453373969407062,0.0769663028409266,0,-1,-1
2012-11-14,0,20.290000915527344,20.540000915527344,19.65999984741211,19.799999237060547,5.849545955657959,28281900,2.8559021224446037,-0.033278260908159,-0.0907079261887232,-0.1278331921725739,0.0189099656443385,0.0454221377297861,0.0770344690405303,-1,-1,-1
2012-11-16,0,19.670000076293945,19.799999237060547,18.84000015258789,19.030000686645508,5.622063159942627,33874400,2.87036238806513,-0.0396653369669943,-0.1070406860958091,-0.1807439352268999,0.0189527617995687,0.0455540959851283,0.0772418407201621,-1,-1,-1
2012-11-19,0,19.440000534057617,19.6200008392334,19.1299991607666,19.1299991607666,5.651607036590576,22437000,2.845273015427535,0.0052412291232449,-0.0745182792023001,-0.1755027061036549,0.0189408233725614,0.0455980246471548,0.0774312185018527,1,-1,-1
2012-11-21,0,19.46999931335449,19.559999465942383,18.6200008392334,18.6200008392334,5.500936508178711,32393400,2.915633466800366,-0.0270215840126903,-0.1097546854562429,-0.195923517010174,0.0189529240773337,0.0457367716573588,0.0776840897624709,-1,-1,-1
2012-11-22,0,18.809999465942383,18.950000762939453,18.450000762939453,18.64999961853028,5.509798049926758,16757000,2.8282754630476887,0.0016096189794685,-0.0916477741686777,-0.1876692650495452,0.0189398878683918,0.0458208752960914,0.0779074189948487,0,-1,-1
2012-11-23,0,18.64999961853028,19.200000762939453,18.5,19.170000076293945,5.66342306137085,19514100,2.7551650515858,0.0275005196323982,-0.0656138141527321,-0.1489953883982882,0.0189562312885449,0.0458453896038239,0.0780189437507481,1,-1,-1
2012-11-26,0,19.1299991607666,19.1299991607666,18.700000762939453,18.81999969482422,5.560022354125977,18004000,2.67632902180324,-0.0184263617889307,-0.0507619150335039,-0.1674217501872189,0.0189544224335024,0.0458454358761291,0.0781781726498599,-1,-1,-1
2012-11-27,0,18.920000076293945,19.290000915527344,18.36000061035156,18.51000022888184,5.468438148498535,31833300,2.76727051818953,-0.0166090835573752,-0.0277056616238848,-0.1576177609907844,0.018950360742417,0.0458212132143772,0.0783094762312486,-1,-1,-1
2012-11-28,0,18.440000534057617,18.89999961853028,18.350000381469727,18.64999961853028,5.509798049926758,25941300,2.8492039048745896,0.0075349257139079,-0.0254119650332219,-0.1440657994115226,0.0189397552671092,0.0457955096315896,0.0784060124571912,1,-1,-1
2012-11-29,0,19.0,19.14999961853028,18.739999771118164,19.14999961853028,5.657513618469238,26702100,2.8412687219851454,0.0264565347386638,0.0280661537181321,-0.1273114507331766,0.0189538739057287,0.0457801308692665,0.0784649014660019,1,1,-1
2012-11-30,0,19.09000015258789,19.280000686645508,18.51000022888184,18.65999984741211,5.512753009796143,37179700,2.9196990281385267,-0.025920368487464,0.0005361662511996,-0.1759597417794866,0.0189637843709477,0.045748605811736,0.0786438099732305,-1,0,-1
2012-12-03,0,18.8799991607666,19.040000915527344,18.709999084472656,19.0,5.613199234008789,21174100,2.777646716667667,0.0180566932439552,-0.0089076601372432,-0.116612958656814,0.0189636656041426,0.0457169337957131,0.0786805764517883,1,-1,-1
2012-12-04,0,19.040000915527344,19.13999938964844,18.71999931335449,18.81999969482422,5.560022354125977,24541800,2.796790556227194,-0.0095187016516875,0.0,-0.134527254974216,0.0189533113736251,0.0456854560752858,0.0787525837940031,-1,0,-1
2012-12-05,0,19.0,19.01000022888184,18.739999771118164,18.940000534057617,5.595473766326904,16822600,2.6299864986709847,0.0063558861323838,0.0229649696897591,-0.0936767675163827,0.0189420925027669,0.0456655021532044,0.0787514591520845,1,1,-1
2012-12-06,0,18.920000076293945,18.979999542236328,18.700000762939453,18.700000762939453,5.524571418762207,21476900,2.6822181324852403,-0.0127523417827959,0.0026777021930554,-0.1088302070517123,0.0189342125859078,0.0456346475643158,0.0787735096396402,-1,0,-1
2012-12-07,0,18.770000457763672,19.239999771118164,18.65999984741211,19.07999992370605,5.636834144592285,17573000,2.6594774887447263,0.0201169128988096,-0.0036619196467987,-0.1072452909121409,0.0189371050073088,0.0456030120472474,0.0787926460176985,1,0,-1
2012-12-10,0,19.040000915527344,19.700000762939453,18.940000534057617,19.56999969482422,5.781596660614014,23131600,2.7262179443168817,0.0253572973688518,0.0476157462095171,-0.1023920866049776,0.0189488879404578,0.0456132058561835,0.0788037783656964,1,1,-1
2012-12-11,0,19.670000076293945,19.989999771118164,19.61000061035156,19.989999771118164,5.905676364898682,27429800,2.7022343741156183,0.0212341007418217,0.0507931537073837,-0.0578254088032474,0.0189533855363702,0.0456284483992649,0.0787635962699934,1,1,-1
2012-12-12,0,19.93000030517578,20.049999237060547,19.68000030517578,19.850000381469727,5.864316463470459,34706800,2.8224811790544018,-0.0070280538440189,0.0532838015150523,-0.0375722848770021,0.0189418150432556,0.0456477867774547,0.0787120388313896,-1,1,-1
2012-12-13,0,19.729999542236328,19.82999992370605,19.450000762939453,19.56999969482422,5.781596660614014,32701400,2.897880689811025,-0.0142060468978028,0.0327218684848655,-0.0599931540160576,0.0189353877705636,0.0456373660446748,0.0786736423493607,-1,1,-1
2012-12-14,0,19.59000015258789,20.280000686645508,19.530000686645508,20.209999084472656,5.970670700073242,44756300,3.0214259128639425,0.0321793827672576,0.0776535930349193,-0.0113164789407031,0.0189615546866977,0.0457078137592226,0.0786184417458372,1,1,-1
2012-12-17,0,20.07999992370605,20.13999938964844,19.799999237060547,19.920000076293945,5.884995937347412,28421900,3.1174806023133064,-0.0144532157934557,0.0430834643426537,-0.0272362543506114,0.0189553927143939,0.0457103660323332,0.0785642038797576,-1,1,-1
2012-12-18,0,19.86000061035156,20.26000022888184,19.850000381469727,20.170000076293945,5.958856105804443,24685000,3.138595916707897,0.0124724837285995,0.0301986507024015,0.018514490286147,0.0189487279675193,0.0456969426903084,0.0785198489298596,1,1,1
2012-12-19,0,20.39999961853028,20.989999771118164,20.39999961853028,20.93000030517578,6.183382511138916,48430400,3.546030463776469,0.0369869195373143,0.0459514694978942,0.095166746790456,0.0189868111278659,0.0457035450915035,0.0785755131827009,1,1,1
2012-12-20,0,20.8700008392334,21.170000076293945,20.6299991607666,21.049999237060547,6.21883487701416,25639600,3.626983838545198,0.005717116759087,0.0586966401010001,0.095642634426298,0.0189753480482845,0.0457316158773735,0.0786316172976637,1,1,1
2012-12-21,0,20.65999984741211,20.739999771118164,20.38999938964844,20.690000534057617,6.112478733062744,29390200,3.786897090444961,-0.0172501948553171,0.055652492143486,0.1054140235836713,0.0189723038177757,0.04575385197978,0.0787074149221627,-1,1,1
2012-12-26,0,20.540000915527344,20.68000030517578,20.0,20.059999465942383,5.926356792449951,24075000,3.804635298118556,-0.0309227202291232,-0.0074496108528949,0.0728816843750797,0.01899208985778,0.0457227533980083,0.0787221073114645,-1,-1,1
2012-12-27,0,20.059999465942383,20.170000076293945,19.350000381469727,19.40999984741211,5.73432731628418,29298500,3.816571944694208,-0.0329392060683335,-0.0259356011277726,0.012441958674348,0.0190161929796727,0.045698641448317,0.0786741828656233,-1,-1,1
2012-12-28,0,19.5,19.6299991607666,19.299999237060547,19.520000457763672,5.766824722290039,28368600,3.7373307003449296,0.0056511717056775,-0.0327569131506946,0.0365194921689563,0.0190047846267002,0.0456796804185955,0.0786434220474817,1,-1,1
2013-01-02,0,19.989999771118164,20.209999084472656,19.690000534057617,19.690000534057617,5.817046642303467,30182600,3.710557652831878,0.0086710622214788,-0.0610727704665303,0.0617996379478104,0.0189950944082226,0.0456967065419546,0.0786415647157164,1,-1,1
2013-01-03,0,19.809999465942383,20.39999961853028,19.700000762939453,20.39999961853028,6.026803970336914,30552600,3.5456843229442754,0.0354241655539478,-0.0313657216716696,0.0896888777878504,0.0190286444980627,0.0456765522318084,0.0786844067378215,1,-1,1
2013-01-04,0,20.32999992370605,20.6200008392334,20.170000076293945,20.43000030517578,6.035667419433594,36141000,3.6466281610543576,0.0014695911651062,-0.0126459356512461,0.0647019342142929,0.0190159829263969,0.0456465839741053,0.0786861674938451,0,-1,1
2013-01-07,0,20.479999542236328,20.670000076293945,19.950000762939453,20.07999992370605,5.932267665863037,28069600,3.6851664887722144,-0.0172798942684859,0.000996890309391,0.073342408433271,0.0190129141806637,0.0456160677348574,0.0787005560684894,-1,0,1
2013-01-08,0,20.11000061035156,20.229999542236328,19.459999084472656,19.5,5.7609171867370605,29091300,3.4234999358661447,-0.0293098497817067,0.0046262465960178,0.0259758654076091,0.019029000963715,0.0455863796591218,0.0786608994458732,-1,1,1
2013-01-09,0,19.63999938964844,19.8700008392334,19.459999084472656,19.68000030517578,5.814094066619873,24361100,3.388158857314373,0.0091882854950235,0.0081633603853639,0.0446828525543202,0.019019705971506,0.0455578705566195,0.0786378099930232,1,1,1
2013-01-10,0,19.770000457763672,20.049999237060547,19.540000915527344,19.82999992370605,5.858407020568848,17526200,3.235427686584695,0.0075927458055142,0.0070850439693994,0.0459197122274507,0.0190093966146536,0.0455290341585559,0.0786159966534107,1,1,1
2013-01-11,0,19.850000381469727,20.040000915527344,19.700000762939453,19.8799991607666,5.873179912567139,18223600,3.164695655447799,0.0025184827749036,-0.0258206388096448,0.0611905367851501,0.0189970386786191,0.0455052101841699,0.0786124259105338,1,-1,1
2013-01-14,0,20.01000022888184,20.239999771118164,19.690000534057617,19.71999931335449,5.82590913772583,28302400,3.158504808469795,-0.0080811474960306,-0.0353713774707818,0.03299247639031,0.0189862408855391,0.0454888400789166,0.0785782549980724,-1,-1,1
2013-01-15,0,20.01000022888184,20.239999771118164,19.690000534057617,19.81999969482422,5.855453014373779,29633900,3.178194945963366,0.0050583038616193,-0.0130331793406764,0.0126934828830773,0.0189747396094734,0.0454593739093565,0.0785308081845867,1,-1,1
2013-01-16,0,19.88999938964844,19.88999938964844,19.600000381469727,19.84000015258789,5.861361980438232,16787800,3.0250612483109647,0.0010086301726227,0.0172853006136529,-0.0075319876861217,0.0189621908039743,0.0454357633872712,0.0784773678568817,0,1,0
2013-01-17,0,19.86000061035156,19.93000030517578,19.600000381469727,19.709999084472656,5.822956085205078,19719600,2.8875358433948266,-0.0065739452370497,0.0015230698815795,-0.0070778790791525,0.0189507641909539,0.0454058047733892,0.0784240944462461,-1,0,0
2013-01-18,0,19.799999237060547,19.88999938964844,19.540000915527344,19.57999992370605,5.784550666809082,18913900,2.671793940545519,-0.0066173657035339,-0.0126870416274686,0.0005108021151165,0.0189393757750455,0.0453764339691523,0.0783724281071602,-1,-1,0
2013-01-21,0,19.56999969482422,19.600000381469727,19.270000457763672,19.38999938964844,5.728416919708252,18086200,2.546962003607098,-0.0097514722415608,-0.0249569966439331,-0.0414200528937021,0.0189296431899904,0.0453523548073055,0.0783251447832405,-1,-1,-1
2013-01-22,0,19.420000076293945,19.61000061035156,19.229999542236328,19.57999992370605,5.784550666809082,23535100,2.4845518915498657,0.0097514722415608,-0.0071243769063415,-0.0172153648586854,0.0189209450135346,0.0453221819932851,0.0782717569513018,1,-1,-1
2013-01-23,0,19.420000076293945,19.6299991607666,19.229999542236328,19.549999237060547,5.775686740875244,17200800,2.4006349778777736,-0.0015335200062659,-0.0137162007742267,-0.031221368593551,0.0189084327928984,0.0452932434305996,0.0782208133213092,0,-1,-1
2013-01-24,0,19.3700008392334,19.75,19.3700008392334,19.61000061035156,5.793412685394287,19612600,2.4223591944212,0.0030643627022192,-0.0116604682446303,-0.0651439254286461,0.0188964276656587,0.04526385796152,0.0781897344320087,1,-1,-1
2013-01-28,0,19.729999542236328,19.809999465942383,19.270000457763672,19.3700008392334,5.722509860992432,20122600,2.438473954200673,-0.0123140321693023,-0.0174005551768829,-0.0831750743570357,0.0188886291453867,0.0452362394525742,0.0781772701686216,-1,-1,-1
2013-01-29,0,19.350000381469727,19.3700008392334,18.84000015258789,19.11000061035156,5.645698547363281,27097900,2.414860000885713,-0.0135135598825987,-0.0242967493559475,-0.0794384393843172,0.0188818541806351,0.0452119982688834,0.0781604206381404,-1,-1,-1
2013-01-30,0,18.989999771118164,18.989999771118164,18.170000076293945,18.200000762939453,5.376853942871094,66985800,2.785227945458866,-0.0487905020105226,-0.0633357791249094,-0.0973062211657167,0.0189496662005604,0.0452328422145779,0.0781662435896837,-1,-1,-1
2013-01-31,0,18.26000022888184,18.32999992370605,17.899999618530273,18.07999992370605,5.341402530670166,33246400,2.942347650123014,-0.0066151694670137,-0.0797024208334841,-0.0709821845643969,0.0189383582299483,0.0452855347454314,0.0781404278565134,-1,-1,-1
2013-02-01,0,18.13999938964844,18.64999961853028,18.1200008392334,18.459999084472656,5.453667163848877,28860400,3.0268149111835614,0.0207999918180398,-0.0573689090091783,-0.0558333644520346,0.0189421293015966,0.0452961885628535,0.0781019543211213,1,-1,-1
2013-02-04,1,18.15999984741211,18.350000381469727,17.889999389648438,18.0,5.31776762008667,32294300,3.1504842378204225,-0.0252346614937211,-0.0856679332051187,-0.0897390881672346,0.0189503457773849,0.0453617521549079,0.078097259537939,-1,-1,-1
2013-02-05,0,17.280000686645508,18.290000915527344,17.260000228881836,18.07999992370605,5.341402530670166,77332900,3.764534955951607,0.0044346696756813,-0.0689192313601351,-0.1207285840455011,0.0189388835917733,0.0453915602864918,0.0781404944712742,1,-1,-1
2013-02-06,0,17.93000030517578,18.0,17.530000686645508,17.600000381469727,5.199594497680664,30886100,3.813060459308989,-0.0269076233481136,-0.0823132948256501,-0.1491057985587211,0.0189499551281214,0.0454485569590627,0.0782416216278957,-1,-1,-1
2013-02-07,0,17.75,17.979999542236328,17.31999969482422,17.5,5.170053005218506,37066400,3.996185451240803,-0.0056977004035908,-0.0392204932187182,-0.137523604693826,0.018938370879357,0.0454356157035952,0.0783165810987731,-1,-1,-1
2013-02-08,0,17.549999237060547,17.780000686645508,17.3799991607666,17.739999771118164,5.24095630645752,31068100,4.093816327229033,0.0136210419861371,-0.0189842817655672,-0.094592712925982,0.0189332366253316,0.0454085740641783,0.078317241720242,1,-1,-1
2013-02-13,0,17.950000762939453,18.0,17.729999542236328,17.799999237060547,5.258681774139404,22328200,4.098310916586607,0.0033763991454021,-0.0364078744382049,-0.1004045992756035,0.0189215051618271,0.0453929832498382,0.0783258702045342,1,-1,-1
2013-02-14,0,17.790000915527344,17.899999618530273,17.579999923706055,17.670000076293945,5.220275402069092,25902900,4.063057956613671,-0.0073302225394735,-0.0185034354839572,-0.1153275676205913,0.0189106282737833,0.0453658295267168,0.07835771713214,-1,-1,-1
2013-02-15,0,17.610000610351562,17.790000915527344,17.530000686645508,17.6299991607666,5.208458423614502,25001600,3.606771336478721,-0.0022662355199783,-0.0252043406796169,-0.1201122859154733,0.0188983971934801,0.0453419625197651,0.0783975235601729,-1,-1,-1
2013-02-18,0,17.639999389648438,17.950000762939453,17.520000457763672,17.899999618530273,5.288224220275879,20291600,3.46732574684514,0.0151985793668454,0.016901862035342,-0.0968325590525972,0.0188949699549017,0.0453193007551556,0.0784004443134462,1,1,-1
2013-02-19,0,17.90999984741211,18.18000030517578,17.889999389648438,18.100000381469727,5.347309589385986,28822000,3.4608275762602445,0.0111110505657409,0.0337106130046739,-0.0907798123484756,0.0188876067275465,0.0453113710812309,0.0783952456116161,1,1,-1
2013-02-20,0,18.100000381469727,18.100000381469727,17.549999237060547,17.6200008392334,5.205503940582275,25939500,3.387994501633827,-0.0268770379965237,-0.0067874669779871,-0.1186654805176222,0.0188986234025697,0.0452818674509974,0.0784316907413027,-1,-1,-1
2013-02-21,0,17.469999313354492,17.56999969482422,17.200000762939453,17.31999969482422,5.116873741149902,30382300,2.876841738079285,-0.0171728608067634,-0.0273367269301528,-0.129264396087336,0.0188955025206939,0.0452595204354863,0.078487050090429,-1,-1,-1
2013-02-22,0,17.510000228881836,17.510000228881836,17.010000228881836,17.149999618530273,5.066650867462158,30901800,2.868851989497488,-0.0098636342140157,-0.0298701386046952,-0.1325106645978179,0.0188860527526294,0.0452389137097864,0.0785481973617905,-1,-1,-1
2013-02-25,0,17.049999237060547,17.100000381469727,16.850000381469727,16.950000762939453,5.007566452026367,30504000,2.7916951488230133,-0.0117299619459033,-0.0393338650306201,-0.1344891543021604,0.0188778782320864,0.0452263358140565,0.0786127237540172,-1,-1,-1
2013-02-26,0,16.780000686645508,16.860000610351562,16.530000686645508,16.739999771118164,4.945524215698242,33405100,2.7964160527140685,-0.0124670902719124,-0.0669995346693781,-0.1567077168156337,0.0188702739328098,0.0452517896057204,0.0787247327526931,-1,-1,-1
2013-02-27,0,16.790000915527344,16.979999542236328,16.639999389648438,16.809999465942383,4.96620512008667,28607500,2.8453356248348074,0.0041730224261456,-0.0739375628089732,-0.1510011743832222,0.0188590091843375,0.0452899534429564,0.078822787838783,1,-1,-1
2013-02-28,0,16.760000228881836,16.850000381469727,16.549999237060547,16.610000610351562,4.907118320465088,27829200,2.847996329559664,-0.0119691217193404,-0.0590296465317899,-0.1660346588047819,0.0188510510531792,0.0453018127251156,0.0789555270039164,-1,-1,-1
2013-03-01,0,16.5,17.020000457763672,16.399999618530273,16.899999618530273,4.992793560028076,31519900,2.901874060875796,0.017308715380892,-0.0245480703441342,-0.1364119112545875,0.0188502540127687,0.0452777723184912,0.0790212312893169,1,-1,-1
2013-03-04,0,16.81999969482422,17.100000381469727,16.479999542236328,16.5,4.87462043762207,35543300,3.032743067707572,-0.0239533423157667,-0.0386377784458852,-0.1468516936877555,0.0188562205147088,0.0452642725132912,0.0791079150226265,-1,-1,-1
2013-03-05,0,16.6299991607666,16.760000228881836,16.469999313354492,16.559999465942383,4.892346858978272,31669900,3.034370118649228,0.0036298761491665,-0.0232779403508153,-0.0944313155280662,0.0188448498861714,0.0452396187664549,0.0791045045234703,1,-1,-1
2013-03-06,0,17.600000381469727,18.270000457763672,17.219999313354492,18.049999237060547,5.332540512084961,73898000,3.548364648935584,0.0861556499190103,0.0753447998401075,-0.0016604961420421,0.0190881734474797,0.045303250739298,0.0790547319708401,1,1,0
2013-03-07,0,18.309999465942383,19.57999992370605,18.309999465942383,18.950000762939453,5.598428726196289,62419400,3.9332875658398017,0.0486582052245689,0.1198299826385306,0.0261977172644868,0.0191576236948161,0.0454958071285578,0.0790190345922109,1,1,1
2013-03-08,0,18.790000915527344,19.31999969482422,18.15999984741211,18.3700008392334,5.4270782470703125,30589700,3.9520270413337952,-0.0310850606770765,0.1007140436807945,0.0203473180811314,0.0191759947490433,0.0456245071334567,0.0789793775879866,-1,1,1
2013-03-11,0,18.290000915527344,18.96999931335449,17.920000076293945,18.93000030517578,5.592521190643311,25088800,3.927340545434933,0.0300292904081336,0.1134346187080362,0.0459419388135839,0.0191952743767673,0.0457920211460293,0.0789613956429457,1,1,1
2013-03-12,0,18.850000381469727,19.13999938964844,18.6299991607666,18.739999771118164,5.536387920379639,26135700,3.886646637558173,-0.0100879153097997,0.1273000457140033,0.0627616468518978,0.0191859486355727,0.0460063096989142,0.0789634339871662,-1,1,1
2013-03-13,0,18.809999465942383,19.200000762939453,18.729999542236328,18.75,5.539342403411865,31665300,3.952790400789119,0.0005335057853398,0.1242036753501765,0.0689928530408287,0.0191738108266189,0.0462072760916768,0.078973924522103,0,1,1
2013-03-14,0,18.979999542236328,19.3799991607666,18.600000381469727,19.290000915527344,5.698874950408936,27172500,3.989085492937969,0.0283929842691682,0.0664410097003345,0.0837647953238598,0.0191897246313055,0.0462473848608394,0.079007102248434,1,1,1
2013-03-15,0,19.39999961853028,19.549999237060547,19.01000022888184,19.09000015258789,5.639787673950195,43819400,4.167192169014873,-0.0104223598992474,0.0073604445765182,0.06996603627921,0.0191806656440739,0.0462198186290653,0.0790185462486511,-1,1,1
2013-03-18,0,18.89999961853028,19.350000381469727,18.84000015258789,19.200000762939453,5.672285556793213,40451100,4.278687910626072,0.0057457146157206,0.0441912198693153,0.0830419734344041,0.0191699064806036,0.0462229855048686,0.0790499566232027,1,1,1
2013-03-19,0,18.89999961853028,19.350000381469727,18.82999992370605,19.100000381469727,5.642743110656738,33822900,4.349950219000645,-0.0052218185447836,0.008940110916398,0.080086390409599,0.0191584513725542,0.0461960271345594,0.0790762708231273,-1,1,1
2013-03-20,0,19.049999237060547,19.15999984741211,18.68000030517578,18.850000381469727,5.568885326385498,27636600,3.873412335408092,-0.0131754014333774,0.0058526247928203,0.051712409609376,0.0191514517104173,0.0461681139826328,0.0790637443139484,-1,1,1
2013-03-21,0,18.71999931335449,18.86000061035156,18.489999771118164,18.530000686645508,5.474347114562988,21978600,3.418754777021685,-0.0171218928658968,-0.0118027738584164,0.0234794661777383,0.0191481930587567,0.0461395648615602,0.0790259251564078,-1,-1,1
2013-03-22,0,18.549999237060547,18.709999084472656,18.459999084472656,18.6299991607666,5.503890514373779,16137700,3.2655846837398856,0.0053821883123628,-0.0348135698152217,0.0557386924866252,0.0191373740660315,0.0461230112451875,0.0790179812978559,1,-1,1
2013-03-25,0,18.729999542236328,18.81999969482422,18.420000076293945,18.59000015258789,5.492073059082031,24340200,3.252426087041264,-0.0021494177863579,-0.0265406277023323,0.0707621355070307,0.0191253976308324,0.0461005090933718,0.079029593836444,-1,-1,1
2013-03-26,0,18.729999542236328,18.8799991607666,18.479999542236328,18.59000015258789,5.492073059082031,15781800,3.1372942261729437,0.0,-0.0322863423180529,0.0806257697210466,0.0191133994421902,0.0460819636281857,0.0790558747586665,0,-1,1
2013-03-27,0,18.600000381469727,18.61000061035156,18.350000381469727,18.420000076293945,5.441849231719971,13305100,2.9329142989717343,-0.0091868552308361,-0.0362513790041054,0.0831688764361137,0.0191037337989033,0.0460666619130138,0.079085957263734,-1,-1,1
2013-03-28,0,18.420000076293945,18.420000076293945,18.420000076293945,18.420000076293945,5.441849231719971,0,2.6256463586851373,0.0,-0.023075977570728,0.0956359667080262,0.0190917797723822,0.0460423057372343,0.0791371849615906,0,-1,1
2013-04-01,0,18.270000457763672,18.3799991607666,18.020000457763672,18.030000686645508,5.326630592346191,15544900,2.2995726114092188,-0.0214000561589255,-0.0273541408637567,0.0700628881229548,0.0190937650128438,0.0460204010576465,0.0791468600533088,-1,-1,1
2013-04-02,0,18.270000457763672,18.3799991607666,17.670000076293945,17.700000762939453,5.229138851165772,20565900,2.0576749896813977,-0.0184722703357266,-0.0512085995118463,0.0635597395065686,0.019092046287318,0.0460211169348673,0.0791476082569869,-1,-1,1
2013-04-03,0,17.68000030517578,18.020000457763672,17.68000030517578,18.0,5.31776762008667,15685100,1.8444777497397835,0.0168069860930944,-0.0322521956323939,0.0630580102187711,0.0190902722351436,0.0460025899432961,0.079147578027338,1,-1,1
2013-04-04,0,17.950000762939453,18.209999084472656,17.700000762939453,17.709999084472656,5.23209285736084,19446600,1.740981460923131,-0.0162422330399384,-0.0484944286723324,0.0707691194945994,0.0190861521554152,0.0459998691575463,0.079157749564017,-1,-1,1
2013-04-05,0,17.579999923706055,17.90999984741211,17.549999237060547,17.799999237060547,5.258681774139404,17060000,1.6802524481203398,0.0050690200954546,-0.0342385533460416,0.0722082634408873,0.0190753929873941,0.045982880686086,0.0791697675366911,1,-1,1
2013-04-08,0,17.860000610351562,17.90999984741211,17.34000015258789,17.3700008392334,5.131645679473877,21977500,1.7277965202329006,-0.0244539791014073,-0.058692532447449,-0.0384013655795302,0.0190817354321693,0.0459936127296439,0.0791233164205918,-1,-1,-1
2013-04-09,0,17.479999542236328,18.25,17.479999542236328,18.14999961853028,5.362082958221436,30757500,1.7897969186820497,0.0439261082432805,0.0066336319547571,-0.0431334625608187,0.019134951254678,0.0459666472388945,0.0790788478329957,1,1,-1
2013-04-10,0,18.209999084472656,18.64999961853028,18.170000076293945,18.420000076293945,5.441849231719971,31780200,1.9609755519838985,0.0147664242041685,0.0398723264946521,0.0027180223204262,0.0191309080035946,0.0459650582634778,0.0790312398802327,1,1,0
2013-04-11,0,18.46999931335449,18.530000686645508,17.8700008392334,17.989999771118164,5.314813613891602,22207700,2.0515082726363003,-0.0236209921677784,-0.0005556517662206,-0.0509322602554857,0.019135955623398,0.045936634188618,0.0789908594800146,-1,0,-1
2013-04-12,0,17.940000534057617,18.07999992370605,17.530000686645508,17.959999084472656,5.3059515953063965,27398100,2.3399660511348856,-0.0016688101972545,0.0140177710764632,-0.0425131551429406,0.0191241353211038,0.0459128036920877,0.0789463615469982,0,1,-1
2013-04-15,0,17.700000762939453,17.829999923706055,17.1200008392334,17.229999542236328,5.090285778045654,35788600,2.5371464309345484,-0.0414951590548827,-0.032546408073874,-0.0845418199831633,0.0191657471117751,0.0458947021090131,0.0789340779150818,-1,-1,-1
2013-04-16,0,17.469999313354492,17.75,17.43000030517578,17.700000762939453,5.229138851165772,23747400,2.57015757879974,0.0269126349252635,0.0188202059527966,-0.0860221693270681,0.019178691671257,0.0458737206642035,0.0789233729152104,1,1,-1
2013-04-17,0,17.440000534057617,17.600000381469727,16.979999542236328,17.170000076293945,5.072559833526611,39388400,2.8011061648454154,-0.0304010205943708,-0.0555069228848546,-0.1060008300221915,0.0191949783439571,0.0458800550480038,0.0789381718276389,-1,-1,-1
2013-04-18,0,17.31999969482422,17.940000534057617,17.1200008392334,17.81999969482422,5.264589309692383,28503000,2.8969660952377927,0.0371575503699837,-0.0331157967190393,-0.0745889942679285,0.0192293979623065,0.045862427969083,0.0789155372036377,1,-1,-1
2013-04-19,0,18.14999961853028,18.479999542236328,17.950000762939453,18.38999938964844,5.432987213134766,38352400,3.132408412283251,0.0314859753250648,0.0219911707738037,-0.03788120039808,0.0192508518345958,0.045843752887519,0.078869433770083,1,1,-1
2013-04-22,0,18.3700008392334,18.790000915527344,18.170000076293945,18.790000915527344,5.551160335540772,24193100,3.175107765830045,0.0215178613617264,0.0451778423327847,-0.0031879376029762,0.0192548399673947,0.0458490743608421,0.0788210632457229,1,1,0
2013-04-23,0,18.709999084472656,19.520000457763672,18.65999984741211,19.1200008392334,5.648650169372559,34735500,3.237184184159382,0.017409633166442,0.1040826345541095,0.0313435884293625,0.0192534989291233,0.0459798722649599,0.0787895214662733,1,1,1
2013-04-24,0,19.059999465942383,19.65999984741211,19.01000022888184,19.440000534057617,5.743189334869385,33313000,3.273654500200601,0.0165980807373658,0.0937680803662119,0.0425594808543656,0.0192512215818268,0.0460810536732959,0.0787675138849181,1,1,1
2013-04-25,0,19.46999931335449,19.690000534057617,19.13999938964844,19.170000076293945,5.66342306137085,35164600,3.4346220572760457,-0.0139861987073872,0.1101829022531956,0.0307226999333362,0.019245054634551,0.0462279752330628,0.0787355291333922,-1,1,1
2013-04-26,1,19.170000076293945,19.170000076293945,19.170000076293945,19.170000076293945,5.66342306137085,0,3.146164278777461,0.0,0.0730253518832117,0.0307226999333362,0.0192333032590192,0.0462790856513406,0.0787035678579258,0,1,1
2013-04-29,0,20.0,20.57999992370605,19.940000534057617,20.420000076293945,6.032712936401367,70739800,3.631471960354888,0.0631683255261243,0.1047077020842713,0.1030778806902966,0.0193505363875247,0.0464078969158937,0.0787670346653475,1,1,1
2013-04-30,0,19.64999961853028,20.100000381469727,19.440000534057617,20.09000015258789,6.047765254974365,45900400,3.9358899336829176,0.0024920083665976,0.0856818490891425,0.1055698890568943,0.019339039566448,0.046485861765169,0.0788347604170294,1,1,1
2013-05-02,0,19.850000381469727,20.6299991607666,19.850000381469727,20.25,6.095930576324463,33746700,3.947631839670231,0.0079326054589625,0.0762048213816631,0.1349025506747826,0.0193295606420557,0.0465420751524945,0.0789650479708768,1,1,1
2013-05-03,0,20.489999771118164,20.65999984741211,19.88999938964844,19.96999931335449,6.011641502380371,43006300,4.1628880463315125,-0.0139235901510965,0.0456831504932005,0.1394512308594125,0.0193233727480949,0.0465459076841963,0.0791053008706131,-1,1,1
2013-05-06,0,20.01000022888184,20.3700008392334,19.81999969482422,20.32999992370605,6.120011806488037,31141800,4.127608076290541,0.0178661859169036,0.0775355351174914,0.1405104306832217,0.0193223721143134,0.0466043195906535,0.079247072070294,1,1,1
2013-05-07,0,20.39999961853028,20.739999771118164,20.280000686645508,20.6200008392334,6.207313060760498,26392200,4.1861930889321854,0.0141640971988979,0.0916996323163893,0.1709167609220581,0.0193174876433307,0.0466950093294673,0.079469122107571,1,1,1
2013-05-08,0,20.75,20.81999969482422,20.21999931335449,20.290000915527344,6.107972145080566,24409000,4.0926963648137935,-0.0161332959393797,0.0123980108508854,0.1497144448872237,0.0193133538226781,0.0466698869613352,0.0796313927135356,-1,1,1
2013-05-09,0,20.25,20.520000457763672,20.09000015258789,20.299999237060547,6.1109819412231445,22864300,3.990309470343747,0.0004926438355021,0.0103986463197899,0.1746610678241332,0.0193016971327401,0.0466440206982859,0.0798610009693739,0,1,1
2013-05-10,0,20.15999984741211,20.38999938964844,19.709999084472656,19.959999084472656,6.008630275726318,22031200,3.857811177426621,-0.0168906557429168,-0.0144246148820895,0.1138443038379359,0.0192983260713037,0.0466171643894547,0.0799391876307598,-1,-1,1
2013-05-13,0,19.809999465942383,19.850000381469727,19.3799991607666,19.489999771118164,5.867143630981445,21577600,4.109016237069143,-0.0238289042324448,-0.0243299289634378,0.0752489754013224,0.0193035015632103,0.0465944191772944,0.0799517702733695,-1,-1,1
2013-05-14,0,19.530000686645508,19.68000030517578,19.25,19.549999237060547,5.8852057456970215,30643700,3.6200779111926673,0.0030737903304004,-0.0391223245499411,0.1019437578995012,0.0192922887256258,0.0465825138288223,0.0800065806719759,1,-1,1
2013-05-15,0,19.5,19.63999938964844,19.32999992370605,19.56999969482422,5.891225337982178,21869300,3.3249036562480354,0.0010223118985116,-0.0522641098503274,0.1046348799952673,0.0192807503120579,0.0465849422679551,0.0800658314318935,0,-1,1
2013-05-16,0,19.520000457763672,20.07999992370605,19.459999084472656,19.75,5.945413589477539,25067200,3.2124305175618297,0.0091560839854136,-0.0269747299255339,0.1552861230355639,0.0192721415225769,0.04656373940566,0.0802367022901867,1,-1,1
2013-05-17,0,19.90999984741211,20.049999237060547,19.790000915527344,19.88999938964844,5.9875569343566895,19040100,2.925635979810418,0.0070633745403478,-0.0204039992206882,0.1354368626506481,0.0192624021757389,0.0465391660209922,0.0803578727672068,1,-1,1
2013-05-20,0,19.90999984741211,20.25,19.559999465942383,20.200000762939453,6.080880165100098,30571700,2.916339049132036,0.0154659779360881,0.0119526344583166,0.1813038611811072,0.0192588972373253,0.0465142706687267,0.0805985629325298,1,1,1
2013-05-21,0,20.190000534057617,20.3799991607666,19.979999542236328,20.25,6.095930576324463,23442000,2.874820709136175,0.0024719804237728,0.0382535191145344,0.1466182912348963,0.019247642141871,0.0465090958943246,0.0807437490152178,1,1,1
2013-05-22,0,20.270000457763672,20.39999961853028,19.68000030517578,19.920000076293945,5.996588706970215,35008900,2.9955519667536588,-0.0164306712166989,0.0187490575674351,0.0987016446931326,0.0192439026279963,0.0464876089824169,0.0807891073503929,-1,1,1
2013-05-23,0,19.549999237060547,19.86000061035156,19.479999542236328,19.86000061035156,5.978526592254639,33324000,3.113625533576207,-0.0030166103559359,0.0147101353129877,0.0741671729754701,0.0192325681022099,0.0464640137509081,0.0807971179978751,-1,1,1
2013-05-24,0,19.88999938964844,20.15999984741211,19.790000915527344,20.09000015258789,6.047765254974365,37019600,3.2952021978620465,0.0115146761136723,0.0170687274412463,0.0682722159227005,0.0192256480953108,0.0464416457827627,0.0807974599612648,1,1,1
2013-05-27,0,20.01000022888184,20.14999961853028,19.920000076293945,19.93000030517578,5.999599456787109,5829800,3.1133995299691164,-0.0079961146647709,0.0020092382361274,0.0436780205205638,0.019215866337203,0.046414175434937,0.0807721000399653,-1,0,1
2013-05-28,0,20.15999984741211,20.34000015258789,20.01000022888184,20.040000915527344,6.032713890075684,27705200,3.087193541449795,0.0055042643819824,-0.0079524753179781,0.0631684836099334,0.0192055726184205,0.0463865802001826,0.0807662165837127,1,-1,1
2013-05-29,0,19.920000076293945,20.06999969482422,19.799999237060547,19.850000381469727,5.975517272949219,24961000,3.1275095572927314,-0.0095263072306385,-0.0199507629723895,0.053642176379295,0.0191965998138162,0.0463622227300019,0.080750027391403,-1,-1,1
2013-05-31,0,19.8700008392334,20.36000061035156,19.799999237060547,20.059999465942383,6.038733959197998,35298900,3.2547517909109707,0.0105237136224077,0.0070036218667172,0.0009975644755786,0.01918902702177,0.0463359549174873,0.0807021517363383,1,1,0
2013-06-03,0,20.11000061035156,20.440000534057617,19.940000534057617,20.290000915527344,6.107972145080566,30659400,3.400124769010754,0.0114004463753069,0.0214206785979601,0.0099060024842877,0.0191820873958455,0.0463163699624552,0.0806567725161986,1,1,1
2013-06-04,0,20.459999084472656,20.46999931335449,19.959999084472656,20.06999969482422,6.041744232177734,24447600,3.3243325986327164,-0.010902076526969,-0.0009960740426813,-0.0089286795016438,0.0191739907528257,0.0462888158592892,0.0806077906884529,-1,0,-1
2013-06-05,0,20.0,20.1299991607666,19.31999969482422,19.420000076293945,5.846072673797607,32247700,3.4148576900293093,-0.0329226524363806,-0.025922611814291,-0.0279277417869279,0.019194851765741,0.0462676185230536,0.0805606051734486,-1,-1,-1
2013-06-06,0,19.459999084472656,19.549999237060547,19.07999992370605,19.459999084472656,5.858112812042236,27173200,3.314155905526005,0.0020574080112248,-0.0293694681850485,-0.0437365196926065,0.0191837152160177,0.0462485731766615,0.0805190593410024,1,-1,-1
2013-06-07,0,18.950000762939453,19.270000457763672,18.71999931335449,18.84000015258789,5.671473026275635,38700300,3.3543555942048706,-0.0323786290012356,-0.0522217899556457,-0.0902792458927402,0.019203364779741,0.0462513284832954,0.0805157161589819,-1,-1,-1
2013-06-10,0,18.84000015258789,19.1200008392334,18.82999992370605,18.8799991607666,5.68351411819458,20083800,3.136604337782603,0.0021208472152616,-0.060624656362792,-0.0720251027380989,0.0191922659174733,0.0462653573170012,0.0804934790154122,1,-1,-1
2013-06-11,0,18.64999961853028,18.790000915527344,18.229999542236328,18.530000686645508,5.578152179718018,32153800,3.4230963741123785,-0.0187121532459182,-0.090737255984017,-0.0912298998195192,0.0191909337147095,0.0463346272915514,0.0804910940644103,-1,-1,-1
2013-06-12,0,18.670000076293945,18.799999237060547,18.059999465942383,18.1200008392334,5.454728603363037,37220900,3.494316145587743,-0.0223747048193376,-0.1022098842763857,-0.09671394889594,0.0191940372766131,0.0464304769360756,0.0804952759866061,-1,-1,-1
2013-06-13,0,18.100000381469727,19.020000457763672,17.940000534057617,18.799999237060547,5.659431457519531,31233400,3.549098382320318,0.036840571824987,-0.0324466600150179,-0.0360444728385079,0.0192259081553333,0.04641328116327,0.0804507290271059,1,-1,-1
2013-06-14,0,18.64999961853028,18.86000061035156,18.0,18.350000381469727,5.523966312408447,38201000,3.5448528024986965,-0.0242273008452083,-0.0587313688714512,-0.0633455640141166,0.0192315406025729,0.0464238641000768,0.0804212837554795,-1,-1,-1
2013-06-17,0,18.450000762939453,18.530000686645508,17.959999084472656,18.09000015258789,5.44569730758667,24946300,3.442828589981547,-0.0142703251016415,-0.040623064971857,-0.0786382010142698,0.0192258627916875,0.0464133769427964,0.0804051175862205,-1,-1,-1
2013-06-18,0,17.950000762939453,18.07999992370605,17.6200008392334,17.829999923706055,5.367430210113525,31790400,3.488320933724306,-0.0144765636427986,-0.0572204758299172,-0.1022708486424821,0.0192203550394265,0.0464217230839799,0.0804162224841724,-1,-1,-1
2013-06-19,0,17.889999389648438,17.950000762939453,17.149999618530273,17.200000762939453,5.17777681350708,39085200,3.5158069882661733,-0.0359734708157626,-0.0744817933997616,-0.1453076939985925,0.0192468615640251,0.0464569078250631,0.0804981085745333,-1,-1,-1
2013-06-20,0,16.899999618530273,17.270000457763672,16.5,16.889999389648438,5.084457874298096,63934700,3.844975080860696,-0.0181873664699141,-0.070294455050338,-0.1789610384045948,0.0192448044113696,0.046484631355894,0.0806538050471635,-1,-1,-1
2013-06-21,0,16.93000030517578,16.93000030517578,16.399999618530273,16.40999984741211,4.93996000289917,42577100,3.826802165417532,-0.0288311765049729,-0.1359662033802981,-0.2102641953333405,0.0192573833031024,0.0466754879131925,0.0808922157174433,-1,-1,-1
2013-06-24,0,15.970000267028809,16.25,15.56999969482422,15.90999984741211,4.789444446563721,40535500,3.985534938485229,-0.0309428118197803,-0.1426817143548701,-0.224776335936422,0.0192735799056019,0.0468872503445792,0.0811722138039067,-1,-1,-1
2013-06-25,0,16.100000381469727,16.389999389648438,15.869999885559082,16.100000381469727,4.8466410636901855,32074100,3.938096963851936,0.0118714780602803,-0.1165399111929481,-0.2098882475202055,0.0192672469422425,0.0470157598801856,0.0814054415546674,1,-1,-1
2013-06-26,0,16.139999389648438,16.440000534057617,16.079999923706055,16.149999618530273,4.861691474914551,29858400,3.823272655365413,0.0031005166379302,-0.0989628309122192,-0.2183024069959476,0.0192565002090818,0.0470983571899928,0.0816613295049635,1,-1,-1
2013-06-27,0,16.219999313354492,16.600000381469727,16.170000076293945,16.3799991607666,4.930929660797119,26451400,3.73133536538134,0.0141411249805343,-0.0488482351159222,-0.1961651673506423,0.0192520782077807,0.0470947154492946,0.0818530533445855,1,-1,-1
2013-06-28,0,16.350000381469727,16.350000381469727,15.9399995803833,16.170000076293945,4.867712497711182,33968700,3.640711897587252,-0.0129034286977608,-0.0435642973437689,-0.2145728604303855,0.0192452894479456,0.0470856306983345,0.0820941586312119,-1,-1,-1
2013-07-01,0,16.350000381469727,16.350000381469727,15.9399995803833,16.1200008392334,4.852660655975342,22732600,3.590041036591097,-0.0030969703587143,-0.0178300911975104,-0.2081435235584615,0.0192342760670308,0.0470601758333735,0.0823150835247269,-1,-1,-1
2013-07-02,0,16.049999237060547,16.25,15.109999656677246,15.390000343322754,4.632906436920166,55953200,3.7658329324374393,-0.0463427320831766,-0.0332300114609067,-0.265009969264046,0.0192853441282578,0.0470425638247325,0.0827150279462972,-1,-1,-1
2013-07-03,0,15.239999771118164,15.979999542236328,15.149999618530272,15.899999618530272,4.786433696746826,50191800,3.8409674847177655,0.0326011918641985,-0.0125002976569887,-0.2438092237751543,0.0193078065598487,0.0470158523454375,0.0830387995708844,1,-1,-1
2013-07-04,0,16.100000381469727,16.170000076293945,15.880000114440918,15.960000038146973,4.804496765136719,23818500,3.423008203113617,0.0037667022648764,-0.0118341120300426,-0.2291404449833088,0.0192972831298881,0.0469890699205435,0.0833136921385957,1,-1,-1
2013-07-05,0,15.8100004196167,15.81999969482422,14.9399995803833,15.149999618530272,4.560657978057861,49067400,3.449697406091208,-0.0520853988855859,-0.0780606358961629,-0.2483031914325141,0.0193644618072084,0.0470274630985501,0.0836466105727301,-1,-1,-1
2013-07-08,0,15.199999809265137,15.350000381469728,14.970000267028809,15.0,4.5155029296875,22430900,3.265447516512453,-0.0099503350353467,-0.0751075422337488,-0.2603109344790859,0.0193557216691528,0.0470603934139694,0.0840167088227926,-1,-1,-1
2013-07-10,0,15.18000030517578,15.4399995803833,15.0600004196167,15.25,4.590761661529541,20890800,3.147290867423023,0.0165293781217072,-0.0554811937533272,-0.2114029273561428,0.0193536269683034,0.0470641253672033,0.0842333040653373,1,-1,-1
2013-07-11,0,15.520000457763672,15.829999923706056,15.25,15.760000228881836,4.744289875030518,34049700,3.1797916894112435,0.0328958136971703,0.0237573520270196,-0.1806279608742342,0.0193764021838159,0.047047279172992,0.0843712383963749,1,1,-1
2013-07-12,0,15.65999984741211,15.920000076293944,15.270000457763672,15.43000030517578,4.6449480056762695,23796600,3.140312811425617,-0.0211615847422548,-0.0300054245794335,-0.1830773923705708,0.0193774710928584,0.0470275712415676,0.0845138060736312,-1,-1,-1
2013-07-15,0,15.449999809265137,15.6899995803833,15.350000381469728,15.5,4.666019916534424,20392700,3.001023488872172,0.0045262634366943,-0.0292458634076155,-0.1561764241145387,0.0193672121683155,0.0470074304669485,0.0845983981580605,1,-1,-1
2013-07-16,0,15.640000343322754,15.800000190734863,15.470000267028809,15.75,4.741278648376465,21047000,2.9801413338202822,0.0160004143418342,0.0388399498198046,-0.1770165815976918,0.0193645355267828,0.047004255649753,0.0847254984556337,1,1,-1
2013-07-17,0,15.90999984741211,16.200000762939453,15.869999885559082,16.059999465942383,4.83459997177124,29311200,2.746955068472593,0.0194915331804159,0.0682818180355671,-0.1332977475720675,0.0193656840126781,0.0470434457755654,0.0847685154245934,1,1,-1
2013-07-18,0,16.0,16.290000915527344,15.90999984741211,16.100000381469727,4.8466410636901855,23440300,2.495682298181714,0.0024875112774777,0.0542399511913376,-0.1165399111929481,0.0193549288411945,0.0470595660169038,0.0847863702964625,1,1,-1
2013-07-19,0,16.06999969482422,16.100000381469727,15.850000381469728,15.979999542236328,4.810516834259033,18711400,2.4472179411946584,-0.0074813725331979,0.0138627649609694,-0.1095447200833474,0.0193451689141383,0.0470369247916067,0.0847948293674941,-1,1,-1
2013-07-22,0,15.970000267028809,16.489999771118164,15.899999618530272,16.299999237060547,4.906846046447754,25517000,2.251626205385744,0.0198268540484364,0.0548512037516608,-0.0537443952191483,0.019346718583532,0.0470537762780307,0.0847540964986123,1,1,-1
2013-07-23,0,16.40999984741211,16.65999984741211,16.3799991607666,16.40999984741211,4.93996000289917,25271000,2.298357377074949,0.0067258522442614,0.0570507925592277,-0.0288311765049729,0.0193373621019782,0.0470737484947753,0.0847053971196642,1,1,-1
2013-07-24,0,16.3700008392334,16.549999237060547,16.149999618530273,16.389999389648438,4.933939933776856,24012400,2.3431442142574115,-0.0012193904955215,0.039830987721872,-0.0012193904955215,0.0193263517095796,0.0470712007368367,0.0846578843539698,0,1,0
2013-07-25,0,16.239999771118164,16.8799991607666,16.209999084472656,16.84000015258789,5.069405555725098,37212500,2.39692481144646,0.0270857192451629,0.0474251737866189,0.0568091405694217,0.0193382347079272,0.0470775572340059,0.0846469319865344,1,1,1
2013-07-26,0,16.84000015258789,16.84000015258789,16.84000015258789,16.84000015258789,5.069405555725098,0,2.1775967036281343,0.0,0.0449376625091412,0.0449376625091412,0.019327261803422,0.0470807429680095,0.0846247099738134,0,1,1
2013-07-29,0,16.989999771118164,17.059999465942383,16.6299991607666,16.68000030517578,5.021239757537842,17729600,2.1654368186538435,-0.0095466964714882,0.0428723385708509,0.0322904493997227,0.0193185457635478,0.0470814154965544,0.0845926848746571,-1,1,1
2013-07-30,0,16.780000686645508,16.81999969482422,16.360000610351562,16.459999084472656,4.955012321472168,22635200,2.189978149644493,-0.0132772124127277,0.0097682721096866,0.0048721120064605,0.0193121645796003,0.0470571222973009,0.0845470380187709,-1,1,0
2013-07-31,0,16.329999923706055,16.5,16.170000076293945,16.290000915527344,4.903835773468018,23703200,2.1394364213550565,-0.0103819446615977,-0.0073395247961724,0.0073935960426235,0.0193039146651225,0.0470303978507446,0.0845022871716117,-1,-1,0
2013-08-01,0,16.700000762939453,17.040000915527344,16.600000381469727,16.940000534057617,5.099508762359619,31759700,2.235379642599399,0.0391265041933814,0.0330063698927307,0.0496170705947195,0.0193396508258984,0.0470208697266813,0.0844842996061217,1,1,1
2013-08-02,0,16.8700008392334,17.040000915527344,16.690000534057617,16.809999465942383,5.060375690460205,17726400,2.23476598833734,-0.0077034863154319,-0.0017828356678641,0.0882563163624643,0.0193301254690415,0.046994249220572,0.0845120070835036,-1,0,1
2013-08-05,0,16.770000457763672,16.8700008392334,16.540000915527344,16.649999618530273,5.012210369110107,15018300,2.1356857245139578,-0.0095637184301253,-0.0113465540979895,0.0460914060681404,0.0193214666318579,0.0469681027793364,0.0844907224874222,-1,-1,1
2013-08-06,0,16.68000030517578,16.700000762939453,16.100000381469727,16.280000686645508,4.900826930999756,25592100,2.13684596815616,-0.0224730569330955,-0.0242729145595968,0.0198516468701686,0.0193242807528115,0.0469460835860641,0.0844513826533648,-1,-1,1
2013-08-07,0,16.270000457763672,16.459999084472656,16.100000381469727,16.25,4.891795158386231,17681900,2.0733903204673254,-0.0018446081329447,-0.0128403102798137,0.0700924376228097,0.0193134280244287,0.0469202844189723,0.0844547941986282,0,-1,1
2013-08-08,0,16.350000381469727,16.850000381469727,16.200000762939453,16.649999618530273,5.012210369110107,25830400,1.9559660832785892,0.0243176650660403,0.0218592994478242,0.1043604377241967,0.0193209333832563,0.046902265354603,0.0845068286903167,1,1,1
2013-08-09,1,16.739999771118164,17.1200008392334,16.520000457763672,17.079999923706055,5.141654014587402,31884100,2.281259696332885,0.0254978111845949,0.0082306064390376,0.1133288707870846,0.0193301382975666,0.0468777771622616,0.0845738302571742,1,1,1
2013-08-12,0,17.299999237060547,17.65999984741211,16.469999313354492,16.600000381469727,4.997158050537109,54624200,2.646246793984053,-0.0285054594774333,-0.0125713667229636,0.0519275976124808,0.0193416198555527,0.046852060221962,0.0845574023399466,-1,-1,1
2013-08-13,0,16.649999618530273,16.65999984741211,16.170000076293945,16.3700008392334,4.927919387817383,34946200,2.765410246928284,-0.013952492840929,-0.0169601411337673,0.0591366895138066,0.0193357961953177,0.0468274468500203,0.0845480129717124,-1,-1,1
2013-08-14,0,16.360000610351562,17.0,16.290000915527344,16.950000762939453,5.102519035339356,53853000,3.0800133564330805,0.0348174781798422,0.0403303939791701,0.0894279042569543,0.0193616468630582,0.0468254601673473,0.0845759136344751,1,1,1
2013-08-15,0,16.700000762939453,17.959999084472656,16.670000076293945,17.829999923706055,5.367430210113525,81143700,3.622855787260575,0.0506149020929231,0.0927899042050379,0.1240423920080431,0.0194268654505012,0.0469130087356897,0.0846613009228541,1,1,1
2013-08-16,0,17.760000228881836,18.059999465942383,17.420000076293945,17.780000686645508,5.352379322052002,37711200,3.845375445417134,-0.0028080532412918,0.0656641858977058,0.1017428055863356,0.0194161368004277,0.0469456368880316,0.0847071882426787,-1,1,1
2013-08-19,0,17.450000762939453,18.030000686645508,17.360000610351562,17.829999923706055,5.367430210113525,49861800,4.227057438513833,0.0028080532412918,0.0429744279544027,0.1020633475501495,0.0194056534161857,0.0469461861743065,0.0847532415426799,1,1,1
2013-08-20,0,17.709999084472656,17.850000381469727,17.110000610351562,17.1299991607666,5.156704425811768,30368900,4.288928618438376,-0.0400515500945234,0.0314283373373125,0.0694931699888239,0.0194392358734405,0.0469352065722586,0.0847542727870763,-1,1,1
2013-08-21,0,17.06999969482422,17.780000686645508,17.040000915527344,17.34000015258789,5.21992301940918,43315900,4.565949993405872,0.0121849562621205,0.0575657864403623,0.0618512722025081,0.0194331946300719,0.0469546651609662,0.0847467904024561,1,1,1
2013-08-22,0,17.799999237060547,18.3700008392334,17.6299991607666,18.26000022888184,5.496872425079346,52679300,4.883637903211596,0.0516966259639441,0.0744449342244641,0.1068220459221909,0.0195008461901688,0.0470021971418616,0.0847998008634164,1,1,1
2013-08-23,0,18.1200008392334,18.59000015258789,18.1200008392334,18.549999237060547,5.584172248840332,32500500,4.918464399038695,0.0157569313295479,0.0395869634610892,0.1237983677472604,0.0194976934051367,0.0469987374172302,0.0848822493150397,1,1,1
2013-08-26,0,18.5,18.690000534057617,18.170000076293945,18.190000534057617,5.475799560546875,17906800,4.571394125580276,-0.0195979083436396,0.0227971083587414,0.0771147401584579,0.019497075953817,0.0469811418512648,0.0848916467447942,-1,1,1
2013-08-27,0,17.950000762939453,18.049999237060547,17.450000762939453,17.450000762939453,5.253034114837647,29023800,4.532206890421607,-0.0415324671920464,-0.0215434120745968,0.0355822729664114,0.0195336419494224,0.0469585318184124,0.0848609672648992,-1,-1,1
2013-08-28,0,17.510000228881836,17.75,17.09000015258789,17.15999984741211,5.165735244750977,30051100,4.294988773063585,-0.0167583925079169,0.0017497455120097,0.0283705769299827,0.0195301087537355,0.0469327942598344,0.0848257299245585,-1,0,1
2013-08-29,0,17.31999969482422,17.479999542236328,16.850000381469727,16.899999618530273,5.087467193603516,24162000,3.6746897980789632,-0.0152673414798933,-0.0257025522300042,0.0263804478628169,0.019525277798083,0.0469121764165769,0.0847893900313022,-1,-1,1
2013-08-30,0,17.31999969482422,17.479999542236328,16.520000457763672,16.989999771118164,5.114560127258301,38933500,3.6692987223171034,0.0053112967635441,-0.0720878814304042,0.0420736892879588,0.0195155277972932,0.0469406372429208,0.0847634859555866,1,-1,1
2013-09-02,0,17.149999618530273,17.229999542236328,16.860000610351562,16.899999618530273,5.087467193603516,19051300,3.330571954185797,-0.005311296763544,-0.0931561095234964,-0.0023641116689666,0.0195053433181651,0.0470078461490333,0.0847167149344794,-1,-1,0
2013-09-03,0,16.889999389648438,17.1299991607666,16.68000030517578,16.780000686645508,5.05134391784668,31474500,3.3353045786072606,-0.0071257720873055,-0.0806839732671623,-0.0017863974408402,0.0194957349687096,0.0470503765128555,0.084670123555399,-1,-1,0
2013-09-04,0,16.6299991607666,16.940000534057617,16.559999465942383,16.850000381469727,5.072415828704834,36993600,3.2589924459314545,0.0041628687001889,-0.0349886373749267,0.011940189689474,0.0194856804859927,0.0470352849238887,0.0846273432109174,1,-1,1
2013-09-05,0,16.860000610351562,17.809999465942383,16.84000015258789,17.540000915527344,5.2801289558410645,47992900,3.187236274333704,0.0401333219456051,0.0219030770785953,0.0745465685681749,0.0195220688168852,0.0470174450433917,0.0846333845655552,1,1,1
2013-09-06,0,17.799999237060547,18.0,17.459999084472656,17.760000228881836,5.3463568687438965,30863700,3.154535602742148,0.0124648489619898,0.0496352675204785,0.0888560256631094,0.0195162209430902,0.0470258091912534,0.0846577033858352,1,1,1
2013-09-09,0,17.770000457763672,18.21999931335449,17.770000457763672,18.170000076293945,5.469780445098877,29932300,3.2848400790092454,0.0228231077841612,0.0671470785410957,0.0873614683812304,0.0195210462490969,0.0470598443625486,0.0846797546656339,1,1,1
2013-09-10,0,18.25,18.540000915527344,18.170000076293945,18.34000015258789,5.520956039428711,29063300,3.3007026287466856,0.0093125632202455,0.0817709385248852,0.0711762204168808,0.0195131373935629,0.047120580809406,0.0846813974123607,1,1,1
2013-09-11,0,18.290000915527344,18.540000915527344,18.06999969482422,18.25,5.493861675262451,27324600,3.290546287090989,-0.0049196309034967,0.083977079708694,0.0947620489908173,0.0195029576002494,0.0471853954449277,0.0847134475659917,-1,1,1
2013-09-12,0,18.170000076293945,18.39999961853028,17.75,17.850000381469727,5.373449325561523,47880700,3.557153675716382,-0.0221613751172215,0.0576528358912835,0.086553166714525,0.0195052384764014,0.0472038776302642,0.0847338108908864,-1,1,1
2013-09-13,0,17.850000381469727,18.270000457763672,17.799999237060547,18.1299991607666,5.457738876342773,18359900,3.360862393072076,0.0155645439509926,0.0330840578966709,0.0673002324856754,0.0195019700579636,0.0471939791482669,0.0847307208143998,1,1,1
2013-09-16,0,18.43000030517578,18.71999931335449,18.170000076293945,18.450000762939453,5.5540690422058105,33961100,3.5428178825103,0.0174962411137499,0.0381154500484309,0.0341815715065023,0.0195005501144356,0.0471886968906194,0.0846990379440432,1,1,1
2013-09-17,0,18.59000015258789,18.600000381469727,18.299999237060547,18.530000686645508,5.578152179718018,18948400,3.437073772395104,0.0043267510774965,0.0196190933417664,0.0413163758252909,0.0194906062010404,0.0471692794269605,0.0846722897496903,1,1,1
2013-09-18,0,18.40999984741211,19.0,18.15999984741211,18.89999961853028,5.689533710479736,30957700,3.414230885874989,0.0197707248685744,0.0300772549900952,0.0582790474525732,0.0194916231854148,0.0471568690061875,0.0846598860059029,1,1,1
2013-09-19,0,18.959999084472656,19.309999465942383,18.76000022888184,19.15999984741211,5.767804145812988,24470200,3.1914592733485185,0.0136631482721123,0.0486600341657043,0.1119937458192092,0.0194867068910542,0.0471630916774363,0.0847176471937307,1,1,1
2013-09-20,0,19.09000015258789,19.18000030517578,18.780000686645508,18.940000534057617,5.701577186584473,18955300,3.0784889196559933,-0.0115486081362035,0.0592728011467224,0.0882601814208851,0.0194794511371465,0.0471834289489309,0.0847394247732628,-1,1,1
2013-09-23,0,19.09000015258789,19.21999931335449,18.780000686645508,19.14999961853028,5.764793395996094,13990200,2.913651507690417,0.0110264794701543,0.054734736665884,0.0475900349270953,0.0194726492714824,0.0471972397049797,0.0847172883290549,1,1,1
2013-09-24,0,19.09000015258789,19.21999931335449,18.75,18.770000457763672,5.6504011154174805,18969200,2.8079428216875018,-0.020042778919621,0.0171957166325132,0.0117903246779262,0.0194726003328721,0.0471765472186054,0.0846746364688031,-1,1,1
2013-09-25,0,18.729999542236328,18.920000076293945,18.6200008392334,18.799999237060547,5.659431457519531,17152400,2.7026882776245285,0.0015969014506329,0.0144658670056494,0.0329851344721988,0.0194621863035193,0.0471546498861446,0.0846421472867892,0,1,1
2013-09-26,0,18.81999969482422,18.81999969482422,18.520000457763672,18.59000015258789,5.596214294433594,18168900,2.3939226624452106,-0.0112330876820532,-0.0165379455449779,0.0632845139821922,0.0194547797740946,0.0471308958051264,0.0846342870245177,-1,-1,1
2013-09-27,0,18.56999969482422,18.81999969482422,18.440000534057617,18.479999542236328,5.563099384307861,19065700,2.4055520992054347,-0.0059349541166097,-0.0361360479337001,0.0741079523734995,0.0194450408794326,0.0471174072475744,0.0846380280535175,-1,-1,1
2013-09-30,0,18.56999969482422,19.040000915527344,18.34000015258789,18.36000061035156,5.526976585388184,32326800,2.385803104196491,-0.0065144597326711,-0.0311018995301677,0.0828608341207216,0.019435496085389,0.0471004523265338,0.084652181290492,-1,-1,1
2013-10-01,0,18.530000686645508,18.690000534057617,18.3700008392334,18.65999984741211,5.6172871589660645,15455100,2.3483376528516766,0.0162078989980422,-0.0259204800022798,0.0937574363552199,0.0194328883708562,0.0470805574088183,0.0846806386709899,1,-1,1
2013-10-02,0,18.57999992370605,18.84000015258789,18.540000915527344,18.780000686645508,5.6534104347229,10870500,2.1207837765562028,0.0064101443851973,0.0005324433025384,0.105478877503961,0.0194237881768874,0.0470552599382596,0.0847261057823129,1,0,1
2013-10-03,0,18.799999237060547,18.82999992370605,18.43000030517578,18.540000915527344,5.581161975860596,18453900,2.0450939579281187,-0.0128619857041964,-0.013926443852291,0.0997426638870701,0.0194174803642508,0.0470309753570492,0.084762606832887,-1,-1,1
2013-10-04,0,18.38999938964844,18.68000030517578,18.06999969482422,18.670000076293945,5.620296478271484,27996700,2.1428676596979583,0.006987422539037,0.0042940663687992,0.1025672177259182,0.019408645577437,0.0470062957331394,0.0848030193116514,1,0,1
2013-10-07,0,18.56999969482422,18.82999992370605,18.5,18.6200008392334,5.605246067047119,18500000,2.1885977824676432,-0.0026814597479975,0.0075475607374114,0.0597524360323154,0.0193983360523266,0.0469823791278989,0.0847908552090167,-1,1,1
2013-10-08,0,18.65999984741211,18.770000457763672,18.200000762939453,18.309999465942383,5.511925220489502,23379200,2.231618147738577,-0.0167889899622743,-0.0027269694921917,0.0304985971080514,0.01939514399342,0.0469570434945652,0.0847566052720188,-1,0,1
2013-10-09,0,18.39999961853028,18.459999084472656,17.969999313354492,18.06999969482422,5.439676761627197,19516400,2.2496552185747936,-0.0131943266607571,-0.0321291951509911,-0.005518837336867,0.0193890953988302,0.046940964596423,0.08471049261838,-1,-1,0
2013-10-10,0,18.26000022888184,18.350000381469727,18.010000228881836,18.14999961853028,5.463758945465088,22821900,2.295325541136073,0.0044173641491854,-0.034121975387003,-0.0104140364079271,0.0193794241609434,0.0469262344842624,0.0846641335308892,1,-1,-1
2013-10-11,0,18.14999961853028,18.309999465942383,17.989999771118164,18.100000381469727,5.44870662689209,18833200,2.288484205812186,-0.0027587400885124,-0.024018729771319,-0.0082531455929429,0.0193691802669444,0.0469056682363352,0.0846179541268514,-1,-1,0
2013-10-14,0,18.059999465942383,18.31999969482422,17.940000534057617,18.270000457763672,5.499884128570557,21569300,2.169347630986695,0.0093487601392493,-0.0216573921711068,0.0232569896635278,0.019361589587759,0.0468841008288831,0.0845802061910144,1,-1,1
2013-10-15,0,18.34000015258789,18.479999542236328,18.18000030517578,18.420000076293945,5.54503870010376,27224300,2.296626112448068,0.0081765755734071,-0.0107993568497022,0.0158690212859424,0.0193533987952872,0.0468594916078458,0.0845394018601774,1,-1,1
2013-10-16,0,18.46999931335449,18.64999961853028,18.15999984741211,18.350000381469727,5.523966312408447,35018800,2.55852314735842,-0.0038074629342547,0.0021821701783174,-0.0054346827620621,0.019343356635062,0.0468347916066798,0.0844936597871645,-1,0,0
2013-10-17,0,18.270000457763672,18.530000686645508,18.15999984741211,18.209999084472656,5.481821060180664,26905100,2.6468122669719163,-0.0076587811139803,0.0077177157250943,-0.0174202149535392,0.0193344095424948,0.046811245583915,0.0844477547307768,-1,1,-1
2013-10-18,0,18.21999931335449,18.38999938964844,17.829999923706055,17.940000534057617,5.400541305541992,28111800,2.635837688703785,-0.0149381656956535,-0.0116378141197446,-0.0521291055177671,0.019329737793437,0.0467868979957313,0.0844116713367756,-1,-1,-1
2013-10-21,0,17.989999771118164,18.979999542236328,17.709999084472656,18.8799991607666,5.68351411819458,51907400,3.015465051926994,0.0510705338951109,0.0421914598638789,-0.0147217198947685,0.0193928523965843,0.0467860944633493,0.0843658018004102,1,1,-1
2013-10-22,0,18.959999084472656,19.059999465942383,18.51000022888184,18.549999237060547,5.584172248840332,32733500,3.122466458100812,-0.0176335123688278,0.0152091873558015,-0.0208066241273929,0.0193904850564196,0.0467652463580917,0.0843203788871127,-1,1,-1
2013-10-23,0,18.549999237060547,18.850000381469727,18.209999084472656,18.32999992370605,5.517945766448975,21433300,3.146485683240841,-0.01193056457259,-0.0048979527901956,-0.0437636681701373,0.0193836939085039,0.046740325466468,0.0842807145975863,-1,-1,-1
2013-10-24,0,18.36000061035156,18.56999969482422,18.040000915527344,18.239999771118164,5.490851402282715,22513200,3.144349182171251,-0.0049223213866692,-0.0060128112426102,-0.0286432106371856,0.019373925918028,0.0467154865644924,0.084236607525933,-1,-1,-1
2013-10-25,1,18.229999542236328,18.729999542236328,18.200000762939453,18.489999771118164,5.566111087799072,30298000,3.2753608296589563,0.0136132953063797,0.0152592651777498,-0.0166268167814388,0.0193692181359982,0.0466947632498466,0.0841910937891091,1,1,-1
2013-10-28,0,19.420000076293945,19.89999961853028,19.01000022888184,19.88999938964844,5.9875569343566895,73626100,3.914712766954033,0.0729868503746202,0.1031842812480236,0.0675931212752345,0.0195062100778513,0.0467998785042864,0.084187319398164,1,1,1
2013-10-29,0,19.709999084472656,19.959999084472656,19.32999992370605,19.700000762939453,5.930361747741699,33394100,4.008130319679724,-0.0095982574205357,0.042515489932377,0.0639298179713085,0.019498123754157,0.0467991966305195,0.0841797662754348,-1,1,1
2013-10-30,0,19.82999992370605,20.11000061035156,19.15999984741211,19.950000762939453,6.005619525909424,54345800,4.271912902899958,0.0126104044141939,0.0727594067153987,0.0830546821181735,0.0194925250842869,0.0468403781947114,0.0841932978993006,1,1,1
2013-10-31,0,19.959999084472656,20.559999465942383,19.850000381469727,20.290000915527344,6.107972145080566,41785200,4.485684932910985,0.0168992083915279,0.1015891796795168,0.0837459915116594,0.0194904707989091,0.0469402866849817,0.0842075216269142,1,1,1
2013-11-01,0,20.1200008392334,20.350000381469727,19.81999969482422,19.86000061035156,5.978526592254639,43494000,4.700403860924499,-0.0214206785979601,0.085090822468226,0.055915168528502,0.0194919896154823,0.0470036214138786,0.0841922554459936,-1,1,1
2013-11-04,0,19.989999771118164,20.280000686645508,19.950000762939453,20.21999931335449,6.086899280548096,20508100,4.362711222112218,0.0179646543773379,0.0894421815391843,0.0867418086100365,0.0194909760016105,0.0470753951138608,0.0842099711907034,1,1,1
2013-11-05,0,20.290000915527344,20.40999984741211,20.049999237060547,20.25,6.095930576324463,30093900,4.364022466326267,0.0014826271952969,0.0179379583598609,0.0812370132662962,0.0194808453963812,0.0470555559137583,0.084220742463098,0,1,1
2013-11-06,0,20.290000915527344,20.40999984741211,20.07999992370605,20.40999984741211,6.144094944000244,21824900,4.395426295316495,0.0078700189297337,0.0354062347101302,0.0917884919440276,0.0194725195730692,0.0470474311744402,0.0842446508704694,1,1,1
2013-11-07,0,20.270000457763672,20.6299991607666,19.90999984741211,20.0,6.02067232131958,20998800,4.401002577470828,-0.0202925144838506,0.0025033158120857,0.0882849674224512,0.0194728278905691,0.0470229965463977,0.0842637978409968,-1,0,1
2013-11-08,0,19.950000762939453,20.06999969482422,19.600000381469727,19.63999938964844,5.912299633026123,28408100,4.399643687866847,-0.0181640698292867,-0.0325599624087289,0.0833152242539215,0.0194709766086982,0.0470079092252371,0.0842765818178463,-1,-1,1
2013-11-11,0,19.65999984741211,20.1200008392334,19.5,20.09000015258789,6.047765254974365,22190300,3.7911927757906314,0.0226539599244412,0.0115146761136723,0.1015518200291775,0.0194752486472453,0.0469856052659544,0.0843133713294278,1,1,1
2013-11-12,0,20.059999465942383,20.25,19.450000762939453,19.549999237060547,5.8852057456970215,24586900,3.6853521062157895,-0.0272471233251715,-0.0336971015888372,0.0770634367925183,0.019484197120072,0.0469713277283146,0.0843185052279443,-1,-1,1
2013-11-13,0,19.549999237060547,19.989999771118164,19.25,19.940000534057617,6.002609252929688,31361100,3.4112627967191607,0.0197525490482515,-0.0154271797358824,0.0874672257015207,0.0194850691304037,0.0469483441795275,0.0843359032332409,1,-1,1
2013-11-14,0,20.0,20.5,19.959999084472656,20.450000762939453,6.156136989593506,24679800,3.206307400045328,0.0252552185640292,0.001958019898413,0.1045458686921428,0.0194926934713499,0.0469240309241141,0.0843763638204057,1,0,1
2013-11-18,0,20.5,21.440000534057617,20.459999084472656,21.440000534057617,6.454159259796143,45214900,3.269395212521052,0.0472753007141246,0.0695258350963884,0.1556286323405221,0.0195434297131586,0.0469584270585554,0.0845077309908267,1,1,1
2013-11-19,0,21.299999237060547,21.3700008392334,20.86000061035156,21.11000061035156,6.354818344116211,42654300,3.5595527010945256,-0.0155114499488251,0.0721784549768499,0.1477759635056774,0.0195392837576299,0.0469969672934566,0.0846221522746031,-1,1,1
2013-11-21,0,20.5,21.1299991607666,20.38999938964844,20.89999961853028,6.291601181030273,35845800,3.643044701354799,-0.0099977214149823,0.0395267736374264,0.1527164077863485,0.0195315346506836,0.0469925544360926,0.0847458373064195,-1,1,1
2013-11-22,0,20.75,21.200000762939453,20.63999938964844,20.670000076293945,6.2223639488220215,23810600,3.6709512537715296,-0.0110657074709624,0.0557081894916355,0.090580166420275,0.0195243634824474,0.0470062871830727,0.084765574030596,-1,1,1
2013-11-25,0,20.82999992370605,20.950000762939453,20.309999465942383,20.36000061035156,6.129043102264404,17132300,3.6284438682149514,-0.0151112536381816,0.0208443868052021,0.0931024251509212,0.0195199023902268,0.0469880514806732,0.0847883688496826,-1,1,1
2013-11-26,0,19.89999961853028,20.040000915527344,19.07999992370605,19.07999992370605,5.743721008300781,38515500,3.734135637347992,-0.0649313774025598,-0.0693422091613869,0.0401016123209515,0.0196195654799367,0.0470124097947805,0.0847596925585799,-1,-1,1
2013-11-27,0,19.209999084472656,19.36000061035156,18.809999465942383,18.96999931335449,5.710608005523682,29298900,3.79984004880312,-0.0057817607615359,-0.1223992706370474,0.0392421729460848,0.0196101209811387,0.0471453744971339,0.0847304912090238,-1,-1,1
2013-11-28,0,18.950000762939453,19.21999931335449,18.549999237060547,18.65999984741211,5.6172871589660645,28872500,3.8345371291084462,-0.016476663391558,-0.1233644840797804,0.009152214248147,0.0196066318476687,0.0472799036767986,0.0846881782356442,-1,-1,1
2013-11-29,0,18.88999938964844,19.38999938964844,18.770000457763672,19.1200008392334,5.755761623382568,37804300,3.892763465861913,0.0243525391437584,-0.0890142235210395,-0.0394820969827147,0.0196128931363423,0.0473360172750924,0.0846485852694857,1,-1,-1
2013-12-02,0,17.860000610351562,18.06999969482422,17.350000381469727,17.360000610351562,5.225941181182861,78353000,4.403781666831404,-0.0965664625794299,-0.174514978629507,-0.1264503021416089,0.0198435767900623,0.047631279359037,0.0846871630918254,-1,-1,-1
2013-12-03,0,17.450000762939453,17.8799991607666,17.049999237060547,17.510000228881836,5.271096706390381,45735400,4.303083561361879,0.0086035325828198,-0.1508001924085054,-0.1304571739729829,0.0198355810514958,0.0478418681048348,0.0847313173679554,1,-1,-1
2013-12-04,0,17.760000228881836,17.760000228881836,17.3700008392334,17.459999084472656,5.256045341491699,27512500,4.052167207097391,-0.0028595368213726,-0.0887283518273182,-0.1502159191858834,0.0198254892169426,0.0478952742298492,0.0848068470374167,-1,-1,-1
2013-12-05,0,17.760000228881836,17.829999923706055,17.3700008392334,17.6299991607666,5.30722188949585,25337400,3.871487907599577,0.0096896059318998,-0.0732569851338823,-0.1191056346560235,0.0198180706012936,0.0479225966783845,0.0848343564266341,1,-1,-1
2013-12-06,0,17.729999542236328,17.780000686645508,17.18000030517578,17.229999542236328,5.186808109283447,32578300,3.9127985519416817,-0.0229500135549159,-0.0797303352972402,-0.1600203025882774,0.0198207584044405,0.0479598628810186,0.0849265036004376,-1,-1,-1
2013-12-09,0,17.31999969482422,17.469999313354492,17.1200008392334,17.450000762939453,5.253034114837647,13696800,3.847209148338325,0.0126873361662866,-0.0913955382747121,-0.1488155936172878,0.0198152064763854,0.0480173513762965,0.0849983225991833,1,-1,-1
2013-12-10,0,17.360000610351562,17.459999084472656,17.260000228881836,17.299999237060547,5.20788049697876,14608900,3.5592119389522727,-0.0086328777096127,-0.0034619534048949,-0.1653184902566342,0.0198066834465601,0.0479925968335883,0.0850992278216258,-1,0,-1
2013-12-11,0,17.280000686645508,17.34000015258789,16.719999313354492,16.780000686645508,5.05134391784668,21615100,3.4438684492257723,-0.030518628365503,-0.0425841143532178,-0.1755446041382865,0.0198195444460156,0.0479838442501005,0.0852194155917678,-1,-1,-1
2013-12-12,0,16.850000381469727,17.020000457763672,16.690000534057617,16.860000610351562,5.075425624847412,21980300,3.343413819521884,0.0047560581473457,-0.0349685193844993,-0.152624476161654,0.0198101687253078,0.0479694069770635,0.0852961337018593,1,-1,-1
2013-12-13,0,16.989999771118164,17.239999771118164,16.90999984741211,17.219999313354492,5.183798313140869,28058000,3.200258355536832,0.0211276642727858,-0.0235304610436134,-0.1541507718133093,0.0198123243820485,0.0479488066466183,0.0853750068846126,1,-1,-1
2013-12-16,0,17.25,17.5,17.079999923706055,17.34000015258789,5.21992301940918,32498700,2.724378383848972,0.0069446018971781,0.0063641544084806,-0.1199590465909596,0.0198037001655574,0.0479253545534858,0.0854012965174115,1,1,-1
2013-12-17,0,17.209999084472656,17.350000381469727,16.799999237060547,16.799999237060547,5.057364940643311,29001000,2.537050222890411,-0.0316370696095227,-0.0379602513673289,-0.1713486652487341,0.0198182709649434,0.0479130492382976,0.0855108612104351,-1,-1,-1
2013-12-18,0,16.950000762939453,17.170000076293945,16.829999923706055,16.84000015258789,5.069405555725098,22817200,2.479631089127479,0.0023779784009173,-0.0269493952567986,-0.1942259054118459,0.0198084111524688,0.0478940715005316,0.085667064996482,1,-1,-1
2013-12-19,0,17.1200008392334,17.290000915527344,16.8700008392334,17.25,5.19282865524292,17906300,2.3973103900409933,0.0240550056486287,0.027624238757333,-0.2174462004773418,0.0198140589204463,0.0478803246541949,0.0858765432671986,1,1,-1
2013-12-20,0,17.25,17.290000915527344,16.799999237060547,16.90999984741211,5.090476512908936,26875500,2.3334801485385768,-0.0199071253382439,0.0029610552717431,-0.2218418758667607,0.0198134673987059,0.0478563719622304,0.0860955131978452,-1,0,-1
2013-12-23,0,17.020000457763672,17.170000076293945,16.8700008392334,17.059999465942383,5.135632991790772,11520400,2.308110968188216,0.0088316622017895,-0.0093349467992529,-0.2030124922499888,0.0198057223024452,0.0478322172569678,0.0862678207648266,1,-1,-1
2013-12-26,0,17.149999618530273,17.190000534057617,16.889999389648438,16.920000076293945,5.093487739562988,15294800,2.3117272238260784,-0.0082402958797649,-0.0245198445761959,-0.2001870806587912,0.0197971289068989,0.0478122523195546,0.0864326035440683,-1,-1,-1
2013-12-27,0,17.0,17.020000457763672,16.81999969482422,16.93000030517578,5.096498489379883,15114200,2.2479217511507,0.0005909232528605,0.0077081482861872,-0.1844849037677491,0.0197871293255762,0.0477893676032872,0.0865627309698656,0,1,-1
2013-12-30,0,16.950000762939453,17.25,16.950000762939453,17.079999923706055,5.141654014587402,10598500,2.1346888613529784,0.0088210872013356,0.0141512570866055,-0.1107324391638536,0.0197794174537018,0.0477685789693617,0.0865741535160336,1,1,-1
2014-01-02,0,17.149999618530273,17.200000762939453,16.649999618530273,16.75,5.042311668395996,17284800,2.019023057659111,-0.0195101791309699,-0.0294139276929931,-0.1244608575332875,0.0197784703955045,0.0477511004622926,0.0866024328348801,-1,-1,-1
2014-01-03,0,16.739999771118164,16.780000686645508,16.40999984741211,16.5,4.96705436706543,17837600,1.858217886524267,-0.0150376595734998,-0.024544461928249,-0.1230218537152294,0.0197737204550114,0.0477312692401525,0.0866286114898766,-1,-1,-1
2014-01-06,0,16.450000762939453,16.639999389648438,16.15999984741211,16.6200008392334,5.003178596496582,20526500,1.7709682087589749,0.0072464480297865,-0.0261296761002521,-0.1401279448292012,0.0197653487237321,0.0477121754741541,0.086678499044444,1,-1,-1
2014-01-07,0,16.649999618530273,16.829999923706055,16.1200008392334,16.15999984741211,4.864702224731445,19052500,1.725360194085103,-0.0280679236453444,-0.0459573038658315,-0.0716294058951157,0.0197744664995175,0.0477065308889699,0.0866534311620849,-1,-1,-1
2014-01-08,0,16.270000457763672,16.389999389648438,16.139999389648438,16.190000534057617,4.873732566833496,15874600,1.6943744049785043,0.0018545782527935,-0.0446936488658983,-0.078378360225142,0.0197646676243607,0.047699756858433,0.0866332385541012,0,-1,-1
2014-01-09,0,16.190000534057617,16.290000915527344,15.649999618530272,15.699999809265137,4.726225852966309,25871700,1.6655359592022727,-0.030733117278696,-0.0842478533459299,-0.1062519406824653,0.019777620525585,0.0477434404338378,0.0866388344550879,-1,-1,-1
2014-01-10,0,15.760000228881836,16.299999237060547,15.65999984741211,15.970000267028809,4.807507038116455,30221300,1.8364294698192585,0.0170516953882531,-0.0476859788267068,-0.0988898512261121,0.0197757335612317,0.0477391946408824,0.0866366223817319,1,-1,-1
2014-01-13,0,16.010000228881836,16.110000610351562,15.640000343322754,15.770000457763672,4.747299671173096,21660900,1.8858909285656087,-0.0126026963511734,-0.0452510156043804,-0.0885425340223695,0.019769365507786,0.0477327497442324,0.0866246204591163,-1,-1,-1
2014-01-14,0,15.710000038146973,15.869999885559082,15.619999885559082,15.699999809265137,4.726225852966309,16339200,1.886274390709442,-0.0044489990370797,-0.0569464626712467,-0.1056788692257359,0.0197597850005053,0.0477378140796575,0.0866293097106351,-1,-1,-1
2014-01-15,0,15.789999961853027,16.149999618530273,15.6899995803833,16.040000915527344,4.828578472137451,25748600,2.0248457969810434,0.0214251450810317,-0.0074533939448705,-0.0756208464350913,0.0197623526012206,0.0477138411439949,0.0866068928990029,1,-1,-1
2014-01-16,0,16.040000915527344,16.190000534057617,15.56999969482422,15.59000015258789,4.693114280700684,32946000,2.1587118860100283,-0.0284557243328865,-0.0377636965305507,-0.073557942402475,0.0197719089455952,0.0477015049552645,0.0865830124416409,-1,-1,-1
2014-01-17,0,15.720000267028809,15.770000457763672,15.449999809265137,15.510000228881836,4.66903018951416,22865900,2.194748520401156,-0.005145005909873,-0.0121755851617279,-0.0834590064596937,0.0197624962125453,0.0476781256295379,0.0865665797567611,-1,-1,-1
2014-01-20,0,15.449999809265137,15.609999656677246,15.140000343322754,15.18000030517578,4.569690227508545,17725000,2.151690111112156,-0.0215059632228265,-0.0507332437728075,-0.1260926339553061,0.0197634844225406,0.047676668268055,0.0865953163601887,-1,-1,-1
2014-01-21,0,15.34000015258789,15.34000015258789,15.3100004196167,15.34000015258789,4.617855072021484,19893400,2.150063214460446,0.0104849084679833,-0.0276456389536506,-0.1225523273845008,0.019756820638139,0.0476583409843091,0.0866192795841828,1,-1,-1
2014-01-22,0,15.420000076293944,15.899999618530272,15.270000457763672,15.84000015258789,4.768372535705566,44870600,2.4210955993821384,0.0320747320377642,0.0088780921211931,-0.0588405257372138,0.0197741870860038,0.0476363374172355,0.0865863921110677,1,1,-1
2014-01-23,0,15.670000076293944,15.90999984741211,15.460000038146973,15.470000267028809,4.656989574432373,24150400,2.4016352964818743,-0.023635833889201,-0.0361828868490396,-0.0848543380273322,0.0197775257005542,0.0476229758772796,0.0865708837719605,-1,-1,-1
2014-01-24,0,15.380000114440918,15.4399995803833,14.979999542236328,15.100000381469728,4.545607566833496,27964100,2.36557080415746,-0.024207828543746,-0.031934991059899,-0.133117172219707,0.0197814970664171,0.0476069871706609,0.0866084888251966,-1,-1,-1
2014-01-27,0,15.210000038146973,15.289999961853027,15.039999961853027,15.109999656677246,4.548616886138916,20818700,2.3494298569001053,0.0006618089163774,-0.0261281762336485,-0.1125482379650855,0.019771706151845,0.047588033688241,0.0866199145541007,0,-1,-1
2014-01-28,0,15.359999656677246,15.4399995803833,15.020000457763672,15.050000190734863,4.530555725097656,22373700,2.397334937698524,-0.0039785970900983,-0.0086008101009203,-0.1253584972569735,0.0197621322996558,0.0475644219795373,0.0866467328336795,-1,-1,-1
2014-01-29,0,15.0600004196167,15.140000343322754,14.699999809265137,14.800000190734863,4.455296993255615,25561100,2.3766056862156795,-0.0167508847392547,-0.0358366033081584,-0.1338690861164632,0.0197587114923262,0.0475508819156025,0.0866846965698387,-1,-1,-1
2014-01-30,0,14.880000114440918,15.100000381469728,14.630000114440918,14.699999809265137,4.425194263458252,25607800,2.294656049103527,-0.0067795450107711,-0.0746908803566937,-0.1412395543800948,0.0197498026164268,0.0475785093690273,0.0867328892152251,-1,-1,-1
2014-01-31,0,14.640000343322754,15.06999969482422,14.550000190734863,14.699999809265137,4.425194263458252,49314200,2.51582826409542,0.0,-0.0510550464674927,-0.1500606415814305,0.0197400300167678,0.0475772394090976,0.0867941214200136,0,-1,-1
2014-02-03,0,14.59000015258789,14.630000114440918,13.800000190734863,13.850000381469728,4.169314861297607,51667600,2.782553915503995,-0.0595624583781681,-0.0864096763019148,-0.1901129208286287,0.0198165792595185,0.0476231358477466,0.0869267706403077,-1,-1,-1
2014-02-04,0,14.039999961853027,14.220000267028809,13.770000457763672,14.09000015258789,4.241563320159912,36400300,2.9066283669406623,0.0171801884082267,-0.0698912968100655,-0.157895072846902,0.0198149036725908,0.0476435366871644,0.086999595534339,1,-1,-1
2014-02-05,0,14.149999618530272,14.279999732971191,13.5600004196167,13.829999923706056,4.163294315338135,39232600,2.8061794310517296,-0.018625245263653,-0.0845379449836202,-0.1837667661403416,0.0198129803549967,0.0476858296422717,0.0871182795437327,-1,-1,-1
2014-02-06,0,13.9399995803833,14.359999656677246,13.880000114440918,14.210000038146973,4.2776875495910645,32126900,2.855707902120037,0.0271059078225256,-0.0406811524218397,-0.1285929346724716,0.0198226793105327,0.0476753925721891,0.08714714709173,1,-1,-1
2014-02-07,0,14.270000457763672,14.550000190734863,14.15999984741211,14.449999809265137,4.349934101104736,34263100,2.899219548802823,0.0167481243828319,-0.0171534830282367,-0.1136993885424332,0.019820595742501,0.0476532829919295,0.0871578108305932,1,-1,-1
2014-02-10,0,14.359999656677246,14.699999809265137,14.329999923706056,14.609999656677246,4.39810037612915,29123100,2.9654740350431634,0.0110120191883832,-0.0061414638398532,-0.0719542520753538,0.0198143108857995,0.0476296984667888,0.0871316395624317,1,-1,-1
2014-02-11,0,14.710000038146973,15.06999969482422,14.640000343322754,14.960000038146973,4.503462791442871,28992000,3.023412631364761,0.0236738950624873,0.0770948896008019,-0.0653320524011198,0.0198194394598951,0.0476761419358983,0.0871015082571683,1,1,-1
2014-02-12,0,15.079999923706056,15.100000381469728,14.779999732971191,14.960000038146973,4.503462791442871,23713700,3.0093471537427123,0.0,0.0599147011925754,-0.0527293560499463,0.019809708508808,0.0476961868637413,0.0870652528176922,0,1,-1
2014-02-13,0,14.779999732971191,14.829999923706056,14.4399995803833,14.609999656677246,4.39810037612915,28201900,3.0306090870282896,-0.0236738950624872,0.054866051393741,-0.0719542520753538,0.0198129493134313,0.0477095957466758,0.0870391359782034,-1,1,-1
2014-02-14,0,14.710000038146973,14.710000038146973,14.470000267028809,14.579999923706056,4.389070510864258,27084100,2.833471113592876,-0.0020552390660289,0.0257049045051863,-0.0954346362224147,0.0198032633794244,0.0476957148499102,0.087031100783208,-1,1,-1
2014-02-17,0,14.649999618530272,14.699999809265137,14.3100004196167,14.43000030517578,4.34391450881958,13181700,2.519643934693834,-0.0103415737890492,-0.0013847936666949,-0.0773204856785774,0.0197957992758694,0.04767233622638,0.0870085386341013,-1,0,-1
2014-02-18,0,14.420000076293944,14.579999923706056,14.109999656677246,14.109999656677246,4.247583866119385,31555400,2.479244466783315,-0.0224255829596386,-0.0348223958147169,-0.094601062728343,0.0197976379503633,0.0476581518166007,0.0869996742584039,-1,-1,-1
2014-02-19,0,14.020000457763672,14.199999809265137,13.880000114440918,14.199999809265137,4.274676322937012,28362700,2.3957160633585444,0.0063580664012319,-0.0521382244759721,-0.0667370331042844,0.0197892311351867,0.0476577600146812,0.0869704019497693,1,-1,-1
2014-02-20,0,14.0600004196167,14.34000015258789,13.979999542236328,14.15999984741211,4.262636184692383,24473700,2.3300244436560327,-0.002820594002206,-0.0549588184781782,-0.0800425355744739,0.0197796537063007,0.0476601490932922,0.0869497461225115,-1,-1,-1
2014-02-21,0,14.199999809265137,14.31999969482422,14.06999969482422,14.149999618530272,4.25962495803833,18689200,2.192250851165743,-0.0007066732006763,-0.0319915966163673,-0.1128239408129144,0.0197699937474425,0.0476442803471486,0.0869588694662845,0,-1,-1
2014-02-24,0,14.109999656677246,14.56999969482422,14.010000228881836,14.5,4.364986896514893,20993900,2.119928117690299,0.0244340689566294,-0.0055022885937088,-0.0647540379670838,0.0197760937805676,0.0476209223959982,0.0869284918794613,1,-1,-1
2014-02-25,1,14.449999809265137,14.670000076293944,14.109999656677246,14.18000030517578,4.268656253814697,35828100,2.164322853895416,-0.0223161042863641,-0.0174768190910236,-0.062862313709702,0.0197778376863262,0.0475992012538666,0.0868971310464862,-1,-1,-1
2014-02-26,0,14.199999809265137,14.25,13.68000030517578,13.699999809265137,4.124159336090088,45181500,2.3221547232871647,-0.0344368813511427,-0.0294881174825277,-0.0979610039772223,0.0197959663612992,0.0475820725303807,0.086891117379909,-1,-1,-1
2014-02-27,0,13.81999969482422,14.100000381469728,13.649999618530272,14.039999961853027,4.226511478424072,23575900,2.2737566931082105,0.0245147415000663,-0.0113314423836935,-0.0694676653870576,0.0198021517333722,0.0475592202234612,0.0868634576668897,1,-1,-1
2014-02-28,0,14.100000381469728,14.149999618530272,13.579999923706056,13.59000015258789,4.091045379638672,28318200,2.2677583088952584,-0.0325764117659201,-0.0410872601474075,-0.085293192413723,0.0198172093313379,0.0475493380199141,0.0868466406686474,-1,-1,-1
2014-03-05,0,13.699999809265137,13.729999542236328,13.279999732971191,13.289999961853027,4.000735759735107,15287200,2.2754966636449687,-0.0223222473010106,-0.0627028342477418,-0.1008358947039625,0.0198188466773694,0.0475601994600524,0.0868431931805728,-1,-1,-1
2014-03-06,0,13.420000076293944,13.720000267028809,13.3100004196167,13.43000030517578,4.042881011962891,29223600,2.2439733829308124,0.0104792754567474,-0.0766576277476238,-0.090356619247215,0.0198123969483721,0.0475894100117258,0.0868303617364345,1,-1,-1
2014-03-07,0,13.43000030517578,13.619999885559082,13.210000038146973,13.31999969482422,4.009767055511475,33482800,2.269802226729463,-0.0082244108592972,-0.0625659343205569,-0.039018571728344,0.0198041125003946,0.0475998934206113,0.0867900068688307,-1,-1,-1
2014-03-10,0,13.270000457763672,13.369999885559082,12.899999618530272,13.010000228881836,3.91644549369812,39540700,2.3700798039195097,-0.0235486681027542,-0.0516777210721684,-0.079747428239325,0.0198070613100755,0.0475987564431491,0.086769036468675,-1,-1,-1
2014-03-11,0,13.0600004196167,13.170000076293944,12.960000038146973,13.109999656677246,3.9465508460998535,37605100,2.5065997651510785,0.007657513296245,-0.0685349492759896,-0.053464669679427,0.0197992734802536,0.0476164256892992,0.0867334558413655,1,-1,-1
2014-03-12,0,13.109999656677246,13.460000038146973,13.079999923706056,13.31999969482422,4.009767055511475,42963100,2.6665984166904866,0.0158911548065092,-0.0200673827035603,-0.0646794226954435,0.0197965850237325,0.0475955137861764,0.0867031798800521,1,-1,-1
2014-03-13,0,13.390000343322754,13.479999542236328,13.029999732971191,13.029999732971191,3.9224674701690674,22769800,2.540351787978902,-0.0220122362828476,-0.0197573716853974,-0.1034397833611232,0.0197978983161351,0.0475745371162827,0.0867020807214043,-1,-1,-1
2014-03-14,0,13.079999923706056,13.119999885559082,12.770000457763672,12.779999732971191,3.847209215164185,34674800,2.435315999923218,-0.0193729061837786,-0.0496095533259235,-0.1338247087332851,0.01979664720919,0.0475713962258495,0.0867356066461485,-1,-1,-1
2014-03-17,0,12.880000114440918,12.960000038146973,12.550000190734863,12.56999969482422,3.783992290496826,39457400,2.5338596680360816,-0.0165683924771902,-0.0579535349438164,-0.1740669962729626,0.0197930582926301,0.0475764268392543,0.086830810161481,-1,-1,-1
2014-03-18,0,12.640000343322754,13.050000190734863,12.56999969482422,12.970000267028809,3.904404878616333,45126500,2.6535920556239847,0.0313257580430192,-0.0030791087980429,-0.1427412382299433,0.0198088174698054,0.0475534731998181,0.0868758437673348,1,0,-1
2014-03-19,0,12.949999809265137,13.529999732971191,12.93000030517578,13.34000015258789,4.015788555145264,51670900,2.9439673607320964,0.0281283585566517,0.0173917364623637,-0.0909389846108043,0.0198197379925999,0.0475357993642594,0.0868629942263812,1,1,-1
2014-03-20,0,13.229999542236328,14.039999961853027,13.15999984741211,13.989999771118164,4.211459636688232,58253000,3.196330716655093,0.0475755642650283,0.0490761459208829,-0.0413081812797469,0.019867013850022,0.0475430053068449,0.0868233736439724,1,1,-1
2014-03-21,0,13.449999809265137,14.149999618530272,13.449999809265137,14.020000457763672,4.220490455627441,49269400,3.3425365395486444,0.002142048350239,0.0732304305539696,-0.0288245591404587,0.0198576926102894,0.0475826920813296,0.0867814588611679,1,1,-1
2014-03-24,0,14.170000076293944,14.43000030517578,13.869999885559082,14.420000076293944,4.340904712677002,34293400,3.3306416669255485,0.0281314425225276,0.1207347792602759,0.0217324663417076,0.0198684045167495,0.0477202618160373,0.0867480646121175,1,1,1
2014-03-25,0,14.260000228881836,14.600000381469728,14.130000114440918,14.479999542236328,4.35896635055542,40256700,3.3843499461350084,0.0041521681635144,0.1414553399009805,0.0195265681039901,0.0198594789673094,0.0479135709554123,0.0867137366245988,1,1,1
2014-03-26,0,14.550000190734863,14.6899995803833,14.350000381469728,14.399999618530272,4.334883213043213,29664700,3.2976794385718664,-0.0055402842982629,0.1045892975596982,0.016806877807933,0.0198505154070431,0.0480109431037332,0.0866783294979696,-1,1,1
2014-03-27,0,14.390000343322754,15.579999923706056,14.31999969482422,15.56999969482422,4.68709135055542,77808100,3.8441046377244,0.0781175395529382,0.1545784785559847,0.0956310905615478,0.0199903851239181,0.0482416725433644,0.0867090010034963,1,1,1
2014-03-28,0,15.56999969482422,15.770000457763672,15.199999809265137,15.65999984741211,4.7141852378845215,42344400,3.975498618732698,0.0057638900599458,0.112766804350902,0.076960911664864,0.0199818433270859,0.0483557257989205,0.086717561989158,1,1,1
2014-03-31,0,15.710000038146973,15.789999961853027,15.5,15.779999732971191,4.750309467315674,28288900,3.9458826134067593,0.0076336679301134,0.1182584239307765,0.1069106838813414,0.019973974678649,0.0484820735688315,0.0867629569503318,1,1,1
2014-04-01,0,15.720000267028809,15.850000381469728,15.479999542236328,15.8100004196167,4.759340763092041,36206100,3.938193687903033,0.0018993965651182,0.0920263779733671,0.1432469617976025,0.0199646150873953,0.0485508786564887,0.0868662362527298,0,1,1
2014-04-02,0,15.710000038146973,16.600000381469727,15.699999809265137,15.5600004196167,4.684082508087158,66007000,4.139958825981656,-0.0159391030452258,0.0719351067646268,0.1027931172523105,0.0199606316939524,0.048585113691834,0.0869052913834419,-1,1,1
2014-04-03,0,15.529999732971191,15.649999618530272,15.119999885559082,15.399999618530272,4.943182945251465,56189100,4.204294167767928,0.0538393841573124,0.1313147752202023,0.1892089131755431,0.0200219416925855,0.0487426680250001,0.0871017530734491,1,1,1
2014-04-04,0,15.619999885559082,15.710000038146973,15.350000381469728,15.4399995803833,4.956021308898926,33173500,4.117914460156963,0.0025938187587165,0.0557910544259805,0.2141249792352702,0.0200126770087402,0.0487546960842438,0.0873575216128145,1,1,1
2014-04-07,0,15.699999809265137,16.459999084472656,15.699999809265137,16.459999084472656,5.283427238464356,50400200,4.350909034258684,0.0639717219649988,0.1139988863310337,0.2676174257435215,0.0201020332859061,0.0488679144811824,0.0877639147419231,1,1,1
2014-04-08,0,16.799999237060547,17.06999969482422,15.720000267028809,15.989999771118164,5.132563591003418,69307600,4.708568013145549,-0.0289697256357122,0.0773954927652081,0.2468721109671064,0.0201114545477285,0.0489093192746654,0.0881043668278998,-1,1,1
2014-04-09,0,15.90999984741211,15.9399995803833,15.420000076293944,15.850000381469728,5.087626934051514,41775400,4.875135984404944,-0.0087937590637704,0.0667023371363194,0.2616270200060904,0.0201034872283118,0.0489346740013036,0.0884857870640885,-1,1,1
2014-04-10,0,15.65999984741211,16.049999237060547,15.550000190734863,15.68000030517578,5.033059120178223,27907900,4.430202320017752,-0.010783526405658,0.0718579137758873,0.2431859803041874,0.0200963852797693,0.0489672049736745,0.0888101528035592,-1,1,1
2014-04-11,0,15.529999732971191,16.200000762939453,15.40999984741211,16.190000534057617,5.196760177612305,42898300,4.4764610338483575,0.0320074144147962,0.050025944033371,0.2593022399124744,0.0201119621936014,0.0489721105699588,0.089178633646786,1,1,1
2014-04-14,0,16.280000686645508,16.360000610351562,15.829999923706056,15.93000030517578,5.113304615020752,26799700,4.481727259641221,-0.0161894977518808,0.0312426275227736,0.2651249784434412,0.0201081441524978,0.048960771287775,0.0895615289040336,-1,1,1
2014-04-15,0,15.760000228881836,16.09000015258789,15.130000114440918,15.31999969482422,4.917502880096436,35870400,4.4898143636836725,-0.0390450339328726,-0.0717741283750977,0.2454528506943472,0.0201332343649071,0.0489822703298487,0.0898841885051689,-1,-1,1
2014-04-16,0,15.59000015258789,15.779999732971191,15.239999771118164,15.779999732971191,5.065155982971191,28674000,4.1645069784993405,0.029584076505567,-0.0132203262338184,0.2916053196771045,0.0201451669383419,0.0489598975954137,0.0903439633378336,1,-1,1
2014-04-17,0,15.899999618530272,16.600000381469727,15.539999961853027,16.3799991607666,5.25774621963501,44689200,4.079603423418204,0.0373175261037327,0.0328909589336844,0.297597087737818,0.0201693443489385,0.04894977134563,0.090819206157426,1,1,1
2014-04-22,0,16.309999465942383,16.670000076293945,15.84000015258789,15.960000038146973,5.122934341430664,44896500,4.20975746724495,-0.0259750711280255,0.017699414211317,0.2434936580531405,0.0201748499648693,0.0489310899703745,0.09112762808093,-1,1,1
2014-04-23,0,15.970000267028809,16.06999969482422,15.75,16.040000915527344,5.1486124992370605,22259300,3.9087824089257497,0.0049998723070875,-0.0093081278963916,0.2009179660951998,0.0201660982240449,0.0489082514750944,0.0913279766705561,1,-1,1
2014-04-24,0,16.200000762939453,16.329999923706055,15.869999885559082,16.1299991607666,5.177501678466797,30473600,3.516001068921468,0.0055953777200235,0.0124767475755126,0.2043712954649843,0.0201575221942469,0.048887716915991,0.0915348809277711,1,1,1
2014-04-25,0,15.949999809265137,16.059999465942383,15.649999618530272,16.030000686645508,5.14540433883667,31426800,3.4151330950722603,-0.0062186835790914,0.0453030979292937,0.1700211693633652,0.0201487848840706,0.0488879030902003,0.0916682699543386,-1,1,1
2014-04-28,0,15.949999809265137,16.56999969482422,15.770000457763672,16.559999465942383,5.315524578094482,31782200,3.471638770122256,0.032527749696302,0.0482467711200288,0.1983967508961528,0.0201648971051527,0.0488909101973513,0.0918594218853364,1,1,1
2014-04-29,0,16.68000030517578,17.100000381469727,16.510000228881836,16.690000534057617,5.357254981994629,42027100,3.4760392902210846,0.0078200090847944,0.0187492541010906,0.2117570442792103,0.0201570917081266,0.0488727411461721,0.0920797004685577,1,1,1
2014-04-30,0,16.600000381469727,16.739999771118164,16.389999389648438,16.559999465942383,5.315524578094482,27166100,3.490657416276602,-0.0078200090847945,0.0369043161443216,0.1258194956414776,0.0201488658866914,0.0488655962002206,0.0921363778568538,-1,1,1
2014-05-02,0,16.549999237060547,17.729999542236328,16.510000228881836,17.700000762939453,5.681450843811035,52627500,3.7339430582323754,0.0665749257751706,0.0984793696124047,0.1866305313567024,0.0202438626118517,0.0489427841554333,0.092299340708067,1,1,1
2014-05-05,0,17.649999618530273,17.770000457763672,17.309999465942383,17.56999969482422,5.639721393585205,35540000,3.843469068810161,-0.007371964375394,0.085512027516987,0.1716248990511949,0.0202354791998293,0.0489958016717315,0.0924315755079189,-1,1,1
2014-05-06,0,17.43000030517578,18.479999542236328,17.309999465942383,18.239999771118164,5.854780197143555,48256400,3.937852651631746,0.0374237893041767,0.1291545004002555,0.2071492917902535,0.0202592402891083,0.049140834168538,0.0926369353476807,1,1,1
2014-05-07,0,18.13999938964844,18.850000381469727,18.06999969482422,18.57999992370605,5.963917255401611,44239500,4.004997810691118,0.0184690675022734,0.1150958182062269,0.2415574623377528,0.0202580723114467,0.0492513325502641,0.0929245103701108,1,1,1
2014-05-08,0,18.600000381469727,18.799999237060547,17.75,17.8799991607666,5.739226818084717,53471600,4.386533519907094,-0.0384030222193678,0.0688727869020645,0.1493150559610726,0.0202816548479827,0.0492776471006993,0.0930142921851496,-1,1,1
2014-05-09,1,18.049999237060547,18.239999771118164,17.600000381469727,17.670000076293945,5.67181921005249,34395600,4.46056329422253,-0.0118145859638045,0.0648782100230545,0.1349066512385514,0.0202751354615565,0.0492985023647757,0.0930808650997793,-1,1,1
2014-05-12,0,17.950000762939453,18.100000381469727,17.770000457763672,18.030000686645508,5.787374973297119,20657400,4.376923822074188,0.0201689016803662,0.01847218592825,0.0911038309539186,0.0202755282701031,0.0492798709139317,0.0930911743215847,1,1,1
2014-05-13,0,18.0,18.39999961853028,17.860000610351562,17.959999084472656,5.76490592956543,27465400,4.355883489746985,-0.0038899802132543,0.0219541700903897,0.1161835763763766,0.0202663653607492,0.0492627951399744,0.093130912748618,-1,1,1
2014-05-14,0,17.959999084472656,18.34000015258789,17.850000381469727,18.290000915527344,5.870832443237305,23462900,4.182452963758285,0.0182076008637177,0.0027379816499305,0.1431849363038649,0.0202649813917343,0.049240130968219,0.0932092675690457,1,0,1
2014-05-15,0,18.170000076293945,18.229999542236328,17.93000030517578,18.030000686645508,5.787374973297119,20492100,4.131245954913886,-0.0143176206504635,-0.0300487065028063,0.1396508420590594,0.0202599470573299,0.0492240722225012,0.0932816855025528,-1,-1,1
2014-05-16,0,18.0,18.3700008392334,17.90999984741211,18.010000228881836,5.780956745147705,26139800,3.837798737890533,-0.0011096204645863,0.0072446952519751,0.1065338071796767,0.0202505647167757,0.049202158501941,0.0933084888546831,0,1,1
2014-05-19,0,17.979999542236328,18.040000915527344,17.81999969482422,17.940000534057617,5.758485794067383,25935900,3.736434442186925,-0.0038946386547922,0.0151646425609875,0.1188286662767651,0.0202414484879066,0.0491824104736411,0.093350556340379,-1,1,1
2014-05-20,0,17.899999618530273,18.3799991607666,17.100000381469727,17.299999237060547,5.553054332733154,54506300,3.77640900245328,-0.0363264505692093,-0.0413307096885881,0.1215472496404283,0.0202613515791845,0.0491733849790662,0.0933959785256594,-1,-1,1
2014-05-21,0,17.459999084472656,17.81999969482422,17.100000381469727,17.459999084472656,5.604413986206055,40672100,3.7051791741018527,0.0092063924834193,-0.0282343369919143,0.1011695656182807,0.0202541563126022,0.0491565168624203,0.0934159023587251,1,-1,1
2014-05-22,0,17.510000228881836,17.770000457763672,17.34000015258789,17.68000030517578,5.67503023147583,32321300,3.4601999126053498,0.0125213913977709,-0.0339205464578611,0.076373430912319,0.0202486903004845,0.0491426621137164,0.0934106660541233,1,-1,1
2014-05-23,0,17.579999923706055,17.829999923706055,17.549999237060547,17.700000762939453,5.681450843811035,18155800,3.277778302320032,0.0011307398791476,-0.0184721859282499,0.1034792419194924,0.0202394110561073,0.0491220996402895,0.0934329611940801,0,-1,1
2014-05-26,0,17.799999237060547,17.90999984741211,17.709999084472656,17.860000610351562,5.7328081130981445,7387500,3.12459146518516,0.0089988524097258,-0.0083637130539375,0.1074782220221306,0.0202321471729844,0.0490996081657737,0.0934597710529346,1,-1,1
2014-05-27,0,17.93000030517578,18.030000686645508,17.40999984741211,17.489999771118164,5.614040851593018,23285500,3.0698066504370027,-0.0209347281257545,-0.0254038025248998,0.0809481161763527,0.0202323086599211,0.0490815510745857,0.0934583648489077,-1,-1,1
2014-05-28,0,17.549999237060547,17.790000915527344,17.260000228881836,17.700000762939453,5.681450843811035,22457200,3.049651975159714,0.0119358757160285,0.0228585237603381,0.0991026754714727,0.0202265352369225,0.0490652455709452,0.0934752648940637,1,1,1
2014-05-29,0,17.75,17.799999237060547,17.290000915527344,17.299999237060547,5.553054332733154,19559700,3.029850273470028,-0.0228585237603381,-0.0092063924834194,0.0437164020148326,0.0202285612692111,0.0490429320426,0.0934463732108833,-1,-1,1
2014-05-30,0,17.18000030517578,17.25,16.6200008392334,16.690000534057617,5.357254981994629,25975000,3.006121790950877,-0.0358963929300379,-0.0576241768112284,0.0,0.0202476018606056,0.0490481808647014,0.0934031992372593,-1,-1,0
2014-06-02,0,16.799999237060547,16.8700008392334,16.3799991607666,16.549999237060547,5.312314033508301,26475500,2.988848132122186,-0.0084241854937848,-0.067179102184161,-0.0006041764089903,0.0202397055797975,0.0490639832049851,0.0933600215780166,-1,-1,0
2014-06-03,0,16.530000686645508,16.959999084472656,16.469999313354492,16.899999618530273,5.4246602058410645,20600300,2.609999731260662,0.0209277344163025,-0.0552502201775844,-0.0462513677678583,0.0202409004760851,0.0490667231731625,0.0933226780197012,1,-1,-1
2014-06-04,0,16.850000381469727,16.93000030517578,16.520000457763672,16.600000381469727,5.328366279602051,20905900,2.378736253838025,-0.0179105855501371,-0.052226077601967,-0.0567899889426014,0.0202384313135575,0.0490665553860404,0.093289666880126,-1,-1,-1
2014-06-05,0,16.709999084472656,16.829999923706055,16.290000915527344,16.31999969482422,5.238490104675293,23391100,2.257914064661949,-0.0170113681991146,-0.0811733215171102,-0.1112251464458931,0.0202352683451226,0.0491006463702277,0.0932964694035294,-1,-1,-1
2014-06-06,0,17.3799991607666,17.68000030517578,17.110000610351562,17.68000030517578,5.67503023147583,55365700,2.676693546785443,0.0800425816379624,0.0217277838811903,-0.049651632310204,0.02037229510897,0.0490840153662959,0.0932604602750163,1,1,-1
2014-06-09,0,17.56999969482422,18.239999771118164,17.3799991607666,18.06999969482422,5.8002142906188965,47362400,3.137758027612253,0.0218189730427109,0.0794431498539394,0.0105703629518748,0.0203741711191384,0.049125581532079,0.0932193522922002,1,1,1
2014-06-10,0,18.040000915527344,18.670000076293945,17.809999465942383,18.670000076293945,5.9928059577941895,35832900,3.3044633655720856,0.0326648792814375,0.1205322146291617,0.0550498281971169,0.0203894812404944,0.0492459300343122,0.0931977192122971,1,1,1
2014-06-11,0,18.700000762939453,18.959999084472656,18.299999237060547,18.8799991607666,6.0602126121521,48370800,3.632953310683839,0.0111851411695931,0.1107896213824522,0.0460660676863439,0.0203832223831498,0.0493440344507477,0.0931705780938435,1,1,1
2014-06-13,0,18.6299991607666,19.06999969482422,18.61000061035156,18.989999771118164,6.095521926879883,28004000,3.756141948831065,0.0058095072614327,0.134509714194022,0.0557655551610309,0.0203748166575613,0.0494966692306942,0.0931494164832412,1,1,1
2014-06-16,0,19.0,19.1299991607666,18.63999938964844,18.739999771118164,6.015275001525879,30910300,3.848964145381194,-0.0132523235697861,0.1382687588233505,0.024305630727527,0.0203691988646549,0.0496578754742687,0.0931123332396743,-1,1,1
2014-06-17,0,18.64999961853028,18.68000030517578,18.200000762939453,18.31999969482422,5.8804612159729,18040600,3.780389871209725,-0.0226668707459116,0.0355593064394764,0.0159563806320789,0.0203709266072502,0.0496487632572479,0.0930727266768162,-1,1,1
2014-06-18,0,18.40999984741211,19.030000686645508,18.25,19.0,6.098729610443115,43019700,4.079250921575219,0.0364452919818644,0.0501856253786299,0.0535112930785296,0.0203920470325525,0.0496519151008493,0.0930501484811285,1,1,1
2014-06-20,0,18.64999961853028,18.989999771118164,18.57999992370605,18.700000762939453,6.002434730529785,22486300,4.126036305043951,-0.0159153135670926,0.0016054325300998,0.0414906181662293,0.0203881078110765,0.0496294557141838,0.0930206205445377,-1,0,1
2014-06-23,0,18.75,18.75,18.299999237060547,18.299999237060547,5.874040126800537,14243200,4.048910276166485,-0.0216225113302595,-0.0312022199697528,0.0561945574051792,0.0203888058305765,0.049614260404944,0.0929997956062548,-1,-1,1
2014-06-24,0,18.290000915527344,18.88999938964844,17.489999771118164,17.639999389648438,5.662188529968262,53971000,4.03182968060599,-0.0367321804584093,-0.0737439076895948,0.0102559844633504,0.0204087155632985,0.0496377892286481,0.0929590011309864,-1,-1,1
2014-06-25,0,17.200000762939453,17.770000457763672,17.1299991607666,17.290000915527344,5.5498456954956055,48346300,4.019135251087652,-0.0200403587927226,-0.0805319429125313,-0.0223057657271432,0.0204079207142862,0.0496704002389842,0.0929167990568516,-1,-1,-1
2014-06-26,0,17.469999313354492,17.56999969482422,17.010000228881836,17.31999969482422,5.559473514556885,23470100,3.851945061407734,0.0017332873940575,-0.0561317847725623,-0.0217032182122335,0.0203988069012709,0.0496736903934409,0.0928745860155763,0,-1,-1
2014-06-27,0,17.25,17.389999389648438,17.100000381469727,17.200000762939453,5.520956516265869,16716300,3.453411714266521,-0.0069522849428496,-0.0995293616972763,-0.0376543555648091,0.0203905022626642,0.0497361703332703,0.0928354510758864,-1,-1,-1
2014-06-30,0,17.360000610351562,17.549999237060547,17.040000915527344,17.290000915527344,5.5498456954956055,20962900,3.345551053141839,0.0052189975487922,-0.0783950505813915,-0.0115006298902623,0.0203820329258053,0.049765277153627,0.0927927427173162,1,-1,-1
2014-07-01,0,17.350000381469727,17.450000762939453,16.920000076293945,17.190000534057617,5.517748832702637,22945200,3.227828683227673,-0.0058001678132593,-0.0625727070643913,-0.0292366734195503,0.0203734539329889,0.0497748523045986,0.092751809390319,-1,-1,-1
2014-07-02,0,17.190000534057617,17.329999923706055,16.969999313354492,17.1200008392334,5.495277404785156,28670600,3.329950301683394,-0.004080887236408,-0.0299214138423901,-0.0104590368956202,0.0203645514339328,0.0497588144389631,0.0927092139548348,-1,-1,-1
2014-07-03,0,16.899999618530273,17.530000686645508,16.850000381469727,17.520000457763672,5.6236724853515625,26634700,3.106560971790264,0.0230958479245487,0.0132147928748813,0.0485332039589665,0.0203677262438082,0.0497387672037789,0.0926839761726471,1,1,1
2014-07-04,0,17.43000030517578,17.549999237060547,17.350000381469727,17.5,5.617252826690674,9431900,2.9438691706615385,-0.0011421941131374,0.0103393113676864,0.0558151953396139,0.0203585744740467,0.0497179616647372,0.0926632607646692,0,1,1
2014-07-07,0,17.40999984741211,17.440000534057617,17.139999389648438,17.31999969482422,5.559473514556885,18701200,2.9841569810263637,-0.0103393113676864,0.0069522849428496,0.0245481495556247,0.0203515512866779,0.0496964544478929,0.0926268886434696,-1,1,1
2014-07-08,0,17.360000610351562,17.420000076293945,17.170000076293945,17.329999923706055,5.562683582305908,11504900,2.5047680410784574,0.0005772383558695,0.0023105257499269,0.0430359734616314,0.0203424419640278,0.0496743171513751,0.092598635072822,0,0,1
2014-07-10,0,17.780000686645508,18.170000076293945,17.6200008392334,18.11000061035156,5.813053607940674,35913600,2.3866116767863046,0.0440253602465413,0.0521360538097275,0.1040727019072874,0.0203770167885881,0.0496796618933557,0.0926209479373296,1,1,1
2014-07-11,0,18.06999969482422,18.31999969482422,17.799999237060547,18.239999771118164,5.854780197143555,20928900,2.3708421889356144,0.0071524445386054,0.0633693855847411,0.0311825648079306,0.0203691695604095,0.049697323524402,0.0925871297194178,1,1,1
2014-07-14,0,18.479999542236328,19.18000030517578,18.420000076293945,19.100000381469727,6.130828857421875,70399100,3.0441310270691986,0.0460714987966398,0.0863450364568323,0.0554350905618594,0.0204076061384944,0.0497472219859218,0.0925661437567865,1,1,1
2014-07-15,0,19.100000381469727,19.3700008392334,18.82999992370605,19.26000022888184,6.182187080383301,43433200,3.3460784287637084,0.0083421512750024,0.0958293818449721,0.0311123625554242,0.0204001680524538,0.0498129331390099,0.0925323487607788,1,1,1
2014-07-16,0,19.350000381469727,19.38999938964844,19.07999992370605,19.309999465942383,6.198236465454102,27591400,3.434203712567016,0.002592705169071,0.1087613983817295,0.0225199265549023,0.0203912514641432,0.04990273767053,0.092495460887795,1,1,1
2014-07-17,0,19.200000762939453,19.920000076293945,19.1200008392334,19.559999465942383,6.2784833908081055,57411200,3.8368147104870594,0.0128636425015122,0.1210478025273723,0.0295740617949817,0.0203860148988461,0.0500179343471038,0.0924611262364794,1,1,1
2014-07-18,0,20.809999465942383,20.8700008392334,20.14999961853028,20.520000457763672,6.586629867553711,90435000,4.721550582291083,0.0479133636904054,0.1249358059712364,0.0907397490551732,0.0204279484896826,0.0501411407818872,0.0924690529554465,1,1,1
2014-07-21,0,20.43000030517578,21.020000457763672,20.26000022888184,20.940000534057617,6.721444606781006,44723800,5.212907224943463,0.0202612859530804,0.1380446473857113,0.1336679057541653,0.0204281297146176,0.0502948305160742,0.0925283445701778,1,1,1
2014-07-22,0,20.89999961853028,21.229999542236328,20.559999465942383,21.049999237060547,6.756752014160156,62443400,5.843794166775287,0.0052392006342546,0.0972123492233262,0.1024618144065556,0.0204197152923431,0.050360535222568,0.092548200295675,1,1,1
2014-07-23,0,20.559999465942383,20.739999771118164,20.170000076293945,20.25,6.499963283538818,42981200,6.271160270039879,-0.0387457751141768,0.050124422834147,0.0796313528594714,0.0204426981987673,0.0503624513029898,0.0925453748957506,-1,1,1
2014-07-24,0,20.36000061035156,20.440000534057617,19.950000762939453,20.309999465942383,6.519221782684326,37644700,6.343876378113246,0.0029584821314699,0.0504901997965458,0.1042123463212008,0.0204338540403086,0.0503646612757215,0.092566909639315,1,1,1
2014-07-25,0,20.40999984741211,20.56999969482422,20.280000686645508,20.489999771118164,6.576999664306641,25149900,6.4289550364166415,0.0088236529479421,0.0464502102429758,0.1497681797275525,0.020426620649374,0.0503631959999434,0.0926490319197665,1,1,1
2014-07-28,0,20.56999969482422,20.600000381469727,20.09000015258789,20.14999961853028,6.467864990234375,24552600,5.887645141554368,-0.0167325952767026,-0.018195748724132,0.1530759432435724,0.0204233623604297,0.0503430040671822,0.0927358935330959,-1,-1,1
2014-07-29,0,20.100000381469727,20.1200008392334,19.559999465942383,19.6200008392334,6.297740936279297,38234000,5.83263284754946,-0.0266550804532276,-0.0651121151304402,0.1246875753962874,0.0204292650996697,0.0503555201963123,0.0927813712222967,-1,-1,1
2014-07-30,0,19.700000762939453,20.049999237060547,19.6299991607666,19.850000381469727,6.37156867980957,28062900,5.848083629601835,0.0116547122847835,-0.0586966034799114,0.1432945726239206,0.020423372284435,0.0503611992276289,0.0928524634729556,1,-1,1
2014-07-31,0,19.600000381469727,19.64999961853028,19.01000022888184,19.100000381469727,6.130828857421875,36467700,5.576482047015411,-0.0385157457434147,-0.0584665741091493,0.0995598293317137,0.0204457627498213,0.0503665895987092,0.0928678282521685,-1,-1,1
2014-08-01,0,19.01000022888184,19.209999084472656,18.71999931335449,19.0,6.098729610443115,30658500,4.765546891628143,-0.0052494651832294,-0.0666745214238487,0.1001105319617435,0.0204372221668412,0.0503806206358277,0.0928836404886798,-1,-1,1
2014-08-04,0,19.14999961853028,19.559999465942383,18.8700008392334,19.549999237060547,6.275272846221924,22501200,4.449241252660963,0.0285364766352621,-0.0469616977365289,0.1327278958334137,0.020446327126324,0.0503757009335363,0.0929388645620407,1,-1,1
2014-08-05,0,19.459999084472656,20.09000015258789,19.299999237060547,19.700000762939453,6.323420524597168,53674100,4.285518664312034,0.0076433184550319,-0.0225857840047942,0.117275366363897,0.0204387037273377,0.0503569183786588,0.0929738147578074,1,-1,1
2014-08-06,0,19.84000015258789,20.540000915527344,19.670000076293945,20.309999465942383,6.519221782684326,72879400,4.673919157442893,0.0304947263335545,0.034564022781988,0.1489122868105891,0.0204502748098423,0.0503466911457605,0.0930518115598518,1,1,1
2014-08-07,0,20.600000381469727,20.690000534057617,19.8799991607666,20.14999961853028,6.467864990234375,54256300,4.88327498154996,-0.0079089423287604,0.015000368168444,0.1513426558495151,0.0204424834499993,0.0503270913389126,0.0931331008941181,-1,1,1
2014-08-08,1,19.799999237060547,19.86000061035156,19.25,19.309999465942383,6.198236465454102,41930500,5.070756316637841,-0.0425812574677854,0.0109348564440734,0.1081841600258601,0.0204717588697446,0.0503064125468174,0.093156643272631,-1,1,1
2014-08-11,0,19.3700008392334,20.200000762939453,19.21999931335449,20.13999938964844,6.464655876159668,35596700,5.212268789334471,0.0420849715272904,0.0582692931545935,0.1062437713066094,0.0205015218600703,0.0503165302770088,0.0931778685700019,1,1,1
2014-08-12,0,20.09000015258789,20.290000915527344,19.56999969482422,19.670000076293945,6.3137922286987305,30507300,5.116684867162723,-0.0236132989133397,0.0061195176059915,0.0754780278546642,0.0205040627375179,0.0502949556745464,0.0931697067079513,-1,1,1
2014-08-13,0,19.75,19.93000030517578,18.5,18.690000534057617,5.999224185943604,100212700,5.954823804266046,-0.051106324623123,-0.0526301254721634,-0.0216997955650986,0.0205499877217981,0.0502948915864671,0.0931289232682382,-1,-1,-1
2014-08-14,0,18.68000030517578,19.049999237060547,18.32999992370605,18.600000381469727,5.970337390899658,45332400,6.048227862156994,-0.0048267183288685,-0.0879515701345865,-0.0348686651689696,0.0205413804705972,0.0503367235791766,0.0930907474712791,-1,-1,-1
2014-08-15,0,18.89999961853028,20.100000381469727,18.89999961853028,20.059999465942383,6.438976287841797,63042700,6.482686593031508,0.0755661257691072,-0.0044765020367188,0.0381047554310666,0.0206552537952261,0.0503145974137036,0.0930594067574848,1,0,1
2014-08-18,0,20.549999237060547,20.729999542236328,19.81999969482422,20.39999961853028,6.548112392425537,66860700,7.071238293837842,0.0168072577862615,0.0549120132173281,0.0420483707158159,0.020652474605974,0.0503212612180505,0.0930299113396283,1,1,1
2014-08-19,0,20.209999084472656,20.989999771118164,20.170000076293945,20.90999984741211,6.711814880371094,43132900,6.972216061784588,0.0246925646353726,0.0375196063254103,0.0188275716607833,0.0206567395923714,0.0503130921575264,0.0929918910634043,1,1,1
2014-08-20,0,20.799999237060547,21.489999771118164,20.709999084472656,21.36000061035156,6.856259822845459,54453400,6.770277324601123,0.0212926893382938,0.0824255945770439,0.0198589750459966,0.0206576174088294,0.050353745609743,0.0929541865560078,1,1,1
2014-08-21,0,21.25,21.670000076293945,21.06999969482422,21.299999237060547,6.836998462677002,40823700,6.627785946599261,-0.0028132636470332,0.1307186555531336,0.0118065107647085,0.0206487243612914,0.0504855817692755,0.0929146950433984,-1,1,1
2014-08-22,0,21.13999938964844,21.31999969482422,20.729999542236328,20.920000076293945,6.715024471282959,34438300,6.570954511181407,-0.0180013398381511,0.1175440340438509,0.0325509460407342,0.0206463019565937,0.0505877677681613,0.0928812268339182,-1,1,1
2014-08-25,0,21.21999931335449,22.06999969482422,21.1200008392334,22.040000915527344,7.074528694152832,45475600,6.752708778530635,0.0521533514028987,0.0941312596776424,0.0817458153121631,0.0206954017000684,0.050645705891264,0.0928783679819893,1,1,1
2014-08-26,0,22.030000686645508,22.520000457763672,21.780000686645508,21.84000015258789,7.010331630706787,52291300,7.097895766308217,-0.0091158174833686,0.068208184408012,0.0638063448808522,0.0206880181582787,0.0506661351373034,0.0928616441938447,-1,1,1
2014-08-27,0,22.14999961853028,23.209999084472656,21.89999961853028,22.84000015258789,7.331316947937012,73536500,6.974714776235528,0.044770157076803,0.0882857768494424,0.1253090972343579,0.0207217071265985,0.0507141931606318,0.0929049150333562,1,1,1
2014-08-28,0,22.690000534057617,23.32999992370605,22.549999237060547,22.84000015258789,7.331316947937012,57631800,7.276058887108407,0.0,0.0669930875111486,0.1519641776875855,0.0207126973250375,0.0507328777035941,0.0929850543519996,0,1,1
2014-08-29,0,23.14999961853028,23.59000015258789,22.600000381469727,23.36000061035156,7.498228073120117,56848900,7.316409935292124,0.0225115704755156,0.0923179216336976,0.1628210358783177,0.0207145803616852,0.0507868940002575,0.0930817752517953,1,1,1
2014-09-01,0,23.950000762939453,24.59000015258789,23.65999984741211,23.82999992370605,7.649094104766846,40238800,7.058414476917207,0.0199204874370962,0.130239748908945,0.2212572690588286,0.0207141117761879,0.0509140181821966,0.0932883790490207,1,1,1
2014-09-02,0,24.0,24.89999961853028,23.39999961853028,24.559999465942383,7.883412837982178,67713100,7.543189537148587,0.0301736882262977,0.1082600857323441,0.256680422468356,0.0207244723419649,0.0509950166612525,0.0935759925111401,1,1,1
2014-09-03,0,24.84000015258789,24.8799991607666,23.600000381469727,23.950000762939453,7.687610626220703,60151400,7.719935258901454,-0.0251508879434905,0.0922250152722223,0.2029930578896032,0.020728484065546,0.0510477709388188,0.0937421522643791,-1,1,1
2014-09-04,0,23.09000015258789,24.0,22.700000762939453,22.790000915527344,7.315268039703369,66914600,8.137397042877911,-0.0496463471561916,-0.0021914889607724,0.1457033922783796,0.0207704158438384,0.0510255759008125,0.0938099832711149,-1,0,1
2014-09-05,0,22.75,23.299999237060547,22.43000030517578,22.81999969482422,7.324897289276123,54256100,8.467114209465686,0.0013154565873995,-0.0008760323733728,0.1165241225322246,0.0207614828953831,0.0510034083013344,0.0938397687562962,0,0,1
2014-09-08,0,23.420000076293945,23.68000030517578,21.5,21.700000762939453,6.965394020080566,79759300,8.931106594142156,-0.0503249557911922,-0.0737125586400807,0.0741081090697929,0.0208045629669587,0.0510256443583982,0.0938289021124551,-1,-1,1
2014-09-09,0,21.51000022888184,22.190000534057617,21.1200008392334,21.479999542236328,6.894775867462158,71764400,9.185528576280436,-0.0101901728868446,-0.1038232189640215,0.1064991936507336,0.0207975997099846,0.0510923267699782,0.0938473376171203,-1,-1,1
2014-09-10,0,21.15999984741211,21.479999542236328,20.600000381469727,20.950000762939453,6.724653720855713,61903500,8.941782530183376,-0.024983571345351,-0.1589804785356705,0.039430650778092,0.0208012273344408,0.0512796600309319,0.0938158866994967,-1,-1,1
2014-09-11,0,21.18000030517578,21.729999542236328,21.0,21.209999084472656,6.808107376098633,51526700,8.799476012536687,0.0123337303544771,-0.1214958602377026,0.0753776800459089,0.0207955901881997,0.0513783023523913,0.0938058705302838,1,-1,1
2014-09-12,0,20.8700008392334,21.0,19.850000381469727,20.13999938964844,6.464655876159668,82475400,9.011611360557136,-0.0517643811325693,-0.1236138942140803,0.0747196235364627,0.0208413084981407,0.0514806695053131,0.093795316675762,-1,-1,1
2014-09-15,0,20.25,20.65999984741211,20.059999465942383,20.57999992370605,6.605887413024902,53328400,9.09989313768316,0.0216115016230175,-0.1033178491784624,0.1011578434883486,0.0208423181795569,0.0515445421874569,0.0938079447016275,1,-1,1
2014-09-16,0,20.76000022888184,22.3799991607666,20.700000762939453,21.549999237060547,6.917244911193848,99328900,9.404024611413444,0.0460562724480307,-0.0069366209392394,0.0716479901672721,0.0208777349093336,0.0515224814178198,0.0937950137540776,1,-1,1
2014-09-17,0,22.32999992370605,22.530000686645508,21.86000061035156,22.1200008392334,7.100208759307861,54823000,9.258844664857955,0.0261066302018707,0.0293601821494758,0.0809473625828813,0.0208831251515712,0.0515085088345564,0.0937891848519592,1,1,1
2014-09-18,0,21.850000381469727,22.1200008392334,21.18000030517578,21.290000915527344,6.833786964416504,57148100,9.062481736091195,-0.03824520602501,0.0160985474698168,0.0180095919224983,0.0209037184367313,0.0514890503646867,0.0937508452222885,-1,1,1
2014-09-19,0,21.0,21.3799991607666,20.690000534057617,20.90999984741211,6.711814880371094,37077100,8.767688740208865,-0.0180095919224984,-0.014244774807159,-0.0212926893382937,0.0209011592265854,0.0514681221648271,0.0937110042644094,-1,-1,-1
2014-09-22,0,20.450000762939453,20.600000381469727,19.68000030517578,20.59000015258789,6.6090989112854,66535200,8.537877264903988,-0.0154220658605952,0.0220975404648151,-0.0339014915518557,0.0208968579356067,0.0514508327028135,0.0936737620150308,-1,1,-1
2014-09-23,0,20.100000381469727,21.0,19.89999961853028,20.1299991607666,6.4614434242248535,54737800,8.257869926861632,-0.0225945894083982,-0.0221085505666004,-0.0384947411221027,0.020898030873236,0.0514320846012542,0.093637857798064,-1,-1,-1
2014-09-24,0,19.950000762939453,20.61000061035156,19.84000015258789,20.229999542236328,6.493543148040772,38247100,7.924672220031577,0.0049555882329216,-0.0632092347817096,-0.0856925042920799,0.0208896728095693,0.0514412351979585,0.0936266345693468,1,-1,-1
2014-09-25,0,20.290000915527344,20.39999961853028,19.82999992370605,19.84000015258789,6.368358612060547,26626600,7.565061711235652,-0.0194665596863863,-0.1087824246699666,-0.0960432464950975,0.0208881958112943,0.0515140297146085,0.0936235367289882,-1,-1,-1
2014-09-26,0,19.89999961853028,21.239999771118164,19.799999237060547,20.940000534057617,6.721444606781006,43234500,7.083726364080201,0.0539613410147553,-0.0165758776302013,-0.0868520625571452,0.0209395502419939,0.0514936632673394,0.0936130975268209,1,-1,-1
2014-09-29,0,19.020000457763672,19.25,18.540000915527344,18.600000381469727,5.970337390899658,94418600,7.503257395704021,-0.1184996624830388,-0.1170659481907415,-0.205351725040184,0.021213020769271,0.0515812599741925,0.0937562901224926,-1,-1,-1
2014-09-30,0,18.489999771118164,18.64999961853028,17.75,18.09000015258789,5.806634426116943,81971800,7.084376089005353,-0.0278023097888295,-0.1294461921189759,-0.2556656053045293,0.0212190032709159,0.0516931633283625,0.0940028235255719,-1,-1,-1
2014-10-01,0,17.700000762939453,17.860000610351562,17.010000228881836,17.09000015258789,5.485648155212402,79170700,7.173762743904017,-0.0568658749810562,-0.1637174776916339,-0.3324519677226817,0.0212736810357456,0.0518858762508538,0.0944505586431366,-1,-1,-1
2014-10-02,0,17.399999618530273,17.719999313354492,16.860000610351562,17.299999237060547,5.553054332733154,65399500,7.119451641568601,0.0122128511780923,-0.1564602147464633,-0.3504128047708874,0.0212678661758298,0.0520584290424403,0.0949493881565106,1,-1,-1
2014-10-03,0,17.600000381469727,18.520000457763672,17.239999771118164,18.350000381469727,5.890091419219971,61990800,7.350175110964822,0.0589234120286307,-0.0780702430314461,-0.266338504798766,0.0213292809850428,0.0520828075777883,0.0952139967445118,1,-1,-1
2014-10-06,0,21.5,21.5,20.09000015258789,20.38999938964844,6.544901371002197,114738800,7.967709311935787,0.1054148112497042,-0.0266167727964973,-0.1112773463928701,0.021542204499331,0.0520652599913128,0.0952218374167391,1,-1,-1
2014-10-07,0,20.850000381469727,21.790000915527344,20.63999938964844,21.209999084472656,6.808107376098633,87446800,8.447229505556795,0.039427833311359,0.1313107229979004,-0.0731649696689105,0.0215642234400099,0.0521899023446092,0.0952002731999575,1,1,-1
2014-10-08,0,21.799999237060547,21.850000381469727,20.01000022888184,20.850000381469727,6.692554950714111,104638500,9.34399529847929,-0.0171184560251193,0.1419945767616107,-0.0399584699028378,0.0215606150731549,0.0523379891745848,0.0951639363559706,-1,1,-1
2014-10-09,0,21.290000915527344,21.89999961853028,21.13999938964844,21.200000762939453,6.804899215698242,82449700,10.120821407913365,0.0166471184938913,0.2155075702365583,-0.0131211785221018,0.0215571492811026,0.0527005509496057,0.0951230151508209,1,1,-1
2014-10-10,0,20.049999237060547,20.049999237060547,20.049999237060547,20.049999237060547,6.435764312744141,64882800,10.372767059744245,-0.055772217348665,0.147522501709801,-0.0439098245254158,0.0216082756948557,0.0528588800549044,0.0950879999728064,-1,1,-1
2014-10-13,0,21.36000061035156,22.420000076293945,21.11000061035156,22.1299991607666,7.103416919708252,85183400,10.45488030587873,0.0987053162633429,0.1873044059445131,0.04246176138345,0.021790398668753,0.0531240871035984,0.0950583671673706,1,1,1
2014-10-14,0,21.600000381469727,21.600000381469727,21.600000381469727,21.600000381469727,6.933295249938965,80844400,10.622625297329492,-0.0242407193507232,0.0576488753440857,0.0699854231652958,0.0217923013586011,0.0531299665705298,0.0950446293079361,-1,1,1
2014-10-15,0,20.600000381469727,20.8799991607666,19.6200008392334,20.14999961853028,6.467864990234375,120546300,11.307938195317332,-0.069489137224801,-0.0512680951920744,-0.0211152156825225,0.0218755872155484,0.053126812802894,0.095004603005901,-1,-1,-1
2014-10-16,0,19.01000022888184,19.5,18.559999465942383,18.64999961853028,5.986386775970459,97275600,11.742813303202102,-0.0773580472324569,-0.1115076863994119,-0.1445295353630102,0.0219803239851786,0.0531997854295703,0.0950486564034127,-1,-1,-1
2014-10-17,0,19.3700008392334,19.530000686645508,18.64999961853028,19.09000015258789,6.127618789672852,69545700,11.863888981913751,0.0233182017821826,-0.1048366031111206,-0.1473179637826982,0.0219818729842715,0.0532611358589863,0.0950959476076539,1,-1,-1
2014-10-20,0,18.920000076293945,18.989999771118164,17.8700008392334,17.920000076293945,5.752066135406494,70794896,11.181825078080044,-0.0632471043885042,-0.1123114901509599,-0.1723198621461924,0.0220480936601186,0.0533347746793131,0.0951772313430969,-1,-1,-1
2014-10-21,0,16.899999618530273,16.899999618530273,16.899999618530273,16.899999618530273,5.4246602058410645,105185600,11.13271253478285,-0.0586038555663614,-0.2696206619806642,-0.2129141257900554,0.0221032003708245,0.053875348378591,0.0953254908607724,-1,-1,-1
2014-10-22,0,16.809999465942383,17.25,16.3799991607666,16.610000610351562,5.3315749168396,62049400,10.39957243357842,-0.0173085864817892,-0.2626885291117302,-0.2148006464112495,0.022099262998151,0.0543803634606016,0.0954764238321694,-1,-1,-1
2014-10-23,0,16.3700008392334,16.450000762939453,15.40999984741211,15.510000228881836,4.978490352630615,110386000,10.376741019359253,-0.0685199730774024,-0.2617193649643316,-0.2607260300802538,0.0221776429981852,0.054875150291437,0.0957207212988477,-1,-1,-1
2014-10-24,0,15.800000190734863,16.889999389648438,15.520000457763672,16.6200008392334,5.334784984588623,100322000,10.610141340139672,0.0691218781088476,-0.1152394396230269,-0.1965597402043274,0.0222600988068932,0.0549487479922079,0.0958376576517085,1,-1,-1
2014-10-27,0,14.0,14.59000015258789,13.760000228881836,14.520000457763672,4.660714626312256,215365600,11.40119505960148,-0.1350797914804942,-0.2736374328857039,-0.3121729719984356,0.0225891690287184,0.0554838078388996,0.0962063449352129,-1,-1,-1
2014-10-28,0,14.899999618530272,15.079999923706056,14.630000114440918,15.029999732971191,4.824416637420654,95132900,11.199678899053987,0.0345210336538962,-0.1758692948433033,-0.3316132793592944,0.0226026235727632,0.0556858598308376,0.0966260167850292,1,-1,-1
2014-10-29,0,14.770000457763672,14.789999961853027,14.0,14.020000457763672,4.5002217292785645,89851000,10.454931107834351,-0.069563154584524,-0.186828593861466,-0.2826767714607798,0.0226810207912312,0.0559157798189581,0.096914278595527,-1,-1,-1
2014-10-30,0,14.600000381469728,14.6899995803833,14.010000228881836,14.31999969482422,4.596516609191895,75048900,9.983935603903028,0.0211720890229876,-0.148347918356689,-0.2337023726489625,0.022680327464464,0.0560494867007753,0.0970938703135332,1,-1,-1
2014-10-31,0,14.579999923706056,15.279999732971191,14.369999885559082,15.279999732971191,4.9046630859375,47932400,9.60482836147032,0.0648876450175497,-0.0149403002617369,-0.1119488526503566,0.0227498583801784,0.0560268977757444,0.09709848954091,1,-1,-1
2014-11-03,0,14.960000038146973,15.100000381469728,14.550000190734863,14.850000381469728,4.766640663146973,44102700,9.213938712576564,-0.0285446094769228,-0.1126067878475075,-0.1527063133053718,0.022754680349354,0.0560920727010871,0.0971467739820421,-1,-1,-1
2014-11-04,0,15.0,15.029999732971191,14.369999885559082,14.81999969482422,4.757009983062744,45408900,8.510348879610195,-0.0020224772463383,0.0204505263866483,-0.213652202580341,0.0227452172710148,0.0560729501697746,0.0972870805233739,0,1,-1
2014-11-05,0,14.5,14.619999885559082,14.329999923706056,14.399999618530272,4.622197151184082,37011900,8.193373848694026,-0.0287491501590679,-0.0428196574263159,-0.3478161639891132,0.022750220957766,0.0560608419227061,0.0977424530172223,-1,-1,-1
2014-11-06,0,14.279999732971191,14.279999732971191,13.779999732971191,14.0600004196167,4.513060569763184,55337600,7.598465598324571,-0.023894623963722,0.0028488731944859,-0.4111386212641943,0.0227506302588115,0.0560377113884983,0.0983957170269889,-1,0,-1
2014-11-07,0,14.25,14.630000114440918,13.520000457763672,14.270000457763672,4.580467700958252,77503900,7.240917490109986,0.0148255690956578,-0.0034976467328436,-0.379194596143417,0.0227455473090545,0.0560142800543463,0.0989373146904146,1,0,-1
2014-11-10,0,14.300000190734863,14.369999885559082,13.920000076293944,13.979999542236328,4.4873809814453125,35611800,5.566293754083692,-0.0205318798034719,-0.0889171715538652,-0.4163735944407802,0.0227433049560903,0.056044850647076,0.0995963524999647,-1,-1,-1
2014-11-11,0,13.8100004196167,14.079999923706056,13.670000076293944,14.0,4.493802547454834,24268300,4.871993730747871,0.0014300046498668,-0.0589425574270756,-0.3591713724422484,0.0227339309372186,0.0560440229869694,0.1000669781807378,0,-1,-1
2014-11-12,0,13.970000267028809,14.489999771118164,13.829999923706056,14.109999656677246,4.529110431671143,30597500,4.344637082418752,0.0078263116398281,-0.049093768540909,-0.4500503770657633,0.0227258060378283,0.0560358221041455,0.1008334501162731,1,-1,-1
2014-11-13,0,14.31999969482422,14.369999885559082,13.59000015258789,13.600000381469728,4.3654069900512695,36046700,3.972380032393546,-0.0368141231506327,-0.0571587415324738,-0.4626237808656727,0.0227402139914346,0.0560335011238357,0.1016379233619008,-1,-1,-1
2014-11-14,0,12.899999618530272,13.329999923706056,12.850000381469728,13.199999809265137,4.237011909484863,52848800,3.95021331523178,-0.0298531418911038,-0.0631172594598556,-0.4229877855319753,0.0227462751822309,0.0560361150834253,0.1022927526418626,-1,-1,-1
2014-11-17,0,13.06999969482422,13.25,12.520000457763672,12.600000381469728,4.044422149658203,47504600,3.914311971061008,-0.0465195976259015,-0.124462426181415,-0.39214933592542,0.022775008727954,0.0561202805473113,0.1028414251081113,-1,-1,-1
2014-11-18,0,12.760000228881836,12.850000381469728,12.0,12.449999809265137,3.9962737560272217,60893000,3.968550733671605,-0.0119763188900402,-0.1159068652679833,-0.4274438565976428,0.0227678673791718,0.0561893303732889,0.1034992716444763,-1,-1,-1
2014-11-19,0,12.399999618530272,12.970000267028809,12.3100004196167,12.779999732971191,4.102199554443359,48829400,4.02655390884001,0.0261609405974954,-0.0911759293203545,-0.3380358116116431,0.0227716087985364,0.056221791951941,0.1038835883642699,1,-1,-1
2014-11-21,0,13.010000228881836,14.43000030517578,13.010000228881836,14.300000190734863,4.590097427368164,66584900,4.137452673839927,0.1123779433017316,0.0133757023415488,-0.1670540127435502,0.022993133646879,0.056200767929283,0.1039352274616714,1,1,-1
2014-11-24,0,14.619999885559082,15.260000228881836,14.079999923706056,14.210000038146973,4.561209201812744,70349100,4.069735546689629,-0.0063134856437962,0.0438763398483853,-0.156058911905557,0.0229842142390813,0.0561945765304028,0.103973462847842,-1,1,-1
2014-11-25,0,14.4399995803833,14.93000030517578,13.850000381469728,14.149999618530272,4.541949272155762,82863900,4.499446673377308,-0.0042314892024068,0.0694979925370823,-0.0917704280305613,0.0229749600596705,0.0562113690437975,0.103954354912923,-1,1,-1
2014-11-26,0,14.170000076293944,14.170000076293944,14.170000076293944,14.170000076293944,4.548369407653809,35604600,4.604386086134598,0.0014125217809516,0.1174301119439354,-0.1594797843584575,0.0229655645546134,0.056296883968553,0.1039962596395346,0,1,-1
2014-11-27,0,14.199999809265137,14.619999885559082,13.329999923706056,13.4399995803833,4.31404972076416,54672700,4.797417434410614,-0.0528917234438137,0.0765147073901618,-0.077291716321777,0.0230049684471911,0.0563212986436547,0.1039688205879754,-1,1,-1
2014-11-28,0,13.449999809265137,13.5600004196167,12.800000190734863,12.84000015258789,4.121458053588867,46109000,4.862258664475087,-0.0456700760872655,0.0046836907054009,-0.157482826062939,0.0230316360556033,0.0562985779800764,0.1040081111117195,-1,0,-1
2014-12-01,0,12.449999809265137,12.539999961853027,12.210000038146973,12.31999969482422,3.954545736312866,698950612,9.902499031168064,-0.0413412607091957,-0.1490355133055265,-0.1292609321876107,0.0230515709857295,0.0564292649538847,0.1040178685655471,-1,-1,-1
2014-12-02,0,12.5,12.5600004196167,12.09000015258789,12.170000076293944,3.906398057937622,482364084,13.26021867473384,-0.012249999931483,-0.1549720275932134,-0.1626830211420814,0.0230444470622541,0.0565719750174169,0.1040628742443691,-1,-1,-1
2014-12-03,0,12.260000228881836,12.800000190734863,12.210000038146973,12.710000038146973,4.07973051071167,39791800,13.099483162949136,0.0434151983221164,-0.1073253400686902,-0.1841554678375147,0.0230697346235981,0.0566259482730942,0.1041350195971086,1,-1,-1
2014-12-04,0,12.789999961853027,12.789999961853027,12.170000076293944,12.270000457763672,3.9384963512420654,36498300,12.987254380499788,-0.0352319212110123,-0.1439697830606541,-0.1908427795716042,0.0230814028281105,0.0567441585945129,0.104216061405647,-1,-1,-1
2014-12-05,0,12.31999969482422,12.369999885559082,12.050000190734863,12.18000030517578,3.909607172012329,60072900,12.846828838389191,-0.0073621122933686,-0.098440171910209,-0.1961824146186343,0.0230727127370806,0.0567847787097569,0.1043043291630976,-1,-1,-1
2014-12-08,0,12.149999618530272,12.149999618530272,11.40999984741211,11.510000228881836,3.694547414779663,44385600,12.535513843700189,-0.0565788403871279,-0.1093489362100713,-0.2240121048466943,0.0231184437468437,0.056840866933369,0.1044354993592939,-1,-1,-1
2014-12-09,0,11.100000381469728,11.43000030517578,10.8100004196167,11.420000076293944,3.665658473968506,69233104,12.292285830672368,-0.0078500763704952,-0.0758577518713707,-0.2079675572534674,0.0231098567785909,0.056854148423758,0.1045403329546593,-1,-1,-1
2014-12-10,0,11.350000381469728,11.359999656677246,10.81999969482422,10.880000114440918,3.492326259613037,51653800,12.328893535625811,-0.0484399204755078,-0.1120476724153955,-0.2712330468246334,0.023140461949199,0.0569139249564363,0.1047573903071935,-1,-1,-1
2014-12-11,0,10.899999618530272,11.039999961853027,10.31999969482422,10.630000114440918,3.4120798110961914,64604800,12.29828828856052,-0.0232460435507437,-0.1787089142882557,-0.2739472105719053,0.0231398444376976,0.0571080856934148,0.1049787323250559,-1,-1,-1
2014-12-12,0,10.649999618530272,10.6899995803833,10.109999656677246,10.1899995803833,3.270846128463745,46321800,12.221845020356488,-0.0422733143304017,-0.1857503074076451,-0.3176505295521737,0.023160583582506,0.0573187594914719,0.1052953764151516,-1,-1,-1
2014-12-15,0,10.210000038146973,10.289999961853027,9.010000228881836,9.0600004196167,2.9081318378448486,100442600,7.316890150303623,-0.1175378114158905,-0.2959260065301671,-0.4430146526078923,0.0233893003512483,0.0578962618997312,0.1059681438878387,-1,-1,-1
2014-12-16,0,8.600000381469727,9.920000076293944,8.5600004196167,9.369999885559082,3.0076375007629395,92073400,4.127425325077738,0.0336439922071449,-0.2057031739358942,-0.3725565372501147,0.0234006745563132,0.0581555622647886,0.1064197850366602,1,-1,-1
2014-12-17,0,9.5,9.859999656677246,9.369999885559082,9.470000267028809,3.039736032485962,90951200,4.353884564007834,0.0106157931179479,-0.187237304447451,-0.332087602241063,0.0233934847674227,0.0583634812186497,0.1067626208855144,1,-1,-1
2014-12-18,0,9.890000343322754,10.350000381469728,9.380000114440918,9.56999969482422,3.0718352794647217,88693200,4.60926371449837,0.0105045136529401,-0.128292870319003,-0.2750634909622214,0.0233862560485632,0.0584448220362853,0.1069767562930884,1,-1,-1
2014-12-19,0,9.949999809265137,9.979999542236328,9.56999969482422,9.829999923706056,3.155291557312012,64103300,4.544583117894447,0.0268057090340091,-0.07824111773425,-0.236281463038172,0.0233901436885421,0.0584576631601437,0.1071182746024669,1,-1,-1
2014-12-22,0,9.899999618530272,10.369999885559082,9.710000038146973,10.369999885559082,3.328623056411743,53678500,4.573733459297735,0.0534778189900983,0.0175100155862499,-0.208964584645569,0.0234319923387013,0.0584376004639291,0.1072158379339483,1,1,-1
2014-12-23,0,10.369999885559082,10.989999771118164,10.1899995803833,10.90999984741211,3.50195574760437,45011000,4.382930247283197,0.0507628755569466,0.1858107025590872,-0.2705796523903538,0.0234686417846423,0.0586690389923543,0.1074182722680134,1,1,-1
2014-12-26,0,10.869999885559082,10.880000114440918,10.210000038146973,10.31999969482422,3.312573909759521,27059500,4.202848101382266,-0.0555960940193114,0.096570616332631,-0.3198622607658691,0.0235108203060619,0.0587175268965565,0.1077243896368473,-1,1,-1
2014-12-29,0,10.149999618530272,10.539999961853027,10.0600004196167,10.279999732971191,3.299734592437744,24392000,3.925151727090346,-0.0038834647396253,0.0820713584750576,-0.3195142363030878,0.0235014453628714,0.0587467503924735,0.1080277613861824,-1,1,-1
2014-12-30,0,10.15999984741211,10.350000381469728,10.010000228881836,10.029999732971191,3.2194881439208984,27623700,3.800982098016866,-0.0246196532986832,0.0469471915234343,-0.3455464113827226,0.0235016123657745,0.0587418528794948,0.1083914115967721,-1,1,-1
2015-01-02,0,9.989999771118164,9.989999771118164,9.350000381469728,9.359999656677246,3.004427671432495,49559500,3.5168313590035067,-0.0691352943156539,-0.0489938118262288,-0.3617899822545628,0.0235720264710173,0.0587311167593051,0.1087937752762177,-1,-1,-1
2015-01-05,0,9.140000343322754,9.1899995803833,8.529999732971191,8.5600004196167,2.747638702392578,78385100,3.394701210326686,-0.0893452019408671,-0.1918168327571945,-0.4054651081081644,0.0236959673551085,0.058946713690166,0.1093131957825017,-1,-1,-1
2015-01-06,0,8.710000038146973,8.829999923706055,8.039999961853027,8.279999732971191,2.657762289047241,84723300,3.292922082356506,-0.0332573651192122,-0.2758370734333535,-0.3973812125181807,0.0237040626941936,0.0594228804788765,0.1098052715627306,-1,-1,-1
2015-01-07,0,8.5600004196167,8.729999542236328,8.359999656677246,8.670000076293945,2.782947540283203,85531000,3.224618673215338,0.0460261082765409,-0.1742148711375009,-0.3391051043101568,0.023732218887711,0.0595917748445387,0.1101420611932026,1,-1,-1
2015-01-08,0,8.789999961853027,9.390000343322754,8.739999771118164,9.229999542236328,2.962699174880981,83306300,3.313011304053899,0.0625901039224585,-0.107741302475417,-0.3199301987098145,0.0237913055095516,0.0596379664509428,0.1104325263679639,1,-1,-1
2015-01-09,0,9.199999809265137,9.510000228881836,8.930000305175781,9.510000228881836,3.0525755882263184,50813100,3.2662528893835407,0.0298849531952225,-0.0532366959815111,-0.2548133243035796,0.0237978449027946,0.0596289418270853,0.1105921886141752,1,-1,-1
2015-01-12,0,9.270000457763672,9.579999923706056,8.789999961853027,8.84000015258789,2.837515115737915,58728900,3.2841461726353907,-0.0730569794981991,-0.0571583811640564,-0.3205081915084102,0.0238759948938077,0.0596225161696301,0.1108809434568627,-1,-1,-1
2015-01-13,0,8.899999618530273,9.390000343322754,8.850000381469727,9.09000015258789,2.9177610874176025,65834800,3.487440775494273,0.0278878613663657,0.0600746821431763,-0.2360414897549166,0.023880456785087,0.059628086977722,0.1110074258433496,1,1,-1
2015-01-14,0,8.880000114440918,8.960000038146973,8.640000343322754,8.90999984741211,2.8599841594696045,55736500,3.644035342807854,-0.020000485122571,0.0733315621398176,-0.2481918985069925,0.0238769324499345,0.0596466438732095,0.1111530909500992,-1,1,-1
2015-01-15,0,9.0,9.390000343322754,8.869999885559082,9.3100004196167,2.988378524780273,80907800,3.9473273777222975,0.0439148547310674,0.071220308594344,-0.1558371233004171,0.0239012515653375,0.0596628646630395,0.1111749724565067,1,1,-1
2015-01-16,0,9.460000038146973,9.630000114440918,9.239999771118164,9.4399995803833,3.03010630607605,56978300,3.9944582555009847,0.0138667625188795,0.022496967190765,-0.1187243172307939,0.0238953548958015,0.059644277452717,0.1111649297519947,1,1,-1
2015-01-19,0,9.350000381469728,9.539999961853027,9.149999618530272,9.170000076293944,2.9434401988983154,30873100,3.747416306895085,-0.029018670464255,-0.0364066564687125,-0.1054696733646471,0.0238989707977428,0.0596265356537055,0.1111459583317457,-1,-1,-1
2015-01-20,0,9.600000381469728,9.850000381469728,9.149999618530272,9.3100004196167,2.988378524780273,72842900,3.732549769076543,0.0151519079453755,0.0518022309748622,0.0272200459966188,0.0238937573741425,0.0596250216747074,0.1111090827320572,1,1,1
2015-01-21,0,9.449999809265137,9.920000076293944,9.31999969482422,9.899999618530272,3.177760124206543,48003500,3.5629259628372187,0.0614456442540384,0.0853600138625348,0.0550216980435124,0.0239493499914094,0.0596571301126368,0.1110848290703769,1,1,1
2015-01-22,0,10.100000381469728,10.460000038146973,9.970000267028809,10.229999542236328,3.283685207366944,74782400,3.560446341321684,0.032789745375512,0.1381502443606179,0.0771956503010763,0.0239587352834394,0.0597724740052919,0.1110746538572754,1,1,1
2015-01-23,0,10.109999656677246,10.40999984741211,9.880000114440918,9.979999542236328,3.2034389972686768,43659400,3.5301851814146685,-0.0247414111401972,0.069493978489353,0.041949725507939,0.0239586376485505,0.0597864151206879,0.111043780617147,-1,1,1
2015-01-26,0,9.789999961853027,9.970000267028809,9.65999984741211,9.829999923706056,3.155291557312012,33202100,3.4073955452490075,-0.0151440164739298,0.0404831994965436,0.0,0.0239524410142375,0.0597766976941938,0.1110002045576751,-1,1,0
2015-01-27,0,9.720000267028809,10.369999885559082,9.529999732971191,10.140000343322754,3.254796504974365,58750400,3.4056699911920267,0.031048853117293,0.1005507230780917,-0.0224289658728054,0.0239599010490498,0.0598281908819969,0.1109551604975766,1,1,-1
2015-01-28,0,9.43000030517578,9.539999961853027,8.949999809265137,9.109999656677246,2.924180746078491,106337900,3.706376089757161,-0.107115401391804,-0.0217165862590879,-0.1803072428215562,0.024137282099445,0.0598059907534715,0.1110034374728949,-1,-1,-1
2015-01-29,0,9.050000190734863,9.079999923706056,8.34000015258789,8.670000076293945,2.782947540283203,111506300,3.842363465445141,-0.0495037223352561,-0.1326659528483824,-0.1742148711375009,0.0241664727063255,0.0598900286859409,0.1110445056236945,-1,-1,-1
2015-01-30,0,8.199999809265137,8.34000015258789,8.079999923706055,8.300000190734863,2.6641831398010254,87497200,3.962328355485484,-0.0436131358193659,-0.2090688340432603,-0.2139445422172415,0.0241866992910124,0.0601415388591485,0.1111355005324659,-1,-1,-1
2015-02-02,0,8.460000038146973,8.789999961853027,8.130000114440918,8.789999961853027,2.821464776992798,57585100,4.104403750486374,0.0573586780745722,-0.1269687448284906,-0.1319662108439858,0.0242331105133755,0.060214899607076,0.1111354140769958,1,-1,-1
2015-02-03,0,9.010000228881836,10.0,9.010000228881836,9.970000267028809,3.200228691101074,98061700,4.29516593514079,0.1259660986598344,0.0141413703052736,0.0631351821315026,0.0244863885232245,0.060193524850409,0.1111162051832122,1,1,1
2015-02-04,0,10.300000190734863,10.779999732971191,9.5600004196167,10.020000457763672,3.2162787914276123,117595000,4.742963153164949,0.0050027632150056,-0.0119047195970137,0.1574831472873754,0.0244772289134612,0.0601697601684656,0.1111868899611144,1,-1,1
2015-02-05,0,9.859999656677246,10.289999961853027,9.699999809265137,9.829999923706056,3.155291557312012,78992700,4.750271457159741,-0.0191441335202793,0.0760665482745109,0.1715963788863082,0.0244729038617509,0.0601902134753699,0.1112761854726019,-1,1,1
2015-02-06,0,9.800000190734863,9.8100004196167,8.869999885559082,9.119999885559082,2.9273900985717773,117747100,5.156710300166765,-0.0749696281823548,0.0506006424274123,0.0506006424274123,0.0245518434210453,0.060187285555883,0.1112496762463262,-1,1,1
2015-02-09,0,8.800000190734863,9.470000267028809,8.720000267028809,9.399999618530272,3.0172674655914307,72534200,5.383100004059104,0.0302403343450274,0.1244541125918056,0.0182508728499812,0.0245578307024344,0.0602752673282358,0.1112102968900111,1,1,1
2015-02-10,0,9.220000267028809,9.800000190734863,8.890000343322754,8.90999984741211,2.8599841594696045,75478700,5.432006629297603,-0.0535355229091633,0.01355991160807,-0.0651696032544045,0.0245926186597415,0.0602537422685799,0.1111727285881554,-1,1,-1
2015-02-11,0,8.9399995803833,9.1899995803833,8.8100004196167,9.079999923706056,2.9145514965057373,48681100,5.096532461749787,0.0188998612483593,-0.0935063258034052,0.0267872374921537,0.0245892522336872,0.0602806405190189,0.1111361087378504,1,-1,1
2015-02-12,0,9.350000381469728,9.539999961853027,9.270000457763672,9.449999809265137,3.0333168506622314,61706000,4.852186084627483,0.0399407435745247,-0.0585683454438862,0.0388401197003128,0.024606422517052,0.0602750900312315,0.1111041704193829,1,-1,1
2015-02-13,0,9.68000030517578,10.100000381469728,9.65999984741211,10.029999732971191,3.2194881439208984,72282500,4.851400489884904,0.059565694413032,0.0201414824894252,0.1184062992359158,0.0246553838808338,0.0602555979571342,0.1111292135510642,1,1,1
2015-02-18,0,10.15999984741211,10.34000015258789,10.010000228881836,10.039999961853027,3.222698450088501,42896700,4.8033194894662765,0.0009966511793757,0.0961077618511558,0.0754880956842241,0.0246457096801678,0.0602998627257995,0.1111177692409347,0,1,1
2015-02-19,0,9.960000038146973,9.970000267028809,9.649999618530272,9.710000038146973,3.116773128509521,38492400,4.418675125129138,-0.0334208236555781,0.0324466038505502,0.0282005095097665,0.0246528998913494,0.0602855160951357,0.1110816867159268,-1,1,1
2015-02-20,0,9.81999969482422,9.899999618530272,9.529999732971191,9.640000343322754,3.0943033695220947,35272700,3.884762673348478,-0.0072354146728284,0.0787467120868849,0.0499837653011929,0.0246438208413708,0.060308344271759,0.1110549564547145,-1,1,1
2015-02-23,0,9.550000190734863,9.59000015258789,9.390000343322754,9.5,3.0493648052215576,41168500,3.639295406360445,-0.0146294899093387,0.0452173609291871,0.0202023674464787,0.0246371139684623,0.0603013947074669,0.1110163697651576,-1,1,1
2015-02-24,0,9.649999618530272,9.899999618530272,9.59000015258789,9.899999618530272,3.177760124206543,48578000,3.2616462015659025,0.0412432768075596,0.046519894162222,0.0,0.0246558050774946,0.0602953049506311,0.1109734182995136,1,1,0
2015-02-25,0,9.100000381469728,9.399999618530272,9.0,9.399999618530272,3.0172674655914307,96303900,3.403956403452713,-0.0518249760759426,-0.0648707763267525,-0.0846147214514546,0.0246873951377258,0.0602945753661141,0.1109440179360472,-1,-1,-1
2015-02-26,0,9.399999618530272,9.520000457763672,9.15999984741211,9.229999542236328,2.962699174880981,44179900,3.235341682282832,-0.0182508728499812,-0.0841183003561096,-0.0781241831612385,0.0246824583795178,0.0603111566658905,0.1109117759300682,-1,-1,-1
2015-02-27,0,9.300000190734863,9.640000343322754,9.100000381469728,9.550000190734863,3.065414428710937,46969600,3.239504097099607,0.0340820373015936,-0.0166154393989377,-0.028898129385715,0.0246922793091696,0.0602881822099384,0.1108677780257895,1,-1,-1
2015-03-02,0,9.4399995803833,9.710000038146973,9.270000457763672,9.420000076293944,3.023686170578003,38009000,3.0961481517221525,-0.013706100169159,-0.0230861248952683,-0.073653082672167,0.0246851842786881,0.0602664377079439,0.110833815605854,-1,-1,-1
2015-03-03,0,9.6899995803833,9.800000190734863,9.520000457763672,9.56999969482422,3.0718352794647217,42133600,2.891203539834926,0.0157985205208649,0.0073418855349353,0.0492608392405018,0.0246799563124241,0.0602438201442294,0.1108070311448526,1,1,1
2015-03-04,0,9.40999984741211,9.449999809265137,9.210000038146973,9.270000457763672,2.975539207458496,48308500,2.902118371763021,-0.0318499251028923,-0.0657513163755167,0.0669146364728656,0.024685448389751,0.060243725293837,0.1107901845584135,-1,-1,1
2015-03-05,0,9.3100004196167,9.380000114440918,9.15999984741211,9.239999771118164,2.965909242630005,52913800,2.9754674275901776,-0.0032416247795908,-0.0171679650791649,0.1072861475126407,0.0246758715795396,0.0602209228398048,0.1108043908387713,-1,-1,1
2015-03-06,0,9.199999809265137,9.350000381469728,9.170000076293944,9.25,2.969118595123291,27181900,2.9190387515505978,0.0010814954516926,0.002164403222509,0.0510089648897611,0.0246662888603943,0.0601976825358032,0.1107784539676579,0,0,1
2015-03-09,0,9.130000114440918,9.18000030517578,8.899999618530273,8.920000076293945,2.86319351196289,37625700,2.8837028258945283,-0.0363275249930601,-0.0682451590721447,-0.1112846587631335,0.0246764519024951,0.0601995764189314,0.1107643016995203,-1,-1,-1
2015-03-10,0,8.829999923706055,8.979999542236328,8.510000228881836,8.520000457763672,2.73479962348938,72090500,2.968597079704361,-0.045879445074484,-0.1004185039774697,-0.1621668670526232,0.0246986705138165,0.0602343244277614,0.1107926125030082,-1,-1,-1
2015-03-11,0,8.670000076293945,8.829999923706055,8.579999923706055,8.739999771118164,2.805415391921997,44035300,2.637151655997221,0.0254934484386313,-0.0907235760597035,-0.1175292850937126,0.0247001265826458,0.0602576036333365,0.1107825607009855,1,-1,-1
2015-03-12,0,8.970000267028809,9.079999923706056,8.4399995803833,8.470000267028809,2.718750476837158,63029900,2.717456270281377,-0.0313792265789877,-0.0902528775357988,-0.0739388834903454,0.0247050539092172,0.0602802475029841,0.1107489561064621,-1,-1,-1
2015-03-13,0,8.25,8.390000343322754,8.15999984741211,8.34000015258789,2.6770224571228027,72933500,2.8191760286670373,-0.0154672378261838,-0.1024784905823918,-0.1196464556615567,0.0246987203070646,0.0603171007227746,0.1107403541748309,-1,-1,-1
2015-03-16,0,8.489999771118164,8.5,8.1899995803833,8.390000343322754,2.6930713653564453,53380500,2.876382650887239,0.0059771603793231,-0.0975828256547612,-0.0601337723730703,0.0246898814469376,0.0603478243071601,0.1107021790080245,1,-1,-1
2015-03-17,0,8.350000381469727,8.930000305175781,8.319999694824219,8.859999656677246,2.843934774398804,63896300,2.9801384637029544,0.054506263422705,-0.0067490372389962,-0.0245273701987245,0.0247287750440495,0.0603242678344008,0.1106584746329202,1,-1,-1
2015-03-18,0,8.850000381469727,9.289999961853027,8.670000076293945,9.199999809265137,2.9530699253082275,65324600,3.077693157705129,0.0376567046759214,0.0767871125114093,-0.0268114090973276,0.0247426010762227,0.0603450757139154,0.1106149074025771,1,1,-1
2015-03-19,0,9.18000030517578,9.229999542236328,8.850000381469727,8.920000076293945,2.86319351196289,42857200,3.009773788623998,-0.0309076674369252,0.0203859966358526,-0.1172847709472849,0.0247470632890389,0.0603260460138335,0.1106046936643233,-1,1,-1
2015-03-20,0,9.079999923706056,9.350000381469728,8.960000038146973,9.220000267028809,2.959489345550537,65339300,3.2333297740696265,0.0330791205998077,0.0848443438146483,-0.0852023015268529,0.0247556263740464,0.060355745596645,0.1105759851651804,1,1,-1
2015-03-23,0,9.300000190734863,9.4399995803833,9.199999809265137,9.329999923706056,2.994797706604004,34124600,3.222350098309227,0.0118599505235237,0.1121715321643558,-0.0399215273477511,0.0247485970449192,0.060422032831562,0.1105337436133397,1,1,-1
2015-03-24,0,9.369999885559082,9.449999809265137,9.220000267028809,9.420000076293944,3.023686170578003,36392400,3.0494935406039825,0.0095999877796543,0.1157943595646869,-0.0230861248952683,0.0247407476323657,0.0604935799368783,0.1104902402646844,1,1,-1
2015-03-25,0,9.649999618530272,9.890000343322754,9.529999732971191,9.800000190734863,3.1456613540649414,84659600,3.332792503990015,0.0395474821450774,0.1008355782870595,0.0310908471591477,0.024756777738684,0.0605429137439108,0.1104562666193581,1,1,1
2015-03-26,0,9.920000076293944,9.960000038146973,9.3100004196167,9.329999923706056,2.994797706604004,58862000,3.342549529728892,-0.0491474699247317,0.0140314036864061,-0.0592998995731435,0.0247835224374202,0.0605218849531429,0.110418184746371,-1,1,-1
2015-03-27,0,9.300000190734863,9.609999656677246,9.170000076293944,9.359999656677246,3.004427671432495,51152500,3.2600824423549404,0.0032104055082994,0.0481494766316309,-0.0042645179889013,0.0247742123401027,0.0605169226716,0.1103757519862152,1,1,0
2015-03-30,0,9.5,9.75,9.420000076293944,9.710000038146973,3.116773128509521,33372200,3.181220181694777,0.0367111218394516,0.0517814778712747,0.0506974767005313,0.0247867126232046,0.060514521204576,0.1103504681377284,1,1,1
2015-03-31,0,9.579999923706056,9.920000076293944,9.470000267028809,9.65999984741211,3.1007232666015625,46908300,3.109256532442308,-0.0051628168440556,0.0347587105036954,0.0114526225548821,0.0247774301002555,0.0605014640518373,0.1103108114144981,-1,1,1
2015-04-01,0,9.93000030517578,10.369999885559082,9.869999885559082,10.260000228881836,3.2933149337768555,59374600,3.114477408024099,0.060259240081109,0.0854179628051502,0.0854179628051502,0.0248259977805843,0.0605308766768619,0.1103073861362071,1,1,1
2015-04-02,0,10.170000076293944,10.720000267028809,10.170000076293944,10.6899995803833,3.4313385486602783,69001800,3.3408022331672407,0.0410557963077513,0.0869262769678239,0.1106752385920365,0.0248436696681273,0.0605619111140383,0.110325122205982,1,1,1
2015-04-06,0,10.800000190734863,10.989999771118164,10.68000030517578,10.710000038146973,3.4377591609954834,45227600,3.2656198890842703,0.0018694199664795,0.1379431668590351,0.1443945836614084,0.0248342179551284,0.0606693346720464,0.110378045724539,0,1,1
2015-04-07,0,10.600000381469728,10.960000038146973,10.460000038146973,10.920000076293944,3.5051658153533936,61721500,3.492118810732851,0.0194179751591919,0.1541507365099277,0.167054183600191,0.0248310085966174,0.0608073255713712,0.1104589030687639,1,1,1
2015-04-08,0,11.100000381469728,11.329999923706056,10.489999771118164,10.56999969482422,3.39281964302063,73904600,3.771315631444176,-0.0325764988187575,0.0848631158517185,0.1333961893297408,0.0248370702352238,0.0608351985046323,0.1104989094706022,-1,1,1
2015-04-09,0,10.699999809265137,11.600000381469728,10.579999923706056,11.579999923706056,3.7170159816741934,79280800,3.827624098940188,0.0912598621414176,0.1812857948371918,0.2609835764642187,0.0249582752514621,0.0610312973139517,0.1107339850484522,1,1,1
2015-04-10,0,11.520000457763672,11.93000030517578,11.270000457763672,11.8100004196167,3.790842056274414,70021600,4.004542769441684,0.019666981930601,0.140693536686684,0.3265300034693039,0.024955111202954,0.0611413988693078,0.1111119718469365,1,1,1
2015-04-13,0,11.970000267028809,12.75,11.899999618530272,12.270000457763672,3.9384963512420654,104809600,4.518680824047661,0.0382108408745334,0.137848581253466,0.3392473959052062,0.0249688430312905,0.0612457809171002,0.1115187320358088,1,1,1
2015-04-14,0,12.670000076293944,12.739999771118164,11.970000267028809,12.460000038146973,3.999483346939087,87127100,5.00373274314538,0.0153661757849537,0.1513453370719403,0.3859927982691476,0.0249632430632022,0.0613748683433155,0.1120466960687515,1,1,1
2015-04-15,0,12.699999809265137,13.380000114440918,12.470000267028809,13.34000015258789,4.281951427459717,103042800,5.590626393471024,0.0682436571670844,0.200171019079833,0.469703693262416,0.0250264624720751,0.0616131076474494,0.1128284713033133,1,1,1
2015-04-16,0,13.25,13.329999923706056,12.520000457763672,12.979999542236328,4.166396141052246,109852700,6.110801296036958,-0.0273574192945627,0.2053900986040278,0.4363691135885301,0.0250277800361611,0.0618630828312298,0.1134948515059535,-1,1,1
2015-04-17,0,12.609999656677246,13.239999771118164,12.520000457763672,12.949999809265137,4.15676736831665,71274400,6.228869838888054,-0.0023137301148223,0.1118165063477877,0.3795491200510028,0.0250182520354412,0.0619228163029747,0.1139904641802296,0,1,1
2015-04-20,0,13.229999542236328,13.380000114440918,13.020000457763672,13.06999969482422,4.195284843444824,52514600,6.357513584117742,0.0092235410459365,0.1013730654631233,0.3511159564210179,0.0250101895373483,0.0619679712866105,0.1144084964177108,1,1,1
2015-04-22,1,13.1899995803833,13.289999961853027,12.65999984741211,13.0,4.172815799713135,65914800,6.474001987811157,-0.0053701786553978,0.0577920459331921,0.3766534452025454,0.0250009791014966,0.0619678815536546,0.1148893812977212,-1,1,1
2015-04-23,0,12.300000190734863,13.260000228881836,11.890000343322754,12.869999885559082,4.131087303161621,182613700,7.473370760847347,-0.010050417806349,0.0323754523418892,0.3335239067963885,0.0249927834460132,0.0619523395832902,0.1152588622203808,-1,1,1
2015-04-24,1,13.1899995803833,13.779999732971191,13.15999984741211,13.220000267028809,4.243432521820068,106143700,7.78237085738733,0.026831856908097,-0.0090363479170982,0.3484958131809619,0.0249947905108129,0.0619287909637853,0.1156618206213503,1,-1,1
2015-04-27,0,12.949999809265137,13.119999885559082,12.510000228881836,12.520000457763672,4.01874303817749,53111300,7.679189034547315,-0.0544033220953695,-0.0360822507179049,0.2844925033059381,0.025029223606257,0.0619114595401887,0.1159199122158183,-1,-1,1
2015-04-28,0,12.760000228881836,12.869999885559082,12.25,12.770000457763672,4.098989009857178,60884300,7.355301984189808,0.0197711836750348,-0.0139973369280478,0.2647162048358954,0.0250260649227261,0.0618884186663083,0.1161382799047614,1,-1,1
2015-04-29,0,12.579999923706056,12.93000030517578,12.529999732971191,12.81999969482422,4.1150383949279785,35821900,6.956356853878388,0.0039078042241586,-0.0193130737498257,0.3177714789847858,0.0250168676323107,0.061866230077277,0.1164636883666268,1,-1,1
2015-04-30,0,12.829999923706056,13.149999618530272,12.800000190734863,13.0600004196167,4.192076206207275,48515300,6.484411723568771,0.0185479612489852,0.0046050661545572,0.3331090347254717,0.025012973078585,0.061843092654435,0.1168217068802527,1,0,1
2015-05-04,0,13.3100004196167,13.850000381469728,13.300000190734863,13.789999961853027,4.426394939422607,55651100,6.065026284442447,0.0543893435143485,0.0690448274752546,0.3507872564003684,0.0250494205789563,0.0618524214039023,0.1172190513609924,1,1,1
2015-05-05,0,13.699999809265137,14.609999656677246,13.670000076293944,14.43000030517578,4.631825923919678,76329800,6.178675250698111,0.0453656890432105,0.0875786596103683,0.4013157622876347,0.0250719142365614,0.0618804476158928,0.1177432455193007,1,1,1
2015-05-06,0,14.75,14.949999809265137,13.56999969482422,13.789999961853027,4.426394939422607,72197500,6.375634745674494,-0.0453656890432106,0.0966162926625271,0.2956908331633152,0.0250926929002633,0.0619189989121446,0.1180132230524253,-1,1,1
2015-05-07,0,13.800000190734863,14.050000190734863,13.329999923706056,13.65999984741211,4.384666919708252,44978900,6.221194205360814,-0.0094718054079016,0.0673733035795906,0.2451632314476621,0.0250843679350625,0.0619265787124449,0.1181879237577809,-1,1,1
2015-05-08,0,14.039999961853027,14.09000015258789,13.359999656677246,13.510000228881836,4.336518287658691,43687900,5.10020697447704,-0.011041875640963,0.0524236237144689,0.2322519358402195,0.0250765070051458,0.0619224244862091,0.1183405202891506,-1,1,1
2015-05-11,0,13.68000030517578,13.829999923706056,13.43000030517578,13.770000457763672,4.419975280761719,28040500,4.452395151988894,0.0190623152054731,0.0529379776709568,0.2318962758865007,0.0250728710285088,0.0619186025731199,0.1184918145757505,1,1,1
2015-05-12,0,13.699999809265137,14.0600004196167,13.630000114440918,13.729999542236328,4.407135963439941,30765100,4.297911226758986,-0.0029090664026201,-0.0043604322460117,0.2615637083026383,0.0250634722695759,0.0618951111281102,0.1186924514328022,-1,0,1
2015-05-13,0,13.869999885559082,14.130000114440918,13.75,13.979999542236328,4.4873809814453125,45346800,4.206485052269188,0.0180441941385759,-0.0316819271506465,0.1883480402997964,0.0250592539208553,0.0618764347667373,0.1187791601617527,1,-1,1
2015-05-14,0,14.100000381469728,14.229999542236328,13.760000228881836,13.899999618530272,4.461702823638916,49457700,4.351846099932534,-0.0057387390346267,0.0079450228579374,0.1629423193345686,0.0250501917811053,0.0618538261314619,0.1188344296611316,-1,1,1
2015-05-15,1,13.920000076293944,14.119999885559082,13.609999656677246,14.039999961853027,4.506641387939453,54224100,4.433178404238395,0.0100216805584933,0.0274385088243324,0.1347531590185285,0.0250424461788236,0.0618363481170844,0.1188599168111399,1,1,1
2015-05-18,0,14.640000343322754,14.649999618530272,13.520000457763672,13.699999809265137,4.397506237030029,82200400,4.661652073537696,-0.0245145568046894,0.013965827660606,0.0948724264288852,0.0250416047448923,0.0618148634268085,0.1188522861144571,-1,1,1
2015-05-19,0,13.550000190734863,13.59000015258789,12.789999961853027,12.890000343322754,4.137507915496826,70521100,4.539094791644839,-0.0609439621288879,-0.066040449673755,-0.0343151928670873,0.0250868005613974,0.0618152577875298,0.1188082007041535,-1,-1,-1
2015-05-20,0,12.760000228881836,13.119999885559082,12.630000114440918,12.84000015258789,4.121458053588867,43164900,4.2579801007262015,-0.0038866565553761,-0.067018039826511,-0.0108444301279007,0.0250775157564402,0.0618163652640614,0.1187627994038733,-1,-1,0
2015-05-21,0,12.859999656677246,13.520000457763672,12.859999656677246,13.479999542236328,4.3268890380859375,53682900,4.327553122374503,0.048641819581587,-0.0364204143835,0.0401111195685086,0.0251045017215166,0.0617995359203567,0.1187266798419734,1,-1,1
2015-05-22,0,13.520000457763672,13.649999618530272,12.920000076293944,13.06999969482422,4.195284843444824,53753700,4.399102960745249,-0.030887578522572,-0.0615692538714454,0.0,0.0251087559379705,0.0617965788072385,0.1186819410340435,-1,-1,0
2015-05-25,0,12.979999542236328,13.010000228881836,12.720000267028809,12.829999923706056,4.118247985839844,24377600,4.352382940213206,-0.0185334115527357,-0.0901243459826744,-0.013163232897338,0.0251041041073414,0.0618186446205797,0.11863666883623,-1,-1,-1
2015-05-26,0,12.800000190734863,12.859999656677246,12.359999656677246,12.390000343322754,3.977015018463135,44844200,4.437230042690796,-0.034896284215167,-0.1005060733931519,-0.0380090993061559,0.0251121757456163,0.061852146332922,0.1185933791430813,-1,-1,-1
2015-05-27,0,12.5,12.65999984741211,12.289999961853027,12.539999961853027,4.025163173675537,47223300,4.410627310664188,0.0120339075443104,-0.0275282037199536,-0.0528070486699426,0.0251051793962163,0.0618322424308293,0.1185531673257972,1,-1,-1
2015-05-28,0,12.470000267028809,12.81999969482422,12.399999618530272,12.649999618530272,4.060471057891846,96419400,4.749623452918215,0.0087335409022435,-0.0149080062623338,0.0103298143276704,0.0250970983104239,0.0618097158942386,0.1185098744226092,1,-1,0
2015-05-29,0,12.710000038146973,12.779999732971191,12.300000190734863,12.329999923706056,3.957755088806152,75971600,4.861353971221336,-0.0256220232411166,-0.0891718490850373,-0.0350633925884809,0.0250969758846853,0.0618305393664082,0.1184662940568863,-1,-1,-1
2015-06-01,0,12.43000030517578,12.649999618530272,12.25,12.359999656677246,3.967384338378906,40498000,4.462903419414507,0.0024300529725048,-0.0558542175899606,-0.0365411438401348,0.0250877343535606,0.0618235953521556,0.1184229726643161,0,-1,-1
2015-06-02,0,12.550000190734863,12.949999809265137,12.470000267028809,12.880000114440918,4.134297847747803,47041600,4.269839660061908,0.0412104862564641,0.0038896802192393,-0.0138786188326558,0.025104492771784,0.0618007896529668,0.1183780051050712,1,0,-1
2015-06-03,0,12.960000038146973,13.100000381469728,12.720000267028809,12.789999961853027,4.105408668518066,90062100,4.650498863775207,-0.0070122151920869,0.0317737492423194,-0.0752801775390911,0.0250957157456427,0.0617854257279777,0.1183452946803133,-1,1,-1
2015-06-05,0,12.579999923706056,12.779999732971191,12.420000076293944,12.56999969482422,4.034791469573975,36719100,4.483570947951924,-0.0173506718069684,0.0023891698910407,-0.1379965383892701,0.0250904853835823,0.0617625342938731,0.1183499641816094,-1,0,-1
2015-06-08,0,12.609999656677246,12.770000457763672,12.470000267028809,12.56999969482422,4.034791469573975,23667600,4.225580962303446,0.0,-0.0063443710112029,-0.0926308493460595,0.0250811354060412,0.0617394464657548,0.1183250610072991,0,-1,-1
2015-06-09,0,12.609999656677246,13.170000076293944,12.56999969482422,13.0,4.172815799713135,88228800,4.756905261765447,0.0336364396771538,0.0529140919070676,-0.0495226042610039,0.0250892712033029,0.0617360159129343,0.1182843578988878,1,1,-1
2015-06-10,0,13.300000190734863,13.4399995803833,12.920000076293944,13.079999923706056,4.198493480682373,45583600,4.782772846873359,0.0061347062066232,0.0566187451411858,-0.0323460224134178,0.0250806126923495,0.0617351961805264,0.1182407144751348,1,1,-1
2015-06-11,0,13.130000114440918,13.140000343322754,12.850000381469728,13.100000381469728,4.204914569854736,35341600,4.700479484568596,0.0015282110266249,0.0169364699113466,-0.0498801265922658,0.0250713507721588,0.0617147863736524,0.1182001803583421,0,1,-1
2015-06-12,0,12.859999656677246,13.039999961853027,12.829999923706056,13.020000457763672,4.179235935211182,30067700,4.172967657947739,-0.0061255376847668,0.0178231474186667,-0.0530965978744125,0.0250624733554942,0.0616946251854445,0.118160461199006,-1,1,-1
2015-06-15,0,12.970000267028809,13.09000015258789,12.899999618530272,13.010000228881836,4.176025867462158,31713200,3.839132139604272,-0.0007683943322852,0.0344054248933499,-0.0719091863452737,0.0250531618395108,0.061680507465395,0.1181266248658342,0,1,-1
2015-06-16,0,13.039999961853027,13.479999542236328,12.90999984741211,13.380000114440918,4.294790744781494,49988000,3.946315638561472,0.0280427887162955,0.0624482136096455,-0.0381276585943514,0.0250560537299156,0.0616841193355667,0.1180839480442148,1,1,-1
2015-06-17,0,13.5,13.59000015258789,13.119999885559082,13.140000343322754,4.217753410339356,40920200,3.90287488949373,-0.0181002145210821,0.0107115594114095,-0.0662495536739269,0.0250512732753339,0.0616624342356448,0.1180481839008894,-1,1,-1
2015-06-18,0,13.279999732971191,13.449999809265137,13.149999618530272,13.449999809265137,4.317258834838867,26832100,3.399070136336441,0.0233180528128087,0.0278949060175951,-0.0184169440564287,0.0250504777829035,0.061645574018315,0.1180037932717633,1,1,-1
2015-06-19,0,13.3100004196167,13.4399995803833,13.100000381469728,13.149999618530272,4.220964431762695,36247800,3.408687373263503,-0.0225570316154198,0.0038096633755502,0.0199699864570395,0.0250483048051502,0.0616230062664953,0.1179630569378582,-1,0,1
2015-06-22,0,13.300000190734863,13.369999885559082,13.130000114440918,13.170000076293944,4.227383613586426,22567300,3.408502447472146,0.0015196303524851,0.0114548314128023,0.0253762733649008,0.0250391019129234,0.0616015200916272,0.1179236230502586,0,1,1
2015-06-23,0,13.270000457763672,13.43000030517578,12.949999809265137,12.970000267028809,4.163186550140381,48007400,3.074553973797159,-0.0153024919452737,-0.0030792662001862,-0.0385680381619598,0.025033013340433,0.061578653018082,0.1178812537133646,-1,0,-1
2015-06-24,0,13.0600004196167,13.350000381469728,13.050000190734863,13.220000267028809,4.243432521820068,39613200,3.028347496572004,0.0190917200857381,-0.0120303348307436,0.0114112604463502,0.0250295129429547,0.0615562133344991,0.1178390378350807,1,-1,0
2015-06-25,0,13.229999542236328,13.239999771118164,12.520000457763672,12.600000381469728,4.044422149658203,48369000,3.1216399417950824,-0.0480338139182212,-0.0419639342278828,-0.0180891419191353,0.0250533761715716,0.06154214487397,0.1177948847278678,-1,-1,-1
2015-06-26,0,12.65999984741211,13.210000038146973,12.640000343322754,13.210000038146973,4.240223407745361,34536800,3.16288027165571,0.0472772735176174,-0.0180047135230741,0.0640844158136492,0.0250779591205249,0.061520550826864,0.1177700685012148,1,-1,1
2015-06-29,0,13.0,13.59000015258789,12.619999885559082,12.850000381469728,4.124667644500732,63175500,3.4171488672864903,-0.0276305128512528,-0.023078194758907,0.024419995418086,0.0250794172119565,0.0614999966137372,0.1177306058433679,-1,-1,1
2015-06-30,0,12.899999618530272,12.989999771118164,12.649999618530272,12.6899995803833,4.073309898376465,32876500,3.2568765817623517,-0.0125295337144431,-0.0371273588258355,0.003156920801399,0.0250722445911729,0.0614838906272092,0.1176874520298066,-1,-1,0
2015-07-01,0,12.800000190734863,12.850000381469728,12.010000228881836,12.15999984741211,3.903187990188599,62627200,3.399454419256809,-0.0426622591954724,-0.0644871260760342,-0.0138833151529567,0.0250888881658764,0.061483209418907,0.1176434320559691,-1,-1,-1
2015-07-02,0,12.350000381469728,12.529999732971191,12.15999984741211,12.350000381469728,3.964174747467041,37421500,3.463951283591139,0.0155040465148381,-0.0680747996469341,-0.0008093216106233,0.0250835033025716,0.0614851807265265,0.1175999974481176,1,-1,0
2015-07-03,0,12.25,12.3100004196167,11.68000030517578,11.760000228881836,3.774793148040772,31574500,3.396856579263911,-0.0489521131367341,-0.0689930988654469,-0.0909719210038215,0.0251083899520417,0.0614878234433716,0.1175749814304236,-1,-1,-1
2015-07-06,0,11.510000228881836,11.729999542236328,11.279999732971191,11.510000228881836,3.694547414779663,51206800,3.582951008214496,-0.0214875249317682,-0.1377578973148326,-0.105447230743503,0.0251054708955291,0.061572224759847,0.1175577156012317,-1,-1,-1
2015-07-07,0,11.359999656677246,11.850000381469728,10.81999969482422,11.770000457763672,3.778003215789795,72452800,3.729514683063933,0.0223375592204416,-0.0877898252431382,-0.065758999716093,0.0251040336943591,0.0615913691134316,0.1175223956055895,1,-1,-1
2015-07-08,0,11.619999885559082,11.989999771118164,11.329999923706056,11.460000038146973,3.678497791290283,44001500,3.717139806197521,-0.0266911603149603,-0.1019514518436554,-0.0924501600310534,0.0251046742982476,0.061625750104057,0.117498124920624,-1,-1,-1
2015-07-10,0,11.899999618530272,11.979999542236328,11.75,11.8100004196167,3.790842056274414,30885900,3.561293889443705,0.0300837129004818,-0.0292054797477012,-0.0960028868077255,0.0251093324810239,0.0616067799479961,0.1174756612393545,1,-1,-1
2015-07-13,0,11.869999885559082,11.93000030517578,11.579999923706056,11.789999961853027,3.784422874450684,29585400,3.4928764477949485,-0.0016947746168342,-0.0464043008793736,-0.1038323676311828,0.0251001472202965,0.0615947007510682,0.1174574494207606,0,-1,-1
2015-07-14,0,11.6899995803833,12.079999923706056,11.579999923706056,11.989999771118164,3.848621129989624,37058500,3.258825440307718,0.0168215378586698,0.0193693501160303,-0.0885390407991379,0.0250954413765058,0.061575417012922,0.1174312862447476,1,1,-1
2015-07-15,0,11.960000038146973,12.0600004196167,11.720000267028809,11.779999732971191,3.78121280670166,33375100,3.243511285974213,-0.0176701295902685,0.0231867454575299,-0.1000836327046397,0.0250904544412074,0.0615573150228318,0.1174109782586048,-1,1,-1
2015-07-16,0,11.890000343322754,11.989999771118164,11.81999969482422,11.989999771118164,3.848621129989624,26442500,2.9603999400892205,0.0176701295902685,0.018519315827357,-0.0816451087820859,0.0250862043624078,0.0615378294086533,0.1173817362637694,1,1,-1
2015-07-17,0,11.81999969482422,11.899999618530272,11.390000343322754,11.40999984741211,3.6624486446380615,39929900,2.9562247456820723,-0.0495829837916667,-0.0043725076493492,-0.1592708812900482,0.0251117896073117,0.0615152674721167,0.1174045456612237,-1,0,-1
2015-07-20,0,11.460000038146973,11.539999961853027,10.75,10.789999961853027,3.4634363651275635,48763200,3.054844507117312,-0.0558706869875422,-0.0903269075373733,-0.1970413537565084,0.0251467443415594,0.0615367902999401,0.1174662239080877,-1,-1,-1
2015-07-21,0,10.90999984741211,11.239999771118164,10.600000381469728,10.729999542236328,3.4441781044006348,40357600,2.9552600890989043,-0.0055759656851254,-0.0942080986056645,-0.2259353722544425,0.0251379054079848,0.0615622650365799,0.1175634545971979,-1,-1,-1
2015-07-22,0,10.609999656677246,10.720000267028809,10.329999923706056,10.359999656677246,3.3254127502441406,30155200,2.611093359897948,-0.0350914978149569,-0.1461211342792915,-0.2384698384539798,0.0251457962193061,0.0616589074482766,0.1176773894306895,-1,-1,-1
2015-07-23,0,10.220000267028809,10.5600004196167,10.119999885559082,10.119999885559082,3.24837613105774,50696500,2.616692702749412,-0.0234385823236612,-0.1518895870126841,-0.2634280511301262,0.0251440512362996,0.0617649425216968,0.1178277777247414,-1,-1,-1
2015-07-24,0,10.170000076293944,10.229999542236328,9.760000228881836,10.029999732971191,3.2194881439208984,45143700,2.672760022338751,-0.0089328340864179,-0.1784925506893706,-0.2570583932712704,0.025135851048448,0.0619208305660348,0.1179676898012361,-1,-1,-1
2015-07-27,0,9.960000038146973,9.989999771118164,9.5,9.5,3.0493648052215576,54768800,2.7819863520746644,-0.0542890770583695,-0.1831986439560733,-0.330439190415378,0.0251680057604422,0.0620855784428301,0.118234595746616,-1,-1,-1
2015-07-28,0,9.6899995803833,10.220000267028809,9.609999656677246,10.020000457763672,3.2162787914276123,72306100,2.9604356929610907,0.0532917280892237,-0.0740362288793073,-0.2291136484079328,0.0252011581193571,0.0620910138266821,0.1183332692098422,1,-1,-1
2015-07-29,0,10.010000228881836,10.770000457763672,9.90999984741211,10.699999809265137,3.4345486164093018,88194700,3.3110754832445943,0.0656604734445699,-0.0027997897496119,-0.2107304484809804,0.0252555991499116,0.0620684082579793,0.1184081352369729,1,0,-1
2015-07-30,0,10.829999923706056,10.93000030517578,10.239999771118164,10.420000076293944,3.344671726226806,47498400,3.424375507500801,-0.0265169597631863,0.0057747483021585,-0.209616895392914,0.0252559445492408,0.0620464720775548,0.1184813241015168,-1,0,-1
2015-07-31,0,10.479999542236328,10.699999809265137,10.31999969482422,10.489999771118164,3.3671417236328125,37462200,3.3844905540524253,0.0066956811365479,0.0359090117623678,-0.1903916805419228,0.0252475916672864,0.062033659321486,0.1185322199338741,1,1,-1
2015-08-03,0,10.359999656677246,10.40999984741211,9.949999809265137,10.029999732971191,3.2194881439208984,41499600,3.314484342000039,-0.0448418458487857,0.0,-0.1925712671952362,0.0252662605808331,0.062011237361381,0.1185852512682154,-1,0,-1
2015-08-04,0,10.140000343322754,10.449999809265137,10.100000381469728,10.15999984741211,3.261216402053833,30786900,3.237899814704467,0.0128778698421479,0.0671669469005174,-0.1951974438679264,0.0252598008854372,0.062019099615839,0.1186409295011407,1,1,-1
2015-08-05,0,10.40999984741211,10.550000190734863,10.010000228881836,10.010000228881836,3.2130682468414307,43759700,3.317913930565393,-0.0148739344923513,-0.0009987156810576,-0.1611192652235435,0.025253489900317,0.0619966617551464,0.1186622315343211,-1,0,-1
2015-08-06,1,9.859999656677246,10.390000343322754,9.739999771118164,10.34000015258789,3.31899356842041,60293400,3.3882204331624424,0.0324352741743713,-0.034223914951256,-0.1071964661174038,0.0252601855928666,0.0619792184094229,0.1186441475365978,1,-1,-1
2015-08-07,0,10.25,10.550000190734863,9.68000030517578,9.6899995803833,3.1103525161743164,65832700,3.506131690329247,-0.0649255259097219,-0.0726324810977915,-0.1944595512475673,0.0253097764365292,0.0619836059056541,0.1186984834519186,-1,-1,-1
2015-08-10,0,9.8100004196167,10.029999732971191,9.56999969482422,9.989999771118164,3.206648349761963,51017800,3.4993576121249297,0.0304901948409536,-0.0488379673933858,-0.1372781960916532,0.0253146369781808,0.0619724253182702,0.1186999072320442,1,-1,-1
2015-08-11,0,9.789999961853027,9.979999542236328,9.470000267028809,9.979999542236328,3.2034389972686768,45648700,3.328068868645505,-0.0010013444708951,-0.0049974660154951,-0.1683632534630301,0.025305503506425,0.0619499837643986,0.1187273565375396,0,0,-1
2015-08-12,0,9.800000190734863,10.010000228881836,9.670000076293944,9.81999969482422,3.152080774307251,40039100,2.9774451940943507,-0.0161621213560554,-0.0340374572136985,-0.1828306002022514,0.0252997287093605,0.0619325129908831,0.1187688058710635,-1,-1,-1
2015-08-13,0,9.90999984741211,9.970000267028809,9.5,9.5,3.0493648052215576,31405700,2.8522401510848487,-0.0331294896868188,-0.0522930124081662,-0.23278162774774,0.0253054519279705,0.0619231963359082,0.1188687036800115,-1,-1,-1
2015-08-14,0,9.609999656677246,9.68000030517578,9.300000190734863,9.300000190734863,2.985168695449829,28018600,2.7679085378488635,-0.0212770487107377,-0.1060053352932754,-0.2363885468682094,0.0253022680655056,0.0619603108752718,0.1189729794496685,-1,-1,-1
2015-08-17,0,9.199999809265137,9.359999656677246,9.119999885559082,9.149999618530272,2.937020063400269,33125100,2.695843424353515,-0.0162607761866142,-0.0573405855701676,-0.2703194526450921,0.0252965290128603,0.0619538578821197,0.1191258947556075,-1,-1,-1
2015-08-18,0,9.0600004196167,9.199999809265137,8.819999694824219,8.989999771118164,2.885661602020264,38013600,2.714280456887797,-0.017641284990087,-0.1054720654012084,-0.2383777538435124,0.025291422055373,0.0619901243451607,0.1192318207614874,-1,-1,-1
2015-08-19,0,8.949999809265137,9.050000190734863,8.630000114440918,8.739999771118164,2.805415391921997,37036000,2.641455071824614,-0.0282025806373291,-0.1326733015676424,-0.2107096474932993,0.0252929184276042,0.0620622115494746,0.1193023044824389,-1,-1,-1
2015-08-20,0,8.640000343322754,8.960000038146973,8.5600004196167,8.6899995803833,2.7893667221069336,38857700,2.459448783080864,-0.0057370290767744,-0.1222482092883614,-0.2108707108849482,0.0252841677568174,0.0621192126903771,0.1193726679215763,-1,-1,-1
2015-08-21,0,8.600000381469727,8.640000343322754,8.289999961853027,8.300000190734863,2.6641831398010254,39848800,2.263803939978519,-0.0459170922586461,-0.1350358118601887,-0.2216963053286373,0.0253037924877977,0.0621942066273094,0.1194558091180446,-1,-1,-1
2015-08-24,0,7.760000228881836,8.170000076293945,7.53000020980835,7.889999866485596,2.532577991485596,70881000,2.295384458745369,-0.0506597435772037,-0.1644185067266547,-0.2489174665821798,0.0253296824821784,0.0623177913822727,0.1195745674179351,-1,-1,-1
2015-08-25,0,8.100000381469727,8.229999542236328,7.849999904632568,7.849999904632568,2.519738912582397,58283200,2.296625853785156,-0.0050824628718343,-0.1532401934118747,-0.2450670953675963,0.0253208455167965,0.0624210294469685,0.11968745102813,-1,-1,-1
2015-08-26,0,8.069999694824219,8.130000114440918,7.849999904632568,8.130000114440918,2.6096158027648926,43893300,2.2734857577683902,0.0350477184557843,-0.1005511899660035,-0.1557302998534425,0.0253301270455007,0.0624503820427374,0.119701211853907,1,-1,-1
2015-08-27,0,8.25,8.930000305175781,8.229999542236328,8.920000076293945,2.86319351196289,66820200,2.463085204004269,0.092734605964527,0.0203859966358526,-0.1162874219781391,0.0254446875739463,0.0624318792755295,0.1196867584834107,1,1,-1
2015-08-28,0,8.670000076293945,9.390000343322754,8.609999656677246,9.020000457763672,2.8952932357788086,77260900,2.7409861672808167,0.0111487818618265,0.0372718075744536,-0.1707991135608825,0.0254376299646804,0.0624200893818908,0.1197135702031499,1,1,-1
2015-08-31,0,8.710000038146973,9.289999961853027,8.520000457763672,9.1899995803833,2.949859857559204,76576400,2.996163093252201,0.0186712669912637,0.1018601668243636,-0.1256108868064323,0.0254339133890804,0.0624640546687028,0.1197047976095864,1,1,-1
2015-09-01,0,8.75,9.09000015258789,8.539999961853027,8.59000015258789,2.7572684288024902,52756400,3.067138418325599,-0.0675171733674728,0.0850027370340946,-0.199823741310453,0.0254870525548647,0.0624887111008387,0.1197606204827994,-1,1,-1
2015-09-02,0,8.75,8.84000015258789,8.329999923706055,8.819999694824219,2.831094264984131,56050600,3.1758424534293086,0.0264228130475364,0.1165080129534654,-0.1285590824141309,0.0254884197868394,0.0625515606310249,0.1197536234379184,1,1,-1
2015-09-03,0,8.930000305175781,9.210000038146973,8.539999961853027,8.760000228881836,2.811836242675781,56645400,3.2768198716617207,-0.0068255659178414,0.0746347285798395,-0.1482625181741204,0.0254798246779657,0.0625658286164891,0.1197607984931192,-1,1,-1
2015-09-04,0,8.600000381469727,8.760000228881836,8.510000228881836,8.510000228881836,2.731590032577514,35463400,3.2583800839553296,-0.0289538679071743,-0.047053745291862,-0.1623424515889436,0.0254817360891544,0.0625533757733698,0.1197794654898024,-1,-1,-1
2015-09-08,0,8.699999809265137,8.789999961853027,8.579999923706055,8.640000343322754,2.77331805229187,29383000,3.0638764813162376,0.015160586992715,-0.0430419401609735,-0.1796171387706,0.0254762798411279,0.0625391095988023,0.1198138226872478,1,-1,-1
2015-09-09,0,8.8100004196167,8.899999618530273,8.359999656677246,8.390000343322754,2.6930713653564453,38706300,2.979308086894941,-0.0293621423625541,-0.0910753495147915,-0.1440537552234324,0.0254785063059572,0.0625586009428566,0.1198174752191462,-1,-1,-1
2015-09-10,0,7.900000095367432,8.149999618530273,7.809999942779541,7.96999979019165,2.558257341384888,62858700,3.071108041843771,-0.0513560131255767,-0.0749141892728955,-0.2258999631899628,0.0255048690357905,0.0625637336970067,0.1199026055405578,-1,-1,-1
2015-09-11,0,7.940000057220459,7.989999771118164,7.590000152587891,7.659999847412109,2.4587514400482178,53647300,2.9532156553651774,-0.0396726242667665,-0.1410096265871984,-0.2645712429858342,0.0255166468277195,0.0626458219715798,0.1200397779728694,-1,-1,-1
2015-09-14,0,7.699999809265137,7.820000171661377,7.460000038146973,7.71999979019165,2.478010654449463,52851400,2.769221937373094,0.007802406410099,-0.1263816542592578,-0.2406067152196796,0.0255086676137378,0.0627062820596118,0.1201428915597552,1,-1,-1
2015-09-15,0,7.650000095367432,7.869999885559082,7.539999961853027,7.650000095367432,2.455542087554932,35102900,2.49203473911584,-0.0091085363478065,-0.1065363226998898,-0.2165857618806673,0.0255005353395,0.0627415770595321,0.1202155490151002,-1,-1,-1
2015-09-16,0,7.769999980926514,8.239999771118164,7.739999771118164,8.140000343322754,2.6128251552581787,66613400,2.548756016755312,0.0620845244227921,-0.0596123852698126,-0.1332241887471373,0.0255467198538648,0.0627356600279708,0.120210668464141,1,-1,-1
2015-09-17,0,8.050000190734863,8.109999656677246,7.860000133514404,7.860000133514404,2.522948741912842,72887600,2.598773543153896,-0.0350037177612374,-0.065253960668496,-0.1519671303217607,0.0255537303874505,0.0627333417641896,0.1202194672711719,-1,-1,-1
2015-09-18,0,7.75,7.760000228881836,7.5,7.599999904632568,2.439492464065552,68097000,2.61235486783973,-0.0336383419896247,-0.047536289532544,-0.1679641873212984,0.025559446811702,0.0627208737577914,0.1202415340947081,-1,-1,-1
2015-09-21,0,7.659999847412109,7.679999828338623,7.300000190734863,7.300000190734863,2.343196153640747,41063600,2.61106232026714,-0.0402741361066871,-0.0481378013724646,-0.1800357427906563,0.0255717274499064,0.0627086922227599,0.1202745429679881,-1,-1,-1
2015-09-22,0,7.239999771118164,7.239999771118164,6.809999942779541,6.96999979019165,2.237271308898926,66720700,2.7455631920947825,-0.0462589174016346,-0.1021991251841984,-0.2205576311155166,0.0255909313763214,0.0627387967753044,0.1203508258350128,-1,-1,-1
2015-09-23,0,6.960000038146973,7.159999847412109,6.699999809265137,6.820000171661377,2.1891238689422607,64774800,2.8200944343392487,-0.0217555536905142,-0.1148461425269061,-0.1963960925473847,0.0255877992251063,0.0627833954037395,0.1203997606539814,-1,-1,-1
2015-09-24,0,6.610000133514404,7.139999866485596,6.599999904632568,6.960000038146973,2.234061479568481,56577300,2.7518129523473056,0.0203198162790187,-0.1566108506706794,-0.1254165326911621,0.0255850790961479,0.0628887614340906,0.1203892831728472,1,-1,-1
2015-09-25,0,7.119999885559082,7.21999979019165,6.769999980926514,6.820000171661377,2.1891238689422607,44843100,2.684867449897438,-0.0203198162790187,-0.1419269491884608,-0.1406538860983466,0.0255811649748408,0.0629700332301044,0.1203889441199104,-1,-1,-1
2015-09-28,0,6.739999771118164,6.75,6.440000057220459,6.440000057220459,2.0671489238739014,37466900,2.578676474749158,-0.0573310775168405,-0.1656196847156765,-0.2330326820709713,0.0256156886369178,0.0630900914344965,0.1204795931026649,-1,-1,-1
2015-09-29,0,6.539999961853027,6.789999961853027,6.5,6.590000152587891,2.115297079086304,52387600,2.6275263484196127,0.023024939136651,-0.1023206094723383,-0.3027423488988475,0.0256146736081919,0.0631192755838611,0.1206717970444937,1,-1,-1
2015-09-30,0,7.25,7.260000228881836,6.96999979019165,7.239999771118164,2.32393765449524,107779500,2.779170763691056,0.0940677462613275,0.0380060541906236,-0.2198233844993465,0.0257297227163523,0.0631080491718999,0.1207454311988317,1,1,-1
2015-10-01,0,7.309999942779541,7.460000038146973,6.989999771118164,7.019999980926514,2.2533206939697266,69296500,2.72411858545117,-0.0308580196345434,0.0289035882465946,-0.2693526711251537,0.0257328247539722,0.0630927614393372,0.1208840281118005,-1,1,-1
2015-10-02,0,6.989999771118164,7.829999923706055,6.900000095367432,7.769999980926514,2.494059562683105,88891400,2.834400424802984,0.1015067371776464,0.1100905091452221,-0.1003287605800345,0.0258669551682456,0.0631463062004962,0.1208592552108694,1,1,-1
2015-10-05,0,7.900000095367432,8.140000343322754,7.75,7.820000171661377,2.5101091861724854,68350300,2.9839077429039333,0.006414523301055,0.1368248487252959,-0.120337050326516,0.0258586130190434,0.0632382782101284,0.1208449615263824,1,1,-1
2015-10-06,0,7.860000133514404,8.34000015258789,7.840000152587891,8.1899995803833,2.628873109817505,81259300,3.1115910501839608,0.0462290263486174,0.2403849525907539,-0.067282458060057,0.0258797445479427,0.0635536529188698,0.1208080707932608,1,1,-1
2015-10-07,0,8.510000228881836,8.899999618530273,8.270000457763672,8.470000267028809,2.718750476837158,116610600,3.4593029347389503,0.033617112229904,0.2509771256840069,-0.0047114779229784,0.0258868390607103,0.0638959133265401,0.1207659121331919,1,1,0
2015-10-08,0,8.460000038146973,8.84000015258789,8.279999732971191,8.75,2.808626413345337,68670000,3.591199080228089,0.0325231517170156,0.1894325311396952,0.0126510868013222,0.0258928935198558,0.064082956996118,0.1207264113192786,1,1,1
2015-10-09,0,9.020000457763672,9.06999969482422,8.579999923706055,8.800000190734863,2.8246750831604004,71885200,3.799318626560012,0.0056978002129785,0.2259883509872171,0.047711029376855,0.025884413168878,0.0643541078223903,0.1206976271939788,1,1,1
2015-10-13,0,8.359999656677246,8.470000267028809,8.069999694824219,8.130000114440918,2.6096158027648926,56100600,3.936136016089763,-0.0791903346796808,0.0452912791298899,0.0198767078227508,0.0259580704232982,0.064345623531217,0.1206598000912882,-1,1,1
2015-10-14,0,8.069999694824219,8.229999542236328,7.889999866485596,7.960000038146973,2.5550472736358643,75339100,4.098209608486934,-0.0211322826075222,0.0177444732213126,0.0384170494819949,0.0259544798450072,0.0643259997760913,0.1206275284449123,-1,1,1
2015-10-15,0,8.0,8.069999694824219,7.670000076293945,8.0,2.5678870677948,61444100,3.9142859352754593,0.0050126822592771,-0.0234718708680277,0.035627325331173,0.0259458893986181,0.064305194649573,0.1205943202749898,1,-1,1
2015-10-16,0,7.989999771118164,8.079999923706055,7.809999942779541,7.949999809265137,2.55183744430542,42963800,3.82199681574882,-0.0062697420639946,-0.0633587251619264,0.0384661196149848,0.0259372086114113,0.0643008621792915,0.1205621113969646,-1,-1,1
2015-10-19,0,7.900000095367432,7.960000038146973,7.760000228881836,7.949999809265137,2.55183744430542,40096200,3.585112985680836,0.0,-0.095881876878942,-0.0236184048078073,0.0259281694010736,0.0643227111064918,0.120519426677296,0,-1,-1
2015-10-20,0,8.0,8.1899995803833,7.96999979019165,8.050000190734863,2.583936214447021,47938700,3.490471389251178,0.0125002347228607,-0.0890794423690599,0.0238855476762909,0.0259215617570771,0.0643380403450788,0.1204827846619888,1,-1,1
2015-10-21,0,7.949999809265137,8.0600004196167,7.710000038146973,7.75,2.487640380859375,45394400,3.290665467724597,-0.037979277829581,-0.04786838551896,0.0195446118363347,0.0259309484725488,0.064325196797601,0.120445078168442,-1,-1,1
2015-10-22,0,7.820000171661377,8.109999656677246,7.809999942779541,8.020000457763672,2.5743062496185303,46174500,2.8974490366223367,0.0342454572178046,0.0075093543063668,0.0940642051608266,0.0259385621515837,0.0643036699857916,0.120441544596363,1,1,1
2015-10-23,0,8.260000228881836,8.279999732971191,7.940000057220459,7.989999771118164,2.5646767616271973,45715300,2.7473925510000594,-0.0037476283694829,-0.0012509563223932,0.1365754941929783,0.0259296403573932,0.0642813224380076,0.1204719708876155,-1,0,1
2015-10-26,0,8.050000190734863,8.130000114440918,7.800000190734863,7.849999904632568,2.519738912582397,35069500,2.5198250430882294,-0.0176771617851458,-0.0126583760435443,0.1406538860983466,0.0259243728662537,0.0642591504816751,0.1205060563017645,-1,-1,1
2015-10-27,0,7.860000133514404,7.860000133514404,7.550000190734863,7.599999904632568,2.439492464065552,44085700,2.4427280601461465,-0.0323652788995106,-0.0450236549430549,0.0879687909198172,0.0259285725999283,0.0642451157161422,0.1204982888545856,-1,-1,1
2015-10-28,0,7.869999885559082,7.949999809265137,7.860000133514404,7.949999809265137,2.55183744430542,4630900,2.084216654425565,0.045023654943055,-0.0125002347228607,0.1533122621418911,0.0259478891102628,0.0642229733156064,0.120544537920863,1,-1,1
2015-10-29,0,7.570000171661377,7.929999828338623,7.570000171661377,7.610000133514404,2.442702293395996,41336300,1.971492375677168,-0.0437087423054466,-0.0182296991987263,0.1669345973532847,0.0259633098747873,0.064201450212321,0.1206049618089012,-1,-1,1
2015-10-30,0,7.599999904632568,7.78000020980835,7.539999961853027,7.710000038146973,2.4748013019561768,36951300,1.935399666485844,0.0130551869841212,-0.0394199694324098,0.156964845200755,0.0259569363001052,0.0641852419560553,0.120654514393668,1,-1,1
2015-11-03,0,7.840000152587891,8.479999542236328,7.769999980926514,8.479999542236328,2.721959590911865,60306200,2.058090524775058,0.095191947992419,0.059519606929492,0.1580890469318466,0.0260710523361236,0.0641860169915316,0.1207050134079731,1,1,1
2015-11-04,0,8.579999923706055,8.649999618530273,8.020000457763672,8.079999923706055,2.5935654640197754,55661500,2.098750390423304,-0.0483185026885571,0.0288782660260807,0.1406285638778329,0.0260918521102273,0.0641701987430428,0.1207380489196029,-1,1,1
2015-11-05,0,8.079999923706055,8.170000076293945,7.869999885559082,8.109999656677246,2.6031949520111084,92690300,2.353461835766457,0.0037059622693784,0.0649495071949698,0.0428277889695649,0.0260831082091757,0.0641749247658159,0.1207072363004091,1,1,1
2015-11-06,0,8.039999961853027,8.079999923706055,7.730000019073486,7.820000171661377,2.5101091861724854,39680600,2.31523573559091,-0.0364132656685099,-0.016487413416595,0.0,0.0260907626689404,0.0641532853003414,0.120666069010196,-1,-1,0
2015-11-09,0,7.829999923706055,7.929999828338623,7.590000152587891,7.909999847412109,2.538998603820801,36340400,2.265675390207382,0.0114435001643463,0.038664829053198,-0.034785526184271,0.026083782369132,0.0641416619519021,0.1206243658034839,1,1,-1
2015-11-10,0,7.599999904632568,7.690000057220459,7.510000228881836,7.610000133514404,2.442702293395996,34554300,2.2578174915205618,-0.038664829053198,-0.0130551869841213,-0.1070674674673732,0.0260935895321353,0.0641197289939414,0.1206039712246696,-1,-1,-1
2015-11-11,0,7.710000038146973,7.829999923706055,7.639999866485596,7.71999979019165,2.478010654449463,44596400,2.2636980862515377,0.0143511590382682,-0.0938959759382719,-0.1252394601461204,0.026087689934979,0.0641395416701644,0.1205936768201435,1,-1,-1
2015-11-12,1,7.71999979019165,7.739999771118164,7.53000020980835,7.579999923706055,2.433073043823242,41641400,2.441287873692515,-0.0183009973412152,-0.06387847059093,-0.1492382577003142,0.0260826626182032,0.0641355841432474,0.1205996118414791,-1,-1,-1
2015-11-13,0,7.5,7.559999942779541,7.230000019073486,7.269999980926514,2.3335676193237305,67000600,2.551172519681189,-0.0417568218446734,-0.1093412547049818,-0.1118047448653068,0.0260956250935361,0.0641712044669893,0.1205816025668794,-1,-1,-1
2015-11-16,0,7.309999942779541,7.699999809265137,7.309999942779541,7.699999809265137,2.4715914726257324,56587800,2.647240056130674,0.057464000427172,-0.0154639886092999,-0.0332084618306125,0.0261316973702436,0.0641495263954776,0.1205399273418306,1,-1,-1
2015-11-17,0,7.800000190734863,7.860000133514404,7.639999866485596,7.760000228881836,2.490850687026977,52072800,2.578891296563371,0.0077620294513854,-0.0191454593222608,-0.0304591146385041,0.0261237064343269,0.0641283246335703,0.1204981157859896,1,-1,-1
2015-11-18,0,7.809999942779541,8.029999732971191,7.789999961853027,7.820000171661377,2.5101091861724854,38137700,2.482392869415986,0.0077019591579144,0.0272213288888515,-0.016487413416595,0.0261157089301231,0.0641120735383925,0.1204561126144529,1,1,-1
2015-11-19,0,7.960000038146973,7.980000019073486,7.619999885559082,7.840000152587891,2.516529560089112,51878600,2.2626621137972864,0.002554541009275,0.0154247108598583,-0.01393287240732,0.0261068949015619,0.0640923893627067,0.1204142324855045,0,1,-1
2015-11-23,0,7.900000095367432,8.100000381469727,7.849999904632568,8.079999923706055,2.5935654640197754,47415800,2.3090408972014536,0.0301527623898564,0.0638784705909299,0.0037196552596756,0.0261106472753893,0.0640963948380625,0.1203739740819291,1,1,0
2015-11-24,0,8.050000190734863,8.5,7.949999809265137,8.5,2.728379487991333,63001700,2.4670362332458486,0.0506742827439152,0.1563095751795187,0.092373215833172,0.0261366508382961,0.064215230684379,0.1203689153776592,1,1,1
2015-11-25,0,8.279999732971191,8.350000381469727,7.900000095367432,7.900000095367432,2.5357882976531982,54732800,2.574950053028437,-0.0732032845606963,0.0256422901916504,-0.0150755259453289,0.0261961741752135,0.0641983742487358,0.1203271099703283,-1,1,-1
2015-11-26,0,7.949999809265137,8.039999961853027,7.820000171661377,7.920000076293945,2.542208433151245,21697100,2.4651176963909545,0.0025286108909423,0.0204088716312072,-0.0087992866849036,0.0261873529952195,0.0641799236145855,0.1202856571215349,0,1,0
2015-11-27,0,7.809999942779541,7.860000133514404,7.570000171661377,7.599999904632568,2.439492464065552,38334200,2.449639327692321,-0.0412431539997528,-0.0285362415264599,-0.0323652788995106,0.0261996068796848,0.0641606783915275,0.1202442648145699,-1,-1,-1
2015-11-30,0,7.539999961853027,7.840000152587891,7.420000076293945,7.670000076293945,2.461961507797241,72764300,2.4948655187958027,0.0091683819759037,-0.0219224005598311,0.0091683819759037,0.0261919812471235,0.0641400625345821,0.1202050401093795,1,-1,0
2015-12-01,0,7.670000076293945,7.760000228881836,7.449999809265137,7.489999771118164,2.404183864593506,35865600,2.3884408835007584,-0.0237478965898406,-0.0758230595395281,-0.0596031695569917,0.0261897974629843,0.0641443902675101,0.1201677497287654,-1,-1,-1
2015-12-02,0,7.539999961853027,7.590000152587891,7.349999904632568,7.519999980926514,2.41381311416626,47713500,2.359601458472195,0.0039972056588117,-0.1225001366246318,-0.0118972215927333,0.0261811682328005,0.0641952782692491,0.1201262872914544,1,-1,0
2015-12-03,0,7.989999771118164,8.170000076293945,7.789999961853027,7.980000019073486,2.561467170715332,76680900,2.5593882729141257,0.0593725057021767,0.0100756536382412,0.0344200971253221,0.0262196737540827,0.0641746136834803,0.1200933407561494,1,1,1
2015-12-04,0,7.96999979019165,7.96999979019165,7.420000076293945,7.519999980926514,2.41381311416626,63662600,2.6052556045755013,-0.0593725057021768,-0.0518254629548778,-0.1201443565692736,0.0262551235046222,0.0641639548378736,0.1200804088540796,-1,-1,-1
2015-12-07,0,7.599999904632568,7.610000133514404,7.150000095367432,7.190000057220459,2.3078887462615967,47395000,2.578282382659524,-0.0448745582252608,-0.0554568671803858,-0.1167004121059771,0.0262711824654652,0.0641551461895133,0.1200655112477118,-1,-1,-1
2015-12-08,0,7.199999809265137,7.199999809265137,6.949999809265137,7.130000114440918,2.2886292934417725,46590500,2.4487813306945214,-0.0083800674171654,-0.0730053165734549,-0.1287864417925211,0.0262629324637034,0.0641572520941993,0.1200577048480169,-1,-1,-1
2015-12-09,0,7.340000152587891,7.820000171661377,7.269999980926514,7.650000095367432,2.455542087554932,82102800,2.5734247645193413,0.0703944699256214,0.0211370499420068,-0.0219787061983898,0.0263200015556915,0.0641392041799782,0.1200162178468232,1,1,-1
2015-12-10,0,7.510000228881836,7.570000171661377,7.309999942779541,7.449999809265137,2.391344785690308,43458400,2.6701881194601897,-0.0264916669263847,-0.0093518226431895,-0.0599138732891208,0.0263194668547794,0.0641173603835746,0.1199792061414221,-1,-1,-1
2015-12-11,0,7.260000228881836,7.53000020980835,7.210000038146973,7.25,2.3271472454071045,50750600,2.71897735030633,-0.0272127202955413,-0.0959370486409076,-0.0484617645314642,0.0263194033183321,0.0641386453170456,0.1199400203165012,-1,-1,-1
2015-12-14,0,7.150000095367432,7.230000019073486,7.070000171661377,7.210000038146973,2.314307928085327,33538000,2.517524095810131,-0.0055324675520369,-0.0420970104907678,-0.0683453911217694,0.0263107214214665,0.0641237267808727,0.1199051839736402,-1,-1,-1
2015-12-15,0,7.340000152587891,7.46999979019165,7.300000190734863,7.420000076293945,2.3817148208618164,34188900,2.508001063806049,0.0287100495133325,0.0314875972478253,-0.0213343442672217,0.0263131711713981,0.064109308336099,0.1198638598404072,1,1,-1
2015-12-16,0,7.28000020980835,7.360000133514404,7.090000152587891,7.289999961853027,2.339986801147461,39840300,2.4644551026661885,-0.0176754523872508,0.0221922122777399,0.0027470251902008,0.026307832700737,0.0640916629581672,0.1198241579883782,-1,1,0
2015-12-17,0,7.349999904632568,7.519999980926514,7.190000057220459,7.199999809265137,2.311098575592041,43789300,2.275525359436402,-0.0124223034847608,-0.0606245611326422,-0.067139278721732,0.0263005918232134,0.0640857469976841,0.1197891093072388,-1,-1,-1
2015-12-18,0,7.019999980926514,7.099999904632568,6.920000076293945,7.019999980926514,2.2533206939697266,60061600,2.2391507577155823,-0.0253179931476694,-0.0594508873539268,-0.1002193013207869,0.0262992945795146,0.0640791431903665,0.1197660405590885,-1,-1,-1
2015-12-21,0,7.059999942779541,7.090000152587891,6.619999885559082,6.639999866485596,2.131345748901367,54032100,2.2506171985980963,-0.0556514049747297,-0.0878895720331152,-0.1635726654534311,0.0263287948059198,0.0640929392702736,0.1197833429478224,-1,-1,-1
2015-12-22,0,6.760000228881836,6.820000171661377,6.619999885559082,6.789999961853027,2.1794936656951904,40463400,2.2140301093761754,0.0223389991698246,-0.0600181053112537,-0.1437882072928815,0.0263269114348288,0.0640866109195258,0.1197854858275379,1,-1,-1
2015-12-23,0,6.909999847412109,7.039999961853027,6.869999885559082,6.929999828338623,2.2244317531585693,38789700,1.9852016221732245,0.0204089047802152,-0.068319250044371,-0.1535320649025228,0.0263239100653449,0.0640853766260056,0.1197946903034867,1,-1,-1
2015-12-28,0,6.900000095367432,6.900000095367432,6.650000095367432,6.699999809265137,2.1506054401397705,28617600,1.9011109716441463,-0.0337520885985843,-0.0843958862557044,-0.2379584362450224,0.0263287597452176,0.0640960647303163,0.1198881580109034,-1,-1,-1
2015-12-29,0,6.809999942779541,6.869999885559082,6.679999828338623,6.690000057220459,2.147395372390747,22441300,1.7623838810500156,-0.0014937495295704,-0.0734673323005141,-0.1662489012138967,0.0263198659972683,0.0640982861872817,0.1199071650076697,0,-1,-1
2015-12-30,0,6.659999847412109,6.760000228881836,6.519999980926514,6.699999809265137,2.1506054401397705,30041600,1.736569394005847,0.0014937495295705,-0.0466555896232742,-0.1672837625752686,0.0263110611891878,0.0640852162959662,0.1199269199169244,0,-1,-1
2016-01-04,0,6.570000171661377,7.03000020980835,6.550000190734863,6.869999885559082,2.205172777175904,45962100,1.776108075090566,0.0250564602622103,0.0340522756136657,-0.1009841483133053,0.0263109121412304,0.0640720839744403,0.1199039342169146,1,1,-1
2016-01-05,0,6.920000076293945,7.0,6.619999885559082,6.679999828338623,2.144185781478882,29446700,1.7164084837942837,-0.0280459715612505,-0.0163326951174093,-0.1381985018504597,0.0263113917983081,0.0640509472488909,0.1199017711607064,-1,-1,-1
2016-01-06,0,6.53000020980835,6.539999961853027,6.400000095367432,6.400000095367432,2.054309129714966,67507200,1.7907770878312896,-0.0428202897597111,-0.0795618896573356,-0.1572708950203303,0.0263248589018126,0.0640576775477435,0.1199132688293884,-1,-1,-1
2016-01-07,0,6.190000057220459,6.429999828338623,6.079999923706055,6.260000228881836,2.009371519088745,57387900,1.751043408520634,-0.0221176053969321,-0.0679274064556835,-0.1833857060760743,0.0263216572143545,0.0640560831969293,0.1199467784949604,-1,-1,-1
2016-01-08,0,6.380000114440918,6.449999809265137,6.130000114440918,6.269999980926514,2.012581586837769,52100300,1.730595647069262,0.0015962734254269,-0.0648373835006861,-0.2411619383528241,0.0263128910117222,0.0640525079988026,0.1200427004922208,0,-1,-1
2016-01-11,0,6.269999980926514,6.300000190734863,6.050000190734863,6.090000152587891,1.9548035860061648,51334000,1.7547206012008545,-0.029128548658366,-0.0954596816886227,-0.2109179813090133,0.0263140880235268,0.0640727056685722,0.1201031913581555,-1,-1,-1
2016-01-12,0,6.119999885559082,6.119999885559082,5.510000228881836,5.53000020980835,1.775052189826965,81627800,1.871015217647003,-0.0964598956595573,-0.2169760376103904,-0.26250331874331,0.0264210676208117,0.0642839408178278,0.1202261974623229,-1,-1,-1
2016-01-13,0,5.699999809265137,5.739999771118164,5.25,5.269999980926514,1.6915953159332275,70874300,1.986787781087807,-0.048157767617772,-0.2370878336669118,-0.3022810189439167,0.0264402354810796,0.0645401749781384,0.1204072193819366,-1,-1,-1
2016-01-14,0,5.309999942779541,5.690000057220459,5.130000114440918,5.690000057220459,1.8264096975326536,76854200,2.1696907188468724,0.0766800682659515,-0.1175874756412491,-0.2959954206035864,0.026508197026857,0.0645825437023455,0.1205776084448572,1,-1,-1
2016-01-15,0,5.349999904632568,5.440000057220459,5.159999847412109,5.170000076293945,1.659496784210205,75571500,2.2903397299754227,-0.0958377114931539,-0.1913075817374709,-0.3653414651703556,0.0266124613633118,0.064737934779328,0.1208674702125185,-1,-1,-1
2016-01-18,0,5.190000057220459,5.210000038146973,4.800000190734863,4.800000190734863,1.5407321453094482,46407200,2.231103014520985,-0.0742566918877452,-0.2671605470506431,-0.4123854367625595,0.026670629392121,0.0650669363312122,0.1212523235758867,-1,-1,-1
2016-01-19,0,5.03000020980835,5.050000190734863,4.639999866485596,4.659999847412109,1.4957939386367798,66529300,2.3032803207515427,-0.0296005939697329,-0.26763259236201,-0.4364535631802556,0.0266717781031979,0.0653946386299152,0.1216887675211558,-1,-1,-1
2016-01-20,0,4.5,4.5,4.260000228881836,4.429999828338623,1.421967387199402,92914100,2.290263899646905,-0.0506157318529711,-0.2217884285554238,-0.5157793445465593,0.026693368798718,0.06560853479276,0.1223217840405441,-1,-1,-1
2016-01-21,0,4.369999885559082,4.670000076293945,4.360000133514404,4.5,1.4444361925125122,87455300,2.312110577235841,0.015677670573925,-0.1579529903637268,-0.4824262215853834,0.0266880536906716,0.0657023289821116,0.1228623132165603,1,-1,-1
2016-01-22,0,4.730000019073486,4.769999980926514,4.400000095367432,4.409999847412109,1.4155471324920654,100576600,2.3865497114917344,-0.0202029448017747,-0.254836003431453,-0.4902068629023974,0.0266836063937026,0.0659917239435544,0.1234187123713598,-1,-1,-1
2016-01-26,0,4.230000019073486,4.309999942779541,4.119999885559082,4.199999809265137,1.3481403589248655,71933300,2.3798593781020103,-0.0487899915301629,-0.207788283468462,-0.5136788612848909,0.0267028855279308,0.0661726314900218,0.1240322748789752,-1,-1,-1
2016-01-27,0,4.21999979019165,4.639999866485596,4.159999847412109,4.570000171661377,1.466905117034912,79437900,2.323574375519492,0.0844286879368658,-0.0491029036438509,-0.3735987683732952,0.0267857387815286,0.0661591030477132,0.124322093269765,1,-1,-1
2016-01-28,0,4.670000076293945,5.130000114440918,4.349999904632568,4.599999904632568,1.4765349626541138,131960900,2.472303074696002,0.0065432824970683,-0.0129590271770496,-0.3893944850460515,0.0267775656182214,0.0661370916474509,0.1246409618410485,1,-1,-1
2016-01-29,0,4.699999809265137,4.860000133514404,4.519999980926514,4.840000152587891,1.5535714626312256,93013900,2.480510934406439,0.0508583485079395,0.088515053183861,-0.3589450413183271,0.0268024447394955,0.066161863092563,0.1249006177678719,1,1,-1
2016-02-01,0,4.739999771118164,4.860000133514404,4.659999847412109,4.71999979019165,1.515053153038025,51910300,2.3877194128941057,-0.0251059269835486,0.0477314556263874,-0.3502988797032914,0.0268005877694599,0.0661552905458096,0.1251436189551674,-1,1,-1
2016-02-02,0,4.559999942779541,4.650000095367432,4.300000190734863,4.300000190734863,1.3802391290664673,53610300,2.3926680951494945,-0.093193756769677,-0.0252593563415148,-0.441998886943398,0.0268964026977394,0.0661347443648142,0.1255681854077993,-1,-1,-1
2016-02-03,0,4.420000076293945,4.519999980926514,4.21999979019165,4.489999771118164,1.4412264823913574,73786400,2.4062181884081832,0.0432377088700788,0.0667683440587268,-0.4002549276028897,0.0269119928663752,0.0661406592568279,0.1259017807284302,1,1,-1
2016-02-04,0,4.559999942779541,4.940000057220459,4.360000133514404,4.730000019073486,1.51826274394989,91974200,2.4211401814308258,0.0520722746420061,0.034411930763867,-0.373239113223094,0.0269381890713389,0.066127524255374,0.1261815198633094,1,1,-1
2016-02-05,0,4.730000019073486,4.78000020980835,4.53000020980835,4.539999961853027,1.4572757482528689,52704500,2.3228823946804584,-0.0409979827439955,-0.0131293344771968,-0.3861911244058389,0.0269487024193387,0.0661056294112438,0.126484202986306,-1,-1,-1
2016-02-10,0,4.300000190734863,4.409999847412109,4.28000020980835,4.309999942779541,1.383448839187622,45747400,2.16596369977699,-0.0519892265612099,-0.1159769095463463,-0.3953600612073377,0.0269714001887032,0.0661426882678292,0.1268030181706813,-1,-1,-1
2016-02-11,0,4.199999809265137,4.269999980926514,4.119999885559082,4.230000019073486,1.357770323753357,59451500,2.13371014779701,-0.0187356537751613,-0.1096066363379589,-0.3919781095855668,0.0269661808334403,0.0661728693859997,0.1271135588219425,-1,-1,-1
2016-02-12,0,4.369999885559082,4.510000228881836,4.300000190734863,4.449999809265137,1.428386926651001,64027200,2.0839602979317995,0.0507018977322058,0.0342890181639239,-0.342872485278788,0.0269904930435991,0.0661597511724419,0.1273342732349786,1,1,-1
2016-02-15,0,4.559999942779541,4.599999904632568,4.519999980926514,4.570000171661377,1.466905117034912,28490400,1.7802650383361946,0.0266090345842939,0.0176603438781389,-0.2871349020361279,0.0269911017423277,0.0661410000182339,0.1274694905341544,1,1,-1
2016-02-16,0,4.5,4.639999866485596,4.420000076293945,4.440000057220459,1.4251772165298462,80343900,1.7207383471039726,-0.0288586503726468,-0.0632705811365139,-0.2195336567492175,0.0269914918544073,0.0661345004603589,0.1275238059844399,-1,-1,-1
2016-02-17,0,4.539999961853027,4.820000171661377,4.510000228881836,4.679999828338623,1.5022138357162476,84473100,1.816478475316332,0.0526437420644209,0.0303711436719025,-0.1187321470670244,0.0270181900565654,0.0661198456422719,0.1275028605603551,1,1,-1
2016-02-18,0,4.690000057220459,4.869999885559082,4.550000190734863,4.590000152587891,1.4733253717422483,65026900,1.859756664502595,-0.0194179069177055,0.062942463315407,-0.2148301222506816,0.027013288613507,0.0661229747221903,0.127552190468394,-1,1,-1
2016-02-19,0,4.5,4.570000171661377,4.400000095367432,4.460000038146973,1.431596755981445,56031000,1.8079097113789164,-0.0287315697139253,0.0529465473766428,-0.1477239804714529,0.0270135811138398,0.0661194887749064,0.1275472267045062,-1,1,-1
2016-02-22,0,4.670000076293945,5.039999961853027,4.630000114440918,5.039999961853027,1.61776864528656,80150300,1.78811402367112,0.1222573864344129,0.1245020360788498,0.0487900978507051,0.0271905594947638,0.0661850377130553,0.1275199192309786,1,1,1
2016-02-23,0,4.949999809265137,5.28000020980835,4.820000171661377,4.920000076293945,1.5792499780654907,85037400,1.9021897568156707,-0.024097783425051,0.0737952180695049,0.0542929083953869,0.0271879415460155,0.0661962328028023,0.1274949123479521,-1,1,1
2016-02-24,0,4.769999980926514,4.929999828338623,4.650000095367432,4.869999885559082,1.563201069831848,75039700,2.0093654835852344,-0.0102143502155539,0.0924395182265977,0.094694290032804,0.0271799536825717,0.0662242481865708,0.1274915681722598,-1,1,1
2016-02-25,0,4.809999942779541,5.079999923706055,4.789999961853027,4.889999866485596,1.5696208477020264,70393700,2.0684367708597557,0.0040984052239226,0.0438941813860996,0.0831150246828019,0.0271713376503337,0.0662155107796586,0.1274811036002556,1,1,1
2016-02-26,0,5.019999980926514,5.099999904632568,4.829999923706055,4.869999885559082,1.563201069831848,61396800,2.0774054821202834,-0.0040984052239226,0.0592136830798824,0.0992195642606539,0.0271624865612275,0.0662157805732359,0.1274806241937,-1,1,1
2016-02-29,0,5.079999923706055,5.230000019073486,4.980000019073486,5.139999866485596,1.649867296218872,84165000,2.2700143372541417,0.0539591714521603,0.1419044242459681,0.2019687272429772,0.0271904125075344,0.06630493997899,0.1275758130528421,1,1,1
2016-03-01,0,5.309999942779541,5.369999885559082,5.099999904632568,5.309999942779541,1.7044346332550049,80939200,2.3165477681982045,0.0325386042033233,0.0521856420148787,0.1500786435094346,0.0271952215687085,0.0663006515374001,0.1276155040958656,1,1,1
2016-03-02,0,5.210000038146973,5.650000095367432,5.150000095367432,5.650000095367432,1.8135701417922967,88545800,2.383392239945241,0.0620638942259864,0.1383473196659161,0.2055992552383527,0.0272345514846773,0.0663841142690993,0.1277144264886636,1,1,1
2016-03-03,0,6.570000171661377,6.570000171661377,6.570000171661377,6.570000171661377,2.1088767051696777,186772500,2.974849262003306,0.1508580819386768,0.2994197518201468,0.30559898866909,0.0275027340943551,0.0668270946596821,0.1279601117717776,1,1,1
2016-03-04,0,6.570000171661377,7.900000095367432,6.570000171661377,7.21999979019165,2.3175175189971924,175922100,3.624672011088323,0.0943411393550683,0.3896624859512924,0.4250460550077068,0.0276020209040455,0.0675756992743254,0.1284474916368973,1,1,1
2016-03-07,0,7.25,7.53000020980835,6.949999809265137,7.369999885559082,2.365665435791016,85041400,3.7665760664814822,0.0205627726993093,0.4143236638745243,0.5388025844766932,0.0275984692961567,0.0684111274797628,0.1292296297875809,1,1,1
2016-03-08,0,7.369999885559082,7.840000152587891,7.079999923706055,7.46999979019165,2.397764205932617,137169400,4.152722073992562,0.0134773717349135,0.3738418641572776,0.5090422473415278,0.0275918909175965,0.0690801583852889,0.1299212472940035,1,1,1
2016-03-09,0,7.699999809265137,7.78000020980835,7.360000133514404,7.599999904632568,2.439492464065552,84821900,4.330551922519774,0.0172532888368776,0.3585565487908319,0.4742232615363994,0.0275867779653055,0.0696873676193792,0.1305156918745242,1,1,1
2016-03-10,0,7.800000190734863,7.960000038146973,7.309999942779541,7.949999809265137,2.55183744430542,117672300,4.707142919341661,0.045023654943055,0.3415163095079004,0.5602448992234498,0.027602787248076,0.0702310424621034,0.1313418970754246,1,1,1
2016-03-11,0,7.940000057220459,8.220000267028809,7.670000076293945,8.09000015258789,2.5967750549316406,92331300,4.9924558064183575,0.0174566455708268,0.2081148731400503,0.6296907713554867,0.0275977457612729,0.0704212842485049,0.1323765965993924,1,1,1
2016-03-14,0,8.130000114440918,8.199999809265137,7.400000095367432,7.400000095367432,2.375295400619507,86084700,5.122654024268696,-0.0891485026917566,0.0246252310932256,0.5592779224388914,0.027680843436963,0.0704024183398301,0.1331837561457669,-1,1,1
2016-03-15,0,6.829999923706055,6.960000038146973,6.559999942779541,6.610000133514404,2.121716260910034,104913200,5.290602696218841,-0.1128964907579551,-0.1088340323640388,0.3956795339487304,0.0278193221559744,0.0704289920054384,0.1335775259217106,-1,-1,1
2016-03-16,0,6.510000228881836,7.230000019073486,6.409999847412109,7.230000019073486,2.320727825164795,85533000,5.365835496143857,0.0896555360201325,-0.0326558680788198,0.4587260353845689,0.027906553317308,0.0704093155235676,0.134109496954219,1,-1,1
2016-03-17,0,8.149999618530273,8.1899995803833,7.710000038146973,8.100000381469727,2.599985361099243,118294200,5.194560174302329,0.113624960442598,0.0637158035269005,0.6012096461998139,0.0280505219497161,0.0704086035741261,0.1350248598239259,1,1,1
2016-03-18,0,8.09000015258789,8.170000076293945,7.71999979019165,8.119999885559082,2.6064047813415527,77182400,4.7847431246645,0.0024659786607417,0.0211581272445873,0.5510318827961347,0.0280415019377878,0.0703888806092592,0.1357852888757446,0,1,1
2016-03-21,1,8.079999923706055,8.270000457763672,7.929999828338623,8.0600004196167,2.5871453285217285,65837300,4.723531017972118,-0.0074167152322109,-0.0037152335584504,0.5630330744816293,0.0280328568051518,0.0703658746632848,0.1365730954916812,-1,0,1
2016-03-22,0,7.849999904632568,8.180000305175781,7.730000019073486,8.109999656677246,2.6031949520111084,84549700,4.507642514268876,0.0061844402395384,0.0916177093728447,0.5979490844350932,0.0280243046516823,0.0703867024667831,0.1374554025085689,1,1,1
2016-03-23,0,7.880000114440918,7.960000038146973,7.659999847412109,7.78000020980835,2.497270107269287,61437900,4.40149383475301,-0.0415413401708475,0.1629728599599523,0.4341503578298328,0.0280343719614601,0.0704952281641257,0.1379087461783861,-1,1,1
2016-03-24,0,7.53000020980835,8.0,7.320000171661377,7.809999942779541,2.50689959526062,52343300,4.0660325315360994,0.0038485904553467,0.0771659143951665,0.4620967317102307,0.0280255129947475,0.0705037476926852,0.1384219089394546,1,1,1
2016-03-28,0,8.149999618530273,8.479999542236328,7.909999847412109,8.4399995803833,2.709120273590088,69818700,3.965596523418925,0.0775771912811979,0.0411181452337663,0.5498882732069824,0.0280877346331729,0.0704907247861337,0.1391511680582424,1,1,1
2016-03-29,0,8.34000015258789,8.850000381469727,8.1899995803833,8.489999771118164,2.7251696586608887,89050200,4.041395863544909,0.0059067263372647,0.0445588929102893,0.5516965943203245,0.0280791361855861,0.0704792344504118,0.139879527572364,1,1,1
2016-03-30,0,8.699999809265137,9.0,8.279999732971191,8.4399995803833,2.709120273590088,90059600,4.083831730362213,-0.0059067263372647,0.0460688818052356,0.5498882732069824,0.0280703138373144,0.0704684478851754,0.1405973166973645,-1,1,1
2016-03-31,0,8.3100004196167,8.3100004196167,8.3100004196167,8.3100004196167,2.6673924922943115,737700,3.693863022135585,-0.0155225593123251,0.0243618822533718,0.4804065424424969,0.0280636914484604,0.0704495496933196,0.1411363110827233,-1,1,1
2016-04-01,0,8.359999656677246,8.359999656677246,8.359999656677246,8.359999656677246,2.683441400527954,374500,3.085571844495127,0.0059986748535034,0.071901897277723,0.4538666130926771,0.0280551337688634,0.0704540739718304,0.1416118131595431,1,1,1
2016-04-04,0,7.539999961853027,7.539999961853027,7.539999961853027,7.539999961853027,2.4202327728271484,865300,2.6905566252813125,-0.1032363527785186,-0.0351830459561423,0.2885663660881722,0.0281668065426403,0.0704353225977079,0.141785490883547,-1,-1,1
2016-04-05,0,7.800000190734863,7.800000190734863,7.800000190734863,7.800000190734863,2.5036892890930176,684100,2.3559749333385307,0.0339016370515298,-0.0788586001858104,0.1716099212010251,0.0281716190013715,0.0704374600991625,0.1418234488188134,1,-1,1
2016-04-06,0,7.579999923706055,7.579999923706055,7.579999923706055,7.579999923706055,2.433073043823242,457400,1.921448904381441,-0.0286102742401952,-0.1133756007632704,0.0486585076057617,0.0281713166800909,0.0704684572865165,0.1417876141004871,-1,-1,1
2016-04-07,0,7.699999809265137,7.699999809265137,7.699999809265137,7.699999809265137,2.4715914726257324,324800,1.6186027309533988,0.0157071785824986,-0.091761695843507,0.043802913488951,0.02816537632823,0.0704799893249424,0.1417503316934379,1,-1,1
2016-04-08,0,8.130000114440918,8.34000015258789,8.039999961853027,8.260000228881836,2.651343822479248,84448200,1.8025075282083949,0.0702043502319031,-0.0060347862992785,0.1005298919859407,0.0282142232968357,0.070457134296477,0.1417370483576042,1,0,1
2016-04-11,0,8.390000343322754,8.390000343322754,8.390000343322754,8.390000343322754,2.6930713653564453,449600,1.4295927921983398,0.0156156995090574,0.0035822383562754,0.0988923026581208,0.0282082158196343,0.0704346668321715,0.1417228385108069,1,0,1
2016-04-12,0,9.039999961853027,9.039999961853027,9.039999961853027,9.039999961853027,2.901712417602539,648900,0.9517949842233168,0.0746187377546002,0.1814373288893943,0.128487385469666,0.028264189621446,0.0705720329542912,0.1417267445269474,1,1,1
2016-04-13,0,9.489999771118164,9.489999771118164,9.489999771118164,9.489999771118164,3.0461559295654297,782300,0.4723992549265355,0.04857939319595,0.1961150850338144,0.1596101330947893,0.028282879696715,0.0707347928938375,0.1417539840631198,1,1,1
2016-04-14,0,9.729999542236328,9.770000457763672,9.119999885559082,9.15999984741211,2.94023060798645,77355500,0.9198007659152022,-0.0353924283817979,0.1893329308922116,0.2133662074047479,0.0282874153951856,0.0708844963965249,0.141831946015208,-1,1,1
2016-04-15,0,9.25,9.829999923706056,9.06999969482422,9.6899995803833,3.1103525161743164,95590000,1.5077640133539696,0.0562480526546801,0.229873804964393,0.382510750817383,0.0283153208083885,0.0711125378759752,0.1421557887854048,1,1,1
2016-04-18,0,9.649999618530272,9.720000267028809,8.890000343322754,9.239999771118164,2.965909242630005,88873100,2.0266386558915244,-0.0475524250203636,0.1121170297121261,0.2453027897768869,0.0283310838573368,0.0711516307496472,0.1422690233035352,-1,1,1
2016-04-19,0,9.609999656677246,9.609999656677246,9.609999656677246,9.609999656677246,3.0846738815307617,370500,2.0255078219513587,0.0392622967590202,0.135763626962089,0.170940126093309,0.0283401703630067,0.0712181438132157,0.1423046915012318,1,1,1
2016-04-20,0,9.399999618530272,9.640000343322754,9.34000015258789,9.479999542236328,3.042945146560669,53295800,2.345099262912543,-0.013620096111685,0.0475247930958036,0.1548540513208823,0.0283329318279721,0.0712074950357099,0.1423268632331594,-1,1,1
2016-04-22,0,9.31999969482422,9.93000030517578,9.289999961853027,9.75,3.12961220741272,63322900,2.7367392542197644,0.0280832568343313,0.027028656734185,0.1903540233874245,0.0283332625683066,0.0711890700354872,0.1423798724598793,1,1,1
2016-04-25,0,9.710000038146973,9.899999618530272,9.329999923706056,9.329999923706056,2.994797706604004,56585400,2.6287173689500203,-0.0440324158997024,0.0183886692162804,0.1401371672481835,0.0283453800567686,0.0711685231829205,0.1423906327650414,-1,1,1
2016-04-26,0,9.479999542236328,9.739999771118164,9.34000015258789,9.670000076293944,3.103931903839112,40460400,2.875510710980337,0.0357929783027703,-0.0020664051356293,0.2174714857218014,0.0283514155312304,0.0711456350164736,0.1424707292107996,1,0,1
2016-04-27,0,9.850000381469728,10.300000190734863,9.770000457763672,10.25,3.290104627609253,86397900,3.435816475243373,0.0582497020923931,0.1037357219771272,0.2718725973588476,0.0283816652621928,0.0711757683044891,0.1426155594900024,1,1,1
2016-04-28,0,10.229999542236328,10.539999961853027,10.079999923706056,10.229999542236328,3.283685207366944,57741500,3.807313360146246,-0.0019530354465077,0.0625203897715993,0.1923423706311419,0.028372584365277,0.0711731712738033,0.1426694777527484,0,1,1
2016-04-29,0,10.229999542236328,10.539999961853027,10.010000228881836,10.229999542236328,3.283685207366944,53931300,3.7074066815187634,0.0,0.0761404858832841,0.1864356442938771,0.0283635007718546,0.0711796222450736,0.1427176225047071,0,1,1
2016-05-02,0,10.25,10.359999656677246,9.93000030517578,10.170000076293944,3.2644259929656982,48618800,3.432376130538708,-0.0058823893934453,0.0421748396555076,0.1864599812376965,0.0283547210783729,0.0711665526715333,0.1427655887133657,-1,1,1
2016-05-03,0,10.010000228881836,10.09000015258789,9.710000038146973,9.779999732971191,3.1392416954040527,47074700,3.20257764362497,-0.0391026686608111,0.0471045868943991,0.1628798718892106,0.0283622592845949,0.071155663914396,0.1427928307273483,-1,1,1
2016-05-04,0,9.850000381469728,10.149999618530272,9.850000381469728,9.920000076293944,3.184179306030273,43389500,3.474455114122878,0.0142133086287304,0.025524917220359,0.1710945056644374,0.0283557118149901,0.0711368632058671,0.1428267908289024,1,1,1
2016-05-05,0,10.279999732971191,10.300000190734863,9.600000381469728,9.8100004196167,3.1488704681396484,65074500,3.5592524058761192,-0.0111507741156847,-0.0438755589877187,0.2631800843272712,0.0283478728408157,0.0711210991300134,0.1429581942168123,-1,-1,1
2016-05-06,0,9.630000114440918,10.130000114440918,9.579999923706056,10.079999923706056,3.23553729057312,45330900,3.4570505206709945,0.0271511939036368,-0.014771329637574,0.2564296411793781,0.0283475793725622,0.0710988023742638,0.1430806399938318,1,-1,1
2016-05-09,0,10.010000228881836,10.050000190734863,8.84000015258789,9.479999542236328,3.042945146560669,94688100,3.6925203801517936,-0.0613691562457101,-0.0761404858832842,0.2236707591738633,0.0283798866070896,0.0710992182345841,0.1431646605241676,-1,-1,1
2016-05-10,0,9.81999969482422,10.210000038146973,9.720000267028809,10.210000038146973,3.277265310287476,53055800,3.788343471399101,0.0741834831254873,0.0039253866356483,0.2821470637168518,0.0284338580846675,0.0710767832299574,0.1433193464458319,1,0,1
2016-05-11,0,10.390000343322754,10.5,9.989999771118164,10.25,3.290104627609253,74542300,3.710945109081473,0.0039100382043047,0.0469380935007642,0.2158527516892535,0.0284250351982321,0.0710659124617162,0.1433942847332013,1,1,1
2016-05-12,1,10.399999618530272,10.470000267028809,9.789999961853027,9.789999961853027,3.142451524734497,67229100,3.7539227435647176,-0.0459161303143041,-0.0131913454422703,0.1543209218658918,0.0284388585181871,0.0710435530112248,0.1434132733370555,-1,-1,1
2016-05-13,0,9.93000030517578,10.0600004196167,9.390000343322754,9.460000038146973,3.0365254878997803,70472200,3.8271364112720967,-0.0342893055004664,-0.0363298768270519,0.045412878610825,0.0284423946837305,0.0710254507446311,0.143375459564049,-1,-1,1
2016-05-16,0,9.550000190734863,9.850000381469728,9.520000457763672,9.75,3.12961220741272,61487700,3.894046011511307,0.0301951713193098,-0.0332858994113789,0.027028656734185,0.0284440586216549,0.071006529947608,0.1433333686408787,1,-1,1
2016-05-17,0,9.829999923706056,9.880000114440918,9.460000038146973,9.5,3.0493648052215576,46379500,3.881444283265324,-0.0259757931341185,0.0021074637002126,0.0364452919818644,0.0284421278847365,0.0709840754820456,0.1432933277410328,-1,0,1
2016-05-18,0,9.3100004196167,9.649999618530272,9.270000457763672,9.31999969482422,2.99158787727356,51929100,3.9155547364018455,-0.0191289992749404,-0.0912050187002148,-0.038931759947756,0.0284368590400534,0.0709952445414664,0.1432483866566476,-1,-1,-1
2016-05-19,0,9.25,9.25,8.649999618530273,8.960000038146973,2.876033067703247,75430200,3.9394225600998873,-0.0393923714687498,-0.1345074283732696,-0.0307717063961422,0.0284444721747316,0.0710484139864847,0.1432027905946796,-1,-1,-1
2016-05-20,0,9.199999809265137,9.460000038146973,8.899999618530273,8.899999618530273,2.856773853302002,65173100,4.017830565829342,-0.0067189727896621,-0.0953102708486276,-0.0767529759448247,0.0284358377706413,0.0710626703554694,0.1431650668066244,-1,-1,-1
2016-05-23,0,8.550000190734863,8.670000076293945,8.420000076293945,8.5,2.728379487991333,51330000,3.723995477500059,-0.0459851260058782,-0.1070060913540393,-0.1091180058390178,0.0284495702268039,0.0710869574852413,0.1431385622196021,-1,-1,-1
2016-05-24,0,8.6899995803833,8.850000381469727,8.449999809265137,8.529999732971191,2.738008737564087,44823400,3.6224984638275233,0.0035230792747792,-0.1336781833985699,-0.1336781833985699,0.0284407650884612,0.0711387020655708,0.1431236781848116,1,-1,-1
2016-05-25,0,8.680000305175781,8.9399995803833,8.59000015258789,8.670000076293945,2.782947540283203,45512600,3.3871795672735425,0.0162797142236285,-0.0914226760408228,-0.0733660532752389,0.0284350138271525,0.0711496165383452,0.1430851128686823,1,-1,-1
2016-05-27,0,8.5,8.569999694824219,8.229999542236328,8.229999542236328,2.6417136192321777,47488600,3.216904470475113,-0.0520828275270393,-0.1243765042929217,-0.1612418591050485,0.0284552426159461,0.0711907560446008,0.1430864459160788,-1,-1,-1
2016-05-30,0,8.180000305175781,8.619999885559082,8.0600004196167,8.380000114440918,2.6898610591888428,32281900,2.9645923380452133,0.0180617366415143,-0.0669223961826576,-0.2014298245559272,0.0284502139747766,0.0711853054899466,0.1431174365165008,1,-1,-1
2016-05-31,0,8.359999656677246,8.569999694824219,8.039999961853027,8.039999961853027,2.580725908279419,58662600,2.88315719681472,-0.0414188222631245,-0.10162224565612,-0.2408956113725439,0.0284595068384598,0.0712043459476537,0.1431844441594725,-1,-1,-1
2016-06-01,0,8.09000015258789,8.25,7.860000133514404,8.180000305175781,2.625663995742798,45884400,2.841584974750153,0.0172630956585934,-0.0383740239916483,-0.2236325157139505,0.0284541601517779,0.0711867371854775,0.1432345463583002,1,-1,-1
2016-06-02,0,8.1899995803833,8.40999984741211,8.029999732971191,8.319999694824219,2.6706018447875977,52835100,2.8133113556853133,0.0169700422278431,-0.0249270610385845,-0.2007800840926621,0.028448697860336,0.071165954903447,0.1432644893319367,1,-1,-1
2016-06-03,0,8.510000228881836,8.670000076293945,8.449999809265137,8.569999694824219,2.7508490085601807,45595300,2.6317238803566365,0.0296057373726394,-0.0116010378895736,-0.1320716780592116,0.0284499936893819,0.071143622515624,0.1432483955689636,1,-1,-1
2016-06-06,0,8.699999809265137,8.779999732971191,8.449999809265137,8.460000038146973,2.715540647506714,37117600,2.462287033978252,-0.0129185273351618,0.0275632623023039,-0.1592035140231038,0.0284426451285024,0.0711258407676236,0.1432478750414314,-1,1,-1
2016-06-07,0,8.420000076293945,8.720000267028809,8.390000343322754,8.619999885559082,2.766897678375244,34401600,2.3732691490806803,0.0187356537751612,0.0282371794359508,-0.1293170861322576,0.0284379195136297,0.071108268141339,0.1432303283413039,1,1,-1
2016-06-08,0,8.800000190734863,9.40999984741211,8.800000190734863,9.390000343322754,3.01405668258667,77194700,2.5914233109582807,0.0855601856030905,0.155216187302166,-0.0709080944328039,0.0285114191703518,0.0711996844354886,0.1431911173687247,1,1,-1
2016-06-09,0,9.279999732971191,9.380000114440918,9.050000190734863,9.18000030517578,2.946650743484497,46539900,2.6122136955821658,-0.0226177222876834,0.1153353693558891,-0.0321566604747771,0.028507717338137,0.0712412377545879,0.1431459662265221,-1,1,-1
2016-06-10,0,8.970000267028809,8.989999771118164,8.779999732971191,8.779999732971191,2.818255424499512,38859900,2.58059618828524,-0.0445511344554962,0.0538141926725497,-0.1508912780557606,0.0285198779623157,0.0712339743434165,0.1431402725280132,-1,1,-1
2016-06-13,0,8.579999923706055,8.84000015258789,8.520000457763672,8.619999885559082,2.766897678375244,37094100,2.611950971726853,-0.0183913288599108,0.0058171264399994,-0.1731926451199764,0.0285143222529962,0.0712120102242702,0.1431489172926665,-1,0,-1
2016-06-14,0,8.600000381469727,8.770000457763672,8.25,8.300000190734863,2.6641831398010254,66180300,2.6614073519819907,-0.0378292243697917,-0.0190935705946303,-0.1651057391754639,0.0285204500225116,0.0711904780391047,0.1431520182735791,-1,-1,-1
2016-06-15,0,8.300000190734863,8.6899995803833,8.270000457763672,8.510000228881836,2.731590032577514,84556900,2.880663626556289,0.0249863726794113,-0.0128428516903805,-0.1058300609955861,0.0285188309662002,0.0711683468677182,0.1431239212171931,1,-1,-1
2016-06-16,0,8.40999984741211,8.539999961853027,8.279999732971191,8.5,2.728379487991333,46834500,2.85423482162549,-0.0011760303584532,-0.0995790676519241,-0.1372012626733492,0.028509885288295,0.0711856566571453,0.1431103513619694,0,-1,-1
2016-06-17,0,8.75,8.949999809265137,8.729999542236328,8.949999809265137,2.872822523117065,63144100,2.9653057594072987,0.0515871652183316,-0.0253741801459091,-0.059638304320899,0.0285311187562192,0.071165129075617,0.1430688525480417,1,-1,-1
2016-06-20,0,9.220000267028809,9.369999885559082,9.119999885559082,9.18000030517578,2.946650743484497,63791500,3.138287412193473,0.0253741801459092,0.0445511344554962,-0.0151351249000494,0.0285296900514472,0.0711535365968993,0.1430234377499364,1,1,-1
2016-06-21,0,9.09000015258789,9.539999961853027,8.9399995803833,9.529999732971191,3.058995246887207,53703900,3.275388386925303,0.037417327182955,0.1003597904983621,0.0616745737516555,0.0285367495573711,0.071179990017482,0.1429919097523207,1,1,1
2016-06-22,0,9.609999656677246,9.75,9.34000015258789,9.34000015258789,2.998007535934448,61983000,3.182438317586523,-0.0201385980237777,0.1180504168443762,0.0482549485175399,0.0285319413478525,0.0712240996597842,0.1429560972101916,-1,1,1
2016-06-23,0,9.59000015258789,9.699999809265137,9.510000228881836,9.670000076293944,3.103931903839112,48031300,3.2061483436061597,0.0347217505529987,0.1277857947179637,0.1289618250764171,0.0285368061417096,0.0712789709283712,0.1429581724509607,1,1,1
2016-06-24,0,9.0,9.329999923706056,8.920000076293945,9.25,2.969118595123291,75974900,3.4364442382265934,-0.0444045244330417,0.0845573006433753,0.0810342213685959,0.0285487558447235,0.0712915622755102,0.1429342571978954,-1,1,1
2016-06-27,0,9.220000267028809,9.34000015258789,8.779999732971191,8.779999732971191,2.818255424499512,58818400,3.561709952818217,-0.0521470897346307,-0.0191769543095871,0.0126074174103367,0.028568698692395,0.071270165008058,0.142890974108502,-1,-1,0
2016-06-28,0,9.100000381469728,9.279999732971191,9.06999969482422,9.199999809265137,2.9530699253082275,45291700,3.4772462012917926,0.046727232178496,0.0021760977229996,0.111417477115872,0.0285844345346254,0.0712480465944511,0.142882319487349,1,0,1
2016-06-29,0,9.43000030517578,9.56999969482422,9.31999969482422,9.5,3.0493648052215576,56093600,3.358339563198577,0.03208802645199,-0.0031532030079652,0.1254437669263478,0.028587288855635,0.0712257587739034,0.142882029362222,1,0,1
2016-06-30,0,9.420000076293944,9.489999771118164,9.239999771118164,9.420000076293944,3.023686170578003,43741300,3.367224433032755,-0.0084566349859297,0.0085287600298827,0.1584059542035427,0.028579024528137,0.0712042337879024,0.1429048174877724,-1,1,1
2016-07-01,0,9.479999542236328,9.850000381469728,9.369999885559082,9.81999969482422,3.152080774307251,49290800,3.3155677827899765,0.0415861246727485,0.0153931341496323,0.1827289832176978,0.0285896443082658,0.0711837221456491,0.1429476058283669,1,1,1
2016-07-04,0,9.949999809265137,10.050000190734863,9.789999961853027,9.869999885559082,3.1681296825408936,24505100,3.09663262486128,0.0050786102260466,0.0648762688087207,0.1708375512159014,0.0285811084663171,0.0711826108543871,0.14298007109468,1,1,1
2016-07-05,0,9.649999618530272,9.670000076293944,9.229999542236328,9.289999961853027,2.9819586277008057,69691200,3.183019953442075,-0.0605610660240024,0.0564622925193492,0.0806707478192596,0.0286111592538631,0.0711766700724924,0.1429558332053751,-1,1,1
2016-07-06,0,9.09000015258789,9.520000457763672,8.949999809265137,9.5,3.0493648052215576,68781500,3.230472303710318,0.0223529661111369,0.03208802645199,0.1159422412655582,0.0286080630915192,0.0711603125664326,0.1429494378477439,1,1,1
2016-07-07,0,9.65999984741211,9.979999542236328,9.520000457763672,9.5600004196167,3.068624258041382,81610300,3.4315680251232314,0.0062960283978868,0.0062960283978868,0.1035026158882838,0.0285997096332744,0.0711386301233331,0.1429360922274874,1,0,1
2016-07-08,0,9.850000381469728,9.9399995803833,9.670000076293944,9.84000015258789,3.158499956130981,42647600,3.251246344968452,0.0288678807225593,0.0436205441063759,0.0468103110077526,0.0286003396460166,0.0711265663103692,0.1428998898163211,1,1,1
2016-07-11,0,10.0,10.369999885559082,9.979999542236328,10.359999656677246,3.3254127502441406,66717300,3.362557930478715,0.0514965843480023,0.0535310037816297,0.1209246176434385,0.0286210250866317,0.0711190956529474,0.1428963767840002,1,1,1
2016-07-12,0,10.609999656677246,10.800000190734863,10.579999923706056,10.649999618530272,3.418499231338501,58174200,3.4917707448140143,0.0276078317028155,0.0760602252583988,0.1930835838017505,0.0286208186323229,0.0711252374000227,0.1429477567312705,1,1,1
2016-07-13,0,10.470000267028809,10.630000114440918,10.210000038146973,10.630000114440918,3.4120798110961914,64252100,3.5873792128608044,-0.0018796128680697,0.1347416784143315,0.2095952997935914,0.0286119611862648,0.0711875601837285,0.1430146931318838,0,1,1
2016-07-14,0,10.920000076293944,10.979999542236328,10.65999984741211,10.93000030517578,3.508375406265259,53059500,3.694316290887155,0.0278310624628906,0.1402197747660852,0.275255586626274,0.0286118874174421,0.0712564127524513,0.1431557421071452,1,1,1
2016-07-15,0,10.90999984741211,11.0600004196167,10.81999969482422,11.020000457763672,3.537264347076416,51223500,3.7455547933102538,0.0082005619699268,0.1421243083381251,0.2584697759167893,0.0286038757344008,0.0713274089865502,0.1432754836611465,1,1,1
2016-07-18,0,10.970000267028809,11.739999771118164,10.869999885559082,11.550000190734863,3.707387208938599,77358900,4.1605906233824,0.0469737270805751,0.1602301546961408,0.3066195333558177,0.0286195362645853,0.0714225439539934,0.1434574837617582,1,1,1
2016-07-19,0,11.510000228881836,11.970000267028809,11.5,11.779999732971191,3.78121280670166,53692000,4.151075309905909,0.0197174343408845,0.1284510046890228,0.2747498024783706,0.0286151514256837,0.0714764312349743,0.1435962105460259,1,1,1
2016-07-20,0,11.81999969482422,11.899999618530272,11.539999961853027,11.81999969482422,3.794053077697754,49261200,4.105754265684287,0.0033900548150366,0.1042332278012439,0.2527656771474981,0.0286064796362405,0.0715049001764925,0.1437076961184878,1,1,1
2016-07-21,0,11.770000457763672,11.989999771118164,11.729999542236328,11.850000381469728,3.803683042526245,37748600,3.89374080033461,0.0025349577381905,0.1086477984075041,0.2178833077027334,0.0285977499160309,0.0715374717177953,0.1437807770113206,0,1,1
2016-07-22,0,11.84000015258789,11.970000267028809,11.720000267028809,11.9399995803833,3.832570552825928,33938400,3.884551434895054,0.0075659216237106,0.0883826575683242,0.2455878273502219,0.0285896416788562,0.0715520060801987,0.1438832669666949,1,1,1
2016-07-25,0,11.979999542236328,12.25,11.90999984741211,12.029999732971191,3.861458778381348,47192000,3.8059100668064416,0.0075092932613259,0.0876913888597235,0.2183753700585491,0.0285815303276583,0.0715659264542389,0.1439562436061057,1,1,1
2016-07-26,0,11.949999809265137,12.06999969482422,11.850000381469728,11.880000114440918,3.813311815261841,38304800,3.7011405334457415,-0.0125469795260078,0.0281706822531404,0.2502329149655828,0.0285742596292579,0.0715481533788767,0.1440633072560449,-1,1,1
2016-07-27,0,11.989999771118164,12.039999961853027,11.510000228881836,11.510000228881836,3.694547414779663,51952100,3.646982551483871,-0.031639993369786,-0.0231867454575301,0.2707400113304275,0.0285758391907439,0.0715276997688511,0.1441943616480561,-1,-1,1
2016-07-28,0,11.399999618530272,11.550000190734863,11.149999618530272,11.4399995803833,3.6720783710479736,40663100,3.573893226631003,-0.0061002456384427,-0.0326770459110094,0.2179125335134889,0.028567363654824,0.0715092575545653,0.1442658942838119,-1,-1,1
2016-07-29,0,11.760000228881836,11.979999542236328,11.609999656677246,11.869999885559082,3.810102224349976,60740000,3.673571620246244,0.036898203908252,0.0016862002590521,0.2227227109697508,0.0285737253105546,0.0714873044117382,0.144342024945094,1,0,1
2016-08-01,0,11.93000030517578,11.970000267028809,11.220000267028809,11.25,3.611090660095215,52012300,3.477173031019685,-0.0536461706915412,-0.0595258920561998,0.1775331752641391,0.028595197277275,0.0714787373618213,0.1443761510148481,-1,-1,1
2016-08-02,0,11.329999923706056,11.619999885559082,11.100000381469728,11.359999656677246,3.6463990211486816,49134600,3.429835497119893,0.00973026244085,-0.0573049228766758,0.1456773130322408,0.0285875614254611,0.0714691144727261,0.1443860421425125,1,-1,1
2016-08-03,0,11.579999923706056,11.899999618530272,11.329999923706056,11.899999618530272,3.819731950759888,55695500,3.481113280227359,0.0464401391322751,0.0016821957816073,0.1870388419384694,0.0286025595771242,0.0714472171183139,0.144427931823515,1,0,1
2016-08-04,0,11.93000030517578,12.119999885559082,11.869999885559082,12.010000228881836,3.855039358139038,63207500,3.6797053196224994,0.0092009663988538,0.0425231555502473,0.2568008743613258,0.0285948084752648,0.0714344084005537,0.1445403212810499,1,1,1
2016-08-05,0,12.119999885559082,12.170000076293944,11.649999618530272,11.649999618530272,3.739485025405884,54225900,3.823972172498249,-0.0304333083931218,0.0181900927955683,0.2040145998570669,0.0285955859517381,0.0714144776710141,0.1445970055174847,-1,1,1
2016-08-08,0,11.789999961853027,11.970000267028809,11.699999809265137,11.90999984741211,3.822940826416016,41552000,3.777581914726892,0.0220720680791709,0.0033639569664872,0.2197906395383512,0.0285923302425248,0.071392724621253,0.1446687172759539,1,0,1
2016-08-09,0,11.920000076293944,12.06999969482422,11.75,11.880000114440918,3.813311815261841,33596200,3.741953816440109,-0.0025219218665103,0.054488205791518,0.1884008369492814,0.0285836088368768,0.0713853122799178,0.1447109269266691,0,1,1
2016-08-10,0,11.949999809265137,11.970000267028809,11.5600004196167,11.5600004196167,3.7105963230133057,41638400,3.667670665768056,-0.0273054567478307,0.0174524866028371,0.109598795853448,0.0285824949289663,0.0713652889115402,0.1446982623641919,-1,1,1
2016-08-11,1,11.630000114440918,12.100000381469728,11.600000381469728,12.100000381469728,3.8839282989501953,55881500,3.80204800897066,0.0456544919693605,0.0166668394399224,0.1276454561199929,0.0285966467662948,0.0713451427713671,0.1446957417368114,1,1,1
2016-08-12,0,12.050000190734863,12.4399995803833,11.979999542236328,12.0,3.851831197738648,71281300,3.887644859604488,-0.0082984186411111,-0.0008325456000425,0.1212266503469516,0.0285885367288709,0.0713232864608537,0.1446893997606474,-1,0,1
2016-08-15,0,12.1899995803833,12.369999885559082,12.06999969482422,12.3100004196167,3.9513356685638414,53568000,3.93495758565516,0.0255049946983422,0.0551057574914216,0.1189005825824034,0.0285870730382781,0.071316206079712,0.1446816959239104,1,1,1
2016-08-16,0,12.3100004196167,12.5600004196167,12.140000343322754,12.489999771118164,4.009114265441895,48218700,3.963034703830196,0.0145166697891782,0.0475503592014285,0.1252166904016547,0.0285807716125956,0.0713055564254244,0.144677594218521,1,1,1
2016-08-17,0,12.470000267028809,12.760000228881836,12.31999969482422,12.760000228881836,4.095778942108154,46809100,3.921321288097732,0.0213865815842954,0.0714588626522347,0.099629544905375,0.0285771891436248,0.0713078327412114,0.1446597766679874,1,1,1
2016-08-18,0,12.800000190734863,13.029999732971191,12.779999732971191,12.880000114440918,4.134297847747803,44941100,3.806497122307607,0.0093605899135692,0.1081249093136346,0.0892727004780597,0.0285695178432648,0.0713393932233004,0.1446372126187814,1,1,1
2016-08-19,0,12.81999969482422,12.920000076293944,12.699999809265137,12.789999961853027,4.105408668518066,33360000,3.67589213741804,-0.0070122151920869,0.0554582021521872,0.0788704304709363,0.0285612528041851,0.0713324080756648,0.1446103574704402,-1,1,1
2016-08-22,0,12.630000114440918,12.630000114440918,12.300000190734863,12.350000381469728,3.964174747467041,43258900,3.700963262940763,-0.0350075926750005,0.0287490281182975,0.0413278800577451,0.0285652113045958,0.0713150154615125,0.1445718873731386,-1,1,1
2016-08-23,0,12.479999542236328,12.859999656677246,12.420000076293944,12.670000076293944,4.066890716552734,61048000,3.939397387973988,0.0255810566723268,0.0288250900922823,0.0593430151063614,0.0285637973951657,0.0712976553918084,0.1445382687711758,1,1,1
2016-08-24,0,12.5,12.710000038146973,12.369999885559082,12.399999618530272,3.980224132537842,44694700,3.985812457227469,-0.0215406233690154,-0.0072322030659111,0.0302930984760198,0.0285597951735366,0.0712759544335055,0.1444975867342209,-1,-1,1
2016-08-25,0,12.420000076293944,12.640000343322754,12.350000381469728,12.529999732971191,4.021951675415039,40290500,3.876691474570321,0.0104291437961542,-0.0181896408540527,0.0532692217981818,0.0285523944149707,0.0712551549792065,0.1444622392952814,1,-1,1
2016-08-26,0,12.6899995803833,12.899999618530272,12.449999809265137,12.550000190734863,4.0283732414245605,50650500,3.7367527134788,0.0015953560726678,-0.025954874694954,0.0865045712406359,0.028543763894717,0.0712356195566334,0.1444385539087148,0,-1,1
2016-08-29,0,12.5,12.960000038146973,12.449999809265137,12.869999885559082,4.131087303161621,36990100,3.619967485086022,0.0251780095667036,0.0062353500638363,0.117782826445782,0.0285421368421249,0.0712143025963599,0.1444301037089918,1,0,1
2016-08-30,0,13.039999961853027,13.229999542236328,12.970000267028809,13.09000015258789,4.201704502105713,51893700,3.669033694610581,0.0169496349414803,0.0581925776803175,0.0978342574790105,0.0285367232990421,0.0712087890933251,0.144411433754633,1,1,1
2016-08-31,0,13.130000114440918,13.220000267028809,12.710000038146973,12.850000381469728,4.124667644500732,61016100,3.78799285962548,-0.01850483128524,0.0141066897227503,0.1329755968853117,0.0285314977413075,0.0711884080533717,0.1444118115205065,-1,1,1
2016-09-01,0,12.970000267028809,13.09000015258789,12.760000228881836,13.0,4.172815799713135,45370000,3.794978961663393,0.0116056141501088,0.0472529272418746,0.1348509485945702,0.028524412763595,0.0711776578594339,0.1444132971322357,1,1,1
2016-09-02,0,13.220000267028809,13.579999923706056,13.149999618530272,13.56999969482422,4.355777740478516,57017000,4.0160194390913135,0.042912120343087,0.0797359037888074,0.131322929805382,0.0285358070303947,0.0711854105434379,0.1444125514593839,1,1,1
2016-09-05,0,13.789999961853027,13.93000030517578,13.729999542236328,13.829999923706056,4.439233779907227,26292200,3.907344277265966,0.0189786094551947,0.0971191571713342,0.1411005728617228,0.0285311920325998,0.0712066993108957,0.1444178985837356,1,1,1
2016-09-06,0,13.6899995803833,13.979999542236328,13.529999732971191,13.979999542236328,4.4873809814453125,42086900,3.78944831344928,0.0107874417631881,0.0827285893678189,0.1823213230180329,0.0285239054522113,0.0712164944678644,0.1444535081229089,1,1,1
2016-09-08,0,14.06999969482422,14.289999961853027,13.960000038146973,14.220000267028809,4.564418315887451,42797300,3.824073361366509,0.0170218521182728,0.0828008065446111,0.1772711070571345,0.0285185266515308,0.0712262911116946,0.1444848705854207,1,1,1
2016-09-09,0,13.960000038146973,14.020000457763672,13.510000228881836,13.510000228881836,4.336518287658691,43155300,3.873872931055929,-0.0512192950597016,0.0500863427701495,0.1285737338639432,0.0285371743790468,0.0712166972843999,0.1444821840635436,-1,1,1
2016-09-12,0,13.31999969482422,13.949999809265137,13.270000457763672,13.949999809265137,4.477752208709717,44141000,3.8612001413779353,0.0320493931057549,0.070530121725796,0.1879285837175291,0.0285397683718077,0.0712181072197388,0.1445220742758467,1,1,1
2016-09-13,0,13.699999809265137,13.850000381469728,12.9399995803833,13.010000228881836,4.176025867462158,64134000,4.089421583994651,-0.0697611365095998,-0.0421431351268908,0.0725129552385686,0.0285818556153168,0.0712030642928557,0.1444927266874359,-1,-1,1
2016-09-14,0,13.149999618530272,13.359999656677246,12.970000267028809,13.109999656677246,4.20812463760376,43932500,4.0236065506061225,0.0076570493223794,-0.0534646952597061,0.0884684232020592,0.0285739373391106,0.0711923411761443,0.1444695796702102,1,-1,1
2016-09-15,0,13.210000038146973,13.5600004196167,13.15999984741211,13.510000228881836,4.336518287658691,42169100,3.887081422991925,0.0300546940814654,-0.0341974429414289,0.0930181225851823,0.0285751843065301,0.0711749353469472,0.1444483914420242,1,-1,1
2016-09-16,0,13.34000015258789,13.420000076293944,13.15999984741211,13.15999984741211,4.224173069000244,44651900,3.8856858943487738,-0.0262482699413704,-0.077467565001072,0.0522531828546337,0.0285735561615293,0.0711769407472246,0.1444127745860174,-1,-1,1
2016-09-19,0,13.420000076293944,13.539999961853027,13.020000457763672,13.050000190734863,4.188865184783936,51105500,3.8176667998921454,-0.0083936600424393,-0.0346419299838098,0.0224729412278988,0.0285656011419515,0.0711596628672665,0.1443710896236292,-1,-1,1
2016-09-20,0,13.449999809265137,13.630000114440918,13.329999923706056,13.5,4.333309650421143,52063100,4.033729493896903,0.0339017451942247,-0.03278957789534,0.0470140965085545,0.0285694862029133,0.0711419153414669,0.1443341860923598,1,-1,1
2016-09-21,0,13.600000381469728,13.6899995803833,13.399999618530272,13.65999984741211,4.384666919708252,61094100,4.190520391224097,0.011782060430548,0.0487536190448079,0.0658083721311895,0.028562479819682,0.0711318492291331,0.1443026581657891,1,1,1
2016-09-22,0,13.890000343322754,14.09000015258789,13.84000015258789,14.0,4.493802547454834,47574500,4.227121311132881,0.0245855719503325,0.0656821416727609,0.1254015367565227,0.0285605122017563,0.071130430359842,0.1442979388309886,1,1,1
2016-09-23,0,13.979999542236328,13.979999542236328,13.539999961853027,13.6899995803833,4.394295692443848,53264300,4.32021352509444,-0.0223919695802034,0.0132354780110923,0.0774285105039923,0.0285569762839422,0.0711101108955119,0.1442704638464978,-1,1,1
2016-09-26,0,13.59000015258789,13.6899995803833,13.390000343322754,13.399999618530272,4.301210880279541,35545800,4.231393140336328,-0.0214106831690709,0.0180730647833916,0.0775584507039368,0.0285529966027602,0.0710905740864415,0.1442430454506033,-1,1,1
2016-09-27,0,13.399999618530272,13.399999618530272,12.869999885559082,13.119999885559082,4.211333751678467,58098200,4.185448930343965,-0.0211171799763464,0.0053495448494847,0.0460121269314362,0.0285488876423458,0.0710694670162727,0.1442059909358311,-1,0,1
2016-09-28,0,13.300000190734863,13.850000381469728,13.119999885559082,13.850000381469728,4.445653915405273,69032100,4.427567095449813,0.0541475675766648,0.0255953672319245,0.0985643384354331,0.0285716982194852,0.0710515454496066,0.1441873404399366,1,1,1
2016-09-29,0,13.800000190734863,13.899999618530272,13.43000030517578,13.43000030517578,4.3108391761779785,53143200,4.51928893754083,-0.0307943811101361,-0.0169810743087596,0.0425919477585935,0.0285727626569038,0.0710310076752486,0.1441495347540972,-1,-1,1
2016-09-30,0,13.529999732971191,13.770000457763672,13.4399995803833,13.56999969482422,4.355777740478516,39275000,4.484476721844912,0.0103705903908425,-0.0311960558682495,0.0360129032079555,0.0285654419974306,0.0710130230817446,0.1441103748755098,1,-1,1
2016-10-03,0,13.670000076293944,13.970000267028809,13.619999885559082,13.970000267028809,4.484172821044922,34444500,4.366177220847124,0.02905086617736,0.0202467798893139,0.0835686006705558,0.0285660378280976,0.0709939825454901,0.1440853317081512,1,1,1
2016-10-04,0,13.979999542236328,14.119999885559082,13.829999923706056,14.020000457763672,4.5002217292785645,39717400,4.273178087005176,0.0035726225543505,0.0452300856127356,0.0755356090747976,0.0285576612861661,0.0709825037245486,0.1440572483025275,1,1,1
2016-10-05,0,14.1899995803833,14.640000343322754,14.15999984741211,14.579999923706056,4.679973602294922,65242200,4.34749753313181,0.0391658006429689,0.105513066232051,0.0717892893746797,0.0285655707900861,0.0710109100769227,0.1440278492474795,1,1,1
2016-10-06,0,14.710000038146973,15.100000381469728,14.619999885559082,15.100000381469728,4.846887588500977,77003800,4.663864641006049,0.0350442952417108,0.0864097938970969,0.0878549751611958,0.0285702121750737,0.071023279631073,0.14400455617084,1,1,1
2016-10-07,0,15.229999542236328,15.380000114440918,14.970000267028809,15.260000228881836,4.898243427276611,71691000,4.896223215534448,0.0105398919964007,0.127744067003634,0.0876074253944085,0.0285629365899476,0.0710738855566501,0.1439811609651394,1,1,1
2016-10-10,0,15.520000457763672,15.770000457763672,15.510000228881836,15.729999542236328,5.049107551574707,38724300,4.980818506696506,0.0303348485930743,0.1477083252058656,0.1009204218692101,0.0285642959928123,0.0711479069603952,0.1439636110690364,1,1,1
2016-10-11,0,15.609999656677246,15.65999984741211,15.289999961853027,15.390000343322754,4.939972400665283,69314500,5.174761655385959,-0.0218517609351978,0.0968056980933078,0.130287955993714,0.0285605722002446,0.0711682209977144,0.143961556442195,-1,1,1
2016-10-13,0,15.1899995803833,15.81999969482422,15.029999732971191,15.760000228881836,5.058737277984619,58212500,5.150134845119381,0.0237571580768663,0.1169902336158235,0.1219957209648252,0.0285581575093999,0.0712070150319767,0.1439547149296762,1,1,1
2016-10-14,0,16.010000228881836,16.290000915527344,15.979999542236328,16.260000228881836,5.219231605529785,66150000,5.3806272168076905,0.0312332867022515,0.1090577196751061,0.2229901441766766,0.0285600892137957,0.0712379821095371,0.1440250880903289,1,1,1
2016-10-17,0,16.239999771118164,16.899999618530273,16.06999969482422,16.899999618530273,5.4246602058410645,75002000,5.848490256947095,0.0386050735433908,0.1126184979767862,0.2539381683976882,0.0285674302863374,0.0712722167600332,0.1441273640204239,1,1,1
2016-10-18,0,17.209999084472656,17.639999389648438,17.18000030517578,17.420000076293945,5.591575145721436,76995000,6.39628135086734,0.0303057640766598,0.1323843700570453,0.2541892383928826,0.0285687244831017,0.0713269860880712,0.1442295457297481,1,1,1
2016-10-19,0,17.719999313354492,17.790000915527344,17.34000015258789,17.6200008392334,5.655770301818848,65212400,6.773467797233243,0.0114152896779074,0.1134648111418783,0.2918527980121605,0.0285616663553748,0.071361756836657,0.1443757598994121,1,1,1
2016-10-20,0,17.309999465942383,17.739999771118164,17.219999313354492,17.739999771118164,5.694289684295654,62901500,6.878331140955554,0.0067875465695647,0.1421041186466409,0.3070340046241648,0.0285537037052745,0.0714274859561759,0.1445409459191324,1,1,1
2016-10-21,0,17.649999618530273,18.09000015258789,17.479999542236328,17.950000762939453,5.76169490814209,47961800,6.686081166577081,0.0117678233880979,0.1301147839578723,0.2849000828180376,0.0285467439280453,0.0714791586994186,0.1446774159480943,1,1,1
2016-10-24,0,18.26000022888184,18.43000030517578,18.0,18.200000762939453,5.841944217681885,51678900,6.588347010815738,0.0138319691140933,0.112713466369714,0.286949991501583,0.028540352543684,0.0715127574161819,0.1448158874161152,1,1,1
2016-10-25,0,18.21999931335449,18.290000915527344,17.709999084472656,18.0,5.777744770050049,57674100,6.861585679055878,-0.0110502270702582,0.0630581657560648,0.2513141924809921,0.0285330783788484,0.0715090988377827,0.1449127802797729,-1,1,1
2016-10-26,0,17.700000762939453,18.25,17.610000610351562,18.100000381469727,5.809844017028809,51424400,6.774984697248199,0.0055402948232601,0.0382926965026652,0.2792464568844556,0.028524973339602,0.0714945762822476,0.14504100628005,1,1,1
2016-10-27,0,18.11000061035156,18.489999771118164,18.09000015258789,18.09000015258789,5.806634426116943,43645900,6.693538854037473,-0.0005525927688407,0.026324814055917,0.3001045472846858,0.0285165182711574,0.0714766492616078,0.1451944660399347,0,1,1
2016-10-28,0,17.989999771118164,18.290000915527344,17.950000762939453,18.09000015258789,5.806634426116943,37689700,6.442724727767846,0.0,0.0195372674863523,0.3212217272610323,0.0285080712876995,0.0714573311957259,0.1453751340262968,0,1,1
2016-10-31,0,18.030000686645508,18.170000076293945,17.610000610351562,17.690000534057617,5.6782402992248535,42059100,6.109292321269495,-0.0223597521487332,-0.0145903080504788,0.2447144075356341,0.0285046702144335,0.0714367756249447,0.1454633614245353,-1,-1,1
2016-11-01,0,17.8799991607666,17.8799991607666,16.559999465942383,16.860000610351562,5.411821842193604,68718800,5.9929563116365,-0.048055587524887,-0.0764778646894592,0.2274532011208833,0.0285198512718991,0.0714386340088609,0.1455339334612272,-1,-1,1
2016-11-03,0,16.6299991607666,17.030000686645508,16.1299991607666,16.1299991607666,5.177501678466797,56998700,5.846685630788649,-0.0442631522613867,-0.1096907898805877,0.1728194584686539,0.0285313812806487,0.0714655601148872,0.1455575237157434,-1,-1,1
2016-11-04,0,16.469999313354492,16.579999923706055,15.90999984741211,15.989999771118164,5.132563591003418,61347700,5.7607505330841295,-0.0087173787689998,-0.1239484634728476,0.135051213522294,0.0285236662577971,0.0715059441026188,0.1455559021545584,-1,-1,1
2016-11-07,0,16.709999084472656,17.209999084472656,16.709999084472656,17.209999084472656,5.524165153503418,51625300,5.778302152856456,0.0735268728448974,-0.0498689978591092,0.205005463812841,0.0285717516553249,0.0714941961094996,0.1456052879636694,1,-1,1
2016-11-08,0,17.100000381469727,17.479999542236328,16.729999542236328,17.040000915527344,5.46959924697876,56241000,5.789633228943296,-0.0099267826047228,-0.0597957804638321,0.1559128805651493,0.0285642634941368,0.0714867768364333,0.1456166175941016,-1,-1,1
2016-11-09,0,15.850000381469728,17.100000381469727,15.8100004196167,16.649999618530273,5.344415187835693,111417100,6.309971641031694,-0.0231532243925487,-0.0605892527076475,0.0977153609308897,0.0285611993759532,0.0714797300460873,0.1455958175365806,-1,-1,1
2016-11-10,1,17.100000381469727,17.18000030517578,15.5,15.5,4.97528076171875,94683900,6.651881906981361,-0.0715703220164546,-0.084103987199215,0.0156051469180341,0.0286050374107546,0.0714863067543494,0.1455534381831808,-1,-1,1
2016-11-11,0,15.18000030517578,15.460000038146973,13.9399995803833,14.010000228881836,4.497011661529541,129811400,7.307337658395346,-0.1010687025695166,-0.1409095375073449,-0.1157984042445567,0.0287007400214029,0.0715445560798087,0.1455340712197367,-1,-1,-1
2016-11-14,0,13.800000190734863,14.18000030517578,13.329999923706056,14.0,4.493802547454834,86623000,7.645487960638287,-0.0007138650930593,-0.1329060238314045,-0.0946605084024183,0.0286922880267912,0.0715937172601648,0.1455062347824581,0,-1,-1
2016-11-16,0,14.550000190734863,14.960000038146973,14.18000030517578,14.739999771118164,4.731330871582031,77406600,7.898311543785473,0.0515072952544499,-0.154925601421852,-0.0669103712248346,0.0287115366445764,0.0716683534009553,0.1454700864304477,1,-1,-1
2016-11-17,0,15.149999618530272,15.31999969482422,14.289999961853027,14.289999961853027,4.586887836456299,51535300,7.629429936913145,-0.0310047682942375,-0.1760035871113668,-0.1291484262213237,0.0287126536791541,0.0717709314345881,0.1454570022798644,-1,-1,-1
2016-11-18,0,14.369999885559082,14.6899995803833,14.210000038146973,14.520000457763672,4.660714626312256,55041300,7.55287903499965,0.0159670268338764,-0.1368833358849417,-0.1517864729308382,0.0287069748443378,0.0718237458845497,0.1454561938404047,1,-1,-1
2016-11-21,0,15.050000190734863,15.579999923706056,14.880000114440918,15.579999923706056,5.0009589195251465,59122000,7.514772758672285,0.0704608882849144,0.0051478744164271,-0.1116313487225838,0.0287499403553155,0.0718028339600787,0.1454349870500011,1,0,-1
2016-11-22,0,15.93000030517578,16.079999923706055,15.25,15.93000030517578,5.113304615020752,58636100,7.543817474828342,0.0222162129458882,0.1284327899318323,-0.1008304254546027,0.0287467246265035,0.0718521572275248,0.1454094319307919,1,1,-1
2016-11-23,0,15.720000267028809,15.989999771118164,15.529999732971191,15.850000381469728,5.087626934051514,42490100,7.362372885339669,-0.0050343902572574,0.1241122647676342,-0.112652362281425,0.0287385077067497,0.071896749547474,0.1453886566036734,-1,1,-1
2016-11-24,0,15.899999618530272,15.899999618530272,15.579999923706056,15.579999923706056,5.0009589195251465,14725000,6.326946218477182,-0.0171818226886309,0.0554231468245531,-0.1416020083581537,0.0287329514791938,0.0718893451436428,0.1453819650527089,-1,1,-1
2016-11-25,0,15.25,15.520000457763672,15.050000190734863,15.300000190734863,4.911084175109863,47630600,5.856356991551404,-0.0181349509246919,0.0682929641940987,-0.1735689283969391,0.0287277325741323,0.0718887043089842,0.1453947464858655,-1,1,-1
2016-11-28,0,15.199999809265137,15.5600004196167,15.199999809265137,15.460000038146973,4.962440967559815,38747500,5.079556604544269,0.0104030232104682,0.0627289605706905,-0.1521156781162126,0.0287205107552279,0.0718849501722218,0.1453939110132127,1,1,-1
2016-11-29,0,15.300000190734863,15.380000114440918,14.59000015258789,14.65999984741211,4.705652713775635,54075900,4.812069951345259,-0.0531332591324126,-0.0608651868466364,-0.2107892320718854,0.0287404082435357,0.0718777785556091,0.1454344451411751,-1,-1,-1
2016-11-30,0,15.899999618530272,16.190000534057617,15.609999656677246,16.0,5.1357741355896,82547300,4.926577716667326,0.0874660976009242,0.0043846978083994,-0.1227705417021204,0.0288105406279709,0.0718568764967126,0.1454180380011927,1,0,-1
2016-12-01,0,16.0,16.350000381469727,15.329999923706056,15.4399995803833,4.956021308898926,66775400,5.114196748140968,-0.0356273253311731,-0.0262082372655161,-0.1583978670332935,0.0288147078969753,0.0718381001859203,0.1454207853343603,-1,-1,-1
2016-12-02,0,15.119999885559082,15.90999984741211,14.75,15.829999923706056,5.081206321716309,58381500,5.193798612041766,0.0249454349307856,0.0159190203539002,-0.1110926799537746,0.0288128057809285,0.0718184236947176,0.1453991792515673,1,1,-1
2016-12-05,0,16.010000228881836,16.09000015258789,15.550000190734863,15.65999984741211,5.026638031005859,47586500,5.081754244649389,-0.0107973211588716,0.0232566501197206,-0.073834413587759,0.0288054851575806,0.0718000831974497,0.145364854224279,-1,1,-1
2016-12-06,0,16.0,16.200000762939453,15.739999771118164,16.149999618530273,5.183920383453369,63916700,5.1442878798134615,0.0308102236559228,0.0436638505651754,0.0012389623295506,0.0288069452508495,0.0717877310187585,0.1453220862964998,1,1,0
2016-12-07,0,16.299999237060547,16.329999923706055,15.770000457763672,15.859999656677246,5.090834140777588,50247400,5.222918939280301,-0.0181199053207547,0.0786772043768333,-0.0081635642222044,0.02880172374947,0.0717935223742232,0.1452791617457465,-1,1,0
2016-12-08,0,15.970000267028809,16.0,15.520000457763672,15.699999809265137,5.039477825164795,41104800,5.487832713048025,-0.0101392248834479,-0.0189281181075389,-0.09182966195055,0.0287942858372622,0.0717736416244278,0.1452503610724057,-1,-1,-1
2016-12-09,0,15.880000114440918,15.899999618530272,15.520000457763672,15.579999923706056,5.0009589195251465,37161200,5.3924369423318685,-0.0076727926467488,0.0090264145768853,-0.089575671992576,0.0287864292650239,0.0717531951066552,0.1452208206901888,-1,1,-1
2016-12-12,0,15.789999961853027,15.949999809265137,15.479999542236328,15.600000381469728,5.007378578186035,35436700,5.362996065756391,0.0012828623220945,-0.0146361580318056,-0.0651395852779326,0.0287780741726524,0.0717328467449669,0.145184478700066,0,-1,-1
2016-12-13,0,15.550000190734863,15.6899995803833,15.380000114440918,15.449999809265137,4.959230899810791,33455000,5.1872872136869725,-0.0096618720813497,-0.0135007089542837,-0.0032311353428278,0.0287705635299547,0.0717124078102714,0.1451417558070947,-1,-1,0
2016-12-14,0,15.43000030517578,15.470000267028809,14.739999771118164,14.739999771118164,4.731330871582031,44215700,4.761176991385861,-0.0470441370652982,-0.0913550696755048,0.0507934301613906,0.0287841636833285,0.0717236579015654,0.1451061832681143,-1,-1,1
2016-12-15,0,14.779999732971191,14.90999984741211,14.329999923706056,14.850000381469728,4.766640663146973,43338800,4.514414807349088,0.0074352621726256,-0.0657999021821244,0.0589425574270756,0.0287764209884374,0.0717190499651877,0.1450727339867018,1,-1,1
2016-12-16,0,14.899999618530272,15.140000343322754,14.760000228881836,14.760000228881836,4.73775053024292,37876200,4.281858650663724,-0.0060793419155228,-0.0617400192141994,0.0013559202571027,0.0287683810072817,0.0717124075512305,0.1450302602018399,-1,-1,0
2016-12-19,0,14.880000114440918,14.890000343322754,14.350000381469728,14.359999656677246,4.609356880187988,39128600,4.165099986748078,-0.0274741094889359,-0.0815413360563865,0.0048865790624043,0.0287674011670994,0.0717168646558285,0.1449879913351622,-1,-1,0
2016-12-20,0,14.460000038146973,14.59000015258789,14.100000381469728,14.350000381469728,4.606146335601807,31810000,3.798373922224585,-0.0006967703533694,-0.0835209687318506,-0.0117772181248415,0.0287590524965228,0.0717225707681996,0.1449454122702041,0,-1,0
2016-12-21,0,14.449999809265137,14.479999542236328,14.039999961853027,14.34000015258789,4.602937698364258,32856800,3.590893023155968,-0.0006968418043649,-0.0745559384548659,-0.0829349482141209,0.0287507110907559,0.071722685336834,0.1449140423848932,0,-1,-1
2016-12-22,0,14.460000038146973,14.460000038146973,14.010000228881836,14.010000228881836,4.497011661529541,42240500,3.556782195033505,-0.0232816287718228,-0.0507934301613906,-0.1284327899318322,0.0287476280320423,0.0717112205630556,0.1449005634657317,-1,-1,-1
2016-12-23,0,14.050000190734863,14.350000381469728,14.010000228881836,14.239999771118164,4.57083797454834,21776900,3.385534718311204,0.0162834513657156,-0.0419452409683005,-0.107114948308859,0.0287421253873721,0.0716966257447786,0.1448776579485361,1,-1,-1
2016-12-26,0,14.31999969482422,14.449999809265137,14.270000457763672,14.420000076293944,4.628615856170654,5734300,3.086103768753501,0.0125613199215734,-0.0233045791312042,-0.0773718056986547,0.0287355094389446,0.0716775223254731,0.1448447104691611,1,-1,-1
2016-12-27,0,14.5,14.550000190734863,14.260000228881836,14.40999984741211,4.625405311584473,14949200,2.8940969514644896,-0.0006938701904377,0.0034756601672938,-0.0599307249644006,0.0287271941628725,0.0716568744773482,0.1448075625656742,0,0,-1
2016-12-28,0,14.43000030517578,14.8100004196167,14.359999656677246,14.779999732971191,4.744171142578125,18979900,2.657662058432829,0.0253527345684691,0.0295251650891325,-0.0449810136063994,0.0287255848471012,0.0716402953859395,0.1447678064403052,1,1,-1
2016-12-29,0,14.850000381469728,14.880000114440918,14.520000457763672,14.869999885559082,4.773059368133545,18090600,2.4190885976662937,0.0060707396428231,0.0362927465363206,0.0142229851688363,0.0287177071631712,0.0716256760533174,0.1447265214658512,1,1,0
2017-01-02,0,14.640000343322754,14.699999809265137,14.600000381469728,14.65999984741211,4.705652713775635,7525700,2.1332864262225124,-0.0142229851688362,0.0453513901393072,-0.0874660976009242,0.0287113234494078,0.0716142495617492,0.1446966837326894,-1,1,-1
2017-01-03,0,14.949999809265137,15.649999618530272,14.949999809265137,15.5,4.97528076171875,39947800,2.169784581095289,0.0557173124302093,0.084785251203801,0.003878540160458,0.0287347150992103,0.0716244021834325,0.1446547221970036,1,1,0
2017-01-04,0,15.449999809265137,15.68000030517578,15.3100004196167,15.5,4.97528076171875,37071700,2.2450289033587736,0.0,0.0722239312822275,-0.0210668947703275,0.0287264251091114,0.0716262802263921,0.1446127686493057,0,1,-1
2017-01-05,0,15.699999809265137,15.90999984741211,15.619999885559082,15.75,5.055526256561279,47586300,2.4222947046541963,0.0160001496639102,0.0889179511365757,0.0057305760524543,0.0287208416905227,0.0716393275973995,0.1445709830944059,1,1,0
2017-01-06,0,15.779999732971191,15.920000076293944,15.5,15.65999984741211,5.026638031005859,25592000,2.300631205480949,-0.0057305760524543,0.0578346405156522,-0.0308102236559228,0.0287128489457663,0.0716333003663793,0.144529773897349,-1,1,-1
2017-01-09,0,15.5,15.600000381469728,15.329999923706056,15.329999923706056,4.920712947845459,25599000,2.3530685421128466,-0.0212979490412533,0.0304659518315757,-0.0339882673764214,0.0287089570567729,0.0716169778219701,0.1444889012466108,-1,1,-1
2017-01-10,0,15.600000381469728,15.68000030517578,15.390000343322754,15.479999542236328,4.968860626220703,26239900,2.5591151348990078,0.0097371354645535,0.0544260724649653,-0.0141119070284198,0.028701724421915,0.0716093335112244,0.1444468493122307,1,1,0
2017-01-11,0,15.640000343322754,15.68000030517578,15.270000457763672,15.65999984741211,5.026638031005859,34399300,2.7650152625159534,0.0115608135766998,0.0102695736114559,0.0051216991950288,0.0286949011362839,0.0715893180139823,0.1444051760520403,1,1,0
2017-01-12,0,16.149999618530273,16.25,15.899999618530272,15.899999618530272,5.10367488861084,49890300,3.0915846884378944,0.0152094694952644,0.0254790431067203,0.0190483063681984,0.0286890899821597,0.0715718033952436,0.144364716382055,1,1,1
2017-01-13,0,15.770000457763672,15.949999809265137,15.56999969482422,15.68000030517578,5.033059120178223,34450000,3.2642973937040134,-0.0139328724073201,-0.0044539789645102,0.0147773060422277,0.0286826811633853,0.0715511916768034,0.1443238468304337,-1,0,1
2017-01-16,0,15.699999809265137,15.75,15.579999923706056,15.75,5.055526256561279,20069600,3.3953558836873263,0.0044539789645101,0.0057305760524543,0.0662754220720363,0.028674678235655,0.0715308461470899,0.1442932556450652,1,0,1
2017-01-17,0,15.729999542236328,15.970000267028809,15.720000267028809,15.81999969482422,5.077997207641602,28663300,3.28979452772314,0.0044349801905612,0.0314635052842691,0.063275140089972,0.0286666801551392,0.0715148625849638,0.1442617914371135,1,1,1
2017-01-18,0,15.800000190734863,15.93000030517578,15.710000038146973,15.789999961853027,5.0683674812316895,24725200,3.1724737485620254,-0.0018981634499727,0.0198282063697426,0.0674563185555222,0.0286584782753155,0.0714962670045221,0.1442315923233793,0,1,1
2017-01-19,0,15.81999969482422,15.880000114440918,15.579999923706056,15.770000457763672,5.061946392059326,21677600,2.9128473683180465,-0.0012676981409657,0.0069996946520771,0.0936627299034922,0.0286502684325149,0.0714760591567963,0.1442108213683696,0,0,1
2017-01-20,0,15.84000015258789,16.190000534057617,15.8100004196167,16.0,5.1357741355896,34863500,3.012872595184665,0.0144795169071818,0.0062697420639946,0.1088390171640436,0.0286442697549606,0.0714558157106877,0.1441967543577202,1,0,1
2017-01-23,0,15.9399995803833,16.09000015258789,15.789999961853027,15.989999771118164,5.132563591003418,25139100,3.0189497847998377,-0.0006253290018864,0.0195772854694283,0.1089105299665223,0.0286360663284344,0.0714372222021227,0.1441827038951527,0,1,1
2017-01-24,0,16.1200008392334,16.43000030517578,15.970000267028809,16.040000915527344,5.1486124992370605,49710600,3.268089889101321,0.0031220010489762,0.0182453075538944,0.1353141597873214,0.0286279923072212,0.0714184156857608,0.144182491194322,1,1,1
2017-01-26,0,16.149999618530273,16.190000534057617,15.800000190734863,15.800000190734863,5.0715765953063965,37391900,3.3012727746862778,-0.0150755259453289,-0.0012651985819958,0.1039551824762768,0.0286219583619703,0.0713979300067816,0.1441661071671948,-1,0,1
2017-01-27,0,15.729999542236328,15.869999885559082,15.539999961853027,15.619999885559082,5.01379919052124,23275300,3.0275913845342486,-0.0114577856293413,-0.0108248207613643,0.0799360769253618,0.0286149974781532,0.0713777478614553,0.1441400407016417,-1,-1,1
2017-01-30,0,15.510000228881836,15.529999732971191,14.84000015258789,14.84000015258789,4.763429641723633,26779500,2.936659461536506,-0.0512260274120295,-0.0607831500324281,0.0294039197037701,0.0286325967776587,0.0713710061259838,0.1441012093787698,-1,-1,1
2017-01-31,0,14.989999771118164,15.369999885559082,14.899999618530272,15.020000457763672,4.821207046508789,30807200,3.030049639032621,0.0120563995327665,-0.0632062674068435,0.0161075846680674,0.0286259732927911,0.0713654148579868,0.1440607521801701,1,-1,1
2017-02-01,0,15.260000228881836,15.40999984741211,14.90999984741211,15.020000457763672,4.821207046508789,35977000,3.085411296907392,0.0,-0.0625809384049571,0.0100368450252443,0.0286178043743261,0.0713595092714706,0.1440198086831994,0,-1,0
2017-02-02,0,14.989999771118164,15.279999732971191,14.859999656677246,14.890000343322754,4.779480457305908,39306700,3.209525166876845,-0.0086924716425019,-0.0743954110964353,0.0155673585515787,0.0286103225365812,0.0713598470046734,0.1439793677171915,-1,-1,1
2017-02-03,0,14.920000076293944,15.34000015258789,14.770000457763672,15.34000015258789,4.923923015594482,40213400,3.384689341339887,0.0297737240181997,-0.0295461611329067,-0.0103762298604309,0.0286112479287239,0.0713423802976773,0.1439378300031429,1,-1,0
2017-02-06,0,15.380000114440918,15.470000267028809,14.949999809265137,14.960000038146973,4.801948070526123,29686500,3.312267768863646,-0.0250838900680028,-0.0431722655715681,-0.0354601199284337,0.0286091564621765,0.07132862178465,0.1438977985301851,-1,-1,-1
2017-02-07,0,15.100000381469728,15.15999984741211,14.699999809265137,14.699999809265137,4.7184906005859375,29163900,3.3292958103519075,-0.0175327231631663,-0.0094789613227049,-0.0689929927555103,0.0286039222596195,0.0713084454331131,0.1438636984283941,-1,-1,-1
2017-02-08,0,14.770000457763672,15.100000381469728,14.270000457763672,15.100000381469728,4.846887588500977,58912900,3.388037017293344,0.0268478041771649,0.0053124433216936,-0.036414612525891,0.028603181503786,0.0712883368460219,0.143823835156958,1,0,-1
2017-02-09,0,15.18000030517578,15.239999771118164,14.960000038146973,15.050000190734863,4.830836772918701,33910300,3.336801921008701,-0.0033170670500662,0.0019953762716272,-0.0184337305347039,0.0285951288700034,0.0712680817804753,0.1437826325432304,-1,0,-1
2017-02-10,0,15.199999809265137,15.630000114440918,15.140000343322754,15.579999923706056,5.0009589195251465,44467000,3.546498412649564,0.0346099803809284,0.0452978282950578,0.0064391143816711,0.0285991897545791,0.0712568996482345,0.1437417000873445,1,1,0
2017-02-13,0,15.770000457763672,15.90999984741211,15.550000190734863,15.619999885559082,5.01379919052124,36439100,3.655902689527212,0.0025642712267073,0.0180883755035652,-0.0025574279683215,0.0285911509479129,0.0712382861192664,0.1437004323606575,0,1,0
2017-02-14,0,15.739999771118164,15.949999809265137,15.5600004196167,15.81999969482422,5.077997207641602,34417400,3.707976752063984,0.0127229842113372,0.0558952497829053,-0.0050439132522486,0.0285847405057576,0.0712316073138319,0.1436591549809075,1,1,0
2017-02-15,0,15.90999984741211,16.049999237060547,15.779999732971191,15.84000015258789,5.08441686630249,47953300,3.847593239829448,0.0012634123089464,0.0746913852550181,0.0101523714640179,0.0285766549875661,0.0712350857290773,0.1436185750526518,0,1,0
2017-02-16,0,15.84000015258789,16.06999969482422,15.75,15.859999656677246,5.090834140777588,37276900,3.8513730774535313,0.0012613497832058,0.049104930861059,0.0069597422827136,0.0285685762591263,0.0712254053555858,0.1435778140282539,0,1,0
2017-02-17,0,15.739999771118164,15.899999618530272,15.600000381469728,15.609999656677246,5.010589122772217,24866600,3.7057058496727406,-0.0158881979217676,0.0365337999893576,-0.0133634358296152,0.0285628608359101,0.0712111912905156,0.1435366718728904,-1,1,0
2017-02-20,0,15.739999771118164,15.979999542236328,15.649999618530272,15.920000076293944,5.1100945472717285,33514000,3.762667354103895,0.0196644088865814,0.0215882284950106,0.0081991365069388,0.0285587577624716,0.0711932408453825,0.1434960597200397,1,1,0
2017-02-21,0,16.100000381469727,16.229999542236328,16.040000915527344,16.09000015258789,5.164662837982178,33685800,3.834827363881461,0.0106219157726969,0.0296458730410002,0.0200887504206017,0.0285518713948055,0.0711770988146623,0.1434565481961631,1,1,1
2017-02-22,0,16.0,16.020000457763672,15.56999969482422,15.699999809265137,5.039477825164795,45255400,3.720770884738178,-0.0245373516209587,-0.0076144627912955,-0.0189281181075389,0.0285495734923088,0.0711570104883256,0.1434156862172828,-1,-1,-1
2017-02-23,0,15.9399995803833,16.100000381469727,15.479999542236328,15.5600004196167,4.994540214538574,41208700,3.8041165114621833,-0.0089571118753883,-0.0178349869756304,-0.0272599009810408,0.0285422249547779,0.0711377875690164,0.1433753507316966,-1,-1,-1
2017-02-24,0,15.350000381469728,15.470000267028809,15.100000381469728,15.18000030517578,4.872565269470215,30412200,3.6568998933578714,-0.0247248109336967,-0.043821147692533,-0.0551067129637136,0.0285400154180095,0.0711244823394812,0.1433386998973215,-1,-1,-1
2017-03-01,0,15.510000228881836,15.550000190734863,15.31999969482422,15.520000457763672,4.981701374053955,25661000,3.5480376663793685,0.02215092627812,-0.0057820234926453,-0.0178802607402648,0.0285369882528608,0.0711043780704561,0.1432978980152886,1,0,-1
2017-03-02,0,15.4399995803833,15.449999809265137,14.989999771118164,15.109999656677246,4.850095272064209,38490800,3.571675331381556,-0.0267731255856958,-0.0522195579649225,-0.0331956006966192,0.0285358102525607,0.0710941460033667,0.1432581803788095,-1,-1,-1
2017-03-03,0,15.220000267028809,15.34000015258789,15.039999961853027,15.31999969482422,4.917502880096436,24516800,3.327109100302188,0.0138025084829277,-0.0490389652546918,0.031832935198338,0.0285297545941293,0.0710826915188816,0.1432204867519361,1,-1,1
2017-03-06,0,15.109999656677246,15.470000267028809,15.039999961853027,15.100000381469728,4.846887588500977,23325000,3.174882918037288,-0.014464092343878,-0.0389657059776111,0.0053124433216936,0.0285236612503263,0.071067904799046,0.14317997885164,-1,-1,0
2017-03-07,0,15.18000030517578,15.380000114440918,15.119999885559082,15.18000030517578,4.872565269470215,30927300,3.2266700586115875,0.005283783168526,-0.0247248109336967,0.0105962264902195,0.0285159412371194,0.071049793400735,0.1431398480776535,1,-1,0
2017-03-08,0,15.15999984741211,15.18000030517578,14.550000190734863,14.550000190734863,4.670344352722168,49300700,3.343724591794205,-0.0423877416266513,-0.0423877416266513,-0.0230990434939297,0.0285253050998969,0.0710360658361008,0.1430994731385432,-1,-1,-1
2017-03-09,0,14.34000015258789,14.59000015258789,14.170000076293944,14.5,4.654294490814209,46467600,3.42765499997991,-0.0034424663576302,-0.0679811342624016,-0.0563152338697597,0.0285173625874797,0.0710330667521,0.1430632809647516,-1,-1,-1
2017-03-10,0,14.720000267028809,14.880000114440918,14.239999771118164,14.3100004196167,4.593307018280029,42454600,3.362062173223145,-0.0131900918699494,-0.0543981005466552,-0.0444214356717062,0.0285109423854507,0.0710237202602058,0.1430251273309867,-1,-1,-1
2017-03-13,0,14.329999923706056,14.399999618530272,14.15999984741211,14.369999885559082,4.612566947937012,28295100,3.2126365670237336,0.0041842757848201,-0.0640163332447626,-0.0227044367237198,0.0285031345412159,0.0710186989005697,0.1429848282395999,1,-1,-1
2017-03-14,0,14.06999969482422,14.100000381469728,13.59000015258789,13.59000015258789,4.362196922302246,67172700,3.50002705845478,-0.0558087120018091,-0.1053609529026938,-0.1053609529026938,0.028525328705838,0.0710406013927626,0.1429628546361371,-1,-1,-1
2017-03-15,0,13.859999656677246,14.199999809265137,13.550000190734863,14.199999809265137,4.557998180389404,55593200,3.7491672717393913,0.043907719893517,-0.066737016177703,-0.0581361659591106,0.0285366959099559,0.0710368858309417,0.1429271199507192,1,-1,-1
2017-03-16,0,14.260000228881836,14.31999969482422,13.68000030517578,13.710000038146973,4.400715351104736,35362300,3.687526975316674,-0.0351164241048246,-0.0594656986558763,-0.127862570444864,0.0285405038322638,0.0710296733758185,0.1429148322140534,-1,-1,-1
2017-03-17,0,13.8100004196167,13.880000114440918,13.050000190734863,13.15999984741211,4.224173069000244,81797400,4.13391585154112,-0.0409435891668054,-0.0969668214650515,-0.1713704308383767,0.0285485944756255,0.0710448826936542,0.1429269002966217,-1,-1,-1
2017-03-20,0,12.979999542236328,13.670000076293944,12.90999984741211,13.600000381469728,4.3654069900512695,52351600,4.363062905790377,0.0328879060218616,-0.0508888235732405,-0.1512055090278522,0.0285515239277644,0.0710340770945739,0.1429266779439476,1,-1,-1
2017-03-21,0,13.609999656677246,13.630000114440918,12.81999969482422,13.0,4.172815799713135,46384300,4.448104016840906,-0.045120364700532,-0.1001934640585928,-0.1975892860373307,0.0285630801311031,0.0710516509081026,0.1429568887109872,-1,-1,-1
2017-03-22,0,13.199999809265137,13.720000267028809,13.029999732971191,13.65999984741211,4.384666919708252,62807700,4.537672705888967,0.0495226042610038,0.0051378522042203,-0.1493280315595327,0.0285795934557642,0.0710319397238003,0.1429554910465684,1,0,-1
2017-03-23,0,13.479999542236328,13.81999969482422,13.420000076293944,13.56999969482422,4.355777740478516,36467200,4.423714928548223,-0.0066104839179169,-0.0453803516072136,-0.1400503175556819,0.0285719611235168,0.0710191554713549,0.1429490602989806,-1,-1,-1
2017-03-24,1,13.699999809265137,13.770000457763672,13.34000015258789,13.479999542236328,4.3268890380859375,30084700,4.2950677222051175,-0.0066543631651172,-0.0169182906675061,-0.1663690896073806,0.0285643401792957,0.0710000093543283,0.1429576267404144,-1,-1,-1
2017-03-27,0,13.239999771118164,13.789999961853027,13.020000457763672,13.770000457763672,4.419975280761719,32021200,4.316934005600036,0.0212852866475441,0.0453105851468435,-0.1557057187325334,0.0285609840782379,0.0709892510693242,0.1429597159743277,1,1,-1
2017-03-28,0,13.899999618530272,14.109999656677246,13.770000457763672,13.949999809265137,4.477752208709717,44850600,4.134003765250002,0.0129870779002818,0.0254097570252638,-0.1181812892112927,0.0285547695353281,0.0709724963764999,0.1429427910388714,1,1,-1
2017-03-29,0,14.039999961853027,14.489999771118164,13.93000030517578,14.449999809265137,4.638245105743408,43051400,4.027427667486977,0.0352149033432383,0.1057450250690342,-0.0740092739926661,0.0285592307619521,0.0709990852380309,0.1429106843460011,1,1,-1
2017-03-30,0,14.550000190734863,14.640000343322754,14.350000381469728,14.449999809265137,4.638245105743408,32928600,4.021696135816823,0.0,0.0562224208080302,-0.0492844630589694,0.0285512584941538,0.0709929083338401,0.1428734767462961,0,1,-1
2017-03-31,0,14.359999656677246,14.649999618530272,14.260000228881836,14.489999771118164,4.651085376739502,33553000,3.645741403160717,0.0027645219853123,0.0655974267112595,-0.068670867351777,0.0285433909276816,0.0709914211437805,0.1428401055431697,0,1,-1
2017-04-03,0,14.539999961853027,14.75,14.529999732971191,14.670000076293944,4.708861827850342,39427200,3.560658718929207,0.0123456219733412,0.084597411849718,-0.0295521197927399,0.0285370244197041,0.0710015480657663,0.1428006051663738,1,1,-1
2017-04-04,0,14.670000076293944,14.890000343322754,14.56999969482422,14.850000381469728,4.766640663146973,24132000,3.4048455799149906,0.0121955646107242,0.0755076898128981,-0.0311590636649433,0.0285306246201575,0.0710057166972707,0.1427612710584505,1,1,-1
2017-04-05,0,15.050000190734863,15.15999984741211,14.5,14.56999969482422,4.676763534545898,49920900,3.3216602523235985,-0.0190354750496169,0.0434851368629992,-0.0357304463706823,0.0285260596872656,0.0709942229108386,0.1427224046996655,-1,1,-1
2017-04-06,0,14.619999885559082,14.869999885559082,14.420000076293944,14.529999732971191,4.663924694061279,34602700,3.3267029885438832,-0.0027490155448395,0.0055212179749215,-0.0437632450840478,0.0285181696369045,0.0709746564606171,0.142684533972991,0,0,-1
2017-04-07,0,14.609999656677246,14.899999618530272,14.600000381469728,14.699999809265137,4.7184906005859375,33024900,3.3776082233078784,0.0116316577383568,0.0171528757132783,0.0102561542809604,0.0285116521762369,0.0709563753185353,0.1426451168895101,1,1,0
2017-04-10,0,14.899999618530272,14.9399995803833,14.699999809265137,14.9399995803833,4.795528411865234,37906000,3.457467510405394,0.0161949424183876,0.0305832961463537,0.0298935630569782,0.0285064144746759,0.0709408943421914,0.1426080110105665,1,1,1
2017-04-11,0,14.970000267028809,14.989999771118164,14.550000190734863,14.68000030517578,4.712071895599365,38593200,3.419814316063497,-0.0175561986489324,0.0006814755240799,0.0255274562779951,0.0285013551908453,0.0709211600072091,0.1425702963021911,-1,0,1
2017-04-12,0,14.600000381469728,14.829999923706056,14.579999923706056,14.649999618530272,4.7024431228637695,42628900,3.4213561499756096,-0.0020455171772644,-0.0135596062639087,0.0192976633159106,0.0284934627359404,0.0709018811798133,0.1425318325398704,0,-1,1
2017-04-13,0,14.649999618530272,14.6899995803833,14.079999923706056,14.079999923706056,4.519481182098389,44572600,3.518017596329017,-0.0396849825006074,-0.0342091137148993,0.0354213928171122,0.0285005627897037,0.0708860815407516,0.1424957281653713,-1,-1,1
2017-04-17,0,14.140000343322754,14.350000381469728,13.970000267028809,14.279999732971191,4.583677291870117,46459500,3.630916991009417,0.0141043735931289,-0.0173557245769307,0.0056180465167243,0.0284947137347024,0.0708672170492443,0.1424561542866368,1,-1,0
2017-04-18,0,14.149999618530272,14.369999885559082,13.949999809265137,14.100000381469728,4.525899887084961,45349800,3.669791452604591,-0.0126851506737505,-0.0416725329890382,0.0280493199477985,0.0284882703005457,0.0708535126534733,0.1424189178848456,-1,-1,1
2017-04-19,0,14.239999771118164,14.279999732971191,13.550000190734863,13.600000381469728,4.3654069900512695,41014100,3.796813178859773,-0.0361050030927424,-0.0939724785001683,0.0328879060218616,0.0284927401965169,0.0708665741929064,0.1423824667386723,-1,-1,1
2017-04-20,0,13.800000190734863,13.899999618530272,13.630000114440918,13.880000114440918,4.455283164978027,28227600,3.5830959148275263,0.0203791957040035,-0.0560370841472322,0.0203791957040035,0.0284890681201366,0.070858067732471,0.1423442786432804,1,-1,1
2017-04-24,0,14.130000114440918,14.15999984741211,13.920000076293944,14.029999732971191,4.503431797027588,27546200,3.5090196207890934,0.0107491076247541,-0.0432424593452137,0.0762486680292895,0.0284823984600681,0.0708448477720532,0.1423187619412386,1,-1,1
2017-04-25,0,13.899999618530272,14.34000015258789,13.800000190734863,14.34000015258789,4.602937698364258,32268100,3.4945352661034343,0.0218550020469293,0.018297525202323,0.0485810658152148,0.028479345684597,0.0708269091336177,0.1422854665878343,1,1,1
2017-04-26,0,14.15999984741211,14.489999771118164,14.0,14.0,4.493802547454834,37045000,3.464163423105885,-0.0239954938648823,-0.0198023422556884,0.0311960558682495,0.0284768579018326,0.0708084154753729,0.1422488440015569,-1,-1,1
2017-04-27,0,13.989999771118164,14.029999732971191,13.5600004196167,13.729999542236328,4.407135963439941,29078500,3.3576066304605425,-0.0194741987884426,-0.0265913903703804,0.0183762202449241,0.028472499039211,0.0707910269713529,0.1422105423673609,-1,-1,1
2017-04-28,0,13.850000381469728,14.100000381469728,13.6899995803833,13.970000267028809,4.484172821044922,31061200,3.2362171809503715,0.0173290090975531,0.026842621819915,0.0144199426949331,0.0284677005967251,0.0707748243322053,0.14217187558421,1,1,1
2017-05-02,0,14.0600004196167,14.34000015258789,13.850000381469728,13.989999771118164,4.490592956542969,37830100,3.1735831361000955,0.0014307084446055,0.0078941345605171,0.0028635732392566,0.0284598740189535,0.0707556632627297,0.1421324365765474,0,1,0
2017-05-03,0,14.039999961853027,14.25,13.949999809265137,14.15999984741211,4.545159339904785,38357600,3.096963026607072,0.0120780306741358,0.0092230576098986,-0.0202732994298459,0.0284535399885949,0.0707366342981684,0.1420929985043725,1,1,-1
2017-05-04,0,14.0,14.0,13.579999923706056,13.600000381469728,4.3654069900512695,37695400,3.0162177585461385,-0.0403513609386563,-0.0529833053756868,-0.0606246603685022,0.0284611237574219,0.0707269697435725,0.1420585656877678,-1,-1,-1
2017-05-05,0,13.6899995803833,14.210000038146973,13.65999984741211,14.210000038146973,4.561209201812744,32788100,2.95770222525142,0.0438763398483853,0.0148885283375808,-0.0195128425054291,0.0284723038769549,0.0707086242778023,0.1420191585621087,1,1,-1
2017-05-08,0,14.130000114440918,14.350000381469728,13.979999542236328,14.079999923706056,4.519481182098389,36464300,3.0351632944982203,-0.0091905596750214,0.0251721674510021,-0.0410490241537918,0.0284652004797657,0.0706921164929312,0.1419815743813434,-1,1,-1
2017-05-09,0,14.149999618530272,14.239999771118164,14.039999961853027,14.140000343322754,4.5387396812438965,28008600,3.0412575738484,0.004252165729595,0.0120953240830438,-0.0489924230349211,0.0284575750571134,0.0706734458781202,0.1419451387180867,1,1,-1
2017-05-10,0,14.34000015258789,14.75,14.3100004196167,14.729999542236328,4.728122234344482,46271700,3.180652217888165,0.0408787627932579,0.0515433784316963,0.0109218148079537,0.0284662411792262,0.0706654032542186,0.1419064050648923,1,1,0
2017-05-11,0,14.880000114440918,14.920000076293944,14.640000343322754,14.81999969482422,4.757009983062744,29318000,3.1270635196458807,0.0060911829953248,0.0455565307528853,0.019762013348118,0.0284588200591895,0.0706549659415133,0.1418685510370652,1,1,1
2017-05-12,1,15.5,15.579999923706056,15.350000381469728,15.449999809265137,4.959230899810791,83518200,3.694627558480442,0.041631352139011,0.1275392438305527,0.0497617077487721,0.0284680598723257,0.0707015000157203,0.1418358852579341,1,1,1
2017-05-15,0,15.770000457763672,15.869999885559082,15.649999618530272,15.68000030517578,5.033059120178223,46914700,3.886784602502399,0.0147773060422277,0.0984402100243952,0.0483440713726123,0.0284624569596428,0.0707217132951175,0.1418029178876114,1,1,1
2017-05-16,0,15.770000457763672,15.779999732971191,15.520000457763672,15.699999809265137,5.039477825164795,34469300,3.894379738479106,0.0012744963637759,0.1089052660631928,0.0671747663853208,0.0284546672477198,0.0707504955504279,0.1417748991025731,0,1,1
2017-05-17,0,15.5600004196167,15.720000267028809,15.510000228881836,15.609999656677246,5.010589122772217,30023400,3.8469430674799057,-0.0057489730383197,0.0989041272952779,0.0634713105242655,0.0284471354834846,0.0707709184602463,0.141745815633716,-1,1,1
2017-05-18,0,12.449999809265137,14.0,12.449999809265137,13.149999618530272,4.220964431762695,142924900,4.717487739977077,-0.1714898572899705,-0.1134644927879504,-0.0683335642650975,0.0287201487537882,0.0707994059577648,0.1417133781618752,-1,-1,-1
2017-05-19,0,13.75,13.899999618530272,13.460000038146973,13.619999885559082,4.371828079223633,70983900,5.036509133729395,0.0351176061298153,-0.0844380696534599,-0.047320331728411,0.0287243614938996,0.0708060555219505,0.1416769468889354,1,-1,-1
2017-05-22,0,13.350000381469728,13.510000228881836,13.0,13.399999618530272,4.301210880279541,55014900,5.179040434363375,-0.0162846632765517,-0.1423540850690226,-0.0509198443312122,0.0287188793556319,0.0708624797887998,0.1416411080986909,-1,-1,-1
2017-05-23,0,13.449999809265137,13.600000381469728,13.380000114440918,13.489999771118164,4.330099582672119,48520100,5.343680658287239,0.0066939569349203,-0.1504374341763301,-0.0081208843035495,0.0287115030207046,0.0709277135499737,0.1416018685483309,1,-1,0
2017-05-24,0,13.75,14.09000015258789,13.6899995803833,14.050000190734863,4.509851932525635,54065800,5.393387355376462,0.0406737819924703,-0.1110381485476359,0.0121737019849172,0.0287197646095405,0.0709537065450443,0.1415635394713474,1,-1,0
2017-05-25,0,13.970000267028809,14.1899995803833,13.630000114440918,13.739999771118164,4.410345554351807,45030800,5.51072729006181,-0.0223112786651804,-0.1276004541744966,-0.0208866843050173,0.028716462455131,0.0709945327873967,0.1415246380136776,-1,-1,-1
2017-05-26,0,13.470000267028809,13.789999961853027,13.399999618530272,13.68000030517578,4.391087055206299,63326900,5.240645513182339,-0.004376226174842,0.0395131769406319,-0.0471179125267885,0.0287087576762352,0.0709819596192434,0.1414883275313629,-1,1,-1
2017-05-29,0,13.68000030517578,13.68000030517578,13.68000030517578,13.68000030517578,4.391087055206299,0,4.77211325226307,0.0,0.0043955708108163,-0.0231224186619062,0.0287009146377422,0.0709627049482044,0.1414496018325657,0,0,-1
2017-05-30,0,13.550000190734863,13.640000343322754,13.359999656677246,13.359999656677246,4.288371562957764,34663800,4.722395602472181,-0.0236697453864083,-0.0029895112990402,-0.0273179652598718,0.0286982026083216,0.0709432713960015,0.1414111726173295,-1,0,-1
2017-05-31,0,13.210000038146973,13.3100004196167,12.949999809265137,12.960000038146973,4.159976482391357,45628800,4.800535381519131,-0.0303976508377459,-0.0400811190717063,-0.075044625195171,0.0286988857783231,0.0709292389753399,0.1413806197634217,-1,-1,-1
2017-06-01,0,13.15999984741211,13.289999961853027,12.81999969482422,12.81999969482422,4.1150383949279785,42873400,3.953543722456387,-0.0108612564197041,-0.0916161574838808,-0.0873365900594805,0.0286920799240279,0.070940286889572,0.1413535420467153,-1,-1,-1
2017-06-02,0,12.789999961853027,13.050000190734863,12.68000030517578,13.050000190734863,4.188865184783936,43192600,3.696777674838495,0.0177816937306591,-0.0515231850880413,-0.0816329270029573,0.028687427045813,0.0709300434703153,0.1413247998447221,1,-1,-1
2017-06-05,0,12.960000038146973,13.239999771118164,12.920000076293944,13.18000030517578,4.230594158172607,31419400,3.490994150602849,0.0099125878223211,-0.037234371090878,-0.0313689782419798,0.0286806343939286,0.0709152251906786,0.141286799504946,1,-1,-1
2017-06-06,0,13.229999542236328,13.329999923706056,13.029999732971191,13.18000030517578,4.230594158172607,35558700,3.3726083793433856,0.0,-0.037234371090878,-0.0752453180903651,0.0286728248167593,0.0709004150242032,0.1412563734756847,0,-1,-1
2017-06-07,0,13.279999732971191,13.34000015258789,12.8100004196167,12.869999885559082,4.131087303161621,44355600,3.2523783172955163,-0.0238018042649013,-0.037366429969371,-0.089856562680245,0.0286701843324211,0.0708856479851108,0.1412301392826795,-1,-1,-1
2017-06-08,0,12.779999732971191,12.960000038146973,12.710000038146973,12.84000015258789,4.121458053588867,27749200,3.085235734973329,-0.0023336445972681,-0.0093024237288932,-0.0964423730071082,0.0286624164120755,0.0708664688792433,0.1412060666824668,0,-1,-1
2017-06-09,0,12.960000038146973,13.100000381469728,12.829999923706056,12.850000381469728,4.124667644500732,30382100,2.782124449001772,0.0007784482535085,0.0023372809443193,-0.1365426875468576,0.0286546375713578,0.0708472502209005,0.1411987319321674,0,0,-1
2017-06-12,0,12.970000267028809,13.029999732971191,12.770000457763672,12.899999618530272,4.14071798324585,30680700,3.034205058929599,0.0038837531949848,-0.0115606595913549,-0.1387501173471976,0.0286470308736941,0.0708282339501815,0.1411924719080134,1,-1,-1
2017-06-13,0,12.949999809265137,13.020000457763672,12.770000457763672,12.9399995803833,4.153557300567627,22891000,2.927903949963384,0.0030959492270847,-0.0183772981865913,-0.177285520259124,0.0286393709029397,0.0708098670766898,0.1412084454617554,1,-1,-1
2017-06-14,0,12.9399995803833,13.039999961853027,12.609999656677246,12.619999885559082,4.05084228515625,67382800,3.092879990181784,-0.0250403167937065,-0.0434176149802979,-0.2171031430950584,0.0286373106440725,0.0707969066346181,0.1412533711887067,-1,-1,-1
2017-06-15,0,12.619999885559082,12.619999885559082,12.619999885559082,12.619999885559082,4.05084228515625,0,2.7428055992259104,0.0,-0.0196158107153966,-0.2183776394588343,0.0286295426904689,0.0707787182183578,0.1412991710617585,0,-1,-1
2017-06-16,0,12.579999923706056,12.59000015258789,12.210000038146973,12.279999732971191,3.941706418991089,73551400,2.959070163589004,-0.0273111003235282,-0.0445932664416568,-0.2399397667440429,0.02862858734391,0.0707661444900964,0.1413631585325778,-1,-1,-1
2017-06-19,0,12.3100004196167,12.470000267028809,12.220000267028809,12.289999961853027,3.944916486740112,45926200,3.054815247657463,0.0008140538642876,-0.0445576608308777,-0.0676358555897848,0.0286208444150122,0.0707535635686909,0.1413308597780443,0,-1,-1
2017-06-20,0,12.119999885559082,12.130000114440918,11.760000228881836,11.859999656677246,3.806891679763794,54014700,3.1643338526810387,-0.0356147605961111,-0.0840561746219736,-0.1383682223157113,0.0286247497346517,0.0707595820083368,0.1413240887388329,-1,-1,-1
2017-06-21,0,11.949999809265137,12.119999885559082,11.59000015258789,11.640000343322754,3.7362754344940186,58778300,3.2365114251137945,-0.0187237819981262,-0.1058759058471845,-0.1408073410372858,0.0286201303211094,0.0707809508647264,0.1413185138432848,-1,-1,-1
2017-06-22,0,11.760000228881836,12.039999961853027,11.720000267028809,12.039999961853027,3.864669561386109,42284600,3.333837069812381,0.0337869411855305,-0.0470486478679475,-0.1137143567866757,0.0286235177474247,0.0707691620364209,0.141300619469348,1,-1,-1
2017-06-23,0,12.109999656677246,12.149999618530272,11.869999885559082,11.93000030517578,3.829362392425537,33601000,3.340492953481333,-0.0091778711107116,-0.0562265189786591,-0.1635660098898576,0.0286164847450181,0.070760789834209,0.1413075056356625,-1,-1,-1
2017-06-26,0,12.100000381469728,12.300000190734863,12.039999961853027,12.270000457763672,3.9384963512420654,42731300,3.422357444961792,0.0281007015672127,-0.000814717087918,-0.1131540296574644,0.0286164842088491,0.0707416309758845,0.1412893555314699,1,0,-1
2017-06-27,0,12.34000015258789,12.479999542236328,12.130000114440918,12.210000038146973,3.9192380905151367,45097600,3.584410255711827,-0.0049017434808098,-0.0065305144330153,-0.113679546963432,0.0286089354148291,0.0707225125055713,0.1412714100840953,-1,0,-1
2017-06-28,0,12.270000457763672,12.31999969482422,12.010000228881836,12.079999923706056,3.877508640289306,32077400,3.28959548940745,-0.010704425866075,0.0183798202970207,-0.1243839728295071,0.0286021911426109,0.0707051313785992,0.1412579551263242,-1,1,-1
2017-06-29,0,12.260000228881836,12.300000190734863,12.09000015258789,12.18000030517578,3.909607172012329,24380300,3.47872996185425,0.008244057053516,0.0453476593486631,-0.0924701703895825,0.0285951958652273,0.07069497565894,0.1412324034239202,1,1,-1
2017-06-30,0,12.25,12.479999542236328,12.1899995803833,12.369999885559082,3.970594882965088,29687600,3.1373567369723028,0.0154790266150637,0.0270397447781963,-0.0465934929367729,0.0285898934581141,0.0706793225973332,0.1411963949837896,1,1,-1
2017-07-03,0,12.279999732971191,12.40999984741211,12.220000267028809,12.359999656677246,3.967384338378906,31542500,3.026171116560304,-0.000808907323066,0.035408708565842,-0.0365411438401348,0.0285821871386805,0.0706658723886186,0.1411592072361519,0,1,-1
2017-07-04,0,12.34000015258789,12.43000030517578,12.31999969482422,12.43000030517578,3.989854574203491,12523500,2.717298924752385,0.005647761943451,0.0129557689420803,-0.0486750756273427,0.028574842494202,0.0706477580572939,0.1411235529973467,1,1,-1
2017-07-05,0,12.380000114440918,12.520000457763672,12.119999885559082,12.210000038146973,3.9192380905151367,41958400,2.6078333483732847,-0.0178575124228901,0.0,-0.0764451758725539,0.0285699861375176,0.0706287170358078,0.1410935025027994,-1,0,-1
2017-07-06,0,12.279999732971191,12.359999656677246,12.079999923706056,12.170000076293944,3.906398057937622,51976900,2.686462527689448,-0.0032815336302943,0.0074228922357806,-0.0797267095028483,0.0285623691804956,0.0706100731888294,0.1410643240446274,-1,1,-1
2017-07-07,0,12.130000114440918,12.170000076293944,11.850000381469728,11.93000030517578,3.829362392425537,42677000,2.755426057058617,-0.0199174244561087,-0.0207385892738442,-0.0758423296940558,0.0285582318136424,0.0705922272685707,0.1410341548201268,-1,-1,-1
2017-07-10,0,11.829999923706056,12.010000228881836,11.739999771118164,11.979999542236328,3.8454105854034415,21748800,2.587430682305177,0.0041820693365401,-0.0320355465523678,-0.0693266157602475,0.0285507618707987,0.0705764095755341,0.1410024468242309,1,-1,-1
2017-07-11,0,11.949999809265137,12.449999809265137,11.899999618530272,12.329999923706056,3.957755088806152,45500900,2.594044590751839,0.028796586256797,-0.0024300529725047,-0.0413084777569588,0.0285511730051183,0.0705573953983597,0.14096593666038,1,0,-1
2017-07-12,0,12.640000343322754,12.989999771118164,12.510000228881836,12.9399995803833,4.153557300567627,66332200,2.893934097495113,0.0482881801790283,0.0402103652630726,0.0030959492270847,0.0285658787093549,0.070545531511564,0.1409280111412205,1,1,0
2017-07-13,0,12.960000038146973,13.039999961853027,12.800000190734863,12.869999885559082,4.131087303161621,32983300,2.9751686920760383,-0.0054245060783099,0.0526433716076527,-0.0054245060783099,0.0285584411214981,0.0705383589125798,0.1408898046418507,-1,1,0
2017-07-14,0,12.960000038146973,13.0600004196167,12.90999984741211,13.050000190734863,4.188865184783936,35977500,3.040306908864701,0.0138892164425801,0.069814121680527,0.0335050271579768,0.0285527177668193,0.0705395851871075,0.1408553308143531,1,1,1
2017-07-17,0,13.029999732971191,13.050000190734863,12.869999885559082,12.890000343322754,4.137507915496826,28118700,3.0228456677271502,-0.0123362044844721,0.0773953416521639,0.0211688226735047,0.0285463835345618,0.0705452092502343,0.14081907904853,-1,1,1
2017-07-18,0,13.0,13.020000457763672,12.829999923706056,12.9399995803833,4.153557300567627,19300700,3.0827695576206566,0.0038714941202019,0.0770847664358254,0.0523514171172349,0.0285389108361077,0.0705506109505513,0.1407885394326347,1,1,1
2017-07-19,0,13.0,13.270000457763672,12.970000267028809,13.229999542236328,4.246642589569092,36513700,3.064148617248539,0.0221635438810557,0.0704517240600842,0.0737009071340031,0.02853607414843,0.0705521132458696,0.1407640625210323,1,1,1
2017-07-20,0,13.289999961853027,13.350000381469728,13.029999732971191,13.100000381469728,4.204914569854736,30114300,2.912522593780664,-0.0098747149197686,0.0122888289612873,0.0994409528103456,0.028529265788007,0.0705340441252776,0.1407492031131887,-1,1,1
2017-07-21,0,13.0,13.039999961853027,12.670000076293944,12.6899995803833,4.073309898376465,38738300,2.901346056274319,-0.0317980650977999,-0.0140847300582027,0.0863666697106718,0.0285308334323881,0.0705156043813122,0.1407291388065412,-1,-1,1
2017-07-24,0,12.829999923706056,12.920000076293944,12.770000457763672,12.880000114440918,4.134297847747803,16250400,2.868706824684365,0.0148615951864533,-0.0131123513143296,0.0674413237115946,0.0285254100401842,0.0704970994138597,0.1407027247760052,1,-1,1
2017-07-25,0,13.010000228881836,13.25,13.010000228881836,13.220000267028809,4.243432521820068,29930100,2.7633921214392,0.0260549917798465,0.0252788449499891,0.1026741866021529,0.0285243776548448,0.0704812085146927,0.1406892348014874,1,1,1
2017-07-26,0,13.300000190734863,13.34000015258789,12.979999542236328,13.0600004196167,4.192076206207275,29333000,2.460696426328207,-0.0121763729471907,0.0092309778825964,0.0623971120877493,0.028518042625995,0.070462881358443,0.1406613757084752,-1,1,1
2017-07-27,0,13.050000190734863,13.170000076293944,13.0,13.0,4.172815799713135,21825900,2.371044730097529,-0.0046050661545571,-0.0175376321530165,0.0626937894140018,0.0285105888636759,0.0704448425873636,0.140633613151093,-1,-1,1
2017-07-28,0,12.979999542236328,13.130000114440918,12.90999984741211,13.130000114440918,4.21454381942749,20980200,2.2474592286156594,0.009950298042316,0.002287380809068,0.0833485133223929,0.0285039968208793,0.0704260932325535,0.1406124610959711,1,0,1
2017-07-31,0,13.220000267028809,13.3100004196167,13.06999969482422,13.289999961853027,4.265901565551758,31397700,2.2823785369116583,0.0121121879008747,0.0461976338077427,0.0872166441697514,0.0284978740692595,0.0704163757558023,0.1405927266357954,1,1,1
2017-08-01,0,13.300000190734863,13.31999969482422,13.079999923706056,13.119999885559082,4.211333751678467,22999400,2.315498979475583,-0.0128741424574752,0.0184618961638143,0.0588634750972125,0.028491719092275,0.0703992679888861,0.1405639514915232,-1,1,1
2017-08-02,0,13.130000114440918,13.609999656677246,13.079999923706056,13.510000228881836,4.336518287658691,46342000,2.4065810600690574,0.029292385134325,0.0216992895182929,0.0889647675546037,0.0284924035948796,0.0703827337516323,0.1405448818854273,1,1,1
2017-08-03,0,13.56999969482422,13.65999984741211,13.3100004196167,13.3100004196167,4.272321224212647,31300700,2.420666498818167,-0.0149144965159296,0.0189611659495539,0.0684025090952228,0.028486771587682,0.0703657314183254,0.1405188218860115,-1,1,1
2017-08-04,0,13.40999984741211,13.479999542236328,13.260000228881836,13.399999618530272,4.301210880279541,21560500,2.291576822078773,0.006739291357951,0.030305523462062,0.0929993128760638,0.0284796737843805,0.0703510961111585,0.1405013147053237,1,1,1
2017-08-07,0,13.350000381469728,13.619999885559082,13.329999923706056,13.550000190734863,4.349358081817627,29832200,2.4157258562644994,0.0111316836905362,0.0314869091102823,0.1074125301968945,0.0284733511730133,0.0703367700265133,0.1404898784261852,1,1,1
2017-08-08,0,13.5,13.6899995803833,13.460000038146973,13.489999771118164,4.330099582672119,28907900,2.4120901487126654,-0.004437726755616,0.0149369944537915,0.1228922278973874,0.028465930189127,0.0703192010617433,0.1404858288229331,-1,1,1
2017-08-09,0,13.510000228881836,13.609999656677246,13.4399995803833,13.520000457763672,4.339729309082031,26980300,2.4004247398168355,0.0022214349303048,0.0300325718415715,0.1209315934911521,0.0284584330092291,0.0703045250023863,0.140480759892956,0,1,1
2017-08-10,1,13.600000381469728,13.65999984741211,13.149999618530272,13.1899995803833,4.2338032722473145,56194400,2.6917945818911795,-0.0247112671602446,-0.0239710804529981,0.0674237400741103,0.0284563668028161,0.0702875199126045,0.1404544115380734,-1,-1,1
2017-08-11,0,13.140000343322754,13.199999809265137,12.9399995803833,12.949999809265137,4.15676736831665,43025100,2.8712180151057947,-0.0183630105575816,-0.02741959449465,0.0007725493375003,0.0284518020495194,0.0702711273358358,0.1404169204146916,-1,-1,0
2017-08-14,0,12.979999542236328,13.220000267028809,12.90999984741211,13.079999923706056,4.198493480682373,31607400,2.8687654011069013,0.0099880685971619,-0.024170817255439,0.0161851240129723,0.0284452733779748,0.070254178383497,0.1403805294210003,1,-1,1
2017-08-15,0,13.079999923706056,13.239999771118164,13.050000190734863,13.149999618530272,4.220964431762695,24737300,2.8837606781916705,0.0053378744021752,-0.0299646265438001,0.0076337819725674,0.0284380448311845,0.0702383086293021,0.1403434615213026,1,-1,0
2017-08-16,0,13.300000190734863,13.380000114440918,13.100000381469728,13.130000114440918,4.21454381942749,44946600,2.8608751880261,-0.0015222825664823,-0.0270491823546664,0.018447703890557,0.0284305190776103,0.0702218809608992,0.1403073607467332,0,-1,1
2017-08-17,0,13.119999885559082,13.260000228881836,13.020000457763672,13.050000190734863,4.188865184783936,23503300,2.790881437397519,-0.0061114994060849,-0.0353821166910563,0.0084647103642701,0.0284232861166335,0.0702072579528129,0.1402704070111275,-1,-1,0
2017-08-18,0,13.15999984741211,13.600000381469728,13.15999984741211,13.600000381469728,4.3654069900512695,66263500,3.1808497711402413,0.041281566064301,0.0306107165334892,0.0275827325475152,0.0284319817407629,0.0701928328147533,0.1402355011109358,1,1,1
2017-08-21,0,13.640000343322754,13.65999984741211,13.279999732971191,13.34000015258789,4.281951427459717,40485900,3.26737884899372,-0.0193025776816857,0.029671149409385,0.0181548697855981,0.0284277678094097,0.0701781820859511,0.1401994523487089,-1,1,1
2017-08-22,0,13.699999809265137,13.869999885559082,13.640000343322754,13.789999961853027,4.426394939422607,55240700,3.504186498425169,0.0331766226500594,0.0528597034622825,0.0831295575334576,0.0284307640722356,0.0701712448416756,0.1401783603289629,1,1,1
2017-08-23,0,13.779999732971191,13.93000030517578,13.649999618530272,13.760000228881836,4.4167656898498535,47679700,3.689720469334785,-0.0021777854733609,0.0453440435867463,0.0660901768736433,0.0284232779098817,0.0701613627918091,0.1401518033839676,0,1,1
2017-08-24,0,13.779999732971191,13.890000343322754,13.68000030517578,13.800000190734863,4.429604530334473,32300600,3.5015389281638702,0.0029026254111569,0.0497689515643855,0.0429378105049536,0.0284158729571989,0.0701531579204117,0.1401196087261366,1,1,1
2017-08-25,0,13.869999885559082,13.9399995803833,13.8100004196167,13.880000114440918,4.455283164978027,24185600,3.360474657449731,0.0057803107978339,0.0616607617683045,0.0608944942499783,0.0284087290313229,0.0701501847562062,0.1400916361644727,1,1,1
2017-08-28,0,13.93000030517578,14.029999732971191,13.760000228881836,13.869999885559082,4.452073097229004,27208100,3.3375147624003567,-0.0007207678223479,0.0196584278816555,0.0647787925821875,0.0284012331191285,0.0701334943372858,0.1400647471336584,0,1,1
2017-08-29,0,13.760000228881836,13.850000381469728,13.68000030517578,13.850000381469728,4.445653915405273,27306400,3.371206581570662,-0.001442881519807,0.0375181240435343,0.0533856130200644,0.0283937518710195,0.0701210146205254,0.1400348995794167,0,1,1
2017-08-30,0,13.789999961853027,13.899999618530272,13.4399995803833,13.449999809265137,4.317258834838867,58871700,3.499657541088969,-0.0293062988381622,-0.0249647974446874,0.0119671262810272,0.0283940038380498,0.0701043689474751,0.1399984395829018,-1,-1,0
2017-08-31,0,13.529999732971191,13.770000457763672,13.470000267028809,13.649999618530272,4.381457328796387,82909400,4.025113024496021,0.0147607206328448,-0.0080262913384815,0.0396019893713473,0.0283886677119641,0.0700859609503238,0.1399657046559634,1,-1,1
2017-09-01,0,13.850000381469728,14.1899995803833,13.81999969482422,14.020000457763672,4.5002217292785645,60260300,3.9892327771962273,0.0267452762177346,0.0158163594680961,0.0370548804547568,0.0283880428828441,0.0700687330293995,0.1399325302132818,1,1,1
2017-09-04,0,13.960000038146973,14.18000030517578,13.9399995803833,14.170000076293944,4.548369407653809,18139300,3.80895400769606,0.0106421280526643,0.0206781767229266,0.0626115050233509,0.0283817062020139,0.0700522803293402,0.1399051271778847,1,1,1
2017-09-05,0,14.56999969482422,14.649999618530272,14.229999542236328,14.40999984741211,4.625405311584473,56476800,3.842112845039093,0.016795205273785,0.0381941498190596,0.0726674189391851,0.0283769852466039,0.0700400590765361,0.1398806775435894,1,1,1
2017-09-06,0,14.649999618530272,15.020000457763672,14.510000228881836,15.020000457763672,4.821207046508789,68418200,4.078772023589275,0.0414603192365366,0.0810973505754034,0.1029960544851854,0.0283857554986974,0.0700479162410888,0.1398674212719682,1,1,1
2017-09-07,0,15.020000457763672,15.020000457763672,15.020000457763672,15.020000457763672,4.821207046508789,0,3.794866351888799,0.0,0.1104036494135656,0.1074337812408014,0.0283782977445139,0.0700773785630131,0.1398560801933443,0,1,1
2017-09-08,0,15.100000381469728,15.149999618530272,14.6899995803833,14.710000038146973,4.721700668334961,36337400,3.921503058339698,-0.0208552755094641,0.0747876532712567,0.0843570708010324,0.028374720152188,0.0700813292934131,0.1398355242136027,-1,1,1
2017-09-11,0,14.880000114440918,15.050000190734863,14.8100004196167,14.989999771118164,4.811576843261719,34915900,4.014501514982628,0.0188558106474636,0.0668981877009857,0.1279241486087408,0.0283706995236933,0.0700809143063738,0.1398340137842803,1,1,1
2017-09-12,0,14.979999542236328,15.15999984741211,14.859999656677246,14.869999885559082,4.773059368133545,49702800,4.2443573934633845,-0.0080373801632439,0.0482186794850773,0.1382497790030783,0.0283637970574164,0.0700720817411968,0.1398380302453119,-1,1,1
2017-09-13,0,14.9399995803833,15.100000381469728,14.8100004196167,15.029999732971191,4.824416637420654,37010200,4.094324056078294,0.0107023470467821,0.0421258212580745,0.1389640574526986,0.0283574966581023,0.0700610757972877,0.1398423981198853,1,1,1
2017-09-14,0,15.029999732971191,15.260000228881836,15.020000457763672,15.039999961853027,4.82762622833252,34413800,3.7031728140995335,0.000665059423131,0.0013305614446689,0.1342912424736544,0.0283500746723078,0.0700427153372169,0.1398441427847156,0,0,1
2017-09-15,0,15.06999969482422,15.170000076293944,14.989999771118164,15.039999961853027,4.82762622833252,47784700,3.622814182240257,0.0,0.0013305614446689,0.1358135250401368,0.028342649695714,0.0700243693042962,0.1398466732892375,0,0,1
2017-09-18,0,15.020000457763672,15.1899995803833,14.979999542236328,15.039999961853027,4.82762622833252,47601200,3.915088827287693,0.0,0.0221858369541331,0.1419250244462218,0.028335230549943,0.0700082377717049,0.1398525710781026,0,1,1
2017-09-19,0,15.100000381469728,15.170000076293944,14.920000076293944,15.140000343322754,4.8597259521484375,35822100,3.7421754681471446,0.0066271651326299,0.0099571914392994,0.1072706235145509,0.028328269722883,0.0699904334370115,0.1398409612268408,1,1,1
2017-09-20,0,15.25,15.880000114440918,15.06999969482422,15.869999885559082,5.094045162200928,80267000,3.898982419035783,0.0470901944060995,0.0650847660086429,0.1736633956023361,0.0283416504568336,0.0699890830015242,0.1398667279238288,1,1,1
2017-09-21,0,15.850000381469728,15.960000038146973,15.579999923706056,15.670000076293944,5.029848575592041,46258800,4.360669580230441,-0.01268236287934,0.0417000560825207,0.1278044100729367,0.0283356426099306,0.0699779741975041,0.1398648267184166,-1,1,1
2017-09-22,0,15.600000381469728,15.800000190734863,15.43000030517578,15.6899995803833,5.036266803741455,40928300,4.429228756520137,0.0012752146736472,0.0423102113330368,0.131257410219945,0.0283282641602922,0.0699670697139765,0.1398646881840005,0,1,1
2017-09-25,0,15.789999961853027,15.960000038146973,15.699999809265137,15.84000015258789,5.08441686630249,36733200,4.466466100815941,0.0095152516218411,0.0518254629548778,0.1378700364306291,0.0283217656760982,0.0699596750063517,0.139868075469164,1,1,1
2017-09-26,0,15.859999656677246,15.899999618530272,15.5600004196167,15.5600004196167,4.994540214538574,37874200,4.3710823371368175,-0.0178349869756304,0.0339904759792473,0.1142547386571647,0.0283171878505659,0.0699462620462751,0.1398594574843678,-1,1,1
2017-09-27,0,15.699999809265137,15.720000267028809,15.109999656677246,15.3100004196167,4.91429328918457,41819300,4.424577346624215,-0.0161974019956196,0.0111659088509976,0.0987781044838931,0.0283121090099608,0.0699286329999617,0.1398441278407552,-1,1,1
2017-09-28,0,15.369999885559082,15.5,15.220000267028809,15.34000015258789,4.923923015594482,33829000,4.42543936501448,0.0019576169474009,-0.0339666686077007,0.1021786029511012,0.028304777455743,0.0699141328439952,0.139830181307519,0,-1,1
2017-09-29,0,15.5,15.520000457763672,15.300000190734863,15.300000190734863,4.911084175109863,28638300,4.246773503041163,-0.0026108466478339,-0.0238951523761945,0.1288740551414295,0.0282974477165375,0.0698976280850976,0.1398286484083347,0,-1,1
2017-10-02,0,15.1899995803833,15.399999618530272,15.0600004196167,15.399999618530272,4.943182945251465,29826200,4.083341062446674,0.00651471758909,-0.0186556494607517,0.1206280520976747,0.0282905142142737,0.0698803880132703,0.1398229601589736,1,-1,1
2017-10-03,0,15.600000381469728,15.979999542236328,15.520000457763672,15.979999542236328,5.1293535232543945,50636700,4.2532888359486725,0.0369701877674965,0.0087992866849036,0.1308529636474365,0.028295971614952,0.0698626012715008,0.1398223863858289,1,1,1
2017-10-04,0,15.899999618530272,15.9399995803833,15.649999618530272,15.65999984741211,5.026638031005859,47798600,3.918707990985719,-0.0202282552368658,0.0064060184236682,0.0999825803579064,0.0282922409430808,0.0698446530765737,0.1398074667843759,-1,0,1
2017-10-05,0,15.880000114440918,16.110000610351562,15.850000381469728,15.899999618530272,5.10367488861084,55361300,4.017665638948688,0.0152094694952644,0.0378128899145523,0.0983968445793856,0.0282871111641343,0.0698324137236423,0.1397919006715631,1,1,1
2017-10-06,0,15.65999984741211,15.770000457763672,15.539999961853027,15.6899995803833,5.036266803741455,41741300,4.025790160581794,-0.0132957525651432,0.0225595204020079,0.0436407727777057,0.0282812975860254,0.0698164972015685,0.1397601244411342,-1,1,1
2017-10-09,0,15.609999656677246,15.890000343322754,15.59000015258789,15.890000343322754,5.100464820861816,27904700,3.937609734497974,0.0126665828465167,0.0378369498963586,0.0563073556242224,0.0282755088348986,0.0698042774579726,0.1397311136065491,1,1,1
2017-10-10,0,16.1299991607666,16.190000534057617,16.010000228881836,16.190000534057617,5.196760177612305,47066600,4.0475964939808,0.0187037117261026,0.050025944033371,0.0958663428597891,0.0282715006326342,0.0697962478954891,0.1397145614080295,1,1,1
2017-10-11,0,16.170000076293945,16.25,16.010000228881836,16.079999923706055,5.161451816558838,40422100,4.053796147161437,-0.0068174889312661,0.0062382673346084,0.0701930432810593,0.028264548654955,0.0697783478905916,0.1396892681609289,-1,0,1
2017-10-12,0,16.079999923706055,16.079999923706055,16.079999923706055,16.079999923706055,5.161451816558838,0,3.723275238048511,0.0,0.0264665225714743,0.0782304234443033,0.0282572187880812,0.0697632430659723,0.139666451618339,0,1,1
2017-10-13,0,16.229999542236328,16.290000915527344,16.059999465942383,16.079999923706055,5.161451816558838,24210000,3.6921494381661857,0.0,0.0112570530762099,0.0675280763975211,0.0282498946208316,0.0697457742461914,0.1396404127497302,0,1,1
2017-10-16,0,16.15999984741211,16.260000228881836,16.0,16.1200008392334,5.174290657043457,44699700,3.85853532730183,0.0024843589361664,0.0270371645775196,0.0693473759105564,0.0282426485025991,0.0697308128787198,0.1396149032418253,0,1,1
2017-10-17,0,16.139999389648438,16.219999313354492,16.06999969482422,16.1299991607666,5.177501678466797,25524800,3.605385767911376,0.0006203798187316,0.0149909615497344,0.0699677557292879,0.0282353431336334,0.0697137909571061,0.1395895835270472,0,1,1
2017-10-18,0,16.219999313354492,16.280000686645508,16.1299991607666,16.15999984741211,5.187130928039551,25706200,3.393219119812734,0.0018580981514283,-0.0018546520249397,0.0718258538807163,0.0282280793490893,0.0696957000782467,0.1395648192119059,0,0,1
2017-10-19,0,16.0,16.15999984741211,15.899999618530272,16.149999618530273,5.183920383453369,24672800,3.0863647663591136,-0.0006191358218778,0.0043437010844486,0.0645795529262086,0.0282207774783548,0.0696777755503015,0.1395380127754216,0,0,1
2017-10-20,0,16.190000534057617,16.389999389648438,16.170000076293945,16.219999313354492,5.206389904022217,32417500,3.004132718704864,0.0043250980912562,0.0086687991757048,0.0218144566113652,0.0282136801706857,0.0696601402343921,0.1395031272587555,1,1,1
2017-10-23,0,16.290000915527344,16.290000915527344,16.1200008392334,16.200000762939453,5.199970722198486,29389900,3.0249668088858237,-0.0012337036680692,0.0074350955076356,0.033263115822636,0.0282063961716798,0.0696424256303871,0.1394697617014448,0,1,1
2017-10-24,0,16.290000915527344,16.510000228881836,16.1200008392334,16.510000228881836,5.2994771003723145,46249500,3.025967537708591,0.0189551601586311,0.0239058967301004,0.0509430613076199,0.028202518783602,0.0696268935222207,0.1394396884928319,1,1,1
2017-10-25,0,16.530000686645508,16.729999542236328,16.450000762939453,16.719999313354492,5.366882801055908,37608200,3.0124786991897405,0.0126391006163135,0.0359246175276824,0.0540669103020926,0.028196777242565,0.0696142247417617,0.1394103321670051,1,1,1
2017-10-26,0,16.780000686645508,16.889999389648438,16.65999984741211,16.729999542236328,5.37009334564209,37848300,3.415777319884685,0.0005980351707973,0.0346645545470511,0.0724999324485202,0.0281895093808641,0.0696012120227616,0.1393858547515484,0,1,1
2017-10-27,0,16.770000457763672,17.09000015258789,16.649999618530273,17.030000686645508,5.466391086578369,45640100,3.662872995310498,0.0177733427287763,0.0530570330977053,0.1064706771729161,0.0281852344251125,0.0695944679413558,0.1393736653243328,1,1,1
2017-10-30,0,16.969999313354492,17.170000076293945,16.739999771118164,16.780000686645508,5.386142730712891,55355600,3.795548385808478,-0.0147891395432981,0.0339427954631508,0.089723920682217,0.0281798844629809,0.0695812679848728,0.1393548765096683,-1,1,1
2017-10-31,0,16.899999618530273,16.950000762939453,16.719999313354492,16.770000457763672,5.382933139801025,32249000,3.877775149699537,-0.0005960754749041,0.034580423656316,0.0917386918551467,0.028172625097866,0.0695682455459335,0.139336822715471,0,1,1
2017-11-01,0,16.989999771118164,17.100000381469727,16.8799991607666,16.899999618530273,5.4246602058410645,38876600,4.031656319123775,0.007721843715469,0.023347107213154,0.0929458179815258,0.0281659618763575,0.069552654799836,0.1393192143630289,1,1,1
2017-11-02,0,16.899999618530273,16.899999618530273,16.899999618530273,16.899999618530273,5.4246602058410645,0,3.777865863419768,0.0,0.0107080065968404,0.0559756302140292,0.0281587138086245,0.0695352987340634,0.1392903633972946,0,1,1
2017-11-03,0,16.959999084472656,17.010000228881836,16.68000030517578,16.940000534057617,5.437500953674316,32605400,3.794759352701314,0.0023643092062957,0.0124742806323388,0.0785681946571908,0.0281515361151844,0.0695181324052239,0.1392677862213711,0,1,1
2017-11-06,0,17.049999237060547,17.440000534057617,16.979999542236328,17.43000030517578,5.594782829284668,46056100,4.002803547195283,0.0285149540661375,0.0232158919697001,0.091873679228064,0.028151886129352,0.069502550855651,0.1392497871782697,1,1,1
2017-11-07,0,17.309999465942383,17.350000381469727,16.5,16.5,5.296266555786133,61098400,4.158558505655372,-0.0548323769705722,-0.0168273454575741,0.0503370548226348,0.0281717711556271,0.06948547195674,0.1392197110293873,-1,-1,1
2017-11-08,0,16.690000534057617,16.950000762939453,16.510000228881836,16.950000762939453,5.44071102142334,41179600,4.202623957806045,0.0269076058958213,0.0106763359131513,0.0645780778719394,0.0281712958008713,0.0694681647704909,0.1391930658058965,1,1,1
2017-11-09,0,16.889999389648438,16.940000534057617,16.719999313354492,16.719999313354492,5.366882801055908,29399400,4.112408060590797,-0.0136624987945226,-0.0107080065968404,0.0322118673513141,0.0281656865621816,0.0694505741003705,0.1391597776816528,-1,-1,1
2017-11-10,0,16.709999084472656,16.809999465942383,16.510000228881836,16.719999313354492,5.366882801055908,35959400,4.000303832334729,0.0,-0.0107080065968404,0.0390293562825804,0.0281584609075026,0.0694329967817488,0.1391275897294483,0,-1,1
2017-11-13,1,16.690000534057617,16.770000457763672,16.389999389648438,16.639999389648438,5.341203689575195,28697700,3.7128383642451626,-0.0047962183961438,-0.0178685341992799,0.0342331378864364,0.0281514220543052,0.0694160896808346,0.139094648896012,-1,-1,1
2017-11-14,0,16.639999389648438,16.639999389648438,15.279999732971191,15.350000381469728,4.927132606506348,88765600,4.236217970876697,-0.0806938401549335,-0.127077328420351,-0.046460702268497,0.0282029317289754,0.0694562073529198,0.1390615511324866,-1,-1,-1
2017-11-15,0,15.350000381469728,15.350000381469728,15.350000381469728,15.350000381469728,4.927132606506348,0,3.817752777835449,0.0,-0.0722449514497787,-0.0489450612046634,0.0281957079088343,0.0694566216502513,0.1390288556707806,0,-1,-1
2017-11-16,0,15.619999885559082,16.040000915527344,15.479999542236328,15.8100004196167,5.074786186218262,42703800,4.247766976550677,0.0295271957969393,-0.0696253615486606,-0.0200382452264556,0.028196599023336,0.0694556829103658,0.1389931988069061,1,-1,-1
2017-11-17,0,15.920000076293944,16.1200008392334,15.8100004196167,16.020000457763672,5.142193794250488,38376900,4.287550518394241,0.0131954033844,-0.0427674593697379,-0.0087009399934839,0.0281910477474372,0.0694439873347919,0.1389572484332487,1,-1,0
2017-11-20,0,16.020000457763672,16.020000457763672,16.020000457763672,16.020000457763672,5.142193794250488,0,3.77625861305812,0.0,-0.0427674593697379,-0.0080818041716061,0.0281838379098482,0.0694322955112514,0.1389213221906713,0,-1,0
2017-11-21,0,16.149999618530273,16.309999465942383,15.850000381469728,15.899999618530272,5.10367488861084,45817800,3.598162852486433,-0.0075189499890524,-0.0454901909626465,-0.0199258522519148,0.028177099389081,0.0694214522840303,0.1388857427121845,-1,-1,-1
2017-11-22,0,16.09000015258789,16.239999771118164,15.93000030517578,16.110000610351562,5.171080589294434,37444900,3.537810187099386,0.0131208315081858,0.0483244807004728,-0.0055713170756597,0.0281715436558003,0.069413047775284,0.1388498715016307,1,1,0
2017-11-23,0,15.979999542236328,16.260000228881836,15.9399995803833,16.190000534057617,5.196760177612305,15403600,3.383565105917138,0.0049537104992903,0.0532781911997632,-0.0195727667350006,0.0281646027592654,0.0694065727598456,0.138814330039116,1,1,-1
2017-11-24,0,16.25,16.3700008392334,16.040000915527344,16.100000381469727,5.167872428894043,18790700,3.193310421190705,-0.0055743072846152,0.0181766881182085,-0.0377861746359293,0.0281576617758628,0.0693903181784079,0.1387802983280513,-1,1,-1
2017-11-27,0,16.010000228881836,16.020000457763672,15.779999732971191,15.869999885559082,5.094045162200928,28445800,3.17669012009748,-0.0143888390823113,-0.0094075543485027,-0.0527730488890379,0.028152265330548,0.069372769094049,0.138748434424281,-1,-1,-1
2017-11-28,0,15.93000030517578,16.040000915527344,15.8100004196167,15.84000015258789,5.08441686630249,30429600,2.61585277025799,-0.0018918965838517,-0.0112994509323545,-0.072438288201666,0.0281451079759317,0.0693553491581295,0.1387206666618446,0,-1,-1
2017-11-29,0,15.869999885559082,15.920000076293944,15.31999969482422,15.329999923706056,4.920712947845459,45973000,3.064731886063252,-0.0327269175932155,-0.0365074185365177,-0.0903760662515835,0.0281474231314914,0.069342000330002,0.1386978790311233,-1,-1,-1
2017-11-30,0,15.300000190734863,15.470000267028809,14.989999771118164,15.380000114440918,4.936761856079102,52811400,3.152048543636734,0.0032561934436849,-0.0463720566010185,-0.0865237973329944,0.0281403713397629,0.0693315179494231,0.1386739317811607,1,-1,-1
2017-12-01,0,15.34000015258789,15.770000457763672,15.260000228881836,15.609999656677246,5.010589122772217,42703800,3.185046265015198,0.0148438760109688,-0.0364818910893401,-0.0794017650374946,0.0281352978157673,0.0693181736787334,0.1386479840046277,1,-1,-1
2017-12-04,0,15.649999618530272,15.800000190734863,15.460000038146973,15.479999542236328,4.968860626220703,43821500,3.6171047901904223,-0.0083629339901002,-0.0392705177948251,-0.0877646990275949,0.0281287175832662,0.0693055699897369,0.1386244243450423,-1,-1,-1
2017-12-05,0,15.5,15.829999923706056,15.210000038146973,15.3100004196167,4.91429328918457,30228000,3.4478674784230128,-0.011042606842588,-0.0359242855551018,-0.1011716150764787,0.028122594543193,0.0692920985730221,0.1386052195675997,-1,-1,-1
2017-12-06,0,15.220000267028809,15.699999809265137,15.140000343322754,15.520000457763672,4.981701374053955,39238500,3.451526242700861,0.0136235173400428,-0.0204088716312071,-0.1160630518025733,0.0281172131323701,0.0692756647435531,0.1385916196366333,1,-1,-1
2017-12-07,0,15.300000190734863,15.489999771118164,15.06999969482422,15.260000228881836,4.898243427276611,37281400,3.6550409664612986,-0.0168948174502452,-0.0045767714882368,-0.0781254922822462,0.0281125390532019,0.0692580387757955,0.1385653642193962,-1,0,-1
2017-12-08,0,15.510000228881836,15.68000030517578,15.350000381469728,15.350000381469728,4.927132606506348,39584500,3.849359802627299,0.0058805408324674,-0.0019524240994543,-0.0991525573456,0.0281057517144373,0.0692404047935295,0.1385454666712646,1,0,-1
2017-12-11,0,15.479999542236328,15.56999969482422,15.369999885559082,15.380000114440918,4.936761856079102,21281600,3.770302927874656,0.0019524240994542,-0.0148438760109687,-0.083537634451623,0.0280986657603694,0.0692233759594121,0.1385207064748321,0,-1,-1
2017-12-12,0,15.359999656677246,15.489999771118164,15.18000030517578,15.489999771118164,4.972070217132568,36201200,3.820461317582711,0.007126674512919,0.0006457324920505,-0.0764109599387038,0.0280920429421197,0.0692057974683188,0.1384940378232373,1,0,-1
2017-12-13,0,15.649999618530272,15.68000030517578,15.109999656677246,15.18000030517578,4.872565269470215,46828900,3.824344385735324,-0.0202157482727157,-0.008527408938077,-0.0918304898152758,0.0280884773603022,0.0691883525461707,0.1384717661380298,-1,-1,-1
2017-12-14,0,15.100000381469728,15.3100004196167,15.0,15.010000228881836,4.817996978759766,37177300,3.6624343733018896,-0.0112622706696514,-0.0334131969477714,-0.0223989203299936,0.0280824287894938,0.0691743576905196,0.1384367129433276,-1,-1,-1
2017-12-15,0,15.050000190734863,15.239999771118164,14.949999809265137,14.949999809265137,4.798738956451416,55668300,3.767930408659558,-0.0040051111273327,-0.020523490624859,-0.0264040314573265,0.0280754337462722,0.0691580250328708,0.1384019392248763,-1,-1,-1
2017-12-18,0,15.15999984741211,15.329999923706056,15.130000114440918,15.220000267028809,4.885404586791992,42760400,3.750387426002785,0.0178989383441668,-0.0085050931131596,-0.038032288910099,0.0280713354914203,0.0691406165469025,0.1383682612663792,1,-1,-1
2017-12-19,0,15.18000030517578,15.25,15.0600004196167,15.140000343322754,4.8597259521484375,22639700,3.673940802996579,-0.0052700564601032,-0.0157275736727173,-0.0564977487546023,0.0280644482564816,0.0691237472267261,0.1383373315582545,-1,-1,-1
2017-12-20,0,15.210000038146973,15.300000190734863,15.170000076293944,15.239999771118164,4.891824245452881,20149700,3.4816547255572474,0.0065832423727113,-0.0162710058129251,-0.0499145063818911,0.0280577850065032,0.0691069452396751,0.1383053073359389,1,-1,-1
2017-12-21,0,15.3100004196167,15.869999885559082,15.300000190734863,15.859999656677246,5.090834140777588,47219400,3.596290890460588,0.0398764052327424,0.0438211476925329,-0.0025191511600962,0.0280652734828191,0.0690971949891967,0.1382700107470591,1,1,0
2017-12-22,0,15.75,15.890000343322754,15.6899995803833,15.75,5.055526256561279,18708500,3.396958569069014,-0.0069597422827136,0.0481236760794707,-0.0225997249509957,0.028058575658329,0.0690889637037416,0.1382351240123533,-1,1,-1
2017-12-25,0,15.75,15.75,15.75,15.75,5.055526256561279,0,3.188487891313949,0.0,0.0521287872068035,-0.027553435450286,0.0280514903537313,0.06908226430739,0.1382005868568346,0,1,-1
2017-12-26,0,15.75,15.989999771118164,15.6899995803833,15.970000267028809,5.126144409179688,22173100,3.056867187888648,0.0138718462505859,0.0481016951132227,-0.0081072819150848,0.0280462281066693,0.0690740195612238,0.138165327992725,1,1,0
2017-12-27,0,15.989999771118164,16.139999389648438,15.979999542236328,16.049999237060547,5.151822566986084,23552200,2.8448686447708007,0.0049967491221837,0.0583685006955096,0.0112783062894099,0.0280394081492045,0.0690699313716779,0.1381307399031164,1,1,0
2017-12-28,0,16.100000381469727,16.1299991607666,16.0,16.100000381469727,5.167872428894043,19011500,2.684399350984209,0.0031105327929012,0.0548957911156995,0.0162807356661631,0.0280324442182545,0.0690643420670713,0.1380965686997579,1,1,1
2017-12-29,0,16.100000381469727,16.100000381469727,16.100000381469727,16.100000381469727,5.167872428894043,0,2.154328882801861,0.0,0.0150193858829571,0.0490076532593785,0.0280253797153095,0.0690479550930829,0.1380672550399543,0,1,1
2018-01-02,0,16.190000534057617,16.549999237060547,16.190000534057617,16.549999237060547,5.312314033508301,33461800,2.092534540498068,0.0275664468164674,0.0495455749821381,0.073317906632161,0.0280253143832979,0.0690402428959525,0.1380441006634949,1,1,1
2018-01-03,0,16.489999771118164,16.719999313354492,16.3700008392334,16.700000762939453,5.360464572906494,55940900,2.4692392607171825,0.0090231171958822,0.0585686921780206,0.0674971478170744,0.0280190420855244,0.0690362250008072,0.1380192863408919,1,1,1
2018-01-04,0,16.780000686645508,16.959999084472656,16.6200008392334,16.729999542236328,5.37009334564209,37064900,2.668604152059756,0.001794645794377,0.0464914917218116,0.0776547276015517,0.028012030653298,0.0690273884159458,0.137997470842383,0,1,1
2018-01-05,0,16.700000762939453,16.860000610351562,16.56999969482422,16.829999923706055,5.402192115783691,26958200,2.4805900672885333,0.0059595273924105,0.0474542699920383,0.0946568618365503,0.0280053380122534,0.0690188949570188,0.1379815085420271,1,1,1
2018-01-08,0,16.739999771118164,17.030000686645508,16.709999084472656,17.030000686645508,5.466391086578369,28400000,2.6009635858769853,0.0118138153363656,0.056157552535503,0.0928471598328731,0.027999616752929,0.0690138138311685,0.1379648687480993,1,1,1
2018-01-09,0,17.030000686645508,17.15999984741211,16.959999084472656,17.030000686645508,5.466391086578369,35070900,2.981368514343282,0.0,0.056157552535503,0.1097419772831184,0.0279925816343535,0.0690087250559689,0.1379549662010411,0,1,1
2018-01-10,0,16.920000076293945,17.049999237060547,16.770000457763672,16.799999237060547,5.392561435699463,28547700,3.06129988161884,-0.0135981418786057,0.0149929638404299,0.0902632945720451,0.0279871354095133,0.0689923860283169,0.1379373756671939,-1,1,1
2018-01-11,0,16.8799991607666,17.299999237060547,16.84000015258789,17.25,5.537006378173828,37921500,3.2371744115918037,0.0264334977378652,0.0324033443824129,0.1147443682104562,0.0279865233827287,0.0689793035173989,0.1379296420911163,1,1,1
2018-01-12,0,17.040000915527344,17.40999984741211,17.020000457763672,17.299999237060547,5.553054332733154,45912100,3.5481146205325365,0.0028941168455274,0.0335028154335634,0.1105118105430646,0.0279795927307011,0.0689665062806781,0.1379200280737836,1,1,1
2018-01-15,0,17.31999969482422,17.440000534057617,17.149999618530273,17.350000381469727,5.569105625152588,28945400,3.867977273352504,0.0028863644515012,0.030429652492654,0.1336139232672814,0.0279726667809883,0.0689529581664986,0.1379213417388664,1,1,1
2018-01-16,0,17.350000381469727,17.84000015258789,17.299999237060547,17.649999618530273,5.665399551391602,58618300,4.174220980832834,0.0171429507501353,0.0357587879064235,0.1620191446870681,0.0279683794421186,0.0689407723168093,0.137938743635774,1,1,1
2018-01-17,0,17.920000076293945,18.36000061035156,17.809999465942383,18.36000061035156,5.893301486968994,58488900,4.263162465317597,0.0394389429259051,0.0751977308323286,0.2054631987403061,0.0279755009425155,0.0689450388114094,0.1379864282209046,1,1,1
2018-01-18,0,18.350000381469727,18.530000686645508,17.93000030517578,18.21999931335449,5.848361492156982,48575800,4.431917537590654,-0.0076548295305767,0.0811410431803577,0.1799094308655624,0.0279689838825721,0.06895273563912,0.1380152978785637,-1,1,1
2018-01-19,0,18.309999465942383,18.420000076293945,18.030000686645508,18.26000022888184,5.861201763153076,33470200,4.532206430256109,0.0021931263980949,0.0569006718405871,0.1873726137237607,0.0279620381143124,0.068947929004833,0.1380492662040472,0,1,1
2018-01-22,0,18.26000022888184,18.46999931335449,18.09000015258789,18.46999931335449,5.928607940673828,33920000,4.623190443821181,0.0114347752307979,0.0654413302258575,0.1922241465818475,0.0279562685376215,0.0689470169827741,0.1380866064778432,1,1,1
2018-01-23,0,18.39999961853028,18.459999084472656,18.0,18.239999771118164,5.854780197143555,35567700,4.655989881497791,-0.0125309815367367,0.0500239842376198,0.1398167598123682,0.0279506237177792,0.0689394368058403,0.138090790569275,-1,1,1
2018-01-24,0,18.420000076293945,19.6299991607666,18.420000076293945,19.34000015258789,6.207863807678223,89768200,5.456288538366041,0.0585583891505967,0.0914394226380811,0.2053348912456785,0.027974553755005,0.0689536181757636,0.1381377593509589,1,1,1
2018-01-25,0,19.34000015258789,19.34000015258789,19.34000015258789,19.34000015258789,6.207863807678223,0,5.039650367553051,0.0,0.052000479712176,0.2053348912456785,0.0279675667512451,0.068946770348804,0.1381845822791635,0,1,1
2018-01-26,0,19.6200008392334,19.979999542236328,19.100000381469727,19.93000030517578,6.3972487449646,81989500,5.574517189005942,0.0300511698957918,0.0897064791385446,0.2215142148908844,0.027968771654176,0.0689597247739155,0.1382442144751334,1,1,1
2018-01-29,0,19.670000076293945,20.049999237060547,19.56999969482422,19.850000381469727,6.37156867980957,55726200,5.959192374326442,-0.0040223145063336,0.0834910382341159,0.212495151262367,0.0279619210596505,0.0689686639458767,0.1382963372111775,-1,1,1
2018-01-30,0,19.770000457763672,19.770000457763672,19.36000061035156,19.489999771118164,6.256013870239258,46203000,5.873771020300014,-0.0183024794831593,0.0537537835201585,0.1910821389863063,0.0279578597380926,0.0689624661651161,0.1383321098701875,-1,1,1
2018-01-31,0,19.739999771118164,19.93000030517578,19.68000030517578,19.700000762939453,6.323420524597168,41576600,5.711485566969943,0.0107170636468091,0.0770018287037044,0.2017992026331155,0.0279519598208098,0.0689675129391791,0.1383756510168026,1,1,1
2018-02-01,0,19.76000022888184,20.6200008392334,19.76000022888184,20.520000457763672,6.586629867553711,51950200,5.826747050812932,0.0407815327289263,0.0592249722820342,0.2150142885455747,0.0279599795767063,0.068963587761824,0.138429339830692,1,1,1
2018-02-02,0,20.299999237060547,20.420000076293945,19.850000381469727,19.96999931335449,6.4100871086120605,50657800,6.081814347193353,-0.0271689563988401,0.032056015883194,0.1788222149508521,0.0279594861245742,0.0689504117545233,0.1384562485547203,-1,1,1
2018-02-05,0,19.64999961853028,19.96999931335449,19.040000915527344,19.040000915527344,6.111569881439209,62268600,6.437910632857967,-0.0476891837405422,-0.04568433775314,0.1293383854159328,0.0279725683780171,0.0689403181342205,0.1384544031053068,-1,-1,1
2018-02-06,0,18.65999984741211,19.989999771118164,18.6200008392334,19.989999771118164,6.416506767272949,74146500,6.968740702566235,0.0486901757823955,0.0070281525355892,0.1720690338059178,0.0279868939917485,0.068923378800397,0.13847672908621,1,1,1
2018-02-07,0,19.96999931335449,20.21999931335449,19.36000061035156,19.440000534057617,6.239964962005615,61910300,6.629530193399766,-0.0278992850667875,-0.0025686530480389,0.1323559334027645,0.0279867365124653,0.0689062026044484,0.1384762886762755,-1,0,1
2018-02-08,0,19.549999237060547,19.739999771118164,18.799999237060547,19.049999237060547,6.114780902862549,51115100,7.24972573471607,-0.020265628263415,-0.0335513449582631,0.1120903051393494,0.027983341294641,0.0688927786881582,0.1384664519092958,-1,-1,1
2018-02-09,0,19.030000686645508,19.38999938964844,18.51000022888184,18.770000457763672,6.024904727935791,68727600,7.030603961966657,-0.0148072725779988,-0.0891401502651884,0.1108811744399562,0.027978270825263,0.0689034467525668,0.1384560882360508,-1,-1,1
2018-02-14,0,19.01000022888184,19.36000061035156,18.959999084472656,19.25,6.178977966308594,43402800,6.85821471722568,0.0252512137122891,-0.036719980154059,0.10969889041438,0.0279770947017455,0.0688907946107449,0.1384452155930322,1,-1,1
2018-02-15,0,19.5,19.540000915527344,19.170000076293945,19.39999961853028,6.22712516784668,31978000,6.6797988102150185,0.0077618963415619,0.0187310999280451,0.1145666699104144,0.0279707197198498,0.0688751244326985,0.1384363941796493,1,1,1
2018-02-16,0,19.459999084472656,19.57999992370605,19.309999465942383,19.420000076293945,6.233546257019043,34736300,6.587776793768818,0.0010306169742839,-0.0289284588800661,0.1127109224331974,0.0279637959509832,0.0688607264209701,0.1384267584707542,0,-1,1
2018-02-19,0,19.549999237060547,20.100000381469727,19.549999237060547,20.049999237060547,6.435764312744141,40925500,6.431437232330604,0.0319252148251024,0.0308960410118236,0.1274931865081646,0.027966029485112,0.0688473853800886,0.1384237920446156,1,1,1
2018-02-20,0,19.8799991607666,20.81999969482422,19.81999969482422,20.440000534057617,6.56095027923584,67418700,6.664805680714633,0.0192648437902702,0.0704265130655088,0.1073190873725297,0.0279624627099495,0.0688489030059363,0.1384118787089389,1,1,1
2018-02-21,0,20.59000015258789,20.8799991607666,20.25,20.25,6.499963283538818,55678400,6.627796568155572,-0.009338923905161,0.0758948617383467,0.1056349929979454,0.0279562745602914,0.0688533391860903,0.1383992762128433,-1,1,1
2018-02-22,0,20.59000015258789,20.81999969482422,20.540000915527344,20.739999771118164,6.657246112823486,38170900,6.187988481896696,0.0239093742666641,0.0745530222927217,0.1273512408665146,0.0279545056731346,0.0688570091015295,0.1383961747108505,1,1,1
2018-02-23,0,20.950000762939453,21.13999938964844,20.6200008392334,21.1200008392334,6.779222965240479,55755600,6.17144281361659,0.0181565860217817,0.0849477119729412,0.1340730516574982,0.0279505716264635,0.0688667214456194,0.138396330851716,1,1,1
2018-02-26,0,21.39999961853028,21.690000534057617,21.3799991607666,21.520000457763672,6.907615184783936,48160500,6.2113593015607815,0.0187619645102532,0.1026790595089102,0.1653659977044879,0.0279468377229184,0.0688885255789669,0.1384138803138287,1,1,1
2018-02-27,0,21.46999931335449,21.850000381469727,21.34000015258789,21.5,6.901196002960205,42912500,5.9773562058643535,-0.0009297226529993,0.0698241220308085,0.105877885900892,0.0279399344808619,0.0688896029209737,0.1384012892083763,0,1,1
2018-02-28,0,21.6299991607666,21.770000457763672,21.18000030517578,21.459999084472656,6.8883562088012695,66229400,6.35045012660075,-0.0018622501546727,0.0486970280858658,0.1040156357462193,0.0279330562899826,0.0688814833829391,0.1383879529435502,0,1,1
2018-03-01,0,21.39999961853028,21.459999084472656,20.76000022888184,21.030000686645508,6.750332355499268,66380900,6.844455658940268,-0.0202407386662901,0.0377952133247367,0.0537237271841375,0.0279297119504623,0.0688698838081579,0.138359511251598,-1,1,1
2018-03-02,0,20.700000762939453,21.51000022888184,20.51000022888184,21.51000022888184,6.904405117034912,52682900,7.136565981620814,0.022567889132744,0.0364537281908167,0.0803139308232152,0.0279273961626256,0.0688579196584405,0.1383379272573954,1,1,1
2018-03-05,0,21.489999771118164,22.170000076293945,21.36000061035156,22.1200008392334,7.100208759307861,54242600,7.378143478117087,0.0279645556776526,0.0462616978466877,0.1265809659840274,0.0279275032900886,0.0688489518826896,0.1383343112107837,1,1,1
2018-03-06,0,22.5,22.6299991607666,21.86000061035156,21.89999961853028,7.02958869934082,57240800,7.298869408254161,-0.0099959887183381,0.0175037446180964,0.1058679136188799,0.0279214687143974,0.0688331755798288,0.1383216824430808,-1,1,1
2018-03-07,0,21.690000534057617,21.96999931335449,21.3700008392334,21.670000076293945,6.9557647705078125,50956600,7.284056050818648,-0.0105574184716207,0.007876048799475,0.0545289624183329,0.0279155380055318,0.0688164578342823,0.1382934459679285,-1,1,1
2018-03-08,0,21.850000381469727,21.8799991607666,21.31999969482422,21.700000762939453,6.965394020080566,36156800,7.279558295213116,0.0013833979273277,0.0111216968814754,0.0830813167445008,0.0279086830306213,0.0687999987739157,0.1382727244294842,0,1,1
2018-03-09,0,21.780000686645508,22.38999938964844,21.59000015258789,22.38999938964844,7.186873912811279,45560000,7.179262559360173,0.0313021174747829,0.0626645530225484,0.162072617959826,0.0279105515258508,0.0687975888487152,0.1382880050772692,1,1,1
2018-03-12,0,22.540000915527344,22.59000015258789,22.229999542236328,22.32999992370605,7.167613983154297,32363900,6.979443119608277,-0.0026834731206261,0.0374131907691783,0.1106989690568041,0.0279037387911732,0.0687859194657496,0.1382772879443459,0,1,1
2018-03-13,0,22.450000762939453,22.540000915527344,22.059999465942383,22.11000061035156,7.0969977378845215,34732800,6.88092666560257,-0.0099009806256596,-0.000452345534134,0.1286972734979322,0.0278977101296447,0.0687689595238006,0.1382745560318605,-1,0,1
2018-03-14,0,22.299999237060547,22.440000534057617,22.09000015258789,22.3799991607666,7.18366289138794,31947600,6.43107333033384,0.012137564180429,0.0216812073646332,0.1611004659417762,0.0278921862340949,0.0687538589664365,0.1382891124457803,1,1,1
2018-03-15,0,22.049999237060547,22.18000030517578,21.309999465942383,21.309999465942383,6.840208530426025,81097800,6.64266035785314,-0.0489911869065977,-0.0167525610703438,0.1269165516131774,0.0279063189210572,0.0687378088938107,0.1382854658450931,-1,-1,1
2018-03-16,1,21.46999931335449,21.739999771118164,21.229999542236328,21.43000030517578,6.878726005554199,57891900,6.711074526310374,0.0056152431130615,-0.01252071588461,0.1072805810139498,0.02789976134094,0.0687213575981403,0.1382732771388201,1,-1,1
2018-03-19,0,21.270000457763672,21.36000061035156,20.86000061035156,20.93000030517578,6.718235015869141,42218400,6.509670870363154,-0.0236079875977994,-0.0674308209571923,0.0759106970745884,0.02789773666611,0.0687202254378233,0.1382503535567746,-1,-1,1
2018-03-20,0,21.18000030517578,21.40999984741211,21.11000061035156,21.15999984741211,6.792059898376465,30106800,6.117001556343164,0.010928794340786,-0.0538185534957801,0.0858088744410903,0.0278919800172921,0.0687132783800415,0.1382304380089447,1,-1,1
2018-03-21,0,21.25,22.09000015258789,21.200000762939453,22.049999237060547,7.077737808227539,53106300,6.159524926025266,0.0412000701065703,-0.0027175027635501,0.0950837297225584,0.0279001954296212,0.0686963945827779,0.1382136526449038,1,0,1
2018-03-22,0,21.86000061035156,22.040000915527344,21.57999992370605,21.71999931335449,6.971810817718506,50033300,6.351951182117538,-0.0150793453256536,-0.0299344122696326,0.0607395406066345,0.0278953078050437,0.0686824881332452,0.1381868357664173,-1,-1,1
2018-03-23,0,21.61000061035156,22.11000061035156,21.530000686645508,21.75,6.981441974639893,52815800,6.433894100812533,0.0013804893517317,0.0204372639886966,0.0714589538635274,0.027888494614083,0.0686672782533673,0.1381627075138162,0,1,1
2018-03-26,0,22.06999969482422,22.200000762939453,21.84000015258789,22.030000686645508,7.07131814956665,30174900,6.396995552149919,0.0127914231217864,0.0276134439974216,0.0603410027186497,0.0278831417809159,0.0686533668103447,0.1381358252121197,1,1,1
2018-03-27,0,22.13999938964844,22.18000030517578,21.3700008392334,21.440000534057617,6.881936550140381,43568100,6.502824650887812,-0.0271468175350048,0.0240746140602162,0.0150375991618632,0.0278827008454214,0.0686387824684254,0.138102277876087,-1,1,1
2018-03-28,0,21.26000022888184,21.40999984741211,20.989999771118164,21.200000762939453,6.804899215698242,38539300,6.567819602567599,-0.0112572619867529,0.0018885577326771,-0.0149816273351428,0.0278769544256878,0.0686219801874716,0.1380683768047435,-1,0,-1
2018-03-29,0,21.26000022888184,21.559999465942383,21.229999542236328,21.40999984741211,6.872306823730469,34318800,5.935085717100149,0.0098570064115703,-0.0294545059623231,-0.0041948982705732,0.0278710230832855,0.0686080361859357,0.1380342656590586,1,-1,0
2018-04-02,0,21.36000061035156,21.459999084472656,20.770000457763672,20.89999961853028,6.70860481262207,37275000,5.64109923285285,-0.0241088292944608,-0.0384839899311303,-0.0264414774103615,0.0278692272726916,0.068596220192915,0.1380011202775448,-1,-1,-1
2018-04-03,0,21.11000061035156,21.190000534057617,20.65999984741211,20.709999084472656,6.647616386413574,39245800,5.595972979171556,-0.0091326504998037,-0.0489971297826659,-0.0153333892438751,0.027863118528272,0.068587608064041,0.1379673084912598,-1,-1,-1
2018-04-04,0,20.309999465942383,20.600000381469727,20.11000061035156,20.3799991607666,6.54169225692749,58475700,5.949256231346902,-0.0160624654004474,-0.0778510183048998,-0.0539637437770667,0.0278585185171791,0.0685918179440385,0.1379378209322574,-1,-1,-1
2018-04-05,0,21.14999961853028,21.32999992370605,21.030000686645508,21.14999961853028,6.788849353790283,88599000,6.396930624040989,0.0370855784440447,-0.0136186223258501,-0.0448427210106747,0.0278638981138362,0.0685755903210076,0.137906856697287,1,-1,-1
2018-04-06,0,20.979999542236328,21.280000686645508,20.82999992370605,21.280000686645508,6.830580234527588,47908900,6.354116019538265,0.0061281584613416,0.0037667981222445,-0.0287185738309948,0.0278574507983041,0.068558908423899,0.1378739992471968,1,0,-1
2018-04-09,0,21.43000030517578,21.440000534057617,20.530000686645508,20.530000686645508,6.589838027954102,44248900,6.201055462100791,-0.0358808540319069,-0.0419710623212325,-0.054042009391281,0.0278618018496148,0.0685480855443782,0.1378445850533755,-1,-1,-1
2018-04-10,0,20.90999984741211,21.51000022888184,20.76000022888184,21.39999961853028,6.869097232818604,58545100,6.5756354198804585,0.0415039206875213,0.0236416876607495,-0.0139214866310873,0.027870219287012,0.0685335357716635,0.1378108360164172,1,1,-1
2018-04-11,0,21.350000381469727,21.89999961853028,21.32999992370605,21.799999237060547,6.997489929199219,62378300,6.846801632299025,0.0185188127658931,0.0512931509264466,-0.0267047913399769,0.0278664873091163,0.0685266050117502,0.1377778743735228,1,1,-1
2018-04-12,0,21.790000915527344,21.940000534057617,21.68000030517578,21.68000030517578,6.95897388458252,36238700,6.826816395364207,-0.0055194701052826,0.0618361462216114,-0.0295407883246333,0.0278599522698692,0.0685240023737344,0.1377451844261118,-1,1,-1
2018-04-13,0,21.63999938964844,21.739999771118164,21.059999465942383,21.200000762939453,6.804899215698242,43347800,6.944141878476474,-0.0223892074384696,0.0023613603390972,-0.0420290151374434,0.0278574792791046,0.0685073302177659,0.1377139506970498,-1,0,-1
2018-04-16,0,21.049999237060547,21.239999771118164,20.600000381469727,20.6200008392334,6.618729114532471,48474200,7.084576581805618,-0.0277394508005446,-0.031506248922789,-0.0819060301184171,0.0278573268129063,0.0684939130134703,0.1376910342438733,-1,-1,-1
2018-04-17,0,20.700000762939453,21.07999992370605,20.6200008392334,21.030000686645508,6.750332355499268,36570400,7.056740058860766,0.0196883666617253,0.0240629717708431,-0.0132264765500939,0.0278540063436355,0.068479478734119,0.1376573783401262,1,1,0
2018-04-18,0,21.350000381469727,21.8700008392334,21.309999465942383,21.799999237060547,6.997489929199219,65237400,7.203511815476705,0.0359597616825714,0.0185188127658931,0.0171180420194159,0.0278586343575092,0.068464169821765,0.1376243567350303,1,1,1
2018-04-19,0,22.06999969482422,22.39999961853028,21.93000030517578,22.200000762939453,7.125888347625732,62475200,6.893383992139147,0.0181828955446769,0.0181828955446769,0.0589089251618922,0.0278548057694656,0.0684488245924427,0.1375975692733938,1,1,1
2018-04-20,0,22.059999465942383,22.459999084472656,21.89999961853028,22.36000061035156,7.177243709564209,61494800,7.119822915763957,0.0071810261445337,0.0308833917944933,0.05516115696564,0.0278485145389052,0.0684358032618055,0.1375699856606807,1,1,1
2018-04-23,0,22.09000015258789,22.479999542236328,21.940000534057617,22.479999542236328,7.215761661529541,37023300,7.071324084874964,0.0053523281518346,0.0586249273847975,0.0193134150109042,0.0278420226941005,0.0684318227462177,0.1375372001407193,1,1,1
2018-04-24,0,22.600000381469727,22.770000457763672,22.229999542236328,22.39999961853028,7.190082550048828,46710300,6.939765536953372,-0.0035651001498956,0.0827992780354466,0.0308276601866621,0.0278353715225319,0.0684401520948494,0.1375056140600416,-1,1,1
2018-04-25,0,22.01000022888184,22.1299991607666,21.670000076293945,21.729999542236328,6.975022315979004,68160600,7.017013126477745,-0.0303671257719354,0.0327437856017856,-0.000919954937005,0.0278365646115205,0.0684275664367351,0.1374719532937207,-1,1,0
2018-04-26,0,22.0,22.6299991607666,21.96999931335449,22.6299991607666,7.263909339904785,56674700,7.333494056574414,0.0405826333553027,0.037366657274517,0.0268712552965114,0.0278442716747655,0.0684161693277685,0.1374399560276241,1,1,1
2018-04-27,0,22.84000015258789,22.93000030517578,22.65999984741211,22.709999084472656,7.2895894050598145,37858300,7.295781319522243,0.0035290609161753,0.0227128226460155,0.0575471337476916,0.0278376470962593,0.0684015521758646,0.137412979059278,1,1,1
2018-04-30,0,22.729999542236328,23.020000457763672,22.6299991607666,22.96999931335449,7.373045444488525,23681500,7.005617413475733,0.0113836212272562,0.0269154177287379,0.080188016961701,0.0278320666342422,0.068387712502523,0.1373918491394427,1,1,1
2018-05-02,0,22.670000076293945,22.93000030517578,22.51000022888184,22.600000381469727,7.254280567169189,31778100,6.973204329781434,-0.0162391249312731,0.0053239646456301,0.0540918856188574,0.0278275823312748,0.0683712673232433,0.1373641682663468,-1,0,1
2018-05-03,0,22.540000915527344,22.63999938964844,21.96999931335449,22.450000762939453,7.206132888793945,48855700,6.765973433761852,-0.0066592641283288,0.0022298006671969,0.0715414507849896,0.0278212204625813,0.0683547303236313,0.1373406158220079,-1,0,1
2018-05-04,0,22.450000762939453,22.63999938964844,22.270000457763672,22.270000457763672,7.148355007171631,33599400,6.359178633703751,-0.0080501922560006,0.0245467341831318,0.0726239090287927,0.0278150367046561,0.068340472613437,0.137317363131326,-1,1,1
2018-05-07,0,22.56999969482422,23.170000076293945,22.489999771118164,22.64999961853028,7.270328998565674,47815100,6.173190676093049,0.0169192834856608,0.0008833843134898,0.1056056579149009,0.0278108513161584,0.0683239350124116,0.1373049602683065,1,0,1
2018-05-08,1,23.059999465942383,23.14999961853028,22.520000457763672,22.90999984741211,7.353785991668701,81198700,6.827930029923638,0.0114137367185019,0.0087680601158163,0.079933816189358,0.0278052981330746,0.0683077311512579,0.1372837845218093,1,1,1
2018-05-09,0,23.299999237060547,24.799999237060547,23.21999931335449,24.780000686645508,7.954030036926269,118032300,8.024402046695249,0.078463441594929,0.0758478804834891,0.1522690993229455,0.0278521599616407,0.0683120733324937,0.1372932770399156,1,1,1
2018-05-10,0,25.13999938964844,26.489999771118164,24.920000076293945,25.75,8.26538372039795,126907200,9.162404778547556,0.0383974342376199,0.1304844396523822,0.2265473875924724,0.0278582787855875,0.0683566027413278,0.1373534708930553,1,1,1
2018-05-11,0,25.82999992370605,26.309999465942383,25.420000076293945,25.440000534057617,8.16588020324707,72996400,9.528302228031723,-0.0121116347436129,0.125032069037098,0.1729318321613378,0.027852811150475,0.0683960493796049,0.1373749480288176,-1,1,1
2018-05-14,0,25.850000381469727,26.479999542236328,25.809999465942383,26.239999771118164,8.422667503356934,66938700,10.09943360003009,0.0309620611042139,0.1640443223973127,0.1853750804996587,0.0278544433035998,0.0684753667065182,0.1374043763669629,1,1,1
2018-05-15,0,26.350000381469727,26.89999961853028,25.88999938964844,26.790000915527344,8.599211692810059,75230200,11.03663051641786,0.0207439517250888,0.1678689906367409,0.2116385023300302,0.0278514843133656,0.0685589104516845,0.1374524315692301,1,1,1
2018-05-16,0,26.8700008392334,27.530000686645508,26.84000015258789,27.38999938964844,8.791802406311035,64486500,11.704185725222542,0.0221492071579761,0.1786044610762152,0.2561769169264761,0.0278490468827014,0.0686552902240428,0.1375376194772604,1,1,1
2018-05-17,0,27.350000381469727,27.600000381469727,25.46999931335449,25.950000762939453,8.329585075378418,112487000,12.864797848876776,-0.054006098530127,0.046134920951159,0.2299102691968937,0.0278674668889155,0.0686463742847845,0.1375997633010369,-1,1,1
2018-05-18,0,25.01000022888184,26.170000076293945,24.959999084472656,25.64999961853028,8.23328685760498,83206900,13.747566911452072,-0.0116283339346231,-0.003890847221084,0.1985935686005451,0.0278619123746598,0.0686298633955545,0.1376377648425665,-1,0,1
2018-05-21,0,26.100000381469727,26.290000915527344,24.940000534057617,25.049999237060547,8.040696144104004,75971900,14.26989443185283,-0.0236696455944183,-0.0154488580718894,0.1389641613235552,0.0278600067021186,0.068614108363752,0.137639633102116,-1,-1,1
2018-05-22,0,24.809999465942383,25.290000915527344,24.14999961853028,24.709999084472656,7.947422504425049,88109900,14.47452863941612,-0.0116680017122808,-0.0580789208883843,0.1091132640665976,0.0278544641661217,0.0686092109876438,0.1376281562431364,-1,-1,1
2018-05-23,0,24.229999542236328,24.479999542236328,23.270000457763672,23.270000457763672,7.484278678894043,74622500,13.719841486823077,-0.0600430184753035,-0.1388658910887767,0.0418892194467601,0.0278787146394392,0.0686597836471963,0.1375982170933115,-1,-1,1
2018-05-24,0,20.049999237060547,20.75,19.64999961853028,20.07999992370605,6.458287715911865,240343800,14.7184652643558,-0.1474404211389043,-0.3084555193856573,-0.1109035298439788,0.0280581662793192,0.0689745117870508,0.1375856042728605,-1,-1,-1
2018-05-25,0,20.64999961853028,21.270000457763672,19.65999984741211,19.799999237060547,6.368230819702148,131188100,15.193410226637363,-0.0140425285059711,-0.2684919493615014,-0.1213809582000544,0.0280530686276286,0.0692073622890932,0.1375771789093648,-1,-1,-1
2018-05-28,0,19.200000762939453,19.200000762939453,16.90999984741211,16.90999984741211,5.43872594833374,134504900,15.526235823508026,-0.1577768619330595,-0.4146404773599378,-0.2487906943611784,0.0282577003225589,0.0697826874906014,0.1376506166823062,-1,-1,-1
2018-05-29,0,18.0,19.440000534057617,17.600000381469727,19.299999237060547,6.20741605758667,181509800,16.478256731488884,0.1321998828033356,-0.2587709489621838,-0.1571734449131455,0.0283994086381047,0.0699941315284257,0.1376593015847794,1,-1,-1
2018-05-30,0,18.38999938964844,19.96999931335449,18.1299991607666,18.979999542236328,6.104496479034424,125430000,16.872597458176934,-0.0167190882233513,-0.2638220354732543,-0.1774215940526723,0.0283948964897233,0.0702135017869902,0.1376796511890616,-1,-1,-1
2018-06-01,0,19.559999465942383,19.75,14.899999618530272,16.15999984741211,5.197504997253418,216954700,17.25090273403705,-0.1608469251225423,-0.3646259421204931,-0.3496521404024708,0.0286047526415131,0.0706463141448389,0.1378575668211075,-1,-1,-1
2018-06-04,0,17.290000915527344,17.639999389648438,17.049999237060547,17.530000686645508,5.638134956359863,93547600,16.938119339381675,0.0813746271042192,-0.1358108938773695,-0.2520383883669785,0.028653677288536,0.0706905827884716,0.1379330099546256,1,-1,-1
2018-06-05,0,17.360000610351562,17.799999237060547,16.59000015258789,16.59000015258789,5.33580493927002,67006400,16.435439109792995,-0.0551135769902235,-0.176881942361622,-0.3004927012288733,0.0286719105223183,0.0707777921846143,0.1380545694485754,-1,-1,-1
2018-06-06,0,16.469999313354492,16.68000030517578,15.869999885559082,16.329999923706055,5.252181529998779,69496800,15.770242233025744,-0.0157962325174581,-0.0349013129460207,-0.3082387414903308,0.0286670548632622,0.0707645683031845,0.138183907910629,-1,-1,-1
2018-06-07,0,16.0,16.15999984741211,14.93000030517578,15.760000228881836,5.068854808807373,118752700,15.856447621778816,-0.0355286037042306,-0.2026297994535869,-0.3606866286802221,0.0286705386677858,0.0708841778007121,0.1383734321185169,-1,-1,-1
2018-06-08,0,15.8100004196167,16.190000534057617,15.0600004196167,15.25,4.904822826385498,91461500,13.666604747700225,-0.0328959447717726,-0.218806656002008,-0.4049963101704967,0.0286725231240913,0.0710261267617031,0.1386208052528832,-1,-1,-1
2018-06-11,0,15.5,15.800000190734863,15.130000114440918,15.40999984741211,4.9562835693359375,44872500,12.450183537852308,0.0104372081675547,-0.047522522711911,-0.473022543597871,0.0286666435761091,0.0710161468694193,0.1389700108508806,1,-1,-1
2018-06-12,0,15.479999542236328,15.68000030517578,15.239999771118164,15.460000038146973,4.972365856170654,69592600,11.685260486231522,0.0032395747317838,-0.1256575750843462,-0.508180403103707,0.0286599076280612,0.0710507287293477,0.1393768153373869,1,-1,-1
2018-06-13,0,15.420000076293944,15.5,14.739999771118164,15.170000076293944,4.879093170166016,72301200,10.14955741853912,-0.0189363774303079,-0.0894803755244306,-0.515005145790402,0.0286559486931498,0.0710595121399881,0.1397935569219364,-1,-1,-1
2018-06-14,0,15.329999923706056,15.550000190734863,15.050000190734863,15.100000381469728,4.85658073425293,57324600,9.182656519322236,-0.0046247391313951,-0.0783088821383676,-0.5505919460260111,0.0286492676060943,0.0710621097849031,0.1402727843330773,-1,-1,-1
2018-06-15,0,15.029999732971191,15.06999969482422,14.470000267028809,14.970000267028809,4.814768314361572,75239300,7.663976845120246,-0.0086467110620836,-0.0514269894962207,-0.5799826088131838,0.028643011855156,0.0710533331761131,0.1408057544832421,-1,-1,-1
2018-06-18,0,14.770000457763672,14.890000343322754,14.5,14.5,4.663602352142334,47363800,7.055705857206289,-0.0318997401793638,-0.0504307849038119,-0.6340315561505239,0.0286444622015324,0.071044228884668,0.1414463636775128,-1,-1,-1
2018-06-19,0,14.260000228881836,15.720000267028809,14.170000076293944,15.420000076293944,4.95950174331665,97301500,7.303805551089479,0.0615170942756052,0.0006491012042385,-0.5185083633447916,0.0286694478018934,0.0710272960875634,0.1418594421851036,1,0,-1
2018-06-20,0,15.84000015258789,16.479999542236328,15.800000190734863,16.209999084472656,5.213586330413818,88397300,7.494011027413718,0.0499626934089088,0.0473722198813634,-0.4569173360012595,0.0286836132522466,0.0710185588471412,0.1421701464813796,1,1,-1
2018-06-21,0,16.09000015258789,16.31999969482422,15.100000381469728,15.100000381469728,4.85658073425293,67884300,6.953787159469888,-0.0709333364430664,-0.0046247391313951,-0.5041810268499077,0.0287181081440101,0.0710016457374669,0.1425551805322265,-1,0,-1
2018-06-22,0,15.40999984741211,15.68000030517578,15.010000228881836,15.109999656677246,4.859795093536377,52184500,6.56686349974081,0.0006616375195194,0.0006616375195194,-0.4918513876181075,0.0287112878564258,0.0709847471180288,0.1429180303103738,0,0,-1
2018-06-25,0,15.199999809265137,15.789999961853027,15.0600004196167,15.699999809265137,5.049556732177734,60347200,6.730219223107904,0.0383041884285807,0.0476125370101836,-0.3935041807142232,0.0287168229928569,0.0709761094558288,0.1431353963711238,1,1,-1
2018-06-26,0,15.899999618530272,16.1200008392334,15.529999732971191,16.040000915527344,5.158909797668457,59595900,6.653646647696381,0.0214248140208344,0.100937091210382,-0.2246389455544843,0.02871391374944,0.0709947533117077,0.1431808638910943,1,1,-1
2018-06-27,0,16.100000381469727,16.979999542236328,16.059999465942383,16.549999237060547,5.322938919067383,78095000,6.778517351890093,0.031300301568092,0.0707202985028688,-0.1792961154804212,0.0287153583746081,0.070995564263195,0.1431965252446537,1,1,-1
2018-06-28,0,16.719999313354492,17.06999969482422,16.329999923706055,16.600000381469727,5.339022636413574,94960700,7.232110756474043,0.0030170301145106,0.0237746352084704,-0.0185022234328512,0.028708634331185,0.07098088972038,0.1431624365663853,1,1,-1
2018-06-29,0,16.850000381469727,17.190000534057617,16.729999542236328,17.190000534057617,5.528783798217773,75735100,7.34414840441671,0.0349252540251894,0.1296332256767264,-0.1157768522109974,0.0287120720295755,0.0710219504607725,0.1431480873192731,1,1,-1
2018-07-02,0,16.989999771118164,17.479999542236328,16.899999618530273,17.469999313354492,5.618836879730225,54545600,7.513994888006385,0.0161568182271577,0.1451284063843645,-0.0829009457604885,0.028707495534798,0.0710773161137059,0.1431235362047183,1,1,-1
2018-07-03,0,17.739999771118164,17.889999389648438,17.459999084472656,17.5,5.628487586975098,57456700,7.198155031790485,0.0017160898384067,0.1085403077941907,0.0796620692004605,0.0287007247679766,0.0711010941717398,0.1431017318359223,0,1,1
2018-07-04,0,17.3799991607666,18.450000762939453,17.239999771118164,17.610000610351562,5.663865566253662,54211000,6.892929968033078,0.0062658499155968,0.0933813436889532,0.0045532920118382,0.0286942790975015,0.0711144133680422,0.1430677012793581,1,1,0
2018-07-05,0,18.600000381469727,18.799999237060547,17.649999618530273,17.860000610351562,5.744273662567139,76084700,7.105971514494241,0.0140968524774617,0.0761778945983229,0.0737637214795236,0.028689188208558,0.0711177657625431,0.1430442802474504,1,1,1
2018-07-06,0,17.969999313354492,18.09000015258789,17.649999618530273,17.940000534057617,5.770002841949463,33878700,6.990634864902605,0.0044690992431815,0.0776299637269938,0.0940290532401633,0.0286825835255108,0.0711218562249822,0.143026991818708,1,1,1
2018-07-10,0,18.34000015258789,18.350000381469727,17.549999237060547,17.75,5.708892822265625,70886200,7.188971763850875,-0.0106474697218646,0.03205723997994,0.1189101872225293,0.0286766877138565,0.071108773316387,0.1430190893463381,-1,1,1
2018-07-11,0,17.489999771118164,18.07999992370605,17.299999237060547,17.40999984741211,5.5995402336120605,85806300,7.532300206621879,-0.019340610107007,-0.0034401883542246,0.132465521887295,0.0286729054342292,0.0710919320786315,0.1430171476926391,-1,0,1
2018-07-12,0,17.6200008392334,18.020000457763672,17.520000457763672,17.950000762939453,5.773218154907227,49397900,7.273334343201538,0.0305451709634509,0.0253888927708196,0.1525734846831911,0.0286739556383323,0.0710775194694387,0.1430251660285734,1,1,1
2018-07-13,0,17.989999771118164,18.18000030517578,17.780000686645508,18.11000061035156,5.824679374694824,44951900,6.786859486096491,0.0088742907726307,0.0279973336278534,0.158208200724038,0.0286678700099282,0.0710636067229782,0.143036173958964,1,1,1
2018-07-16,0,17.950000762939453,17.979999542236328,17.600000381469727,17.8799991607666,5.750705242156982,62798900,6.672595827691313,-0.0127814568678252,0.0011190242825664,0.1643631212865207,0.0286623926305791,0.0710468132199683,0.1430505632595262,-1,0,1
2018-07-17,0,17.790000915527344,18.39999961853028,17.709999084472656,18.290000915527344,5.88257360458374,40884300,6.541678486528632,0.0226718559093509,0.0193217809487358,0.1916597163272667,0.0286599580922316,0.0710314615670451,0.1430816313436111,1,1,1
2018-07-18,0,18.25,18.39999961853028,17.940000534057617,18.049999237060547,5.80538272857666,40643800,6.3681718207756175,-0.0132088101823199,0.0167604404882805,0.1870976172070305,0.0286545787093128,0.0710157854504505,0.1431096342452865,-1,1,1
2018-07-19,0,17.84000015258789,18.39999961853028,17.739999771118164,18.39999961853028,5.917952537536621,60404900,6.468237077971257,0.0192049901031843,0.0553060406984719,0.2382023474895788,0.0286509389571047,0.0710097602731201,0.1431746927616135,1,1,1
2018-07-20,0,19.170000076293945,19.479999542236328,18.93000030517578,19.290000915527344,6.2042012214660645,98035200,6.807900220954832,0.0472361450098416,0.0719970147448623,0.2239213982238151,0.02866272188443,0.0710109647394402,0.1432283279154786,1,1,1
2018-07-23,0,19.299999237060547,19.46999931335449,19.209999084472656,19.26000022888184,6.194551467895508,35231500,6.853068213031236,-0.0015565687550501,0.0615661552171814,0.1724021360598561,0.0286559850650374,0.0710074176024366,0.1432469404593958,0,1,1
2018-07-24,0,19.56999969482422,19.8700008392334,19.530000686645508,19.65999984741211,6.323204040527344,39934600,6.551129171556363,0.0205559379483748,0.0949035500333815,0.2638914104512975,0.0286527862765025,0.0710215114555642,0.1433333968068975,1,1,1
2018-07-25,0,19.799999237060547,20.0,19.61000061035156,19.959999084472656,6.419691562652588,48759900,6.218860290666222,0.0151440252156716,0.0873757193397023,0.2783737981474498,0.0286479812982333,0.0710309351044243,0.1434328760203327,1,1,1
2018-07-26,0,19.950000762939453,19.950000762939453,19.3700008392334,19.40999984741211,6.242795467376709,48144300,6.2493586899812765,-0.0279419997173721,0.0726425298046501,0.212127610001497,0.0286475536098999,0.0710323686350112,0.1434771230915467,-1,1,1
2018-07-27,0,19.600000381469727,19.809999465942383,19.549999237060547,19.770000457763672,6.358582496643066,36509400,6.190461151800756,0.0183774009948986,0.0718149406963645,0.2090801969755612,0.0286436572293031,0.0710333798863863,0.1435190645117575,1,1,1
2018-07-30,0,19.950000762939453,20.100000381469727,19.700000762939453,19.88999938964844,6.397177219390869,37053900,5.94421928130212,0.0060513589753583,0.0306301546618811,0.1838312543828275,0.0286372483842675,0.0710200309871199,0.143544056586005,1,1,1
2018-07-31,0,19.6200008392334,19.790000915527344,19.46999931335449,19.71999931335449,6.342499732971191,38641200,5.953301033153531,-0.0085838632103197,0.0236028602066117,0.1722303610579972,0.0286310965854063,0.0710053655470824,0.1435619478524594,-1,1,1
2018-08-01,0,19.59000015258789,20.01000022888184,19.540000915527344,20.01000022888184,6.435771942138672,39141700,5.9849583896964935,0.0145988233919906,0.0176457456502275,0.1519039304247987,0.0286261741060125,0.0709898440653679,0.1435685596183428,1,1,1
2018-08-02,0,19.989999771118164,20.780000686645508,19.950000762939453,20.40999984741211,6.564422607421875,69008900,6.174515224338957,0.0197927599789952,0.0222944804135512,0.1555398721766364,0.0286227352189734,0.0709749870197454,0.1435770297598904,1,1,1
2018-08-03,1,21.39999961853028,21.549999237060547,21.09000015258789,21.11000061035156,6.789563179016113,86908000,6.138475608811267,0.0337220527530537,0.083958532883977,0.1875458350912834,0.0286254467159046,0.0709823482638628,0.1436040690648221,1,1,1
2018-08-06,0,21.14999961853028,21.46999931335449,20.979999542236328,21.040000915527344,6.767049312591553,44528300,6.303331603799136,-0.0033214620741647,0.0622596698149137,0.1779585231015216,0.0286188163454366,0.0709790058401002,0.1436250956975365,-1,1,1
2018-08-07,0,21.32999992370605,21.459999084472656,20.56999969482422,20.709999084472656,6.660911560058594,69136700,6.716055292063314,-0.0158087983736647,0.0403995124658905,0.1480528722503951,0.0286141077492088,0.0709680580556915,0.1436295311435877,-1,1,1
2018-08-08,0,20.809999465942383,21.06999969482422,20.1200008392334,20.13999938964844,6.477584838867188,58211500,6.843140008395109,-0.0279086152268328,0.0210747604493775,0.1156751577803809,0.0286136903460796,0.0709530345275407,0.1436193785298131,-1,1,1
2018-08-09,0,20.26000022888184,20.350000381469727,19.799999237060547,20.34000015258789,6.541909694671631,51253100,6.9120694896096255,0.0098813942489488,0.0163573313063356,0.1362040217511944,0.0286078239113743,0.0709374001653749,0.1436180283947826,1,1,1
2018-08-10,0,20.100000381469727,20.14999961853028,19.36000061035156,19.59000015258789,6.300689220428467,61789800,7.223936180864354,-0.0375700976063717,-0.0410055262790313,0.1179745342518296,0.0286125453134937,0.0709260093696372,0.1436087588028174,-1,-1,1
2018-08-13,0,19.5,20.040000915527344,19.270000457763672,20.040000915527344,6.445422172546387,58306700,7.499293756631545,0.0227111106502914,-0.0520164683817936,0.11014047393867,0.0286101493835913,0.0709179208395467,0.1435964218294114,1,-1,1
2018-08-14,0,20.280000686645508,20.309999465942383,19.729999542236328,19.979999542236328,6.442195892333984,55180600,7.718360863380331,-0.0005006790647514,-0.0491956853723803,0.1007655041012879,0.0286034615596011,0.0709089104633601,0.1435806905959581,0,-1,1
2018-08-15,0,19.63999938964844,19.670000076293945,19.049999237060547,19.049999237060547,6.142334461212158,65651700,8.018673904028626,-0.0476645837588507,-0.0810514707575663,0.0658823772102624,0.0286151633267652,0.0709133400663341,0.1435549080926942,-1,-1,1
2018-08-16,0,19.31999969482422,19.350000381469727,18.770000457763672,18.950000762939453,6.110092639923096,51201600,7.740565882430611,-0.0052629402230008,-0.0584057957537344,0.0379475810779106,0.0286086864963589,0.0709075141691422,0.1435239788699432,-1,-1,1
2018-08-17,0,18.75,18.86000061035156,18.39999961853028,18.459999084472656,5.9521002769470215,68328400,7.376712432421295,-0.0261977900912171,-0.0944849800939005,0.0249586011690132,0.0286075065609134,0.0709195687967599,0.1434915449600946,-1,-1,1
2018-08-20,0,18.3700008392334,18.51000022888184,18.09000015258789,18.36000061035156,5.91985559463501,56315600,7.440317914272065,-0.0054320891939527,-0.0623469716814816,0.0003215218718761,0.0286010505066776,0.0709152535778836,0.1434577651257404,-1,-1,0
2018-08-21,0,18.270000457763672,18.530000686645508,17.649999618530273,17.719999313354492,5.713499546051025,68735300,7.305796335865511,-0.0354803396476318,-0.120538421979405,-0.0823949627855973,0.0286044972658963,0.0709454659448617,0.1434339928087367,-1,-1,-1
2018-08-22,0,17.700000762939453,18.3799991607666,17.649999618530273,18.350000381469727,5.916634559631348,56623700,7.222361805543178,0.0349360845447777,-0.0851016583698759,-0.0459023094857694,0.0286079217894538,0.070951942390679,0.1434030630723947,1,-1,-1
2018-08-23,0,18.350000381469727,18.520000457763672,17.8799991607666,17.950000762939453,5.787659645080566,56284100,7.203432091399096,-0.0220397972023377,-0.0594768718133629,-0.088498044636482,0.0286051221325898,0.0709464477226459,0.1433809395933231,-1,-1,-1
2018-08-24,0,18.350000381469727,18.440000534057617,18.049999237060547,18.299999237060547,5.900509834289551,37893000,6.874580111524016,0.0193107562746972,-0.0349031753156648,-0.0843313135774566,0.028601576371192,0.070933558897755,0.1433577013678617,1,-1,-1
2018-08-27,0,18.40999984741211,18.76000022888184,18.299999237060547,18.709999084472656,6.032708168029785,35428000,6.552962337199017,0.0221572659065274,0.0134518806820797,-0.0342320479535572,0.0285990024144678,0.070917741920625,0.1433254568006281,1,1,-1
2018-08-28,0,18.76000022888184,18.850000381469727,18.34000015258789,18.350000381469727,5.916634559631348,38079200,6.294644409707004,-0.0194282249788868,-0.0005442551028542,-0.0720376739273426,0.0285953426651142,0.0709012042891752,0.1432992713980662,-1,0,-1
2018-08-29,0,18.5,19.309999465942383,18.450000762939453,19.299999237060547,6.222943305969238,71434300,6.376548500561725,0.0504751944463123,0.0854112789910898,-0.0276138384563886,0.028609602915853,0.0709094937385101,0.1432664927537355,1,1,-1
2018-08-30,0,19.14999961853028,19.540000915527344,18.68000030517578,18.799999237060547,6.0617265701293945,63981900,6.525356600431747,-0.02624832307977,0.024226871366542,-0.045278298325839,0.0286084528805073,0.0708951363623326,0.1432355878292089,-1,1,-1
2018-08-31,0,18.950000762939453,19.43000030517578,18.90999984741211,19.26000022888184,6.210046768188477,75767400,6.651995250643731,0.0241737549623313,0.0704404235312112,-0.0357033667554984,0.0286066425894901,0.0708955899055846,0.1432035732336179,1,1,-1
2018-09-03,0,18.989999771118164,19.1299991607666,18.76000022888184,19.0,6.126213550567627,25401600,6.299264121445884,-0.0135915595158707,0.0375381077406432,-0.0690876862503644,0.028601448565689,0.0708840633991813,0.1431768167876417,-1,1,-1
2018-09-04,0,19.1299991607666,19.190000534057617,18.6200008392334,18.64999961853028,6.013362884521484,39759800,5.994424279856879,-0.0185927272787118,-0.0032118854445958,-0.1214024662821302,0.028597544287661,0.0708675800714337,0.1431656099107993,-1,0,-1
2018-09-05,0,18.559999465942383,18.799999237060547,18.229999542236328,18.75,6.045604705810547,53967300,5.977048558718549,0.0053473728783924,0.0215637124126834,-0.1127336313295728,0.0285911615053282,0.0708528255583459,0.1431512010368731,1,1,-1
2018-09-06,0,18.989999771118164,19.020000457763672,18.479999542236328,18.989999771118164,6.122989654541016,54304300,5.9904451949408255,0.0127189697780595,-0.0161925122555691,-0.0842058631778484,0.0285858912304317,0.0708370738335378,0.1431280298043147,1,-1,-1
2018-09-10,0,19.36000061035156,19.600000381469727,19.049999237060547,19.26000022888184,6.210046768188477,58578100,6.268608096163087,0.0141179441381303,0.0241737549623313,-0.0421793038128852,0.0285809331997329,0.0708227554371867,0.1430968233340838,1,1,-1
2018-09-11,0,18.8700008392334,18.88999938964844,18.43000030517578,18.5,5.964997291564941,56495200,6.513201704680199,-0.0402598255310022,-0.0402598255310022,-0.0923205235928362,0.0285872983484534,0.070811263533338,0.1430758934229794,-1,-1,-1
2018-09-12,0,18.809999465942383,19.21999931335449,18.63999938964844,18.950000762939453,6.110092639923096,59695700,6.789897890778461,0.024033333590153,-0.0026349324249784,-0.0307170923963115,0.0285854496767783,0.0707948295473893,0.1430435335124044,1,0,-1
2018-09-13,0,19.030000686645508,19.1299991607666,18.6200008392334,18.709999084472656,6.032708168029785,36808700,6.348448800895233,-0.0127459094091375,0.0032118854445958,-0.0661741124557406,0.0285800998568939,0.0707784713416889,0.1430162595909895,-1,0,-1
2018-09-14,0,18.799999237060547,18.959999084472656,18.479999542236328,18.790000915527344,6.058503150939941,55756300,6.249154331425648,0.0042667390988276,0.0021312516650309,-0.0614066942921615,0.028573650560734,0.0707620957235098,0.1429880809929023,1,0,-1
2018-09-17,0,18.6299991607666,19.489999771118164,18.6299991607666,19.39999961853028,6.255185127258301,71289500,6.200361230484066,0.031947975389757,0.0213602572767283,0.0182058648564461,0.0285754214672657,0.0707473855541374,0.1429555477351705,1,1,1
2018-09-18,0,19.5,20.25,19.46999931335449,20.25,6.529253959655762,72959100,6.8368182351258735,0.0428819484581672,0.0501242615967653,0.0663507535376144,0.0285838362740377,0.0707396755501075,0.1429304334403968,1,1,1
2018-09-19,0,19.93000030517578,20.459999084472656,19.82999992370605,19.979999542236328,6.442195892333984,60563700,7.136586535016511,-0.0134232295557629,0.0769608575720046,0.0791253140730688,0.0285786441312747,0.070743362000857,0.1429085610501463,-1,1,1
2018-09-20,0,20.26000022888184,20.350000381469727,19.75,19.8700008392334,6.406730175018311,56206900,7.203728883717298,-0.0055204313883271,0.0474070925935244,0.0790369718786946,0.028572271382421,0.0707347500806972,0.1428866708691352,-1,1,1
2018-09-21,0,20.14999961853028,20.299999237060547,19.950000762939453,20.13999938964844,6.493786811828613,58517300,7.297969721193352,0.0134968169793993,0.0736498189820614,0.1280141285057259,0.0285671921986352,0.0707367471892993,0.1428820698457481,1,1,1
2018-09-24,0,20.200000762939453,20.40999984741211,19.920000076293945,20.0,6.448646068572998,54332900,7.271382429044155,-0.0069756477344012,0.0624074321488326,0.086102396226547,0.0285609704812804,0.0707336342550684,0.1428621889494114,-1,1,1
2018-09-25,0,19.700000762939453,20.14999961853028,19.530000686645508,20.07999992370605,6.474440097808838,54462300,7.302374947189412,0.0039919355419038,0.0344513923009793,0.1121341289707886,0.0285545250154399,0.070721441159364,0.142851107663106,1,1,1
2018-09-26,0,20.239999771118164,20.299999237060547,19.96999931335449,20.190000534057617,6.5099077224731445,60060800,7.354449877168709,0.0054631489188457,-0.0029674072383422,0.0982865216149371,0.0285482010152003,0.0707051088774902,0.1428350654710021,1,0,1
2018-09-27,0,20.5,21.459999084472656,20.46999931335449,21.459999084472656,6.9193949699401855,104177300,8.34417431756166,0.0610030523328944,0.071458874650315,0.1371323080413041,0.0285718330637474,0.0707060225043683,0.1428344752243853,1,1,1
2018-09-28,0,21.1299991607666,21.940000534057617,21.020000457763672,21.09000015258789,6.800096035003662,91254600,8.905204564792239,-0.0173915988406102,0.0595877071980318,0.1391689341795808,0.0285676412199116,0.0707017511691805,0.1428348001056216,-1,1,1
2018-10-01,0,21.25,21.36000061035156,20.799999237060547,21.0,6.771077632904053,56540400,8.780018445516102,-0.0042764829386868,0.0418144072799458,0.0844172567945816,0.0285611992673451,0.0706914592554898,0.1428144080059518,-1,1,1
2018-10-02,0,22.0,22.81999969482422,21.89999961853028,22.81999969482422,7.357905387878418,127231800,9.692363330657876,0.0831150462596533,0.1319051012740003,0.1937806261340051,0.0286104575813796,0.0707328594007446,0.1428450175727762,1,1,1
2018-10-03,0,25.25,25.420000076293945,23.459999084472656,23.790000915527344,7.670662879943848,152189200,11.234587215210423,0.0416277384720528,0.1695409042041494,0.2112346096437268,0.0286178967355872,0.0708113325558444,0.1428872554882571,1,1,1
2018-10-04,0,23.450000762939453,24.520000457763672,23.209999084472656,24.020000457763672,7.744822978973389,99743300,12.05287958759965,0.009621580768911,0.1736993360542145,0.2344477499285084,0.0286120800666413,0.0708942233865103,0.1429464736980861,1,1,1
2018-10-05,0,24.489999771118164,24.59000015258789,23.65999984741211,23.959999084472656,7.725476264953613,104693400,12.903745064603084,-0.0025011441343654,0.1101951395869547,0.2505393330728549,0.0286055503459295,0.0709179771779475,0.1430183902900535,0,1,1
2018-10-08,0,26.940000534057617,26.96999931335449,25.75,26.600000381469727,8.576699256896973,188109000,15.409826798178468,0.1045256641851593,0.2321124026127242,0.3497176243796215,0.0286867508144429,0.0710775752119573,0.1431877575626139,1,1,1
2018-10-09,0,26.479999542236328,27.0,26.280000686645508,26.81999969482422,8.64763355255127,90128800,16.256684924100096,0.008236568285118,0.2446254538365291,0.3452352228866799,0.0286807170058385,0.0712558261238166,0.1433514923398589,1,1,1
2018-10-10,0,26.309999465942383,26.38999938964844,25.64999961853028,26.049999237060547,8.399358749389648,82688000,16.85897901600096,-0.0291303421979381,0.1323800653789375,0.3019869365506114,0.0286808893744257,0.0712965125599709,0.1434690359643645,-1,1,1
2018-10-11,0,26.549999237060547,26.75,25.059999465942383,25.290000915527344,8.154313087463379,119307500,17.359065698582036,-0.0296083631223462,0.0611439637845384,0.3126383989592673,0.0286812791925458,0.0712924010326583,0.1435969057815337,-1,1,1
2018-10-15,0,25.89999961853028,26.1200008392334,25.549999237060547,25.770000457763672,8.309078216552734,92331900,17.650063216354372,0.0188016776576596,0.0703240606732871,0.307406743026774,0.0286775571014107,0.071292202595629,0.1437191177573311,1,1,1
2018-10-16,0,26.200000762939453,26.729999542236328,26.09000015258789,26.729999542236328,8.618614196777344,74144800,18.158402762707347,0.0365756276040375,0.1094008324116902,0.3567282800399491,0.0286817214686479,0.0713147315492331,0.1438941180948976,1,1,1
2018-10-17,0,26.440000534057617,26.6299991607666,26.26000022888184,26.450000762939453,8.528332710266113,80990300,17.671371519287895,-0.0105304251858013,-0.0056552569592704,0.3419311157553201,0.0286760247606126,0.0712984446420133,0.1440518236501763,-1,0,1
2018-10-18,0,26.290000915527344,26.34000015258789,25.700000762939453,25.700000762939453,8.286510467529297,56268900,16.280168869908117,-0.0287649327470665,-0.0426567579914551,0.2812182076184964,0.0286760276669849,0.0712878083909895,0.1441478635959589,-1,-1,1
2018-10-19,0,26.290000915527344,26.34000015258789,25.700000762939453,25.920000076293945,8.35744571685791,61858300,15.773157131946608,0.008523896366503,-0.0050025194270139,0.2468601555268321,0.0286700567394264,0.0712715215938504,0.1442142870482199,1,0,1
2018-10-22,0,26.270000457763672,26.600000381469727,26.270000457763672,26.530000686645508,8.554128646850586,63678000,15.249120930681134,0.0232612049210512,0.0478670486163834,0.2835445900036461,0.0286678454262418,0.0712627008587682,0.1443119520605515,1,1,1
2018-10-23,0,26.14999961853028,26.479999542236328,25.809999465942383,26.200000762939453,8.447725296020508,77457300,13.346183425377031,-0.0125168396787447,0.016548531279979,0.2765481817132285,0.028662524829111,0.0712473004224832,0.1444030252250061,-1,1,1
2018-10-24,0,26.40999984741211,26.989999771118164,25.68000030517578,25.68000030517578,8.280060768127441,93377100,13.333815985576177,-0.0200469018761249,-0.0400739982001833,0.2430044628577042,0.0286591517329275,0.0712360227760504,0.144465779456829,-1,-1,1
2018-10-25,0,26.18000030517578,26.63999938964844,25.690000534057617,26.31999969482422,8.486416816711426,79732200,13.298326520885611,0.0246165562184801,-0.0049270167959017,0.2745966668105856,0.0286574680471331,0.0712197758235976,0.1445546572392926,1,0,1
2018-10-26,0,26.64999961853028,27.600000381469727,26.1200008392334,27.600000381469727,8.899130821228027,110184900,13.313563911377011,0.0474867476982733,0.0713246636494381,0.3180914789669551,0.0286689390544269,0.071220038178266,0.1446846276477228,1,1,1
2018-10-29,0,26.75,27.270000457763672,25.96999931335449,26.420000076293945,8.518661499023438,160890100,14.51081727977856,-0.0436943839868426,0.0191063832960924,0.2689339460612668,0.0286775465854622,0.0712049742155337,0.1447680160599453,-1,1,1
2018-10-30,0,26.700000762939453,28.0,26.420000076293945,28.0,9.02810287475586,107525500,15.169047533631314,0.0580830265214697,0.0539282048965109,0.2660139202498421,0.0286978902095029,0.0711981814138109,0.1448486735085015,1,1,1
2018-10-31,0,28.26000022888184,28.32999992370605,27.299999237060547,27.6200008392334,8.905579566955566,84131500,15.285181381121143,-0.0136642560246605,0.0527807885505949,0.2697412630657917,0.0286928186323541,0.0711909896028519,0.1449322969066106,-1,1,1
2018-11-01,0,27.76000022888184,28.020000457763672,27.11000061035156,27.31999969482422,8.808850288391113,98037100,16.073570062486915,-0.0109210672608162,0.0619066231659036,0.2630966787436622,0.0286872163593662,0.0711871750482729,0.1450100405676477,-1,1,1
2018-11-05,0,27.5,28.15999984741211,27.40999984741211,28.15999984741211,9.079691886901855,60389900,16.135765296947035,0.0302833281949036,0.0675733951423271,0.2102649606789125,0.0286879897103662,0.0711857178422261,0.1450477053680135,1,1,1
2018-11-06,1,27.299999237060547,28.299999237060547,26.989999771118164,27.190000534057617,8.766934394836426,95344400,16.71351882853557,-0.0350530694926239,-0.01496642204857,0.1335841527142357,0.0286911789789795,0.0711701573614035,0.145043181318708,-1,-1,1
2018-11-07,0,27.61000061035156,27.64999961853028,26.26000022888184,26.299999237060547,8.479969024658203,95817100,17.02740500506178,-0.0332803923396766,-0.0045524304014041,0.0906821796056481,0.0286933976006354,0.0711539783325614,0.1450232303410789,-1,0,1
2018-11-08,0,26.799999237060547,27.030000686645508,25.350000381469727,25.350000381469727,8.173657417297363,119096300,17.42482106853199,-0.036790324048542,-0.0994257809714158,0.0563929996914714,0.028697550458431,0.0711691986654702,0.1449951688148467,-1,-1,1
2018-11-09,0,25.200000762939453,25.71999931335449,24.68000030517578,25.459999084472656,8.209126472473145,94206400,17.616721943283213,0.004330046814114,-0.0814314781326413,-0.0438026176795737,0.0286911796740271,0.0711740028286089,0.1449647562500682,1,-1,-1
2018-11-12,0,25.540000915527344,25.920000076293945,25.290000915527344,25.32999992370605,8.167208671569824,63162600,16.694660830574232,-0.0051193251824997,-0.0756297360543246,-0.0571585111471915,0.0286848583058073,0.0711758839500247,0.1449364463446341,-1,-1,-1
2018-11-13,0,25.31999969482422,25.31999969482422,23.950000762939453,24.239999771118164,7.815757274627685,112776300,15.724087725507152,-0.0439853353044205,-0.1498983995536489,-0.0720135042536739,0.0286935894810528,0.0712310650669937,0.1449111311180058,-1,-1,-1
2018-11-14,0,24.239999771118164,25.190000534057617,23.90999984741211,25.100000381469727,8.093050003051758,104423900,15.474778520828632,0.034863809727015,-0.07998152033401,-0.0075413314043127,0.0286967518484891,0.0712350158706268,0.1448779687842374,1,-1,0
2018-11-16,0,25.38999938964844,26.040000915527344,25.170000076293945,25.799999237060547,8.31875228881836,100628900,15.64912972059994,0.0275066092507078,-0.0191945187436255,0.0011636001887354,0.0286962632801282,0.0712199179974197,0.1448447757288467,1,-1,0
2018-11-19,0,25.559999465942383,26.290000915527344,25.43000030517578,26.0,8.383238792419434,79946400,15.265404888133595,0.0077220522669147,0.0253178575718312,-0.0276899751483874,0.0286902344284197,0.0712058614925772,0.1448127018871965,1,1,-1
2018-11-21,0,25.100000381469727,25.479999542236328,25.01000022888184,25.170000076293945,8.115617752075195,77228100,15.421034456973064,-0.0324440077820454,-0.0114561970243282,-0.0496035577446315,0.0286920018425177,0.0711900555109344,0.1447832392897897,-1,-1,-1
2018-11-22,0,25.280000686645508,25.36000061035156,25.06999969482422,25.14999961853028,8.141517639160156,31253600,14.267333521502168,0.0031862820077236,-0.0031505898341049,-0.0176523429898413,0.0286855831068198,0.0711739028299306,0.1447505279169348,1,0,-1
2018-11-23,0,24.64999961853028,24.799999237060547,24.01000022888184,24.3700008392334,7.889017581939697,77961200,13.875464517678632,-0.0315049920178765,0.0093297534524391,-0.0576812313742208,0.028686871996656,0.0711580520173869,0.1447224397465221,-1,1,-1
2018-11-26,0,24.799999237060547,24.989999771118164,24.049999237060547,24.25,7.8501715660095215,62111600,12.91138088192942,-0.0049362256775583,-0.0304702819521343,-0.0858786619728305,0.0286805589289998,0.0711447527701379,0.1447006433032698,-1,-1,-1
2018-11-27,0,24.3700008392334,25.700000762939453,24.270000457763672,25.530000686645508,8.264530181884766,90759000,12.86520367038068,0.0514374982621229,-0.0065393929407192,-0.0219243240319629,0.0286950263564024,0.071128724503466,0.1446682409083628,1,0,-1
2018-11-28,0,25.5,25.8700008392334,25.049999237060547,25.3799991607666,8.215972900390625,92811300,13.354666959840468,-0.0058927111339276,-0.0201541563415614,-0.0077701332897656,0.0286887990162134,0.0711138154154403,0.1446352576115571,-1,-1,0
2018-11-29,0,24.959999084472656,25.5,24.8799991607666,25.170000076293945,8.147993087768555,65584300,12.666026111007454,-0.008308524196836,0.0039813272436479,-0.0406952137050818,0.0286828425852915,0.0710977617501548,0.1446046734427353,-1,0,-1
2018-11-30,0,25.11000061035156,25.559999465942383,25.06999969482422,25.459999084472656,8.241869926452637,90874500,12.475275181497365,0.0114556009684828,0.0122506462044071,-0.0767263604348724,0.0286774096613375,0.0710821772640141,0.1445806264764556,1,1,-1
2018-12-03,0,26.299999237060547,26.530000686645508,25.799999237060547,25.940000534057617,8.39725399017334,90530000,12.322678684205025,0.0186774954741862,0.0624331336964697,-0.0143544809738436,0.0286737039811717,0.0710787231387106,0.1445479076055792,1,1,0
2018-12-04,0,26.25,26.32999992370605,25.34000015258789,25.34000015258789,8.203025817871094,66867500,12.081206310513911,-0.0234016580870821,0.0439677012869458,-0.0958391655823954,0.0286715094827578,0.0710689417147034,0.1445290044913974,-1,1,-1
2018-12-05,0,25.46999931335449,25.71999931335449,24.950000762939453,25.559999465942383,8.274242401123047,54183300,11.72715884834147,0.0086442759524958,0.0011744789773189,-0.073530633605239,0.0286656374483386,0.0710528701758364,0.1445042503914677,1,0,-1
2018-12-06,0,24.989999771118164,25.1200008392334,24.309999465942383,24.59000015258789,7.960236072540283,99037200,12.786570522768915,-0.0386887075667162,-0.0316215174554696,-0.101298273911139,0.0286708916068016,0.0710398767646352,0.1444870262671398,-1,-1,-1
2018-12-07,0,24.520000457763672,25.46999931335449,24.450000762939453,24.770000457763672,8.018506050109863,87994700,12.966242776919092,0.0072934697145218,-0.0160195235441117,-0.1242881323915208,0.0286648553157912,0.0710245792198728,0.1444778593033655,1,-1,-1
2018-12-10,0,24.770000457763672,24.89999961853028,23.440000534057617,23.440000534057617,7.5879597663879395,73871100,13.110983054072838,-0.0551893766949654,-0.08266450120756,-0.1444244395938624,0.0286822419590424,0.0710299726439546,0.1444770968052414,-1,-1,-1
2018-12-11,0,23.920000076293945,24.06999969482422,23.06999969482422,23.290000915527344,7.539402008056641,64017600,12.580340260020598,-0.0064198801919742,-0.1077618768737203,-0.1175639274461599,0.0286760893381526,0.0710504336244656,0.1444653710588587,-1,-1,-1
2018-12-12,0,23.739999771118164,23.89999961853028,23.200000762939453,23.299999237060547,7.542638301849365,63296400,12.014601463125253,0.0004291586252119,-0.0839310601614262,-0.0803444447724058,0.0286696324895659,0.0710564289254532,0.1444422472341722,0,-1,-1
2018-12-13,0,23.290000915527344,23.450000762939453,22.959999084472656,23.36000061035156,7.562062740325928,61946100,11.883759120110854,0.0025719740006939,-0.0900033621132281,-0.0821025175858259,0.0286632348614013,0.0710657244809607,0.1444195714384701,0,-1,-1
2018-12-14,0,23.07999992370605,23.32999992370605,22.959999084472656,23.049999237060547,7.461709499359131,45231700,11.067295752040174,-0.0133594588506659,-0.0646741133971778,-0.0903426512539921,0.028658158161458,0.0710626746346497,0.1443990915886922,-1,-1,-1
2018-12-17,0,23.21999931335449,23.270000457763672,22.799999237060547,22.8700008392334,7.403439521789551,53832000,10.349665496523237,-0.0078398509078671,-0.0798074340195668,-0.0541971668574387,0.0286521774460668,0.0710664775467245,0.1443706110502753,-1,-1,-1
2018-12-18,0,22.780000686645508,22.799999237060547,22.0,22.0,7.121804237365723,74740000,10.317456634641225,-0.0387835950189013,-0.0634016523435028,-0.1278445716033551,0.0286574486184558,0.0710628937670192,0.1443627878036299,-1,-1,-1
2018-12-19,0,22.5,23.049999237060547,22.059999465942383,22.25,7.202735424041748,171157500,11.8740616446569,0.0112997764295948,-0.0456819957219336,-0.1440514044244679,0.0286520367826289,0.0710532681905063,0.1443617731791455,1,-1,-1
2018-12-20,0,22.309999465942383,22.31999969482422,21.350000381469727,21.489999771118164,6.956707954406738,141767000,12.266691338438898,-0.034754506484099,-0.0808656608312447,-0.1865279631754817,0.0286549840047688,0.0710575615646633,0.1443825122249909,-1,-1,-1
2018-12-21,0,21.39999961853028,21.979999542236328,21.25,21.549999237060547,6.976131916046143,90384300,12.11776622585225,0.0027882290191883,-0.0806494058127502,-0.1512957263742479,0.0286486181086395,0.0710617231962465,0.1443847341337303,0,-1,-1
2018-12-26,0,20.59000015258789,21.68000030517578,20.420000076293945,21.68000030517578,7.259605407714844,77104200,12.11620884501404,0.0398308793936105,-0.0274590675684739,-0.114651128988361,0.0286547132874862,0.0710479707907901,0.1443718815521776,1,-1,-1
2018-12-27,0,21.520000457763672,21.979999542236328,21.280000686645508,21.670000076293945,7.256256580352783,74083700,12.22517628241975,-0.000461402488426,-0.0200806191490327,-0.0836075394589106,0.0286482856354298,0.0710331588234325,0.1443495829470916,0,-1,-1
2018-12-28,0,22.11000061035156,22.82999992370605,22.07999992370605,22.68000030517578,7.594458103179932,61634700,12.206643883323776,0.0455547110321148,0.0642576869019833,-0.0331166027492375,0.0286581998623371,0.0710306283602206,0.1443184033017911,1,1,-1
2019-01-02,0,22.549999237060547,24.200000762939453,22.280000686645508,24.059999465942383,8.056553840637207,104534800,12.94826086748669,0.0590671175420895,0.112025028014478,-0.0254869834692706,0.0286791583916195,0.0710549681388139,0.1442865962901244,1,1,-1
2019-01-03,0,23.959999084472656,24.81999969482422,23.799999237060547,24.64999961853028,8.254117965698242,95206400,13.83788200387701,0.0242263212803938,0.171005855778971,0.0046320489450508,0.0286773540123432,0.0711322392303616,0.1442540373003158,1,1,0
2019-01-04,0,24.850000381469727,24.940000534057617,24.46999931335449,24.71999931335449,8.277557373046875,72119800,14.231626258917336,0.0028356984485916,0.1710533252083744,0.0157762715904784,0.0286709988039751,0.0712093251333599,0.144221934686436,0,1,1
2019-01-07,0,24.850000381469727,25.920000076293945,24.700000762939453,25.11000061035156,8.408149719238281,121711900,15.206072868803892,0.0156535185561954,0.1468759643709593,0.0199741891781911,0.0286665148979886,0.071261890521543,0.1441901178305334,1,1,1
2019-01-08,0,25.39999961853028,25.420000076293945,24.770000457763672,24.959999084472656,8.357921600341797,68761800,13.900238557608017,-0.0059916563880173,0.1413457104713679,-0.0046949626840124,0.0286603737031426,0.0713092779479398,0.1441575605071481,-1,1,0
2019-01-09,0,25.299999237060547,25.5,25.14999961853028,25.479999542236328,8.532045364379883,70177600,13.131391179742604,0.0206193337758948,0.1164103332151482,0.0393260291789646,0.0286573071903831,0.0713362678151777,0.1441277175683401,1,1,1
2019-01-10,0,25.26000022888184,25.40999984741211,25.06999969482422,25.26000022888184,8.45837688446045,54763700,12.799383278159834,-0.0086718199816988,0.0486713956913597,0.02200993324477,0.0286514776019897,0.0713278764063134,0.1440961114208532,-1,1,1
2019-01-11,0,25.14999961853028,25.190000534057617,24.84000015258789,24.989999771118164,8.36796760559082,53980700,12.585009175163917,-0.0107462614920466,0.0136988129189189,0.0499523793194395,0.0286459630296701,0.0713125341546852,0.1440678638201644,-1,1,1
2019-01-14,0,24.81999969482422,25.09000015258789,24.65999984741211,24.850000381469727,8.321086883544922,46577300,12.28737700675458,-0.0056181547477073,0.0052449597226202,0.0370407548572104,0.0286398040935869,0.0712966742079165,0.1440377877576038,-1,0,1
2019-01-15,0,24.82999992370605,25.1200008392334,24.700000762939453,24.82999992370605,8.314391136169434,53731500,12.2450379842117,-0.0008049961328593,-0.0112135549664346,0.0914251354193164,0.0286334146050395,0.0712810844898806,0.144019022005091,0,-1,1
2019-01-16,0,24.799999237060547,24.89999961853028,24.65999984741211,24.81999969482422,8.311042785644531,40425000,11.240573273075572,-0.0004027985778802,-0.0056246971562974,0.0974422170334104,0.0286270261418479,0.0712652264741092,0.1440020746300669,0,0,1
2019-01-17,0,24.75,25.299999237060547,24.68000030517578,25.15999984741211,8.424893379211426,50359400,10.523119946748697,0.0136057342400483,-0.012638296692144,0.1106187926482468,0.0286221011192177,0.0712497597029024,0.1439894958860673,1,-1,1
2019-01-18,0,25.440000534057617,25.559999465942383,25.280000686645508,25.39999961853028,8.505256652832031,67021300,10.46965917802053,0.009493581220476,0.0055271045100307,0.1175403998680289,0.0286164336582454,0.0712339529619028,0.1439794200355635,1,0,1
2019-01-21,0,25.309999465942383,25.530000686645508,25.100000381469727,25.530000686645508,8.548788070678711,45336500,9.208067326010385,0.0051051246899441,0.0213784906920217,0.1360049834086391,0.0286102656389407,0.0712195411075169,0.143976755796927,1,1,1
2019-01-22,0,25.26000022888184,25.5,25.020000457763672,25.1299991607666,8.414846420288086,61307000,9.09135962786721,-0.0157919500145526,0.0112046954251764,0.1280528843019537,0.0286058159139778,0.0712040691948332,0.1439707426983413,-1,1,1
2019-01-23,0,25.32999992370605,25.540000915527344,25.15999984741211,25.43000030517578,8.515302658081055,52931600,8.797629908942918,0.0118672808234067,0.0238769723814425,0.1787037601442616,0.0286005575624644,0.0711900369381321,0.1439892411534851,1,1,1
2019-01-24,0,25.39999961853028,25.540000915527344,25.31999969482422,25.540000915527344,8.552138328552246,40109000,8.559133200532756,0.0043164909952031,0.0285962619545258,0.1717204747098698,0.0285943426676347,0.0711768017645829,0.1440038215211077,1,1,1
2019-01-28,0,25.290000915527344,25.530000686645508,24.739999771118164,24.770000457763672,8.294301986694336,65079900,8.733913933167909,-0.0306125771652479,-0.0156220494507705,0.175862404028721,0.0285952343728289,0.0711616551925309,0.1440206102027318,-1,-1,1
2019-01-29,0,25.25,25.559999465942383,25.11000061035156,25.3700008392334,8.495213508605957,59419200,8.96647915826151,0.0239341168308603,-0.0011815138403862,0.1970082918403929,0.02859336083092,0.071145799127684,0.1440497216158618,1,0,1
2019-01-30,0,25.809999465942383,25.93000030517578,25.46999931335449,25.6200008392334,8.578924179077148,62607500,9.145777441733513,0.0098056303323528,0.0035189918020224,0.1669830427791355,0.0285877646796822,0.0711300012259102,0.1440615964825664,1,0,1
2019-01-31,0,25.8700008392334,25.959999084472656,25.559999465942383,25.57999992370605,8.565530776977539,63253600,9.55419118439994,-0.0015624182697611,0.0177485235468139,0.1658820269978003,0.0285814312363849,0.0711152005030735,0.1440728451304151,0,1,1
2019-02-01,0,25.5,25.850000381469727,25.3700008392334,25.799999237060547,8.639198303222656,47957400,9.534429768985785,0.0085636892173908,0.0144449319407981,0.1288910051830765,0.0285756638886515,0.0711000671970208,0.1440669338103456,1,1,1
2019-02-04,0,25.84000015258789,26.1200008392334,25.600000381469727,26.030000686645508,8.71621322631836,53874900,9.335114365256976,0.0088750910325614,0.0190035319781566,0.0786989786735484,0.028569942476933,0.0710854327056055,0.1440446055509144,1,1,1
2019-02-05,0,25.90999984741211,26.100000381469727,25.809999465942383,26.07999992370605,8.732955932617188,40989100,9.276348277601771,0.0019190267782349,0.0515351359216394,0.0563916841713893,0.0285636346894291,0.0710780679434274,0.1440175142375992,0,1,1
2019-02-06,0,25.799999237060547,25.84000015258789,25.31999969482422,25.489999771118164,8.535392761230469,64527000,9.345547946068612,-0.0228825344362569,0.0047184846545223,0.0306734512865408,0.0285613416277156,0.0710623529461494,0.1439868596440374,-1,0,1
2019-02-07,0,25.600000381469727,25.850000381469727,24.65999984741211,25.09000015258789,8.401453971862793,55614100,9.378309477836671,-0.0158165901474579,-0.0209037358252885,-0.0007966574171122,0.0285569336579631,0.0710478806670667,0.1439546444967475,-1,-1,0
2019-02-08,0,24.799999237060547,25.280000686645508,24.729999542236328,25.1299991607666,8.414846420288086,40153900,9.3681325775382,0.0015927940087135,-0.0177485235468139,0.0067877929796184,0.0285506283610621,0.071033044123893,0.1439225503320796,0,-1,0
2019-02-11,0,25.170000076293945,25.170000076293945,24.540000915527344,24.84000015258789,8.317739486694336,39617300,8.950910288418546,-0.0116070551615257,-0.0379192679257305,-0.0254385959578022,0.0285453359547794,0.0710216718264019,0.143891288857613,-1,-1,-1
2019-02-12,0,25.31999969482422,25.850000381469727,25.229999542236328,25.71999931335449,8.612407684326172,72467200,9.18770843409266,0.0348133958750942,-0.0119809630831978,0.018046619898991,0.0285484566469687,0.0710063320674798,0.1438597147797841,1,-1,1
2019-02-13,0,26.020000457763672,26.209999084472656,25.850000381469727,26.049999237060547,8.72291088104248,69042200,9.316970976441684,0.0127490813685191,-0.0011509084929136,0.0415419627595566,0.0285434129108361,0.0709905877191249,0.1438304233265877,1,0,1
2019-02-14,0,26.170000076293945,26.950000762939453,26.0,26.950000762939453,9.024279594421388,81125500,9.694572704489527,0.0339656788502583,0.0556973047936017,0.0811257963575225,0.0285460681921053,0.0709846867186892,0.1438088307905303,1,1,1
2019-02-15,0,26.86000061035156,27.020000457763672,26.709999084472656,26.84000015258789,8.987443923950195,63841800,10.010984965392126,-0.00409019401033,0.0674237009307295,0.0778405984800519,0.0285398840461829,0.0709833158792733,0.1437864230380612,-1,1,1
2019-02-18,0,26.59000015258789,26.790000915527344,26.40999984741211,26.76000022888184,8.960655212402344,43379000,9.85049634275018,-0.002985132992327,0.062845773929689,0.0752582640656049,0.0285336442579504,0.0709800630170335,0.1437634010845435,-1,1,1
2019-02-19,0,26.86000061035156,27.39999961853028,26.84000015258789,27.3799991607666,9.168264389038086,58041900,10.196129551025042,0.0229046471050084,0.0973574761962233,0.0845571769305651,0.0285314195774347,0.0709941096718833,0.1437427231597102,1,1,1
2019-02-20,0,27.5,27.65999984741211,26.8700008392334,27.040000915527344,9.054415702819824,55114500,10.093476463074484,-0.0124954361227863,0.0500486441983424,0.0625681595873027,0.028526320326513,0.0709863020795783,0.1437169650794684,-1,1,1
2019-02-21,0,27.18000030517578,27.489999771118164,26.81999969482422,27.39999961853028,9.174962997436523,46559400,10.013989935772743,0.0132257992759082,0.0505253621057316,0.0706888341732665,0.0285213875078798,0.0709786437209157,0.1436929221798829,1,1,1
2019-02-22,0,27.549999237060547,27.700000762939453,27.1299991607666,27.1299991607666,9.084552764892578,36602000,10.003322354167802,-0.0099028881790774,0.0066567950763956,0.0765778960087415,0.0285158481715893,0.0709631018265187,0.1436702510180229,-1,0,1
2019-02-25,0,27.0,27.030000686645508,26.6299991607666,26.700000762939453,8.940567016601562,54190800,10.310823284105986,-0.0159764609265251,-0.0052294718397995,0.0487341542588098,0.0285115225753733,0.070947497903202,0.1436421025090128,-1,0,1
2019-02-26,0,26.76000022888184,27.13999938964844,26.56999969482422,26.57999992370605,8.900383949279785,46504200,9.893708399812263,-0.0045045956738626,-0.0067489345213352,0.039913067589744,0.0285053922155472,0.070931958408824,0.1436127339104087,-1,0,1
2019-02-27,1,26.84000015258789,27.25,26.6299991607666,27.07999992370605,9.067809104919434,49131400,9.582705841013592,0.0186362647389418,-0.0110173168874017,0.0891619094939337,0.0285018114501055,0.0709166579651463,0.1435933617998424,1,-1,1
2019-02-28,0,27.71999931335449,27.75,26.600000381469727,27.059999465942383,9.061110496520996,93065100,9.803303856266576,-0.0007389970114663,0.0007391222239182,0.0644887956516071,0.028495539299627,0.0709010114375473,0.143568060498865,0,0,1
2019-03-01,0,27.13999938964844,27.25,26.6299991607666,26.700000762939453,8.940567016601562,41978700,9.40950525039,-0.0133926720536128,-0.0258793491056027,0.0412904932656413,0.0284906428922427,0.0708874114708938,0.1435389144607037,-1,-1,1
2019-03-06,0,26.549999237060547,26.76000022888184,26.46999931335449,26.76000022888184,8.960655212402344,18423400,8.965788006036721,0.0022443388474723,-0.0137321220790527,0.0450972503828751,0.0284844157270388,0.070872344407089,0.1435103043392791,0,-1,1
2019-03-07,0,26.799999237060547,26.90999984741211,26.489999771118164,26.770000457763672,8.964005470275879,32835300,8.493915804730948,0.0003738154904976,0.00261815433797,0.0369073766559815,0.0284781533685437,0.0708567514303202,0.1434806520600389,0,0,1
2019-03-08,0,26.489999771118164,26.75,26.21999931335449,26.670000076293945,8.930519104003906,49564400,8.382015910107096,-0.0037426426414366,0.003380107370396,0.0242896429819833,0.0284719988952134,0.0708411843082052,0.1434497933653742,-1,0,1
2019-03-11,0,27.020000457763672,27.780000686645508,27.01000022888184,27.75,9.292160034179688,66742800,8.764985993127919,0.0396965140049809,0.0244403566364349,0.0620671302087294,0.0284779290081325,0.0708274854010222,0.1434240877525988,1,1,1
2019-03-12,0,27.790000915527344,27.959999084472656,27.25,27.5,9.208447456359863,64287300,9.279848665959104,-0.0090497730076133,0.0161295806402879,0.0758998916373728,0.0284723013840075,0.0708127326489037,0.1434013756700366,-1,1,1
2019-03-13,0,27.59000015258789,28.1299991607666,27.520000457763672,28.100000381469727,9.409358024597168,61057200,9.458456997486136,0.0215834640478586,0.0511057167417593,0.1132999458326892,0.0284696544911703,0.070805350365157,0.1433896837580669,1,1,1
2019-03-14,0,28.14999961853028,28.200000762939453,27.90999984741211,28.190000534057617,9.439495086669922,42777800,9.438407238568876,0.0031977635536625,0.0520591414479494,0.1149049153776383,0.0284634879752194,0.070798273396509,0.1433785522305445,1,1,1
2019-03-15,0,28.15999984741211,28.38999938964844,28.11000061035156,28.25,9.459587097167969,61041100,9.700149843164096,0.0021262427320136,0.0538115686894656,0.1286382132711778,0.0284572810538716,0.0707917726501457,0.1433725991107743,0,1,1
2019-03-18,0,28.350000381469727,28.790000915527344,28.26000022888184,28.739999771118164,9.623666763305664,91920600,9.78217927764182,0.0171966176038284,0.0747508289347309,0.1110214349999121,0.0284533270423316,0.0707936454012278,0.1433600848722898,1,1,1
2019-03-19,0,28.850000381469727,29.5,28.600000381469727,29.200000762939453,9.777697563171388,69423600,10.38438144552504,0.015878680860556,0.0509329957903061,0.1141510344919492,0.0284490379681823,0.0707861951238888,0.1433486552728767,1,1,1
2019-03-20,0,29.200000762939453,29.600000381469727,28.89999961853028,28.96999931335449,9.70068073272705,68878000,11.382618383709604,-0.0079079716631865,0.0520747971347329,0.0722773839785042,0.028443286414203,0.0707791090875941,0.1433251231266768,-1,1,1
2019-03-21,0,28.84000015258789,28.96999931335449,27.920000076293945,28.559999465942383,9.563390731811523,80121300,12.31898161182044,-0.0142537184392432,0.0162376146476311,0.0621138595495909,0.0284386188301348,0.0707644080906713,0.1432994820770023,-1,1,1
2019-03-22,0,27.940000534057617,28.13999938964844,27.0,27.0,9.041021347045898,104731100,13.319525326287362,-0.0561701943492069,-0.0431303432552384,0.0089287981927111,0.0284566367290585,0.0707546209732566,0.1432679654433874,-1,-1,0
2019-03-25,0,26.82999992370605,27.59000015258789,26.81999969482422,27.34000015258789,9.154871940612791,104772900,13.992184827099347,0.0125140412207327,-0.0327425447665192,-0.0014618076915645,0.0284516243817204,0.0707424035112929,0.1432363371990394,1,-1,0
2019-03-26,0,27.739999771118164,28.68000030517578,27.71999931335449,28.6299991607666,9.586831092834473,91549100,14.559047230128536,0.0461042054741872,-0.0038349568961604,0.0571378339054091,0.028461758049827,0.0707269438539837,0.1432098273467117,1,0,1
2019-03-27,0,28.209999084472656,28.209999084472656,27.34000015258789,27.34000015258789,9.154871940612791,66415400,14.62555054335301,-0.0461042054741873,-0.065817843230904,-0.0021921708446862,0.0284718346968884,0.0707248020393085,0.1431782431763052,-1,-1,0
2019-03-28,0,27.25,28.059999465942383,26.950000762939453,28.059999465942383,9.395965576171877,69412700,15.118437704015609,0.0259942130107028,-0.0319156585570144,0.0337049303450941,0.0284708136806066,0.0707124349950242,0.1431484630738632,1,-1,1
2019-03-29,0,28.450000762939453,28.530000686645508,27.739999771118164,28.059999465942383,9.395965576171877,51587400,14.93447664984582,0.0,-0.0176619401177711,0.0496813912716195,0.0284645966739331,0.0706979044833322,0.143120769623268,0,-1,1
2019-04-01,0,28.39999961853028,28.420000076293945,27.8700008392334,28.0,9.375873565673828,42289800,13.965940800438332,-0.0021406552675743,0.0363675989638614,0.0520453316779077,0.0284584178752958,0.0706865751024525,0.1430934643096644,0,1,1
2019-04-02,0,28.13999938964844,28.299999237060547,27.86000061035156,28.290000915527344,9.472982406616213,38460600,13.341957823014102,0.0103040418241429,0.0341575995672713,0.0437131087631085,0.028453027597128,0.0706747657789362,0.1430649386333071,1,1,1
2019-04-03,0,28.530000686645508,28.559999465942383,27.540000915527344,27.540000915527344,9.221841812133787,55120900,13.024779323599777,-0.0268690093552353,-0.0388156152621513,0.0175830964193396,0.028452342668045,0.070663936869096,0.143033942560445,-1,-1,1
2019-04-04,0,27.770000457763672,28.46999931335449,27.3700008392334,28.46999931335449,9.533255577087402,52248100,12.492726248005592,0.033211492551956,0.0405000827639922,0.0641872610249086,0.0284546064872371,0.0706536149153045,0.1430088675842324,1,1,1
2019-04-05,0,28.540000915527344,28.88999938964844,28.209999084472656,28.780000686645508,9.637057304382324,54708900,11.660044922979456,0.0108295302651147,0.025335400018404,0.0727724524425508,0.0284493082425797,0.0706401959662423,0.142985618924093,1,1,1
2019-04-08,0,29.059999465942383,29.38999938964844,28.979999542236328,29.25,9.794441223144531,55270000,10.830934452953477,0.0161991994771106,0.0415345994955146,0.0885978364291641,0.0284451250730145,0.0706301457786138,0.1429663150917693,1,1,1
2019-04-09,0,29.030000686645508,29.239999771118164,28.670000076293945,29.15999984741211,9.764302253723145,43863700,9.939272936966102,-0.0030818946331813,0.0405933601299077,0.0892585844374193,0.028439004703049,0.0706198587670822,0.1429471958857018,-1,1,1
2019-04-10,0,29.549999237060547,29.56999969482422,28.780000686645508,28.780000686645508,9.637057304382324,62005200,9.918484211976905,-0.0131173048439293,0.0171720134618354,0.0364447655885091,0.0284341296874045,0.0706053810758224,0.1429178599832339,-1,1,1
2019-04-11,0,28.700000762939453,28.700000762939453,27.8700008392334,28.0,9.375873565673828,56126400,9.668536317326106,-0.0274760552859783,0.0165649675310925,0.0180184833101442,0.0284337094665488,0.0705908486110354,0.142886993438636,-1,1,1
2019-04-12,0,26.46999931335449,26.96999931335449,25.56999969482422,25.82999992370605,8.649243354797363,227307600,12.60787052454317,-0.0806679041700649,-0.0973144291909284,-0.0842328849077792,0.0284771871467188,0.0706046201394234,0.1428664997570329,-1,-1,-1
2019-04-15,0,26.350000381469727,26.57999992370605,25.549999237060547,25.93000030517578,8.68272876739502,117567200,13.846644469144456,0.003864009706985,-0.1042799497490581,-0.0835666387544567,0.0284711163005715,0.0706226735481402,0.1428458403808671,1,-1,-1
2019-04-16,0,25.950000762939453,27.059999465942383,25.6299991607666,26.71999931335449,8.947263717651367,95149300,14.812957724071168,0.0300119022795851,-0.0904672469465837,-0.0556809792068852,0.028471830209244,0.0706324080049538,0.1428192470135862,1,-1,-1
2019-04-17,0,27.1200008392334,27.34000015258789,26.21999931335449,26.75,8.95730972290039,103988400,15.652577568147672,0.0011221720904548,-0.0862631802229474,-0.071755424720259,0.0284656585697176,0.0706398293466652,0.1427957985766117,0,-1,-1
2019-04-18,0,27.36000061035156,27.88999938964844,27.25,27.600000381469727,9.241933822631836,100942100,16.515345055053043,0.0312812241585405,-0.0418646512204775,-0.0563528814222746,0.0284669619819305,0.0706297901026463,0.142769346556088,1,-1,-1
2019-04-22,0,27.690000534057617,27.88999938964844,27.31999969482422,27.440000534057617,9.188356399536133,45321900,16.295490989930926,-0.005814078169704,-0.0202026741042032,-0.0542589879287921,0.0284610405135707,0.0706156546521995,0.1427425553410743,-1,-1,-1
2019-04-23,0,27.71999931335449,28.0,27.68000030517578,27.68000030517578,9.268720626831056,52199500,16.181363940590806,0.0087082840953232,0.0691735141611848,-0.0312969853942253,0.0284554516309518,0.0706151539976262,0.1427127892936831,1,1,-1
2019-04-24,0,27.71999931335449,27.88999938964844,27.209999084472656,27.600000381469727,9.241933822631836,57704700,16.389720330483982,-0.0028942059256192,0.0624152985285805,0.0219790030293622,0.0284493459791519,0.0706118955894479,0.1426823331850182,-1,1,1
2019-04-25,0,27.450000762939453,28.06999969482422,27.43000030517578,27.799999237060547,9.3089017868042,55201700,16.223676557724275,0.0072199718105251,0.0396233680595205,0.0166849336191545,0.028443583055382,0.070601447776805,0.1426515779705241,1,1,1
2019-04-26,0,27.68000030517578,27.770000457763672,27.059999465942383,27.25,9.13113784790039,52616600,16.132828013700497,-0.0192808095171464,0.0192203864519193,-0.0487000813721793,0.0284402425619613,0.0705872861473379,0.1426239882835891,-1,1,-1
2019-04-29,0,27.549999237060547,27.6200008392334,27.34000015258789,27.3700008392334,9.171347618103027,27689800,12.735604728794396,0.0043939207021833,-0.0076669170044379,0.0017980448041915,0.0284342357441437,0.0705721434366551,0.1425928375536919,1,-1,0
2019-04-30,0,27.520000457763672,27.65999984741211,26.979999542236328,27.11000061035156,9.08422565460205,39570700,11.42334441898726,-0.0095447700949801,-0.011397608929714,-0.0337409383014917,0.0284287703389645,0.0705572239927838,0.1425634100894611,-1,-1,-1
2019-05-02,0,26.799999237060547,26.81999969482422,26.520000457763672,26.729999542236328,8.956892013549805,37820300,10.406265378038846,-0.0141161714955105,-0.034222064520548,-0.0478571097970023,0.0284241275371499,0.0705454806940332,0.1425357491351266,-1,-1,-1
2019-05-03,0,26.89999961853028,27.06999969482422,26.850000381469727,26.850000381469727,8.997101783752441,33334800,9.153126531322837,0.0044792081232716,-0.0268486504716571,-0.0412372464061563,0.0284181384582989,0.0705323707324306,0.1425072087180562,1,-1,-1
2019-05-06,0,26.38999938964844,26.770000457763672,26.36000061035156,26.770000457763672,8.970295906066895,31715900,7.8665340922804035,-0.0029838375079881,-0.0370524597901704,-0.0545251257382871,0.0284120628095576,0.0705212536581568,0.1424806166032133,-1,-1,-1
2019-05-07,1,26.64999961853028,26.65999984741211,26.1200008392334,26.350000381469727,8.829559326171875,52454400,7.959229713083735,-0.0158135570051538,-0.0335852072781777,-0.0434696733882057,0.0284078141611216,0.0705093949299728,0.142452395389771,-1,-1,-1
2019-05-08,0,26.309999465942383,27.46999931335449,26.290000915527344,27.3700008392334,9.171347618103027,71780300,8.305482050577876,0.037979127980361,0.0,-0.0387020379598006,0.0284126706381043,0.0704941383453029,0.1424235977793379,1,0,-1
2019-05-09,0,27.100000381469727,27.1200008392334,26.63999938964844,26.82999992370605,8.990401268005371,46663300,8.079710540475523,-0.0199267524993459,-0.0103819824043657,-0.0694583207242613,0.0284095414638452,0.0704792046054366,0.1423998618930064,-1,-1,-1
2019-05-10,0,26.8700008392334,26.920000076293945,26.420000076293945,26.68000030517578,8.94013786315918,33336000,7.651430359337159,-0.0056064724141623,-0.0018722833230174,-0.0912639926155344,0.0284036472382397,0.070463975265726,0.1423814612102817,-1,0,-1
2019-05-13,0,26.209999084472656,26.46999931335449,25.81999969482422,25.89999961853028,8.678770065307617,43146100,7.441110043022557,-0.0296711889145449,-0.0360226803608339,-0.1178532868968979,0.0284041800882822,0.070452664154568,0.1423715164078763,-1,-1,-1
2019-05-14,0,26.170000076293945,26.229999542236328,25.850000381469727,26.0,8.71227741241455,34968600,7.541718685040953,0.0038534066003415,-0.0291854362525043,-0.100882575452627,0.0283981742514669,0.0704400036533408,0.1423559213915653,1,-1,-1
2019-05-15,0,25.739999771118164,25.88999938964844,25.65999984741211,25.8799991607666,8.672067642211914,37053900,7.466048461215547,-0.0046259829499172,-0.0179978621972677,-0.0780325031165661,0.0283922138896919,0.0704257534110895,0.1423341253889047,-1,-1,-1
2019-05-16,0,25.770000457763672,26.040000915527344,25.239999771118164,25.270000457763672,8.46766471862793,46502200,7.575207938510077,-0.023852486175465,-0.0798294763530939,-0.0212170851219661,0.0283903899673977,0.0704299193472178,0.1423038400604857,-1,-1,-1
2019-05-17,0,25.049999237060547,25.420000076293945,24.46999931335449,24.68000030517578,8.269962310791016,67291200,8.084327519607141,-0.0236248068776205,-0.0835275307313684,-0.0487059017065718,0.0283884821428643,0.0704359060162223,0.1422764533628041,-1,-1,-1
2019-05-20,0,24.68000030517578,25.520000457763672,24.63999938964844,25.520000457763672,8.551434516906738,54472000,8.44409907918257,0.0334690969460473,-0.0444519613711587,-0.0452487070401095,0.0283909031454828,0.0704266596795269,0.1422485935605841,1,-1,-1
2019-05-21,0,25.700000762939453,26.489999771118164,25.420000076293945,26.489999771118164,8.876471519470215,57846700,8.543957642595611,0.0373050779976825,0.0225243055410686,-0.0090658011328819,0.0283953739302463,0.0704130886743777,0.1422178275231205,1,1,0
2019-05-22,0,26.34000015258789,26.46999931335449,25.959999084472656,26.290000915527344,8.84283447265625,48439300,8.087614862278524,-0.0037966596698936,0.0148742392708332,-0.0441436849613162,0.0283893753765155,0.0703986316800142,0.1421898544166891,-1,1,-1
2019-05-23,0,25.89999961853028,25.920000076293945,25.520000457763672,25.84000015258789,8.691474914550781,49527400,8.109331321723413,-0.0172648165877127,0.0022354056330379,-0.0555944233793249,0.0283855156205463,0.0703834920822393,0.1421636141463388,-1,0,-1
2019-05-24,0,26.14999961853028,26.36000061035156,25.93000030517578,26.09000015258789,8.775564193725586,35915100,8.143355085982108,0.0096284124958506,0.0357163043043536,-0.0546742949787975,0.0283801289457332,0.0703723267814096,0.14213723520509,1,1,-1
2019-05-27,0,26.299999237060547,26.540000915527344,26.170000076293945,26.239999771118164,8.826017379760742,33892000,7.993893299207715,0.0057328171339501,0.0650739283159241,-0.0460472719192281,0.0283742892198459,0.0703702762268244,0.1421095660776242,1,1,-1
2019-05-28,0,26.1299991607666,26.799999237060547,26.1299991607666,26.799999237060547,9.014378547668455,60774600,8.476443656556958,0.0211170389120755,0.0527218702819525,-0.0321502048176776,0.0283715893317862,0.0703637450950788,0.1420802899121629,1,1,-1
2019-05-29,0,26.489999771118164,26.709999084472656,26.26000022888184,26.5,8.913469314575195,43124400,8.601559347643322,-0.0112573800871438,0.0041594121971263,-0.0241267753876749,0.0283664528091657,0.0703486793486443,0.1420503631991862,-1,0,-1
2019-05-30,0,26.51000022888184,26.86000061035156,25.989999771118164,26.14999961853028,8.795744895935059,71847200,9.074179472773883,-0.013295468834406,-0.0053393969673861,-0.0418161649242644,0.0283616954783612,0.0703336388879455,0.1420221888699056,-1,0,-1
2019-05-31,0,25.790000915527344,26.270000457763672,25.420000076293945,25.549999237060547,8.5939302444458,63137200,9.04660025590737,-0.0232119014447532,-0.0112864818244266,-0.0554832962740374,0.0283596664134421,0.0703188982085175,0.141996021796398,-1,-1,-1
2019-06-03,0,25.8799991607666,26.31999969482422,25.850000381469727,25.989999771118164,8.741927146911621,53470600,9.049819417137154,0.0170744941737402,-0.0038404001465371,-0.0242926306047866,0.0283558096318546,0.0703038378788399,0.1419661607604936,1,0,-1
2019-06-04,0,26.290000915527344,26.3700008392334,26.030000686645508,26.200000762939453,8.8125638961792,37331100,8.683739602318116,0.0080477560225816,-0.0015254612579056,-0.0207240827054767,0.0283502334349998,0.0702887539661076,0.1419360832677684,1,0,-1
2019-06-05,0,26.18000030517578,26.290000915527344,25.559999465942383,25.86000061035156,8.698202133178711,65282100,8.960536277531464,-0.0130620657959301,-0.0357045659659113,-0.0308023109934187,0.0283454412911208,0.0702774933033276,0.1419067887136634,-1,-1,-1
2019-06-06,0,26.170000076293945,26.6299991607666,25.71999931335449,26.280000686645508,8.839471817016602,87836900,9.647021988699382,0.0161107727117953,-0.0083364131669723,0.0011220187235305,0.0283413500267698,0.0702626184138153,0.1418761552427259,1,-1,0
2019-06-07,0,26.690000534057617,26.82999992370605,26.3700008392334,26.76000022888184,9.000922203063965,52235500,9.954567182803846,0.0180999134357111,0.0230589691031448,-0.0187571958211195,0.0283377749957132,0.0702492292171835,0.1418460223478296,1,1,-1
2019-06-10,0,26.600000381469727,26.88999938964844,26.520000457763672,26.64999961853028,8.963924407958984,39666800,10.066556453440242,-0.0041189160378741,0.0421519545100238,-0.0029493593596477,0.0283318416722304,0.0702396827283465,0.1418154289566323,-1,1,0
2019-06-11,0,26.88999938964844,27.290000915527344,26.709999084472656,27.15999984741211,9.135467529296877,52437000,9.930022040462916,0.0189562454639094,0.0440337058001931,0.021613358518424,0.02832851080457,0.0702306363569596,0.1417856175099786,1,1,1
2019-06-12,0,27.020000457763672,27.1200008392334,26.63999938964844,26.850000381469727,9.031194686889648,43392200,9.944894841164944,-0.0114797078610828,0.0245062419165286,0.0398048395718859,0.0283234458294516,0.0702174776442693,0.1417575705855172,-1,1,1
2019-06-13,0,27.14999961853028,27.38999938964844,27.07999992370605,27.18000030517578,9.142192840576172,48981600,9.57949259377394,0.0122156129437588,0.0497839206562175,0.0481670459153032,0.0283185314113461,0.0702100910785326,0.1417306793188419,1,1,1
2019-06-14,0,27.200000762939453,27.25,26.89999961853028,27.059999465942383,9.101829528808594,42802400,9.275868022640807,-0.0044248331652888,0.0292483147791332,0.0483681956999314,0.0283126323253607,0.0701977277535737,0.1417038329757444,-1,1,1
2019-06-17,0,27.07999992370605,27.43000030517578,26.959999084472656,27.11000061035156,9.118648529052734,49290000,9.240195191814612,0.0018461650641416,0.0129945664075638,0.0740668469395382,0.0283066191813719,0.0701832548142056,0.1416818423191369,0,1,1
2019-06-18,0,27.299999237060547,27.520000457763672,27.25,27.450000762939453,9.233010292053224,31332800,9.16144659081004,0.0124635319914102,0.0295770144368483,0.1101551858085691,0.0283017607756436,0.0701709648781815,0.1416700369252421,1,1,1
2019-06-19,0,27.350000381469727,27.59000015258789,27.21999931335449,27.520000457763672,9.256555557250977,33286300,8.646093820954118,0.0025468719078598,0.0131676408807988,0.0792329607703814,0.0282957784771403,0.0701565227721616,0.1416492695654302,0,1,1
2019-06-21,0,27.950000762939453,28.38999938964844,27.950000762939453,28.280000686645508,9.512187957763672,58424700,8.20819730923787,0.027241909860147,0.0518892586020289,0.0691697926328463,0.0282953501193809,0.0701498080663325,0.1416262218830819,1,1,1
2019-06-24,0,28.31999969482422,28.3799991607666,28.1200008392334,28.25,9.502095222473145,27365000,7.791219336709133,-0.0010615952379294,0.0386120504203407,0.0719048570648104,0.028289332160143,0.0701394201651217,0.1416037746213205,0,1,1
2019-06-25,0,28.13999938964844,28.15999984741211,27.3799991607666,27.51000022888184,9.25319004058838,56472100,8.12254483317299,-0.0265439626995934,0.0164929208860361,0.0626257109529297,0.0282885999598177,0.07012530369907,0.141579425616726,-1,1,1
2019-06-26,0,27.549999237060547,27.93000030517578,27.520000457763672,27.670000076293945,9.30700969696045,48901500,8.075101626597316,0.0057994857793245,0.0204462416012189,0.0587967842364038,0.0282828365259478,0.0701116441107714,0.1415543763364419,1,1,1
2019-06-27,0,27.440000534057617,27.549999237060547,27.01000022888184,27.229999542236328,9.15900993347168,55219200,8.301048878737623,-0.0160297601239206,-0.008047050514112,0.0370342069785328,0.0282787444791979,0.0700968879230138,0.1415261406326151,-1,-1,1
2019-06-28,0,27.450000762939453,27.61000061035156,27.11000061035156,27.40999984741211,9.21955680847168,40262000,8.149051730772817,0.0065888809388923,-0.0040050414830795,0.0225060490053494,0.0282730624871973,0.0700819974706241,0.1414965862566907,1,0,1
2019-07-01,0,27.84000015258789,28.030000686645508,27.209999084472656,27.26000022888184,9.169100761413574,46759100,8.226752864869688,-0.0054877495533974,-0.0367347008966241,0.0282756795390957,0.0282672771902121,0.0700711307969359,0.1414675038726718,-1,-1,1
2019-07-02,0,27.26000022888184,27.26000022888184,26.64999961853028,26.81999969482422,9.02110481262207,57954200,8.372303728157211,-0.0162724070207822,-0.051945512679477,0.0252987413527195,0.0282632519435709,0.0700643462785548,0.1414381929487898,-1,-1,1
2019-07-03,0,27.040000915527344,27.200000762939453,26.88999938964844,27.18000030517578,9.142192840576172,29291800,8.329632657379637,0.0133334622591362,-0.0120680877207472,0.0618441050566091,0.028258595151733,0.0700498635652324,0.1414137810032006,1,-1,1
2019-07-04,0,27.3799991607666,27.57999992370605,27.31999969482422,27.38999938964844,9.212828636169434,28577400,8.240662822856272,0.0076966561307539,-0.0101709173693179,0.0524662670136229,0.0282530468927941,0.0700352643460815,0.141387743669002,1,-1,1
2019-07-05,0,27.270000457763672,27.59000015258789,27.1299991607666,27.39999961853028,9.216192245483398,27414700,7.639258330774474,0.0003650339725495,0.0062238767271525,0.044783544963591,0.0282470540404944,0.070020500698194,0.1413605782831206,0,0,1
2019-07-08,0,27.5,27.71999931335449,27.440000534057617,27.64999961853028,9.300281524658203,25318200,7.590527990597837,0.0090827074637064,0.0087177032519668,0.0669283182232275,0.0282416880431251,0.0700058628687728,0.1413372022518336,1,1,1
2019-07-10,0,28.0,28.270000457763672,27.96999931335449,28.06999969482422,9.441551208496094,50715800,7.503793515304869,0.0150756184221205,0.0292810712274846,0.0658931639335527,0.0282374143626115,0.0699936322597516,0.141313627151234,1,1,1
2019-07-11,0,28.200000762939453,28.51000022888184,28.15999984741211,28.39999961853028,9.552550315856934,48206900,7.514453163344362,0.0116878780305078,0.0572413562787745,0.0594811285283495,0.0282324607232564,0.0699887793413476,0.141288839040914,1,1,1
2019-07-12,0,28.540000915527344,28.739999771118164,28.40999984741211,28.530000686645508,9.596277236938477,40908900,7.2898745340636255,0.0045670678234505,0.0484749618430889,0.0681671123896742,0.0282266391239289,0.0699811026231016,0.1412657493833197,1,1,1
2019-07-15,0,28.59000015258789,28.64999961853028,28.18000030517578,28.18000030517578,9.478551864624023,36592400,7.241548215154819,-0.0123436877435341,0.028434617968801,0.0368671791822306,0.0282218019821915,0.0699687345852643,0.1412376674502283,-1,1,1
2019-07-16,0,28.280000686645508,28.32999992370605,27.600000381469727,27.82999992370605,9.360827445983888,54789300,7.408492488582557,-0.012497858771258,0.0155717252249932,0.0358490282720556,0.0282169957916524,0.0699546457697772,0.1412094892295728,-1,1,1
2019-07-17,0,27.989999771118164,28.0,27.63999938964844,27.68000030517578,9.31037139892578,28923500,6.90543822192777,-0.0054047059644263,0.0010843117968604,0.0182287093638705,0.0282112435183901,0.0699398216053512,0.1411798712658306,-1,0,1
2019-07-18,0,27.76000022888184,27.809999465942383,27.43000030517578,27.51000022888184,9.25319004058838,35830700,7.031948655621987,-0.0061606216431232,-0.0201519282683832,0.0164929208860361,0.0282055598820247,0.0699262144177937,0.1411501792682209,-1,-1,1
2019-07-19,0,27.5,27.600000381469727,27.3700008392334,27.440000534057617,9.22964572906494,28418900,7.029999497306458,-0.0025476960951119,-0.034387502394003,0.0120990597267823,0.0281996459208962,0.0699149525503773,0.1411203122713221,0,-1,0
2019-07-22,0,27.6200008392334,27.75,27.36000061035156,27.489999771118164,9.246465682983398,22304400,6.937885642497951,0.0018207249555832,-0.0371338452618704,0.0014562526909554,0.0281937142978395,0.069904287153167,0.1410902369042527,0,-1,0
2019-07-23,0,27.51000022888184,27.6299991607666,27.39999961853028,27.520000457763672,9.256555557250977,21124400,6.858659695469106,0.0010906192169043,-0.0236995383014319,0.0,0.0281877701075051,0.0698911675269089,0.1410601762620077,0,-1,0
2019-07-24,0,27.59000015258789,27.63999938964844,27.299999237060547,27.350000381469727,9.199374198913574,27939600,6.418533048132024,-0.0061965495165924,-0.0173982290467664,-0.0334384593767396,0.0281821043427866,0.0698772790264685,0.1410317927045406,-1,-1,-1
2019-07-25,0,27.46999931335449,27.5,26.809999465942383,26.88999938964844,9.044649124145508,26892300,5.9874180498838605,-0.0169621340341936,-0.0289556571165337,-0.0493389981730038,0.0281783017514072,0.0698650051377837,0.141005397462831,-1,-1,-1
2019-07-26,0,26.799999237060547,26.799999237060547,26.100000381469727,26.13999938964844,8.792381286621094,75644000,6.528164042588631,-0.0282877422389308,-0.0510827777123412,-0.0510827777123412,0.0281783263553981,0.069858064157235,0.1409792791011892,-1,-1,-1
2019-07-29,0,26.21999931335449,26.440000534057617,25.959999084472656,26.3799991607666,8.87310791015625,26493300,6.30639314881069,0.0091395357996845,-0.0393955458175448,-0.0477427276919812,0.0281730185095231,0.0698479418413746,0.1409526805266595,1,-1,-1
2019-07-30,0,26.350000381469727,26.489999771118164,26.18000030517578,26.239999771118164,8.826017379760742,38201600,5.957748396114137,-0.0053212394104723,-0.0465375101836002,-0.0370342069785328,0.028167289232359,0.0698396665708451,0.1409247397765633,-1,-1,-1
2019-07-31,0,26.38999938964844,26.5,26.020000457763672,26.07999992370605,8.772201538085938,39890200,6.117751853653352,-0.0061160745505583,-0.0537442039510629,-0.0497391624679834,0.0281616307434853,0.0698335633622406,0.1408984626677823,-1,-1,-1
2019-08-01,1,26.299999237060547,26.559999465942383,25.15999984741211,26.25,8.829381942749023,91345800,7.060232934888788,0.0064972115577196,-0.0410504428767507,-0.0377542013568662,0.0281560225211162,0.0698238459352167,0.1408706341911787,1,-1,-1
2019-08-02,0,26.3700008392334,26.88999938964844,26.280000686645508,26.520000457763672,8.920198440551758,64112900,7.674566524960992,0.0102331760356592,-0.0138551328068978,-0.0112486183004247,0.0281508877659145,0.0698096737135954,0.1408408987551891,1,-1,0
2019-08-05,0,25.799999237060547,26.1299991607666,25.520000457763672,25.549999237060547,8.5939302444458,48277000,8.088586889382444,-0.037262024497048,-0.0228294150650151,-0.0618441050566091,0.0281553080580011,0.0697964867800542,0.1408166881211332,-1,-1,-1
2019-08-06,0,25.89999961853028,26.21999931335449,25.68000030517578,25.8799991607666,8.70492935180664,44208100,8.464185841318608,0.0128332888234434,-0.0191356620412563,-0.0567074723639197,0.0281506298964763,0.0697828466264969,0.140791578943125,1,-1,-1
2019-08-07,0,25.440000534057617,25.729999542236328,25.0,25.600000381469727,8.610750198364258,67698500,9.110872043309572,-0.0108780116727776,-0.0246924343035617,-0.067950518009247,0.0281455861481028,0.0697699380641794,0.1407685766661105,-1,-1,-1
2019-08-08,0,26.100000381469727,26.350000381469727,25.86000061035156,26.350000381469727,8.863017082214355,50256700,9.512078597392756,0.0288757894202529,0.0102994296672495,-0.0481574360527006,0.0281459226599654,0.0697555899062974,0.1407421550865251,1,1,-1
2019-08-09,0,26.299999237060547,26.690000534057617,26.100000381469727,26.280000686645508,8.839471817016602,36641500,8.835050391868633,-0.0026601094587315,0.001142108650798,-0.0658931639335527,0.0281400621943138,0.0697409157823981,0.1407187641321251,0,0,-1
2019-08-12,0,25.920000076293945,25.920000076293945,25.540000915527344,25.64999961853028,8.627565383911133,36122000,8.986979222532408,-0.0242647711502864,-0.0333558385351474,-0.1018458131143469,0.02813852567975,0.0697295313449527,0.1407043969058496,-1,-1,-1
2019-08-13,0,25.36000061035156,26.1299991607666,25.229999542236328,25.790000915527344,8.742827415466309,45330500,9.104345712003848,0.0132712857574803,0.0171774717193809,-0.0931415951803172,0.0281339469135891,0.0697157949513531,0.1406874903544636,1,1,-1
2019-08-14,0,25.26000022888184,25.3799991607666,24.780000686645508,24.920000076293945,8.447896957397461,54401100,9.321919820835513,-0.0343161106536687,-0.029971927757731,-0.1151140180904518,0.028136790942381,0.0697037864402325,0.1406774230578203,-1,-1,-1
2019-08-15,0,24.989999771118164,25.0,24.13999938964844,24.229999542236328,8.213985443115234,53894500,8.599970087384461,-0.0280792862830941,-0.0471732023680477,-0.1306954456022879,0.0281367336656288,0.0696957449582868,0.1406730711153328,-1,-1,-1
2019-08-16,0,24.71999931335449,24.770000457763672,23.88999938964844,23.90999984741211,8.10550594329834,56782000,8.378421627791875,-0.0132946664867844,-0.0893436582750849,-0.138585406124646,0.0281321360717972,0.0697049462399534,0.1406718754970375,-1,-1,-1
2019-08-19,0,24.299999237060547,24.5,23.850000381469727,24.030000686645508,8.146184921264648,50699300,8.374684676884144,0.0050061329939367,-0.0816774158224165,-0.1274186514875859,0.0281264360690839,0.0697101916548201,0.1406662229665113,1,-1,-1
2019-08-20,0,23.90999984741211,24.190000534057617,23.68000030517578,24.020000457763672,8.14279556274414,37141700,8.211199298488738,-0.0004161535551903,-0.0578287982273205,-0.1252871089476644,0.0281205471306857,0.0697054704020063,0.1406597515216564,0,-1,-1
2019-08-21,0,24.350000381469727,25.989999771118164,24.18000030517578,25.450000762939453,8.627565383911133,87840800,8.558280802575116,0.0578287982273206,-0.0132712857574804,-0.0692790356759271,0.0281396109603708,0.0696913421028582,0.1406370645891389,1,-1,-1
2019-08-22,0,25.5,25.71999931335449,25.15999984741211,25.21999931335449,8.549596786499023,40808800,8.366745753786756,-0.0090782321451164,0.0119665927510718,-0.0794478870379479,0.0281343272864265,0.0696771960814137,0.1406166278465657,-1,1,-1
2019-08-23,0,24.780000686645508,25.3700008392334,24.229999542236328,24.280000686645508,8.230937004089355,58032300,8.671862794851558,-0.0379842618957946,0.0020616171383713,-0.1112355994171502,0.028139124566032,0.069662612625712,0.1406051967039635,-1,0,-1
2019-08-26,0,24.57999992370605,24.68000030517578,23.770000457763672,23.959999084472656,8.122455596923828,39688800,8.69314516910764,-0.0132673385969013,0.0020889450282543,-0.1075408039798579,0.0281345327514569,0.0696480387418099,0.1405925581808918,-1,0,-1
2019-08-27,0,24.170000076293945,24.81999969482422,23.809999465942383,24.34000015258789,8.251275062561035,70475200,9.060617222227105,0.015735219572069,0.0128180316063867,-0.0635178421688579,0.0281305130077234,0.0696339851419117,0.140568767097076,1,1,-1
2019-08-28,0,24.200000762939453,24.700000762939453,24.1200008392334,24.59000015258789,8.336027145385742,41981500,8.84311067706206,0.0102189999677482,0.0234531851293252,-0.0624383780007943,0.0281254249989754,0.0696211289808936,0.1405447868717733,1,1,-1
2019-08-29,0,24.89999961853028,25.5,24.68000030517578,25.5,8.644515991210938,61008800,9.011183250129084,0.0363383890221585,0.0019627759241634,-0.0207787495681634,0.028129393076939,0.0696065799467273,0.1405157625411504,1,0,-1
2019-08-30,0,25.530000686645508,25.690000534057617,25.170000076293945,25.5,8.644515991210938,54958200,9.0406300623138,0.0,0.0110410080692798,-0.014662675017605,0.0281235224206681,0.0695924194380454,0.1404864519674347,0,1,-1
2019-09-02,0,25.38999938964844,25.57999992370605,25.25,25.299999237060547,8.576715469360352,19049900,8.545318544334899,-0.0078741026524828,0.0411511673125916,-0.0290339892278077,0.0281181077813304,0.0695830680829631,0.1404580518166835,-1,1,-1
2019-09-03,0,25.11000061035156,25.65999984741211,25.030000686645508,25.600000381469727,8.678417205810547,47829600,8.768841345376167,0.0117881347039348,0.0662066406134278,-0.027479030559532,0.028113286275094,0.0695818585030887,0.1404295425584401,1,1,-1
2019-09-04,0,26.15999984741211,26.3700008392334,26.0,26.26000022888184,8.9021577835083,56179000,8.257422356553343,0.025454532454071,0.0759259534954297,0.0352375263915868,0.028112251770838,0.0695848071084244,0.1404019942873782,1,1,1
2019-09-05,0,26.600000381469727,26.790000915527344,26.34000015258789,26.38999938964844,8.946226119995117,48586800,8.42761174817819,0.0049380858540958,0.0706450393817774,0.0273423234222394,0.0281065788845037,0.0695854055060048,0.1403736959369008,1,1,1
2019-09-06,0,26.39999961853028,26.86000061035156,26.200000762939453,26.520000457763672,8.9902982711792,48502200,8.345044793446418,0.0049142452481178,0.0392208956077365,0.0431345803431349,0.028100907668965,0.0695755760639336,0.1403471328753104,1,1,1
2019-09-09,0,26.75,27.020000457763672,26.700000762939453,26.93000030517578,9.12928867340088,37303000,8.38111732558924,0.0153417546228262,0.0545626502305627,0.029600545545708,0.028096811408473,0.0695700919538327,0.140319067490262,1,1,1
2019-09-10,0,27.049999237060547,27.350000381469727,26.780000686645508,27.100000381469727,9.186917304992676,44109400,8.031330328873526,0.0062926592791565,0.0687294121622022,0.0385533142835962,0.0280912615937658,0.0695698631671933,0.14029196057152,1,1,1
2019-09-11,0,27.350000381469727,27.350000381469727,26.82999992370605,26.8700008392334,9.10894775390625,51540400,8.268488831160841,-0.0085232398519591,0.0484180376063082,0.0542948455819235,0.0280859513295959,0.069562463364092,0.1402671050274008,-1,1,1
2019-09-12,0,26.86000061035156,27.13999938964844,26.63999938964844,27.059999465942383,9.17335605621338,41028300,7.96881730525574,0.0070460013622425,0.0300095065144798,0.0480695611866855,0.0280804834174601,0.0695507122435276,0.1402412899850345,1,1,1
2019-09-13,0,27.1200008392334,27.200000762939453,26.81999969482422,26.8799991607666,9.112335205078123,24709400,7.472897805974282,-0.0066741887716007,0.0183972318887831,0.0757114830687536,0.0280749730798666,0.0695372671167735,0.1402206871965513,-1,1,1
2019-09-16,0,28.1200008392334,28.239999771118164,27.690000534057617,28.059999465942383,9.512357711791992,167634600,10.312799553983089,0.0429627523709276,0.0564457390115931,0.1467535217227756,0.0280828178238462,0.0695324052570378,0.1402239132557112,1,1,1
2019-09-17,0,27.65999984741211,27.75,27.15999984741211,27.690000534057617,9.386929512023926,67414800,10.744837891593663,-0.0132735208305681,0.0278304635581987,0.1467746673789919,0.0280782838472615,0.0695202884756365,0.1402271185654271,-1,1,1
2019-09-18,0,27.3700008392334,27.489999771118164,27.21999931335449,27.21999931335449,9.227598190307615,40567100,10.49526281172827,-0.0171194473034369,0.0044183569756053,0.1246490870816181,0.0280746139873269,0.0695058914635756,0.1402212729913289,-1,0,1
2019-09-19,0,27.82999992370605,27.850000381469727,27.21999931335449,27.290000915527344,9.251327514648438,42155100,10.406610326701207,0.0025682594067238,0.0155098562342882,0.1276335000435325,0.028068838889982,0.069492177500728,0.1402165430533688,0,1,1
2019-09-20,0,27.350000381469727,27.43000030517578,27.0,27.0,9.153017044067385,51946900,10.484833053415434,-0.0106834997941766,-0.0022196449221307,0.0591212020220354,0.0280638548616267,0.0694777468692921,0.1401925556758357,-1,0,1
2019-09-23,0,27.0,27.489999771118164,26.920000076293945,27.479999542236328,9.315738677978516,32643100,10.41249633589426,0.0176217442161696,0.0220762880656397,0.0858211783833215,0.0280603401682717,0.0694647951992721,0.1401744097830477,1,1,1
2019-09-24,0,27.420000076293945,27.540000915527344,27.14999961853028,27.270000457763672,9.244548797607422,36643400,10.280587289728086,-0.0076712421161907,-0.0285577064214787,0.1161341981629254,0.0280549559863064,0.0694527760962766,0.1401654570949927,-1,-1,1
2019-09-25,0,27.030000686645508,27.350000381469727,26.780000686645508,27.34000015258789,9.268277168273926,29038400,9.88305499313106,0.0025634534353721,-0.0127207321555384,0.1319649901951989,0.0280491943503831,0.0694388281344945,0.1401623778655088,0,-1,1
2019-09-26,0,27.39999961853028,27.700000762939453,27.229999542236328,27.700000762939453,9.390317916870115,33705900,9.76428099879549,0.0130816375433807,0.0174803526912793,0.1293114081665107,0.0280446559537206,0.0694253539812029,0.1401582418170297,1,1,1
2019-09-27,0,27.549999237060547,27.950000762939453,27.520000457763672,27.65999984741211,9.376758575439451,31886800,9.910787805596076,-0.0014450139632158,0.0134670793213394,0.1176473942355466,0.0280388662059719,0.0694115120848131,0.1401497801740176,0,1,1
2019-09-30,0,27.559999465942383,27.63999938964844,27.39999961853028,27.549999237060547,9.33946704864502,23143400,7.175578478866273,-0.0039849462057048,0.0201656329098111,0.0773240590076831,0.0280331806725351,0.0693983585952389,0.140129545604128,-1,1,1
2019-10-01,0,27.600000381469727,27.729999542236328,27.36000061035156,27.51000022888184,9.32590675354004,32423200,6.51989524851042,-0.0014529896517877,0.0010908990418538,0.0758710693558953,0.0280273982137746,0.0693839818144301,0.140108984222774,0,0,1
2019-10-02,0,27.21999931335449,27.26000022888184,26.61000061035156,26.71999931335449,9.058098793029783,51261200,6.698462981303114,-0.0291369479978718,-0.0203748068398272,0.0546082240105064,0.0280278497925778,0.0693708266257545,0.1400842747404834,-1,-1,1
2019-10-03,0,26.75,26.809999465942383,26.280000686645508,26.739999771118164,9.064876556396484,46076300,6.753397877709955,0.0007479747173975,-0.0221902855578018,0.0435680640239692,0.0280220629351686,0.0693579073961355,0.1400579520778609,0,-1,1
2019-10-04,0,26.850000381469727,26.920000076293945,26.270000457763672,26.51000022888184,8.986908912658691,47951600,6.665030457519279,-0.0086382733384599,-0.0439101964396426,0.0094752582314381,0.0280168193796657,0.0693492527630965,0.140028915049633,-1,-1,0
2019-10-07,0,26.3700008392334,26.600000381469727,26.100000381469727,26.170000076293945,8.871644973754883,26252500,6.523767573551187,-0.0129087204055784,-0.0553739028820053,-0.008371548028236,0.0280122536238206,0.0693439789814598,0.1399998462776647,-1,-1,0
2019-10-08,0,26.170000076293945,26.440000534057617,25.950000762939453,26.020000457763672,8.82079792022705,30418900,6.38401074275999,-0.0057478996907714,-0.0571368563670719,-0.0190336929671253,0.0280067114668632,0.0693392904581861,0.1399712176129177,-1,-1,-1
2019-10-09,0,26.350000381469727,26.709999084472656,26.14999961853028,26.520000457763672,8.9902982711792,35141400,6.476865622491597,0.0190336929671254,-0.0366501737481587,-0.0153417546228261,0.0280036167648791,0.069328903413706,0.1399424222383289,1,-1,-1
2019-10-10,0,26.59000015258789,26.8799991607666,26.540000915527344,26.739999771118164,9.064876556396484,31056500,6.407444751356037,0.0082612004676845,0.0007479747173975,-0.013373213434298,0.0279983503079878,0.0693145808960741,0.139913562993002,1,0,0
2019-10-11,0,26.93000030517578,27.36000061035156,26.93000030517578,27.26000022888184,9.241156578063965,37055300,6.493639018860437,0.0192598220989984,0.0192598220989984,0.0144098485166594,0.0279953213767694,0.0693014008311174,0.1398847981519985,1,1,1
2019-10-14,0,27.040000915527344,27.32999992370605,26.940000534057617,27.309999465942383,9.25810718536377,20809900,6.447035231867171,0.0018325715293718,0.0297306669668303,0.0091964186837887,0.0279895789779384,0.0692897725364202,0.1398558620067087,0,1,0
2019-10-15,0,27.309999465942383,27.8799991607666,27.309999465942383,27.600000381469727,9.356417655944824,30455300,6.41246301137308,0.010562868028416,0.0532022554008249,0.0264334754838056,0.027984640560191,0.0692839806713094,0.1398278762434558,1,1,1
2019-10-16,0,27.549999237060547,27.96999931335449,27.36000061035156,27.93000030517578,9.468289375305176,31381300,6.08069123923318,0.0118857665295754,0.0708359216211717,-0.0046435103575465,0.027979923636873,0.0692847197860352,0.1397988660896565,1,1,0
2019-10-17,0,27.93000030517578,28.0,27.59000015258789,27.65999984741211,9.376758575439451,31405400,5.836240124574287,-0.0097141190483949,0.0420881096056514,-0.0010841085753734,0.027974856044952,0.0692757539037384,0.1397698478398722,-1,1,0
2019-10-18,0,27.88999938964844,27.989999771118164,27.600000381469727,27.600000381469727,9.356417655944824,36070900,5.650826416858806,-0.0021716474811804,0.0316552616567865,0.0138636912468829,0.0279691354160147,0.0692644901130976,0.1397411484437116,0,1,0
2019-10-21,0,27.75,27.809999465942383,27.600000381469727,27.770000457763672,9.414048194885254,43337700,5.998231283278443,0.0061405742922103,0.0185360138499982,0.0174360061323693,0.0279636644296579,0.0692512598258207,0.1397126366872708,1,1,1
2019-10-22,0,27.799999237060547,28.68000030517578,27.770000457763672,28.56999969482422,9.685248374938965,64228700,6.700167026430623,0.0284008793951229,0.0451043217157493,0.0565203853216688,0.0279638546250674,0.0692430896375301,0.1396884738683079,1,1,1
2019-10-23,0,28.530000686645508,29.07999992370605,28.450000762939453,28.950000762939453,9.814068794250488,45930600,6.9677135011147255,0.0132130055989627,0.0477544592862959,0.0521116467044618,0.027959394906156,0.0692356538477271,0.1396636080424703,1,1,1
2019-10-24,1,29.14999961853028,29.25,28.229999542236328,28.31999969482422,9.600499153137209,60529900,7.562185649754985,-0.0220018552100603,0.0138668375466601,0.0377810336105922,0.0279572040054272,0.0692219881233918,0.1396368309135506,-1,1,1
2019-10-25,0,29.200000762939453,29.549999237060547,29.01000022888184,29.25,9.91576862335205,74476900,8.348075296990224,0.0323111879925565,0.0558921445876116,0.0675287681677767,0.0279591365823199,0.069217068715725,0.1396147406533091,1,1,1
2019-10-28,0,29.21999931335449,29.65999984741211,29.1200008392334,29.600000381469727,10.034419059753418,37461800,8.711685173196154,0.0118948089346808,0.0699586010034728,0.0663419395590765,0.0279544387281393,0.0692174096256108,0.1395924230797643,1,1,1
2019-10-29,0,29.39999961853028,29.940000534057617,29.26000022888184,29.81999969482422,10.108999252319336,49994200,9.149093059985129,0.007404953042248,0.0712229797535107,0.0751919065645406,0.0279491074176812,0.0692182685655292,0.1395719775363975,1,1,1
2019-10-30,0,29.770000457763672,30.09000015258789,29.46999931335449,30.07999992370605,10.197137832641602,63001200,9.834267261347431,0.0086810340603601,0.0515031344187479,0.0878578868306055,0.0279439296310721,0.0692119301171005,0.1395546063382717,1,1,1
2019-10-31,0,29.86000061035156,30.459999084472656,29.63999938964844,30.38999938964844,10.302227973937988,67070400,10.621013748655711,0.0102531037232787,0.0485432325430638,0.0995639802056719,0.0279389727854514,0.0692047112336336,0.1395404930769382,1,1,1
2019-11-01,0,30.59000015258789,31.229999542236328,29.84000015258789,30.43000030517578,10.315789222717283,101210200,12.023029554988906,0.001315475741975,0.0718605634950992,0.130016403945519,0.0279332618486647,0.0692058152034556,0.1395367395686392,0,1,1
2019-11-04,0,30.88999938964844,31.21999931335449,29.959999084472656,30.36000061035156,10.292057991027832,81023400,12.86815422956828,-0.0023031267587818,0.037246248743761,0.1269653024693394,0.0279275811317883,0.0691957196201632,0.139531807424029,0,1,1
2019-11-05,0,30.40999984741211,30.600000381469727,29.57999992370605,29.64999961853028,10.05137062072754,92980900,13.488264322550837,-0.0236635235988188,0.0016879162102613,0.1119400522089806,0.0279259703586079,0.0691815350618949,0.1395215484556823,-1,0,1
2019-11-06,0,30.049999237060547,30.700000762939453,28.100000381469727,29.709999084472656,10.071709632873535,154003100,15.671562074949184,0.002021461805611,-0.0036955750263757,0.1268702344201702,0.0279202865548404,0.0691673927610006,0.1395165533855537,0,0,1
2019-11-07,0,30.0,31.06999969482422,29.540000915527344,30.89999961853028,10.47511863708496,96329000,16.52070708704743,0.0392723242964399,0.0268957152097041,0.1718904584073815,0.0279258681381693,0.0691553529767454,0.1395314123663572,1,1,1
2019-11-08,0,30.450000762939453,30.790000915527344,29.93000030517578,30.020000457763672,10.176797866821287,61567700,16.29860160995995,-0.0288923812321901,-0.0122497697457648,0.1239643842080659,0.0279262744693255,0.0691416346659634,0.1395252959492715,-1,-1,1
2019-11-11,0,29.850000381469727,30.450000762939453,29.790000915527344,30.450000762939453,10.322569847106934,30570500,16.17886883953593,0.0142223349986532,0.000657089510913,0.1299255187390345,0.0279220464152615,0.0691274775365946,0.139521397344952,1,0,1
2019-11-12,0,30.040000915527344,30.61000061035156,30.01000022888184,30.020000457763672,10.244397163391112,41655600,16.02279724567743,-0.0076018073180864,-0.0046415910483914,0.1030638893219496,0.0279167665580384,0.0691133932337585,0.1395082615983997,-1,0,1
2019-11-13,0,29.950000762939453,30.1299991607666,29.61000061035156,29.89999961853028,10.203448295593262,41827700,15.594901261298563,-0.0040052065750097,0.0150167259754177,0.097226111217568,0.0279111840602046,0.069099915291119,0.1394934018528885,-1,1,1
2019-11-14,0,29.8799991607666,30.100000381469727,29.270000457763672,29.299999237060547,9.998696327209473,44595200,15.10859751372685,-0.0202710141370263,-0.0072757499672194,0.0663922290521255,0.0279084926908373,0.0690859420547464,0.1394711270219525,-1,-1,1
2019-11-18,0,29.700000762939453,29.850000381469727,29.06999969482422,29.07999992370605,9.92362117767334,54468100,14.109438792726678,-0.0075368244579371,-0.0540848987215966,0.046969638064613,0.0279032136340054,0.0690804883527364,0.1394456335720477,-1,-1,1
2019-11-19,0,29.25,29.489999771118164,28.729999542236328,28.780000686645508,9.821246147155762,33740200,13.112295241379485,-0.0103698795474139,-0.0355623970368203,0.0463138775655941,0.0278983079568119,0.0690701180743964,0.1394200642899074,-1,-1,1
2019-11-21,0,28.93000030517578,29.850000381469727,28.8799991607666,29.850000381469727,10.186384201049805,53033100,12.32976281136685,0.036503933080131,-0.0132807989553424,0.0849894581269056,0.0279023583729191,0.0690565319588057,0.1394019524107836,1,-1,1
2019-11-22,0,29.76000022888184,30.34000015258789,29.559999465942383,29.979999542236328,10.23075008392334,34786000,9.958200089135005,0.0043459529710301,-0.0013330386662257,0.0831948368057256,0.0278968103053077,0.0690424369371232,0.1393834017442888,1,0,1
2019-11-25,0,29.920000076293945,30.100000381469727,29.6299991607666,29.729999542236328,10.14543342590332,29868400,8.55725349186486,-0.0083742037917735,-0.0057020358829895,0.0464197536188292,0.0278916407624792,0.0690284416554593,0.1393578806198024,-1,0,1
2019-11-26,0,29.6200008392334,29.729999542236328,29.100000381469727,29.190000534057617,9.961158752441406,54147800,8.384251427465765,-0.018330290034447,-0.0037613117804103,0.0148764579854194,0.0278884146303531,0.0690144005187968,0.1393295680877801,-1,0,1
2019-11-27,0,29.350000381469727,29.64999961853028,29.13999938964844,29.32999992370605,10.008931159973145,33072500,8.41491668229379,0.0047844049645452,0.0085599176420719,0.0416627181600249,0.0278829060546021,0.0690005421015903,0.1393034662740994,1,1,1
2019-11-28,0,29.31999969482422,29.540000915527344,28.809999465942383,29.530000686645508,10.07718276977539,46602800,8.500018453482197,0.0067959260533846,0.0257257232428704,0.0161474562208527,0.027877570712054,0.068988429177142,0.1392752435371033,1,1,1
2019-11-29,0,29.489999771118164,29.559999465942383,29.01000022888184,29.14999961853028,9.94750690460205,37699000,8.397281992837588,-0.0129517790310017,-0.0237299888682624,-0.0086991317448295,0.0278731249847946,0.068976037076537,0.1392468015981688,-1,-1,0
2019-12-02,0,29.39999961853028,29.5,29.06999969482422,29.06999969482422,9.920207023620604,31353600,8.129685397694637,-0.0027481670273447,-0.0308241088666374,-0.0188522518144224,0.027867514004937,0.0689647944279341,0.1392188034599117,0,-1,-1
2019-12-03,0,29.170000076293945,29.190000534057617,28.729999542236328,28.979999542236328,9.889493942260742,29194000,7.630035090668447,-0.0031008146989946,-0.0255507197738585,-0.0306341005737772,0.0278619214155554,0.0689526794848961,0.1391916969095712,-1,-1,-1
2019-12-04,0,29.26000022888184,29.65999984741211,29.11000061035156,29.65999984741211,10.121546745300291,44960000,7.875475982873654,0.0231935169284826,0.0159730871890713,-0.0176936873685732,0.0278601849001913,0.0689394001163852,0.1391636681488263,1,1,-1
2019-12-05,0,29.63999938964844,30.38999938964844,29.520000457763672,30.049999237060547,10.254633903503418,50447000,7.830036403809037,0.0130631989449338,0.0242518811694599,-0.0059459641656146,0.0278557713227637,0.0689271110379821,0.1391352318382296,1,1,0
2019-12-06,0,30.14999961853028,30.59000015258789,30.1299991607666,30.350000381469727,10.357009887695312,44348600,8.035272391252493,0.0099338827234489,0.0273898378395244,0.0062910453166164,0.0278508358381942,0.0689153062039522,0.1391068026377895,1,1,0
2019-12-09,0,30.299999237060547,30.479999542236328,30.1200008392334,30.209999084472656,10.309234619140623,34694100,8.143695822873857,-0.0046235157670866,0.0357181011034394,0.0253310531483484,0.0278453424398213,0.0689050560870202,0.1390792503119015,-1,1,1
2019-12-10,0,30.100000381469727,30.440000534057617,29.89999961853028,30.440000534057617,10.387723922729492,27532700,7.640938480703616,0.0075846583642887,0.0460509264950729,0.0308942497070261,0.0278401137543752,0.0688972984325121,0.1390521664380221,1,1,1
2019-12-11,0,30.51000022888184,30.709999084472656,30.26000022888184,30.39999961853028,10.37407398223877,38458300,7.77576669616838,-0.0013149094813383,0.0478368317127292,-0.0096929840707519,0.0278344835067743,0.068890034727959,0.1390238913595121,0,1,0
2019-12-12,0,30.63999938964844,31.049999237060547,30.479999542236328,30.96999931335449,10.56859016418457,47797800,7.846268290145607,0.0185766027049309,0.0432199174891776,0.0377759998663693,0.0278313516956565,0.0688815340825573,0.1389975254486576,1,1,1
2019-12-13,0,30.88999938964844,30.96999931335449,29.8700008392334,29.979999542236328,10.23075008392334,105004400,9.233787147385314,-0.0324885108520282,-0.0023317923077843,-0.0089348459843121,0.0278334018720334,0.0688675722960005,0.1389692631748553,-1,0,0
2019-12-16,0,30.049999237060547,30.170000076293945,29.40999984741211,29.40999984741211,10.036232948303224,68871000,9.988145553050598,-0.019196059757701,-0.0314617347889344,-0.0205290984239267,0.0278304481268008,0.068856532332183,0.1389415366396039,-1,-1,-1
2019-12-17,0,29.63999938964844,29.89999961853028,29.43000030517578,29.850000381469727,10.186384201049805,40679900,10.237501929663384,0.0148501067866707,-0.0119881122351769,-0.0016737850622462,0.0278264194282283,0.0688429979435872,0.1389131851595441,1,-1,0
2019-12-18,0,29.75,30.56999969482422,29.700000762939453,30.540000915527344,10.42184829711914,64201600,10.662202160950391,0.022852454065984,0.0032796834665181,0.0414496831407639,0.0278245839744727,0.0688290741292148,0.1388873084085669,1,0,1
2019-12-19,0,30.450000762939453,30.75,30.420000076293945,30.61000061035156,10.4457368850708,39696000,10.458494988395085,0.002289541236173,0.0068841341840296,0.0512760488348743,0.0278189953509662,0.06881526511673,0.1388627690200322,0,1,1
2019-12-20,0,30.600000381469727,30.600000381469727,30.020000457763672,30.26000022888184,10.326299667358398,93064900,11.453992467359573,-0.0114999348947611,-0.0231924034156625,0.0501459934875271,0.0278143355600546,0.0688029201587263,0.1388380757485317,-1,-1,1
2019-12-23,0,30.190000534057617,30.5,30.030000686645508,30.5,10.408197402954102,21970200,11.198024073501724,0.0078997007954181,0.0171958082317837,0.0215417612028139,0.0278091679262458,0.0687898545886535,0.1388104319365025,1,1,1
2019-12-26,0,30.59000015258789,30.93000030517578,30.5,30.90999984741211,10.54811191558838,24810500,11.149810220860388,0.0133531710647594,0.0497450390542441,0.0305489792965431,0.0278048435150945,0.0687831907875716,0.1387834784015299,1,1,1
2019-12-27,0,30.690000534057617,30.920000076293945,30.290000915527344,30.520000457763672,10.559164047241213,24995100,10.881852036763483,0.0010472343927628,0.0359421666603359,0.0399704174810794,0.0277992380207299,0.068773056100576,0.1387574994253975,0,1,1
2019-12-30,0,30.549999237060547,30.709999084472656,30.14999961853028,30.18000030517578,10.44153118133545,22111600,10.337616417912404,-0.0112028763724314,0.0018868362219206,0.047097831143095,0.0277945421258172,0.0687591592607264,0.1387324327589092,-1,0,1
2020-01-02,0,30.51000022888184,30.700000762939453,30.309999465942383,30.700000762939453,10.621438026428224,37774500,9.002101929184224,0.0170831774528701,0.0166804724386178,0.0593966036314201,0.0277910491470896,0.0687460689758561,0.1387092779047513,1,1,1
2020-01-03,0,30.8799991607666,31.239999771118164,30.450000762939453,30.450000762939453,10.534945487976074,71595600,9.127210189008736,-0.0081765411626451,0.0200038661707337,0.0444241364153904,0.0277859330206643,0.0687333421548105,0.1386838829214464,-1,1,1
2020-01-06,0,30.43000030517578,30.940000534057617,29.950000762939453,30.809999465942383,10.659497261047363,81844000,10.036070215991485,0.0117533835036287,0.0238575488789444,0.0691292989500209,0.0277813313252923,0.0687211161248475,0.1386625660297028,1,1,1
2020-01-07,0,30.81999969482422,30.8799991607666,30.46999931335449,30.690000534057617,10.6179780960083,32822000,9.39992435890887,-0.0039026451248815,0.0066017326893036,0.067974820852484,0.0277758459245279,0.0687073659409515,0.1386410279941498,-1,0,1
2020-01-08,0,30.690000534057617,30.770000457763672,30.239999771118164,30.5,10.55224323272705,48215600,9.586700284027415,-0.0062101452337918,-0.0006556469372509,0.0648654903176869,0.0277705336271823,0.0686935028873434,0.1386189001344576,-1,0,1
2020-01-09,0,30.46999931335449,30.6200008392334,30.25,30.39999961853028,10.51764678955078,36102700,8.433248898715243,-0.0032839729331035,0.0072632565020768,0.0383880004561006,0.0277650222380601,0.068679795747388,0.1385928347030845,-1,1,1
2020-01-10,0,30.38999938964844,30.440000534057617,30.1299991607666,30.270000457763672,10.472667694091797,25397500,8.507280438041557,-0.0042857065661706,-0.014105627516964,0.0210390949449961,0.027759569323057,0.0686665426938644,0.1385653118796791,-1,-1,1
2020-01-13,0,30.350000381469727,30.43000030517578,30.209999084472656,30.32999992370605,10.493428230285645,30676800,8.626734598615545,0.0019803918720852,-0.0039486944822335,0.0130856040936324,0.027754013538879,0.0686527515816377,0.1385374254796186,0,0,0
2020-01-14,0,30.229999542236328,30.270000457763672,29.770000457763672,30.0,10.37925624847412,39796500,8.92264866494735,-0.0109399555793289,-0.0266420335651913,0.00676916428139,0.0277493025719371,0.0686410221731555,0.1385093862014583,-1,-1,0
2020-01-15,0,29.89999961853028,29.93000030517578,29.540000915527344,29.549999237060547,10.223566055297852,34405700,9.162486113450932,-0.0151137698040177,-0.0378531582443274,-0.0159292638869164,0.0277453819762371,0.0686314268060049,0.1384817178741224,-1,-1,-1
2020-01-16,0,29.600000381469727,29.700000762939453,29.32999992370605,29.520000457763672,10.213190078735352,28997400,8.954012733880441,-0.0010154231313415,-0.0326584361418772,-0.0156297775369195,0.027739815370691,0.0686207573637678,0.1384540516416788,0,-1,-1
2020-01-17,0,29.71999931335449,29.850000381469727,29.540000915527344,29.850000381469727,10.32735824584961,34908000,8.172713785298873,0.0111164844300794,-0.0182579787786941,-0.0230898958117711,0.0277351379933859,0.0686079355561187,0.1384268404400911,1,-1,-1
2020-01-20,0,29.700000762939453,30.100000381469727,29.64999961853028,30.0,10.37925624847412,31241400,7.085035057944831,0.0050127085052797,-0.0089595637072436,0.0144113235455368,0.0277297514376582,0.0685943747829311,0.1383990897970382,1,-1,1
2020-01-21,0,29.799999237060547,29.940000534057617,29.549999237060547,29.6200008392334,10.247787475585938,28577400,6.974614662937832,-0.012747396564035,-0.023687352143364,0.0208599867392027,0.0277253648791923,0.0685822375384315,0.1383716745216539,-1,-1,1
2020-01-22,0,29.729999542236328,29.809999465942383,29.270000457763672,29.290000915527344,10.133612632751465,32491500,6.618387525297109,-0.0112039444369447,-0.0239513410009798,-0.0051940644844126,0.0277207126877837,0.0685701435212287,0.1383437353513298,-1,-1,0
2020-01-23,0,29.09000015258789,29.76000022888184,28.81999969482422,29.64999961853028,10.25816535949707,53752100,6.959050168133716,0.0122161270826982,0.0033785558857361,-0.0158303914676983,0.0277162332384802,0.0685563998203885,0.1383161627674378,1,0,-1
2020-01-24,0,29.559999465942383,29.780000686645508,29.13999938964844,29.299999237060547,10.137073516845703,36898700,7.173479708301248,-0.0118746601878605,-0.0074806811707828,-0.029994592891732,0.0277116989389694,0.0685427985238219,0.1382895851004578,-1,-1,-1
2020-01-27,0,28.6299991607666,28.63999938964844,27.670000076293945,28.030000686645508,9.69768524169922,66105300,7.806783181755868,-0.0443121265465102,-0.0629092921473726,-0.0628067845434812,0.0277203365261529,0.0685406455177422,0.1382675388327809,-1,-1,-1
2020-01-28,0,28.43000030517578,29.13999938964844,28.420000076293945,28.799999237060547,9.964086532592772,47259100,7.921544215019836,0.0271000597306502,-0.040821940922002,-0.0436064256082489,0.0277200946478733,0.0685317761862622,0.1382424799285355,1,-1,-1
2020-01-29,0,29.0,29.07999992370605,28.670000076293945,28.850000381469727,9.98138427734375,42297500,8.06131280312063,0.001734503963582,-0.0263400403943849,-0.0552250927094261,0.0277145674583021,0.0685200620284063,0.1382191336092926,0,-1,-1
2020-01-30,0,28.280000686645508,29.040000915527344,28.18000030517578,28.940000534057617,10.012523651123049,44266800,8.353130789727988,0.0031148887019253,-0.0120212072555149,-0.0531574384002636,0.0277090919590545,0.0685067465997347,0.1381954675113299,1,-1,-1
2020-01-31,0,28.6299991607666,28.84000015258789,28.309999465942383,28.450000762939453,9.842995643615724,55446700,8.72072325323489,-0.0170765744913608,-0.0413139088295741,-0.059031136519193,0.0277056533327155,0.0684980077218837,0.1381727853763218,-1,-1,-1
2020-02-03,0,28.520000457763672,28.729999542236328,28.15999984741211,28.18000030517578,9.749581336975098,39452800,8.840544339069615,-0.0095357557695417,-0.0389750044112552,-0.085650069741605,0.0277007686243351,0.0684887219562389,0.1381557787767777,-1,-1,-1
2020-02-04,0,28.64999961853028,29.040000915527344,28.559999465942383,28.6299991607666,9.905271530151367,57658400,9.39269832130955,0.0158427489272259,0.0211798710624811,-0.0616307796517339,0.0276970455850385,0.0684763218694116,0.1381335759835332,1,1,-1
2020-02-05,0,29.049999237060547,29.21999931335449,28.38999938964844,28.38999938964844,9.822235107421877,67994500,10.06457202854424,-0.0084183890695047,-0.014338577737674,-0.0818025522248674,0.0276920224981551,0.0684632129628938,0.1381156335577586,-1,-1,-1
2020-02-06,0,28.700000762939453,29.51000022888184,28.1200008392334,29.18000030517578,10.095556259155272,126114000,11.49679693379871,0.0274466485409304,0.0113735668396743,-0.0504532585590554,0.0276919266775407,0.0684498935237388,0.1380916049368214,1,1,-1
2020-02-07,0,29.0,29.350000381469727,28.729999542236328,28.93000030517578,10.009063720703123,54514600,11.837286523511208,-0.0086042981318195,-0.0003456199940705,-0.0528474114570831,0.0276869324482877,0.0684362024726742,0.1380679522965638,-1,0,-1
2020-02-10,0,28.88999938964844,29.1299991607666,28.63999938964844,29.1299991607666,10.07825756072998,45328100,11.471706256624469,0.0068893321051162,0.0236202866024067,-0.0426741064188633,0.0276817499643036,0.0684241525351315,0.1380428814884751,1,1,-1
2020-02-11,0,29.39999961853028,29.6299991607666,29.26000022888184,29.479999542236328,10.199350357055664,37518200,11.296630067017851,0.0119436411148226,0.045099683486771,-0.0264447587378698,0.0276772559979996,0.0684164209022937,0.1380161686232323,1,1,-1
2020-02-12,0,29.63999938964844,30.280000686645508,29.6299991607666,30.1299991607666,10.424232482910156,64851000,11.80030325187868,0.0218091144549855,0.0510660490145304,-0.0066160361549697,0.0276751612010021,0.0684103645574495,0.1379884908900175,1,1,0
2020-02-13,0,29.770000457763672,30.209999084472656,29.63999938964844,29.71999931335449,10.282381057739258,55277100,12.048648885259242,-0.0137012886223405,0.0457831494616948,-0.0093773691979813,0.0276709996738989,0.0684028141115321,0.1379608976488721,-1,1,0
2020-02-14,0,29.86000061035156,29.959999084472656,29.34000015258789,29.420000076293945,10.178590774536133,30399900,11.579701862141407,-0.0101452828619845,0.0081912180587796,-0.0044088822559482,0.0276662290105984,0.0683893533716647,0.1379332149217904,-1,1,0
2020-02-17,0,29.6299991607666,29.770000457763672,29.309999465942383,29.36000061035156,10.157832145690918,38684900,11.59618399318382,-0.0020415228515347,0.0147539933390646,-0.0054349819761413,0.0276607495750127,0.0683763381767577,0.1379055648519081,0,1,0
2020-02-18,0,29.059999465942383,29.770000457763672,28.950000762939453,29.75,10.292762756347656,33890900,11.155100680081407,0.0131959553538087,0.021060616587757,-0.0033555110524122,0.0276564954051503,0.0683639872890971,0.1378779021870826,1,1,0
2020-02-19,1,29.8700008392334,30.549999237060547,29.76000022888184,30.549999237060547,10.56954288482666,44181800,10.756509455306077,0.0265355492282724,0.0356525247012067,0.0181673296705805,0.0276560530155883,0.0683540509001548,0.1378506930079368,1,1,1
2020-02-20,0,30.799999237060547,30.88999938964844,29.75,29.920000076293945,10.35157871246338,73522900,9.740344445917511,-0.0208375117937475,-0.0069941015475262,0.0100772144408679,0.0276536795863864,0.0683405732633631,0.137823177844941,-1,-1,0
2020-02-21,0,29.51000022888184,29.68000030517578,29.030000686645508,29.13999938964844,10.08171844482422,47805100,9.613981731349146,-0.026415311934247,-0.0197081248594328,-0.0051341530564343,0.0276532004138582,0.0683280980062256,0.137795589339455,-1,-1,0
2020-02-26,0,27.040000915527344,27.38999938964844,26.030000686645508,26.209999084472656,9.068010330200195,89207100,10.31264482564797,-0.1059708569129525,-0.1155336989104008,-0.1233211370520853,0.0277282742715992,0.0683534118637908,0.1377902415243018,-1,-1,-1
2020-02-27,0,25.71999931335449,26.530000686645508,24.88999938964844,25.299999237060547,8.753171920776367,100112100,11.292149168746416,-0.0353367319254599,-0.148828907984326,-0.1467832087896846,0.0277316870353968,0.068404274930732,0.1377941159824748,-1,-1,-1
2020-02-28,0,25.15999984741211,25.559999465942383,24.6200008392334,25.34000015258789,8.767012596130371,89095300,11.50065065310743,0.0015799694597802,-0.1604448938783544,-0.100891112783394,0.0277261989497753,0.0684654422822372,0.1377814066785382,0,-1,-1
2020-03-02,0,25.5,26.75,25.479999542236328,26.530000686645508,9.178722381591797,71596400,11.676819729072792,0.0458919114565008,-0.1410885316501261,-0.0820992610575435,0.0277358012991545,0.0685095242532378,0.1377636845014714,1,-1,-1
2020-03-03,0,26.56999969482422,27.479999542236328,25.76000022888184,26.049999237060547,9.012653350830078,86855700,12.616113083671753,-0.018258503013243,-0.1385095228696216,-0.1020922680343687,0.0277326723072743,0.0685514091521822,0.1377513280463563,-1,-1,-1
2020-03-04,0,26.90999984741211,26.940000534057617,26.239999771118164,26.88999938964844,9.30327320098877,42320500,12.617629956458808,0.0317367775174081,-0.0803574334179663,-0.0734703792188858,0.0277343923051145,0.068556395706238,0.1377316566336661,1,-1,-1
2020-03-05,0,26.32999992370605,26.670000076293945,24.709999084472656,25.290000915527344,8.749713897705078,69722300,13.135956670860768,-0.0613452929025898,-0.0357318694076036,-0.1177390976301149,0.0277557484939749,0.068546422478015,0.1377242986861923,-1,-1,-1
2020-03-06,0,24.100000381469727,24.1299991607666,22.549999237060547,22.82999992370605,7.898614883422852,138597600,14.381571042843415,-0.1023335895414526,-0.1027287270235963,-0.2105369314020257,0.0278248226624583,0.0685632103127078,0.1377611481035104,-1,-1,-1
2020-03-09,0,17.809999465942383,18.229999542236328,15.40999984741211,16.049999237060547,5.552903175354004,254813800,15.679035384821589,-0.3523665272379609,-0.4566752237213375,-0.5787462075672126,0.0286890278205844,0.0691498041078773,0.1382184588432718,-1,-1,-1
2020-03-10,0,18.64999961853028,18.64999961853028,16.3700008392334,17.559999465942383,6.075325012207031,170478000,16.777822596213678,0.0899146020969116,-0.4126525330809267,-0.4804132164007962,0.0287393757804121,0.0696217196082127,0.1385235720899059,1,-1,-1
2020-03-11,0,16.700000762939453,17.1299991607666,15.0,15.850000381469728,5.483705997467041,132482400,16.61424741902477,-0.1024543384495305,-0.4968483685172142,-0.6103142033912573,0.0288055972881538,0.0703056662599368,0.1390308515758072,-1,-1,-1
2020-03-12,0,13.65999984741211,13.859999656677246,11.079999923706056,12.600000381469728,4.359287261962891,151535900,16.186222937354067,-0.22947257732671,-0.7580577233613324,-0.8311824825861476,0.0291585359901708,0.0718900742045657,0.13998940597076,-1,-1,-1
2020-03-13,0,15.100000381469728,15.399999618530272,12.699999809265137,15.399999618530272,5.328018665313721,174972600,16.486159001672483,0.200670864510449,-0.4960415659482935,-0.637400950180815,0.0294254873105829,0.0725477130199874,0.1405372978186863,1,-1,-1
2020-03-16,0,12.90999984741211,14.100000381469728,12.550000190734863,13.09000015258789,4.528815269470215,126432800,16.318344828477237,-0.1625190611097689,-0.55622703751661,-0.8118636524054067,0.0295960188088066,0.073369094892646,0.1414382801532564,-1,-1,-1
2020-03-17,0,13.600000381469728,13.84000015258789,13.0,13.0,4.497678279876709,149228500,16.09686466645418,-0.0068990495423631,-0.2107595598210121,-0.8405718164027552,0.0295904585577565,0.0734725606094017,0.1423983707119794,-1,-1,-1
2020-03-18,0,11.789999961853027,12.270000457763672,10.869999885559082,11.289999961853027,3.906060218811035,162515200,16.575220055825366,-0.141032076491432,-0.4417062384093559,-0.9679026042718468,0.029716482482378,0.0739777902581712,0.1436693522259162,-1,-1,-1
2020-03-19,0,11.06999969482422,13.06999969482422,10.850000381469728,12.210000038146973,4.224357604980469,157065200,16.681277538948343,0.0783379537525196,-0.2609139462073056,-0.8794193676573425,0.0297517479590777,0.0741424443923193,0.144703045374072,1,-1,-1
2020-03-20,0,13.109999656677246,13.5,11.829999923706056,12.0,4.151702880859375,149029900,15.736767511784157,-0.0173486202741286,-0.0487899891547242,-0.8947264650799365,0.0297477928400029,0.0741336367367248,0.1457647213763124,-1,-1,-1
2020-03-23,0,12.109999656677246,12.18000030517578,11.279999732971191,11.5,3.978715658187866,107092400,13.774600205061892,-0.0425595145462862,-0.2920203682114592,-0.9504819349800312,0.0297537356884667,0.0743430031151997,0.1469558841438536,-1,-1,-1
2020-03-24,0,12.56999969482422,13.539999961853027,12.279999732971191,13.25,4.584171772003174,114259200,12.758807120260563,0.1416503825177943,0.0121490754161041,-0.8353671016905094,0.029881240401828,0.0743288457041006,0.1478604465977289,1,1,-1
2020-03-25,0,13.239999771118164,14.789999961853027,12.829999923706056,14.31999969482422,4.954364776611328,158286200,12.87332478784497,0.0776595103120574,0.0967076352705246,-0.7368700795847043,0.0299154256301741,0.0743400729579049,0.1485519978323669,1,1,-1
2020-03-26,0,14.399999618530272,15.1899995803833,13.8100004196167,14.390000343322754,4.978583812713623,130618400,12.852899082379269,0.0048765145373159,0.2426162262992727,-0.7055782531131413,0.0299097043262815,0.074484153373473,0.149179465700453,1,1,-1
2020-03-27,0,13.300000190734863,13.6899995803833,13.25,13.300000190734863,4.601470947265625,101405900,11.928946432780664,-0.0787694521133777,0.0855088204333752,-0.6783768483135666,0.0299443563421592,0.0744896974473256,0.1497536870560532,-1,1,-1
2020-03-30,0,13.149999618530272,13.739999771118164,12.829999923706056,13.380000114440918,4.629148483276367,110947200,11.811875637745777,0.0059969147609643,0.1088543554684681,-0.6370432016271422,0.0299387202880787,0.0745074660919099,0.1502534654042257,1,1,-1
2020-03-31,0,13.600000381469728,14.539999961853027,13.600000381469728,13.989999771118164,4.840192794799805,156116500,11.979450690459178,0.0445816152867066,0.1959954853014609,-0.5940415558002159,0.0299460688436677,0.0745962832129967,0.1506816186518703,1,1,-1
2020-04-01,0,13.449999809265137,14.550000190734863,13.31999969482422,14.300000190734863,4.947445392608643,114455000,11.84346084643692,0.0219168074914827,0.0762619102751492,-0.6180166597652341,0.0299434147555343,0.0745976582795843,0.1511456822805358,1,1,-1
2020-04-02,0,15.399999618530272,16.549999237060547,15.010000228881836,15.510000228881836,5.366075038909912,234951200,13.028592126182351,0.0812253749853814,0.0798277749484731,-0.5185327817666098,0.0299811216662019,0.0746005219925095,0.1514609973744131,1,1,-1
2020-04-03,0,16.299999237060547,16.360000610351562,14.93000030517578,15.34000015258789,5.307259559631348,142898700,13.305738897961826,-0.01102112447997,0.0639301359311871,-0.5612906837639879,0.0299759873020341,0.0745971941755539,0.151834805213424,-1,1,-1
2020-04-06,0,16.049999237060547,16.100000381469727,15.18000030517578,15.770000457763672,5.456027984619141,123934200,13.801998799914724,0.0276454381053244,0.1703450261498894,-0.4722999527560734,0.0299751964593871,0.0746605584903336,0.1520886290108778,1,1,-1
2020-04-07,0,16.610000610351562,17.06999969482422,16.34000015258789,16.399999618530273,5.6739935874938965,140498900,14.344507438601322,0.0391721565561079,0.2035202679450329,-0.3307942066585128,0.0299794842609918,0.0747566921478367,0.1521959610449543,1,1,-1
2020-04-08,0,16.5,17.530000686645508,16.399999618530273,17.31999969482422,5.992291450500488,116151600,14.16950895463997,0.0545806787388467,0.2135193313971732,0.0761529993182947,0.0299932620598189,0.0748635768204008,0.1521745894247043,1,1,1
2020-04-09,0,17.940000534057617,18.690000534057617,16.5,16.81999969482422,5.819303035736084,185771300,15.024258287488436,-0.0292933837063034,0.1623091401993871,-0.0430549864849203,0.0299929104555589,0.0749192508874567,0.1521462581044231,-1,1,-1
2020-04-13,0,16.81999969482422,17.09000015258789,16.329999923706055,16.93000030517578,5.857359886169434,93724000,15.187679728897688,0.0065184694363714,0.087602234650377,0.0659178214009816,0.0299873208920963,0.0749252882475526,0.1521228637468736,1,1,1
2020-04-14,0,17.020000457763672,17.299999237060547,16.610000610351562,16.729999542236328,5.788165092468262,91017200,15.213934496094325,-0.0118836391040589,0.0867397200262882,0.2835067596236326,0.0299823289763757,0.0749309037473664,0.1522016149182301,-1,1,1
2020-04-15,0,16.040000915527344,16.469999313354492,15.859999656677246,16.3799991607666,5.667073249816895,86749600,14.690054956037864,-0.0211425288128195,0.0379517531081441,0.0616933663003641,0.0299793124251975,0.0749202204868233,0.1521774353915336,-1,1,1
2020-04-16,0,16.670000076293945,16.760000228881836,15.529999732971191,15.720000267028809,5.4387311935424805,115633300,14.81434615625987,-0.0411270055990564,-0.0423474090470204,0.1830854218110766,0.0299843692967476,0.0749099238940881,0.1521936584900191,-1,-1,1
2020-04-17,0,15.75,16.1299991607666,15.5600004196167,16.1299991607666,5.580579280853272,116733000,13.605281110544066,0.0257467875950992,-0.0711813001907679,0.2157312589485388,0.029982905948007,0.07490800931971,0.1522272029561578,1,-1,1
2020-04-20,0,15.479999542236328,16.329999923706055,15.34000015258789,15.949999809265137,5.518304824829102,133739400,13.564830555980537,-0.0112218686041013,-0.0531097850885658,0.3455414668358698,0.0299778221555943,0.0749003300609439,0.1523569750820076,-1,-1,1
2020-04-22,0,15.850000381469728,16.75,15.779999732971191,16.75,5.795084476470947,114967100,13.545098269494815,0.0489393379872087,-0.0106889165377286,0.3161428510705587,0.0299877374130006,0.0748858647960044,0.1524608189966425,1,-1,1
2020-04-23,0,17.200000762939453,17.43000030517578,16.6200008392334,16.950000762939453,5.864279270172119,94759000,13.065906248511276,0.0118695338070567,0.013064256373387,0.345361005151744,0.0299828213876439,0.0748717241713731,0.1525897936015292,1,1,1
2020-04-24,0,16.690000534057617,16.790000915527344,15.279999732971191,15.949999809265137,5.518304824829102,161188800,13.44981029593112,-0.0608088717942654,-0.0266020866080587,0.3271116479037649,0.0300008990679074,0.0748587167532709,0.1527023430551005,-1,-1,1
2020-04-27,0,16.139999389648438,16.530000686645508,15.779999732971191,16.450000762939453,5.6912922859191895,85944900,12.275283404178449,0.0308666214534205,0.0453915404444183,0.2163278868393909,0.0300013350348689,0.0748497677758493,0.1527354950222654,1,1,1
2020-04-28,0,17.040000915527344,17.25,16.6299991607666,17.25,5.968072891235352,91613600,12.270881214094176,0.0474867388784693,0.0671314917277884,0.1861551154058028,0.0300102937458925,0.0748473715108557,0.1527525147941106,1,1,1
2020-04-29,0,17.799999237060547,18.479999542236328,17.530000686645508,18.200000762939453,6.296749591827393,94528400,12.406602764372083,0.0536094859448855,0.1319628462767752,0.2348880868133722,0.0300232745029424,0.0748791542635043,0.1527965458559041,1,1,1
2020-04-30,0,17.979999542236328,18.420000076293945,17.700000762939453,18.049999237060547,6.244852542877197,80263900,12.42569110992752,-0.0082760311811037,0.0747474771084627,0.3053815077456463,0.0300178359712605,0.0748795942299278,0.1528903888852506,-1,1,1
2020-05-04,0,17.43000030517578,17.6200008392334,17.18000030517578,17.3799991607666,6.0130486488342285,60268400,11.896882681180946,-0.0378256486354135,0.0250522946659925,0.2615589443492683,0.0300211858851251,0.0748667495371298,0.1529515148268229,-1,1,1
2020-05-05,0,17.899999618530273,18.479999542236328,17.8700008392334,17.940000534057617,6.206794738769531,75043400,11.528487433827165,0.0317127349368731,0.1175739013971308,0.2486900639994348,0.0300219453528439,0.0748889522949659,0.1530039037003287,1,1,1
2020-05-06,0,17.8700008392334,18.059999465942383,17.280000686645508,17.280000686645508,5.978451251983643,67937500,10.870003403874964,-0.0374830711141954,0.0492242088295149,0.1892901853937566,0.0300251227794477,0.0748809411064462,0.1530220598279845,-1,1,1
2020-05-07,0,17.75,17.8700008392334,17.350000381469727,17.440000534057617,6.033808708190918,81265100,10.520960230052086,0.0092168914558845,0.0109543614069301,0.1172817018642598,0.0300198433052971,0.0748666914006565,0.1530109926793196,1,1,1
2020-05-08,0,17.739999771118164,18.57999992370605,17.709999084472656,18.479999542236328,6.393622875213623,83232700,10.474261183312631,0.0579226299429514,0.0152675054049961,0.1862254562871815,0.030035914704141,0.0748527707194079,0.1530275573988298,1,1,1
2020-05-11,0,18.299999237060547,18.93000030517578,18.11000061035156,18.14999961853028,6.279450416564941,65061500,9.519954333019545,-0.0180186044908418,0.005524932095258,0.140561413691015,0.0300321260950011,0.0748382713352614,0.1530244186341236,-1,0,1
2020-05-12,0,18.530000686645508,18.82999992370605,18.1299991607666,18.13999938964844,6.275990009307861,71837200,9.44398100164126,-0.0005512203837259,0.0427993603469458,0.1008380367511812,0.0300262767455977,0.0748286985926408,0.1530085276434669,0,1,1
2020-05-13,0,18.26000022888184,18.350000381469727,17.520000457763672,17.59000015258789,6.085704326629639,87222300,9.41233699111829,-0.0307887752316687,-0.019702149821596,0.0154685827806657,0.0300265018033572,0.0748149988128057,0.1529789833244141,-1,-1,1
2020-05-14,1,17.399999618530273,17.469999313354492,16.719999313354492,17.399999618530273,6.019968032836914,119653200,9.66054164463558,-0.0108605186027145,0.0069204026898848,0.0339014478842544,0.0300213942788087,0.0748005768824649,0.1529508208555,-1,0,1
2020-05-15,0,17.989999771118164,18.190000534057617,17.149999618530273,17.149999618530273,5.933475017547607,133733100,10.240472885655086,-0.014471901439871,-0.0167683902058706,0.012911077008012,0.0300168726532586,0.0747866316990316,0.1529211897009807,-1,-1,0
2020-05-18,0,18.100000381469727,18.540000915527344,17.920000076293945,18.540000915527344,6.41438102722168,116999500,11.010529475380515,0.0779324573534831,0.0032414372046609,0.1027271734655543,0.0300505582447903,0.0747721075748555,0.15290584751692,1,0,1
2020-05-19,0,18.51000022888184,18.93000030517578,18.40999984741211,18.68000030517578,6.462817668914795,80131600,11.11390333689372,0.0075228892976787,0.0287829309931816,0.1313925915760523,0.030045099107119,0.0747598730488408,0.1528994066897921,1,1,1
2020-05-20,0,19.09000015258789,19.440000534057617,19.059999465942383,19.299999237060547,6.677321434020996,74595100,11.296325122944932,0.0326515298444722,0.0619856812213798,0.2051711270195814,0.0300462262722002,0.0747556850942815,0.1529255243345826,1,1,1
2020-05-21,0,19.5,19.770000457763672,19.06999969482422,19.190000534057617,6.639265060424805,81327000,11.394771078325698,-0.005715650510923,0.0870588059421254,0.1737086889135592,0.0300405887589462,0.0747613608576123,0.1529359939838007,-1,1,1
2020-05-22,0,18.799999237060547,18.89999961853028,18.350000381469727,18.670000076293945,6.459356784820557,71259400,11.25216509605875,-0.0274715297675191,0.0704477947773209,0.1574590277501412,0.0300395745833894,0.0747601184624744,0.152939374799974,-1,1,1
2020-05-25,0,19.479999542236328,19.559999465942383,19.26000022888184,19.479999542236328,6.739596366882324,38033000,10.950114340055451,0.0424702929877541,0.127389989204946,0.1509899827506868,0.0300454882288672,0.0747884615355013,0.1529401109774093,1,1,1
2020-05-26,0,19.979999542236328,20.09000015258789,19.32999992370605,19.670000076293945,6.805332183837891,68716900,10.983433596616283,0.0097064126715624,0.0591639445230254,0.1488268616151925,0.0300402860755167,0.0747833230724984,0.1529399724534929,1,1,1
2020-05-27,0,19.799999237060547,19.93000030517578,19.14999961853028,19.93000030517578,6.895285606384277,74790800,10.95346095265381,0.0131314830498258,0.0647725382751727,0.2227672164592838,0.0300355981960273,0.0747800146376965,0.1529756268659068,1,1,1
2020-05-28,0,19.690000534057617,20.07999992370605,19.450000762939453,19.770000457763672,6.839931011199951,65023000,10.40668705521952,-0.0080602871313974,0.0240607212993028,0.1838403078744658,0.0300301786640422,0.0747671100303884,0.1529906189550298,-1,1,1
2020-05-29,0,19.549999237060547,20.34000015258789,19.299999237060547,20.34000015258789,7.037136077880859,128832600,10.631127727129922,0.028423634780575,0.0582000065908011,0.1647772037765718,0.0300296256982184,0.074761667730055,0.1529969056399567,1,1,1
2020-06-01,0,20.14999961853028,20.559999465942383,20.0,20.32999992370605,7.0336761474609375,86579500,10.35034066709484,-0.0004917883110434,0.0851797480472766,0.1106759295206427,0.0300238084983287,0.0747663881275261,0.1529836584125054,0,1,1
2020-06-02,0,20.75,21.39999961853028,20.600000381469727,21.39999961853028,7.403870105743408,77235100,10.45741673598904,0.0512933587913239,0.0940028138508466,0.1702453194930706,0.030035047311171,0.0747752301849934,0.152992280931084,1,1,1
2020-06-03,0,21.86000061035156,21.90999984741211,21.40999984741211,21.46999931335449,7.428087711334228,86219700,10.739880148186844,0.0032656008614871,0.0875620020407714,0.2113365689899712,0.0300293065785031,0.0747809866664325,0.1530212123657761,1,1,1
2020-06-04,0,21.38999938964844,21.780000686645508,21.040000915527344,21.43000030517578,7.414248466491699,107401400,11.24854346139865,-0.0018648343073949,0.0725656846835504,0.1777589997457034,0.0300235150575112,0.0747804374727055,0.1530331396496155,0,1,1
2020-06-05,0,22.290000915527344,23.030000686645508,22.059999465942383,22.100000381469727,7.64605188369751,114137700,12.066877756532048,0.03078580366531,0.1114117754802579,0.2460278745252089,0.0300238583495963,0.0747985451334552,0.1530824317620321,1,1,1
2020-06-08,0,22.549999237060547,22.59000015258789,22.01000022888184,22.530000686645508,7.794819831848144,82444400,12.833421459843716,0.0192699679634264,0.1022581086631092,0.2560809510327507,0.0300204699458978,0.0748115121305009,0.1531381112107303,1,1,1
2020-06-09,0,22.030000686645508,22.040000915527344,21.63999938964844,21.71999931335449,7.514583110809326,96488300,13.344225516987589,-0.0366138415560862,0.0661360554180664,0.1615444795337129,0.0300232484625847,0.0748085791212868,0.1531427236955358,-1,1,1
2020-06-10,0,21.88999938964844,21.89999961853028,21.0,21.39999961853028,7.403870105743408,102551100,13.827533842339818,-0.0148426966267424,0.0,0.1647203873978125,0.0300188432828557,0.0747940979042871,0.1531486469823186,-1,0,1
2020-06-12,0,20.6200008392334,21.170000076293945,20.100000381469727,20.600000381469727,7.12708854675293,116746700,14.596059937776522,-0.0381000381930445,-0.0413656390545316,0.1271715695884938,0.0300223228874291,0.0747839093423653,0.1531403313421926,-1,-1,1
2020-06-15,0,19.809999465942383,21.09000015258789,19.540000915527344,20.700000762939453,7.161686897277832,99931000,14.217189340196706,0.0048427408321319,-0.0346580639150048,0.1628030856522945,0.030016685705507,0.0747724288655238,0.1531453900132262,1,-1,1
2020-06-16,0,21.559999465942383,21.90999984741211,21.170000076293945,21.3700008392334,7.393489360809326,94510600,14.395357911898248,0.0318542434362617,-0.0335896241440531,0.2055178476912708,0.0300174680295779,0.0747607685019546,0.1531706970957204,1,-1,1
2020-06-17,0,21.479999542236328,21.850000381469727,21.14999961853028,21.440000534057617,7.417706966400146,63268700,14.191911816100497,0.0032701784025889,-0.0495894137048905,0.2232599275337308,0.0300117508712807,0.0747524946979273,0.1532057128353445,1,-1,1
2020-06-18,0,21.18000030517578,21.770000457763672,21.07999992370605,21.600000381469727,7.4730634689331055,56893300,13.764739875328834,0.0074350427711499,-0.0055405293776543,0.1527625129513976,0.0300063296902855,0.0747381111616208,0.1532065544660658,1,0,1
2020-06-19,0,22.0,22.21999931335449,21.21999931335449,21.46999931335449,7.428087711334228,91139800,13.528005310844511,-0.0060365663876008,0.0032656008614871,0.139203057266118,0.0300007705482303,0.074723717108009,0.153202264009503,-1,0,1
2020-06-22,0,21.600000381469727,21.600000381469727,20.89999961853028,20.950000762939453,7.248179912567139,45419000,12.449564711629383,-0.024518060817397,0.0168475782371346,0.0820334666042487,0.0299988124554335,0.074710087670852,0.1531815616671436,-1,1,1
2020-06-23,0,21.21999931335449,22.06999969482422,21.13999938964844,21.64999961853028,7.490362644195557,78950900,12.347834944174352,0.0328668226659575,0.0448716600709603,0.1206159397811293,0.0300000208579205,0.0747010357946317,0.1531710158297544,1,1,1
2020-06-24,0,21.489999771118164,21.559999465942383,20.709999084472656,21.0,7.265478610992432,65162400,11.848529061757064,-0.030483039612394,-0.0174656229776954,0.1176044299362543,0.0300001615936223,0.0746873503624629,0.1531595352306461,-1,-1,1
2020-06-25,0,20.90999984741211,21.46999931335449,20.729999542236328,21.46999931335449,7.428087711334228,47263500,11.03855899129152,0.0221342777638335,0.001398476383549,0.0972684147123338,0.0299975652707655,0.0746729586633723,0.1531423920225193,1,0,1
2020-06-26,0,21.209999084472656,21.46999931335449,20.780000686645508,20.84000015258789,7.210122585296631,55499300,10.181542693494311,-0.0297824983501499,-0.0358190647377507,0.0577795036906215,0.0299974360373263,0.0746617461595237,0.1531172640974367,-1,-1,1
2020-06-29,0,21.100000381469727,21.65999984741211,20.93000030517578,21.65999984741211,7.493823051452637,59809600,9.650808819206777,0.0385931347895467,0.0088106364393967,0.0832411554303422,0.0300012754523646,0.0746475933085213,0.1530968427141361,1,1,1
2020-06-30,0,21.34000015258789,21.799999237060547,21.09000015258789,21.549999237060547,7.455765724182129,65010600,9.226059540130766,-0.0050914322867307,0.0282372649700631,0.0862100102750089,0.0299956663843992,0.0746353766224366,0.1530770810913775,-1,1,1
2020-07-01,0,21.75,22.25,21.520000457763672,21.709999084472656,7.511119842529297,78983900,9.472006278427248,0.0073969124022169,0.0027673547063225,0.0651832878966507,0.0299902633353131,0.0746210367517222,0.1530531772177698,1,0,1
2020-07-02,0,22.100000381469727,22.209999084472656,21.86000061035156,22.059999465942383,7.632213115692139,56345900,9.481682868649637,0.0159932895410317,0.0492436838597484,0.0816683657487261,0.0299861631378211,0.0746131061328797,0.1530324386821587,1,1,1
2020-07-03,0,21.950000762939453,22.18000030517578,21.799999237060547,21.979999542236328,7.604536056518555,24060000,8.501400428268784,-0.0036329389296207,0.023476467166294,0.0267420680277812,0.0299804844943225,0.0746002550609998,0.1530038715896684,-1,1,1
2020-07-06,0,22.38999938964844,22.86000061035156,22.309999465942383,22.51000022888184,7.787901401519775,58070900,8.745554384429383,0.0238265083312629,0.077085473847707,0.0473029754975571,0.0299783960396674,0.074601489285632,0.15297735883494,1,1,1
2020-07-07,0,22.34000015258789,22.46999931335449,22.13999938964844,22.229999542236328,7.691029071807861,46591300,8.283150766557124,-0.0125168330762248,0.0259755059819354,0.036650976728727,0.0299736304654857,0.0745889723450599,0.1529496709024974,-1,1,1
2020-07-08,0,22.450000762939453,22.76000022888184,22.39999961853028,22.64999961853028,7.836338520050049,49136300,8.107767318827865,0.0187171057227281,0.0497840439913941,0.0245822787861452,0.0299701471700485,0.0745811847782604,0.1529209983945058,1,1,1
2020-07-09,0,22.780000686645508,22.809999465942383,22.059999465942383,22.13999938964844,7.659891128540039,57151500,8.279796377958709,-0.0227739291009534,0.0196132024882237,-0.0174616182782346,0.0299676898545816,0.0745679108389382,0.1528917366462232,-1,1,-1
2020-07-10,0,22.190000534057617,22.64999961853028,22.059999465942383,22.51000022888184,7.787901401519775,57428300,8.373233546087633,0.0165736564544502,0.0201935694016422,0.0357258797323017,0.0299637246807707,0.0745547052108857,0.1528640069199209,1,1,1
2020-07-13,0,22.61000061035156,22.64999961853028,22.15999984741211,22.15999984741211,7.666810989379883,55425500,8.327068300919809,-0.0156706753360342,0.0081558329952287,0.03489790102301,0.0299595339977787,0.0745405911234876,0.1528362138790545,-1,1,1
2020-07-14,0,22.1299991607666,22.959999084472656,21.86000061035156,22.89999961853028,7.92283296585083,89380500,8.770437191600859,0.0328480877906174,0.017177412454583,0.1058460270066719,0.0299607348402563,0.0745271007777789,0.1528214244300272,1,1,1
2020-07-15,0,23.200000762939453,23.43000030517578,22.850000381469727,23.34000015258789,8.075061798095703,58390600,8.528853893454393,0.019031682518185,0.048725928048993,0.120034968692725,0.0299573350959101,0.0745190623340444,0.1528107537535239,1,1,1
2020-07-16,0,23.15999984741211,23.280000686645508,22.520000457763672,22.71999931335449,7.860556602478027,69698700,8.76265259208319,-0.026923103595867,0.0030857187303978,0.0612576216605962,0.0299562019250847,0.0745048086767346,0.1527863277835643,-1,0,1
2020-07-17,0,22.82999992370605,23.030000686645508,22.57999992370605,22.739999771118164,7.867476940155029,49927600,9.17902788178927,0.0008800004278775,0.026739648259229,0.0588674436858847,0.0299504774874293,0.0744924464662082,0.1527615385059796,0,1,1
2020-07-20,0,22.700000762939453,22.90999984741211,22.520000457763672,22.739999771118164,7.867476940155029,48679800,9.041591622957489,0.0,0.0101659918047787,0.0514324009147348,0.0299447503278819,0.0744784701208036,0.1527356890903653,0,1,1
2020-07-21,0,23.14999961853028,23.600000381469727,23.13999938964844,23.3700008392334,8.085440635681152,101769600,9.963314045024898,0.0273275730110468,0.0531642401518597,0.0847965403133825,0.029943824695102,0.0744716235604088,0.1527157495403029,1,1,1
2020-07-22,0,23.299999237060547,23.40999984741211,23.01000022888184,23.049999237060547,7.974728107452393,43085500,9.881059468625642,-0.013787436957134,0.0065287154041083,0.0955271641736456,0.0299393010785114,0.0744574946341655,0.1526983072280497,-1,0,1
2020-07-23,0,23.15999984741211,23.229999542236328,22.540000915527344,22.56999969482422,7.8088178634643555,64072100,10.005181050128323,-0.0210239644974573,-0.0335269316115339,0.0416363770102307,0.0299363776684134,0.0744460434847853,0.152671293181545,-1,-1,1
2020-07-24,0,22.540000915527344,23.059999465942383,22.420000076293945,22.729999542236328,7.864173889160156,43380300,9.794659591545413,0.0070639041674151,0.0004600761517481,0.07918332079004,0.0299309888479967,0.0744318048295023,0.1526501874255416,1,0,1
2020-07-27,0,22.8700008392334,23.25,22.450000762939453,23.200000762939453,8.026785850524902,56539600,9.851993643763644,0.0204666854993297,0.0200467612232002,0.0775157285255361,0.0299279711213243,0.0744186603974545,0.1526287516643079,1,1,1
2020-07-28,0,23.040000915527344,23.31999969482422,22.799999237060547,22.799999237060547,7.888392925262451,48353000,9.203697667683208,-0.017391751049517,0.0026550101736833,0.0899064758261688,0.02992416978998,0.0744044613914227,0.1526099928234755,-1,0,1
2020-07-29,0,23.030000686645508,23.25,22.920000076293945,23.170000076293945,8.016406059265137,44011500,8.96817863831359,0.0160977700554047,-0.0085747927819586,0.067411111092027,0.0299201330419691,0.074390410498335,0.1525866809129852,1,-1,1
2020-07-30,1,22.920000076293945,22.920000076293945,22.5,22.81999969482422,7.895312309265137,57859000,8.78750047409948,-0.0152209943752795,-0.0100083502001042,0.0572815490034782,0.0299158879917729,0.0743764320030802,0.1525617439165142,-1,-1,1
2020-07-31,0,22.920000076293945,23.13999938964844,22.15999984741211,22.200000762939453,7.680804252624512,75397300,9.157183267738796,-0.0275449427096031,-0.01652932841225,0.0223396938916581,0.0299149859396665,0.0743628874567091,0.15253316496417,-1,-1,1
2020-08-03,0,22.540000915527344,22.549999237060547,21.71999931335449,21.799999237060547,7.542410373687744,63598500,9.349058769753814,-0.0181824529290026,-0.0417756855086677,-0.0118360485783762,0.0299113680536613,0.0743530564511371,0.15250400287778,-1,-1,0
2020-08-04,0,21.459999084472656,22.049999237060547,21.25,21.780000686645508,7.535491943359375,63011900,8.658484000908144,-0.0009176914226432,-0.0631600624306406,-0.0091208010713987,0.0299056764295718,0.0743489225352077,0.1524747976412873,0,-1,0
2020-08-05,0,22.229999542236328,23.280000686645508,22.229999542236328,23.18000030517578,8.019865036010742,137214700,10.160267479638552,0.0622974755902812,0.0165291642091576,0.0293501661876196,0.0299247564799509,0.0743354943234396,0.1524467547725989,1,1,1
2020-08-06,0,23.280000686645508,23.530000686645508,23.01000022888184,23.21999931335449,8.03370475769043,56375100,10.066161083623278,0.0017241928475902,0.002155587001343,0.0435911921114346,0.0299190833336147,0.0743213421930737,0.152420095108714,0,0,1
2020-08-07,0,22.86000061035156,22.90999984741211,22.549999237060547,22.790000915527344,7.884932994842529,56040200,10.266021677986604,-0.0186920635784973,-0.0013154822018747,0.0061820228102092,0.02991559271955,0.074307180400542,0.1523909486075582,-1,0,0
2020-08-10,0,22.89999961853028,23.450000762939453,22.63999938964844,23.450000762939453,8.113282203674316,52390100,10.208923422274031,0.0285487743630511,0.0547782348707794,0.0575047262742137,0.0299151166800848,0.0743008781198373,0.152366146287989,1,1,1
2020-08-11,0,23.709999084472656,23.8799991607666,23.059999465942383,23.07999992370605,7.985267639160156,66342300,10.50325573230392,-0.0159041980953268,0.0570564897044552,0.0250268717244367,0.029911021010876,0.0742952333450885,0.1523378501753774,-1,1,1
2020-08-12,0,23.36000061035156,23.68000030517578,23.07999992370605,23.479999542236328,8.123659133911133,67008500,10.88332115916246,0.017182386078378,0.0751565672054764,0.0578799331388491,0.0299072322152453,0.0742957639856822,0.1523131296371292,1,1,1
2020-08-13,0,23.450000762939453,23.57999992370605,22.709999084472656,22.84000015258789,7.90223217010498,44588200,10.67602838693391,-0.0276354121842405,-0.0147763205690454,-0.0026035668360087,0.0299063717585528,0.0742821486548094,0.1522839716137446,-1,-1,0
2020-08-14,0,22.770000457763672,22.979999542236328,22.530000686645508,22.670000076293945,7.8434157371521,38422000,10.1248959078982,-0.0074708524999814,-0.023971365916617,-0.0291061018541752,0.0299010397635846,0.0742694287679171,0.1522557774056334,-1,-1,-1
2020-08-17,0,22.68000030517578,22.84000015258789,22.14999961853028,22.600000381469727,7.819195747375488,52064300,9.98086834799498,-0.003092716576118,-0.0083720189142377,-0.0052757148344263,0.0298954224293175,0.0742554655628585,0.1522266680564276,-1,-1,0
2020-08-18,0,22.93000030517578,23.239999771118164,22.770000457763672,23.020000457763672,7.964508533477783,49361300,9.818779784517934,0.0184135345271259,-0.0185072587501627,0.0122578192648221,0.0298919245292022,0.0742421802016196,0.1521978015431951,1,-1,0
2020-08-19,0,22.950000762939453,23.31999969482422,22.75,22.88999938964844,7.919530391693115,51982100,8.452082076695302,-0.0056633281009813,-0.0082663887558172,0.0065944911638407,0.0298864532743545,0.0742282282385004,0.1521687940829938,-1,-1,0
2020-08-20,0,22.520000457763672,22.8700008392334,22.350000381469727,22.729999542236328,7.864173889160156,55251700,8.415587704967137,-0.0070144154399701,-0.0324631902741654,-0.0277474972871762,0.0298810920661689,0.0742167389571317,0.1521405740771349,-1,-1,-1
2020-08-21,0,22.540000915527344,22.6299991607666,22.350000381469727,22.559999465942383,7.805356979370117,38668300,8.137685505134943,-0.0075072044616349,-0.01233498255156,-0.0214672647916772,0.0298757785102029,0.0742030048850794,0.1521120077717327,-1,-1,-1
2020-08-24,0,22.86000061035156,23.1299991607666,22.799999237060547,22.96999931335449,7.947209358215332,51841900,8.11177656286291,0.0180105527303638,0.0131464226787852,0.0175672524361439,0.0298721976630222,0.07418940284255,0.1520834284816673,1,1,1
2020-08-25,0,23.09000015258789,23.14999961853028,22.690000534057617,22.8700008392334,7.91261100769043,37981400,7.656926727662001,-0.0043630261391573,0.0118761131157461,0.0061403221295716,0.0298666573771438,0.0741757234797708,0.1520544782187135,-1,1,0
2020-08-26,0,22.780000686645508,22.89999961853028,22.040000915527344,22.21999931335449,7.687722206115723,69925300,7.643457708366279,-0.0288332792043559,-0.0353707006157357,-0.043159642574114,0.0298662377587051,0.0741647583654411,0.1520276305231054,-1,-1,-1
2020-08-27,0,22.31999969482422,22.46999931335449,22.040000915527344,22.14999961853028,7.663504123687744,35489800,7.483982593401166,-0.0031552010242291,-0.0328625735389835,-0.0289230925488261,0.0298606461944644,0.0741533674112912,0.151999569199783,-1,-1,-1
2020-08-28,0,22.25,22.540000915527344,22.059999465942383,22.540000915527344,7.798439025878906,31071000,7.366803283403533,0.0174542522293175,-0.0083939058696959,-0.0275666103749134,0.029856950597433,0.0741394731469748,0.1519714329862864,1,-1,-1
2020-08-31,0,22.31999969482422,22.43000030517578,21.88999938964844,21.88999938964844,7.573548793792725,48539700,7.288458424537059,-0.0292618341158157,-0.0301485355238766,-0.0416074501154496,0.0298566900805583,0.0741276651115943,0.1519444708326889,-1,-1,-1
2020-09-01,0,22.200000762939453,22.88999938964844,22.1200008392334,22.8700008392334,7.91261100769043,66299700,7.549319611530214,0.0437960621150831,-0.0043630261391573,0.0297335547092367,0.0298632423412463,0.0741136663348975,0.1519167642178996,1,0,1
2020-09-02,0,22.93000030517578,23.100000381469727,22.520000457763672,22.799999237060547,7.888392925262451,53618000,7.57171402883732,-0.0030653876797589,-0.0030653876797589,0.0448506199584804,0.0298576567968258,0.0740996547210742,0.1518905493004455,-1,0,1
2020-09-03,0,22.61000061035156,23.1200008392334,22.56999969482422,22.8799991607666,7.916072368621826,87642400,8.086182192388547,0.0035027406679109,0.0292706321925078,0.0492710520490344,0.0298521002006009,0.0740879099255621,0.1518648874397513,1,1,1
2020-09-04,0,23.0,23.030000686645508,22.57999992370605,22.920000076293945,7.929911136627197,52351100,8.31103788417485,0.0017466598421091,0.0341724930588459,-0.0112797636991378,0.0298464864137961,0.0740769783062526,0.1518361073352366,0,1,0
2020-09-08,0,22.5,22.5,21.90999984741211,22.26000022888184,7.701563358306885,74490200,8.63187792795625,-0.0292184878126316,-0.0125002469831032,-0.0422224443593597,0.0298462166739662,0.0740633377202909,0.1518092890268797,-1,-1,-1
2020-09-09,0,22.489999771118164,22.770000457763672,22.489999771118164,22.729999542236328,7.864173889160156,42143500,8.693175221135467,0.0208941528527991,0.0376557399855115,-0.0026362279280633,0.029843371807897,0.0740530666728952,0.1517804263839695,1,1,0
2020-09-10,0,22.57999992370605,22.57999992370605,22.11000061035156,22.1200008392334,7.653126239776611,58350000,8.512594952517505,-0.0272032714957553,-0.0333435936253269,-0.0583882737868696,0.0298423865982085,0.074041820355335,0.1517556068523284,-1,-1,-1
2020-09-11,0,22.1200008392334,22.26000022888184,21.75,21.8799991607666,7.570088863372803,71013700,9.039621865893649,-0.0109094168872885,-0.0411876228328565,-0.0533934925788311,0.029837499098099,0.0740320469479094,0.1517301213797184,-1,-1,-1
2020-09-14,0,21.940000534057617,21.979999542236328,21.43000030517578,21.68000030517578,7.500893115997314,46453300,9.25022313878404,-0.0091827106816956,-0.0538730741824628,-0.0797585893389048,0.029832397260313,0.0740253129854969,0.1517089285426959,-1,-1,-1
2020-09-15,0,21.979999542236328,22.07999992370605,21.549999237060547,21.670000076293945,7.497432708740234,58546700,9.391764667621478,-0.000461439144464,-0.056081173169036,-0.0525846162991284,0.0298267793529913,0.0740191899950155,0.1516833622172201,0,-1,-1
2020-09-16,0,21.850000381469727,21.989999771118164,21.600000381469727,21.729999542236328,7.518191337585449,50379500,9.102378209658328,0.0027649389736917,-0.0240977463827125,-0.0423488248254552,0.0298212160362677,0.0740066328295671,0.15165663811777,0,-1,-1
2020-09-17,0,21.51000022888184,22.170000076293945,21.459999084472656,22.14999961853028,7.663504123687744,60432200,9.182071165223292,0.0191437411364982,-0.0258481580990134,-0.0201123671128389,0.0298179424210201,0.0739942990553223,0.1516282896618181,1,-1,-1
2020-09-18,0,21.989999771118164,22.14999961853028,21.549999237060547,21.64999961853028,7.490511417388916,64243500,8.760283198738392,-0.0228322613278757,-0.0214771479311339,-0.0613581629678406,0.0298155912806659,0.0739814586491464,0.1516039749763253,-1,-1,-1
2020-09-21,0,21.290000915527344,21.459999084472656,20.809999465942383,20.89999961853028,7.231026649475098,73300000,8.988264093455218,-0.0352560505892678,-0.0458237816331132,-0.0909508854561272,0.029817771617604,0.0739727169221382,0.1515851720061351,-1,-1,-1
2020-09-22,0,20.959999084472656,21.350000381469727,20.75,20.799999237060547,7.196428298950195,47207700,8.524018413094705,-0.004796191285575,-0.0414372622369926,-0.088732661301732,0.0298123038062852,0.0739630173097996,0.1515658855414917,-1,-1,-1
2020-09-23,0,20.799999237060547,20.959999084472656,20.200000762939453,20.229999542236328,6.999217510223389,57106300,8.65949494369266,-0.0277864747953465,-0.0687622978878751,-0.1090119316354436,0.0298115224491747,0.0739608887396189,0.1515515191472424,-1,-1,-1
2020-09-24,0,20.239999771118164,20.709999084472656,20.059999465942383,20.39999961853028,7.058034896850586,76310000,8.84212368548948,0.0083683109850033,-0.0631589258765636,-0.1186541733808041,0.0298063781124695,0.0739568926254238,0.1515398470046213,1,-1,-1
2020-09-25,0,20.14999961853028,20.26000022888184,19.8700008392334,20.1299991607666,6.964618682861328,40150400,8.330288259481863,-0.0133238114201543,-0.095626478433216,-0.1276149586618011,0.0298018769622427,0.0739658798799865,0.151530881328604,-1,-1,-1
2020-09-28,0,20.32999992370605,20.559999465942383,19.6299991607666,19.6299991607666,6.791628360748291,48797400,8.29650141058619,-0.0251521278103452,-0.0979463449156855,-0.1239338072677904,0.0298002224916308,0.0739759741878918,0.1515207696771146,-1,-1,-1
2020-09-29,0,19.6299991607666,19.86000061035156,19.25,19.309999465942383,6.680915355682373,52878100,8.126498302470937,-0.0164357228530235,-0.0791260171794412,-0.1372143290965847,0.029796300849461,0.0739776535126899,0.1515149103088781,-1,-1,-1
2020-09-30,0,19.5,20.040000915527344,19.43000030517578,19.61000061035156,6.784709930419922,69505000,8.310654559839648,0.0154165333221106,-0.0589132925717554,-0.1392520480037916,0.0297922377634754,0.073972320166606,0.1515097298975909,1,-1,-1
2020-10-01,0,19.63999938964844,20.059999465942383,19.1299991607666,19.850000381469727,6.86774492263794,77537300,8.448330407997412,0.0121642615917422,-0.0189625561846666,-0.0978259522962336,0.0297876056349162,0.0739592578818692,0.1514925119840949,1,-1,-1
2020-10-02,0,19.729999542236328,19.739999771118164,19.020000457763672,19.020000457763672,6.580580711364746,85306000,8.60736158080164,-0.0427128069186492,-0.0700436740883193,-0.1843348213299661,0.0297934194448799,0.07395752012689,0.1515052500948685,-1,-1,-1
2020-10-05,0,19.36000061035156,20.15999984741211,19.239999771118164,20.030000686645508,6.930022239685059,73288500,8.563423485041323,0.0517400269365551,-0.0049798357316097,-0.129529406713652,0.0298047661101345,0.0739436805650655,0.1514968240687576,1,0,-1
2020-10-06,0,20.46999931335449,20.700000762939453,19.93000030517578,19.93000030517578,6.895423412322998,77064600,8.943739049858753,-0.005005104422821,0.0151671876559143,-0.1380372518043838,0.0297993328649949,0.0739304595052561,0.1514911752039762,-1,1,-1
2020-10-07,0,20.0,20.049999237060547,19.559999465942383,19.790000915527344,6.846987247467041,53521000,8.877778663186714,-0.0070491803257499,0.024553730183188,-0.1468330919722429,0.0297940537031754,0.0739182328137892,0.1514885812451399,-1,1,-1
2020-10-08,0,20.040000915527344,20.59000015258789,19.86000061035156,20.440000534057617,7.071874618530273,78070400,8.904576958794788,0.0323168582601007,0.0414540551211779,-0.0852977458995105,0.029795094052402,0.0739089149235427,0.1514685592764837,1,1,-1
2020-10-09,0,20.34000015258789,20.38999938964844,19.799999237060547,19.799999237060547,6.850446224212647,67962300,9.273529931100397,-0.0318118035246592,-0.0025220099952236,-0.1380037022769688,0.0297958190188267,0.0738950697191002,0.1514628688509707,-1,0,-1
2020-10-13,0,19.90999984741211,20.1299991607666,19.729999542236328,20.1299991607666,6.964618682861328,55330600,9.38056630892101,0.0165290657447393,0.0567198626681649,-0.0942713650364742,0.0297919912790398,0.073889625524208,0.1514448002822645,1,1,-1
2020-10-14,0,20.09000015258789,20.3700008392334,19.96999931335449,19.96999931335449,6.909262657165527,44584300,9.29081928944685,-0.0079799326650787,-0.0030000969334689,-0.0913418808142645,0.0297868079376835,0.0738757991662954,0.1514260774269065,-1,0,-1
2020-10-15,0,19.6200008392334,19.770000457763672,19.440000534057617,19.75,6.8331475257873535,56952100,9.127298104715834,-0.0110775196945874,-0.0090725122052353,-0.0932366898271562,0.0297819920336795,0.0738621407687089,0.1514077817805717,-1,-1,-1
2020-10-16,0,19.670000076293945,19.709999084472656,19.31999969482422,19.32999992370605,6.6878342628479,49929000,8.733244909192667,-0.0214953115557717,-0.0235186434352571,-0.1142705622384639,0.0297792870840014,0.0738496215568929,0.1513947798676073,-1,-1,-1
2020-10-19,0,19.40999984741211,19.940000534057617,19.25,19.520000457763672,6.753571033477783,107419300,9.058863631275257,0.0097813127851699,-0.0460541889101878,-0.1072541884269858,0.0297743451840367,0.0738409829736704,0.1513798894490356,1,-1,-1
2020-10-20,0,19.670000076293945,20.270000457763672,19.59000015258789,20.18000030517578,6.98192024230957,68407700,8.998792489619424,0.0332525782997772,0.0190101929142485,-0.0931453512637068,0.0297757789819451,0.0738281738859727,0.1513615797061651,1,1,-1
2020-10-21,0,20.15999984741211,20.32999992370605,19.82999992370605,20.15999984741211,6.97499942779541,60594900,8.783016832675827,-0.0009917396166189,0.0014893875528903,-0.0713048295524501,0.0297702278622222,0.0738143867981736,0.1513389597501885,0,0,-1
2020-10-22,0,20.100000381469727,20.84000015258789,20.049999237060547,20.84000015258789,7.210267066955566,98926900,9.471221145493187,0.0331737461265492,0.0426430663445182,-0.0028750328366329,0.0297716243211854,0.0738053808021644,0.1513105099284952,1,1,0
2020-10-23,0,20.940000534057617,21.13999938964844,20.540000915527344,20.56999969482422,7.1168532371521,61711200,9.24716939418597,-0.0130403251413149,0.0406802608977907,-0.0111191666923728,0.0297671179352896,0.0737959548040063,0.1512821634512133,-1,1,0
2020-10-26,0,20.32999992370605,20.530000686645508,20.030000686645508,20.25,7.006137847900391,58229100,9.13285424491492,-0.0156790663821092,0.0464965060714531,0.0009882417208643,0.0297630835128886,0.0737878379644085,0.1512537628627889,-1,1,0
2020-10-27,0,20.26000022888184,20.3700008392334,19.809999465942383,19.8799991607666,6.878125190734863,48978400,9.036663356826,-0.0184404868107136,0.0182747064755696,-0.0258205560748526,0.02975963532867,0.0737749853080182,0.151226022559096,-1,1,-1
2020-10-28,1,19.350000381469727,19.440000534057617,18.670000076293945,18.670000076293945,6.459486961364746,79247400,9.441160478276116,-0.062796216567978,-0.0777740883921855,-0.0752929612226764,0.0297786423336391,0.0737762019135081,0.1512041678715467,-1,-1,-1
2020-10-29,0,18.43000030517578,19.3700008392334,17.739999771118164,19.290000915527344,6.673995018005371,86794800,9.818380087308435,0.0326687369554762,-0.0441136118200904,-0.0174720964568549,0.0297798356575227,0.0737671781866216,0.1511760648533324,1,-1,-1
2020-10-30,0,19.13999938964844,19.540000915527344,18.8700008392334,18.940000534057617,6.552901744842529,64185100,9.99037924877416,-0.0183106678258411,-0.0955980257724809,-0.0193470414296726,0.0297763533750722,0.0737761102072799,0.1511480502141061,-1,-1,-1
2020-11-03,0,19.51000022888184,19.89999961853028,19.32999992370605,19.64999961853028,6.798549652099609,66292400,9.44516082233696,0.0368013369523364,-0.0457563636788296,0.0020377622005529,0.029779345422839,0.0737674475691211,0.1511197396447468,1,-1,0
2020-11-04,0,20.01000022888184,20.06999969482422,19.270000457763672,19.71999931335449,6.82276725769043,65777600,9.387950943094314,0.0035558428408238,-0.0265214544558963,-0.0065706565503653,0.0297738932060099,0.073755362957151,0.1510914340165607,1,-1,0
2020-11-05,0,19.950000762939453,19.989999771118164,19.71999931335449,19.88999938964844,6.881583690643311,40874800,9.107444007351368,0.0085836672315033,0.0005026995863206,0.0447258175997872,0.0297688340197386,0.0737416319382615,0.1510659242717421,1,0,1
2020-11-06,0,19.549999237060547,19.950000762939453,19.540000915527344,19.75,6.8331475257873535,37273300,8.197471587958775,-0.0070634072912884,0.0562355088630101,-0.0140776166280563,0.0297636013242305,0.0737361420795786,0.1510377907767728,-1,1,0
2020-11-09,0,21.11000061035156,22.690000534057617,21.040000915527344,21.61000061035156,7.476673603057861,164904100,9.77246701100765,0.0900025818436644,0.1135693537511984,0.0809300696384289,0.0298087317725881,0.073755461008051,0.1510181949999787,1,1,1
2020-11-10,0,21.88999938964844,23.14999961853028,21.809999465942383,23.07999992370605,7.985267639160156,163732600,11.55728391998078,0.0658103112440187,0.1976903328210583,0.1537895612081977,0.0298302461740178,0.0738410534901482,0.1510202825259776,1,1,1
2020-11-11,0,23.350000381469727,23.36000061035156,22.39999961853028,22.8799991607666,7.916072368621826,93072900,12.350774008874296,-0.0087031290780639,0.152185866790658,0.1127695738700331,0.0298251711433704,0.0738861943711946,0.1510085350688818,-1,1,1
2020-11-12,0,22.739999771118164,22.81999969482422,21.770000457763672,21.90999984741211,7.580469131469727,77275000,12.497377479455029,-0.0433200813336436,0.1053099426161904,0.1012612960610487,0.0298312583966151,0.0739007228378665,0.1509936589947582,-1,1,1
2020-11-13,0,22.020000457763672,22.799999237060547,21.88999938964844,22.6299991607666,7.829576969146728,66065200,12.374342472225932,0.0323333931799615,0.1290596685646488,0.1170656234962711,0.0298322653564338,0.0739292816207234,0.1509831543065166,1,1,1
2020-11-16,0,23.200000762939453,23.6299991607666,23.1299991607666,23.290000915527344,8.057924270629883,101583300,13.16398238218811,0.0287475070751798,0.1648705829311173,0.1537930632365298,0.0298319019091437,0.0739843076497581,0.1509851819507356,1,1,1
2020-11-17,0,23.049999237060547,24.13999938964844,22.979999542236328,23.690000534057617,8.196316719055176,94082100,13.799807697329982,0.0170288840658669,0.0918968851533198,0.1818994669969842,0.0298281914288805,0.0739920130712577,0.1509990254804013,1,1,1
2020-11-18,0,23.989999771118164,24.1299991607666,23.549999237060547,23.549999237060547,8.147879600524902,68540400,14.017428749834204,-0.00592715106785,0.0201594228414511,0.1974676274849059,0.0298228777051929,0.0739793516472019,0.1510202184137613,-1,1,1
2020-11-19,0,23.549999237060547,23.940000534057617,23.3700008392334,23.81999969482422,8.241294860839844,65382100,14.528474468496489,0.0113997531939673,0.0402623051134822,0.1990860678937032,0.0298181723616253,0.0739697939185956,0.1510421578675971,1,1,1
2020-11-23,0,24.049999237060547,25.100000381469727,24.040000915527344,25.100000381469727,8.684151649475098,125649000,16.18823039428458,0.0523422400722738,0.1359246265193997,0.2181757296661999,0.0298297008059657,0.0740027137473853,0.1510739810049068,1,1,1
2020-11-24,0,25.63999938964844,26.670000076293945,25.63999938964844,26.21999931335449,9.071650505065918,153293500,16.501130151098742,0.0436545067156985,0.1472457400551366,0.2628219759985175,0.0298360275605861,0.0740436095795175,0.1511324627573337,1,1,1
2020-11-25,0,26.200000762939453,26.5,25.670000076293945,26.25,9.082029342651367,73971200,15.239855233196746,0.0011434418589882,0.1196416748389448,0.2307916717309563,0.0298305166523763,0.0740659333479232,0.1511711590022283,0,1,1
2020-11-26,0,25.940000534057617,25.950000762939453,25.559999465942383,25.81999969482422,8.933258056640625,41935900,14.52126033371494,-0.0165164912106855,0.0860962995623922,0.2273155056615857,0.0298266829684589,0.0740708960797281,0.1512077876304751,-1,1,1
2020-11-27,0,25.920000076293945,26.059999465942383,25.450000762939453,25.5,8.822545051574707,49863500,14.231840616739746,-0.0124707893226105,0.0795526613076317,0.2305237827210844,0.0298221259925155,0.0740731217694326,0.1512461555918346,-1,1,1
2020-11-30,0,25.26000022888184,25.8799991607666,24.84000015258789,24.89999961853028,8.614953994750977,90207700,14.747495392631429,-0.0238108531628755,0.0443420549507888,0.2251534163689226,0.0298201126777251,0.0740643848703857,0.1512814003382443,-1,1,1
2020-12-01,0,25.39999961853028,25.770000457763672,25.290000915527344,25.600000381469727,8.857142448425293,58866000,14.157840875328551,0.027724660011986,0.0197244748905011,0.3156742929488867,0.029819383810656,0.0740516768328677,0.151377144665586,1,1,1
2020-12-02,0,25.600000381469727,26.5,25.32999992370605,25.90999984741211,8.964397430419922,88093300,14.194701800055672,0.0120367013922804,-0.0118933304329168,0.2950422573856912,0.0298147814879011,0.0740383153264512,0.1514571082455391,1,-1,1
2020-12-03,0,26.14999961853028,26.88999938964844,26.049999237060547,26.63999938964844,9.216963768005373,62424500,14.22824656003317,0.0277847827707868,0.0147480104788818,0.3411377079823191,0.0298140706229612,0.0740251865384228,0.151573040756936,1,1,1
2020-12-04,0,27.190000534057617,27.56999969482422,27.059999465942383,27.530000686645508,9.52488899230957,61652400,14.324282949166108,0.0328625925868377,0.0641270942764051,0.3371989636168205,0.0298152638193509,0.0740218521509955,0.1516854041575615,1,1,1
2020-12-07,0,27.270000457763672,27.790000915527344,26.670000076293945,27.0,9.34151840209961,72664200,13.506051593624273,-0.0194394577484951,0.0571584258505206,0.3142036630275014,0.0298120965311293,0.074016395007004,0.1517790891724625,-1,1,1
2020-12-08,0,26.809999465942383,27.13999938964844,26.459999084472656,26.65999984741211,9.223884582519531,46276700,11.593673398890829,-0.0126725386935735,0.0682967403198224,0.2929474571024244,0.0298075883216801,0.074014433445648,0.1518567124381764,-1,1,1
2020-12-09,0,26.6299991607666,26.96999931335449,26.39999961853028,26.940000534057617,9.320759773254396,52448300,11.230651877768477,0.0104478759582332,0.0510199562660696,0.3104587403519463,0.0298027733010535,0.0740073072694417,0.1519471163144083,1,1,1
2020-12-10,0,27.190000534057617,28.200000762939453,27.1299991607666,27.81999969482422,9.625222206115724,97537100,12.350155446179253,0.0321428201467323,0.0711260750205216,0.2525989786550142,0.0298036782912549,0.074006321065714,0.1519974057457467,1,1,1
2020-12-11,0,27.489999771118164,27.84000015258789,27.280000686645508,27.56999969482422,9.53872776031494,48334300,12.39207244541834,-0.0090268481474359,0.0343144441022987,0.1777618192635595,0.0297986906394057,0.073995625529546,0.1520081269895801,-1,1,1
2020-12-14,0,28.030000686645508,28.270000457763672,27.6200008392334,27.6200008392334,9.556026458740234,53159500,11.85802560582973,0.0018118801592677,0.0032637316747287,0.1882768285008912,0.0297932250919581,0.0739820057419389,0.1520235258018996,0,0,1
2020-12-15,0,27.6200008392334,27.989999771118164,27.6200008392334,27.850000381469727,9.635602951049805,47208200,11.726062259655876,0.0082928808869654,0.0309960703101892,0.2398897907215002,0.0297881685227107,0.0739707789959069,0.1520659111599669,1,1,1
2020-12-16,0,27.850000381469727,28.239999771118164,27.46999931335449,28.190000534057617,9.753235816955566,59399200,11.308635623686117,0.0121342294564786,0.0558028384602415,0.2196906269980172,0.0297835997513028,0.0739649353268805,0.1520968605562901,1,1,1
2020-12-17,0,28.299999237060547,28.38999938964844,28.06999969482422,28.239999771118164,9.770533561706545,39297700,10.92883866679434,0.0017719682036338,0.0471269307056422,0.1927150881264712,0.0297781419468335,0.073956861755198,0.1521141545409173,0,1,1
2020-12-18,0,28.100000381469727,28.31999969482422,28.020000457763672,28.100000381469727,9.722098350524902,44707900,10.626084945880049,-0.0049696019586438,0.0100145086002659,0.1707166021019603,0.0297728192730757,0.0739434942974574,0.1521216434904647,-1,1,1
2020-12-21,0,27.190000534057617,27.489999771118164,26.520000457763672,27.020000457763672,9.348437309265137,99988800,11.133946442096628,-0.0391922782238599,-0.0201509214761579,0.1374514749459504,0.0297768186842439,0.0739308832932213,0.1521165939597542,-1,-1,1
2020-12-22,0,27.200000762939453,27.46999931335449,27.049999237060547,27.280000686645508,9.438392639160156,46513200,11.158072867660712,0.0095764977507488,-0.0123863038846768,0.1356282195027322,0.0297719173775086,0.0739176532940978,0.152110923686493,1,-1,1
2020-12-23,0,27.43000030517578,28.25,27.350000381469727,27.950000762939453,9.670201301574709,49038900,11.129019395422477,0.0242634319868406,0.0035842472151985,0.1075494114172989,0.0297700872861072,0.0739040878539466,0.1520969169600962,1,0,1
2020-12-28,0,28.36000061035156,28.520000457763672,28.18000030517578,28.18000030517578,9.74977684020996,36313300,9.968684433747466,0.0081952701931798,-0.0003547120481002,0.0720901748947801,0.0297650378998351,0.0738904964719938,0.1520751423759026,1,0,1
2020-12-29,0,28.3799991607666,28.43000030517578,27.989999771118164,28.270000457763672,9.780914306640623,29891100,9.633968700575,0.003188570499396,0.0010618902476616,0.0741353035351881,0.0297596390507281,0.0738769157113879,0.1520537407182995,1,0,1
2020-12-30,0,28.350000381469727,28.489999771118164,28.200000762939453,28.34000015258789,9.805131912231444,36968200,9.34522812820889,0.0024729460619064,0.0085044382682121,0.0931247408077801,0.0297542180778939,0.0738635228090241,0.1520362160193888,0,1,1
2021-01-04,0,28.64999961853028,29.18000030517578,28.530000686645508,28.90999984741211,10.00234317779541,74719700,9.925609443898134,0.0199134701999375,0.0676101866920095,0.1255090003303282,0.0297512075261133,0.0738613475617881,0.1520273094671523,1,1,1
2021-01-05,0,28.89999961853028,30.18000030517578,28.239999771118164,30.040000915527344,10.393302917480469,95181100,10.738980534244918,0.0383422651545913,0.0963759540958519,0.187662118647795,0.0297548090265745,0.0738708964225105,0.1520420512551966,1,1,1
2021-01-06,0,30.15999984741211,30.89999961853028,30.049999237060547,30.100000381469727,10.414060592651367,96562500,11.972492098165384,0.0019952246277633,0.0741077467367746,0.1619326832635725,0.0297493811543484,0.0738709881075727,0.152045827820146,0,1,1
2021-01-07,0,30.34000015258789,31.14999961853028,30.34000015258789,31.0,10.725445747375488,56171300,12.305466024927563,0.0294621523694581,0.095374628913053,0.1793581342407501,0.0297492700059799,0.0738800185398334,0.1520567936161047,1,1,1
2021-01-08,0,31.459999084472656,31.76000022888184,30.350000381469727,31.1200008392334,10.766963958740234,67136300,11.885031332944797,0.003863527968908,0.096049586382565,0.1554368794388712,0.0297439136662164,0.0738893451793501,0.1520580129222895,1,1,1
2021-01-11,0,30.61000061035156,31.059999465942383,30.39999961853028,30.86000061035156,10.677007675170898,48744700,12.04662486688517,-0.0083899393993924,0.0851867009212659,0.1141843474526408,0.0297389051305908,0.0738937678032785,0.1520457374392096,-1,1,1
2021-01-12,0,31.1200008392334,31.559999465942383,30.6299991607666,30.6299991607666,10.597432136535645,65691900,12.487030164118304,-0.0074808935465713,0.0577923371747569,0.1261429116545647,0.0297338101213894,0.0738884759927673,0.1520369369704911,-1,1,1
2021-01-13,0,30.68000030517578,30.86000061035156,29.0,29.14999961853028,10.085379600524902,93826600,13.662168927440916,-0.0495249096908744,-0.0300748376707087,0.0892905406572638,0.0297434624691725,0.0738771979683163,0.1520185274954437,-1,-1,1
2021-01-14,0,29.170000076293945,29.670000076293945,28.71999931335449,29.450000762939453,10.18917465209961,50745400,14.10801514071924,0.0102390372764081,-0.021831025022064,0.0890817019754385,0.0297386685826233,0.0738648596289092,0.1520000772789128,1,-1,1
2021-01-15,0,29.049999237060547,29.07999992370605,28.030000686645508,28.1200008392334,9.729019165039062,80673300,14.946154564710517,-0.0462127622065362,-0.0975059395980585,0.0107261196221699,0.0297463542764493,0.0738749427333977,0.151972213896429,-1,-1,0
2021-01-18,0,28.309999465942383,28.850000381469727,28.01000022888184,28.06999969482422,9.711718559265137,68855700,14.790062965545593,-0.0017798306408263,-0.1031492982077929,0.0179731371287796,0.029740938841697,0.0738878055858632,0.1519446125086889,0,-1,1
2021-01-19,0,28.479999542236328,28.86000061035156,27.63999938964844,28.690000534057617,9.926225662231444,61656000,14.04153146080282,0.0218470561265683,-0.0729123026818322,0.03800831309608,0.0297384407300823,0.0738874574065658,0.1519183695603519,1,-1,1
2021-01-20,0,28.950000762939453,29.1200008392334,28.11000061035156,28.209999084472656,9.760156631469728,60306200,13.214075759863672,-0.0168718627624066,-0.0823032718976674,0.0128435694467079,0.0297347574617566,0.0738907065009374,0.1518906102199863,-1,-1,0
2021-01-21,0,28.020000457763672,28.39999961853028,27.51000022888184,27.549999237060547,9.531807899475098,41284900,12.799479576101172,-0.023674042792479,-0.0564524049992718,-0.0229647028022496,0.0297327663340752,0.0738850726177704,0.1518633327308108,-1,-1,-1
2021-01-22,0,26.93000030517578,27.239999771118164,26.559999465942383,27.09000015258789,9.37265682220459,51181900,12.31701924133232,-0.0168378041583919,-0.0835292464340719,-0.0415744751642755,0.0297290770297275,0.0738888020555471,0.1518375376033505,-1,-1,-1
2021-01-26,0,27.25,27.96999931335449,26.81999969482422,27.0,9.34151840209961,64514600,12.480158703238963,-0.0033277928060264,-0.0406442770335621,-0.0399326660116581,0.0297237223302832,0.0738793706819483,0.1518115923941956,-1,-1,-1
2021-01-27,0,26.809999465942383,28.170000076293945,26.530000686645508,27.39999961853028,9.479909896850586,68337800,12.38426088640896,0.0147060028244802,-0.0241584435682555,0.0139656150366821,0.0297196346540264,0.073867309382537,0.1517839302555751,1,-1,0
2021-01-28,0,27.31999969482422,28.450000762939453,27.309999465942383,27.76000022888184,9.604464530944824,67827000,11.799231935173951,0.013053234005703,-0.0329522656891206,0.0174423512916363,0.0297152667489374,0.0738564903930515,0.1517564128806793,1,-1,1
2021-01-29,0,27.520000457763672,27.68000030517578,26.690000534057617,26.690000534057617,9.234262466430664,67555300,12.01109061084257,-0.0393072980800419,-0.0553877010067559,-0.0461283787752463,0.0297193131056157,0.0738505589936611,0.1517311610739282,-1,-1,-1
2021-02-01,0,27.26000022888184,27.68000030517578,26.82999992370605,27.530000686645508,9.52488899230957,44449500,11.293789581422793,0.0309875189983538,-0.0007261392159232,-0.0233361299700724,0.0297197946068634,0.0738370871719841,0.1517039921405156,1,0,-1
2021-02-02,0,28.39999961853028,29.13999938964844,28.200000762939453,28.65999984741211,9.915846824645996,91663000,11.770426807645698,0.0402259001668237,0.0563375651092924,0.0137011996973553,0.0297243011833758,0.0738314953366374,0.1516763822985929,1,1,0
2021-02-03,0,28.979999542236328,29.13999938964844,28.65999984741211,28.940000534057617,10.012723922729492,47486800,11.499497665026093,0.0097225097009776,0.0693878676162965,0.0209507633364262,0.0297194715151673,0.073829958218122,0.1516490863367741,1,1,1
2021-02-04,0,28.82999992370605,28.989999771118164,28.209999084472656,28.81999969482422,9.971205711364746,41444100,11.151557099181185,-0.004155165861835,0.0505266989299813,-0.0031178727253461,0.0297141710612002,0.0738228250719916,0.1516213028346745,-1,1,0
2021-02-05,0,28.979999542236328,30.09000015258789,28.31999969482422,28.84000015258789,9.978126525878906,121098700,12.768368488412609,0.0006938392432892,0.0381673041675675,-0.0407662986366482,0.029708770968512,0.0738129835737378,0.1515955562001026,0,1,-1
2021-02-08,0,28.51000022888184,29.299999237060547,27.799999237060547,28.11000061035156,9.725557327270508,98821700,13.723562808503164,-0.0256381532642165,0.0518364489833927,-0.0683996765286282,0.0297073901373062,0.0738061830813011,0.1515734840672903,-1,1,-1
2021-02-09,0,28.049999237060547,28.3700008392334,27.3799991607666,27.540000915527344,9.52834701538086,63662200,13.731363350813158,-0.0204859445994738,0.000362985385565,-0.1183477734975603,0.0297045551664096,0.07379274828904,0.1515627135603935,-1,0,-1
2021-02-10,0,27.739999771118164,28.040000915527344,27.1200008392334,27.799999237060547,9.618301391601562,52949900,13.456447952102684,0.0093964265879015,-0.030466488193357,-0.1128148748785667,0.0296997017736924,0.0737816033349102,0.1515503911400267,1,-1,-1
2021-02-11,0,28.13999938964844,28.5,27.8700008392334,28.07999992370605,9.715179443359377,61158600,13.342798993894183,0.010021874843584,-0.0301671230507506,-0.0944030606355902,0.0296949250749246,0.0737704184787776,0.1515334540693957,1,-1,-1
2021-02-12,0,27.809999465942383,28.489999771118164,27.61000061035156,28.440000534057617,9.83973217010498,47801100,13.038268002275997,0.0127389387972644,-0.013273018391651,-0.0741832282917543,0.0296905289474648,0.0737574348258083,0.1515124007069749,1,-1,-1
2021-02-17,0,28.520000457763672,29.600000381469727,28.1299991607666,29.59000015258789,10.237610816955566,54973400,13.314912944348588,0.0396397815231803,0.02567292388824,0.0149814629223004,0.0296947440888787,0.0737456597631415,0.1514849667651344,1,1,0
2021-02-18,0,30.3799991607666,30.920000076293945,29.040000915527344,29.270000457763672,10.126897811889648,105539200,13.632133428506217,-0.010873240092067,0.0404378370603893,-0.0061308144461747,0.0296900809863372,0.0737362983692851,0.1514573273948998,-1,1,0
2021-02-19,0,28.030000686645508,28.489999771118164,27.170000076293945,27.32999992370605,9.45569133758545,215834800,16.73828379012516,-0.0685782154729112,-0.0076544338130478,-0.0284962677125496,0.0297133974976454,0.0737230480113954,0.1514306423180628,-1,-1,-1
2021-02-22,0,22.799999237060547,23.200000762939453,21.39999961853028,21.670000076293945,7.497432708740234,490230400,23.211379202914983,-0.2320561617256066,-0.2491070221265561,-0.2587725987973299,0.0300345310665657,0.0738622441690598,0.1514837571519805,-1,-1,-1
2021-02-23,0,23.049999237060547,24.26000022888184,22.709999084472656,24.059999465942383,8.32433032989502,293503100,25.66169912593303,0.1046219353364559,-0.1545069616336842,-0.1759977195874422,0.0300951612765862,0.0739073615535998,0.1514934139868208,1,-1,-1
2021-02-24,0,24.549999237060547,25.0,24.01000022888184,24.39999961853028,8.44196605682373,155246400,26.355175549619982,0.0140326348241414,-0.1532132656068073,-0.1450932220008943,0.0300909070667925,0.0739514012189853,0.1514910930089374,1,-1,-1
2021-02-25,0,25.0,25.25,23.100000381469727,23.190000534057617,8.02332592010498,170233000,27.86170355397764,-0.0508621874338793,-0.2437152345638671,-0.1722813666422946,0.0301009767330843,0.074083193213456,0.1514991332927672,-1,-1,-1
2021-02-26,0,23.200000762939453,23.420000076293945,21.96999931335449,22.239999771118164,7.694643497467041,159881000,29.29223419569853,-0.0418286020642581,-0.2746705965360581,-0.1972721645481609,0.0301060026208353,0.0742536753882301,0.1515182409772152,-1,-1,-1
2021-03-01,0,22.799999237060547,23.040000915527344,21.920000076293945,22.0,7.611606121063232,90330100,29.477544945693857,-0.0108502334824989,-0.2169426145456457,-0.2047946052246334,0.0301012506625987,0.0743545188546929,0.1515409303714663,-1,-1,-1
2021-03-02,0,21.84000015258789,22.32999992370605,20.670000076293945,21.989999771118164,7.608147144317627,147772300,30.775098794042883,-0.0004545378292073,0.0146590093507534,-0.219955145878321,0.0300958076562891,0.0743416080629401,0.1515712897520638,0,1,-1
2021-03-03,0,21.799999237060547,21.88999938964844,20.479999542236328,21.190000534057617,7.331361770629883,185688500,32.35963596199144,-0.0370583867076649,-0.1270213126933674,-0.270066766591689,0.0300985679132433,0.0743671186437703,0.151631019071691,-1,-1,-1
2021-03-04,0,21.299999237060547,22.39999961853028,21.1200008392334,22.21999931335449,7.687722206115723,127843200,32.189065647851045,0.0474632584913306,-0.0935906890261781,-0.1832962100203164,0.0301067132457844,0.0743747206043548,0.151643514113626,1,-1,-1
2021-03-05,0,22.440000534057617,23.21999931335449,22.290000915527344,22.38999938964844,7.7465386390686035,126306300,30.08092733370456,0.007621578805178,-0.0351069227871206,-0.2066621502134921,0.0301016318281815,0.0743641597770092,0.1516668688924923,1,-1,-1
2021-03-08,0,21.940000534057617,22.280000686645508,20.959999084472656,21.100000381469727,7.300222873687744,141142800,24.83237070421135,-0.0593412380502071,-0.0526195587730696,-0.3062292884305231,0.0301172410799232,0.0743572885852974,0.1517512297077061,-1,-1,-1
2021-03-09,0,21.36000061035156,21.950000762939453,20.86000061035156,21.59000015258789,7.469756126403809,122648000,21.80227488097419,0.0229574732135839,-0.0188118520769867,-0.2929943249179166,0.0301149943441724,0.0743446463820273,0.1518259281941314,1,-1,-1
2021-03-10,0,21.940000534057617,22.34000015258789,21.57999992370605,22.34000015258789,7.729241371154785,111744100,20.915533565426813,0.0341483653795,0.0157910511317207,-0.2546907936765814,0.0301165889562895,0.0743318609554111,0.1518754382447839,1,1,-1
2021-03-11,0,22.6200008392334,23.489999771118164,22.61000061035156,23.290000915527344,8.057924270629883,130577500,20.293168042440502,0.0416452717659508,0.0944947096053365,-0.21373936115392,0.0301215874145782,0.0743404112159779,0.151901992161393,1,1,-1
2021-03-12,0,23.14999961853028,23.3799991607666,22.86000061035156,23.170000076293945,8.016406059265137,68123200,18.93568819430852,-0.005165789534004,0.0418656615800018,-0.1932669974237075,0.030116310481354,0.0743313583799986,0.1519185726665638,-1,1,-1
2021-03-15,0,23.11000061035156,23.670000076293945,23.100000381469727,23.64999961853028,8.182476043701172,68295000,18.680244632286605,0.0205046004853302,0.0547486832601539,-0.1522764523389034,0.0301134176240909,0.0743253660841224,0.1519182899237532,1,1,-1
2021-03-16,0,23.6299991607666,23.68000030517578,23.229999542236328,23.280000686645508,8.054466247558594,43407900,17.143145874354882,-0.0157680487010541,0.0983218726093069,-0.177440927627859,0.0301094645825984,0.0743356794423129,0.1519278293343191,-1,1,-1
2021-03-17,0,23.13999938964844,24.1299991607666,23.11000061035156,24.07999992370605,8.331250190734863,77966400,15.730765683021044,0.0337867768990301,0.1091511762947528,-0.1536760255724131,0.0301109001816617,0.074351444467361,0.151928007783987,1,1,-1
2021-03-18,0,23.8799991607666,23.89999961853028,23.06999969482422,23.239999771118164,8.040623664855957,77198900,15.01227374701607,-0.0355068774006142,0.0394959335146385,-0.2019218417702918,0.0301129856802993,0.0743419062937363,0.1519484958447442,-1,1,-1
2021-03-19,0,23.270000457763672,24.040000915527344,23.18000030517578,24.0,8.303570747375488,90244500,14.55770951539731,0.032178982377529,0.0300296441262168,-0.2093826409159431,0.0301137838182216,0.0743307541284767,0.1519725679938734,1,1,-1
2021-03-22,1,23.690000534057617,23.780000686645508,23.229999542236328,23.520000457763672,8.13749885559082,44129300,13.225731958999138,-0.0202027659150262,0.0149926677451947,-0.2187121667389022,0.0301107865756347,0.0743179329468964,0.1520013114592303,-1,1,-1
2021-03-23,0,23.170000076293945,23.6299991607666,22.799999237060547,22.799999237060547,7.888392925262451,57124700,12.302002351971186,-0.0310904378005995,-0.036602370540735,-0.1812243890665904,0.0301111142259974,0.0743077111209707,0.1520122565534898,-1,-1,-1
2021-03-24,0,23.190000534057617,23.540000915527344,22.81999969482422,22.81999969482422,7.895312309265137,63338300,11.5804829202046,0.0008767756801252,-0.0199575461595555,0.0517085483391415,0.0301057055721765,0.0742952479859175,0.1519880987390566,0,-1,1
2021-03-25,0,22.700000762939453,23.299999237060547,22.15999984741211,23.200000762939453,8.026785850524902,79214500,10.75434474678476,0.0165149753693917,-0.0372293476891939,-0.0363984116279228,0.0301019394644862,0.0742851458251861,0.1519620181998603,1,-1,-1
2021-03-26,0,23.479999542236328,23.8799991607666,23.11000061035156,23.459999084472656,8.116739273071289,60918600,10.651871937315478,0.0111443260184771,0.0094218557298974,-0.039286720433587,0.0300972827817349,0.0742720115188828,0.1519362005876401,1,1,-1
2021-03-29,0,23.34000015258789,23.82999992370605,23.280000686645508,23.82999992370605,8.24475383758545,50099700,10.362641259551795,0.0156485934348388,-0.0071085332127927,0.0272240604351313,0.0300933523289377,0.0742587540077806,0.1519096915849083,1,0,1
2021-03-30,0,23.63999938964844,23.989999771118164,23.56999969482422,23.82999992370605,8.24475383758545,41959100,10.355329233218876,0.0,0.0130942327022335,0.0690526624993894,0.0300879491183076,0.0742458425432425,0.1518881477645915,0,1,1
2021-03-31,0,23.799999237060547,24.229999542236328,23.780000686645508,24.100000381469727,8.33816909790039,68609400,10.201587188045504,0.0112665600410779,0.055451230543911,0.0911694560229663,0.0300833154531645,0.074240062554333,0.1518709115665286,1,1,1
2021-04-01,0,24.290000915527344,24.38999938964844,23.780000686645508,23.88999938964844,8.265512466430664,47232900,9.744566174042768,-0.0087519258853712,0.0458225289784145,0.0828720679668026,0.0300783675605834,0.0742318999657891,0.1518519301426739,-1,1,1
2021-04-05,0,24.1299991607666,24.200000762939453,23.68000030517578,24.040000915527344,8.317413330078125,40454400,8.925313687951714,0.0062595749086025,0.0355671285176255,0.1261900295830702,0.0300732117107636,0.0742216976041684,0.1518438806220154,1,1,1
2021-04-06,0,24.18000030517578,24.3700008392334,23.90999984741211,24.020000457763672,8.310492515563965,45934300,8.97022647118559,-0.000832433738566,0.0235903687605822,0.0778943373531734,0.0300678233090021,0.0742097607008428,0.1518239351374395,0,1,1
2021-04-07,0,23.940000534057617,24.34000015258789,23.93000030517578,24.0,8.303570747375488,55892200,8.996979764474663,-0.0008332421129507,0.0071085332127927,0.0694395164350447,0.0300624378099828,0.0741965730531115,0.1518024864934243,0,0,1
2021-04-08,0,23.979999542236328,24.040000915527344,23.3700008392334,23.700000762939453,8.199776649475098,63231300,9.033503790973745,-0.0125787167853439,-0.0054701835725513,0.1162020376999078,0.0300579841061121,0.0741833179254954,0.1517915197089479,-1,0,1
2021-04-09,0,23.5,23.780000686645508,23.3700008392334,23.64999961853028,8.182476043701172,47494400,8.542962956524912,-0.0021121163895467,-0.018848860003176,0.091132448096777,0.0300526255032189,0.0741708302438535,0.1517742911181503,0,-1,1
2021-04-12,0,23.959999084472656,24.3700008392334,23.780000686645508,23.88999938964844,8.265512466430664,50592900,8.391595392750101,0.0100969341178049,0.0,0.0670810168350818,0.030047861168351,0.0741575276661642,0.1517524696351401,1,0,1
2021-04-13,0,23.979999542236328,24.11000061035156,23.690000534057617,23.96999931335449,8.293190956115723,53612300,8.454213367731052,0.0033430776259516,-0.002916497282651,0.0287788226950827,0.0300425528653194,0.0741442469696596,0.1517261782597498,1,0,1
2021-04-14,0,24.200000762939453,24.57999992370605,23.979999542236328,24.350000381469727,8.424664497375488,90836500,9.286262268355282,0.015728841790957,0.0136447782468719,0.0496734540200435,0.0300386639120781,0.0741314359664663,0.151701910639662,1,1,1
2021-04-15,0,23.700000762939453,23.82999992370605,23.020000457763672,23.09000015258789,8.25759506225586,64193600,9.202939184014832,-0.0200302627269691,-0.0055522423671464,0.0091385908077442,0.030035664518249,0.0741182182334164,0.1516747027587645,-1,0,0
2021-04-16,0,23.1299991607666,23.239999771118164,22.809999465942383,22.950000762939453,8.207526206970215,59567300,9.398380936270936,-0.0060818270085405,0.000944647409657,0.0188248125002577,0.0300305097785758,0.0741049481672982,0.151647859859861,-1,0,1
2021-04-19,0,22.950000762939453,24.88999938964844,22.770000457763672,24.280000686645508,8.6831693649292,196519100,12.116683188335724,0.0563350327954029,0.0593917965946066,0.0413730683966307,0.030044067506237,0.0741003183492492,0.1516227090238205,1,1,1
2021-04-20,0,24.32999992370605,24.59000015258789,23.76000022888184,23.81999969482422,8.518659591674805,94965400,12.964440825313735,-0.019127592691856,0.0301672697849457,0.057752353105389,0.0300408629743558,0.0740893110747106,0.1515995452404699,-1,1,1
2021-04-22,0,24.13999938964844,24.190000534057617,23.64999961853028,23.709999084472656,8.47932243347168,46600100,12.827591264373895,-0.0046284586453088,0.0221957335136853,0.0209449120825511,0.0300356221124243,0.074077286204712,0.1515728491178608,-1,1,1
2021-04-23,0,23.8799991607666,23.940000534057617,23.51000022888184,23.690000534057617,8.47217082977295,60341000,12.81317903569311,-0.0008437727593635,0.0056231189633648,0.0403039052382136,0.0300302636827364,0.0740641247159657,0.1515476288421895,0,0,1
2021-04-26,0,23.850000381469727,24.049999237060547,23.61000061035156,23.780000686645508,8.504356384277344,33281000,12.603664410567788,0.0037917758633506,0.0294451575536844,0.0751861189021637,0.0300249927007495,0.0740530285413872,0.1515272973311033,1,1,1
2021-04-27,0,23.81999969482422,24.170000076293945,23.100000381469727,23.100000381469727,8.26116943359375,76684900,13.030936465275335,-0.0290123925736432,0.0065145919885817,0.0452969506483952,0.0300246150211003,0.0740399081003917,0.1515026203645299,-1,0,1
2021-04-28,0,23.39999961853028,24.09000015258789,23.36000061035156,23.940000534057617,8.561577796936035,66374200,13.276291842033055,0.0357183398117933,-0.0141021009950278,0.0645003150907968,0.0300268652894584,0.0740271366376318,0.151480507030771,1,-1,1
2021-04-29,0,24.1200008392334,24.290000915527344,23.420000076293945,23.6200008392334,8.447136878967285,49775900,12.592112736236489,-0.0134569421789109,-0.0084314504820827,0.0398990468934087,0.030022578037032,0.0740140734431787,0.1514552931398936,-1,-1,1
2021-04-30,0,23.39999961853028,23.93000030517578,23.280000686645508,23.6200008392334,8.447136878967285,61039200,12.563384073831417,0.0,-0.0038029918367739,0.0242504534585698,0.0300172278725565,0.0740008887172988,0.151428861159378,0,0,1
2021-05-03,0,23.799999237060547,23.809999465942383,23.299999237060547,23.43000030517578,8.37918758392334,49039900,12.408640277766631,-0.0080765902930099,-0.0110358093704202,0.0161738631655599,0.0300122615936571,0.0739879570869146,0.151402035218689,-1,-1,1
2021-05-04,0,23.540000915527344,23.63999938964844,22.8799991607666,22.88999938964844,8.186068534851074,44765000,9.749813021493662,-0.0233172125306338,-0.0381447977644047,-0.018409909406152,0.0300101239706328,0.0739781978162815,0.1513752261600714,-1,-1,-1
2021-05-05,0,23.170000076293945,23.950000762939453,23.1200008392334,23.82999992370605,8.522237777709961,75611900,9.423213142072555,0.0402452060828816,0.0311128008921202,0.0305872225621008,0.0300144204542981,0.0739673954904619,0.1513492648491529,1,1,1
2021-05-06,0,23.709999084472656,23.850000381469727,23.39999961853028,23.5,8.404220581054688,54091600,9.541198149176807,-0.0139449265316904,-0.0185504654513635,0.0103827211218076,0.0300102221551211,0.0739550057569733,0.1513222847977103,-1,-1,0
2021-05-07,0,23.63999938964844,24.450000762939453,23.459999084472656,24.3799991607666,8.71893310546875,74118200,9.809097756942482,0.0367628503561721,0.0316693270837193,0.0479780052165457,0.0300129196816043,0.0739443004712299,0.1512980129978939,1,1,1
2021-05-10,0,24.799999237060547,24.979999542236328,24.57999992370605,24.700000762939453,8.8333740234375,73804500,10.541109571781714,0.013040170595144,0.0447094976788635,0.0618514179246406,0.0300085977769962,0.073936021179087,0.1512755912557195,1,1,1
2021-05-11,0,24.440000534057617,25.170000076293945,24.31999969482422,25.14999961853028,8.994304656982422,73729900,10.5999274579068,0.0180545103925456,0.0708405983644192,0.0924846451025303,0.0300052036918678,0.0739350570495226,0.1512588496597672,1,1,1
2021-05-12,0,24.950000762939453,25.530000686645508,24.690000534057617,24.780000686645508,8.861983299255371,89980700,11.054599912341756,-0.0148209728918553,0.0793368380031978,0.0797757886002216,0.0300011652969641,0.073937168891724,0.1512394902272797,-1,1,1
2021-05-13,1,24.76000022888184,25.100000381469727,24.43000030517578,24.989999771118164,8.93708610534668,77282100,11.590772577884248,0.0084390088154747,0.0475306407357909,0.0781178632978919,0.029996262117424,0.0739295151715559,0.1512198231553995,1,1,1
2021-05-14,0,25.799999237060547,26.3799991607666,25.549999237060547,26.299999237060547,9.405574798583984,196135500,14.22817254274741,0.0510929801058332,0.1125685473733145,0.1258677657777734,0.0300064067562052,0.0739469910573388,0.1512117886969795,1,1,1
2021-05-17,0,26.299999237060547,26.65999984741211,26.200000762939453,26.65999984741211,9.534320831298828,83512600,14.992750291368552,0.0135954303336076,0.0894011273507502,0.123734354320424,0.0300021773473025,0.0739531566843383,0.1512031118591663,1,1,1
2021-05-18,0,26.700000762939453,26.799999237060547,26.270000457763672,26.350000381469727,9.423457145690918,63510600,15.453178043185332,-0.0116959856317962,0.0646649711238098,0.132068631415597,0.0299976597415401,0.0739501228431727,0.1511969642109244,-1,1,1
2021-05-19,0,25.850000381469727,26.350000381469727,25.799999237060547,26.14999961853028,9.35193157196045,84700500,15.746314105123664,-0.0076191146629381,0.0389913460683258,0.1305313437611993,0.0299926797139071,0.0739406686811784,0.151190325882401,-1,1,1
2021-05-20,0,26.14999961853028,26.280000686645508,25.71999931335449,25.93000030517578,9.273253440856934,71371100,16.157541146602405,-0.0084486247033474,0.0453636942568338,0.065747686262449,0.0299877806707667,0.0739325135750763,0.1511685409704984,-1,1,1
2021-05-21,0,26.07999992370605,26.309999465942383,25.940000534057617,25.950000762939453,9.280406951904297,82884500,16.401546089337202,0.0007711159146388,0.0376958013559977,0.0856463948689437,0.0299824688866068,0.0739228249708362,0.1511503572687001,0,1,1
2021-05-24,0,26.280000686645508,26.520000457763672,25.989999771118164,26.38999938964844,9.437761306762695,63029600,16.28827574611306,0.016813403913122,0.0034162251632869,0.1070882574273748,0.0299788320805241,0.0739097333258518,0.1511370931978744,1,0,1
2021-05-25,0,26.479999542236328,26.6200008392334,25.780000686645508,25.84000015258789,9.24106788635254,63672000,16.139948542421262,-0.0210613512339032,-0.031240556404224,0.0868706789528352,0.0299761362875528,0.0738989400334274,0.1511191670366349,-1,-1,1
2021-05-26,0,25.90999984741211,26.18000030517578,25.64999961853028,26.09000015258789,9.330474853515623,46646900,15.421309715812026,0.0096284578116976,-0.0099161129607301,0.0927073609011822,0.029971379357428,0.0738860604575432,0.1511024907886261,1,-1,1
2021-05-27,0,26.07999992370605,26.25,25.770000457763672,25.90999984741211,9.266100883483888,48877800,14.949511963306673,-0.0069232344780683,-0.0092202327758603,0.1147965189967574,0.0299663550199624,0.0738731561725228,0.1510912564230845,-1,-1,1
2021-05-28,0,26.200000762939453,27.020000457763672,26.14999961853028,26.989999771118164,9.652336120605469,129526400,13.769800552109468,0.0408372966645209,0.0400656885920082,0.119915475849485,0.0299709098615369,0.0738639424037377,0.1510814418991434,1,1,1
2021-05-31,0,26.959999084472656,27.200000762939453,26.780000686645508,26.8700008392334,9.609423637390137,46298900,13.072670219058272,-0.0044557252038578,0.0348388474735115,0.128916692824538,0.0299657249162261,0.0738537887756234,0.1510742734532752,-1,1,1
2021-06-01,0,27.39999961853028,27.700000762939453,27.01000022888184,27.290000915527344,9.759625434875488,90744900,13.642444091680408,0.0155097762283118,0.0335352197887011,0.1444264690528498,0.0299618484485408,0.073843424340028,0.1510721100321109,1,1,1
2021-06-02,0,27.350000381469727,28.06999969482422,27.26000022888184,27.8700008392334,9.967049598693848,103985100,14.127221309453557,0.0210305901497525,0.0756271611723569,0.1735336494956124,0.0299591636346473,0.0738441015491125,0.1510808637468116,1,1,1
2021-06-04,0,28.059999465942383,28.6200008392334,27.920000076293945,28.5,10.192354202270508,102757300,14.8921465002856,0.0223532389318803,0.0883519422925395,0.2192041009581267,0.0299568169949584,0.0738497733222709,0.1511107461802895,1,1,1
2021-06-07,0,28.5,28.549999237060547,28.01000022888184,28.290000915527344,10.117254257202148,74548900,14.862438730491528,-0.0073955426084414,0.0878796341621665,0.1715633522668035,0.0299518484517396,0.0738552279290573,0.1511186187295992,-1,1,1
2021-06-08,0,28.170000076293945,28.799999237060547,27.959999084472656,28.65999984741211,10.24957275390625,88398600,15.479919654956614,0.0129937135824221,0.0600360510800674,0.1985019923809161,0.0299475546416816,0.0738508020568986,0.1511382032999134,1,1,1
2021-06-09,0,28.71999931335449,29.07999992370605,28.520000457763672,28.65999984741211,10.24957275390625,60724200,15.547384152055638,0.0,0.0644917762839255,0.1617391420247441,0.0299422686910069,0.0738477010773565,0.1511421515939813,0,1,1
2021-06-10,0,28.82999992370605,29.030000686645508,28.56999969482422,28.68000030517578,10.256725311279297,35871000,15.41380629771505,0.0006975961863395,0.0496795962419531,0.1493965676159394,0.0299369883534721,0.0738405499565544,0.1511415578752649,0,1,1
2021-06-11,0,28.799999237060547,28.850000381469727,28.26000022888184,28.56999969482422,10.217385292053224,54894400,15.62804803285174,-0.0038429085787913,0.024806097513409,0.1274991486446023,0.0299317952788658,0.0738289709332167,0.1511338181590905,-1,1,1
2021-06-14,0,28.89999961853028,29.350000381469727,28.61000061035156,28.75,10.28175926208496,64286600,14.458817010032732,0.0062806700517605,0.0087335286332893,0.1486007915882183,0.0299267496232099,0.0738161111022339,0.1511329146449535,1,1,1
2021-06-15,0,28.959999084472656,29.059999465942383,28.6299991607666,29.030000686645508,10.3818941116333,42597100,14.453524667053244,0.009691958297544,0.0258210295392748,0.1498537410702874,0.0299220270355288,0.0738046663152663,0.1511324323591313,1,1,1
2021-06-16,0,29.07999992370605,29.290000915527344,28.770000457763672,29.13999938964844,10.421234130859377,77432900,14.297383556930397,0.0037821298472477,0.0166094458041005,0.102542890811702,0.029916838624918,0.0737922946042297,0.15111792447358,1,1,1
2021-06-17,0,29.01000022888184,29.200000762939453,27.90999984741211,28.1299991607666,10.060029983520508,95264600,14.142492405320256,-0.0352753228376575,-0.018665877033557,0.0536721376404368,0.0299188975059612,0.073780112544872,0.1510944721442182,-1,-1,1
2021-06-18,0,28.0,28.420000076293945,27.63999938964844,28.31999969482422,10.127979278564451,115250700,14.380440674261887,0.0067316743080138,-0.0126317989118828,0.0720997975802467,0.0299138962613705,0.0737674835933917,0.151073743338161,1,-1,1
2021-06-21,0,28.39999961853028,29.0,28.39999961853028,28.950000762939453,10.353285789489746,50709600,13.925610250570042,0.0220021174683572,0.0132132271352657,0.1017210297115421,0.0299114780404829,0.0737548910329923,0.1510590500510893,1,1,1
2021-06-22,0,29.0,29.270000457763672,28.670000076293945,29.100000381469727,10.40692901611328,41602700,12.986873754049595,0.005167898936891,0.0121004560203963,0.1153375533517807,0.0299063716386777,0.0737422378946825,0.151047816826961,1,1,1
2021-06-23,0,29.25,29.520000457763672,29.0,29.299999237060547,10.478453636169434,57278500,12.942809299179364,0.0068492783554874,0.0092577760783397,0.1214157157926292,0.0299013864182424,0.0737294470098483,0.1510382633785843,1,1,1
2021-06-24,0,29.489999771118164,29.64999961853028,29.21999931335449,29.64999961853028,10.603623390197754,51447000,13.29522498130842,0.0118746577665115,0.0173503039976036,0.1164769696460188,0.0298969559844986,0.0737171746919078,0.1510273301710331,1,1,1
2021-06-25,0,29.690000534057617,29.790000915527344,28.950000762939453,29.100000381469727,10.40692901611328,84950900,13.936539224725454,-0.0187239361219991,0.0339016907132621,0.118814384757923,0.0298937656940397,0.0737069287419763,0.1510170353506338,-1,1,1
2021-06-28,0,29.18000030517578,29.270000457763672,28.670000076293945,29.049999237060547,10.38904857635498,40341200,13.45660104218364,-0.0017196060233186,0.0254504103819296,0.1074663209229067,0.0298885309525505,0.073695492374293,0.1510037373190363,0,1,1
2021-06-29,0,29.09000015258789,29.18000030517578,28.739999771118164,29.18000030517578,10.435539245605469,43215200,13.47393421378781,0.0044649859949038,0.0079132789084763,0.1188545413958786,0.0298833979093037,0.0736826719817471,0.1509934455253473,1,1,1
2021-06-30,0,29.030000686645508,29.56999969482422,28.920000076293945,29.43000030517578,10.524946212768556,71367600,13.363200159430567,0.0085310533083622,0.0112764332799472,0.08654829803972,0.0298785772951309,0.0736700108427338,0.1509754138362416,1,1,1
2021-07-01,0,29.739999771118164,29.8799991607666,28.920000076293945,29.059999465942383,10.392622947692873,65084000,12.803695934867228,-0.0126520466298179,-0.0082248917053579,0.0783519766137599,0.0298742755169474,0.0736572230051374,0.1509558138846193,-1,-1,1
2021-07-02,0,29.299999237060547,29.3799991607666,28.729999542236328,29.18000030517578,10.435539245605469,37336700,11.260679784038365,0.0041209933214556,-0.0159785561504139,0.0669631937069037,0.0298691331318065,0.0736448928921557,0.150934297215691,1,-1,1
2021-07-05,0,29.01000022888184,29.15999984741211,28.3700008392334,28.850000381469727,10.317523956298828,56028600,11.365975404396009,-0.0113734112700663,-0.0086280312984812,0.0345591922870848,0.0298646553556081,0.0736321345411361,0.1509089811657543,-1,-1,1
2021-07-06,0,28.700000762939453,28.799999237060547,27.670000076293945,27.670000076293945,9.895523071289062,97839700,12.427988258000976,-0.0417613647119794,-0.048669789987142,-0.0295554113567749,0.0298696577502841,0.0736248696724498,0.15088338770709,-1,-1,-1
2021-07-07,0,28.14999961853028,28.14999961853028,27.40999984741211,28.049999237060547,10.031420707702637,73793500,12.705910698596911,0.0136397979365973,-0.0394949780454484,-0.0085200708117361,0.0298655148452824,0.0736156739611483,0.1508568427513159,1,-1,0
2021-07-08,0,27.39999961853028,27.68000030517578,27.270000457763672,27.489999771118164,9.83115005493164,80574200,13.195253835154716,-0.0201663160620925,-0.0681923474159032,-0.0416801004562508,0.0298626669597342,0.0736138533609088,0.1508323019759511,-1,-1,-1
2021-07-12,0,27.57999992370605,27.780000686645508,27.280000686645508,27.729999542236328,9.91697883605957,53001200,12.483963765631604,0.0086924003808853,-0.0468479004051998,-0.0329877000753653,0.029857880495568,0.0736061731243554,0.1508070030396722,1,-1,-1
2021-07-13,0,27.559999465942383,27.96999931335449,27.3799991607666,27.89999961853028,9.977777481079102,41594300,12.475852078913348,0.0061120461414078,-0.0448568475852476,-0.0275732501202969,0.029852872199697,0.073598058759859,0.1507813266897499,1,-1,-1
2021-07-14,0,28.100000381469727,28.200000762939453,27.540000915527344,27.670000076293945,9.895523071289062,51654600,12.595255644789203,-0.0082779283967981,-0.0417613647119794,-0.0320082699383037,0.0298480485637462,0.0735893073557412,0.1507559777180286,-1,-1,-1
2021-07-15,0,27.489999771118164,27.6299991607666,26.920000076293945,27.07999992370605,9.684523582458496,67982600,12.411193609567242,-0.021553335469613,-0.021553335469613,-0.0598422754596773,0.0298455469690339,0.0735775135547266,0.1507336626432997,-1,-1,-1
2021-07-16,0,27.229999542236328,27.3799991607666,26.57999992370605,26.68000030517578,9.541473388671877,69024100,12.375870097956286,-0.014881187577502,-0.0500743209837124,-0.0844154213347235,0.0298416219437972,0.0735705849007866,0.1507155272698271,-1,-1,-1
2021-07-19,0,25.96999931335449,26.450000762939453,25.86000061035156,26.239999771118164,9.384116172790527,80087700,13.094020696359816,-0.0166294256378906,-0.0465374305595105,-0.1048269768198618,0.0298380205154274,0.0735628438091681,0.1507019309538867,-1,-1,-1
2021-07-20,0,26.190000534057617,26.940000534057617,25.90999984741211,26.59000015258789,9.509285926818848,63408800,13.143420800941945,0.0132502960244469,-0.0419795349159488,-0.0563013579577571,0.0298338373997578,0.0735541451039467,0.1506791542568306,1,-1,-1
2021-07-21,0,26.790000915527344,27.239999771118164,26.59000015258789,26.959999084472656,9.641608238220217,51116600,12.200245037728296,0.0138191372201929,-0.0342724438371637,-0.0492138950455779,0.0298297461843393,0.0735440533219125,0.150655507611899,1,-1,-1
2021-07-22,0,27.0,27.21999931335449,26.709999084472656,26.89999961853028,9.62015151977539,37736500,11.451737024082394,-0.002227909348843,-0.0282224247892087,-0.0734439218627783,0.0298245648651669,0.0735330685486201,0.1506353633560087,0,-1,-1
2021-07-23,0,27.100000381469727,27.170000076293945,26.68000030517578,26.739999771118164,9.562931060791016,34025500,10.525576758591544,-0.0059657386606641,-0.0126348279802597,-0.0845775594603335,0.0298195647926608,0.073520581298622,0.1506172889593136,-1,-1,-1
2021-07-26,0,26.739999771118164,27.46999931335449,26.71999931335449,27.46999931335449,9.82399845123291,46802600,10.39496661281162,0.0269339373640855,0.0291802969613277,-0.0644929004517354,0.0298186104934253,0.0735097653967258,0.1505957099241084,1,1,-1
2021-07-27,0,27.350000381469727,27.39999961853028,26.89999961853028,27.14999961853028,9.70955753326416,51901800,10.571416600716598,-0.0117175006383592,0.034092221960859,-0.0880850588566063,0.029814209882582,0.0734996948962285,0.1505783560579915,-1,1,-1
2021-07-28,0,27.43000030517578,27.89999961853028,27.200000762939453,27.709999084472656,9.90982723236084,46727100,10.475989981392168,0.0204162014079684,0.0412581273443803,-0.0489449213266388,0.0298114505744792,0.073490913954739,0.1505547249285221,1,1,-1
2021-07-29,0,27.799999237060547,27.920000076293945,27.5,27.809999465942383,9.94559097290039,43916600,10.036272954788377,0.0036024201400961,0.0310414102642836,-0.0436228951632241,0.0298063289786998,0.0734803771607638,0.1505305269894248,1,1,-1
2021-07-30,0,27.600000381469727,27.82999992370605,26.82999992370605,26.90999984741211,9.623726844787598,74150400,10.145430222502894,-0.0328977391047059,0.0003715805084205,-0.0809856202628337,0.029807458512302,0.0734675481926468,0.1505117901317482,-1,0,-1
2021-08-02,0,27.200000762939453,27.40999984741211,26.3700008392334,26.40999984741211,9.44491481781006,70528800,9.975947110869068,-0.0187551134057809,-0.0124177942366961,-0.108271786976977,0.02980431715104,0.073455088586182,0.1504990920456495,-1,-1,-1
2021-08-03,0,26.36000061035156,26.8700008392334,25.790000915527344,26.850000381469727,9.602270126342772,71850400,10.14848750524889,0.0165230598602329,-0.0228286717405485,-0.079096680486926,0.029800725382714,0.0734435037932374,0.1504800096889396,1,-1,-1
2021-08-04,1,26.549999237060547,26.770000457763672,25.950000762939453,26.280000686645508,9.39842128753662,87970600,10.81110828757694,-0.0214578149761636,-0.032568986078353,-0.1046754887845453,0.0297982219210394,0.0734332023970497,0.1504664188368176,-1,-1,-1
2021-08-05,0,28.75,28.979999542236328,28.059999465942383,28.350000381469727,10.138711929321287,223915900,14.59546460192145,0.0758192343909842,0.0228340469046627,-0.0174828431234948,0.0298266060050904,0.0734216451274308,0.1504403978709963,1,1,-1
2021-08-06,0,28.5,28.540000915527344,28.020000457763672,28.38999938964844,10.15301513671875,51106100,14.979413896343608,0.0014097577519924,0.0206413845165591,0.0256882793404768,0.0298214280631984,0.0734098662779348,0.1504147928081253,0,1,1
2021-08-09,0,27.950000762939453,28.209999084472656,27.670000076293945,28.190000534057617,10.08148956298828,75381900,15.57503543391409,-0.0070696933479804,0.0464694302732845,0.0049787880558992,0.0298165329431305,0.0734022133233789,0.1503884665268472,-1,1,0
2021-08-10,0,28.299999237060547,28.780000686645508,28.239999771118164,28.280000686645508,10.11367416381836,84380900,16.26844971922498,0.0031873599553944,0.0684119036344599,0.0283324640733861,0.0298114080199733,0.0734005452497403,0.1503630537485788,1,1,1
2021-08-11,0,28.15999984741211,28.989999771118164,27.96999931335449,28.670000076293945,10.253149032592772,97863500,17.34064757858794,0.0136964953060879,0.0655853390803148,0.0333365589985885,0.0298073197405945,0.073397972214541,0.1503380116467386,1,1,1
2021-08-12,0,28.65999984741211,29.190000534057617,28.5,29.100000381469727,10.40692901611328,95319300,18.44231781908348,0.0148869547564818,0.1019301088129603,0.0421114676136624,0.0298034311813238,0.0734098237224094,0.1503137498336366,1,1,1
2021-08-13,0,29.059999465942383,29.61000061035156,29.020000457763672,29.350000381469727,10.49633502960205,85201800,18.800880388666197,0.008554315583709,0.0346651900056852,0.0589437115941697,0.0297986799204724,0.0733998925892289,0.150291473210624,1,1,1
2021-08-16,0,29.200000762939453,29.239999771118164,28.239999771118164,28.63999938964844,10.242420196533203,101262100,19.537101218660816,-0.0244882124299281,0.0087672198237645,0.0560088346338547,0.0297970031786507,0.0733873063700386,0.150268814708503,-1,1,1
2021-08-17,0,26.84000015258789,27.6299991607666,26.450000762939453,27.030000686645508,10.242385864257812,93623700,20.0708732680665,-3.3519746576384114e-06,0.0158335611970875,0.0708866702366991,0.0297918314350954,0.0733751366469838,0.1502483555850908,0,1,1
2021-08-18,0,27.030000686645508,27.309999465942383,26.64999961853028,26.790000915527344,10.151444435119627,86103100,20.16470112496732,-0.008918582787143,0.00372761845455,0.0785975130874467,0.0297871261200185,0.0733624154268787,0.1502292405326838,-1,0,1
2021-08-19,0,26.26000022888184,26.8700008392334,26.1299991607666,26.63999938964844,10.0946044921875,80808200,17.278611207579306,-0.0056149318290247,-0.0155838086805626,0.0597322852339747,0.029782143395092,0.0733502482413691,0.1502071078471162,-1,-1,1
2021-08-20,0,26.39999961853028,26.6299991607666,26.170000076293945,26.600000381469727,10.079448699951172,88445600,18.01795012533431,-0.001502503730231,-0.0319732671672754,0.0444106442835509,0.0297769927630727,0.0733399362832125,0.1501831389435896,0,-1,1
2021-08-23,0,26.940000534057617,27.309999465942383,26.770000457763672,27.020000457763672,10.238597869873049,70161500,17.93539211376622,0.015666114783452,-0.0248614679675325,0.0623046684158457,0.0297732597583662,0.0733286703262499,0.1501613892207262,1,-1,1
2021-08-24,0,27.290000915527344,27.6299991607666,27.239999771118164,27.57999992370605,10.450796127319336,49831400,17.275381430564742,0.0205134764755802,0.0201402209379757,0.0887838835520903,0.0297705478205024,0.0733168996881274,0.1501442787340662,1,1,1
2021-08-25,0,27.6299991607666,27.82999992370605,27.3799991607666,27.729999542236328,10.507633209228516,46031200,16.244101939542727,0.0054238054131774,0.0255673783258108,0.067273751601182,0.0297655617006403,0.0733057205246002,0.150123288767362,1,1,1
2021-08-26,0,27.57999992370605,27.8799991607666,27.46999931335449,27.489999771118164,10.416692733764648,41061300,15.124467014497233,-0.0086923754020072,0.0257935857109464,0.070298876837534,0.0297608488314781,0.0732945737735881,0.1501027877734008,-1,1,1
2021-08-27,0,27.700000762939453,28.489999771118164,27.670000076293945,28.489999771118164,10.795618057250977,76465300,14.98791727342552,0.0357307264049792,0.0671392439449504,0.0856134018345449,0.0297631149549412,0.0732925070770463,0.1500850535350651,1,1,1
2021-08-30,0,28.39999961853028,28.709999084472656,28.26000022888184,28.299999237060547,10.72362232208252,61054000,14.229039231044917,-0.0066913146119817,0.0619504330631996,0.075319667082467,0.0297582272821364,0.0732888529681603,0.150065410209225,-1,1,1
2021-08-31,0,28.200000762939453,28.229999542236328,26.989999771118164,27.190000534057617,10.303014755249023,110574300,14.586838138652723,-0.0400124546523445,0.0062718636274031,0.0682049515348284,0.0297623919809431,0.0732762445252486,0.150044595390505,-1,0,1
2021-09-01,0,27.31999969482422,27.34000015258789,26.32999992370605,27.040000915527344,10.246176719665527,69430400,14.264049303402464,-0.0055319140511797,-0.0197735268993569,0.0814281508894294,0.0297574241444457,0.0732644864425639,0.1500260705521988,-1,-1,1
2021-09-02,0,27.0,27.350000381469727,26.459999084472656,26.600000381469727,10.079448699951172,56052000,13.766489105122792,-0.0164060643596752,-0.0416033966722095,0.0484990266695212,0.0297538448133328,0.0732559095581677,0.1500026243079553,-1,-1,1
2021-09-03,0,26.64999961853028,26.780000686645508,26.100000381469727,26.32999992370605,9.97713851928711,58182700,13.149412039769237,-0.0102022409857908,-0.0431132622559931,0.059754600659894,0.0297493080891381,0.0732476374834728,0.1499805891631708,-1,-1,1
2021-09-06,0,26.209999084472656,26.709999084472656,26.14999961853028,26.459999084472656,10.026397705078123,26770700,12.25661083290019,0.0049250577306429,-0.0739189309303294,-0.0111395760004473,0.0297443105711165,0.0732478901779995,0.1499546519483503,1,-1,0
2021-09-08,0,26.290000915527344,26.350000381469727,24.790000915527344,24.96999931335449,9.461797714233398,80378400,12.73232988532147,-0.0579589872004021,-0.1251866035187497,-0.0705083209528419,0.0297586628572245,0.0732722337271611,0.1499344201599749,-1,-1,-1
2021-09-09,0,25.07999992370605,25.8799991607666,24.13999938964844,25.5,9.662630081176758,156617100,14.775431150247073,0.0210034780723476,-0.0641706707940575,-0.0424351495325137,0.0297560894997934,0.0732692784061377,0.1499104878176616,1,-1,-1
2021-09-10,0,26.020000457763672,26.13999938964844,25.32999992370605,25.34000015258789,9.60200023651123,78379900,15.420079192154343,-0.0062944415589679,-0.0649331983018456,-0.0519169510468762,0.0297511838075663,0.0732665503621864,0.1498876142668085,-1,-1,-1
2021-09-13,0,25.799999237060547,26.38999938964844,25.63999938964844,26.229999542236328,9.939245223999023,63317900,15.030850690924847,0.0345196498459147,-0.0140074840962557,-0.0310937965070493,0.0297529645989255,0.0732543505308383,0.1498627255761326,1,-1,-1
2021-09-14,0,25.950000762939453,26.25,25.71999931335449,25.8799991607666,9.806621551513672,65497300,15.00622046446242,-0.0134332585489956,-0.0172385016594604,-0.0594140098125268,0.0297488791392861,0.0732423939980552,0.1498408485487783,-1,-1,-1
2021-09-15,0,26.0,26.459999084472656,25.8700008392334,26.32999992370605,9.97713851928711,67274100,14.077496356695908,0.0172385016594606,-0.0049250577306429,-0.0507298237367754,0.0297454744866913,0.0732298033393481,0.1498178639999697,1,0,-1
2021-09-16,0,26.07999992370605,26.239999771118164,25.51000022888184,26.100000381469727,9.889986991882324,65567700,13.95262203269716,-0.0087734973426729,0.0442604321270863,-0.0350151086495202,0.0297407945104365,0.0732217915122183,0.1497933142278424,-1,1,-1
2021-09-17,0,25.96999931335449,26.020000457763672,24.770000457763672,24.93000030517578,9.446640968322754,131694100,15.30012017732006,-0.0458636051242206,-0.0226066510694819,-0.0808753617990831,0.0297478454602339,0.073210356740752,0.1497749730460057,-1,-1,-1
2021-09-20,0,24.07999992370605,24.64999961853028,23.790000915527344,24.64999961853028,9.340540885925291,80260600,15.63581835112837,-0.0112950639670585,-0.0276072734775724,-0.0832518429789985,0.029743458549823,0.0731995175070873,0.1497570906228451,-1,-1,-1
2021-09-21,0,25.07999992370605,25.290000915527344,24.530000686645508,25.209999084472656,9.552741050720217,64570200,16.327151743391646,0.0224639730651793,-0.0396629502583076,-0.0551729380847943,0.0297412649746586,0.073190589316472,0.1497346919805659,1,-1,-1
2021-09-22,0,25.530000686645508,26.21999931335449,25.520000457763672,25.850000381469727,9.79525375366211,70231800,16.183122544854193,0.0250698231815308,-0.0011598685277811,-0.0286006111730326,0.0297397876612863,0.0731779762912031,0.1497097072060168,1,0,-1
2021-09-23,0,25.950000762939453,26.950000762939453,25.90999984741211,26.84000015258789,10.170391082763672,84480600,14.885154025976068,0.0375827063608039,0.0191843361735622,-0.0066840195956805,0.0297428424927767,0.0731662400638882,0.1496838243496354,1,1,0
2021-09-24,0,26.549999237060547,27.059999465942383,26.46999931335449,26.89999961853028,10.193126678466797,44821500,14.298343747149463,0.0022329742254433,0.0301908077416785,-0.0249645218458174,0.0297377568140191,0.0731557919611053,0.1496586372775691,0,1,-1
2021-09-27,0,27.13999938964844,27.459999084472656,26.5,27.13999938964844,10.28406810760498,89178700,14.869389277581794,0.0088822739626107,0.0849366868285097,-0.0215060532963841,0.0297331005222368,0.0731601920923429,0.1496332746082018,1,1,-1
2021-09-28,0,27.190000534057617,27.88999938964844,26.71999931335449,26.959999084472656,10.215861320495604,117874300,15.984305681913616,-0.0066543681562375,0.0895773826393308,-0.0194680460506143,0.0297282477076247,0.0731664823395462,0.1496078268728885,-1,1,-1
2021-09-29,0,27.209999084472656,27.530000686645508,26.81999969482422,27.38999938964844,10.378799438476562,58731700,15.86199892763438,0.0158236661134414,0.0829370756875928,-0.039375106342152,0.0297245865595561,0.0731700620808936,0.1495837596635688,1,1,-1
2021-09-30,0,27.530000686645508,27.57999992370605,27.170000076293945,27.229999542236328,10.318171501159668,65744000,15.921316720332504,-0.0058586457804253,0.0520086067256365,-0.0385424375105956,0.0297196812542892,0.073163824998177,0.1495596284527756,-1,1,-1
2021-10-01,0,27.1200008392334,28.0,27.06999969482422,28.0,10.609947204589844,60983200,14.736637553388205,0.0278854123738065,0.042311312738639,0.0293554295155554,0.0297190667427166,0.0731554406233191,0.149534747250898,1,1,1
2021-10-04,0,27.76000022888184,28.809999465942383,27.71999931335449,28.790000915527344,10.909297943115234,106937000,15.563935327460149,0.0278234713137054,0.0679018098269013,0.0627108148804408,0.0297184296593532,0.0731536752357179,0.1495134063536758,1,1,1
2021-10-05,0,29.0,29.46999931335449,28.89999961853028,29.420000076293945,11.148019790649414,100469100,16.562432923337866,0.0216464369602052,0.0806659728244957,0.1007633162003213,0.0297160287087313,0.0731563508642934,0.1494992351345542,1,1,1
2021-10-06,0,28.950000762939453,29.170000076293945,28.46999931335449,28.63999938964844,10.852458000183104,84599400,17.019156207694618,-0.0268702867577192,0.0604500542230139,0.0840952704283927,0.0297151089278163,0.0731523292628852,0.1494815180368959,-1,1,1
2021-10-07,0,28.700000762939453,28.979999542236328,28.25,28.600000381469727,10.837300300598145,60551100,16.616370750898177,-0.0013976828918358,0.0432287052177367,0.0777725298059139,0.0297100267398708,0.0731441255180654,0.1494626288291716,0,1,1
2021-10-08,0,29.0,29.61000061035156,28.709999084472656,29.1200008392334,11.034343719482422,84170500,17.552733009895068,0.0180186500728669,0.0671060010710289,0.1537501670791833,0.0297068023832204,0.0731420871733188,0.1494639856004062,1,1,1
2021-10-11,0,29.5,29.850000381469727,29.14999961853028,29.31999969482422,11.110130310058594,76466700,17.41866685033309,0.006844767354928,0.0460653560521505,0.1395914563617635,0.0297019810491662,0.0731344755565147,0.1494605441117869,1,1,1
2021-10-13,0,29.170000076293945,29.700000762939453,29.07999992370605,29.6299991607666,11.227596282958984,55605400,16.268049145633462,0.0105173689185668,0.0287592536570118,0.1564032668392982,0.0296975281584707,0.0731238439709242,0.149462811270594,1,1,1
2021-10-14,0,29.86000061035156,30.21999931335449,29.5,29.68000030517578,11.246542930603027,76172700,16.758389506673474,0.0016860847886177,0.0087989014854244,0.1235697017820015,0.0296924599371896,0.0731114778952533,0.1494544974189443,0,1,1
2021-10-15,0,29.799999237060547,29.84000015258789,29.51000022888184,29.600000381469727,11.216228485107422,72479900,17.0254574797189,-0.0026990849292929,0.0329701033138509,0.1343038754017041,0.0296874218197782,0.0731014617313607,0.1494493537387276,0,1,1
2021-10-18,0,29.39999961853028,29.63999938964844,28.989999771118164,29.450000762939453,11.159388542175291,68971300,17.268824959729127,-0.0050805361143575,0.0292872500913292,0.1119848376278861,0.0296824940112025,0.0730909156866541,0.149437895947009,-1,1,1
2021-10-19,0,29.239999771118164,29.31999969482422,27.86000061035156,28.01000022888184,10.613736152648926,111484000,17.301871153280622,-0.0501321396553912,-0.038863539636929,0.0706261953151677,0.0296919107702388,0.0730819745049261,0.1494177958104374,-1,-1,1
2021-10-20,0,28.270000457763672,28.799999237060547,27.950000762939453,28.5,10.799409866333008,56063300,16.280808862945467,0.0173424649619645,-0.0283658420298925,0.1338322654013529,0.0296885623696824,0.0730713723185286,0.1494124904788625,1,-1,1
2021-10-21,0,27.86000061035156,28.18000030517578,26.920000076293945,27.450000762939453,10.401535034179688,101567700,16.555328332100753,-0.0375380959350863,-0.0764213068835457,0.107589233433325,0.0296916071278906,0.0730726125423345,0.1493999225136862,-1,-1,1
2021-10-22,0,27.100000381469727,27.76000022888184,25.770000457763672,27.18000030517578,10.299227714538574,138384700,18.081313541730943,-0.0098844814424565,-0.0879918731146201,0.0752407789256891,0.0296870979496941,0.0730783049685476,0.1493806007820553,-1,-1,1
2021-10-25,0,27.76000022888184,29.309999465942383,27.64999961853028,29.040000915527344,11.004029273986816,135830600,19.204241201082205,0.0661925901094356,-0.0191001980758915,0.1163635458535938,0.0297072099791755,0.0730666700390028,0.1493702803167935,1,-1,1
2021-10-26,0,28.799999237060547,29.229999542236328,28.600000381469727,28.76000022888184,10.897930145263672,57865600,18.76980789630062,-0.0096886270901003,-0.0237082890516343,0.0690922124026895,0.0297026810156434,0.073055505161762,0.1493499575367606,-1,-1,1
2021-10-27,0,28.82999992370605,29.059999465942383,28.46999931335449,28.690000534057617,10.871404647827148,57579200,18.77308549685545,-0.0024369610570152,0.0239868895467415,0.0644222771202309,0.0296976467409707,0.0730443475643422,0.1493289340850928,0,1,1
2021-10-28,1,28.530000686645508,29.25,28.25,28.959999084472656,10.973715782165527,89578000,19.02374507006347,0.0093670238843283,0.0160114484691054,0.0649070270419485,0.0296930812813784,0.0730324539549852,0.1493079900713379,1,1,1
2021-10-29,0,29.1299991607666,29.190000534057617,26.96999931335449,27.14999961853028,10.28785800933838,157340000,20.622543439393016,-0.0645385732807662,-0.0109890288765745,0.0070228219174198,0.0297119468450205,0.0730202670309004,0.1492823854822355,-1,-1,0
2021-11-01,0,27.709999084472656,28.31999969482422,27.3700008392334,28.0,10.609947204589844,102157200,21.24600770395617,0.0308276107894027,0.0297230633552847,0.022026766593381,0.0297123299053407,0.0730098430672014,0.14925726410363,1,1,1
2021-11-03,0,27.709999084472656,27.850000381469727,26.799999237060547,26.850000381469727,10.17418098449707,83475800,20.58333664808825,-0.0419387414439755,-0.0784082681981263,-0.014053329070169,0.029717359160862,0.0730118040535189,0.1492319002161018,-1,-1,0
2021-11-04,0,27.020000457763672,27.239999771118164,25.850000381469727,26.0,9.852092742919922,92603400,21.19227963611313,-0.0321693413373532,-0.1008889824453793,-0.0741080827813289,0.0297182283387928,0.0730231834902854,0.1492127607443479,-1,-1,-1
2021-11-05,0,26.290000915527344,26.540000915527344,25.780000686645508,25.850000381469727,9.79525375366211,86264000,20.77264397759657,-0.0057859363181142,-0.1042379577064782,-0.1077174904131487,0.0297133582185949,0.0730361425246375,0.1492007187601919,-1,-1,-1
2021-11-08,0,25.809999465942383,26.65999984741211,25.71999931335449,26.1200008392334,9.897563934326172,59704100,19.117115759924808,0.010390702111912,-0.1032142794788945,-0.1189732252614418,0.0297089189280071,0.0730485772591539,0.1491916281523989,1,-1,-1
2021-11-09,0,26.200000762939453,26.950000762939453,26.200000762939453,26.63999938964844,10.0946044921875,73021700,17.613922482946297,0.0197124127913514,-0.0189632934067767,-0.0723905257123708,0.029706089298899,0.0730369638922298,0.1491722069041028,1,-1,-1
2021-11-10,0,26.600000381469727,26.93000030517578,26.15999984741211,26.43000030517578,10.015031814575195,68176300,17.717446368123426,-0.0079139266073879,-0.0577048308035674,-0.0789067694279229,0.029701393793511,0.0730322867449999,0.1491539360737977,-1,-1,-1
2021-11-11,0,26.8799991607666,26.8799991607666,26.239999771118164,26.450000762939453,10.02260971069336,60848900,17.685495804680873,0.0007563661092426,-0.0150097232503491,-0.0961690533915472,0.0296963453972226,0.0730203688610028,0.1491391702081831,0,-1,-1
2021-11-12,0,26.309999465942383,27.15999984741211,26.0,26.989999771118164,10.227228164672852,85962500,17.479439534288417,0.0202100796901643,0.0373696977771683,-0.0828037410563111,0.0296936344948943,0.0730111912463875,0.1491216378899895,1,1,-1
2021-11-16,0,27.26000022888184,27.559999465942383,26.6299991607666,27.270000457763672,10.333329200744627,60978200,15.517832554485064,0.0103209242843935,0.0534765583796762,-0.0830001856904843,0.0296891965006094,0.0730054276998348,0.1491041477270696,1,1,-1
2021-11-17,0,27.38999938964844,27.440000534057617,26.489999771118164,26.57999992370605,10.071870803833008,82106800,15.008049600536197,-0.0256280464896653,0.0174578097780988,-0.1103143169687674,0.0296879122320737,0.0729937112858177,0.1490927615236043,-1,1,-1
2021-11-18,0,26.690000534057617,26.75,26.049999237060547,26.540000915527344,10.05671501159668,63993000,14.599810908583631,-0.0015058976561394,-0.0037605006693922,-0.109121129695614,0.0296828826722752,0.0729813254599607,0.1490810705595174,0,0,-1
2021-11-19,0,26.100000381469727,26.280000686645508,25.780000686645508,26.100000381469727,9.889986991882324,85893800,14.475102721898129,-0.0167177413893024,-0.0125643154513068,-0.120758334970559,0.0296794408962843,0.0729692816652733,0.1490724604188557,-1,-1,-1
2021-11-22,0,26.299999237060547,27.1299991607666,26.290000915527344,26.36000061035156,9.988506317138672,59195200,13.971683837022734,0.0099122333237142,-0.0034084482368351,-0.0607139619914533,0.0296749656664647,0.0729569024225417,0.1490512777145177,1,0,-1
2021-11-23,0,26.61000061035156,28.049999237060547,26.5,27.799999237060547,10.534159660339355,108382300,15.06459685904512,0.0531882139365834,0.0295696860095839,-0.0248682130168345,0.029686099437418,0.0729465364345486,0.1490265443024731,1,1,-1
2021-11-24,0,27.780000686645508,28.440000534057617,27.51000022888184,28.3700008392334,10.750149726867676,64263300,14.97275522973008,0.0202964049431833,0.0395451666683737,0.032966287861435,0.0296834135770588,0.0729377788571737,0.149002291996129,1,1,1
2021-11-25,0,29.049999237060547,29.790000915527344,28.559999465942383,29.6200008392334,11.223807334899902,104052200,15.935268110463298,0.0431174946374847,0.1082907077955238,0.0859682639413763,0.0296889848364425,0.0729526669538031,0.1489852108949777,1,1,1
2021-11-26,0,28.38999938964844,29.15999984741211,28.06999969482422,28.46999931335449,10.788040161132812,108871800,17.055677553947326,-0.0395990491645132,0.0701975562871499,-0.0198233753325725,0.0296929182113099,0.072951720356117,0.1489602515852126,-1,1,-1
2021-11-29,0,29.36000061035156,29.81999969482422,28.809999465942383,29.46999931335449,11.166967391967772,84672200,17.187380007992004,0.0345219523939053,0.1214372500703579,0.0243872041514333,0.0296946761129329,0.0729735763497318,0.1489354806354803,1,1,1
2021-11-30,0,29.299999237060547,29.63999938964844,28.86000061035156,29.43000030517578,11.151811599731444,129384600,18.800116627877586,-0.001358120403587,0.1101668963430566,0.0254660448048615,0.0296896571705608,0.0729893299000582,0.1489107822521615,0,1,1
2021-12-01,0,29.84000015258789,30.670000076293945,29.479999542236328,29.600000381469727,11.216228485107422,135078600,20.165492432068625,0.0057597414181456,0.0627384238246187,0.0218587623386789,0.0296848166060684,0.0729860417378682,0.1488859053182511,1,1,1
2021-12-02,0,26.989999771118164,28.489999771118164,26.200000762939453,28.36000061035156,12.072033882141112,191410300,23.473555575893123,0.0735298266945114,0.1159718455759469,0.1599271623139566,0.0297105683423845,0.0730047901672227,0.1488895911615911,1,1,1
2021-12-03,0,28.479999542236328,28.940000534057617,28.21999931335449,28.76000022888184,12.242305755615234,105133000,24.341831464955305,0.0140061099365325,0.0868604608749948,0.1431056614610863,0.0297066479763406,0.0730098304340183,0.1488874461902872,1,1,1
2021-12-06,0,28.780000686645508,29.270000457763672,28.68000030517578,28.88999938964844,12.297639846801758,66142300,24.78258031162973,0.0045097235228823,0.1309692335623905,0.1895541264279445,0.029701735155676,0.0730370855598415,0.1489028882826688,1,1,1
2021-12-07,0,29.280000686645508,29.56999969482422,28.799999237060547,29.36000061035156,12.497706413269045,98989300,24.97192384799494,0.0161377789412382,0.1125850601097234,0.237861246706536,0.0296981823682983,0.0730539348732953,0.1489418108921989,1,1,1
2021-12-08,0,29.36000061035156,30.06999969482422,29.21999931335449,29.350000381469727,12.493449211120604,71167700,25.365382612868764,-0.0003406967051548,0.1136024838081556,0.2433064863194954,0.029693162941548,0.0730712805435629,0.1489836358788456,0,1,1
2021-12-09,0,29.100000381469727,29.489999771118164,28.790000915527344,29.290000915527344,12.467907905578612,67668200,24.7221233804632,-0.0020464684140823,0.1057962739759275,0.230869315793501,0.0296881706434112,0.0730846392619071,0.1490186679790354,0,1,1
2021-12-10,0,29.5,30.100000381469727,29.479999542236328,29.64999961853028,12.621149063110352,38517500,23.356202138100397,0.0122159285130418,0.0444823757944577,0.2233728315151912,0.0296839942404161,0.0730767650518996,0.1490497583476507,1,1,1
2021-12-13,0,29.670000076293945,30.049999237060547,29.290000915527344,29.46999931335449,12.54452896118164,45448700,22.61131268634385,-0.0060892727472618,0.0243869931106635,0.2251974853753172,0.0296791975369787,0.0730657304409111,0.1490817117359185,-1,1,1
2021-12-14,0,29.61000061035156,29.850000381469727,29.01000022888184,29.1200008392334,12.39554500579834,56833800,21.146161559037367,-0.0119474968497504,0.0079297727380304,0.212493622416324,0.0296750089633048,0.0730535042280444,0.1491072927893795,-1,1,1
2021-12-15,0,29.100000381469727,29.299999237060547,28.59000015258789,29.299999237060547,12.47216510772705,55085100,19.503111183720986,0.0061622356089597,-0.0020457705942479,0.1984457783351196,0.0296702119536783,0.0730411691323409,0.1491262793290275,1,0,1
2021-12-16,0,29.6200008392334,29.979999542236328,29.5,29.690000534057617,12.638178825378418,56545700,16.336079906627752,0.0132229281277138,0.0115178542386207,0.20134778217844,0.0296661895117131,0.0730291092665471,0.1491465332241949,1,1,1
2021-12-17,0,29.31999969482422,29.63999938964844,28.780000686645508,28.989999771118164,12.3402099609375,93593700,16.07395041843754,-0.0238592650722809,-0.0102949424195777,0.2031165635958245,0.0296644423840455,0.0730170393757175,0.1491675485514757,-1,-1,1
2021-12-20,0,28.440000534057617,28.549999237060547,27.68000030517578,28.15999984741211,11.986900329589844,106282500,16.98790750685107,-0.0290486186800769,-0.0515594896126964,0.175573842571887,0.0296642579655416,0.0730109627036066,0.1491767371359655,-1,-1,1
2021-12-21,0,28.549999237060547,28.71999931335449,28.1200008392334,28.200000762939453,12.003925323486328,40454500,15.496683890716287,0.0014192922745214,-0.0440509245909132,0.1937108762357109,0.0296592690252414,0.0730032110125809,0.1491934519879021,0,-1,1
2021-12-22,0,28.39999961853028,28.39999961853028,27.96999931335449,28.15999984741211,11.986900329589844,33734500,14.534798186510155,-0.0014192922745213,-0.033522720015684,0.1823793506374752,0.0296542845115932,0.0729935529398015,0.1492053202322766,0,-1,1
2021-12-23,0,28.32999992370605,28.420000076293945,28.14999961853028,28.32999992370605,12.05926513671875,28713600,13.547795694422527,0.0060188411903067,-0.0336661144343371,0.1352099778911984,0.0296494918042679,0.0729839208415918,0.1492003022243928,1,-1,1
2021-12-27,0,28.31999969482422,28.780000686645508,28.14999961853028,28.75,12.238046646118164,44227900,13.657183954809245,0.014716421107852,-0.0321726214541989,0.1296299940558672,0.0296457192274877,0.0729740622940754,0.1491936156001632,1,-1,1
2021-12-28,0,29.01000022888184,29.280000686645508,28.700000762939453,28.780000686645508,12.25081729888916,30688100,13.271883913301892,0.0010429764285787,-0.0072703799533394,0.0875554758469611,0.029640735046525,0.0729618947762005,0.1491767026596458,0,0,1
2021-12-29,0,28.700000762939453,28.89999961853028,28.420000076293945,28.540000915527344,12.14865493774414,35508400,12.72996942460789,-0.0083741940959148,0.0134040446308226,0.1187803309155597,0.0296361522249297,0.0729499898767115,0.1491669882713137,-1,1,1
2021-12-30,0,28.549999237060547,28.700000762939453,28.38999938964844,28.450000762939453,12.110345840454102,43229100,12.4055209077093,-0.0031583435348521,0.0088264088214491,0.081100034986802,0.0296312264739823,0.0729378639640406,0.149148869047866,-1,1,1
2022-01-03,0,28.540000915527344,29.21999931335449,28.530000686645508,29.09000015258789,12.38277530670166,52704700,12.282488447689571,0.0222463033533518,0.0324920044493222,0.1047044587437409,0.0296290360734812,0.0729279590472839,0.149135637686725,1,1,1
2022-01-04,0,29.15999984741211,29.39999961853028,28.90999984741211,29.200000762939453,12.42959976196289,51739200,11.266808658331296,0.0037742868804063,0.0302474501394217,0.1027190042060015,0.0296241338253368,0.0729177369660642,0.1491219468407729,1,1,1
2022-01-05,0,29.190000534057617,29.270000457763672,27.940000534057617,28.06999969482422,11.948590278625488,78459800,10.59907800494246,-0.039467402541976,-0.0239363735104063,-0.010278225030486,0.0296280193707941,0.0729068319735146,0.1490968792939632,-1,-1,0
2022-01-06,0,28.290000915527344,28.64999961853028,27.84000015258789,28.049999237060547,11.94007682800293,61163100,11.08458532499247,-0.0007127606529891,-0.0256921105919741,-0.0249970956200077,0.0296230461620219,0.0728961360419545,0.1490724747767597,0,-1,-1
2022-01-07,0,28.11000061035156,28.290000915527344,27.81999969482422,28.18000030517578,11.995415687561035,47507600,11.41298293618696,0.0046240083110208,-0.0126939081850385,-0.0248828108318694,0.0296181902796976,0.0728842702854474,0.149048075282077,1,-1,-1
2022-01-10,0,27.989999771118164,28.239999771118164,27.71999931335449,28.01000022888184,11.923049926757812,37455200,11.612034557239824,-0.0060510555131461,-0.0155866201633325,-0.0470716452862539,0.0296134302078622,0.0728726041502051,0.1490255897863436,-1,-1,-1
2022-01-11,0,28.100000381469727,29.06999969482422,27.850000381469727,28.84000015258789,12.276357650756836,73623800,12.331465627211628,0.0292017752297762,-0.008631148286908,-0.0175291733513228,0.0296132726542386,0.0728605429334557,0.149000829731021,1,-1,-1
2022-01-12,0,28.950000762939453,29.90999984741211,28.950000762939453,29.71999931335449,12.650945663452148,81378200,13.62829224281549,0.0300566979060473,0.0176512627387327,0.0145739929688066,0.0296133981848189,0.0728489883945568,0.1489758435198349,1,1,0
2022-01-13,0,29.530000686645508,30.6299991607666,29.5,30.31999969482422,12.906350135803224,76717500,14.737024402484366,0.0199874804539499,0.0771061457346587,0.0223455449097147,0.0296106766362353,0.0728503193089263,0.1489511632677436,1,1,1
2022-01-14,0,30.280000686645508,31.600000381469727,30.239999771118164,31.450000762939453,13.387358665466309,96458800,16.260557299992517,0.0365914296792325,0.1144103360668806,0.0650262473362092,0.0296132555735696,0.0728680276378116,0.1489305454998475,1,1,1
2022-01-17,0,31.39999961853028,31.809999465942383,31.25,31.5,13.408639907836914,35675900,15.91476995363669,0.0015883899073018,0.1113747176631617,0.0785621340932617,0.0296083057599419,0.0728841281443852,0.1489120813249555,0,1,1
2022-01-18,0,31.559999465942383,31.979999542236328,30.96999931335449,31.63999938964844,13.468235969543455,78198800,16.728519528734513,0.0044347534774184,0.1218605266537264,0.0768346519617203,0.0296034523099007,0.0729057986327691,0.1488933260574596,1,1,1
2022-01-19,0,31.89999961853028,32.209999084472656,31.440000534057617,31.489999771118164,13.404385566711426,77480200,16.929109282184264,-0.0047520873915064,0.0879066640324436,0.0588596364424999,0.0295986278568994,0.0729111301510881,0.148871891515366,-1,1,1
2022-01-20,0,31.5,32.0,31.11000061035156,31.71999931335449,13.502288818359377,85353100,17.76680441147491,0.0072772786644833,0.0651272447908798,0.0899961801792643,0.0295939644852965,0.0729084902056589,0.1488555789885733,1,1,1
2022-01-21,0,31.56999969482422,31.8799991607666,31.530000686645508,31.770000457763672,13.523573875427246,61345400,18.282187386261047,0.001575162407207,0.0467149267441371,0.1206199612665483,0.0295890242670811,0.0729011613680182,0.1488464359166059,0,1,1
2022-01-24,0,31.690000534057617,32.25,31.040000915527344,31.950000762939453,13.600196838378906,79117100,19.531135864923623,0.0056498904658334,0.0157733875307379,0.1248505594578604,0.0295842483845814,0.0728894745958776,0.1488384438540981,1,1,1
2022-01-25,0,31.700000762939453,33.22999954223633,31.57999992370605,32.9900016784668,14.042893409729004,98358500,20.478433042930085,0.0320321946319663,0.0462171922554023,0.158302046364348,0.0295850626667711,0.0728820458701763,0.1488410066501499,1,1,1
2022-01-26,0,33.29999923706055,34.27000045776367,33.29999923706055,33.869998931884766,14.417484283447266,98679900,21.258653346756752,0.026325195724893,0.0681076345028769,0.1786084008989343,0.0295839984768693,0.072880304771483,0.1488511894338964,1,1,1
2022-01-27,0,34.25,34.63999938964844,33.16999816894531,33.880001068115234,14.421740531921388,90631000,21.887492744785146,0.0002951707982634,0.0731548926926466,0.1641871505893458,0.0295790543869776,0.0728801801317457,0.1488558231609036,0,1,1
2022-01-28,0,33.79999923706055,34.349998474121094,32.220001220703125,32.540000915527344,13.85134220123291,117400500,22.55187439892173,-0.0403546894284001,0.0255229245997631,0.1227894847323669,0.0295833618648589,0.0728694027174389,0.1488472149665072,-1,1,1
2022-01-31,0,32.5,33.0,32.06999969482422,32.349998474121094,13.770463943481444,62450300,23.309076470012943,-0.0058561332641451,0.0180916289284108,0.1253075455641366,0.0295786216801066,0.0728579088677487,0.1488392940512476,-1,1,1
2022-02-01,0,32.349998474121094,33.31999969482422,31.950000762939453,33.0,14.047149658203123,57315200,22.81681198590684,0.019893499386261,0.0323352378488385,0.1483593884852497,0.0295758930604836,0.0728480246083908,0.1488383724913825,1,1,1
2022-02-02,0,33.40999984741211,33.4900016784668,32.36000061035156,32.52000045776367,13.842828750610352,36271700,21.752313092674207,-0.0146521850965157,-0.0143491418796435,0.1114609000353823,0.0295721863939165,0.0728363642829489,0.1488268055182978,-1,-1,1
2022-02-03,0,32.349998474121094,32.91999816894531,31.6200008392334,32.06999969482422,13.651274681091309,51087800,20.849378434561626,-0.0139344182986451,-0.0546087559031817,0.0937521948563308,0.0295683643236821,0.072831203307647,0.1488112287451421,-1,-1,1
2022-02-04,0,32.40999984741211,33.22999954223633,31.8799991607666,32.630001068115234,13.889650344848633,59346800,20.838856405638545,0.0173110827911984,-0.0375928439102466,0.1505306801895053,0.0295651027479167,0.0728223913388935,0.1488109995544189,1,-1,1
2022-02-07,0,32.54999923706055,32.779998779296875,32.130001068115234,32.150001525878906,13.68532943725586,48868100,20.030802166238608,-0.0148195682172762,-0.0120577226991228,0.1364238726252184,0.0295614294081036,0.0728105991110442,0.1488062654020213,-1,-1,1
2022-02-08,0,31.89999961853028,31.950000762939453,31.26000022888184,31.82999992370605,13.549112319946287,62590000,18.97279686555984,-0.0100033813384178,-0.0162049707733954,0.1217964829757797,0.0295570777704635,0.0727990935572308,0.148797343252891,-1,-1,1
2022-02-09,0,31.739999771118164,32.689998626708984,31.64999961853028,31.950000762939453,13.600196838378906,50960500,17.524995472577082,0.003763232310818,-0.0323352378488385,0.1316107707997438,0.0295522284961199,0.0727894352331275,0.1487911637572116,1,-1,1
2022-02-10,0,32.29999923706055,32.900001525878906,31.940000534057617,32.439998626708984,13.808771133422852,49534600,16.288712726536904,0.0152197135927625,-0.00246333915956,0.1176287091627302,0.0295485941405701,0.0727773123971202,0.1487811287957499,1,0,1
2022-02-11,0,32.77000045776367,33.90999984741211,32.630001068115234,33.7599983215332,14.370659828186035,88013400,15.571712630288127,0.0398846364588882,0.0513557155979733,0.1274566477155713,0.029552587567735,0.0727710698851606,0.1487737461923501,1,1,1
2022-02-14,0,33.86000061035156,33.939998626708984,32.81999969482422,33.0,14.047149658203123,55687000,15.417484093380072,-0.0227691122028123,0.0112755206039623,0.084700055058809,0.0295506179979295,0.0727591952567599,0.1487563929842715,-1,1,1
2022-02-15,0,32.65999984741211,32.68000030517578,31.88999938964844,32.47999954223633,13.825798988342283,65689000,15.622036902906402,-0.0158831651493893,0.0102119236718492,0.0322254602301869,0.0295471407725375,0.0727472772460854,0.1487324493720337,-1,1,1
2022-02-16,0,32.83000183105469,33.70000076293945,32.77000045776367,32.93000030517578,14.017353057861328,65811600,16.456222682705636,0.0137597274502222,0.0339750324604892,0.0443967977731072,0.0295432750167599,0.0727376987153052,0.1487094941004478,1,1,1
2022-02-17,0,32.849998474121094,33.290000915527344,32.54999923706055,32.79999923706055,13.962016105651855,43255200,16.270726557155825,-0.0039555591148813,0.0262562410347899,0.0360064851808073,0.029538455207245,0.0727270826280203,0.1486858406595922,-1,1,1
2022-02-18,0,32.56999969482422,33.09000015258789,32.27000045776367,33.0,14.047149658203123,60304700,16.315973324637774,0.0060789968140486,0.0171155242560758,0.0468375693863625,0.0295337453664269,0.0727155916332556,0.1486631426365457,1,1,1
2022-02-21,0,33.04999923706055,34.0,33.0,33.849998474121094,14.408967971801758,51263800,16.454638168244887,0.0254312846608178,0.0026621724580055,0.0649915753826969,0.0295324438295823,0.0727034965328897,0.1486426286808939,1,0,1
2022-02-22,0,34.220001220703125,34.68000030517578,33.209999084472656,33.7400016784668,14.362147331237791,80206700,17.05765768907378,-0.0032547005148756,0.0221765841459423,0.0601617124606142,0.0295276017137126,0.0726924562246457,0.1486214722989524,-1,1,1
2022-02-23,1,34.18000030517578,34.599998474121094,33.79999923706055,34.220001220703125,14.56646728515625,86530100,18.1834573048547,0.0141260377796203,0.0521857870749518,0.068637859774401,0.0295238013521059,0.0726864322111268,0.1486015001846743,1,1,1
2022-02-24,0,34.79999923706055,35.290000915527344,32.68000030517578,33.38999938964844,14.213162422180176,139674100,20.765373549928828,-0.0245536594105977,0.0138724002141319,0.0120520057318368,0.0295223229020097,0.0726747418507998,0.1485767534384966,-1,1,0
2022-02-25,0,33.45000076293945,34.0,32.900001525878906,34.0,14.472818374633787,86189100,20.73082472716178,0.0181038289105373,0.0359317882395506,0.0038306389174813,0.0295192420664622,0.0726654984182572,0.1485519236032809,1,1,0
2022-03-02,0,35.2599983215332,35.290000915527344,34.38999938964844,34.66999816894531,14.758018493652344,58071800,20.879209805508506,0.0195142664408443,0.0493670578663464,0.0230497345600621,0.0295164579459322,0.072658834131591,0.148527566944008,1,1,1
2022-03-03,0,34.81999969482422,34.93000030517578,34.15999984741211,34.2400016784668,14.574980735778809,69237400,21.07948285206648,-0.0124801512574253,0.011455621948103,0.0509242727310368,0.0295124554225221,0.0726470263925912,0.1485053656572755,-1,1,1
2022-03-04,0,34.08000183105469,34.68000030517578,33.81999969482422,34.22999954223633,14.570723533630373,55418000,20.851245207602,-0.0002921323938073,0.0144181900691712,0.0564882736013746,0.0295075633347698,0.0726353896222896,0.1484838108136331,0,1,1
2022-03-07,0,34.5,34.599998474121094,31.6299991607666,31.799999237060547,13.53634262084961,110954100,22.633076565292605,-0.0736361637439086,-0.0733440114543576,-0.0370413895287951,0.0295332072303828,0.0726358713977737,0.1484608140313474,-1,-1,-1
2022-03-08,0,32.0,32.970001220703125,31.51000022888184,32.459999084472656,13.81728744506836,111633500,24.012857406129815,0.0205424072156158,-0.0282479448281439,-0.0018467972166634,0.029530658191238,0.072625732922806,0.1484360680643635,1,-1,0
2022-03-09,0,32.599998474121094,32.81999969482422,31.739999771118164,32.560001373291016,13.859857559204102,87779300,24.96123463914534,0.0030761950121055,-0.0432755787265757,0.0151638160940872,0.0295258164918848,0.0726181015976837,0.1484114817168467,1,-1,1
2022-03-10,0,32.599998474121094,34.599998474121094,32.52000045776367,33.70000076293945,14.345120429992676,136437700,26.55910900840792,0.0344131280620038,-0.0283767171054161,0.0322658613648925,0.0295275257264084,0.0726079871211494,0.1483877107018355,1,-1,1
2022-03-11,0,33.90999984741211,34.380001068115234,32.06999969482422,32.4900016784668,13.83005714416504,92153700,26.586993942152752,-0.036565567089984,-0.0524621329379747,0.0105198624921848,0.0295301785825326,0.0726023962638892,0.1483630439417027,-1,-1,0
2022-03-14,0,32.43000030517578,32.88999938964844,31.520000457763672,31.8700008392334,13.566140174865724,52274100,24.05497352290764,-0.0192672822893216,-0.071437282833489,0.0012559615412811,0.0295273945706081,0.0726022269841887,0.148338325702184,-1,-1,0
2022-03-15,0,31.13999938964844,31.540000915527344,30.46999931335449,31.100000381469727,13.238373756408691,66272000,23.3206670777411,-0.0244572803788755,-0.0222583994684558,-0.0269645511484124,0.0295258873121276,0.0725913941405335,0.1483146130706058,-1,-1,-1
2022-03-16,0,31.5,31.540000915527344,30.3700008392334,30.82999992370605,13.123442649841309,72034900,23.495919242001644,-0.0087195687116583,-0.0515203753957301,-0.0509038334528335,0.0295214395643987,0.0725855750830509,0.1482931551863869,-1,-1,-1
2022-03-17,0,31.25,31.39999961853028,29.5,30.01000022888184,12.774392127990724,178319300,26.01352200929265,-0.0269575941658927,-0.0815541645737285,-0.1177460640776146,0.0295206539429067,0.0725889530693482,0.1482847752929613,-1,-1,-1
2022-03-18,0,30.09000015258789,30.81999969482422,29.86000061035156,30.61000061035156,13.029794692993164,93097100,26.81824994857577,0.0197960825055423,-0.09617121013019,-0.0751808693692598,0.0295179513449524,0.0725982784355121,0.1482669143222142,1,-1,-1
2022-03-21,0,30.90999984741211,32.09000015258789,30.63999938964844,31.76000022888184,13.519315719604492,67700800,25.654195425297,0.0368808223516156,-0.0227248206885903,-0.0224168818682548,0.0295206493606299,0.0725875008839381,0.1482429596236611,1,-1,-1
2022-03-22,0,31.989999771118164,32.099998474121094,31.350000381469727,31.6200008392334,13.459722518920898,56128600,24.09258939299853,-0.0044177481107794,-0.0078752865100482,-0.0405943574292564,0.0295158883577243,0.0725756556969732,0.1482204119052506,-1,-1,-1
2022-03-23,0,31.93000030517578,32.470001220703125,31.690000534057617,32.04999923706055,13.642759323120115,52956100,23.11208476159562,0.0135072196046899,0.030089213473517,-0.0231315787096852,0.0295120214702556,0.0725656428355423,0.1481965206419369,1,1,-1
2022-03-24,0,32.04999923706055,32.599998474121094,31.670000076293945,32.41999816894531,13.800257682800291,49402800,20.58127282384336,0.0114783362829287,0.0502871184681042,-0.0177322392408049,0.0295078748465479,0.0725592798003833,0.1481723609165959,1,1,-1
2022-03-25,0,32.150001525878906,32.54999923706055,31.920000076293945,32.29999923706055,13.749177932739258,51780100,19.465013352526796,-0.0037082290401031,0.0735364835938941,-0.046871752941726,0.0295030879994369,0.0725594099816622,0.1481504987905999,-1,1,-1
2022-03-28,0,32.060001373291016,32.08000183105469,30.979999542236328,31.600000381469727,13.45120620727539,68610500,19.889121523176943,-0.0219102527503303,0.0318301483380212,-0.0655273051771808,0.0295009302676244,0.0725496440391177,0.1481311077776362,-1,1,-1
2022-03-29,0,32.130001068115234,32.7599983215332,31.920000076293945,32.29999923706055,13.749177932739258,93809000,20.707555507310097,0.0219102527503304,0.0168595787367361,-0.0577430902064706,0.0294987252498663,0.072538264380233,0.1481106022903796,1,1,-1
2022-03-30,0,32.5,32.9900016784668,32.380001068115234,32.9900016784668,14.042893409729004,69648400,20.77247885631475,0.0211374250640359,0.0424147519115516,-0.0120520057318368,0.0294963348438869,0.0725302652638435,0.1480862631571584,1,1,0
2022-03-31,0,32.56999969482422,33.56999969482422,32.5,33.45000076293945,14.23870086669922,94269500,18.915915241929977,0.0138472098714344,0.0427547421782961,-0.0163086247709398,0.0294925289429161,0.0725223328214131,0.1480620962676053,1,1,-1
2022-04-01,0,33.54999923706055,33.790000915527344,32.90999984741211,33.0099983215332,14.051403045654297,72545400,18.531620787636168,-0.0132414188562334,0.0180349870391339,-0.0490643100680173,0.0294886672777406,0.0725110565756064,0.1480405313554864,-1,1,-1
2022-04-04,0,32.900001525878906,32.900001525878906,32.25,32.70000076293945,13.91944694519043,56053000,18.263662917256475,-0.0094353285266334,0.0123078875526036,-0.0460194873372255,0.029484320552452,0.0724994072321179,0.1480186337293443,-1,1,-1
2022-04-05,0,32.65999984741211,33.060001373291016,32.38999938964844,32.38999938964844,13.787489891052246,45847200,18.01888944584513,-0.0095252717852363,0.0246928685176977,-0.0552526267286544,0.0294799853385817,0.0724887687491167,0.1479978458230156,-1,1,-1
2022-04-06,0,32.599998474121094,32.779998779296875,32.040000915527344,32.36000061035156,13.7747220993042,56947100,18.141840430514552,-0.000926470826491,0.0018561449408761,0.017457066188763,0.0294751405812618,0.0724768249590337,0.1479735727504482,0,0,1
2022-04-07,0,32.63999938964844,34.060001373291016,32.5,34.040000915527344,14.48984718322754,118469400,20.195216183987743,0.0506130293595816,0.0313317492364219,0.0475276883327289,0.0294845227129169,0.0724670221493959,0.1479513252825379,1,1,1
2022-04-08,0,34.06999969482422,34.40999984741211,33.849998474121094,34.209999084472656,14.562211990356444,60772700,20.53859458171801,0.0049817437282199,0.0224662830932073,0.0494332370488433,0.0294798062824904,0.072456166254046,0.1479292833982747,1,1,1
2022-04-11,0,33.900001525878906,34.099998474121094,33.779998779296875,33.95000076293945,14.451537132263184,48125400,20.08735808192773,-0.0076291688079984,0.0280785331414423,0.007390940178841,0.029475295285459,0.0724459424026645,0.1479048235273044,-1,1,0
2022-04-12,0,34.400001525878906,34.68000030517578,33.79999923706055,33.849998474121094,14.408967971801758,68522800,19.487211174132355,-0.0029499962789534,0.0345638653891225,0.0410065109898717,0.0294705042453745,0.0724366253181821,0.1478819996097087,-1,1,1
2022-04-13,0,34.369998931884766,34.79999923706055,34.099998474121094,34.56999969482422,14.715453147888184,101438800,20.50841611573945,0.0210473876176624,0.0651365247920212,0.0813211808968557,0.0294681041140324,0.0724341364929685,0.1478644649388348,1,1,1
2022-04-14,0,31.600000381469727,32.06999969482422,31.15999984741211,31.270000457763672,14.561893463134766,119382100,21.294488972484945,-0.0104900963164788,0.0555728993020334,0.0952883649592525,0.0294638926778106,0.0724290535462144,0.1478496104079917,-1,1,1
2022-04-18,0,31.15999984741211,31.38999938964844,30.46999931335449,30.71999931335449,14.30576992034912,76350600,21.439120599338708,-0.0177451330395313,-0.0127852630970796,0.0862628006313795,0.0294608338019934,0.0724175586667373,0.1478329803287159,-1,-1,1
2022-04-19,0,31.15999984741211,32.0,31.1200008392334,31.64999961853028,14.738852500915527,88494100,22.479020990447104,0.0298240875846797,0.0120570807593801,0.143044482381952,0.029460913910412,0.0724059459004956,0.1478305607183529,1,1,1
2022-04-20,0,31.64999961853028,31.950000762939453,31.32999992370605,31.799999237060547,14.80870246887207,34694700,22.24421496744597,0.0047279782131194,0.0244142277804978,0.127976378089529,0.0294561986393861,0.0723953201329409,0.1478236589344718,1,1,1
2022-04-22,0,31.049999237060547,31.299999237060547,30.31999969482422,30.559999465942383,14.231256484985352,74560900,22.79318982545553,-0.0397743061005015,-0.0124100820410502,0.0513212496374119,0.0294602283875186,0.0723838200449044,0.147801878110621,-1,-1,1
2022-04-25,0,29.96999931335449,30.440000534057617,29.540000915527344,30.11000061035156,14.021702766418455,66413900,21.23481662870821,-0.0148343796154875,-0.0482918492742001,0.0409046181327038,0.0294566415599766,0.0723773854190129,0.1477790992337816,-1,-1,1
2022-04-26,0,30.11000061035156,30.57999992370605,29.88999938964844,30.059999465942383,13.998416900634766,48764100,20.833272420905438,-0.0016620822052879,-0.0394638351630092,0.025735316322726,0.0294518312291449,0.0723691653880507,0.147755297639,0,-1,1
2022-04-27,0,30.3700008392334,30.559999465942383,29.950000762939453,30.059999465942383,13.998416900634766,41881300,20.61656326282711,0.0,-0.021718702123478,0.0142569800397971,0.0294470058935862,0.0723584291658826,0.1477310675016779,0,-1,0
2022-04-28,0,30.450000762939453,30.6200008392334,30.25,30.26000022888184,14.091554641723633,43298500,19.868101173453223,0.0066314116597804,-0.0449113780483772,0.0245966207396807,0.0294424195025783,0.0723512739555001,0.1477072323647364,1,-1,1
2022-04-29,0,30.75,31.59000015258789,30.280000686645508,30.280000686645508,14.100868225097656,76243900,19.03944905559081,0.0006607153813517,-0.0489786408801449,0.0471675888713628,0.029437600489157,0.0723449976142675,0.147685073409439,0,-1,1
2022-05-02,0,30.170000076293945,30.32999992370605,29.32999992370605,29.979999542236328,13.961164474487305,72456200,17.597176961459745,-0.0099568628031745,-0.019161197582818,0.0153004733178578,0.0294333455254857,0.0723340277515567,0.1476609059991831,-1,-1,1
2022-05-03,0,30.1200008392334,30.38999938964844,29.81999969482422,30.25,14.08689785003662,52531000,16.89821097361638,0.0089656259547003,0.0046388079873701,0.0031286742085224,0.0294289656185268,0.0723222084413235,0.147636577735278,1,0,0
2022-05-04,0,30.600000381469727,32.16999816894531,30.39999961853028,32.06999969482422,14.934439659118652,109417000,17.55258034872661,0.0584247974367335,0.0647256876293916,0.0477062617738214,0.0294430425768246,0.0723196533265696,0.1476145050741791,1,1,1
2022-05-05,1,31.809999465942383,32.5,31.020000457763672,32.0099983215332,14.90649700164795,99439900,19.4743698172598,-0.0018727740322132,0.0628529135971784,0.0590749065978416,0.029438250329658,0.0723165586097938,0.14759372311629,0,1,1
2022-05-06,0,32.689998626708984,33.119998931884766,31.89999961853028,33.060001373291016,15.395464897155762,129570200,21.327069528914823,0.0322758205595457,0.0884973224969437,0.1007860556840209,0.0294391748717203,0.0723221621268009,0.1475801149186129,1,1,1
2022-05-09,0,32.70000076293945,33.040000915527344,32.060001373291016,32.15999984741211,14.976351737976074,92314500,22.22256289559236,-0.0276005726153613,0.0602360345002306,0.082710754853896,0.0294386340151317,0.0723183348783505,0.1475629282338335,-1,1,1
2022-05-10,0,32.36000061035156,32.849998474121094,32.20000076293945,32.439998626708984,15.10673999786377,60330600,22.676518839553776,0.0086685954707616,0.078861492774167,0.0923058211511487,0.0294342294566015,0.0723203006733508,0.1475475545199744,1,1,1
2022-05-11,0,32.779998779296875,33.90999984741211,32.689998626708984,33.56999969482422,15.632964134216309,108895400,24.89112334399452,0.0342407686496114,0.104136635469078,0.0759335604411782,0.0294358749608218,0.0723326231743154,0.1475292232492682,1,1,1
2022-05-12,0,33.2599983215332,34.08000183105469,33.2599983215332,33.83000183105469,15.75404453277588,114415900,27.257095160099432,0.0077153576800158,0.05342719571236,0.0786671743929741,0.0294313873735991,0.0723270516979251,0.1475113503424661,1,1,1
2022-05-13,0,34.099998474121094,34.439998626708984,33.900001525878906,34.27000045776367,15.958943367004396,67000100,27.24547853878351,0.0129222567180338,0.0682222264626071,0.0992185999190065,0.0294274890910701,0.0723254901132288,0.1474974156568913,1,1,1
2022-05-16,0,34.25,34.880001068115234,34.0099983215332,34.61000061035156,16.11727523803711,92075300,28.18290242974312,0.009872308137779,0.0458187140408406,0.112040904335739,0.0294232120009798,0.0723182384811181,0.1474864106915004,1,1,1
2022-05-17,0,35.0,35.13999938964844,34.13999938964844,34.15999984741211,15.907716751098633,90914700,29.584278868666672,-0.0130873711435528,0.0603319155126491,0.0779061455745237,0.0294193848436162,0.0723144099146134,0.1474684213476173,-1,1,1
2022-05-18,0,34.18000030517578,34.560001373291016,33.43000030517578,33.599998474121094,15.646931648254396,80986200,28.856261805170423,-0.0165294848000112,0.0351338352418761,0.0718667570909914,0.0294161295435445,0.0723052486081737,0.1474494727751443,-1,1,1
2022-05-19,0,33.52000045776367,34.290000915527344,33.33000183105469,34.16999816894531,15.912371635437012,63983100,27.93521266410024,0.0168220600006227,0.0177151265928874,0.1064339501311454,0.0294128759533059,0.0722940830639078,0.147437146943243,1,1,1
2022-05-20,0,34.59000015258789,34.83000183105469,34.25,34.83000183105469,16.219724655151367,79589900,26.53855730033167,0.0191311759552269,0.0291309448680986,0.0957410385016926,0.0294100790566559,0.072284083069456,0.1474224911196215,1,1,1
2022-05-23,0,35.18000030517578,36.310001373291016,35.150001525878906,36.20000076293945,16.857709884643555,93807400,26.93311447846064,0.038580039164088,0.0547887273141528,0.1295930994526615,0.0294134625810362,0.0722788397304924,0.1474160790256171,1,1,1
2022-05-24,0,31.200000762939453,32.09000015258789,30.709999084472656,31.600000381469727,16.398693084716797,154453100,30.15045336023388,-0.0276064703708037,0.0173099488055699,0.1417609351823591,0.0294129423073183,0.072267656892073,0.1474132421097302,-1,1,1
2022-05-25,0,31.700000762939453,32.279998779296875,31.26000022888184,32.04999923706055,16.632219314575195,69991900,29.08245084259398,0.0141400950723466,0.0445374150214693,0.1707354098701934,0.0294092361548262,0.0722601623850427,0.1474202435841897,1,1,1
2022-05-26,0,32.02000045776367,32.560001373291016,31.950000762939453,32.130001068115234,16.67373275756836,78303600,28.096472400783316,0.0024928555953855,0.0635597554168662,0.1748903476708669,0.0294044806815073,0.0722572241955175,0.1474287841251958,0,1,1
2022-05-27,0,32.150001525878906,32.150001525878906,30.56999969482422,30.600000381469727,15.879749298095703,118295600,29.702241890086874,-0.0487899239453798,-0.0020522285291363,0.1261004237254871,0.0294129488999958,0.0722454717103976,0.1474213577428855,-1,0,1
2022-05-30,0,30.84000015258789,30.8700008392334,29.1200008392334,29.989999771118164,15.563191413879396,98110100,29.78737320790724,-0.0201360669816902,-0.0413194714660534,0.0993329450840164,0.0294104400569896,0.0722377350399811,0.1474074297516298,-1,-1,1
2022-05-31,0,30.40999984741211,30.6200008392334,29.809999465942383,30.059999465942383,15.599517822265623,83598000,29.505297180234844,0.0023314035095681,-0.0775681071205734,0.1010036332122329,0.0294056855363743,0.0722398661732561,0.1473938615328486,0,-1,1
2022-06-01,0,29.89999961853028,30.32999992370605,29.850000381469727,30.020000457763672,15.578761100769045,46353200,28.42375634548177,-0.0013314862320895,-0.0512931229818591,0.109629009783318,0.0294009188445033,0.0722342506630631,0.1473822431569786,0,-1,1
2022-06-02,0,29.96999931335449,30.049999237060547,29.549999237060547,29.76000022888184,15.44383430480957,50738300,27.958389953593628,-0.0086986691464602,-0.0741318872006661,0.0919647146821572,0.029396574216502,0.0722351787236937,0.147366811085519,-1,-1,1
2022-06-03,0,29.709999084472656,30.440000534057617,29.530000686645508,30.280000686645508,15.713685989379885,60396900,27.28003436056561,0.0173222021265107,-0.0593025406695409,0.0508621193719343,0.0293934308733636,0.0722315843981549,0.1473451950572661,1,-1,1
2022-06-06,0,30.5,30.530000686645508,29.90999984741211,30.299999237060547,15.724063873291016,39213900,25.365668039004625,0.0006602180075502,-0.009852398716611,0.0533951114116978,0.0293886602936083,0.0722200971583121,0.1473238611335112,0,-1,1
2022-06-07,0,30.190000534057617,31.299999237060547,30.15999984741211,30.65999984741211,15.910886764526367,80333700,22.87611935560775,0.0118113073918806,0.02209497565696,0.0329305982440327,0.0293846420385373,0.0722093711932266,0.1473007406333057,1,1,1
2022-06-08,0,30.420000076293945,31.14999961853028,30.32999992370605,30.51000022888184,15.83304500579834,65923900,22.637324497449065,-0.0049043650494947,0.0148592070978969,0.0556268058098991,0.0293800154481435,0.072198076713914,0.1472796777800158,-1,1,1
2022-06-09,0,30.51000022888184,30.65999984741211,29.979999542236328,30.06999969482422,15.604707717895508,53879000,21.714946799989058,-0.0145265665283652,0.0016641268016213,0.0324316438107723,0.0293764385239427,0.0721863490747749,0.1472565460165714,-1,0,1
2022-06-10,0,30.01000022888184,30.01000022888184,29.059999465942383,29.64999961853028,15.38675022125244,63101700,19.91408349243593,-0.0140658816771864,-0.0037030857291048,-0.0158750065160254,0.0293727893100789,0.0721746729273444,0.1472329280182647,-1,0,-1
2022-06-13,0,29.020000457763672,29.57999992370605,28.670000076293945,29.270000457763672,15.189550399780272,64507100,18.828549706881468,-0.0128990461058616,-0.0339243339614772,-0.0364894103019029,0.0293689659399042,0.0721656786344909,0.1472106834200128,-1,-1,-1
2022-06-14,0,29.65999984741211,30.25,29.239999771118164,29.600000381469727,15.360804557800291,68816900,18.338426554774504,0.0112113886777007,-0.0233731632913266,-0.0382002783422359,0.0293648840634114,0.0721552870544427,0.1471886041056141,1,-1,-1
2022-06-15,0,30.0,30.020000457763672,28.84000015258789,29.07999992370605,15.090950012207031,72785700,19.08506367950286,-0.0177238792060922,-0.0529083498892994,-0.0657964656861073,0.0293618866807459,0.0721500779913157,0.1471699340483851,-1,-1,-1
2022-06-17,0,28.170000076293945,28.450000762939453,26.1299991607666,27.309999465942383,14.172417640686035,184606500,22.72166915586046,-0.0627975712131161,-0.1108015560529207,-0.1155066657556705,0.0293789580811838,0.0721663813675938,0.1471616458058614,-1,-1,-1
2022-06-20,0,26.020000457763672,28.25,25.90999984741211,27.6200008392334,14.333291053771973,92581800,23.471608154508075,0.01128722129061,-0.0849877682339456,-0.0876899596650495,0.029374890384798,0.0721712103520426,0.1471468761447179,1,-1,-1
2022-06-21,0,27.799999237060547,28.15999984741211,26.690000534057617,27.06999969482422,14.047869682312012,85179500,24.622456286502437,-0.0201141170353266,-0.0910360035920858,-0.1246261367009988,0.0293723903595985,0.0721784360733196,0.1471410762973459,-1,-1,-1
2022-06-22,0,26.57999992370605,27.549999237060547,26.38999938964844,26.989999771118164,14.006352424621582,57874700,23.69468198551387,-0.0029597889288098,-0.081096746415034,-0.1467171015850355,0.0293676905127314,0.0721817719750643,0.1471420706113955,-1,-1,-1
2022-06-23,0,26.979999542236328,27.3799991607666,26.1200008392334,26.489999771118164,13.746881484985352,69262300,23.5128534573954,-0.0186989740227779,-0.1110071091155127,-0.2039961147719016,0.0293648881103131,0.0721980795512442,0.1471657004366704,-1,-1,-1
2022-06-24,0,26.76000022888184,27.09000015258789,26.18000030517578,26.290000915527344,13.643091201782228,53413400,23.29053270920556,-0.0075787428615656,-0.1008619727709862,-0.1839683872626635,0.0293604653347536,0.0722095057316168,0.1471805421434673,-1,-1,-1
2022-06-27,0,26.81999969482422,28.06999969482422,26.65999984741211,27.979999542236328,14.520109176635742,90417700,23.969039973225232,0.0623012739846473,0.0242368724267773,-0.1358072083503627,0.0293770056537225,0.072199063585352,0.1471779777521341,1,1,-1
2022-06-28,0,28.57999992370605,28.82999992370605,28.020000457763672,28.32999992370605,14.701741218566896,51388000,23.52388961386056,0.0124314085922299,0.0253810597283974,-0.1258686553535183,0.0293730929939495,0.0721887497289965,0.1471724564682009,1,1,-1
2022-06-29,0,28.479999542236328,28.81999969482422,27.84000015258789,28.07999992370605,14.572006225585938,52048800,22.931335056579947,-0.0088636306370947,0.0366315461266292,-0.0859423620452332,0.0293687927795779,0.0721799697142505,0.1471573028407439,-1,1,-1
2022-06-30,0,27.64999961853028,28.059999465942383,27.39999961853028,27.93000030517578,14.494162559509276,49910100,22.18723713688617,-0.0053563201097761,0.034235014945663,-0.0711626151733191,0.0293642157039848,0.0721708192901421,0.1471394838276761,-1,1,-1
2022-07-01,0,28.07999992370605,28.850000381469727,27.520000457763672,28.530000686645508,14.80553150177002,64948200,18.903827363225837,0.0212548747966976,0.0741888637651386,-0.0522391438861895,0.0293619312569805,0.072171249597662,0.1471189601457188,1,1,-1
2022-07-04,0,28.540000915527344,29.280000686645508,28.540000915527344,29.13999938964844,15.122088432312012,37324200,17.390666524923596,0.0211556239808411,0.1029232306075454,-0.0297520336732588,0.029359623534775,0.0721829712613508,0.1470962536951281,1,1,-1
2022-07-05,0,28.89999961853028,28.950000762939453,27.549999237060547,28.030000686645508,14.546059608459473,78428500,17.28001451850602,-0.0388363453914595,0.0017856112314383,-0.0598897099182581,0.0293632270896842,0.0721713115236851,0.1470767474732035,-1,0,-1
2022-07-06,0,28.15999984741211,28.479999542236328,26.90999984741211,27.670000076293945,14.35923671722412,57617200,17.313202392203202,-0.0129267308411317,-0.0235725282019232,-0.0901386428859006,0.0293594265633569,0.0721609779708811,0.1470624636901128,-1,-1,-1
2022-07-07,0,28.0,28.920000076293945,28.0,28.479999542236328,14.779584884643556,52147300,16.95320770352138,0.0288534200255515,0.0141445224607229,-0.0619454408678994,0.0293592271964927,0.0721497290330557,0.1470432598437277,1,1,-1
2022-07-08,0,28.530000686645508,28.96999931335449,28.3700008392334,28.799999237060547,14.94564723968506,43097800,16.78534057426037,0.0111732740705794,0.0306741166410784,-0.0625834741892006,0.0293551660095861,0.0721400874715419,0.1470241548677623,1,1,-1
2022-07-11,0,28.31999969482422,28.790000915527344,28.25,28.65999984741211,14.872994422912598,39577600,15.348265345288388,-0.0048729892771407,0.00454625256724,-0.0625520984168465,0.0293505742019262,0.072128479497365,0.1470050521840834,-1,0,-1
2022-07-12,0,28.299999237060547,28.43000030517578,27.96999931335449,28.229999542236328,14.64984893798828,46462000,15.199779623224025,-0.0151170896199315,-0.0317264610335324,-0.0631426215084128,0.0293471219789569,0.072119203285037,0.1469860420977123,-1,-1,-1
2022-07-13,0,28.1299991607666,28.479999542236328,27.979999542236328,28.25,14.660226821899414,35497200,14.727409852775336,0.0007081444913233,0.0078180288492503,-0.0483685953399029,0.0293423992278933,0.0721076859166377,0.1469651251827712,0,1,-1
2022-07-14,0,28.0,28.0,27.239999771118164,27.489999771118164,14.265828132629396,47151000,14.626694699995593,-0.027271132059116,-0.0065263723687338,-0.0627406812931572,0.0293417910397398,0.0720961803300053,0.1469460712426356,-1,0,-1
2022-07-15,0,27.700000762939453,28.049999237060547,27.489999771118164,27.959999084472656,14.509732246398926,38610800,13.830291705579636,0.0169525772444763,-0.0184272151498088,-0.0569994927263817,0.0293386249290966,0.0720853832833276,0.146926229181006,1,-1,-1
2022-07-18,0,28.38999938964844,28.690000534057617,28.299999237060547,28.600000381469727,14.841856956481934,46782300,14.088079493821809,0.0226317480628245,-0.006968741157564,-0.0166438654574651,0.0293366842118462,0.0720739032545068,0.1469028595603039,1,0,-1
2022-07-19,0,28.549999237060547,29.239999771118164,28.39999961853028,29.18000030517578,15.14284610748291,48562300,13.283553040738306,0.0200768545560555,0.0179811026756322,0.0662305603117065,0.0293341484889525,0.0720629608210118,0.1468834943670499,1,1,1
2022-07-20,0,29.06999969482422,29.21999931335449,28.82999992370605,29.170000076293945,15.137657165527344,43520800,12.949133711803832,-0.0003427249514035,0.0327554673441602,0.0546006140696932,0.0293294347553219,0.0720536488343336,0.1468626639393516,0,1,1
2022-07-21,0,28.979999542236328,29.1299991607666,28.200000762939453,29.020000457763672,15.059814453125,58843200,13.178220919577504,-0.005155589567735,0.0268917332851018,0.0695591415372847,0.029324875142603,0.0720435787571019,0.1468437898330085,-1,1,1
2022-07-22,0,29.040000915527344,29.46999931335449,28.850000381469727,29.32999992370605,15.22068691253662,55676200,13.581631827745056,0.0106255818586284,0.0647884472028463,0.0831445123247231,0.0293207680172624,0.0720411412620173,0.1468271171866737,1,1,1
2022-07-25,0,29.61000061035156,30.75,29.61000061035156,30.700000762939453,15.931645393371582,79106600,14.91438147277945,0.0456519239181578,0.093487793876528,0.1474954102656588,0.0293274023200848,0.072048736596399,0.1468263591136231,1,1,1
2022-07-26,0,31.200000762939453,31.6200008392334,30.59000015258789,31.01000022888184,16.09251594543457,78360100,16.065946379114894,0.0100469082423793,0.0809029540560828,0.1651210613696038,0.0293232307818043,0.0720514638920071,0.1468315307346608,1,1,1
2022-07-27,0,31.299999237060547,31.46999931335449,30.6200008392334,31.350000381469727,16.268959045410156,56097200,16.84426442245615,0.010904623379376,0.0717307228794033,0.1137244107643327,0.0293191578912898,0.0720510924054787,0.146821267931842,1,1,1
2022-07-28,1,31.59000015258789,32.630001068115234,31.43000030517578,32.290000915527344,16.75676727294922,114996500,19.33316414698188,0.0295432537891801,0.1016167016199872,0.1308362559612828,0.0293191789039266,0.0720621478402236,0.1468154860524388,1,1,1
2022-07-29,0,33.599998474121094,34.65999984741211,32.83000183105469,34.150001525878906,17.722007751464844,181480600,24.603295020382408,0.056005050043287,0.1627773412310092,0.1957049366416647,0.0293315245145649,0.0721089538352905,0.146832526753363,1,1,1
2022-08-01,0,34.0,34.150001525878906,33.220001220703125,33.68000030517578,17.478103637695312,81365100,26.047382611761805,-0.0138583662210753,0.1382933931513054,0.1872028905303654,0.0293278991639019,0.0721393645464884,0.1468460120222542,-1,1,1
2022-08-02,0,33.77000045776367,34.5,33.47999954223633,33.83000183105469,17.55594825744629,69147100,26.996992728648497,0.0044439477394495,0.0970854169725969,0.1703919634731172,0.0293232982847797,0.0721483273563403,0.1468529831050873,1,1,1
2022-08-03,0,34.0099983215332,34.15999984741211,33.560001373291016,33.849998474121094,17.566322326660156,65544500,27.974385239340037,0.0005907402535788,0.0876292489837964,0.1498270797458549,0.0293186010974481,0.0721534296813536,0.146852851151193,0,1,1
2022-08-04,0,34.08000183105469,34.400001525878906,33.58000183105469,34.209999084472656,17.753145217895508,54387500,28.13189877843152,0.0105791308093901,0.0873037564138103,0.1992425559467045,0.029314496060035,0.0721583926492062,0.1468712663906209,1,1,1
2022-08-05,0,34.150001525878906,35.060001373291016,34.119998931884766,34.869998931884766,18.09564781188965,77882600,29.246866422878405,0.0191087613781102,0.0768692640027403,0.2312780481659465,0.0293117585091964,0.0721595855290303,0.1469045250848669,1,1,1
2022-08-08,0,35.13999938964844,36.77000045776367,35.130001068115234,36.630001068115234,19.00899314880371,109484600,30.8757327795621,0.0492407338287139,0.0701049477881672,0.251665361969109,0.029320200311572,0.0721585944059029,0.146948353091684,1,1,1
2022-08-09,0,37.0099983215332,37.459999084472656,36.84999847412109,37.22999954223633,19.32036018371582,79051200,31.404114361660383,0.0162472808546677,0.1002105948639103,0.2567393687531973,0.0293169131126603,0.0721688309819513,0.1469948820668855,1,1,1
2022-08-10,0,37.650001525878906,37.650001525878906,36.61000061035156,37.11000061035156,19.258087158203125,78369600,32.58793472116308,-0.0032283870342106,0.0925382600902502,0.2583839709961274,0.0293122879675101,0.0721758033313298,0.1470422353255771,-1,1,1
2022-08-11,0,37.45000076293945,37.86000061035156,36.25,36.25,18.81179618835449,128896500,33.57570934702334,-0.0234469547313151,0.0685005651053562,0.2500541058847437,0.0293106521930437,0.0721742978466972,0.1470849324954431,-1,1,1
2022-08-12,0,29.100000381469727,31.82999992370605,29.07999992370605,31.709999084472656,20.16498565673828,171288300,34.04761694098034,0.0694635871356358,0.1273850214316018,0.3188095485290562,0.0293321138963653,0.0721980484692484,0.1471697268469255,1,1,1
2022-08-15,0,30.8799991607666,32.22999954223633,30.549999237060547,31.71999931335449,20.17134666442871,96759000,35.0985834577314,0.0003153984200899,0.1085916584735817,0.3463960790082622,0.0293274264306617,0.0722120312574784,0.1472741494192853,0,1,1
2022-08-16,0,31.71999931335449,32.06999969482422,31.5,32.0099983215332,20.355758666992188,64218800,35.28367418578175,0.0091007375856937,0.0684516622305617,0.3385442393494797,0.0293231704834262,0.0722104731257724,0.1473725516053972,1,1,1
2022-08-17,0,31.64999961853028,32.81999969482422,31.600000381469727,32.7599983215332,20.832698822021484,72924700,36.01356925136207,0.023159958031508,0.0753643394074018,0.3390724493181632,0.0293213514863796,0.0722110712947539,0.1474711317960352,1,1,1
2022-08-18,0,33.099998474121094,33.65999984741211,32.869998931884766,33.41999816894531,21.252405166625977,84552500,37.66327249930103,0.019946262209908,0.0985389886515207,0.3389418569720159,0.029318785778394,0.0722204464771675,0.147569409165779,1,1,1
2022-08-19,0,32.91999816894531,33.150001525878906,31.32999992370605,31.729999542236328,20.177705764770508,125178200,39.878644520671344,-0.0518917533793424,0.0700941900034933,0.2873928285440769,0.0293288928261058,0.0722193583829121,0.1476328509549876,-1,1,1
2022-08-22,0,31.739999771118164,32.58000183105469,30.479999542236328,32.40999984741211,20.6101303100586,92400300,39.52780797457093,0.0212043976460932,0.0218350005139508,0.3137528157579051,0.0293266077554039,0.072208743446393,0.1477131373305284,1,1,1
2022-08-23,0,32.630001068115234,33.5,32.619998931884766,33.439998626708984,21.26512718200684,73215800,39.586632628503565,0.0312857919574505,0.0528053940513113,0.334413025856727,0.0293271744117896,0.0722030571099351,0.1478075989603866,1,1,1
2022-08-24,0,33.540000915527344,34.119998931884766,33.25,33.63999938964844,21.392309188842773,61067900,39.184095397909466,0.005962964233495,0.0496676206991126,0.2947240661720643,0.0293226762790512,0.0721966786035583,0.1478751756948511,1,1,1
2022-08-25,0,34.099998474121094,34.36000061035156,32.66999816894531,33.279998779296875,21.163379669189453,99511600,38.551567131027554,-0.0107591597828615,0.0157485028847431,0.2739179981468234,0.0293186597567658,0.0721856065139084,0.1479300069845939,-1,1,1
2022-08-26,0,33.279998779296875,33.66999816894531,32.56999969482422,33.63999938964844,21.392309188842773,63545400,34.39525078957535,0.0107591597828614,0.0065614004576963,0.2737725345503088,0.0293145894636185,0.0721741439253439,0.1479846476579218,1,0,1
2022-08-29,0,33.54999923706055,35.08000183105469,33.45000076293945,34.47999954223633,21.926483154296875,73339500,33.713296387070706,0.0246637089534541,0.0831168627904929,0.2688929897145826,0.0293131602471319,0.0721773791757175,0.1480363679366228,1,1,1
2022-08-30,0,34.0,34.220001220703125,32.27000045776367,32.43000030517578,20.62285041809082,99361100,35.185392325575805,-0.0612954780524597,0.0006169870919399,0.1515924616188358,0.0293290566940917,0.0721658682217633,0.148035884824443,-1,0,1
2022-08-31,0,32.06999969482422,33.439998626708984,31.81999969482422,33.22999954223633,21.13158226013184,114235400,36.960821521939565,0.0243690063526781,-0.0062997985128323,0.1898198341925893,0.0293275499429102,0.0721544936928186,0.1480490892177774,1,0,1
2022-09-01,0,33.36000061035156,33.95000076293945,32.7599983215332,33.849998474121094,21.52585220336914,69184700,36.350295826888,0.0184859298709107,0.0062231671245833,0.2038618163240506,0.0293246894335848,0.0721430427413718,0.1480680831880264,1,0,1
2022-09-02,0,34.439998626708984,34.56999969482422,33.2599983215332,33.41999816894531,21.252405166625977,81792300,34.78764009730805,-0.0127845675822797,0.004197759325165,0.1904865084881922,0.029320944350058,0.0721315635291047,0.1480814835020318,-1,0,1
2022-09-05,0,33.849998474121094,34.11000061035156,33.150001525878906,33.34000015258789,21.201534271240234,76337600,34.22032439635914,-0.0023965229331671,-0.0089579233908635,0.1775108547456348,0.0293163186080541,0.0721203118790666,0.14808983765679,0,-1,1
2022-09-06,0,32.27000045776367,32.59000015258789,31.51000022888184,32.099998474121094,20.412994384765625,111813500,35.6599148679992,-0.0379018726340893,-0.0715235049784071,0.1205002207334353,0.0293195432131033,0.0721205780747051,0.1480804659975628,-1,-1,1
2022-09-08,0,32.310001373291016,32.779998779296875,31.39999961853028,31.799999237060547,20.22221946716309,63159800,35.60206960612067,-0.0093897042087402,-0.0196177311346874,0.0618697826959811,0.0293153840130158,0.0721100730180885,0.1480602200228619,-1,-1,1
2022-09-09,0,32.4900016784668,32.66999816894531,31.700000762939453,31.790000915527344,20.21586227416992,49871900,33.42375259783865,-0.0003144161528831,-0.0443011536402489,0.04530808568843,0.029310727528498,0.0721032071318265,0.1480382575004825,0,-1,1
2022-09-12,0,32.150001525878906,32.72999954223633,31.459999084472656,31.479999542236328,20.01872444152832,71374500,33.56154674525469,-0.0097994997006321,-0.0725865832117918,0.0387369730220084,0.0293066157739449,0.0721038087183167,0.1480157848861657,-1,-1,1
2022-09-13,0,30.940000534057617,31.440000534057617,30.520000457763672,30.64999961853028,19.49091339111328,88327800,33.78678441282567,-0.0267196806234636,-0.0865216962529756,0.0354642471298601,0.0293058927155449,0.0721093750220146,0.1479930984913034,-1,-1,1
2022-09-14,0,30.75,31.43000030517578,30.6299991607666,31.1200008392334,19.789793014526367,49039700,31.64651503048467,0.0152179234412074,-0.0689072498786011,-0.0187814165645682,0.0293024604061484,0.0721087882132962,0.147970080260793,1,-1,-1
2022-09-15,0,30.920000076293945,31.229999542236328,30.799999237060547,31.059999465942383,19.751638412475582,45553200,28.641900457246894,-0.0019298549655669,-0.0329352322100786,-0.0210266699502251,0.0292978352251182,0.0720999129245314,0.1479471954627766,0,-1,-1
2022-09-16,0,30.86000061035156,30.950000762939453,30.34000015258789,30.780000686645508,19.57358360290528,107303600,29.854394998448043,-0.0090555636916606,-0.0326010916929992,-0.0391829712275797,0.0292936524878284,0.0720909903662979,0.1479257127884093,-1,-1,-1
2022-09-19,0,30.5,31.3799991607666,29.8799991607666,31.270000457763672,19.885183334350582,65559900,28.992010968097112,0.015794016539755,-0.0164926590003609,-0.0465489127193326,0.0292903210901459,0.0720802365104174,0.1479050064029269,1,-1,-1
2022-09-20,0,31.420000076293945,31.600000381469727,30.84000015258789,31.09000015258789,19.77071762084961,67798200,28.440277273914187,-0.0057729633494405,-0.0124661226491693,-0.0722681382786813,0.0292858714438393,0.0720692076740286,0.1478879033152415,-1,-1,-1
2022-09-21,0,31.350000381469727,31.46999931335449,30.88999938964844,31.170000076293945,19.821590423583984,58812200,26.224460342135263,0.0025698340533457,0.0168233920276401,-0.0178065508459932,0.0292812599231141,0.072058298579937,0.1478648855849612,0,1,-1
2022-09-22,0,31.479999542236328,32.08000183105469,31.030000686645508,31.940000534057617,20.31124687194824,69764300,26.501797516688494,0.0244029966769256,0.0260084652633581,-0.0146079518151608,0.0292797854999602,0.0720482082555077,0.1478417299337294,1,1,0
2022-09-23,0,31.31999969482422,31.38999938964844,29.770000457763672,29.940000534057617,19.03940963745117,138630800,29.738611576695888,-0.0646637432828439,-0.0367254230539188,-0.1105574870554552,0.029297908918488,0.0720399617216465,0.1478326376876163,-1,-1,-1
2022-09-26,0,29.71999931335449,30.07999992370605,29.270000457763672,29.290000915527344,18.626066207885746,42934600,28.490266646795884,-0.0219490137580119,-0.0496188731202699,-0.1384694650469623,0.0292959208749176,0.0720342407576469,0.1478313521924269,-1,-1,-1
2022-09-27,0,29.65999984741211,29.8799991607666,29.57999992370605,29.670000076293945,18.867712020874023,71087600,27.73559485046693,0.0128900937848019,-0.0525227958752232,-0.1148202114792988,0.0292921542276327,0.072029188241383,0.1478233312185552,1,-1,-1
2022-09-28,0,29.670000076293945,29.81999969482422,28.57999992370605,29.270000457763672,18.61334609985352,104670700,29.675777159779607,-0.0135732468067569,-0.0603230793325395,-0.1391526180689174,0.0292885433798246,0.0720261138530808,0.147822235374911,-1,-1,-1
2022-09-29,0,28.989999771118164,29.39999961853028,28.600000381469727,29.309999465942383,18.63878059387207,87536500,31.12790464811503,0.0013655326677013,-0.0615273807181839,-0.1624507943546702,0.0292839176223237,0.0720233652437253,0.1478289519907603,0,-1,-1
2022-09-30,0,29.21999931335449,30.489999771118164,29.0,29.799999237060547,18.950380325317383,121637100,31.534188423320977,0.0165796129307735,-0.0693507644643357,-0.0845757033714367,0.0292807360411247,0.0720229055684412,0.1478140784399011,1,-1,-1
2022-10-03,0,31.90999984741211,32.63999938964844,31.65999984741211,32.18000030517578,20.463871002197266,179694100,36.24396041515613,0.0768369399064295,0.0721499187249375,-0.0321077698176855,0.0293077926517345,0.0720225662883023,0.1477920432732383,1,1,-1
2022-10-04,0,32.900001525878906,32.97999954223633,31.06999969482422,31.3700008392334,19.948776245117188,115917200,38.17263553631472,-0.0254931408135114,0.068605791669438,-0.0760868405021076,0.0293067262266499,0.0720211432242028,0.1477756190065919,-1,1,-1
2022-10-05,0,31.40999984741211,32.81999969482422,31.200000762939453,32.54999923706055,20.69915580749512,92893700,39.6748587318522,0.0369251168355449,0.0926408147201807,-0.0263771560842831,0.0293093579965979,0.0720280953674201,0.1477531784796779,1,1,-1
2022-10-06,0,33.0,33.790000915527344,32.439998626708984,33.65999984741211,21.405027389526367,82671900,40.37449753807918,0.0335329019884395,0.1397469635153772,0.0095522688373235,0.0293107042431864,0.0720587947664375,0.1477297083708467,1,1,0
2022-10-07,0,33.58000183105469,34.31999969482422,33.220001220703125,33.630001068115234,21.38595199584961,73500100,38.25614353268261,-0.0008915615026485,0.1374898693450273,0.0465625799687642,0.0293060832324034,0.0720880759261613,0.1477080821960616,0,1,1
2022-10-10,0,33.650001525878906,33.88999938964844,33.0,33.25,21.144302368164062,52222600,38.860365991931296,-0.0113637800551923,0.1095464763590613,0.0445885041223121,0.0293021822878896,0.0721023390286152,0.1476862933569376,-1,1,1
2022-10-11,0,32.88999938964844,33.33000183105469,32.61000061035156,33.0,20.985321044921875,58332400,38.62793729715455,-0.0075472821740385,0.0251622542785934,0.0373556381011569,0.0292978846526176,0.07209218242723,0.1476639555494126,-1,1,1
2022-10-13,0,32.5,34.4900016784668,32.40999984741211,33.939998626708984,21.583084106445312,91143900,38.66542888096992,0.0280866692034927,0.0787420642955975,0.0752418070052817,0.0292974393654788,0.0720938985544014,0.1476458006452355,1,1,1
2022-10-14,0,33.970001220703125,34.13999938964844,33.29999923706055,33.41999816894531,21.252405166625977,62246100,38.05289924370114,-0.0154397913757695,0.0263771560842831,0.0865216962529757,0.0292941424502653,0.0720838761017197,0.1476294893481036,-1,1,1
2022-10-17,0,33.2400016784668,34.150001525878906,32.84000015258789,33.38999938964844,21.23332977294922,100936400,37.73173997750996,-0.0008979670463823,-0.0080537129505386,0.070405805765386,0.0292895313847886,0.0720726916471177,0.1476106417384755,0,-1,1
2022-10-18,0,33.900001525878906,34.22999954223633,33.15999984741211,34.209999084472656,21.754785537719727,82313200,33.988372694220374,0.0242616518245565,0.0170995003766664,0.0965973125555094,0.0292880206944117,0.0720618535160787,0.147596210902424,1,1,1
2022-10-19,0,34.130001068115234,35.560001373291016,34.02000045776367,35.41999816894531,22.524242401123047,113700900,34.48170004353315,0.0347584111827957,0.0632216916146545,0.1404112874299659,0.0292898126326257,0.0720588407077966,0.1475924493959892,1,1,1
2022-10-20,0,36.09999847412109,36.54999923706055,35.77000045776367,36.470001220703125,23.19196319580078,114347400,35.9284625696629,0.0292136354446332,0.0999826092333264,0.1538309063348441,0.0292897079261936,0.0720687186391156,0.1475927673335376,1,1,1
2022-10-21,0,36.45000076293945,38.38999938964844,36.38999938964844,37.720001220703125,23.98685836791992,139601400,39.06161810252559,0.0337003076915225,0.1055962477213563,0.1933041773758071,0.0292911044798832,0.0720810629767786,0.1476073318993366,1,1,1
2022-10-24,0,36.5,36.81999969482422,34.22999954223633,34.25,21.78022003173828,142110900,42.0843145273969,-0.0965038924533941,0.0245321466437315,0.0942304508690672,0.0293367657429541,0.0720708584433678,0.1475924274350575,-1,1,1
2022-10-25,0,34.040000915527344,34.5,33.209999084472656,33.529998779296875,21.32236099243164,113161200,44.6810230261483,-0.0212458860215743,0.0041842276685396,0.0485815681705674,0.0293346257011354,0.0720595161530132,0.1475710553444358,-1,0,1
2022-10-26,0,32.599998474121094,33.529998779296875,31.89999961853028,32.709999084472656,20.80090713500977,121334800,47.26006417971114,-0.0247597358831624,-0.0448371600391793,0.0884855755702487,0.0293333607109874,0.0720528612223563,0.1475551003215826,-1,-1,1
2022-10-27,0,32.810001373291016,33.540000915527344,32.66999816894531,32.959999084472656,20.959884643554688,111008800,47.973534902014464,0.0076137577741257,-0.0719818134478492,0.1180483471023866,0.0293290405184798,0.0720533145091678,0.1475453551117513,1,-1,1
2022-10-28,0,32.70000076293945,33.119998931884766,31.86000061035156,32.56999969482422,20.711877822875977,129745400,50.68084211820177,-0.0119030122155537,-0.1130984611080363,0.093255241102031,0.0293252189960331,0.0720706463996965,0.1475302784163477,-1,-1,1
2022-10-31,0,30.61000061035156,31.600000381469727,29.15999984741211,29.809999465942383,18.95674133300781,262409400,56.29870066722568,-0.0885477321414656,-0.2353465009410244,0.0182807557673221,0.0293628020298535,0.072181624415152,0.1475071169340931,-1,-1,1
2022-11-01,0,30.56999969482422,30.670000076293945,29.559999465942383,29.86000061035156,18.9885368347168,115944200,57.114042326269626,0.0016758611709181,-0.137166747316712,0.0185910842705391,0.0293582008958877,0.0722120838300005,0.1474839749898162,0,-1,1
2022-11-03,1,29.799999237060547,30.38999938964844,29.440000534057617,29.950000762939453,19.04576873779297,139062100,57.2877007001325,0.0030094907957764,-0.1129113704993613,0.0050209621355418,0.0293536324994003,0.0722291414549616,0.1474606594167708,1,-1,0
2022-11-04,0,30.799999237060547,30.89999961853028,28.18000030517578,28.299999237060547,17.996501922607422,195361000,59.00185095376027,-0.0566675620229325,-0.1448191966391313,-0.1284835397938201,0.0293663116114838,0.0722642357713838,0.147456577465608,-1,-1,-1
2022-11-07,0,27.959999084472656,28.299999237060547,27.06999969482422,27.14999961853028,17.26519775390625,117206600,56.37269907219731,-0.041484616566345,-0.1939175709796023,-0.1444750155466537,0.0293709777488568,0.0723356655722309,0.1474573465236183,-1,-1,-1
2022-11-08,0,27.059999465942383,27.530000686645508,26.75,27.350000381469727,17.392377853393555,94745400,53.500763104928296,0.0073392710330613,-0.1746752877309871,-0.174060861349137,0.0293666440160217,0.0723914402763886,0.1474685299805681,1,-1,-1
2022-11-09,0,27.14999961853028,27.950000762939453,26.63999938964844,26.89999961853028,17.10621452331543,103303500,52.21946283639411,-0.016590235941165,-0.1027177915306865,-0.2241839992787416,0.029363538064759,0.0724034625819903,0.1475016143578585,-1,-1,-1
2022-11-10,0,26.07999992370605,26.88999938964844,25.61000061035156,26.1200008392334,16.610200881958008,145470100,52.00598362388085,-0.0294248023135121,-0.133818455015117,-0.2527172400896051,0.0293636082091937,0.0724315547607731,0.1475495064750381,-1,-1,-1
2022-11-11,0,25.799999237060547,27.36000061035156,25.700000762939453,26.989999771118164,17.163448333740234,146365800,52.37388562952939,0.0327650081320834,-0.1040629376788096,-0.2085884519023292,0.0293646796713596,0.0724441252800471,0.1475750652706255,1,-1,-1
2022-11-14,0,27.26000022888184,28.18000030517578,27.09000015258789,27.700000762939453,17.614953994750977,66639500,49.370868923211134,0.025966174359713,-0.0214292012961641,-0.1750749953685774,0.0293636289682763,0.0724338472124018,0.147586471448308,1,-1,-1
2022-11-16,0,27.809999465942383,28.11000061035156,26.93000030517578,27.14999961853028,17.26519775390625,85549900,42.43113635654498,-0.020055415270181,0.0,-0.2232170798422512,0.0293612119395327,0.0724224846058174,0.1476188419943951,-1,0,-1
2022-11-17,0,27.0,27.299999237060547,26.549999237060547,27.15999984741211,17.271554946899414,101525800,41.54198503707443,0.0003681407525505,-0.0069711302805109,-0.2074091477139311,0.0293566140442176,0.072411263260157,0.1476437172100555,0,0,-1
2022-11-18,0,27.39999961853028,27.600000381469727,26.21999931335449,26.700000762939453,16.979034423828125,127683500,40.58834572060282,-0.0170816117960794,-0.0074625061354253,-0.2235927924636283,0.0293536046585209,0.0724000646398022,0.1476761521761254,-1,-1,-1
2022-11-21,0,27.1200008392334,27.56999969482422,26.049999237060547,26.780000686645508,17.029909133911133,164898100,39.18425384681319,0.0029918452447961,0.0249541414228827,-0.2448625990433887,0.0293490532601904,0.0723899566112917,0.1477193661617987,1,1,-1
2022-11-22,0,23.0,23.43000030517578,22.299999237060547,23.32999992370605,15.872442245483398,164261300,40.34233306399156,-0.0703867456091152,-0.0781976123183159,-0.3500077558352997,0.0293709777308312,0.0723921925363869,0.1478301870314169,-1,-1,-1
2022-11-23,0,23.0,23.64999961853028,22.799999237060547,23.440000534057617,15.947280883789062,77317300,39.51916866554142,0.0047039237894782,-0.0994598628885508,-0.3745174674904549,0.0293664946301135,0.0724026801534475,0.1479599024996067,1,-1,-1
2022-11-24,0,23.520000457763672,24.6299991607666,23.25,24.25,16.49835968017578,94233800,39.09765493394822,0.033972625449499,-0.0454318221688707,-0.3742451497324783,0.0293679940462622,0.072395995991518,0.148089107437384,1,-1,-1
2022-11-25,0,24.26000022888184,24.32999992370605,23.600000381469727,23.86000061035156,16.233022689819336,58635900,36.1918063523672,-0.0162133575554467,-0.062013320476868,-0.2939546148345309,0.0293648290489392,0.0723932319048994,0.1481603311197014,-1,-1,-1
2022-11-28,0,23.64999961853028,24.549999237060547,23.540000915527344,24.36000061035156,16.573196411132812,56067400,33.05087036288894,0.0207391112567228,-0.0241925974240657,-0.2519696175562336,0.0293624957852855,0.0723832658458475,0.1482067185496082,1,-1,-1
2022-11-29,0,24.600000381469727,25.8799991607666,24.479999542236328,25.3799991607666,17.267147064208984,96151500,34.01603487370609,0.0410189661184824,0.0138345234496204,-0.1861909155545887,0.0293667891934468,0.0723723013086986,0.1482218684341417,1,1,-1
2022-11-30,0,25.600000381469727,26.65999984741211,25.5,26.65999984741211,18.137989044189453,120774700,35.43195152947944,0.0492028985381309,0.1334241675968666,-0.1446017747905836,0.0293749831795362,0.0723989045707669,0.1482220321709812,1,1,-1
2022-12-01,0,26.57999992370605,26.790000915527344,25.559999465942383,25.59000015258789,17.410022735595703,71259400,34.414263077767274,-0.0409625213277495,0.0877577224796389,-0.1736612839027795,0.0293793914835982,0.0724038472080355,0.148232235835721,-1,1,-1
2022-12-02,0,25.690000534057617,26.450000762939453,25.309999465942383,25.90999984741211,17.627731323242188,66301000,32.43157817394656,0.0124272457143536,0.0662123427444936,-0.07268630604696,0.0293756041020846,0.0724017098135944,0.1482151897773097,1,1,-1
2022-12-05,0,26.0,26.57999992370605,25.549999237060547,25.6200008392334,17.430431365966797,56065400,28.798486755002973,-0.0112556976830978,0.0711700026168425,-0.0856178649009762,0.0293717147274668,0.0724010157147447,0.1482004276322058,-1,1,-1
2022-12-06,0,25.81999969482422,26.38999938964844,25.420000076293945,25.63999938964844,17.44403648376465,74991200,26.220777033917763,0.0007802337541989,0.0512111251143187,-0.0878471219425535,0.0293671355979207,0.0723951362208931,0.1481860964049395,0,1,-1
2022-12-07,0,25.34000015258789,26.06999969482422,25.270000457763672,25.350000381469727,17.246740341186523,57008400,25.725125558566805,-0.0113746815648394,-0.0011825225690031,-0.0425542414844605,0.0293632642690509,0.0723838414237832,0.148165131659064,-1,0,-1
2022-12-08,0,25.549999237060547,25.790000915527344,24.63999938964844,24.780000686645508,16.85894203186035,55567700,24.49907031885549,-0.0227419594741631,-0.0731273805812972,-0.0238115843922785,0.0293614727179563,0.0723844047664712,0.14814270143406,-1,-1,-1
2022-12-09,0,24.989999771118164,25.049999237060547,24.489999771118164,24.709999084472656,16.811317443847656,61586200,24.664770420637584,-0.0028288834427915,-0.0349937426963391,-0.0339797388681315,0.0293569449180309,0.0723759047951205,0.1481209885628098,0,-1,-1
2022-12-12,0,24.57999992370605,24.65999984741211,23.1299991607666,23.90999984741211,16.26704216003418,111293100,26.41328725476551,-0.0329112094425958,-0.0803321978532887,-0.0503007123695622,0.0293581732748762,0.0723788733076349,0.1481008772253396,-1,-1,-1
2022-12-13,0,24.100000381469727,24.200000762939453,23.309999465942383,23.31999969482422,15.865638732910156,102533100,26.346796757728363,-0.0249854228036066,-0.0940619229737975,-0.0458613328596569,0.0293569515397823,0.0723870468192414,0.1480802851956103,-1,-1,-1
2022-12-14,0,22.5,22.600000381469727,20.770000457763672,21.46999931335449,14.606999397277832,319501600,31.260517399982184,-0.0826548601235054,-0.1774970168515021,-0.1612812011152459,0.029388703380627,0.0724443104582881,0.148085948755974,-1,-1,-1
2022-12-15,0,21.0,22.3700008392334,20.82999992370605,22.040000915527344,14.994797706604004,132385600,32.73773433422141,0.0262024967805483,-0.1399198385061142,-0.1610448786944107,0.0293877322699983,0.0724756662366204,0.1480915080026055,1,-1,-1
2022-12-16,0,21.959999084472656,22.11000061035156,21.51000022888184,22.049999237060547,15.00160026550293,90767300,33.120534824089326,0.0004535583920354,-0.1167243206399156,-0.1405359050321942,0.0293831606579885,0.0724940868416109,0.1480903424110866,0,-1,-1
2022-12-19,0,22.100000381469727,22.51000022888184,21.63999938964844,22.3799991607666,15.226115226745604,63074100,33.08705918675652,0.0148551808387771,-0.0990402563583469,-0.1260488649459674,0.0293797389885774,0.0725042159928189,0.1480849672427464,1,-1,-1
2022-12-20,0,22.38999938964844,23.239999771118164,22.209999084472656,23.06999969482422,15.695549964904783,71875500,32.72984534955343,0.0303651698337774,-0.0357638770819736,-0.0786020833161106,0.0293800077893744,0.0724957949170705,0.1480689518941541,1,-1,-1
2022-12-21,0,23.5,23.71999931335449,22.850000381469727,23.56999969482422,16.035724639892578,74252800,33.14155619682549,0.0214417928104476,0.0106633385320807,-0.060152135750459,0.0293778415293216,0.0724847184965928,0.1480500919467579,1,1,-1
2022-12-22,0,23.89999961853028,24.559999465942383,23.700000762939453,23.989999771118164,16.321470260620117,81894800,33.934924580035684,0.0176624117152255,0.1109806103708116,0.0278970215738816,0.0293748992782947,0.0724994987381132,0.1480275551863409,1,1,1
2022-12-23,0,24.1299991607666,25.21999931335449,24.1299991607666,25.1200008392334,17.090261459350586,68387900,34.19966835290002,0.0460273610008107,0.1308054745910738,0.0692204587852141,0.0293814616547299,0.0725244604716218,0.1480089451929779,1,1,1
2022-12-26,0,25.1200008392334,25.299999237060547,24.81999969482422,24.940000534057617,16.967798233032227,28765200,31.57582722870298,-0.0071914698143308,0.1231604463847075,0.0280563635213842,0.02937718487275,0.0725452428674888,0.147986435860086,-1,1,1
2022-12-27,0,25.25,25.309999465942383,24.549999237060547,25.11000061035156,17.08345603942871,50803200,30.07005407463938,0.0067931859570314,0.1150984515029617,0.0510629070338623,0.0293728565748627,0.0725619032577578,0.1479656780298816,1,1,1
2022-12-28,0,25.100000381469727,25.31999969482422,24.75,24.799999237060547,16.872549057006836,57293500,22.72775268326385,-0.0124225269766117,0.0723107546925725,0.0179012688005277,0.0293691348922055,0.0725615345415808,0.147942775856532,-1,1,1
2022-12-29,0,24.989999771118164,25.049999237060547,24.43000030517578,24.5,16.66844367980957,57901800,20.703882341835367,-0.0121706532788086,0.0386983086033163,-0.0352883505967633,0.0293653813883158,0.0725533090563535,0.1479212792386177,-1,1,-1
2023-01-02,0,23.540000915527344,23.809999465942383,22.799999237060547,22.920000076293945,15.593499183654783,78424700,20.42858761882107,-0.0666632234575054,-0.0456273265694146,-0.1511544725923997,0.0293843939129215,0.0725466858162892,0.1479234930683825,-1,-1,-1
2023-01-03,0,22.940000534057617,23.100000381469727,22.1299991607666,22.34000015258789,15.198901176452637,96750300,21.440807599396244,-0.0256309741912568,-0.1172856617614822,-0.1358229254559071,0.0293833400769912,0.0725653329409067,0.1479209307474073,-1,-1,-1
2023-01-04,0,21.959999084472656,23.59000015258789,21.82999992370605,23.049999237060547,15.68194580078125,129504000,23.232096521956457,0.0312869674445078,-0.0788072245026435,-0.116963203725753,0.0293839056359152,0.0725676607142995,0.1479131862327388,1,-1,-1
2023-01-05,0,23.34000015258789,24.040000915527344,23.14999961853028,23.8799991607666,16.246631622314453,73886000,23.251346162196203,0.0353755008478742,-0.0502249096118006,-0.0703320051947808,0.0293858984134553,0.0725619850968543,0.1478958769216325,1,-1,-1
2023-01-06,0,23.940000534057617,24.31999969482422,23.549999237060547,23.739999771118164,16.15138053894043,51851500,22.260862753901208,-0.0058800742060419,-0.0436824568412307,-0.0769923131550218,0.0293815378646335,0.0725549713554985,0.1478796570546603,-1,-1,-1
2023-01-09,0,23.5,24.0,23.25,23.8700008392334,16.239826202392578,46385200,21.43644349192521,0.0054611045505537,-0.0260506990118684,-0.0601565270396286,0.0293771367188416,0.0725452660962288,0.147860882433201,1,-1,-1
2023-01-10,0,23.950000762939453,24.11000061035156,23.3700008392334,24.09000015258789,16.38950538635254,52741100,22.183157013733776,0.0091745816774036,0.0497871061230406,-0.0282399858880619,0.0293730180943956,0.0725391342307136,0.147838905083842,1,1,-1
2023-01-11,0,24.14999961853028,24.6200008392334,24.049999237060547,24.280000686645508,16.518770217895508,53536500,22.215823699369643,0.0078561087753237,0.0832741890896213,-0.0175549936699466,0.0293687849905011,0.0725423959696041,0.1478163429692746,1,1,-1
2023-01-12,0,24.290000915527344,24.64999961853028,24.11000061035156,24.6299991607666,16.75688934326172,58130000,22.23048854596481,0.01431215447819,0.0662993761233034,0.0296683702508392,0.0293652970461205,0.0725402901250391,0.1477940449402008,1,1,1
2023-01-13,0,24.440000534057617,24.65999984741211,24.25,24.56999969482422,16.71607208251953,40002700,21.64226490938128,-0.0024388210205975,0.0284850542548314,0.0522149720338481,0.0293607906994252,0.0725306759685034,0.1477735343261736,0,1,1
2023-01-16,0,24.40999984741211,24.5,23.82999992370605,24.040000915527344,16.355485916137695,31973700,20.25334241838756,-0.0218072856588197,0.0125578428020536,0.113062546498534,0.0293587907676419,0.0725197329081501,0.1477631683020278,-1,1,1
2023-01-17,0,24.11000061035156,25.6200008392334,24.11000061035156,25.520000457763672,17.362396240234375,91797500,20.498053872808537,0.0597433608735422,0.0668400991250421,0.1466034105915278,0.0293729401094971,0.0725177778288738,0.1477617156155667,1,1,1
2023-01-18,0,25.84000015258789,26.030000686645508,25.0,25.06999969482422,17.056241989135742,69692900,18.826958440786985,-0.0177904961770341,0.0398750212706044,0.1283593560224581,0.0293700975595785,0.072509787961271,0.1477551105755445,-1,1,1
2023-01-19,0,25.0,25.950000762939453,24.790000915527344,25.88999938964844,17.614126205444336,75553300,19.08571928176092,0.0321849696208405,0.0642038821161213,0.1456891448045216,0.029370952154576,0.0725071017191416,0.1477533620748141,1,1,1
2023-01-20,0,25.88999938964844,26.600000381469727,25.420000076293945,26.3700008392334,17.940692901611328,114219500,21.49005410066935,0.0183702737410153,0.0682620013789468,0.1336942487117595,0.0293681571357888,0.0725055411047197,0.1477481704126852,1,1,1
2023-01-23,0,26.270000457763672,27.600000381469727,26.1299991607666,26.790000915527344,18.22643280029297,87678100,23.16630001558668,0.0158014129415558,0.0865022353411,0.1280538688428675,0.0293649060009487,0.0725099152334575,0.1477414628442717,1,1,1
2023-01-24,0,27.46999931335449,27.530000686645508,26.3700008392334,26.600000381469727,18.09716987609864,65794000,23.813733520279904,-0.0071173264948964,0.1011921945050233,0.1032741306327456,0.0293606540785105,0.0725200873272841,0.1477289203005981,-1,1,1
2023-01-25,0,26.549999237060547,27.07999992370605,26.01000022888184,26.940000534057617,18.328487396240234,51832900,23.94402301725935,0.0127009721735425,0.0541498058050237,0.0699477418054777,0.0293569476625195,0.0725148859233321,0.147710577558894,1,1,1
2023-01-26,0,27.09000015258789,27.200000762939453,25.799999237060547,26.25,17.859046936035156,73344800,24.61031809334684,-0.0259463268026649,0.0459939751793931,0.0511928848171435,0.0293560061961268,0.0725079815612828,0.1476900044450661,-1,1,1
2023-01-27,0,26.18000030517578,26.229999542236328,25.440000534057617,25.6200008392334,17.430431365966797,47681900,24.93261757329148,-0.0242926032771319,-0.0104835977185795,0.0201070955829801,0.0293546237734977,0.0724970693668879,0.1476673618191193,-1,-1,1
2023-01-30,0,25.850000381469727,26.06999969482422,25.51000022888184,25.75,17.518875122070312,40683200,25.309187414131767,0.0050612703822904,-0.0237926010773044,0.0375908929418826,0.0293502246171846,0.0724871946988494,0.1476456481562633,1,-1,1
2023-01-31,0,25.6299991607666,26.209999084472656,25.520000457763672,26.06999969482422,17.736587524414062,54048900,24.048822279188823,0.0123507197742574,-0.0272432942446028,0.0621122659949483,0.0293464805871493,0.0724777146372237,0.1476263133090912,1,-1,1
2023-02-01,0,26.06999969482422,26.479999542236328,25.450000762939453,25.709999084472656,17.49165916442871,56349200,23.64590252757016,-0.0139054497250232,-0.0340314174747296,0.1148700397274306,0.0293430002073342,0.0724691541635196,0.1476163609883256,-1,-1,1
2023-02-02,0,25.51000022888184,25.809999465942383,24.420000076293945,24.520000457763672,16.682052612304688,83823000,23.77990819006011,-0.0473907004837452,-0.0941230901320176,0.0931103134349421,0.0293503480018906,0.0724772504605342,0.1476018338857514,-1,-1,1
2023-02-03,0,24.540000915527344,25.3799991607666,24.420000076293945,24.790000915527344,16.865745544433594,71170700,22.09560886898093,0.0109512264927197,-0.0572255368366328,0.0727745724831543,0.0293464406245254,0.0724732923165987,0.1475839365385752,1,-1,1
2023-02-06,0,24.8700008392334,25.8700008392334,24.75,25.780000686645508,17.539289474487305,82794500,21.80610081602192,0.0391588031134385,0.0062258695539376,0.0765578747487184,0.0293498979083585,0.0724621789633794,0.1475666064907953,1,0,1
2023-02-07,0,25.90999984741211,26.13999938964844,25.459999084472656,25.6200008392334,17.430431365966797,55311800,21.356513865455355,-0.0062258695539376,-0.0050612703822904,0.0762120794008227,0.0293455966383258,0.0724510912863144,0.1475492291805389,-1,0,1
2023-02-08,0,25.799999237060547,26.14999961853028,25.559999465942383,26.049999237060547,17.722978591918945,48713100,21.184523337421652,0.0166444154423714,-0.0007675747141765,0.0873953902926403,0.0293425053499415,0.0724399370781889,0.1475336826025402,1,0,1
2023-02-09,0,26.049999237060547,26.31999969482422,25.790000915527344,25.93000030517578,17.641340255737305,38198300,19.92253608042857,-0.004616997236943,0.0085208777739036,0.0736038113782938,0.0293381137982161,0.0724289012697472,0.147515927282875,-1,1,1
2023-02-10,0,25.979999542236328,26.790000915527344,25.93000030517578,26.71999931335449,18.178810119628903,54683100,20.24588630062222,0.0300116107331361,0.0859231889907852,0.0957593133361062,0.0293382677155138,0.0724330711289211,0.1475019240955677,1,1,1
2023-02-13,0,26.690000534057617,26.88999938964844,26.3700008392334,26.799999237060547,18.233238220214844,36726900,20.160417122166503,0.0029895676626376,0.0779615301607031,0.0844367265205539,0.0293338006272316,0.0724344925769694,0.1474858806947855,1,1,1
2023-02-14,0,26.850000381469727,27.059999465942383,26.600000381469727,26.700000762939453,18.165203094482425,35839000,19.5500184776233,-0.003738358155426,0.0350643688918384,0.0831371893857255,0.0293293748096242,0.0724258033607361,0.147469624212478,-1,1,1
2023-02-15,0,26.57999992370605,26.799999237060547,26.299999237060547,26.739999771118164,18.19241714477539,72554100,20.21334352161505,0.0014970207178721,0.0427872591636483,0.1064414957624173,0.02932487963027,0.0724183583222813,0.1474578000189462,0,1,1
2023-02-16,0,26.600000381469727,26.950000762939453,26.489999771118164,26.850000381469727,18.26725578308105,44115700,19.037735254899424,0.0041052887973416,0.0302481325186185,0.0508034236862166,0.0293204580408394,0.0724090285561893,0.1474372941860598,1,1,1
2023-02-17,0,26.670000076293945,26.670000076293945,26.3700008392334,26.440000534057617,17.98831558227539,61085700,18.836297039494184,-0.0153877428651802,0.0194773868903814,0.0532061769980708,0.0293172267016835,0.0723986154793824,0.1474170375573029,-1,1,1
2023-02-22,0,26.0,26.11000061035156,25.690000534057617,25.76000022888184,17.525680541992188,38608500,17.29747092716476,-0.026055147993901,-0.0365893718366558,-0.0050339406166708,0.0293163290530783,0.0723905040960033,0.1473943611896937,-1,-1,0
2023-02-23,0,25.770000457763672,26.790000915527344,25.770000457763672,26.549999237060547,18.06315040588379,73913400,18.03363194681041,0.0302067090492724,-0.0093722304500209,0.0068024946915862,0.0293165512856713,0.0723796154376512,0.1473716135645628,1,-1,0
2023-02-24,0,26.670000076293945,26.700000762939453,25.8700008392334,25.89999961853028,17.620925903320312,64409100,18.57257029071629,-0.0247868062981113,-0.0304206785927063,-0.0337857245480808,0.0293153151478145,0.0723706051831509,0.1473503785317312,-1,-1,-1
2023-02-27,0,25.84000015258789,26.739999771118164,25.809999465942383,26.14999961853028,17.791013717651367,76250600,19.927236854029037,0.0096063149402775,-0.0223113843703009,-0.0170620831129068,0.0293112866966291,0.0723606541826796,0.1473281164424361,1,-1,-1
2023-02-28,0,26.209999084472656,26.920000076293945,25.239999771118164,25.239999771118164,17.171897888183594,130248100,22.39274583931879,-0.0354192785658525,-0.0618359517334949,-0.0651823338523019,0.0293134162945727,0.072357938283905,0.1473104260016717,-1,-1,-1
2023-03-01,0,25.309999465942383,25.43000030517578,24.190000534057617,25.299999237060547,17.21272087097168,109257700,24.79562879809041,0.002374492051504,-0.0440737168168107,-0.036861514998133,0.0293089510781993,0.0723511521757113,0.1472894715790365,0,-1,-1
2023-03-02,1,25.420000076293945,25.670000076293945,24.3700008392334,24.63999938964844,16.76369285583496,124516200,27.64567787313883,-0.0264332877388941,-0.0444518565618038,-0.0390021994598952,0.0293081579008836,0.0723444395523659,0.1472687144246881,-1,-1,-1
2023-03-03,0,24.82999992370605,25.739999771118164,24.450000762939453,25.700000762939453,17.484859466552734,87591800,28.06553902407209,0.0421199248676387,-0.0325386407434376,-0.0019435449745468,0.0293128663120888,0.0723357327158489,0.147246059452608,1,-1,0
2023-03-06,0,25.700000762939453,26.1200008392334,25.3700008392334,25.959999084472656,17.661746978759766,50227400,28.2267221391438,0.010065780091681,0.0023139456463549,-0.0042284846571231,0.0293088910734125,0.0723246478364436,0.1472234493485985,1,0,0
2023-03-07,0,25.71999931335449,25.780000686645508,24.93000030517578,25.100000381469727,17.0766544342041,59052500,28.047325783673266,-0.03368882024623,-0.0409811895401526,-0.0240118551783299,0.0293103902397527,0.0723172995346493,0.1472016040575641,-1,-1,-1
2023-03-08,0,25.14999961853028,25.920000076293945,25.1299991607666,25.420000076293945,17.294363021850586,66220400,28.977148714678748,0.0126683185634976,0.0071064075891974,0.0360471638689129,0.0293067229201802,0.0723062997218944,0.1471800089498953,1,0,1
2023-03-09,0,25.350000381469727,26.229999542236328,25.280000686645508,25.309999465942383,17.219526290893555,68042300,28.65281612485601,-0.0043366221385435,0.0003952933991497,0.0207593152376497,0.0293023471606423,0.0722952267049125,0.1471576468611252,-1,0,1
2023-03-10,0,25.15999984741211,25.57999992370605,24.940000534057617,24.979999542236328,16.99500846862793,48118600,28.02346456062076,-0.0131243079324693,0.0137042732055747,-0.0315237958082581,0.029298788703072,0.0722844998029635,0.1471363333408529,-1,1,-1
2023-03-13,0,24.549999237060547,24.86000061035156,24.100000381469727,24.190000534057617,16.457538604736328,58605500,27.245489504397547,-0.0321360353689515,-0.0605516870310156,-0.0574339616232719,0.0292997499119721,0.0722814566079809,0.1471176603188529,-1,-1,-1
2023-03-14,0,24.280000686645508,24.729999542236328,23.600000381469727,23.76000022888184,16.16499137878418,58916700,24.697265174700348,-0.0179357682289564,-0.0885532353516531,-0.0920141452945997,0.029296978739595,0.0722873615454603,0.1471046892967583,-1,-1,-1
2023-03-15,0,23.32999992370605,23.479999542236328,22.799999237060547,23.34000015258789,15.879243850708008,93708800,23.91824993961425,-0.0178350396200557,-0.0726994547254789,-0.1052321876777125,0.0292941890268431,0.072287780581264,0.1470945548098551,-1,-1,-1
2023-03-16,0,23.39999961853028,23.520000457763672,22.96999931335449,23.26000022888184,15.824814796447754,66821000,21.874618387308324,-0.0034335734954283,-0.0888013467844048,-0.138677371906277,0.0292897828027223,0.0722937545879871,0.1470932186101496,-1,-1,-1
2023-03-17,0,23.100000381469727,23.51000022888184,22.86000061035156,23.51000022888184,15.994902610778809,93502700,21.803256999071404,0.0106908199181863,-0.0737739047276749,-0.1309761196507284,0.0292858922981237,0.0722944926018141,0.1470896381026032,1,-1,-1
2023-03-20,0,23.51000022888184,23.64999961853028,22.88999938964844,22.93000030517578,15.600302696228027,57575200,21.825256323477905,-0.024979766982288,-0.0856293637774938,-0.1522175284775904,0.0292847107049354,0.0722992603900736,0.1470925009541625,-1,-1,-1
2023-03-21,0,23.200000762939453,23.600000381469727,23.07999992370605,23.39999961853028,15.92006778717041,43391200,21.19499928891676,0.0202901207236583,-0.033203207684884,-0.1334244284718044,0.0292823592833398,0.0722906655713389,0.1470895929759011,1,-1,-1
2023-03-22,0,23.38999938964844,23.6200008392334,23.040000915527344,23.32999992370605,15.872442245483398,46435600,20.38503783438224,-0.0029960249922169,-0.0182634644481445,-0.1405257422613628,0.0292779450041185,0.0722803959916541,0.1470887608580122,-1,-1,-1
2023-03-23,0,23.3700008392334,23.670000076293945,22.59000015258789,22.799999237060547,15.511857986450195,74711200,20.359745171056392,-0.0229796505813054,-0.0234080754093941,-0.1481176499774881,0.0292762637453283,0.0722706017744459,0.1470902611491802,-1,-1,-1
2023-03-24,0,22.709999084472656,23.1299991607666,22.479999542236328,22.790000915527344,15.505056381225586,52556800,20.354030766305392,-0.0004385739505229,-0.0204130758644887,-0.1225010759341101,0.0292718036132666,0.0722605237889823,0.147084318635866,0,-1,-1
2023-03-27,0,23.11000061035156,23.36000061035156,22.82999992370605,23.18000030517578,15.770387649536133,39148700,19.66527018791328,0.0169677932560259,-0.014136102526649,-0.1357399917273565,0.0292688188357605,0.072249970215981,0.1470820349363342,1,-1,-1
2023-03-28,0,23.21999931335449,23.63999938964844,23.14999961853028,23.59000015258789,16.049331665039062,29091100,18.70192153083304,0.0175332257742437,0.0283768902298826,-0.0934199596550014,0.0292659353588947,0.0722405515894406,0.1470693117562934,1,1,-1
2023-03-29,0,23.709999084472656,24.040000915527344,23.46999931335449,23.89999961853028,16.260238647460938,49148600,17.335050464612987,0.0130555730760888,0.0211423425823134,-0.08997070151919,0.0292623465948057,0.0722304058069152,0.1470559041168497,1,1,-1
2023-03-30,0,24.25,24.280000686645508,23.68000030517578,23.96999931335449,16.307861328125,56116900,17.052723386523404,0.002924500639684,0.0270628682142144,-0.0516269223136535,0.0292579324735035,0.0722208455669686,0.1470365542360965,0,1,-1
2023-03-31,0,24.0,24.21999931335449,23.209999084472656,23.450000762939453,15.954083442687988,59547800,15.970238235566296,-0.0219324699371619,0.0281100488583579,-0.0759338843023193,0.0292560150184711,0.0722114071639519,0.1470206227541513,-1,1,-1
2023-04-03,0,24.09000015258789,24.5,23.799999237060547,24.489999771118164,16.66164207458496,73931200,16.632236191896176,0.0433943841021538,0.0719430069110348,-0.0061062124612712,0.0292612891178555,0.0722110648095452,0.1469982109117412,1,1,0
2023-04-04,0,24.6299991607666,24.76000022888184,24.100000381469727,24.270000457763672,16.511964797973633,57505700,17.145646039053503,-0.0090239383910393,0.0459512752639694,-0.0572500757199493,0.0292572766834547,0.0722043508846056,0.1469795629443555,-1,1,-1
2023-04-05,0,24.190000534057617,24.530000686645508,23.270000457763672,24.350000381469727,16.56639289855957,93626400,18.76084409448491,0.003290861668864,0.0317089111585899,-0.0640249941427663,0.029252879836362,0.0721953593401737,0.1469618269356914,1,1,-1
2023-04-06,0,24.34000015258789,24.420000076293945,23.950000762939453,24.0,16.328271865844727,29565400,17.419171709604107,-0.0144780434066841,0.0041752946758169,-0.0448142173032204,0.0292495454656437,0.0721843925050605,0.1469417796700535,-1,0,-1
2023-04-10,0,24.030000686645508,24.65999984741211,24.030000686645508,24.51000022888184,16.675249099731445,41455900,17.173899964334442,0.0210274545513451,0.022278248587478,-0.0364550813153729,0.0292473655032084,0.0721743713714133,0.1469209724191957,1,1,-1
2023-04-11,0,24.700000762939453,25.700000762939453,24.6299991607666,25.65999984741211,17.457645416259766,80565000,18.73964962977192,0.045852155228525,0.0900628737531649,0.0137336960516956,0.0292537644497888,0.0721801406336867,0.1468986213601818,1,1,0
2023-04-12,0,25.979999542236328,26.14999961853028,25.18000030517578,25.850000381469727,17.586910247802734,71563400,20.310561054170805,0.0073772039817765,0.0540456936327874,0.0342352079659415,0.0292495920797327,0.0721751055896357,0.1468771536140113,1,1,1
2023-04-13,0,25.850000381469727,26.09000015258789,25.799999237060547,26.030000686645508,17.709375381469727,38852800,20.09009164844628,0.0069392925013595,0.0700089245251864,0.0733105358362525,0.0292453897243693,0.0721741758815891,0.1468597792166497,1,1,1
2023-04-14,0,25.799999237060547,26.39999961853028,25.71999931335449,26.299999237060547,17.89306640625,38421100,19.638324654262654,0.0103191042841525,0.0770371671404749,0.1015654083493615,0.0292414857685604,0.0721753874333572,0.146847339349347,1,1,1
2023-04-17,0,26.239999771118164,26.799999237060547,26.209999084472656,26.709999084472656,18.172008514404297,49427100,19.535458866493794,0.0154691302417456,0.1069843407889047,0.1348695782111633,0.0292382628832194,0.0721880615801978,0.146842837194576,1,1,1
2023-04-18,0,26.709999084472656,27.6200008392334,26.520000457763672,27.38999938964844,18.6346435546875,99478800,20.769543003396283,0.0251399885725547,0.1110968748101143,0.1634431402791462,0.0292370594207572,0.072202579799443,0.146846969052601,1,1,1
2023-04-19,0,27.15999984741211,27.309999465942383,26.450000762939453,26.51000022888184,18.035938262939453,73217800,21.505742317039303,-0.0326560674525889,0.0325886521290003,0.1200962529083709,0.029238218411858,0.0721937062105579,0.1468386451900705,-1,1,1
2023-04-20,0,26.520000457763672,26.979999542236328,26.290000915527344,26.690000534057617,18.15839958190918,54738400,20.40033107233753,0.0067669029778226,0.0319783511250462,0.1518429228684817,0.0292340117942586,0.0721847555548321,0.1468390390292975,1,1,1
2023-04-24,0,26.600000381469727,27.26000022888184,26.5,27.200000762939453,18.5053768157959,43820900,21.051506346428667,0.0189280880086201,0.0439671466323069,0.1504808901534437,0.029231403699584,0.0721776673579067,0.1468390018368332,1,1,1
2023-04-25,0,27.15999984741211,27.5,26.71999931335449,27.09000015258789,18.430538177490234,53854100,21.64930941635299,-0.0040523561272739,0.0295956862208804,0.1494245590183865,0.0292270687035758,0.0721684247322118,0.1468386305650954,-1,1,1
2023-04-26,0,27.1200008392334,27.21999931335449,26.75,26.75,18.199222564697266,40249400,20.311982999077248,-0.0126300954764717,0.0014964605026629,0.1597741141232202,0.0292234931621387,0.0721574796744983,0.1468414839113159,-1,0,1
2023-04-27,0,26.850000381469727,27.18000030517578,25.90999984741211,26.100000381469727,17.75699806213379,115632700,21.888895135645036,-0.024599181700792,-0.0482427097706839,0.1356135063729512,0.0292222487534317,0.0721516536022483,0.1468371123978037,-1,-1,1
2023-04-28,0,23.600000381469727,24.049999237060547,23.14999961853028,23.700000762939453,18.163305282592773,81138500,23.447897321544183,0.0226236703207051,0.0070370280026101,0.1412693834376302,0.0292204361554589,0.0721407918143115,0.1468343103193407,1,0,1
2023-05-02,0,23.700000762939453,23.739999771118164,22.63999938964844,22.739999771118164,17.42757797241211,67911100,24.432198693278327,-0.0413494730944942,-0.0410793480697067,0.0823866845688922,0.0292249412831228,0.0721335940223488,0.1468183292231683,-1,-1,1
2023-05-03,0,22.600000381469727,22.989999771118164,22.420000076293945,22.65999984741211,17.36626625061035,51133700,24.41198259162758,-0.0035242892317111,-0.0635317253100381,0.0658068222610922,0.0292205914266294,0.0721314296649185,0.1467999424370523,-1,-1,1
2023-05-04,0,22.88999938964844,23.3799991607666,22.61000061035156,23.020000457763672,17.64216423034668,57854400,22.758945091443657,0.0157621286094855,-0.0437172405732786,0.0786444502308934,0.029217431648737,0.0721247135589544,0.1467833773992672,1,-1,1
2023-05-05,0,23.299999237060547,24.170000076293945,23.18000030517578,24.0,18.393217086791992,83365200,23.181200529325235,0.0416902282162245,0.0106030831194175,0.1422671483842799,0.0292219309128906,0.0721139865772256,0.146780848332948,1,1,1
2023-05-08,0,24.450000762939453,24.6299991607666,24.209999084472656,24.51000022888184,18.784076690673828,59352300,23.421130106084565,0.0210275663388285,0.0562298311590381,0.1199003306209545,0.0292197615473768,0.0721094625314118,0.1467724237269607,1,1,1
2023-05-09,0,24.40999984741211,24.799999237060547,24.239999771118164,24.59000015258789,18.845388412475582,33978200,23.08263545180727,0.0032587110069437,0.0368648718452768,0.1321829800189375,0.0292153960787116,0.0721012417511778,0.1467670971189376,1,1,1
2023-05-10,0,24.59000015258789,24.81999969482422,24.32999992370605,24.530000686645508,18.79940414428711,41500700,22.661235003758485,-0.0024430625293401,0.0757712824104308,0.1264490558207332,0.0292110196893317,0.0721020386542824,0.1467602772016259,0,1,1
2023-05-11,1,24.1299991607666,25.479999542236328,23.93000030517578,25.43000030517578,19.48915100097656,136878100,26.50103592540132,0.0360327769395572,0.1153283485816993,0.1769598761669744,0.0292132477769312,0.0721184915891206,0.1467688751356226,1,1,1
2023-05-12,0,25.57999992370605,26.739999771118164,25.479999542236328,26.25,20.117584228515625,117237500,27.106722586847457,0.0317363180371843,0.131302538009398,0.1876687396528135,0.0292139755033796,0.072143091031001,0.1467813941489842,1,1,1
2023-05-15,0,26.059999465942383,26.14999961853028,25.39999961853028,25.65999984741211,19.665416717529297,81996700,27.382050393305555,-0.0227326733755555,0.0668796364176179,0.119083911048733,0.029212285117748,0.0721412315382264,0.1467727351237925,-1,1,1
2023-05-16,0,26.11000061035156,27.030000686645508,26.07999992370605,26.299999237060547,20.15590476989746,117782700,29.744293565266105,0.0246356896723593,0.0704877597511486,0.1363423967393157,0.0292109605636768,0.0721403872607589,0.1467684761509942,1,1,1
2023-05-17,0,26.600000381469727,26.76000022888184,25.51000022888184,25.65999984741211,19.665416717529297,107129200,32.1625881420224,-0.0246356896723591,0.0425933590718459,0.1047674145655967,0.0292097413414641,0.0721330770855741,0.1467566242104843,-1,1,1
2023-05-18,0,25.59000015258789,25.850000381469727,25.350000381469727,25.809999465942383,19.78037452697754,63010500,32.61042458197333,0.0058286641631166,0.0508650857643026,0.1002769744445608,0.0292055013378389,0.0721273437653946,0.1467438614136046,1,1,1
2023-05-19,0,26.07999992370605,26.18000030517578,25.63999938964844,25.770000457763672,19.74972152709961,69245500,32.28148416078882,-0.0015508692910772,0.0132814395336682,0.0832569749117379,0.0292011158150096,0.0721167610217935,0.1467280274143793,0,1,1
2023-05-22,0,25.8799991607666,26.01000022888184,25.5,25.6200008392334,19.63476181030273,38010200,31.55017147344789,-0.0058378342709437,-0.0242927127744597,0.0522791520682396,0.0291969046310982,0.0721072431286355,0.1467081445015225,-1,-1,1
2023-05-23,0,25.64999961853028,26.43000030517578,25.520000457763672,26.25,20.117584228515625,58285300,32.60624820091805,0.0242927127744597,0.0227326733755554,0.1092279322952881,0.0291955003786584,0.0720973332841135,0.1466972448438021,1,1,1
2023-05-24,0,26.25,26.89999961853028,26.049999237060547,26.64999961853028,20.42414093017578,54796400,33.27887448696407,0.0151233102818637,0.01322029398506,0.1175843395993292,0.0291922514244125,0.0720867615735003,0.1466882237237431,1,1,1
2023-05-25,0,26.799999237060547,26.84000015258789,26.190000534057617,26.450000762939453,20.27086067199707,49182700,29.96384651757912,-0.007533160192263,0.0303228234651562,0.0911230913984461,0.029188166631536,0.0720776626911445,0.1466737454014318,-1,1,1
2023-05-26,0,26.809999465942383,26.90999984741211,26.530000686645508,26.799999237060547,20.539093017578125,39866600,26.908659000627445,0.013145626693122,0.0376397859951616,0.1083210742188422,0.029184636835901,0.0720695683155858,0.1466626484701147,1,1,1
2023-05-29,0,26.75,26.81999969482422,26.559999465942383,26.690000534057617,20.45479202270508,17977100,24.438689296990404,-0.0041128628635197,0.0350777924227191,0.1168383068317941,0.0291803430194822,0.072061100390481,0.1466534490473746,-1,1,1
2023-05-30,0,26.71999931335449,26.799999237060547,26.26000022888184,26.38999938964844,20.224878311157227,45736700,21.563501487825995,-0.0113037376039602,0.0296118890897024,0.1301337509286258,0.029176638092747,0.0720519253328209,0.1466475075814373,-1,1,1
2023-05-31,0,26.270000457763672,26.36000061035156,25.8700008392334,26.1200008392334,20.017955780029297,49207600,19.337747795033675,-0.0102837863888332,-0.0049646100735904,0.0972262942190877,0.0291728188811086,0.0720411580558859,0.1466341589954834,-1,0,1
2023-06-01,0,26.299999237060547,27.0,26.15999984741211,26.959999084472656,20.66171646118164,63148200,19.45358672530727,0.0316528818302131,0.0115649614747589,0.170228649143795,0.0291735273149401,0.0720305352559007,0.146640239387052,1,1,1
2023-06-02,0,27.43000030517578,27.600000381469727,27.11000061035156,27.18000030517578,20.830322265625,39919300,18.38992932609124,0.0081271847644238,0.0272253064314458,0.1818801231399302,0.0291694662070708,0.072021102102978,0.1466504135681416,1,1,1
2023-06-05,0,27.540000915527344,27.559999465942383,27.229999542236328,27.46999931335449,21.052574157714844,39321700,18.551650031984146,0.0106131140506783,0.0246927937890021,0.1767311085811232,0.0291656410302432,0.0720114116118189,0.1466587097040019,1,1,1
2023-06-06,0,27.450000762939453,28.25,27.209999084472656,28.049999237060547,21.4970760345459,75426600,19.442368210164865,0.020894087062506,0.0496997437150281,0.1559349674274046,0.0291634611665903,0.0720054736820945,0.1466600638240361,1,1,1
2023-06-07,0,28.64999961853028,29.059999465942383,28.43000030517578,28.8700008392334,22.125513076782227,82330400,20.83617763601181,0.0288144530443894,0.0898179343633778,0.1637218541329655,0.0291632884748648,0.0720109986113192,0.1466638875288221,1,1,1
2023-06-09,0,29.100000381469727,30.38999938964844,29.020000457763672,30.280000686645508,23.20611572265625,80442400,22.56204705568348,0.0476844721325971,0.1477861928848082,0.208147615258619,0.029170492102573,0.0720449151711654,0.1466842458516212,1,1,1
2023-06-12,0,30.21999931335449,30.989999771118164,30.040000915527344,30.809999465942383,23.61229705810547,119350400,26.529203963706276,0.0173517854413719,0.1334850964959669,0.2279424632293312,0.0291676194937852,0.0720704684650438,0.1467132401769873,1,1,1
2023-06-13,0,29.239999771118164,29.239999771118164,28.59000015258789,28.86000061035156,23.56622314453125,79174900,29.501893984090845,-0.0019531739454125,0.1234047377861304,0.1899565123443614,0.0291632699799821,0.0720906418950138,0.1467262535389106,0,1,1
2023-06-14,0,28.940000534057617,30.100000381469727,28.8799991607666,30.100000381469727,24.57876968383789,98326000,32.46183989162158,0.042068585174381,0.1548602089098331,0.2002887794815582,0.029167882814427,0.0721288059345029,0.1467432724610808,1,1,1
2023-06-15,0,30.200000762939453,30.850000381469727,29.280000686645508,29.38999938964844,23.999004364013672,120579500,36.24930043590193,-0.0238707046844475,0.1100954171628793,0.199150748172666,0.0291665041902458,0.0721425108070023,0.1467598006042167,-1,1,1
2023-06-16,0,29.229999542236328,29.920000076293945,29.040000915527344,29.63999938964844,24.20314598083496,94572000,38.20218848655374,0.0084702792668695,0.0897512433853596,0.1829853377671764,0.0291624799087922,0.0721478668448838,0.146770123145008,1,1,1
2023-06-19,0,29.6299991607666,30.459999084472656,29.549999237060547,30.420000076293945,24.84007453918457,34573900,38.25633173143624,0.0259756339115693,0.0680424051643317,0.233596661351105,0.0291615065608707,0.0721462303179908,0.1468015139275078,1,1,1
2023-06-20,0,30.299999237060547,30.75,29.89999961853028,30.56999969482422,24.962560653686523,55605300,39.36796894879795,0.0049188706980294,0.0556094904209891,0.2326868678860178,0.0291572503707463,0.0721414761269808,0.1468324216139944,1,1,1
2023-06-21,0,30.93000030517578,32.0,30.850000381469727,31.850000381469727,26.007768630981445,89294300,40.75872498280968,0.0410181583597498,0.0985808227261517,0.2752558955368449,0.0291614068590299,0.0721502006208009,0.1468849701238254,1,1,1
2023-06-22,0,31.459999084472656,31.690000534057617,31.07999992370605,31.450000762939453,25.68113899230957,43455800,39.35861561905877,-0.012638455769615,0.0438737817821554,0.2684552740381735,0.029157899214328,0.0721430927679727,0.1469337113109771,-1,1,1
2023-06-23,0,31.200000762939453,31.280000686645508,29.88999938964844,30.15999984741211,24.62776565551757,76023400,39.36959023460595,-0.0418823394855457,0.0258621469810572,0.202280221778168,0.0291626551363793,0.0721335007102126,0.1469512191589963,-1,1,1
2023-06-26,0,30.1200008392334,31.049999237060547,30.1200008392334,30.84000015258789,25.183029174804688,53635000,36.45779752347622,0.0222958305711558,0.0396876982853435,0.2094527420674598,0.0291607812494736,0.0721256993898285,0.1469716310543069,1,1,1
2023-06-27,0,30.93000030517578,31.200000762939453,30.34000015258789,30.600000381469727,24.9870548248291,48399600,35.1551510301414,-0.0078124384538557,0.0058996259199184,0.2091734638058671,0.0291567560091897,0.0721149354171775,0.1469918858778902,-1,0,1
2023-06-28,0,30.57999992370605,31.18000030517578,30.549999237060547,30.88999938964844,25.223859786987305,36794600,32.20132188004343,0.0094324797598635,0.0104132349817526,0.2054603168726086,0.0291528275810449,0.0721042979772297,0.1470105692347016,1,1,1
2023-06-29,0,31.0,31.1200008392334,30.76000022888184,31.030000686645508,25.33818244934082,32071800,28.071785984327807,0.0045220822622875,-0.0260828411157097,0.2140952619984159,0.0291485633521462,0.0720951038944791,0.1470328157065042,1,-1,1
2023-06-30,0,31.0,31.07999992370605,29.31999969482422,29.530000686645508,24.113327026367188,104262900,28.518612475418404,-0.0495477694744975,-0.0629921548205922,0.1758512301278787,0.0291569262316504,0.0720929876802835,0.1470402377415272,-1,-1,1
2023-07-03,0,29.71999931335449,30.18000030517578,29.71999931335449,30.07999992370605,24.562440872192383,31266900,28.3383883712768,0.0184538060869222,-0.0026560092481241,0.2045888226036342,0.029154266531435,0.0720822423936254,0.1470584582213711,1,0,1
2023-07-04,0,29.959999084472656,30.38999938964844,29.959999084472656,30.14999961853028,24.61959648132324,18308000,26.47851173619901,0.0023242483612541,-0.0226275914580257,0.1752601891346752,0.0291499352088798,0.072072684538688,0.1470656236679485,0,-1,1
2023-07-05,0,30.15999984741211,30.549999237060547,29.65999984741211,30.11000061035156,24.58693504333496,53585500,24.484643625134044,-0.0013275246912526,-0.0161426776954226,0.1658054796789986,0.0291455971624399,0.0720625652950784,0.1470695915417742,0,-1,1
2023-07-06,0,29.850000381469727,30.0,29.14999961853028,29.64999961853028,24.211313247680664,47685700,24.561114972823027,-0.0153951925605818,-0.0409703500158681,0.1397971730677382,0.0291425035641671,0.0720555570745657,0.1470657528757518,-1,-1,1
2023-07-07,0,29.76000022888184,30.200000762939453,29.36000061035156,29.5,24.08882713317871,55533500,23.50042971782129,-0.005071884930585,-0.0505643172087406,0.1138312010746471,0.0291383017949148,0.0720504343720112,0.1470555107216191,-1,-1,1
2023-07-10,0,29.11000061035156,29.670000076293945,29.01000022888184,29.549999237060547,24.129653930664062,25590200,22.04555240808718,0.0016934090971325,0.0006768613628892,0.0867101571273901,0.0291339668726533,0.0720396750879668,0.147040059636771,0,0,1
2023-07-11,0,29.530000686645508,29.530000686645508,29.0,29.14999961853028,23.803028106689453,40877000,21.576538725912563,-0.013628733705852,-0.0314056784298849,0.0253969512889411,0.0291306103390304,0.0720311751984462,0.1470183758269487,-1,-1,1
2023-07-12,0,29.200000762939453,29.770000457763672,29.13999938964844,29.170000076293945,23.8193588256836,40181800,21.634087975786425,0.0006858421295628,-0.0330440846615762,0.0087310079771319,0.0291262695859106,0.0720229075411896,0.1469963323487448,0,-1,0
2023-07-13,0,29.06999969482422,29.71999931335449,29.040000915527344,29.6299991607666,24.19497871398925,35886500,21.744476282293977,0.0156464743886299,-0.0160700855816936,0.0263306563111744,0.0291231411532613,0.0720128050059457,0.1469747053972235,1,-1,1
2023-07-14,0,29.5,29.57999992370605,28.86000061035156,29.049999237060547,23.721370697021484,34451100,18.3773896907466,-0.0197687614636181,-0.0204436544847299,-0.0355066903268247,0.029120854601131,0.0720030658254701,0.146954449488838,-1,-1,-1
2023-07-17,0,28.40999984741211,29.09000015258789,27.950000762939453,28.989999771118164,23.6723747253418,52160800,19.303599723693974,-0.0020676141418227,-0.0174393836959676,-0.0137035997841998,0.0291165458206106,0.0719930754531716,0.1469328326098428,0,-1,0
2023-07-18,0,29.0,29.200000762939453,28.709999084472656,28.82999992370605,23.54172706604004,35640400,20.07408976531455,-0.0055342784381594,-0.0246670712312596,-0.027708157489229,0.0291123826785444,0.0719837658250968,0.1469119931405429,-1,-1,-1
2023-07-19,0,28.809999465942383,29.1299991607666,28.56999969482422,29.100000381469727,23.7622013092041,46517700,19.65314839276572,0.0093216714643838,-0.0017166660610237,-0.0443621199364144,0.0291084704877009,0.0719730592449682,0.1468925954976211,1,0,-1
2023-07-20,0,29.06999969482422,29.350000381469727,28.8799991607666,29.1299991607666,23.786693572998047,33177100,18.92817942913045,0.0010301928581411,-0.0013723153324452,-0.0482507977763026,0.0291041429034627,0.0719623530350042,0.1468736211746721,0,0,-1
2023-07-21,0,29.14999961853028,29.86000061035156,29.1299991607666,29.68000030517578,24.235811233520508,52059200,18.777296441401692,0.0187050116163029,0.0016862218952276,-0.0705639445197495,0.0291015531817914,0.071951634024321,0.1468576343734904,1,0,-1
2023-07-24,0,29.799999237060547,30.40999984741211,29.76000022888184,30.299999237060547,24.74208641052246,45268100,19.77447541108651,0.0206743545265278,0.0421293378853737,-0.0372511342236065,0.0290993545983716,0.0719443276040602,0.1468375777682775,1,1,-1
2023-07-25,0,30.5,31.049999237060547,30.200000762939453,31.0,25.313684463500977,56261000,20.669727421390277,0.0228394404941032,0.0670363925212998,0.0274706457560425,0.0290976310784507,0.0719424865923329,0.1468160787309188,1,1,1
2023-07-26,0,30.950000762939453,31.21999931335449,30.6299991607666,31.0,25.313684463500977,45880200,21.07509619942779,0.0,0.0725706709594592,0.0051748151848867,0.0290933075697419,0.0719422029406412,0.1467941258332916,0,1,0
2023-07-27,0,30.850000381469727,30.88999938964844,29.3799991607666,29.38999938964844,23.999004364013672,86471900,23.470031057978424,-0.0533327927370997,0.0099162067579754,-0.0403455390983573,0.0291036521224531,0.0719316426955071,0.1467743799531113,-1,1,-1
2023-07-28,0,29.43000030517578,29.950000762939453,29.31999969482422,29.76000022888184,24.301136016845703,43608600,23.95123628469564,0.012510754263541,0.0213967681633753,-0.0372672645946799,0.0291000958144909,0.0719217542638522,0.1467543604460346,1,1,-1
2023-07-31,0,30.299999237060547,31.14999961853028,30.299999237060547,31.11000061035156,25.403505325317383,91290800,26.10284120766469,0.0443640705182378,0.0470558270653102,0.0025747236612702,0.0291056949215957,0.0719153296969487,0.1467324481332929,1,1,0
2023-08-01,0,31.09000015258789,31.09000015258789,29.950000762939453,30.600000381469727,24.9870548248291,75752400,28.19383985746112,-0.0165292856834214,0.0098521868553607,0.0355932074523465,0.029102814565074,0.0719047799805841,0.1467114187616479,-1,1,1
2023-08-02,0,30.51000022888184,30.57999992370605,29.799999237060547,30.530000686645508,24.929895401000977,62068400,29.07087427215304,-0.0022901819342985,-0.0152774355730409,0.0148492194311256,0.0290985297230818,0.0718946850790229,0.1466895912465179,0,-1,1
2023-08-03,0,30.93000030517578,31.1299991607666,30.6200008392334,30.920000076293945,25.24835968017578,57304400,30.37585959057599,0.0126934886310946,-0.0025839469419462,0.0252184597009662,0.0290950001304383,0.0718840412089516,0.1466680673872302,1,0,1
2023-08-04,1,30.700000762939453,31.13999938964844,29.739999771118164,30.0,24.497114181518555,120685800,33.73869746156495,-0.0302058683461927,0.0205429774489607,-0.0036598839539739,0.029095418776638,0.071874105534455,0.1466462785887981,-1,1,0
2023-08-07,0,29.86000061035156,30.5,29.86000061035156,30.190000534057617,24.65226173400879,44984900,33.716775929333885,0.0063133280911067,0.0143455512765265,0.0180486366977145,0.0290912919057352,0.0718637689333989,0.1466245475787809,1,1,1
2023-08-08,0,29.90999984741211,30.38999938964844,29.71999931335449,30.21999931335449,24.67675971984864,34771300,32.59342658364786,0.0009932484826113,-0.0290252707591,0.0241137701109111,0.0290869831860102,0.0718550425815211,0.1466030109056443,0,-1,1
2023-08-09,0,30.209999084472656,30.71999931335449,30.15999984741211,30.459999084472656,24.87273597717285,48561500,32.685616209122514,0.0079103642320571,-0.0045856208436214,0.0303307252458357,0.0290829712999105,0.0718444602208243,0.1465817505558697,1,0,1
2023-08-10,0,30.299999237060547,30.86000061035156,30.1200008392334,30.6299991607666,25.011552810668945,54020200,31.24879304286273,0.0055655676444955,0.0032701287351726,0.0495250265961833,0.0290788065694185,0.071833808833755,0.1465618186969204,1,0,1
2023-08-11,0,30.61000061035156,31.040000915527344,30.15999984741211,30.559999465942383,24.95439338684082,39403200,31.09708533889524,-0.002287936209046,-0.011711296104968,0.0465512482575745,0.0290745341268225,0.0718235230696673,0.1465416415602162,0,-1,1
2023-08-14,0,30.479999542236328,30.739999771118164,30.270000457763672,30.63999938964844,25.019718170166016,27992700,27.88509093306398,0.0026143464484619,0.0211089186896866,0.0335191203174064,0.0290702583016023,0.0718136599351415,0.1465205750691239,0,1,1
2023-08-15,0,32.04999923706055,32.150001525878906,30.850000381469727,30.86000061035156,25.199363708496094,87366200,28.497717794107444,0.0071545037424362,0.021950094341016,0.0604423855234607,0.0290661976381021,0.0718038699466157,0.1465017512941592,1,1,1
2023-08-16,0,31.0,31.979999542236328,30.8799991607666,31.540000915527344,25.75463104248047,74461000,29.232602011581587,0.0217957127135113,0.0427525585719161,0.0843057123787948,0.0290642550254048,0.0717967211851575,0.146486144331394,1,1,1
2023-08-17,0,31.75,32.189998626708984,31.309999465942383,31.440000534057617,25.672975540161133,57570600,29.294444449582016,-0.0031755540016011,0.0316666403382577,0.0866644368153532,0.0290600172045123,0.0717879471299737,0.1464709212175844,-1,1,1
2023-08-18,0,31.40999984741211,31.68000030517578,31.18000030517578,31.520000457763672,25.738300323486328,45579700,25.755894549561063,0.0025412642414942,0.0286423369352564,0.0798840295924635,0.0290557466939716,0.0717788204910269,0.1464546405597134,0,1,1
2023-08-21,0,31.700000762939453,32.029998779296875,30.96999931335449,31.299999237060547,25.55865478515625,42236900,25.69743591058453,-0.0070041690535297,0.0239261040907727,0.0718496676807925,0.0290517216664397,0.0717692181700709,0.1464372285816033,-1,1,1
2023-08-22,0,30.5,30.61000061035156,30.239999771118164,30.61000061035156,25.9480037689209,31372200,25.610134332074946,0.0151186821641718,0.0364304398064824,0.0682633382286613,0.029048549206305,0.0717610899302405,0.1464193577819451,1,1,1
2023-08-23,0,31.200000762939453,32.2400016784668,31.09000015258789,32.2400016784668,27.32975196838379,95507400,28.39273358894324,0.0518812438648194,0.0811571799288659,0.099470227566953,0.0290577927712409,0.0717634952375388,0.1464064079745711,1,1,1
2023-08-24,0,32.27000045776367,32.720001220703125,31.84000015258789,32.189998626708984,27.2873649597168,49332300,28.382850763488072,-0.0015521513972476,0.057809315818107,0.0750786356756021,0.0290535189163017,0.0717593698743261,0.1463894514825043,0,1,1
2023-08-25,0,32.380001068115234,32.470001220703125,31.799999237060547,31.96999931335449,27.10087203979492,34079000,28.264365979676427,-0.0068578671092105,0.0541270027104975,0.0682207685663916,0.0290494895054653,0.0717544198035101,0.1463715912652085,-1,1,1
2023-08-28,0,32.099998474121094,32.34000015258789,31.86000061035156,32.33000183105469,27.40604591369629,24956100,28.23178157238899,0.011197736879941,0.0627834753489441,0.1327512981834323,0.0290458061736447,0.0717514915430664,0.1463660611914415,1,1,1
2023-08-29,0,32.400001525878906,32.5,31.989999771118164,32.400001525878906,27.46538543701172,40607500,26.07633573742008,0.0021628576104914,0.0719505020129655,0.1224034015303828,0.0290415382609498,0.0717510372908199,0.1463579811617162,0,1,1
2023-08-30,0,32.40999984741211,32.70000076293945,32.29999923706055,32.619998931884766,27.65187644958496,34637900,24.17161969478199,0.0067670895781957,0.0635989094269894,0.0848064205903407,0.0290374671675149,0.0717483080629449,0.1463424884398056,1,1,1
2023-08-31,0,32.709999084472656,32.790000915527344,31.8799991607666,31.940000534057617,27.07544136047364,48971500,23.86984627004946,-0.021066495870059,-0.0093488303078891,0.0802692104037031,0.0290355026178773,0.071737967371068,0.1463262996061864,-1,-1,1
2023-09-01,0,32.209999084472656,32.689998626708984,31.959999084472656,32.630001068115234,27.660356521606445,50089200,24.291186214315804,0.0213731214258323,0.0135764425151908,0.1039325137638338,0.0290334781330597,0.0717276627896438,0.1463142228359406,1,1,1
2023-09-04,0,32.68000030517578,32.720001220703125,32.209999084472656,32.290000915527344,27.37213706970215,21667400,23.325972217369912,-0.0104746148436501,0.0099596947807512,0.0807644102890888,0.0290297882908906,0.0717172140412323,0.1462981155518667,-1,1,1
2023-09-05,0,32.27000045776367,33.4900016784668,32.220001220703125,33.369998931884766,28.28764533996582,75082900,25.92509947037104,0.0328995481648054,0.0316615060656156,0.143869826800087,0.02903090489328,0.071708468437254,0.1462955401546449,1,1,1
2023-09-06,0,33.349998474121094,33.79999923706055,33.220001220703125,33.52000045776367,28.414804458618164,57856500,24.007883051210648,0.0044851441964333,0.0339837926515574,0.1420416429054137,0.029026717701714,0.0717000222220399,0.1462924498533148,1,1,1
2023-09-08,0,33.47999954223633,33.66999816894531,33.2599983215332,33.400001525878906,28.313081741333008,39074100,23.531977621480294,-0.0035863429127311,0.0236303601606306,0.1374620515100713,0.0290225205408025,0.0716904289967587,0.1462881155492302,-1,1,1
2023-09-11,0,33.470001220703125,33.689998626708984,33.33000183105469,33.369998931884766,28.28764533996582,30276200,23.39877781505749,-0.0008988012837022,0.0437980547469874,0.1286528859943119,0.0290182557800451,0.0716834851592539,0.1462815189459038,0,1,1
2023-09-12,0,33.54999923706055,33.779998779296875,33.4900016784668,33.529998779296875,28.42327880859375,31963000,23.844333894582583,0.0047833368711771,0.0272082701923323,0.1278706552209934,0.0290140872901611,0.0716742456450167,0.1462747245384185,1,1,1
2023-09-13,0,33.650001525878906,33.70000076293945,33.029998779296875,33.029998779296875,27.999431610107425,47685700,24.280616771596904,-0.0150242754447445,0.022658609591238,0.1151343159852948,0.0290110101839993,0.0716645775575608,0.1462649667080377,-1,1,1
2023-09-14,0,33.099998474121094,34.0,33.099998474121094,33.869998931884766,28.71149635314941,46502100,25.029361204083788,0.0251134020249164,0.014872463451349,0.1376333715617496,0.0290098637612864,0.0716543716091646,0.1462606523951114,1,1,1
2023-09-15,0,33.869998931884766,33.9900016784668,33.61000061035156,33.88999938964844,28.728450775146484,54801500,25.522325178892498,0.0005903355882826,0.0109776548431983,0.131069203407596,0.0290055989492401,0.0716439925967074,0.1462546367315922,0,1,1
2023-09-18,0,34.0,34.709999084472656,33.849998474121094,34.130001068115234,28.931900024414062,52363400,25.77926206144113,0.0070568455010863,0.0216208432570157,0.1163303361951709,0.0290015663531429,0.0716342502550595,0.1462451319799967,1,1,1
2023-09-19,0,34.209999084472656,34.619998931884766,34.06999969482422,34.209999084472656,28.999711990356445,43247200,27.09100320994974,0.00234110512571,0.0248607496664281,0.1218469953224822,0.0289973257569428,0.0716247965587545,0.1462368767192752,0,1,1
2023-09-20,0,34.150001525878906,34.61000061035156,34.0099983215332,34.290000915527344,29.067533493041992,39102300,25.131921663275563,0.0023359652403437,0.0224133780355948,0.1216416963213318,0.0289930869147428,0.071615127594935,0.1462285703193515,0,1,1
2023-09-21,0,34.0,34.290000915527344,33.630001068115234,33.7599983215332,28.618247985839844,60109400,25.283210717635104,-0.0155773079836579,0.0218603454966815,0.1130685573912037,0.0289901075575975,0.0716054164575921,0.1462183474959922,-1,1,1
2023-09-22,0,34.02000045776367,34.189998626708984,33.810001373291016,34.029998779296875,28.84712791442871,31020500,24.86362737270958,0.007965879812129,0.0047128232838938,0.1059157550391609,0.028986148514996,0.0715949052080195,0.1462066416097013,1,0,1
2023-09-25,0,33.95000076293945,34.33000183105469,33.93000030517578,34.25,29.03361892700196,26767200,24.7062880286294,0.0064439962539418,0.0105664839495532,0.0604785074282833,0.0289820848274269,0.0715845373035193,0.146187941154908,1,1,1
2023-09-26,0,34.0,34.09000015258789,33.459999084472656,33.459999084472656,28.363943099975582,60687500,26.31918074602918,-0.0233357025180429,-0.019826064069576,0.0386949563074879,0.0289806624620677,0.0715749846386753,0.1461673738412831,-1,-1,1
2023-09-27,0,33.86000061035156,34.52000045776367,33.779998779296875,34.52000045776367,29.262500762939453,53708700,26.78841527634193,0.0311881295144345,0.0090209603191484,0.076740952931133,0.028981237796475,0.0715645756318532,0.1461507112135555,1,1,1
2023-09-28,0,34.45000076293945,34.540000915527344,34.209999084472656,34.45000076293945,29.203163146972656,30765000,25.921870070494435,-0.002029828530873,0.0046551665479316,0.063513387520319,0.028977015799972,0.0715540820817079,0.1461323685419129,0,0,1
2023-09-29,0,34.5,34.689998626708984,34.25,34.63999938964844,29.36422348022461,40227600,25.14183779962953,0.0055000145485528,0.0257324890801424,0.0668505444583804,0.0289729040303224,0.0715447456142565,0.1461144241280871,1,1,1
2023-10-02,0,34.54999923706055,34.77000045776367,33.93000030517578,34.119998931884766,28.92341995239257,34403400,24.11020395319471,-0.0151253989928127,0.0026412102752007,0.044958055887372,0.0289698634109574,0.0715342463849348,0.1460943278166425,-1,0,1
2023-10-03,0,33.970001220703125,34.22999954223633,33.630001068115234,33.970001220703125,28.796266555786133,37947300,23.789913119829816,-0.0044059006550477,-0.008208686633789,0.0616186511023834,0.0289657314629761,0.0715239590051715,0.1460757935657899,-1,-1,1
2023-10-04,0,33.599998474121094,33.709999084472656,32.38999938964844,32.619998931884766,27.65187644958496,88895900,26.41217395709818,-0.0405521552323243,-0.0254251393480704,-0.0003066255557732,0.0289699279582357,0.0715149953485325,0.1460543209603612,-1,-1,0
2023-10-05,0,32.5099983215332,32.939998626708984,32.290000915527344,32.72999954223633,27.7451229095459,35342000,24.944501184365397,0.0033664837122884,-0.0532467851502164,0.0135344730001654,0.0289657337227185,0.0715107341160923,0.1460328448722164,1,-1,0
2023-10-06,0,32.599998474121094,33.81999969482422,32.33000183105469,33.5099983215332,28.40632438659668,48132800,25.8819123197833,0.0235517363053232,-0.0276652203140202,0.0041866611406833,0.0289642259182578,0.0715020359234269,0.1460113446812594,1,-1,0
2023-10-09,0,34.150001525878906,35.08000183105469,34.099998474121094,34.95000076293945,29.627010345458984,77528400,28.89756256624244,0.0420746468708606,0.0089094120082874,0.0417761638151105,0.0289687995714333,0.071491659616155,0.1459910593388509,1,1,1
2023-10-10,0,34.900001525878906,35.34000015258789,34.7400016784668,35.209999084472656,29.847410202026367,48326500,28.344120915376216,0.0074116187583287,0.0314464297594289,0.0527741254861704,0.0289648157988923,0.0714829813698305,0.1459716734497931,1,1,1
2023-10-11,0,35.13999938964844,35.25,34.4900016784668,35.119998931884766,29.7711181640625,41578500,27.681750328173436,-0.0025593412551069,0.0332929891593697,0.0511135855147657,0.0289606214185147,0.0714745370052227,0.1459521450654039,0,1,1
2023-10-13,0,35.790000915527344,36.36000061035156,35.779998779296875,36.27999877929688,30.75444602966309,66943700,29.984247836037586,0.0324958357129616,0.1063409801046557,0.0788260843565503,0.0289616131525949,0.0714864273656902,0.1459358557041853,1,1,1
2023-10-16,0,36.400001525878906,36.79999923706055,35.959999084472656,36.68000030517578,31.093524932861328,49626600,30.702180176384186,0.0109650258610932,0.1139395222534606,0.1048153856623882,0.0289579510060564,0.0715016625044952,0.1459240058241279,1,1,1
2023-10-17,0,36.70000076293945,37.66999816894531,36.630001068115234,37.66999816894531,31.93274307250977,68814800,33.08801708519565,0.0266323159859381,0.1170201019340754,0.1063342996234096,0.0289572096397639,0.071518301553501,0.1459124574245213,1,1,1
2023-10-18,0,37.9900016784668,38.61000061035156,37.90999984741211,38.52000045776367,32.65328598022461,85931700,36.4874743320333,0.0223135812594667,0.0972590363226817,0.1280575452945938,0.0289554153036218,0.0715264120497332,0.1459057218646424,1,1,1
2023-10-19,0,38.36000061035156,38.470001220703125,37.91999816894531,38.34000015258789,32.500701904296875,56016600,35.222390425058926,-0.0046838070801686,0.0851636104841841,0.1163168927133387,0.0289513141409061,0.0715300943993285,0.1458962636767383,-1,1,1
2023-10-20,0,38.68999862670898,38.86000061035156,37.38999938964844,37.84999847412109,32.0853271484375,66242400,37.49405223225824,-0.0128628587025331,0.0748600930367579,0.1011129288850954,0.0289479664851227,0.0715304817501444,0.1458836981724673,-1,1,1
2023-10-23,0,36.59000015258789,36.79999923706055,35.2599983215332,35.349998474121094,29.966083526611328,104499100,40.99458969429165,-0.0683326344587588,-0.0259683771349624,0.0304443291859929,0.0289675026626701,0.0715216276215386,0.1458628142084581,-1,-1,1
2023-10-24,0,35.650001525878906,36.18999862670898,35.16999816894531,35.880001068115234,30.41536903381348,78634900,41.18264750309734,0.0148818479859486,-0.0220515550101073,0.0609034851555993,0.0289643440847974,0.0715123601377578,0.1458442917468352,1,-1,1
2023-10-25,0,36.08000183105469,36.27999877929688,35.75,36.06999969482422,30.5764274597168,32846500,40.3133586925854,0.0052813266544533,-0.0434025443415921,0.0582189319979236,0.0289602429159277,0.0715061257218196,0.1458254938714118,1,-1,1
2023-10-26,0,35.849998474121094,35.93000030517578,35.150001525878906,35.70000076293945,30.262779235839844,47858600,40.73103705677436,-0.0103108182912765,-0.0760269438923355,0.041464117452705,0.0289565891306942,0.0715081131753355,0.1458052699820316,-1,-1,1
2023-10-27,0,36.209999084472656,36.459999084472656,35.16999816894531,35.439998626708984,30.042375564575195,45843100,39.37860374141989,-0.0073096455305495,-0.0786527823427164,0.0574901744401983,0.0289526608147022,0.0715109422685921,0.1457864129479351,-1,-1,1
2023-10-30,0,35.58000183105469,35.720001220703125,34.86000061035156,35.08000183105469,29.737213134765625,31346900,38.16642644473875,-0.0102096748145756,-0.0759995984547588,0.0160923701111882,0.0289489990742765,0.0715129035833315,0.1457651119026716,-1,-1,1
2023-10-31,0,35.0099983215332,35.18000030517578,34.4900016784668,34.7400016784668,29.44899177551269,36965200,35.96616521678166,-0.0097395546158183,-0.0174065186118184,0.0083826440262428,0.0289452899966832,0.0715032318222023,0.145743744482187,-1,-1,0
2023-11-01,0,35.02000045776367,35.540000915527344,34.900001525878906,35.119998931884766,29.7711181640625,46335300,33.13562128670378,0.0108790600338192,-0.0214093065639476,0.0137616895115091,0.028941635649701,0.0714939122670572,0.1457224266630521,1,-1,0
2023-11-03,0,35.790000915527344,35.88999938964844,35.04999923706055,35.540000915527344,30.12714958190918,30959700,31.37389367173722,0.0118880102627386,-0.0148026229556622,0.0407750987670607,0.0289380949833791,0.0714840567411241,0.1457021995435534,1,-1,1
2023-11-06,0,35.7400016784668,36.130001068115234,35.5099983215332,35.5099983215332,30.10171699523925,33583600,29.16246583347553,-0.0008445315220721,-0.0053363361864577,0.0443364679000363,0.0289338892456022,0.071473742719469,0.1456822327136315,0,0,1
2023-11-07,0,35.06999969482422,35.41999816894531,34.65999984741211,34.91999816894531,29.60157966613769,48919900,25.822316854817068,-0.0167544861538546,-0.0147811768097627,0.068134136978506,0.0289311443115357,0.0714638941025358,0.145664610744028,-1,-1,1
2023-11-08,0,34.599998474121094,34.79999923706055,33.90999984741211,34.16999816894531,28.965803146362305,59742900,24.51030759313229,-0.0217117946739413,-0.0262832966691285,0.0430558585922763,0.0289293741485143,0.0714551016568603,0.1456445659258089,-1,-1,1
2023-11-09,1,34.5,35.150001525878906,34.36000061035156,34.880001068115234,29.567672729492188,56231100,25.816534157998984,0.020565694664757,0.0040219526114469,0.04006981695171,0.0289272293278733,0.0714447030002682,0.1456243244194901,1,0,1
2023-11-10,0,34.65999984741211,35.060001373291016,34.5099983215332,34.720001220703125,29.432037353515625,40004800,25.278975413820817,-0.0045978400480773,-0.0114549474704496,-0.0066026699672279,0.0289231444666313,0.0714346630428076,0.145603217649346,-1,-1,0
2023-11-13,0,34.68000030517578,35.75,34.66999816894531,35.689998626708984,30.25430488586425,44120000,25.19481165584169,0.0275546976801814,0.0042117399469931,0.0135404089546248,0.0289226691128463,0.071424275165921,0.1455819605781681,1,0,0
2023-11-14,0,35.689998626708984,36.2400016784668,35.4900016784668,36.18000030517578,30.669675827026367,50888600,26.442052689325852,0.0136359237331381,0.0186921952022032,0.0297356739428698,0.0289193568619575,0.0714144556187738,0.1455611754706411,1,1,1
2023-11-16,0,35.97999954223633,36.4900016784668,35.5,35.54999923706055,30.135631561279297,72361200,28.608988541647623,-0.0175661639131032,0.0178805174429545,-0.0203263256831951,0.0289167629365571,0.0714045859234288,0.1455406720994538,-1,1,-1
2023-11-17,0,35.83000183105469,36.91999816894531,35.81999969482422,36.709999084472656,31.118955612182617,87666300,31.285020790694222,0.0321088942789594,0.0717012063958553,0.0008175427346709,0.028917637574439,0.0714041205269663,0.1455194487430296,1,1,0
2023-11-20,0,36.77000045776367,37.220001220703125,36.27000045776367,36.7400016784668,31.144392013549805,67796900,33.62399816717224,0.000817058630871,0.0519525703619692,-0.024997714620396,0.0289134402086474,0.0713988333449209,0.1454992450790913,0,1,-1
2023-11-21,0,36.540000915527344,36.540000915527344,35.90999984741211,36.36000061035156,30.822263717651367,49597800,34.65143288498443,-0.0103969205316185,0.0461534898784281,-0.0577082164114813,0.0289098207473171,0.0713924337361499,0.1454822503015366,-1,1,-1
2023-11-22,0,34.900001525878906,35.15999984741211,34.25,35.15999984741211,30.97311782836914,58578300,35.37816062142677,0.0048823846252319,0.0234811768234785,-0.0481420247060806,0.0289057299910016,0.0713830023842033,0.1454641033982955,1,1,-1
2023-11-23,0,35.130001068115234,35.25,34.810001373291016,35.16999816894531,30.9819278717041,24068100,33.42401212072384,0.000284401158769,0.0101296542491096,-0.0349947648447785,0.028901536813332,0.0713727680664098,0.1454446723353022,0,1,-1
2023-11-24,0,34.97999954223633,35.81999969482422,34.709999084472656,35.27000045776367,31.07002258300781,53456200,33.42056462651554,0.002839387637101,0.0305352057993139,0.0361772572510814,0.0288973771424949,0.0713640634282349,0.1454242837554451,0,1,1
2023-11-27,0,35.0,35.400001525878906,34.75,35.06999969482422,30.893835067749023,36996000,33.3521583711815,-0.0056867986196793,-0.0072604870993246,0.0156086106454536,0.0288933689883614,0.0713538753248328,0.1454031391912086,-1,-1,1
2023-11-28,0,35.16999816894531,35.619998931884766,35.150001525878906,35.599998474121094,31.3607234954834,36875900,32.99823582413143,0.0149996142349985,0.0069220685048026,0.0253268982259988,0.0288902612211407,0.0713435683618536,0.1453822592472876,1,0,1
2023-11-29,0,35.900001525878906,36.02999877929688,34.939998626708984,35.22999954223633,31.0347843170166,37528600,32.2123799495246,-0.0104476156906016,0.0068713733458196,0.0251901008266738,0.0288866574946905,0.0713332648478016,0.1453613833859053,-1,0,1
2023-11-30,0,35.459999084472656,35.91999816894531,35.2400016784668,35.90999984741211,31.633808135986328,58808800,31.57681328187312,0.0191177762303899,0.0211067649509775,0.0516175225876133,0.0288842434830895,0.0713236615489119,0.1453421605374692,1,1,1
2023-12-01,0,35.720001220703125,36.0,35.529998779296875,35.66999816894531,31.4223861694336,36388100,28.432391038192765,-0.0067058521738453,0.0141165116183633,0.0551213452283435,0.0288803089356538,0.0713136177066778,0.1453232681567594,-1,1,1
2023-12-04,0,35.439998626708984,35.54999923706055,34.849998474121094,34.90999984741211,30.75288963317871,35601900,26.415129213434263,-0.0215366125806761,-0.010259488599414,0.0433242872634856,0.0288785240496115,0.0713035830749633,0.1453033941962609,-1,-1,1
2023-12-05,0,34.91999816894531,35.16999816894531,34.68000030517578,34.75,30.61194229125977,43234200,26.00789236883956,-0.0045937578695071,-0.0091664478492418,0.0278514693601593,0.0288744656469453,0.0712935007467228,0.1452826547092577,-1,-1,1
2023-12-06,0,34.54999923706055,34.79999923706055,33.5,33.5,29.51078987121582,64179200,26.16589162596157,-0.0366342489598405,-0.0608003110440808,-0.0206707898624198,0.0288771291996615,0.0712911767386706,0.1452622960499978,-1,-1,-1
2023-12-07,0,33.650001525878906,34.18000030517578,33.040000915527344,33.41999816894531,29.440317153930664,64723900,28.4672678500098,-0.0023908881244801,-0.0527435834779592,-0.0222171464648278,0.0288729888412192,0.0712869272722567,0.1452420353051679,0,-1,-1
2023-12-08,0,33.709999084472656,34.540000915527344,33.47999954223633,34.4900016784668,30.382905960083008,53290700,28.38440711796033,0.0315150796210709,-0.0403462800872782,0.0260524193100979,0.0288736889715993,0.0712802352230389,0.145221253015799,1,-1,1
2023-12-11,0,34.459999084472656,34.689998626708984,34.2400016784668,34.36000061035156,30.26838493347168,30613300,27.95514590744001,-0.0037763800579751,-0.037416807971408,0.0439878339260639,0.0288695989323133,0.0712730588618987,0.1452014715142927,-1,-1,1
2023-12-12,0,34.54999923706055,34.599998474121094,33.79999923706055,34.08000183105469,30.021728515625,30371500,27.469696805779712,-0.0081823629080581,-0.0240625582987901,0.0152397763532487,0.0288657883631703,0.0712641135763541,0.1451804202647734,-1,-1,1
2023-12-13,0,34.209999084472656,34.619998931884766,34.13999938964844,34.56999969482422,30.4533805847168,38992900,27.514885577664412,0.0142756054887538,-0.005193194940529,0.03411322189008,0.0288625930828491,0.0712539049517753,0.1451600302837501,1,0,1
2023-12-14,0,35.0,35.7400016784668,34.84000015258789,35.31999969482422,31.11406517028809,57950000,27.401214838130137,0.0214629643893943,0.0529040184087059,0.0280214885992928,0.0288606608114009,0.0712488769787512,0.1451393605926287,1,1,1
2023-12-15,0,35.279998779296875,35.790000915527344,35.0,35.400001525878906,31.184541702270508,56570100,28.63286810935317,0.0022625405473745,0.0575574470805604,0.0166481054135295,0.0288565122700836,0.0712448551873396,0.1451183604844634,0,1,1
2023-12-18,0,35.75,36.29999923706055,35.58000183105469,35.84000015258789,31.572145462036133,44474300,29.24657537954285,0.0123527453720863,0.0383951128315759,0.046567014698719,0.0288530701201649,0.0712372525775026,0.1450988167758503,1,1,1
2023-12-19,0,35.959999084472656,36.25,35.810001373291016,36.25,31.933324813842773,32183000,28.659685627132472,0.0113748703718155,0.0535463632613664,0.0258329907915753,0.0288495163333146,0.0712323576574691,0.1450780880273996,1,1,1
2023-12-20,0,36.369998931884766,36.7400016784668,36.290000915527344,36.380001068115234,32.04784393310547,38947900,27.378285074401692,0.0035797796070523,0.0653085057764769,0.0285957117677565,0.0288454069480663,0.071230203167157,0.1450574773868671,1,1,1
2023-12-21,0,36.66999816894531,36.68000030517578,36.06999969482422,36.38999938964844,32.05664825439453,30511900,25.53811651195496,0.000274686563889,0.0513075868516121,0.0392673188632641,0.0288412466703857,0.0712248477877058,0.1450374406335035,0,1,1
2023-12-22,0,36.5,36.79999923706055,36.369998931884766,36.7400016784668,32.36497497558594,31234700,24.33125789505404,0.009572223113757,0.039416845575975,0.0439571573517891,0.0288375147470831,0.071217401921469,0.1450177324161106,1,1,1
2023-12-26,0,36.86000061035156,37.369998931884766,36.83000183105469,37.33000183105469,32.88471603393555,23466800,24.023864123592368,0.0159311727881994,0.0530854778167998,0.0596039289812195,0.0288345732851583,0.0712124090087679,0.1449994183169538,1,1,1
2023-12-27,0,37.31999969482422,37.43000030517578,37.130001068115234,37.36000061035156,32.9111442565918,19588500,23.493818779129548,0.0008033400265869,0.0415360724713003,0.0575678813707054,0.0288304192156733,0.0712052960898941,0.1449809029697707,0,1,1
2023-12-28,0,37.22999954223633,37.36000061035156,37.040000915527344,37.2400016784668,32.8054313659668,21421900,22.532026340351603,-0.0032172395109283,0.0269439625885565,0.0600374404794563,0.0288263291344325,0.0711962806583785,0.1449626477632985,-1,1,1
